pot number,X901,X905,X909,X913,X917,X922,X926,X930,X934,X938,X941,X945,X949,X953,X957,X962,X966,X970,X973,X977,X981,X985,X989,X993,X996,X1000,X1005,X1009,X1013,X1017,X1020,X1024,X1028,X1032,X1036,X1039,X1043,X1048,X1052,X1056,X1059,X1063,X1067,X1071,X1074,X1078,X1082,X1085,X1090,X1094,X1098,X1101,X1105,X1109,X1112,X1116,X1120,X1123,X1128,X1132,X1136,X1139,X1143,X1147,X1150,X1154,X1157,X1161,X1165,X1170,X1173,X1177,X1180,X1184,X1188,X1191,X1195,X1198,X1202,X1205,X1210,X1214,X1217,X1221,X1224,X1228,X1232,X1235,X1239,X1242,X1247,X1250,X1254,X1257,X1261,X1264,X1268,X1271,X1275,X1278,X1282,X1286,X1290,X1293,X1297,X1300,X1304,X1307,X1311,X1314,X1317,X1321,X1325,X1329,X1332,X1336,X1339,X1343,X1346,X1349,X1353,X1356,X1359,X1364,X1367,X1371,X1374,X1377,X1381,X1384,X1388,X1391,X1394,X1399,X1402,X1405,X1409,X1412,X1415,X1419,X1422,X1425,X1428,X1432,X1436,X1439,X1443,X1446,X1449,X1452,X1456,X1459,X1462,X1465,X1469,X1473,X1476,X1479,X1483,X1486,X1489,X1492,X1496,X1499,X1502,X1505,X1509,X1513,X1516,X1519,X1522,X1525,X1528,X1532,X1535,X1538,X1542,X1545,X1548,X1552,X1555,X1558,X1561,X1564,X1567,X1570,X1573,X1577,X1581,X1584,X1587,X1590,X1593,X1596,X1599,X1602,X1605,X1608,X1612,X1615,X1618,X1621,X1624,X1627,X1630,X1633,X1636,X1639,X1643,X1646,X1649,X1652,X1655,X1658,X1661,X1664,X1667,X1670,X1673,X1677,X1680,X1683,X1686,X1689,X1692,X1695,X1698,X1702
1,0.585468932,0.588581368,0.585255981,0.586831,0.584547791,0.575164351,0.574076399,0.570778208,0.570695702,0.574013843,0.577548652,0.578928555,0.579231577,0.579893986,0.577709388,0.578200845,0.578118083,0.577144348,0.578996069,0.57840495,0.5792052,0.580328618,0.581051175,0.581917651,0.583650835,0.583300814,0.583752027,0.586589303,0.586980287,0.589403835,0.589902499,0.591580877,0.592129272,0.592751744,0.593709744,0.594576885,0.595208695,0.596396882,0.598311456,0.596664901,0.597410498,0.596860286,0.598359747,0.598649057,0.597187242,0.598979626,0.597715163,0.597678254,0.596364381,0.5969766,0.596030463,0.596436874,0.594821935,0.595631785,0.594242337,0.594079991,0.592130626,0.591468253,0.588780535,0.585550357,0.581650602,0.578157411,0.573912287,0.56902526,0.564427932,0.561182248,0.560642684,0.558830825,0.557996347,0.557939213,0.557430156,0.557690688,0.55752341,0.557278173,0.557949343,0.557912609,0.55812894,0.559409007,0.560076314,0.561288809,0.561454242,0.563042032,0.563854884,0.565199947,0.566886441,0.566764177,0.567579694,0.569342277,0.569137588,0.569434215,0.570623118,0.570944598,0.570940573,0.571863882,0.571592479,0.572725002,0.572545201,0.572197882,0.571940137,0.57138971,0.570033219,0.569196023,0.568099467,0.566434397,0.565770158,0.56335453,0.56081088,0.559175392,0.557020835,0.553902251,0.55038294,0.546594749,0.54124347,0.537230308,0.532559833,0.528283417,0.523034818,0.518842219,0.515794142,0.511539532,0.507187688,0.503897925,0.500196987,0.494349721,0.48920142,0.480880418,0.471677746,0.458380266,0.441519397,0.422699282,0.400750881,0.37595232,0.34997371,0.318448953,0.298069496,0.279827918,0.265014184,0.252393432,0.244618352,0.238419315,0.234414143,0.230420155,0.228393402,0.22680831,0.225508701,0.225769033,0.225784033,0.22593353,0.227630378,0.229483781,0.230767071,0.231686689,0.234900214,0.237378341,0.241555777,0.248088817,0.254096573,0.259637749,0.265041102,0.271902638,0.277828551,0.284422679,0.290364284,0.295508288,0.301595922,0.307274116,0.315687343,0.321459649,0.326200155,0.333489249,0.339202316,0.344352258,0.349970157,0.355943294,0.36032633,0.36599181,0.371995206,0.376753378,0.381851109,0.385617702,0.390065602,0.393919451,0.397750845,0.401334274,0.40452603,0.409391546,0.411614988,0.416527939,0.419695137,0.422544569,0.424408949,0.427650993,0.429555231,0.431933595,0.433784981,0.435084693,0.436347078,0.435662465,0.43748157,0.439016567,0.441972109,0.440984576,0.440890695,0.443346499,0.444058351,0.445682824,0.445111775,0.447308045,0.446815777,0.447745288,0.449242758,0.451468751,0.453511794,0.456323601,0.456118595,0.459770916,0.466632245,0.472054271,0.493502629,0.513089323,0.536679904,0.54847206,0.572833515,0.583946332,0.585638678,0.588452112,0.579729522,0.564959354
266,0.550225229,0.544429842,0.545887661,0.544383415,0.542719111,0.537895225,0.534737645,0.534414022,0.534484709,0.53619021,0.538647335,0.541332891,0.540290018,0.541025042,0.541520939,0.540188767,0.541184745,0.540355193,0.540569717,0.541502017,0.541918372,0.543424903,0.543132983,0.54403149,0.545896834,0.546651909,0.548130567,0.54895419,0.548892686,0.551448256,0.551663206,0.552634639,0.554635207,0.553274844,0.555602748,0.555119243,0.556422837,0.556404544,0.555893507,0.557062689,0.557140531,0.556904007,0.556982166,0.557475501,0.557371695,0.557538137,0.556192647,0.55575517,0.556256997,0.554121544,0.553973465,0.554016226,0.553101227,0.554425661,0.552141141,0.551473765,0.55117706,0.549430163,0.546196146,0.544059715,0.541894824,0.53860727,0.53496667,0.530485151,0.526885766,0.523980508,0.524025889,0.522804253,0.522055967,0.520907397,0.522165723,0.521855359,0.521126845,0.521410798,0.521731737,0.521793612,0.521662561,0.522590659,0.522887513,0.523549271,0.52417464,0.525177541,0.525643263,0.52714703,0.527591982,0.52898713,0.528808791,0.529586484,0.529757645,0.529494351,0.530793931,0.530775787,0.530992034,0.531494514,0.532057711,0.531886642,0.531554635,0.531125944,0.530736327,0.53040901,0.530247683,0.528649071,0.528572606,0.526932864,0.525243014,0.523966976,0.521791081,0.520524825,0.517669546,0.515314034,0.513550167,0.509478939,0.505122245,0.50136229,0.499167579,0.494983351,0.491438007,0.487412853,0.484711842,0.480219869,0.478254511,0.474707504,0.471270458,0.466598533,0.462623398,0.455221545,0.446395698,0.435349166,0.420420706,0.403324977,0.383155749,0.361782743,0.337958376,0.308016209,0.288545198,0.272732657,0.258707271,0.248522967,0.240216124,0.234243581,0.230462924,0.227371405,0.225474205,0.223615022,0.223372031,0.224076558,0.224192573,0.224315457,0.225557216,0.227122428,0.228575089,0.229776043,0.233058538,0.23644337,0.239792544,0.246472932,0.251541761,0.257972379,0.263163719,0.269824461,0.275797005,0.281536073,0.287423613,0.292976515,0.298587328,0.304754669,0.313150392,0.317446854,0.323006466,0.329558142,0.334140421,0.339335764,0.344498287,0.350404438,0.354049269,0.360273627,0.367284127,0.371118116,0.374181516,0.378982603,0.383040929,0.3869067,0.390898702,0.393422855,0.397408663,0.401905604,0.40330646,0.408993244,0.410213661,0.413474133,0.415678,0.416943582,0.420074991,0.421001642,0.422700161,0.422813432,0.424947572,0.423487051,0.425317153,0.42586224,0.426724225,0.427942646,0.427162676,0.42843348,0.429638118,0.43192395,0.429761877,0.430748982,0.432912658,0.431429868,0.434960817,0.4368998,0.44012721,0.440426486,0.43902414,0.444462906,0.449565385,0.460663152,0.473418642,0.496984639,0.518995337,0.533167719,0.55165219,0.561644213,0.57503734,0.569756617,0.565920698,0.561917111
134,0.596519291,0.59832604,0.599969904,0.599914654,0.600203158,0.597656059,0.595877261,0.597016765,0.597796187,0.595479693,0.595437291,0.59484699,0.592394106,0.590414609,0.589811191,0.588400913,0.587783668,0.588532603,0.587063221,0.588016628,0.588414794,0.589872402,0.590541457,0.591262965,0.593377474,0.592886301,0.595403514,0.597118718,0.597338738,0.599345358,0.599286,0.60109697,0.60206842,0.603054648,0.60387283,0.604814587,0.605513593,0.605386693,0.605543265,0.605986489,0.606232656,0.605903519,0.606035817,0.606814591,0.606878306,0.606495346,0.606101785,0.604796333,0.604424749,0.60368387,0.604772593,0.602967774,0.601814162,0.601340702,0.600130862,0.599400113,0.59841507,0.598325807,0.594613851,0.590544214,0.588785067,0.583461617,0.578192194,0.573622378,0.569111539,0.566120761,0.564457688,0.562761609,0.562039525,0.562516316,0.562922758,0.562047488,0.562860332,0.563112536,0.562450372,0.562681867,0.563434668,0.564243894,0.565042722,0.565805341,0.566094246,0.568431229,0.568266381,0.569493578,0.57057207,0.571346371,0.572026096,0.573253363,0.573744193,0.573438842,0.573628651,0.574146663,0.575039362,0.575552873,0.574799989,0.575823344,0.576186866,0.575534072,0.574897115,0.574692547,0.572774206,0.571985322,0.570411134,0.569372257,0.567486185,0.565261788,0.56356841,0.560229971,0.558071783,0.554256618,0.551112014,0.547088653,0.540684914,0.535863128,0.53172188,0.527003143,0.522383863,0.517110526,0.513151012,0.508901844,0.504832738,0.50139741,0.496712157,0.491031774,0.484210446,0.47648982,0.465385385,0.449814547,0.43259467,0.410971645,0.386199453,0.358712538,0.331485053,0.297220354,0.274668797,0.255821577,0.24037242,0.227659303,0.219695623,0.212275946,0.208694464,0.205634136,0.203116986,0.202247619,0.201138202,0.20136173,0.202131034,0.202959076,0.204397181,0.205654147,0.206463465,0.209464602,0.211914499,0.215246116,0.220171594,0.227872565,0.233422311,0.239286917,0.246701306,0.252110812,0.259750291,0.265266585,0.272327506,0.278357593,0.285627959,0.291283666,0.30085298,0.306913593,0.312807784,0.318600742,0.326060918,0.331672544,0.337929356,0.344246342,0.349695163,0.356140138,0.363139595,0.367374976,0.372890056,0.378276258,0.381833751,0.386680668,0.391493896,0.39495048,0.399237431,0.402221337,0.405951718,0.41176897,0.416087587,0.41794357,0.420525234,0.422646895,0.424898706,0.428130533,0.427878114,0.430552079,0.431232922,0.432463043,0.433303893,0.435404589,0.436322153,0.438516024,0.437699902,0.438654033,0.439532247,0.440385686,0.441553617,0.441019125,0.441274697,0.442446837,0.44388068,0.441603229,0.443597359,0.440718993,0.442559463,0.442960357,0.441195887,0.444603711,0.442932077,0.443555114,0.444299273,0.451736291,0.454157005,0.453238632,0.45654623,0.452112733,0.449420534,0.448699094
68,0.925471969,0.927823734,0.925616797,0.924549534,0.925893974,0.920868551,0.917566289,0.917319961,0.916486886,0.916795905,0.917561771,0.915017202,0.911981241,0.909032523,0.905901979,0.902092125,0.899372948,0.89862816,0.899857806,0.899474061,0.899845699,0.901593406,0.902822712,0.903428472,0.906318036,0.908441594,0.910488097,0.911330775,0.91401386,0.915769173,0.918318076,0.920672395,0.923177895,0.923173795,0.925358923,0.927227668,0.928374572,0.931231909,0.931845184,0.931465602,0.933001542,0.93334054,0.934741836,0.937317689,0.937343195,0.936157706,0.936650338,0.936598117,0.936318875,0.935033547,0.934843316,0.935420126,0.934421706,0.933911698,0.932411356,0.930750732,0.928558168,0.928011676,0.921131871,0.917259358,0.909881601,0.901689274,0.892917496,0.883060884,0.875359667,0.86756299,0.865117298,0.861704988,0.860918272,0.860408954,0.859773901,0.86015819,0.858619008,0.858066462,0.858407512,0.858469149,0.857959146,0.860054183,0.860975724,0.862166052,0.864068258,0.866034319,0.868061491,0.870347255,0.872406958,0.873529474,0.875437645,0.876643622,0.877688608,0.87872419,0.880710944,0.881582192,0.882995294,0.88280249,0.88472222,0.884726279,0.88445677,0.884774446,0.884743134,0.883117761,0.882326717,0.87942928,0.878880644,0.875968117,0.873274632,0.870661503,0.865925361,0.862208787,0.856519529,0.851451831,0.844490979,0.837152304,0.8272729,0.819390685,0.810341689,0.801768781,0.792971692,0.785005598,0.776523235,0.76902983,0.762297467,0.75479803,0.747129947,0.736202636,0.725660576,0.711738646,0.694019387,0.671405719,0.643323872,0.609910275,0.571685827,0.530311201,0.489118173,0.436753041,0.404363024,0.375391042,0.352762409,0.334546268,0.321253022,0.311132243,0.303349953,0.298480038,0.294136371,0.292196663,0.290583669,0.290781778,0.290731627,0.291500733,0.293012042,0.293880363,0.296902093,0.298320716,0.302503824,0.307186511,0.312177548,0.322061877,0.329744519,0.337556613,0.345582898,0.355818232,0.364828947,0.3745534,0.381982406,0.392265558,0.401639488,0.410191557,0.422175654,0.430525244,0.439603361,0.44787165,0.457548969,0.465438483,0.473552626,0.482843054,0.491101632,0.497680563,0.508645027,0.515816524,0.523176585,0.528514693,0.535881567,0.542298239,0.548524412,0.551980784,0.558686017,0.564892905,0.569107174,0.57612672,0.580639377,0.585774309,0.588719359,0.593341056,0.597479412,0.600827141,0.605028301,0.605640347,0.610301065,0.610616709,0.614014679,0.614222413,0.618095825,0.620252333,0.619128744,0.624495397,0.624326144,0.626324879,0.62659552,0.628994864,0.628685076,0.629560357,0.631614863,0.632848766,0.636682481,0.637575357,0.635912703,0.636938613,0.641907993,0.642890829,0.651139107,0.657674948,0.661562021,0.662985244,0.672949561,0.676571066,0.674605494,0.673854806,0.659491923,0.663532991
200,0.563336749,0.567394498,0.567422896,0.56825001,0.568350417,0.566859912,0.569007763,0.565670348,0.565278053,0.567356564,0.566289089,0.565981834,0.565220176,0.564506321,0.564554829,0.561955371,0.562085497,0.562255242,0.561994232,0.563029459,0.563805354,0.565457965,0.565802983,0.565716304,0.56731617,0.567314714,0.570511895,0.570996237,0.572180489,0.57347087,0.573808352,0.576603812,0.575852027,0.576489388,0.57607706,0.576920588,0.577894578,0.578899085,0.578584717,0.577062553,0.577891657,0.577606641,0.578608067,0.577360001,0.577231835,0.578009957,0.576908864,0.576723719,0.575843696,0.573868819,0.575240643,0.573601222,0.572237552,0.571021449,0.571823452,0.568240574,0.569548639,0.567077487,0.56370025,0.560501135,0.555920093,0.552023577,0.545826617,0.541318054,0.536437532,0.532947244,0.530339055,0.528299914,0.528027122,0.527407494,0.527232552,0.527043414,0.526319288,0.526517384,0.525630354,0.525935459,0.52724758,0.527217282,0.527844858,0.529351576,0.530599689,0.53197782,0.531684658,0.533014285,0.534217576,0.534661509,0.535709974,0.535702258,0.536374214,0.537198167,0.537578869,0.538389003,0.53857471,0.539462842,0.538637373,0.538906941,0.538901948,0.539135178,0.539023297,0.538268818,0.536609529,0.535287036,0.534471862,0.533750707,0.52999386,0.529065946,0.527165724,0.524158348,0.521209391,0.518280428,0.513948093,0.510729786,0.504556136,0.499393125,0.494752403,0.489347158,0.485260998,0.480548653,0.476266521,0.472157031,0.468264108,0.464820156,0.460904855,0.453939064,0.448677096,0.43982098,0.429122089,0.415047344,0.39818451,0.378258926,0.354075914,0.327914765,0.303189627,0.27150468,0.252135677,0.233617173,0.220565165,0.209473546,0.201474205,0.196392888,0.190800903,0.188130701,0.186142504,0.183682924,0.182142486,0.182223676,0.181261693,0.182320357,0.182664185,0.183372783,0.184837166,0.185906799,0.188033764,0.190717642,0.194376588,0.200114133,0.204800021,0.209683687,0.215464352,0.221497705,0.22676238,0.23338202,0.238572401,0.243241736,0.249370531,0.256113555,0.262121894,0.267611402,0.274218952,0.280863832,0.285192849,0.290488374,0.29771175,0.302638543,0.308287439,0.31449293,0.319952197,0.32668627,0.330548963,0.335143232,0.340447745,0.345747542,0.349240442,0.352631262,0.357748905,0.361126606,0.365787742,0.369921098,0.373878129,0.376357212,0.379674305,0.38301594,0.384039421,0.387093524,0.388051401,0.389304061,0.391457834,0.39383071,0.394956728,0.395214842,0.396789864,0.397216191,0.399114548,0.397726025,0.400544355,0.4002107,0.402131033,0.402697685,0.404875707,0.406169163,0.405048144,0.404096826,0.406003203,0.405918172,0.405339639,0.40633723,0.406170616,0.407412737,0.406621684,0.409807255,0.406983416,0.413817834,0.407684358,0.420452729,0.414317736,0.411850828,0.410689856,0.414510594
35,0.631172709,0.634325474,0.630938223,0.629312077,0.628915277,0.62091281,0.618484579,0.617940644,0.617010818,0.620640015,0.62299968,0.623395482,0.623563913,0.623646335,0.622092154,0.621478702,0.620205795,0.622093194,0.621709151,0.622480248,0.623624656,0.625152161,0.625141527,0.626187631,0.62850445,0.629282229,0.631429041,0.632934818,0.633783283,0.635991187,0.637242394,0.638682006,0.639316868,0.640094229,0.641233221,0.643222043,0.643612376,0.645257487,0.645177694,0.646891806,0.645900194,0.646660901,0.647475736,0.647865437,0.647214944,0.647876762,0.646724238,0.646524616,0.646083282,0.64579366,0.643724899,0.64411681,0.641931057,0.643018594,0.641506667,0.63921353,0.639169469,0.638446516,0.634317651,0.632894385,0.626641299,0.621739969,0.616672648,0.61127177,0.607620021,0.60275256,0.603022238,0.6011189,0.599905784,0.600618253,0.599914206,0.60072156,0.601464779,0.600906198,0.601723605,0.601726085,0.601419605,0.6038266,0.603342011,0.604638907,0.606647314,0.607357267,0.609278757,0.610337412,0.611788338,0.612230651,0.613576399,0.613307183,0.614637181,0.614588829,0.615494967,0.616311804,0.6162686,0.61707068,0.617071022,0.6184431,0.617449424,0.617448397,0.616632349,0.616090188,0.615468111,0.613665825,0.612706818,0.611054273,0.60921873,0.606467363,0.604257527,0.601771472,0.59868999,0.595497021,0.59122739,0.587295725,0.580958971,0.575566424,0.569745693,0.565067757,0.559657757,0.554367592,0.549831984,0.54459768,0.541198606,0.536278938,0.532276832,0.525310261,0.518107149,0.509192691,0.496748287,0.481528108,0.462161661,0.438596797,0.412384339,0.383487795,0.354570149,0.317186827,0.292011122,0.271745992,0.256158801,0.243812535,0.233151271,0.226969723,0.221841495,0.220100176,0.216964002,0.215817342,0.214660347,0.215107119,0.215270497,0.217041867,0.217515705,0.219471573,0.221806095,0.222638955,0.226816806,0.229441876,0.234375991,0.24203796,0.249083078,0.2548947,0.261357605,0.269196659,0.276737571,0.283128881,0.290979819,0.297408575,0.303846507,0.312431109,0.321027664,0.328583059,0.334869317,0.342004275,0.349168242,0.355530339,0.361343801,0.369163514,0.374452383,0.381080562,0.389658458,0.39475954,0.400751417,0.404350083,0.409548911,0.414747772,0.419445298,0.424140936,0.427801409,0.43230429,0.43614248,0.4422248,0.445637397,0.448334454,0.45187165,0.454482936,0.455379325,0.459364454,0.46174618,0.463164959,0.464913993,0.465790709,0.465922458,0.467964022,0.468902031,0.470733453,0.472149863,0.473633578,0.474751571,0.475340247,0.476430581,0.476896202,0.476408847,0.478107719,0.47881923,0.482526379,0.485129557,0.486959436,0.488180947,0.492080678,0.499631201,0.508761004,0.521614919,0.544828371,0.568216229,0.58151507,0.598539461,0.6132876,0.618936295,0.620523246,0.617232536,0.600468805
167,0.556644678,0.553297256,0.554760309,0.555650077,0.553767847,0.54937552,0.545542767,0.545804016,0.546317067,0.549925329,0.551312802,0.554252012,0.554928689,0.553055976,0.554360331,0.552789917,0.551259943,0.552971432,0.554268956,0.553695294,0.554824672,0.555456185,0.555836775,0.557945807,0.559828693,0.560641214,0.561983879,0.564152356,0.564496015,0.56540676,0.568067106,0.568586222,0.570645242,0.57100558,0.573021489,0.574339077,0.574195972,0.575820137,0.576055756,0.577257479,0.577203663,0.577608821,0.578473726,0.578800585,0.578110522,0.577246491,0.578063248,0.577706613,0.577288213,0.575804176,0.574559159,0.574780566,0.5728556,0.573094328,0.571913758,0.571001522,0.570106739,0.568231472,0.564714124,0.560797683,0.557246021,0.552572722,0.54687415,0.541576341,0.536030817,0.532952929,0.532342624,0.530991731,0.529138671,0.529459959,0.528582037,0.529496111,0.529859791,0.529768876,0.530058522,0.530716037,0.531134248,0.532576068,0.532637238,0.533543256,0.535418744,0.536849971,0.537804042,0.539167401,0.540829703,0.54117999,0.542874071,0.543155857,0.543683247,0.543914973,0.545002794,0.546028383,0.546190651,0.546520628,0.547366462,0.546423107,0.546741865,0.546946814,0.546069213,0.544974014,0.544619321,0.543280679,0.542131863,0.541056677,0.539094211,0.536820863,0.534166731,0.532168968,0.528147295,0.526207867,0.521856425,0.5182842,0.512005056,0.507986874,0.503116806,0.498140837,0.493817405,0.488840383,0.484487126,0.480460743,0.475979478,0.471853882,0.468086601,0.462653897,0.455892882,0.448304643,0.437852413,0.424675255,0.40779921,0.38830062,0.364835889,0.33939735,0.315913882,0.284048253,0.263753736,0.247436307,0.233996834,0.222983568,0.21473531,0.208878084,0.204708751,0.202383093,0.199908961,0.198855808,0.198211865,0.198940423,0.199108305,0.199385786,0.200861133,0.202839205,0.202943468,0.204534649,0.2072198,0.210614797,0.214918806,0.221191023,0.225799534,0.230686356,0.23720857,0.242231421,0.247768537,0.255027601,0.260224332,0.265781809,0.271851868,0.277702107,0.285768819,0.29035549,0.295052102,0.3022763,0.306959132,0.31221321,0.318580987,0.323786686,0.32832889,0.333534805,0.33979698,0.345020296,0.348967589,0.353153273,0.357661538,0.361179124,0.365614916,0.369305352,0.372934648,0.375651734,0.378524703,0.383601453,0.387905565,0.388525666,0.391620064,0.393716478,0.396444838,0.39785283,0.398740239,0.400934086,0.403201774,0.40422375,0.404565707,0.406934295,0.406306879,0.40738743,0.408514624,0.410394825,0.411780244,0.412666876,0.412703823,0.412173367,0.412766046,0.415392649,0.413775645,0.417962444,0.420941376,0.42201048,0.423917889,0.42783099,0.434995007,0.444682935,0.46232186,0.480409634,0.504062086,0.52333064,0.538359649,0.558489682,0.555068511,0.562441814,0.549043246,0.542666201
233,0.576158223,0.573499709,0.576523446,0.576851272,0.574371287,0.575987916,0.573726621,0.574363015,0.56998692,0.570443868,0.57151839,0.570968823,0.567416296,0.565440535,0.563517953,0.562771625,0.561861824,0.560982437,0.561305638,0.561510004,0.562035933,0.563306718,0.563650232,0.565642318,0.565793859,0.566441652,0.568889085,0.569300002,0.570864633,0.572682533,0.573783049,0.574171981,0.575207946,0.577343658,0.57730792,0.57790995,0.578388852,0.579013467,0.579757746,0.580644173,0.579532078,0.579687781,0.58097179,0.580848797,0.581425807,0.579922176,0.580086828,0.581052652,0.579447167,0.579389425,0.580160672,0.579139476,0.578358374,0.576808852,0.577471159,0.575582136,0.574100905,0.573911797,0.570123712,0.566119803,0.561850418,0.555333412,0.549604742,0.543182744,0.538896075,0.534154729,0.532400079,0.531561189,0.530789716,0.530520156,0.530380928,0.530378072,0.530260583,0.530659756,0.530110823,0.530610618,0.531587019,0.531834424,0.532310891,0.533599734,0.535496361,0.537462182,0.537118182,0.538599958,0.539342713,0.539443355,0.540715577,0.541498003,0.542909703,0.542539264,0.543809817,0.544384922,0.544098289,0.544806319,0.544665262,0.545413393,0.545765919,0.545050733,0.544643057,0.54356432,0.542097007,0.541204711,0.539634489,0.538228935,0.53556714,0.533789135,0.531559917,0.528707703,0.524729153,0.520501868,0.516092303,0.512178866,0.505218298,0.499476535,0.494285566,0.488436721,0.482988554,0.477262781,0.472556886,0.467718968,0.462640101,0.45912761,0.454294623,0.447162701,0.43948607,0.430739867,0.418013885,0.401974962,0.382887642,0.360704543,0.33500837,0.307218685,0.280279346,0.246875369,0.226245288,0.208599513,0.194828123,0.184210444,0.176325534,0.171472176,0.168060299,0.164662434,0.163147727,0.16233849,0.161827019,0.161757269,0.162254717,0.16323599,0.164181159,0.164814215,0.167586372,0.168444531,0.170326088,0.17411213,0.178095157,0.182977746,0.188488254,0.193766261,0.1994983,0.205163204,0.211425183,0.216982942,0.223393597,0.229043468,0.23483076,0.24107155,0.24890355,0.25497163,0.259313755,0.266469982,0.272078181,0.278022245,0.283909245,0.288958211,0.29507503,0.299650914,0.307661498,0.312566829,0.317331538,0.322465672,0.327585023,0.330757356,0.334622352,0.338418956,0.342923359,0.347325431,0.350440306,0.354984675,0.358335723,0.361406468,0.363525839,0.368583986,0.368728138,0.371774461,0.373137605,0.37520113,0.376251406,0.37720061,0.38023739,0.379446974,0.380752431,0.38319552,0.381332816,0.383724431,0.383774002,0.385502785,0.387239845,0.387187375,0.387741985,0.387969925,0.387386074,0.386341558,0.386471579,0.388652502,0.384727241,0.389904362,0.386291979,0.387776788,0.38617562,0.389386617,0.38742681,0.395826425,0.391695544,0.399204827,0.395537902,0.402239484,0.392558929,0.393340233
102,0.554480851,0.551404658,0.557598601,0.555694835,0.556985871,0.552939706,0.55129118,0.55225063,0.550560862,0.552848773,0.552298087,0.551107067,0.550320115,0.54848954,0.548261876,0.547055969,0.546619704,0.54867689,0.54742243,0.546899853,0.548340419,0.549441759,0.54883766,0.550348689,0.550823679,0.55034033,0.552167394,0.552495226,0.552892806,0.554175071,0.55393183,0.555478866,0.55661011,0.557432954,0.557139334,0.55693455,0.559989326,0.559659562,0.560320659,0.560056929,0.560248852,0.560775,0.560678013,0.561977366,0.561450761,0.562600141,0.561710426,0.562487506,0.561384739,0.561381286,0.561976113,0.560215353,0.559540276,0.559677401,0.560112495,0.558568646,0.558721749,0.556345537,0.556230183,0.554873684,0.552303988,0.55013656,0.546368184,0.543889162,0.540364049,0.539003439,0.538978386,0.538413762,0.538151215,0.536982445,0.53825286,0.537805267,0.538667115,0.539764445,0.538950926,0.539381998,0.53906719,0.540447995,0.539871207,0.541915161,0.542964056,0.543255699,0.543737748,0.544624993,0.544903037,0.545008433,0.546204057,0.546525921,0.546780917,0.547524508,0.546455432,0.547882,0.547644091,0.548006656,0.547199841,0.548391448,0.548512424,0.548456019,0.547982442,0.547611565,0.546516256,0.544887303,0.54510445,0.544443501,0.542946537,0.541864958,0.540710311,0.539373874,0.537422321,0.535354358,0.533200208,0.531927062,0.528082286,0.525296031,0.521764126,0.519049099,0.516367974,0.513576032,0.511142053,0.508206743,0.505364199,0.503740347,0.501515502,0.49843092,0.493858433,0.488391849,0.480836194,0.47146907,0.458033349,0.443187395,0.423843644,0.403425738,0.382742969,0.35440375,0.336127223,0.31911521,0.306516881,0.295782263,0.288453579,0.283259278,0.279330157,0.276184975,0.275434276,0.274704528,0.274292308,0.275235327,0.276489934,0.277340794,0.279361567,0.280639905,0.282903953,0.284324737,0.287855163,0.29267059,0.296732717,0.304024562,0.310452647,0.316285292,0.322901136,0.329162716,0.33544666,0.341746234,0.347888848,0.353470143,0.359816234,0.365038009,0.372154193,0.37750362,0.382999382,0.387125669,0.392671918,0.397376498,0.402075016,0.407127943,0.410344668,0.416356925,0.420854135,0.425125769,0.42930633,0.432584485,0.43540935,0.439046198,0.441602235,0.444352985,0.446300833,0.449544277,0.451859912,0.454654883,0.456970928,0.459586144,0.460749197,0.46306636,0.462706472,0.465171515,0.466337851,0.465804937,0.465175948,0.466119344,0.46703796,0.466693903,0.465820697,0.46748214,0.467091508,0.468283007,0.46630667,0.469002051,0.466847189,0.466764745,0.468224105,0.465669714,0.469181446,0.467500927,0.466669404,0.467482673,0.467823115,0.467207989,0.464523182,0.471888161,0.464455169,0.471107375,0.469503723,0.47931335,0.477918762,0.483467194,0.482062181,0.487114835,0.483292186,0.474390399
85,0.869493699,0.873297256,0.868568051,0.867044008,0.869658185,0.86399063,0.857944999,0.857933906,0.858421338,0.860487658,0.863670462,0.863854545,0.863421384,0.860494437,0.857624827,0.85759866,0.854107883,0.855564163,0.856797081,0.85951191,0.859926682,0.860076416,0.863009344,0.864812388,0.868279955,0.868860019,0.874062933,0.875501848,0.877779358,0.882949337,0.883238036,0.886243214,0.887964661,0.890338064,0.892540093,0.894264004,0.894861261,0.897366952,0.897504016,0.899231243,0.899526264,0.899221678,0.901363021,0.900199379,0.900462341,0.900369637,0.898910936,0.900233429,0.897716301,0.8954649,0.894198058,0.893848745,0.891828476,0.890895449,0.889067097,0.886400336,0.883419398,0.881322139,0.874184632,0.86776738,0.860044902,0.849395028,0.838560663,0.827191194,0.818107971,0.811589749,0.807708666,0.804455172,0.803138869,0.802228651,0.802607804,0.801486838,0.801838934,0.800847441,0.802438223,0.801067055,0.801632469,0.804078135,0.80398673,0.806984058,0.808238822,0.810670274,0.813489143,0.815994351,0.817790097,0.819785711,0.822407434,0.824003102,0.824884534,0.826163754,0.829236762,0.828822045,0.831259201,0.831374513,0.832187852,0.833023509,0.832734808,0.832330393,0.831747949,0.830657597,0.829287785,0.827413831,0.824833471,0.822056953,0.818742762,0.816302797,0.810662614,0.806196217,0.800982507,0.794902998,0.78807667,0.779611558,0.768935044,0.759892541,0.750728919,0.741078815,0.732367198,0.722921344,0.714787234,0.705872848,0.698604073,0.690673515,0.68271677,0.671136946,0.659412339,0.644984779,0.6268168,0.603315759,0.574580776,0.541740486,0.503161231,0.463637846,0.423788208,0.375163789,0.343257067,0.318473085,0.298407598,0.281469201,0.268809158,0.260317862,0.255313498,0.250345743,0.248080669,0.245162643,0.244179723,0.243955507,0.244890083,0.245993507,0.247142691,0.24807813,0.250947694,0.2532747,0.256379902,0.261006137,0.265865933,0.275081986,0.281735497,0.289108292,0.298072541,0.306269134,0.314007951,0.323368857,0.331342656,0.340277737,0.348649161,0.357785091,0.369130319,0.377812807,0.386264917,0.39465223,0.403580025,0.411916809,0.42025093,0.428290385,0.435301269,0.444410146,0.455740886,0.46218706,0.468367717,0.476394183,0.482475472,0.489342882,0.496720383,0.501024017,0.506124708,0.512248689,0.517314355,0.525798112,0.530919834,0.534970605,0.539563758,0.543992266,0.545957743,0.550379179,0.555917922,0.557912701,0.560930051,0.562280472,0.567285041,0.56625773,0.571499618,0.573917523,0.575141822,0.580605814,0.580957554,0.583829407,0.584377424,0.586272963,0.588316881,0.590141412,0.589702386,0.594723258,0.600140292,0.601674989,0.601723793,0.605341723,0.614128955,0.624213989,0.643249678,0.664016689,0.684195499,0.697005976,0.717785514,0.724991046,0.726881616,0.721543518,0.724086535,0.721934068
18,0.551119397,0.553219946,0.555783799,0.553131489,0.55119823,0.546730788,0.545238601,0.545091332,0.545088187,0.54615589,0.549856189,0.54761692,0.548683836,0.54785293,0.5469052,0.545663174,0.54523655,0.54641972,0.547046861,0.547325557,0.547878617,0.548746193,0.549244008,0.55067548,0.550905237,0.550549521,0.552036284,0.553259089,0.552715432,0.554771931,0.555609361,0.556267823,0.55692302,0.557553312,0.55904729,0.558074881,0.558709329,0.558963335,0.559657444,0.558976231,0.559193068,0.559121265,0.56088753,0.560107302,0.559868483,0.559562918,0.559403586,0.558381241,0.557834038,0.558217578,0.556020845,0.556862931,0.557230379,0.556639077,0.555639875,0.554580926,0.553682223,0.554377158,0.551639044,0.550452317,0.548188218,0.545220522,0.541934993,0.538497011,0.535524184,0.534188677,0.533279573,0.532909369,0.532719279,0.53273919,0.532608674,0.533420771,0.5322719,0.532452373,0.533770392,0.53379847,0.533747193,0.534597468,0.535024388,0.535394201,0.535457301,0.537609952,0.536519225,0.538309694,0.538792723,0.538940521,0.53944567,0.540142729,0.539873765,0.540222175,0.540955987,0.540394721,0.54103298,0.540590508,0.541429106,0.541277805,0.541416675,0.541147159,0.5403943,0.540214199,0.539834739,0.538592179,0.537853478,0.536058524,0.535181427,0.533407849,0.533133605,0.531061251,0.529244311,0.527238227,0.525372294,0.522313133,0.518722562,0.514853285,0.512434926,0.509251654,0.505356969,0.502855061,0.499766354,0.496698075,0.494864214,0.491932448,0.489455858,0.485715915,0.480643762,0.475369631,0.466803702,0.456977797,0.443162854,0.427042891,0.408162011,0.386524245,0.364098475,0.334533285,0.315155104,0.29844986,0.284671567,0.273312226,0.2648883,0.258881051,0.254422855,0.252086719,0.24989321,0.248272729,0.248274585,0.249036324,0.248959233,0.249908865,0.251900398,0.252378793,0.254622642,0.256385466,0.259448175,0.263598883,0.267322911,0.275256231,0.281600547,0.286726533,0.293554443,0.300622697,0.306858512,0.312272867,0.319006887,0.32560783,0.331132892,0.33786965,0.345625748,0.351133524,0.355792723,0.362186533,0.368476839,0.372533092,0.377254381,0.383557364,0.388100672,0.393669632,0.399587726,0.403413613,0.409867083,0.4122084,0.417233091,0.419321511,0.4242999,0.427446108,0.430677639,0.432961395,0.43621953,0.440833577,0.442517047,0.445834706,0.448735828,0.449220831,0.451324991,0.452638449,0.454221034,0.455381924,0.456286921,0.454724155,0.456829928,0.457544393,0.45881346,0.459337323,0.458602103,0.461298028,0.460037427,0.459170417,0.461586078,0.461234725,0.461197884,0.461685299,0.462115876,0.464551167,0.466232837,0.466803374,0.468058068,0.469944096,0.474331624,0.482357067,0.49421023,0.507597193,0.519254895,0.526363573,0.539520109,0.548488856,0.54886681,0.553037068,0.53525634,0.53655678
52,0.565341724,0.568256668,0.566198889,0.563781901,0.562468804,0.559447089,0.553687646,0.554995486,0.555746281,0.555572309,0.560375423,0.559875405,0.560876606,0.559620456,0.557938334,0.558261542,0.557117679,0.556112846,0.556103885,0.555882647,0.557219863,0.557018786,0.55974206,0.559287614,0.560303751,0.561473714,0.563283435,0.562442094,0.564983182,0.56642925,0.566626002,0.567572094,0.570033142,0.570169905,0.570578104,0.571905298,0.571256867,0.573590064,0.573929036,0.573251447,0.574899648,0.573683578,0.574597289,0.575934362,0.575311312,0.57447421,0.574241506,0.574301644,0.574531402,0.57355016,0.573052192,0.572958675,0.572735333,0.571638256,0.57208369,0.570793608,0.570070067,0.568692979,0.566395944,0.56464795,0.561623554,0.556909927,0.552409226,0.547084226,0.542918464,0.540274154,0.539960332,0.53842883,0.537694526,0.537650885,0.537958637,0.537694378,0.538499199,0.53876776,0.537671862,0.53858649,0.538655319,0.540270305,0.540492279,0.541857611,0.542410505,0.543249808,0.54388983,0.545289035,0.546251639,0.546619451,0.547380019,0.547579459,0.547953402,0.548125201,0.548946179,0.54880715,0.549595142,0.549323898,0.549781521,0.549992412,0.550604108,0.549356941,0.549768527,0.548557026,0.547474564,0.545978192,0.545403569,0.544086349,0.54218379,0.540477559,0.538363348,0.53631416,0.533253594,0.530164624,0.527198038,0.523526192,0.518754745,0.513518108,0.510078603,0.505614289,0.501627621,0.496562968,0.493021885,0.488770164,0.485050966,0.481058329,0.477450349,0.4724546,0.466018876,0.459159601,0.449991305,0.437027712,0.420108497,0.400554955,0.379158717,0.354907229,0.330285163,0.29790055,0.277575469,0.25956621,0.245483755,0.234320754,0.224720154,0.21911697,0.21483132,0.211714068,0.209662709,0.207981389,0.207898437,0.208449147,0.208423123,0.209040918,0.210885744,0.212284618,0.214066591,0.216088671,0.218751226,0.222609396,0.22669786,0.233303742,0.238751063,0.244426126,0.25174938,0.257268418,0.263238363,0.270650924,0.276380659,0.282313143,0.288055296,0.294137562,0.301865335,0.30797898,0.315214913,0.320284553,0.32639484,0.330702103,0.336292568,0.34251199,0.346678042,0.351885231,0.358887167,0.364789283,0.368241805,0.372667598,0.377927431,0.380389299,0.384452309,0.388374778,0.391105276,0.394578884,0.397645874,0.403835988,0.404660722,0.409762633,0.410789889,0.413028712,0.415658355,0.417981086,0.419277741,0.420344603,0.421094043,0.420705449,0.424633431,0.423325948,0.423919589,0.42450237,0.427010692,0.427638457,0.426691568,0.42949007,0.429185962,0.428865257,0.428497647,0.429717861,0.429325526,0.433675935,0.434297523,0.436635825,0.436257052,0.440164229,0.444402206,0.454320644,0.465806964,0.487077565,0.502513389,0.518940868,0.532815229,0.539369645,0.542778752,0.548078202,0.536198847,0.532242781
250,0.632092841,0.630887168,0.630754127,0.630072411,0.630726137,0.627533972,0.627568733,0.625471495,0.624471838,0.623914818,0.62656634,0.624775314,0.623792516,0.621669658,0.620097689,0.619300007,0.618426903,0.619132749,0.617954201,0.618924083,0.619167223,0.619440971,0.621009299,0.622401539,0.623447845,0.624686353,0.625882999,0.627481786,0.628760002,0.629627154,0.629994433,0.632715368,0.632811781,0.634427766,0.634568265,0.635413151,0.637047351,0.637812829,0.638327073,0.639059919,0.638847261,0.638877037,0.638604785,0.641395137,0.640279789,0.640357361,0.641490901,0.641210292,0.640331358,0.640801433,0.640779009,0.639723345,0.639157451,0.638642683,0.638167939,0.635843938,0.635608487,0.634258015,0.631928787,0.629385262,0.624377904,0.619634472,0.61479612,0.609026034,0.604698361,0.601006446,0.598547351,0.597454935,0.595605038,0.59566115,0.595363157,0.594764153,0.595612572,0.596517073,0.594680594,0.594641125,0.595613515,0.596146354,0.597767168,0.598102307,0.600547763,0.60166443,0.601917465,0.603860083,0.604766239,0.606184795,0.606784768,0.608228206,0.609543317,0.609747378,0.610878456,0.611001731,0.612158971,0.612514852,0.613401153,0.613375356,0.613071348,0.613801354,0.612358705,0.612295185,0.611348983,0.609800424,0.608234809,0.608219052,0.605253946,0.604473711,0.60217177,0.599403621,0.596045452,0.592910259,0.589201421,0.585811055,0.579934904,0.574777887,0.570045762,0.565323892,0.558927024,0.554666884,0.549925924,0.546116915,0.541140819,0.537888165,0.533540807,0.526984988,0.520167248,0.511874478,0.50052493,0.486348707,0.467858813,0.447139779,0.420398075,0.393769005,0.365354495,0.330073226,0.307285995,0.285851695,0.269688396,0.25663248,0.247231537,0.239924646,0.234924104,0.23109663,0.228931832,0.226854939,0.227044192,0.226187426,0.22657754,0.22719501,0.228058826,0.230039323,0.230952684,0.233127864,0.235984819,0.240689671,0.24400331,0.251009149,0.256663684,0.264230756,0.270576768,0.277694019,0.283429368,0.290055138,0.296400603,0.302613689,0.309886734,0.316556338,0.323992947,0.330440305,0.335881333,0.343219105,0.349323189,0.354730289,0.360890223,0.36574103,0.371880053,0.377675988,0.383979874,0.388692177,0.393536172,0.398091148,0.402739682,0.40804599,0.410383982,0.414457802,0.4182527,0.421309393,0.425079711,0.430404552,0.431885217,0.434690545,0.438050299,0.442048682,0.443055249,0.446057954,0.44748412,0.448984517,0.449496405,0.45024122,0.451479876,0.452064122,0.454329908,0.452140363,0.454564335,0.456955636,0.456829513,0.458224216,0.458463235,0.459310513,0.459518938,0.459692167,0.46116103,0.459751488,0.459333069,0.458575629,0.45903959,0.459591517,0.458132866,0.459651667,0.461381274,0.461403274,0.460662118,0.466180315,0.463102403,0.470131064,0.469170644,0.473517969,0.469171135,0.472139005
150,0.527457696,0.530776962,0.531587635,0.529673789,0.525181629,0.521082289,0.515483478,0.516523482,0.515411714,0.520118037,0.521978706,0.522002081,0.524074828,0.52462568,0.524568569,0.523351071,0.524559312,0.523729657,0.52437947,0.524993012,0.525583166,0.524939508,0.526044609,0.526062846,0.527777778,0.529159956,0.530362137,0.531898367,0.532002676,0.533767795,0.535715616,0.534685039,0.536579405,0.536863962,0.538870116,0.539056302,0.539137988,0.540354163,0.540669049,0.540019756,0.540794478,0.539055443,0.539289899,0.540304748,0.539698208,0.539820697,0.538539723,0.538501235,0.537604584,0.537569734,0.536227916,0.5359183,0.536282773,0.535799198,0.535874241,0.533588529,0.534042022,0.531858783,0.530056068,0.526390374,0.523116291,0.519298153,0.514840309,0.511515703,0.507479788,0.504399306,0.504223638,0.502652384,0.501351251,0.503046314,0.502006236,0.502083659,0.502759396,0.501776511,0.502982787,0.502653135,0.502338251,0.503670436,0.504720732,0.504503532,0.50552015,0.506190752,0.506802874,0.509151245,0.509045393,0.509797678,0.509908409,0.509922218,0.510271661,0.510185955,0.511000275,0.511266498,0.511292983,0.511271618,0.511397317,0.512517862,0.512043997,0.510868597,0.511975734,0.509630848,0.509044336,0.507905562,0.507254269,0.505379244,0.504050229,0.50292419,0.500195988,0.498027973,0.495644712,0.492991512,0.489980284,0.487166537,0.482517953,0.477954938,0.474168534,0.469820619,0.466462451,0.462275579,0.458885823,0.455360429,0.451401882,0.448517938,0.444820772,0.439883218,0.435172873,0.428192371,0.419676975,0.407242988,0.392369415,0.37465652,0.353533285,0.331573436,0.310094222,0.281067025,0.262395342,0.246303123,0.233573656,0.224108776,0.217051603,0.211406937,0.207796856,0.20551358,0.203440035,0.203024222,0.203027369,0.202734076,0.203836578,0.203791208,0.205352117,0.206248692,0.207315147,0.208783673,0.212022778,0.21540113,0.219240813,0.225857098,0.230352719,0.235617341,0.241623514,0.247862731,0.253231052,0.258500728,0.264490621,0.269796117,0.275546187,0.281441911,0.288832645,0.293896191,0.300279423,0.305572898,0.310710961,0.314819638,0.320342336,0.325057415,0.330402048,0.335855321,0.342920869,0.346643073,0.350377623,0.354808618,0.358790131,0.362948233,0.365936636,0.369983962,0.3729818,0.376680356,0.379829412,0.383869704,0.387528233,0.39008052,0.393020232,0.394251989,0.396441963,0.39836211,0.400649872,0.401492836,0.40346198,0.403077088,0.403664879,0.406286168,0.406303496,0.407823083,0.407903155,0.410855865,0.41012095,0.41084051,0.411027009,0.412604048,0.414369611,0.413963123,0.414761821,0.416070077,0.419391532,0.419383143,0.423369596,0.426367725,0.433792157,0.439410612,0.455933604,0.477003603,0.498308546,0.516217214,0.536097338,0.554398435,0.561205273,0.559971881,0.546807531,0.540920652
184,0.59747736,0.596589344,0.598766051,0.599007854,0.599895343,0.597264859,0.598671256,0.598874135,0.596115581,0.597558454,0.597979265,0.596826461,0.596957154,0.593613852,0.593038933,0.591026164,0.592367622,0.592108078,0.592134488,0.591502737,0.593295696,0.594460416,0.593989733,0.595000453,0.596060429,0.597015205,0.599703843,0.60019604,0.601736469,0.603660462,0.603904917,0.605081767,0.605721279,0.607401983,0.606604232,0.607290304,0.609439939,0.608517025,0.608445338,0.608512473,0.609019482,0.607906439,0.607552976,0.607553339,0.60786835,0.607358467,0.606945746,0.606921532,0.605525481,0.606455989,0.606044405,0.604680492,0.603978418,0.602690635,0.60257361,0.601514283,0.601012167,0.600180546,0.596313203,0.5954471,0.590126139,0.587248605,0.581360253,0.577179927,0.572802507,0.570008071,0.568712171,0.568052213,0.567627684,0.567707434,0.56769206,0.566391994,0.567263009,0.569280542,0.567920533,0.569057774,0.569223097,0.570001808,0.571425143,0.570574241,0.572768081,0.57387449,0.574938974,0.576490111,0.576510364,0.57624845,0.577361551,0.577398953,0.578199677,0.577584937,0.578361618,0.578695627,0.578575485,0.578502485,0.579072565,0.578533204,0.579122891,0.57890621,0.578459921,0.577636132,0.577036879,0.574915151,0.573562386,0.573710945,0.571436974,0.569356269,0.567367362,0.564438946,0.562037772,0.559036861,0.555457651,0.552589711,0.546278102,0.541966389,0.538331086,0.533551068,0.529024385,0.524377247,0.520668173,0.516875662,0.512902352,0.510591685,0.50606351,0.500899323,0.49501607,0.487380115,0.476295008,0.462663734,0.44697678,0.426528803,0.402879102,0.378224621,0.352597215,0.321072817,0.299890494,0.282656772,0.26828222,0.257942926,0.25007829,0.2441295,0.239189374,0.236869989,0.235345397,0.233877092,0.233860676,0.234811603,0.23454093,0.235021428,0.237235822,0.237784469,0.239485616,0.241061903,0.245198339,0.247790489,0.252408141,0.26004682,0.264497153,0.272515146,0.277280385,0.283951823,0.290011086,0.295724729,0.302425091,0.308525307,0.314817899,0.321624903,0.329689967,0.335591966,0.340771976,0.347452708,0.353931867,0.359451286,0.364868265,0.371192325,0.376901021,0.382542292,0.389082777,0.394404372,0.399349351,0.403678748,0.409429763,0.412500204,0.41696011,0.420920129,0.425565135,0.429913338,0.433033048,0.438346484,0.440718103,0.444046472,0.447163115,0.449994864,0.452283271,0.455017346,0.458200392,0.457485608,0.457645521,0.460081882,0.462577362,0.462417156,0.462631755,0.464768789,0.466111903,0.465966528,0.468937599,0.47107543,0.470826599,0.470544965,0.472662113,0.473350967,0.473603397,0.472658389,0.473266631,0.473042483,0.473336075,0.477376842,0.473871,0.47744467,0.478805838,0.479888186,0.481310963,0.489415684,0.490173089,0.496523615,0.500505209,0.496455054,0.487176262,0.487481163
217,0.615813984,0.618424274,0.615448005,0.618930777,0.621553237,0.615488267,0.619721975,0.616171441,0.614435768,0.613637106,0.614461537,0.61288891,0.610155223,0.608658227,0.607852267,0.604968673,0.604777445,0.604928557,0.603643857,0.60657533,0.606788777,0.607722337,0.608126695,0.609666395,0.6114561,0.611370403,0.615291663,0.615330071,0.617071966,0.618189362,0.619509861,0.621359156,0.622501886,0.623895609,0.62349283,0.624081719,0.626145474,0.626759791,0.627819081,0.627787242,0.627175213,0.627821866,0.627618466,0.627649662,0.627879181,0.62722218,0.627834956,0.627945054,0.62577751,0.626510722,0.627180039,0.624203598,0.623280044,0.622438878,0.62199162,0.619451727,0.619619047,0.617352562,0.613297871,0.609782499,0.606277785,0.600168407,0.593137727,0.587547095,0.582918494,0.578352023,0.57768259,0.57662869,0.575287787,0.575973058,0.576997965,0.576458962,0.576643135,0.577658329,0.576994633,0.577588089,0.578114621,0.58006744,0.579367629,0.581370958,0.582904228,0.584562654,0.585183837,0.586409888,0.586895876,0.588476165,0.589173344,0.58919587,0.588955273,0.590595896,0.591750133,0.59140444,0.592816767,0.592669247,0.592578249,0.593218841,0.593526378,0.592417362,0.592183872,0.591740256,0.590525832,0.588047167,0.587388069,0.585767492,0.583488744,0.581201477,0.578920182,0.576164869,0.572027832,0.568065574,0.56296167,0.55895649,0.552537762,0.546535206,0.541091765,0.535347375,0.52950699,0.523785499,0.518941198,0.513849844,0.509306481,0.504755968,0.500654865,0.493853238,0.485074104,0.47611482,0.46214344,0.4456033,0.425518155,0.401002662,0.373371098,0.344784794,0.316525806,0.279797192,0.258068029,0.238918959,0.223482825,0.212293889,0.20421867,0.199120876,0.194441007,0.192229493,0.190312796,0.188947885,0.189022613,0.188745752,0.188297293,0.190264633,0.18997963,0.191661631,0.193235763,0.195180168,0.198941154,0.202290206,0.206572787,0.213363429,0.219888267,0.225904584,0.232345465,0.239214066,0.244365879,0.252178092,0.259146668,0.264649716,0.27243622,0.278492409,0.287288647,0.294380653,0.300909145,0.307104942,0.314036606,0.319788372,0.326906738,0.332493551,0.339061658,0.34632223,0.353784635,0.359592193,0.364010293,0.370011031,0.374697206,0.379546476,0.384313911,0.38804289,0.391969047,0.398851977,0.402034516,0.406690068,0.410393704,0.413403469,0.417131439,0.41997318,0.421355553,0.423003066,0.424871937,0.425790515,0.427684553,0.429154972,0.431400831,0.431319145,0.433004063,0.433834564,0.436111073,0.434439033,0.434840909,0.437688425,0.438738539,0.439347332,0.440396044,0.439031096,0.439716069,0.43827384,0.440431055,0.438827901,0.439127327,0.441541802,0.439125636,0.441869732,0.441983129,0.442988405,0.440531741,0.452214416,0.449944851,0.453977863,0.452074841,0.454254612,0.454012234,0.442435136
118,0.628627128,0.631323255,0.630073378,0.629298964,0.631908148,0.625425838,0.627239739,0.627945054,0.625660946,0.625355076,0.624649718,0.623625944,0.621758055,0.618173699,0.617075609,0.614427298,0.615656589,0.614263344,0.613581883,0.614657919,0.614548735,0.616556233,0.616340566,0.617764285,0.618025203,0.619316905,0.621906301,0.622409302,0.622568551,0.62576154,0.626587753,0.627283436,0.628390626,0.629767275,0.630509193,0.631115899,0.633139569,0.634266986,0.633918831,0.6349387,0.635871338,0.635067933,0.634773841,0.635964149,0.637018606,0.63605606,0.638839817,0.637007492,0.636675697,0.635788931,0.637811447,0.636679294,0.635879685,0.633720622,0.634981346,0.632626031,0.633214818,0.631186943,0.626697969,0.625152049,0.62016746,0.615657487,0.608830323,0.604155353,0.598538335,0.594871003,0.592995416,0.592375463,0.591576933,0.591389774,0.591230293,0.591488549,0.591241176,0.592045173,0.591629042,0.591604075,0.592568756,0.593320521,0.59351899,0.594495483,0.596589289,0.597050346,0.5977018,0.599445459,0.600346762,0.600757126,0.602275645,0.602444248,0.603603784,0.603438031,0.603825664,0.605244804,0.605762654,0.605689382,0.606128014,0.606408476,0.606020914,0.606308218,0.60630849,0.605264517,0.603496768,0.602171264,0.601340725,0.599140318,0.597244777,0.59531376,0.592560637,0.589192243,0.586787663,0.582497791,0.578460346,0.575286233,0.567540548,0.562600127,0.556547825,0.551605188,0.546134381,0.54000695,0.53601516,0.530955492,0.526325061,0.522033448,0.518025311,0.510483513,0.503119526,0.494555618,0.481407306,0.465061526,0.445843852,0.421996881,0.39478008,0.365657934,0.336460208,0.299235256,0.275398839,0.255252154,0.239145888,0.225337584,0.216634852,0.209875444,0.204906506,0.200844098,0.199174462,0.198266633,0.197426819,0.197277214,0.19635906,0.197935616,0.198406499,0.199910653,0.201925711,0.204676759,0.206891358,0.210291807,0.214768489,0.222968119,0.229275937,0.235656367,0.242099908,0.24855665,0.255839032,0.261817346,0.268834412,0.275944099,0.28360591,0.28925702,0.298830125,0.305182524,0.310720338,0.318174972,0.325588701,0.33081084,0.337087966,0.34352117,0.349147804,0.355967407,0.363386405,0.368293046,0.374754451,0.378413861,0.382190921,0.386981031,0.392239838,0.396673767,0.400042582,0.403085467,0.407391568,0.412731942,0.415969184,0.419204412,0.421792796,0.425317833,0.42688502,0.428349336,0.431241402,0.433895305,0.431608988,0.434013412,0.436112417,0.437538098,0.435904908,0.438621035,0.439475652,0.439904366,0.439717575,0.443333246,0.442043862,0.444079491,0.443841501,0.442984192,0.442632583,0.444208453,0.445039077,0.443418527,0.440131018,0.442767149,0.440768105,0.4436518,0.442745781,0.441937764,0.439356547,0.441633956,0.439470919,0.442140174,0.435466825,0.442487833,0.437406633,0.431414202
175,0.916248032,0.913593659,0.917020179,0.915860993,0.91447656,0.912115795,0.912669223,0.912237074,0.912156645,0.911375138,0.91002018,0.907734304,0.905765119,0.901222998,0.900082836,0.895569062,0.896964781,0.89525233,0.894823632,0.894448651,0.894577026,0.896558005,0.897159531,0.899073504,0.900742481,0.901065463,0.906098225,0.906238993,0.907594569,0.910542269,0.9114447,0.914053082,0.915703612,0.915530902,0.917255781,0.919059551,0.920906865,0.921361193,0.921737866,0.92299282,0.921510322,0.921596932,0.922929305,0.923027245,0.923158219,0.922512208,0.923266365,0.923016878,0.920986957,0.921310104,0.922355867,0.919726901,0.918878771,0.917118759,0.917520519,0.914484225,0.914395242,0.911678136,0.907526934,0.90141312,0.896254142,0.887852061,0.880240944,0.870307515,0.862609756,0.857879623,0.854246723,0.85267482,0.849434582,0.84915436,0.848460319,0.84810767,0.848391127,0.848060044,0.846321451,0.847262953,0.846949125,0.848187907,0.849203536,0.850254707,0.853325371,0.854686727,0.855647489,0.857609976,0.859164478,0.861027616,0.86269449,0.863271279,0.865036717,0.866128309,0.868139982,0.868722209,0.869029567,0.870429458,0.869699031,0.870443003,0.870668179,0.870014495,0.869537565,0.869034814,0.867396184,0.865378702,0.864014267,0.862297002,0.858820272,0.857221625,0.853327553,0.848735734,0.844087844,0.839314355,0.833413914,0.827913497,0.817629603,0.809283169,0.801837667,0.793966545,0.785884471,0.777626408,0.770931894,0.762961864,0.755695436,0.750770291,0.743593287,0.732803387,0.722944053,0.709551317,0.69326365,0.671423501,0.644994546,0.613654032,0.575691785,0.537683893,0.497288233,0.447240962,0.414464018,0.386160876,0.36294665,0.34472222,0.331401927,0.320812037,0.314170691,0.308365205,0.305453824,0.302597899,0.301245055,0.300787571,0.300951706,0.302495674,0.303623657,0.305144557,0.308075319,0.310253612,0.31406054,0.319652984,0.324994006,0.334784004,0.342622412,0.350671892,0.359909873,0.367813524,0.376262755,0.385729725,0.395226296,0.403791974,0.412918258,0.422072519,0.433124888,0.441167393,0.450232271,0.458163042,0.466880955,0.475595587,0.483079404,0.490699875,0.498357922,0.505266143,0.516891321,0.521983295,0.529032559,0.535931406,0.541637856,0.547670328,0.553640314,0.558299337,0.563094227,0.569576153,0.574393947,0.580739521,0.585151701,0.589150337,0.59344248,0.598295819,0.601183312,0.604623645,0.607619354,0.610344334,0.611808485,0.613967551,0.618361524,0.620014785,0.621741103,0.624175578,0.62518519,0.627695032,0.628377691,0.632268501,0.6312669,0.636044655,0.635102977,0.634669777,0.63728421,0.636376883,0.638968351,0.636995433,0.635180126,0.640698804,0.636021315,0.638273498,0.642019223,0.638057397,0.637957375,0.640873582,0.636330476,0.643640614,0.637829112,0.639622053,0.636925448,0.628356664
93,0.531145602,0.531329375,0.533392571,0.533858299,0.533573429,0.531923564,0.531585899,0.531463053,0.530984185,0.529039163,0.531181444,0.528375078,0.527629929,0.526318109,0.525599132,0.524774427,0.524093382,0.525497041,0.523640025,0.523211082,0.525245482,0.524965787,0.525692561,0.526744758,0.528920365,0.52861443,0.529834553,0.530884452,0.530991879,0.532156976,0.532590044,0.534167564,0.534094882,0.53627193,0.535308856,0.537320678,0.537756274,0.538968087,0.537777392,0.539629915,0.538895008,0.539245385,0.539849188,0.539757738,0.540154065,0.539741731,0.539715008,0.540716713,0.539778146,0.540612844,0.540124496,0.538460099,0.538376599,0.53707007,0.536461,0.535588144,0.535130883,0.534321631,0.531328482,0.529393166,0.526547131,0.523435493,0.519274857,0.51494722,0.511990915,0.509596275,0.507816784,0.508131665,0.507827687,0.508177265,0.508049936,0.507986252,0.508286299,0.50888565,0.509028068,0.509816315,0.51052587,0.511315448,0.511009076,0.510959335,0.514448249,0.514522214,0.515603264,0.515599099,0.517014729,0.517610726,0.517387837,0.517530359,0.518368648,0.519003348,0.518213162,0.519690774,0.519655164,0.519248336,0.518940074,0.519139542,0.51849497,0.519120833,0.518821653,0.518239161,0.517172149,0.516463609,0.515137261,0.514871084,0.512829304,0.511843061,0.509056672,0.507858757,0.505366886,0.502570238,0.500105852,0.497450135,0.492624288,0.488803019,0.485917076,0.482200947,0.477920482,0.47406996,0.470954102,0.467836532,0.464866609,0.461563012,0.45837251,0.454411834,0.44902134,0.442600569,0.43295054,0.422048523,0.407374162,0.390105174,0.369205444,0.346758636,0.324653428,0.294984808,0.276420283,0.259618241,0.246255747,0.235208783,0.227357776,0.223090925,0.218451228,0.216290024,0.214978968,0.214503295,0.214322321,0.214626713,0.214690971,0.21625818,0.217538143,0.219466584,0.220762364,0.223383444,0.225642643,0.230423601,0.234729511,0.241905842,0.247520351,0.252182586,0.259571803,0.265998892,0.271440631,0.277667509,0.283575384,0.289225047,0.295732392,0.301208388,0.30907218,0.313946679,0.320314213,0.325595827,0.330292633,0.336262857,0.341344409,0.346211392,0.350320416,0.356517585,0.361658736,0.36546872,0.369843471,0.373839112,0.378243728,0.381858569,0.385838948,0.387053684,0.39025596,0.394481522,0.397044385,0.401090851,0.402952715,0.404087697,0.406726528,0.409797514,0.409632631,0.412238552,0.411530018,0.41332642,0.414334196,0.414121659,0.415131086,0.416215971,0.41518175,0.417154742,0.416394362,0.417334632,0.418681047,0.418407869,0.418071652,0.419899456,0.418669737,0.418420011,0.419609273,0.418619849,0.41695752,0.41723163,0.421237136,0.418651712,0.42030325,0.422637792,0.419767246,0.419148408,0.42582108,0.428778543,0.430021799,0.431441301,0.438033518,0.434191441,0.428223232,0.431668392
61,0.543974491,0.543896405,0.54409295,0.542795901,0.542072085,0.537339292,0.532709874,0.530993137,0.533107584,0.53240641,0.534159756,0.535952051,0.535535971,0.533673297,0.531925909,0.530338729,0.530987342,0.529283039,0.529978357,0.531052468,0.531518198,0.532784808,0.533065319,0.534593074,0.537415015,0.536773071,0.538359223,0.540372467,0.540599192,0.542287769,0.543926879,0.545156608,0.546503347,0.54665928,0.548781342,0.549537933,0.550131462,0.550769056,0.550929578,0.552541289,0.551196076,0.551931392,0.552409032,0.552477736,0.553621674,0.553091843,0.552221222,0.551810035,0.551831654,0.551347739,0.549604927,0.549658395,0.549813941,0.548739713,0.547906812,0.547844508,0.545554769,0.544790082,0.541072098,0.537905526,0.534699848,0.52858872,0.523665982,0.519225879,0.514130151,0.509321102,0.508424116,0.507067119,0.506847164,0.505418393,0.506010615,0.506134662,0.506411392,0.506335104,0.506639927,0.506031435,0.507489486,0.507794927,0.508141688,0.509961398,0.511169743,0.511794245,0.512834678,0.515303193,0.515036199,0.515543316,0.516441254,0.518115662,0.518420994,0.51971543,0.519652702,0.519841119,0.521025028,0.521291195,0.521985067,0.521714595,0.521885784,0.521953646,0.521245264,0.520963025,0.519687012,0.51850642,0.517329887,0.514950488,0.513263402,0.511594617,0.508781568,0.506730837,0.50317523,0.500002915,0.496562877,0.491303491,0.484457721,0.479948176,0.476150488,0.469951629,0.464817107,0.459254663,0.455037368,0.449975913,0.446174884,0.44197586,0.436761108,0.430151882,0.423106607,0.414193508,0.404302821,0.38884051,0.369822199,0.349938673,0.325004214,0.298844989,0.27289209,0.240211142,0.220518272,0.202721513,0.189636851,0.178953871,0.171100668,0.165119475,0.161646946,0.15844839,0.157161682,0.156802252,0.155318522,0.155322732,0.15594936,0.156753606,0.156872695,0.158620509,0.159279331,0.161339185,0.163520544,0.166748477,0.170821652,0.176311233,0.181395349,0.186917818,0.192072605,0.198024314,0.203712377,0.210246876,0.216970993,0.222461863,0.227756429,0.233887349,0.242811641,0.247813067,0.254643761,0.259522207,0.266476273,0.271667865,0.277886297,0.282722314,0.288836515,0.294029906,0.302510087,0.306949489,0.312205351,0.317131223,0.321140203,0.325101075,0.329248617,0.333727155,0.336811777,0.341593479,0.344273537,0.35028048,0.353504105,0.356848575,0.359485514,0.362166398,0.364366719,0.36669896,0.370209135,0.36978069,0.372128827,0.372388114,0.374329645,0.375457161,0.377296317,0.37666352,0.377831581,0.379998838,0.379918821,0.382336984,0.382199917,0.384295857,0.382369112,0.383322491,0.38563441,0.387415527,0.390356843,0.391862649,0.39284964,0.394915554,0.399851346,0.403967544,0.41629468,0.430866679,0.446518026,0.457972923,0.463445511,0.47225666,0.468390805,0.47702012,0.469039739,0.45920403
242,0.534994543,0.536164581,0.539067874,0.536738722,0.535518823,0.534026265,0.534350433,0.535582717,0.532220857,0.532507392,0.532192149,0.530443944,0.529731494,0.526359238,0.526393213,0.525320435,0.52441407,0.524490944,0.52395067,0.525589361,0.524630683,0.52509624,0.526310054,0.527317553,0.52886836,0.529794117,0.531427095,0.531095323,0.532593991,0.534044834,0.534283033,0.536739737,0.536556191,0.537384092,0.537839725,0.539405736,0.538721617,0.540968606,0.540576239,0.541046069,0.541197271,0.541712888,0.542158217,0.542498254,0.543007302,0.542931942,0.542625956,0.542627726,0.541666469,0.541558153,0.542463218,0.539562134,0.539943418,0.538962283,0.538391781,0.537766035,0.537058929,0.535737326,0.532448107,0.530835708,0.527404895,0.522550279,0.517650156,0.513627724,0.50936202,0.506491015,0.505186703,0.505120468,0.503112996,0.503562492,0.504450088,0.504330726,0.504470125,0.504142372,0.504422929,0.504300273,0.505151438,0.50519778,0.50650058,0.50704372,0.508842516,0.509816991,0.509194039,0.511609833,0.511742217,0.513115723,0.513261276,0.513522843,0.514208638,0.515424962,0.514277482,0.515876667,0.516978874,0.517074853,0.516504674,0.516297911,0.516564622,0.516387564,0.516775125,0.515873964,0.515009351,0.513368433,0.511994667,0.511099187,0.509278759,0.507679837,0.505186177,0.502951861,0.500408327,0.497781418,0.494379853,0.490454131,0.485660812,0.480380116,0.476104848,0.471677445,0.466782898,0.463028847,0.458971939,0.454470908,0.451130057,0.447393539,0.443774726,0.438130075,0.431848715,0.423092936,0.413254106,0.398834738,0.38352657,0.362932336,0.340279703,0.315261857,0.290444631,0.259881067,0.238798622,0.222336449,0.209294078,0.198064404,0.190689909,0.185409397,0.181000747,0.178097907,0.176931812,0.17552571,0.175218814,0.174238389,0.175554172,0.175788663,0.176797377,0.177466525,0.179165409,0.181277145,0.183609503,0.186656968,0.190444598,0.196914393,0.201902886,0.207740732,0.212762032,0.218129418,0.224025821,0.229638381,0.235215054,0.240130156,0.247608017,0.253015124,0.259239965,0.265451028,0.270743864,0.276519769,0.282556134,0.287864463,0.293143911,0.298400037,0.303192788,0.309097772,0.314799499,0.31950823,0.323538039,0.32845706,0.332718206,0.337146463,0.340625407,0.344265136,0.347215866,0.35060763,0.353742598,0.359222271,0.360961645,0.363813042,0.366426239,0.367892652,0.371005476,0.371575811,0.372089688,0.374241666,0.374173943,0.375953508,0.377101628,0.376671465,0.378275454,0.379499809,0.378830151,0.379282742,0.381728128,0.381120671,0.380537278,0.381361666,0.381424637,0.382354779,0.381643113,0.382367487,0.381927431,0.383712025,0.381701478,0.382054007,0.383524603,0.383022763,0.38279317,0.384744694,0.384668561,0.390759834,0.388256342,0.393171102,0.392227913,0.393414399,0.388108754,0.387384934
43,0.546994416,0.549771937,0.544525411,0.543150914,0.545319538,0.540361842,0.537504104,0.536206532,0.5370439,0.539668864,0.542593309,0.54333395,0.544502233,0.544393111,0.543646457,0.54304002,0.542816873,0.543038706,0.54394421,0.543217538,0.543990843,0.544739078,0.546632333,0.546481432,0.548291223,0.549366993,0.550231476,0.552061204,0.551417097,0.554014962,0.555283425,0.557163326,0.558149548,0.557758157,0.559014618,0.559652157,0.559199962,0.561042057,0.56153466,0.560729914,0.56172461,0.56188623,0.563025838,0.561820752,0.562687047,0.56196024,0.562923548,0.56229985,0.56181155,0.56246931,0.559860873,0.561099777,0.561248697,0.560327323,0.559615814,0.55934909,0.557615305,0.557509952,0.555164354,0.553135027,0.549717372,0.547068987,0.541563088,0.538266439,0.534863637,0.532702812,0.531323561,0.529405512,0.528950652,0.528916485,0.528517287,0.529385812,0.529692615,0.529691979,0.529100746,0.529857442,0.53043172,0.531909235,0.531479376,0.532178324,0.534217953,0.53453003,0.535569108,0.536622812,0.537700915,0.538366657,0.539265501,0.539087448,0.538977917,0.539519346,0.540455558,0.540417891,0.541463471,0.541645799,0.541547853,0.542393806,0.542080376,0.541864057,0.541749299,0.540904049,0.540234324,0.539715527,0.538189038,0.537900952,0.535878885,0.534206018,0.531769705,0.530583184,0.528121071,0.526522659,0.523230108,0.520419826,0.514578247,0.511287441,0.507110076,0.503672693,0.498808086,0.495102859,0.4921885,0.488622049,0.48477959,0.482691572,0.478462769,0.474541758,0.468906039,0.462723939,0.453599445,0.441216189,0.427116565,0.409513154,0.387822366,0.365875758,0.341813705,0.311247686,0.291011755,0.273069339,0.259190007,0.247036872,0.238835562,0.232429927,0.227531897,0.22539503,0.222879912,0.220636394,0.218975779,0.220350739,0.219925345,0.220554856,0.222072504,0.222825253,0.22430871,0.225456319,0.228357182,0.232210829,0.235191464,0.241863715,0.247502496,0.25280694,0.25804921,0.263665571,0.270187885,0.276002453,0.281567355,0.287411665,0.292937423,0.299444147,0.306479961,0.312131802,0.317547134,0.323577084,0.327885321,0.333207249,0.33943545,0.34403813,0.349288685,0.353897064,0.360909023,0.364824851,0.369212611,0.373515848,0.376847605,0.381243189,0.383840081,0.38910465,0.389658476,0.394869527,0.397150188,0.40111403,0.403793661,0.407162132,0.410146643,0.410573815,0.412667924,0.414495155,0.415577828,0.417444565,0.419077445,0.419407579,0.420660715,0.420594557,0.423669236,0.422362138,0.421864452,0.423605262,0.42470116,0.424159987,0.422980184,0.425262836,0.426131867,0.426182568,0.423492119,0.427410603,0.431183616,0.430079806,0.43103033,0.435442115,0.443000772,0.44689586,0.459154184,0.479886213,0.500393663,0.511667814,0.527563855,0.535953385,0.536447172,0.530997663,0.536483791,0.519674829
209,0.537385552,0.543646908,0.5426651,0.541852805,0.542924862,0.541942635,0.541274042,0.540054489,0.538348726,0.540368953,0.541535258,0.541388503,0.538201805,0.536474017,0.536459196,0.535247855,0.534207186,0.535560655,0.535980367,0.535618276,0.536136915,0.536576121,0.53698179,0.53733192,0.538359166,0.537766366,0.539999814,0.5419934,0.541306345,0.542036535,0.54239834,0.543789054,0.543873411,0.544229764,0.545517618,0.545039089,0.545706429,0.547245611,0.547719984,0.546211141,0.548309704,0.547377952,0.547259008,0.547774344,0.547358728,0.547376302,0.547243897,0.547432627,0.547571037,0.547884634,0.546530661,0.546499575,0.545622555,0.544465854,0.544436664,0.544454458,0.543690681,0.542470835,0.541703822,0.539416308,0.538137826,0.534077489,0.530493639,0.528916486,0.525839932,0.522367672,0.521995634,0.521773265,0.521713783,0.521240406,0.522339941,0.521576857,0.522268512,0.523753218,0.522036005,0.522812992,0.524278093,0.52468037,0.525472451,0.525326332,0.526177529,0.527747944,0.527575047,0.529415369,0.528846237,0.529776607,0.529274443,0.529842528,0.530341198,0.530734893,0.530614483,0.531401351,0.531379862,0.532003373,0.531427204,0.532138494,0.531565707,0.53151698,0.531452335,0.531120112,0.529291428,0.528890726,0.527735052,0.527707328,0.526454791,0.524728001,0.523694441,0.522410686,0.520068078,0.518040272,0.515490093,0.513392883,0.509438326,0.506459907,0.503360076,0.500613461,0.497300023,0.494177754,0.491219022,0.488241337,0.486049531,0.485040103,0.48199872,0.477612393,0.473010312,0.466808707,0.459908253,0.449303059,0.436340969,0.419971615,0.400506692,0.379240795,0.357260655,0.329587504,0.310385603,0.293475802,0.279200214,0.269090291,0.26104041,0.255510425,0.251750544,0.2482155,0.247192631,0.246379305,0.246286105,0.246274544,0.246951607,0.248035282,0.249494181,0.250613395,0.251910794,0.255302395,0.257964379,0.262356728,0.267510515,0.274782035,0.280838313,0.286226856,0.292905385,0.2986172,0.305452156,0.311734439,0.318206152,0.323771666,0.329268576,0.336162194,0.343327036,0.348528492,0.35327073,0.358538804,0.365287374,0.369865251,0.375187663,0.380234056,0.384263002,0.389758583,0.394954254,0.398587179,0.402773704,0.407567736,0.410778311,0.414029957,0.416929325,0.42097308,0.423516772,0.427313477,0.429105724,0.432682551,0.435366274,0.43442285,0.438955311,0.440946434,0.440566,0.443959176,0.443986184,0.444911264,0.445829757,0.447202374,0.447251204,0.446483924,0.447624188,0.449115367,0.447741717,0.448337908,0.448373476,0.449579534,0.4499031,0.449798991,0.452184631,0.450236394,0.452360018,0.449374746,0.452243103,0.449110714,0.450662436,0.451792006,0.44875336,0.452141525,0.450599351,0.452043019,0.452138507,0.456802881,0.462060221,0.461919604,0.468078929,0.462971247,0.458556759,0.466456052
142,0.637499688,0.641307342,0.644476611,0.642627585,0.64029304,0.638775543,0.640753053,0.638499492,0.635193626,0.634979775,0.635067758,0.635636863,0.635157434,0.631020614,0.628612642,0.628063712,0.626729762,0.626814474,0.626455498,0.625484676,0.627464505,0.626143311,0.628704959,0.628284622,0.62964819,0.630500524,0.632111143,0.633200786,0.633776415,0.635873912,0.635140109,0.637931034,0.63861311,0.639871146,0.640616536,0.641691439,0.64129161,0.643366193,0.644088991,0.643614703,0.644695104,0.64534801,0.6447186,0.645937245,0.645730999,0.646406363,0.646764461,0.64591286,0.645384283,0.646428386,0.646617568,0.64514227,0.644466968,0.643447058,0.643142972,0.642113624,0.64202551,0.640102235,0.637316706,0.636215929,0.633009967,0.627629463,0.623007387,0.618090676,0.613870048,0.610399388,0.609516715,0.608530151,0.60734403,0.608870887,0.607399776,0.607423651,0.608150035,0.608122306,0.607276159,0.606715297,0.608868942,0.609887805,0.610288307,0.611985105,0.612340191,0.614875865,0.61501696,0.616022182,0.61688556,0.618512132,0.619094741,0.61868311,0.620348993,0.619921448,0.620860087,0.621436062,0.62201075,0.622757848,0.622538231,0.623016439,0.622178986,0.623043844,0.621965769,0.621969915,0.620471367,0.619573289,0.619127115,0.616989934,0.614644601,0.614223703,0.61200898,0.609424788,0.606793527,0.603850211,0.601045356,0.597538427,0.591810734,0.587786863,0.582205143,0.578189964,0.572979076,0.568378858,0.564369976,0.559999824,0.55623193,0.553343196,0.548778436,0.542725789,0.53689662,0.529054052,0.518161666,0.503864831,0.487367929,0.466590122,0.44164136,0.415690652,0.387824076,0.3533465,0.329107479,0.309816692,0.292791181,0.27982785,0.269461068,0.262317677,0.257468641,0.253528029,0.250979486,0.24983578,0.248235586,0.248922821,0.248571424,0.250964638,0.252245215,0.253316318,0.255728021,0.257736742,0.26040419,0.264937544,0.269643272,0.277524148,0.282996927,0.289359639,0.296800453,0.303695915,0.310003645,0.316701267,0.323915172,0.330758299,0.336990711,0.343311969,0.351141272,0.357937594,0.364054868,0.370805811,0.376010555,0.381514599,0.386781519,0.392855803,0.399005911,0.403734814,0.410639671,0.415901243,0.419971023,0.424928322,0.428167486,0.432205383,0.435584972,0.439269769,0.443253985,0.447686523,0.449703932,0.454805024,0.456100006,0.458202163,0.461196251,0.463505038,0.464548686,0.468971772,0.468492228,0.470560542,0.470744157,0.472525058,0.472124439,0.473989339,0.474973591,0.475540892,0.475589494,0.476766138,0.47817492,0.478464878,0.47997273,0.478837061,0.478084538,0.47793306,0.479058995,0.478482611,0.477422975,0.478285536,0.476121931,0.47655825,0.476590845,0.478357841,0.474835389,0.480773272,0.48023255,0.484295112,0.483312055,0.481928794,0.485848344,0.481407676,0.491799412,0.480854077
77,0.874597203,0.879304213,0.876928954,0.879938375,0.879104763,0.878477282,0.878106835,0.878428984,0.877065201,0.878175304,0.878216406,0.875982179,0.875072321,0.873910483,0.870429705,0.868369445,0.867925297,0.867421671,0.869317469,0.869481933,0.870669746,0.871687857,0.873419362,0.875298715,0.878576067,0.880094035,0.883169224,0.883807496,0.886187067,0.889207722,0.891209502,0.892558254,0.895423909,0.895664035,0.897928607,0.898871803,0.900178412,0.901592977,0.900645382,0.902058609,0.901102191,0.901763236,0.901804182,0.902811847,0.90314784,0.901499354,0.902022892,0.900973744,0.900456258,0.899175284,0.896859652,0.896991982,0.895592112,0.894464114,0.893208313,0.891284008,0.889688035,0.886826125,0.881646162,0.877589127,0.870450658,0.862619339,0.854624343,0.845421517,0.837868805,0.832292239,0.831098693,0.828192189,0.825696907,0.825471351,0.825009257,0.82465376,0.824467376,0.822999602,0.824250101,0.82379468,0.823768805,0.825489011,0.82460081,0.827530664,0.828252005,0.829951601,0.831575557,0.834229081,0.835640615,0.836761937,0.839798904,0.840386559,0.840892517,0.842475439,0.844296354,0.844231867,0.846401953,0.846039649,0.846434297,0.847182177,0.84734091,0.846995324,0.846448097,0.846016154,0.844489903,0.842839174,0.8426093,0.839590063,0.836800641,0.834129557,0.829777623,0.826907605,0.822112828,0.817015658,0.812226941,0.805263888,0.795974763,0.788441274,0.781591612,0.773335218,0.765876685,0.758045409,0.751856515,0.744560875,0.738319913,0.732205849,0.724815458,0.71525244,0.70516063,0.69279113,0.677827408,0.655953316,0.629765748,0.598947455,0.563732727,0.526251105,0.487952681,0.438995957,0.408483277,0.380751455,0.360600599,0.343393497,0.331495232,0.321701467,0.315734757,0.310199338,0.306723555,0.305357535,0.304484648,0.303726328,0.304600547,0.305038552,0.306609697,0.308271713,0.310243522,0.312296187,0.316798656,0.320484675,0.327506628,0.336278365,0.344345029,0.35228072,0.360541947,0.370053458,0.378714662,0.387815303,0.396753298,0.405588943,0.413814526,0.424022927,0.435522481,0.444524016,0.453072135,0.462453149,0.470895642,0.479847211,0.486854572,0.496170928,0.504918417,0.513069363,0.52349173,0.530759415,0.536950318,0.544855512,0.55114775,0.557415873,0.56322747,0.569807719,0.574863882,0.58242497,0.58636631,0.594762269,0.598604138,0.604152087,0.608881779,0.612129053,0.616836699,0.619260725,0.623647219,0.625290763,0.628918193,0.629413785,0.632935306,0.634926094,0.637562504,0.64104612,0.639614739,0.644421776,0.646216921,0.646923071,0.649479326,0.651136675,0.652975967,0.653558405,0.653614511,0.656200126,0.657697795,0.65810605,0.659350964,0.66060814,0.662016023,0.661954629,0.668386073,0.667028257,0.671555013,0.668612134,0.674977436,0.672080337,0.672283915,0.675868752,0.658527497,0.662884644
27,0.594284075,0.591387708,0.58956617,0.590173488,0.588516216,0.586110301,0.583515189,0.582155244,0.581349895,0.581150648,0.583637495,0.582547697,0.582185637,0.580660532,0.579130235,0.5774776,0.57551374,0.576398928,0.576565179,0.576933038,0.575292213,0.578154889,0.577542042,0.579549616,0.580241874,0.581127328,0.583152774,0.582597913,0.583644708,0.585153164,0.587937569,0.58833148,0.589282888,0.589641824,0.590577918,0.591946532,0.592757876,0.594218836,0.593865544,0.594221675,0.594771179,0.594991352,0.596708404,0.596517515,0.59642756,0.596611334,0.595508548,0.595780442,0.595918957,0.596013673,0.594259241,0.595293448,0.593781983,0.59546062,0.593609166,0.592114048,0.591644721,0.591218175,0.588675,0.586938503,0.582684769,0.578273625,0.574364663,0.568956303,0.564440758,0.561182248,0.560682688,0.559376935,0.559060405,0.558954651,0.559400982,0.559208811,0.558809071,0.559711263,0.56069171,0.559639468,0.558906123,0.560955453,0.561886413,0.562366975,0.563417003,0.563243845,0.564533282,0.565476339,0.566400605,0.567318795,0.56748268,0.568185757,0.5689285,0.568291487,0.569837444,0.569549423,0.569892279,0.569507769,0.570212445,0.570445578,0.570681852,0.571135584,0.570184556,0.568950436,0.567848921,0.567406056,0.567375365,0.564720954,0.563073904,0.56177716,0.559114747,0.557669772,0.55409837,0.551985811,0.548554279,0.545304323,0.539289074,0.535694343,0.530419323,0.526458111,0.52153274,0.516600226,0.513777647,0.508629589,0.504903609,0.502515133,0.497930874,0.492444457,0.486402591,0.479151971,0.468122874,0.455370242,0.437679382,0.418184527,0.394409512,0.368325924,0.341961927,0.307877872,0.284547728,0.265132374,0.249765685,0.237173173,0.226794968,0.219830565,0.215440197,0.211607811,0.209374088,0.20747885,0.207336067,0.207655481,0.207919389,0.208220704,0.209541739,0.211342867,0.21267664,0.21413207,0.218218156,0.220681917,0.225427534,0.231686023,0.237562391,0.243484587,0.250080178,0.257514244,0.264150369,0.269914897,0.276218574,0.283045667,0.290298066,0.295997622,0.305056405,0.311399657,0.31723644,0.323601488,0.3293512,0.335385817,0.34111541,0.346630248,0.352667164,0.358777703,0.365343496,0.370273382,0.374929329,0.379144936,0.384102177,0.38692557,0.390536167,0.39469952,0.399034143,0.402671384,0.405258386,0.410665867,0.413986983,0.416401397,0.418031946,0.421036017,0.422490339,0.425225151,0.426949093,0.428977911,0.429055111,0.429607835,0.430598986,0.432393109,0.433382276,0.433557729,0.433701511,0.435178463,0.436450152,0.43485454,0.436371187,0.436541031,0.43757341,0.437905531,0.437597957,0.439950388,0.441188877,0.43965258,0.442037192,0.442452926,0.448339839,0.45627358,0.46466951,0.476146406,0.485460413,0.492801772,0.504096775,0.50677742,0.508068706,0.504911367,0.511299125,0.487531794
158,0.577244276,0.577734828,0.581277344,0.575269609,0.574571268,0.568185498,0.563739596,0.56391916,0.562807464,0.563994314,0.568697963,0.568406237,0.570038785,0.569032109,0.568640704,0.567953022,0.564949719,0.566628597,0.566470453,0.566606576,0.567519187,0.567522247,0.568044154,0.569041608,0.570733547,0.571889419,0.571842173,0.572832343,0.574929314,0.576246553,0.576972146,0.578246024,0.577729782,0.577504755,0.581138099,0.581462561,0.581654068,0.581900221,0.58138087,0.582537615,0.583248709,0.58285529,0.583533825,0.583438259,0.583851683,0.583613545,0.584115748,0.583518211,0.583418205,0.582779411,0.581203621,0.582815391,0.582710384,0.581389951,0.581320533,0.580690321,0.579382488,0.578950719,0.575442741,0.573865865,0.571198441,0.567353866,0.564168814,0.559573936,0.555374802,0.552146238,0.552578609,0.55047868,0.550523145,0.551021159,0.5509066,0.551299329,0.550677162,0.551374873,0.551733574,0.551861836,0.552143094,0.553519591,0.553743785,0.554639187,0.555854223,0.556124026,0.556631835,0.558069037,0.558837455,0.559786831,0.55956912,0.561057889,0.56037969,0.5599671,0.561685447,0.562475899,0.561790184,0.561582514,0.561869657,0.563404972,0.562849865,0.56289817,0.562077321,0.561683715,0.560563951,0.559189357,0.55844477,0.556738566,0.556242616,0.554666593,0.551289804,0.549233635,0.54709378,0.545053107,0.541351925,0.538274128,0.533076258,0.530256908,0.525031344,0.520777581,0.51724362,0.512948473,0.509524405,0.505169076,0.501402862,0.498046484,0.494571409,0.488643178,0.483606862,0.475241944,0.467131145,0.453991437,0.438067662,0.418398458,0.396159888,0.371487782,0.345689318,0.314070371,0.291662975,0.273158186,0.258564644,0.245323844,0.237110257,0.230940198,0.22642426,0.223031226,0.222424715,0.220388453,0.220558497,0.22051863,0.220630573,0.221694901,0.22422014,0.225146495,0.226037374,0.227321012,0.230944086,0.234753231,0.239509846,0.245543018,0.251417902,0.257276459,0.263671981,0.269990867,0.276659508,0.283631066,0.289995736,0.297179297,0.301728769,0.308868453,0.316675481,0.32206977,0.327842394,0.334085118,0.33947499,0.345288588,0.350381278,0.3558082,0.360121574,0.366203355,0.373468241,0.377678139,0.382281327,0.386792906,0.390323367,0.394787495,0.398456707,0.401444121,0.404126485,0.40867884,0.412603792,0.416291247,0.41898329,0.421090467,0.423457944,0.426444683,0.428560338,0.428222292,0.431198026,0.43330823,0.435907206,0.433948772,0.435861376,0.435389041,0.437790529,0.437727551,0.439505169,0.441669329,0.440092414,0.441938393,0.44037125,0.440328605,0.443192136,0.443084351,0.44487981,0.444683587,0.447942784,0.447224043,0.449580069,0.455472238,0.461060551,0.469877624,0.481737923,0.508158544,0.531488739,0.553071344,0.575681917,0.583230019,0.59218131,0.585317196,0.581811805,0.58715276
110,0.548049286,0.549438443,0.547007567,0.546620171,0.550324745,0.54696847,0.549449794,0.54912127,0.547837806,0.548078144,0.548079491,0.547585524,0.54802639,0.544638109,0.543905853,0.542952635,0.543057101,0.543466837,0.541931793,0.542809011,0.543704437,0.545488781,0.54478642,0.545370145,0.547913796,0.548523987,0.550071944,0.549960143,0.551893217,0.55280355,0.553444175,0.553555488,0.5549401,0.554985275,0.555784005,0.557669636,0.558608607,0.557673049,0.559358776,0.558770373,0.5587668,0.558518455,0.560956238,0.560716728,0.559993129,0.560263514,0.560504087,0.56046226,0.560136927,0.560476152,0.560984571,0.559803552,0.558447687,0.557655963,0.558312575,0.557869991,0.555903141,0.555536889,0.553243041,0.550471406,0.547610236,0.543713363,0.539554716,0.53479482,0.532891679,0.528932721,0.528398051,0.527000324,0.526225342,0.525752762,0.526357451,0.526724515,0.526364253,0.52637588,0.526608538,0.526641573,0.527684158,0.52745401,0.528958135,0.528880167,0.531092243,0.532851672,0.532511883,0.533528916,0.534259187,0.535418978,0.535891903,0.536166996,0.537542756,0.537481194,0.538479295,0.538019948,0.53923612,0.539117895,0.539043535,0.538922443,0.539577494,0.539617342,0.538755193,0.538259965,0.536833418,0.536139878,0.535328934,0.534723171,0.533157073,0.531861478,0.529910127,0.52789966,0.526064975,0.522541763,0.520661086,0.516693804,0.512573901,0.509218167,0.504852802,0.501035442,0.497056547,0.493135289,0.489918677,0.486383816,0.482894817,0.480072361,0.476837903,0.471601249,0.466247277,0.459305654,0.450448731,0.438836164,0.4238211,0.406720144,0.385336899,0.361648666,0.338665246,0.308038006,0.289016561,0.271006693,0.257410685,0.24666623,0.238722754,0.232287552,0.229792602,0.225810063,0.224328943,0.224359791,0.223490241,0.223948781,0.224701606,0.224875438,0.226532768,0.226860229,0.228660255,0.232277161,0.233410349,0.237406459,0.241270208,0.247568744,0.25334585,0.259443686,0.264763985,0.2705519,0.277338682,0.283251629,0.28823093,0.295034741,0.300158045,0.305509166,0.312638224,0.318672992,0.323837151,0.32970893,0.334577041,0.340222205,0.34532245,0.35184398,0.354991916,0.361034164,0.367190308,0.370896072,0.374554456,0.378646208,0.383347147,0.386934463,0.390406953,0.393058715,0.395894464,0.399414782,0.402472291,0.406374254,0.409217565,0.410675661,0.414032046,0.415769644,0.415444646,0.418215319,0.419550391,0.419005733,0.420072241,0.420979177,0.421142091,0.421280625,0.423099467,0.422737266,0.422863908,0.423324183,0.423517741,0.425860826,0.424743579,0.42407304,0.424201992,0.424122633,0.424871866,0.424126146,0.423472623,0.423240575,0.422353437,0.422292161,0.422605876,0.421796568,0.422980864,0.421841869,0.419212344,0.423480601,0.421458534,0.424498522,0.423841213,0.422668673,0.414290881,0.419140476
126,0.610649031,0.612284499,0.609632337,0.608687789,0.606232399,0.604326565,0.597540604,0.595398218,0.595686827,0.598436221,0.601244681,0.6041668,0.605459961,0.604432356,0.604949954,0.603339166,0.603048087,0.601844383,0.603856489,0.603463352,0.605040491,0.603566407,0.60567379,0.607231301,0.607742733,0.608410612,0.609616243,0.610886248,0.611343299,0.613456809,0.614880847,0.615880407,0.616489941,0.61770094,0.619548476,0.618888933,0.620754496,0.620362487,0.62083567,0.620507828,0.622342719,0.621776208,0.623525243,0.622700195,0.621852704,0.623233457,0.621546128,0.621305656,0.622001517,0.620098832,0.618896843,0.618918727,0.619096916,0.617862084,0.617397296,0.61656475,0.614486854,0.6139548,0.610619489,0.608081551,0.604459736,0.601266517,0.596572386,0.589882386,0.585383737,0.582953035,0.582190396,0.581029563,0.578864288,0.579259323,0.579044493,0.579259268,0.57919059,0.579091199,0.580435573,0.579739095,0.580177221,0.582396726,0.582120805,0.582907995,0.584742977,0.585361464,0.586128651,0.587856947,0.589402757,0.590639019,0.590239364,0.591558093,0.591348516,0.591946632,0.592406816,0.592266126,0.593496964,0.593542072,0.593770911,0.593756718,0.593690164,0.594004157,0.592768887,0.592564649,0.591360318,0.589216746,0.588964504,0.5867568,0.585222953,0.583996043,0.580634068,0.579077855,0.575754618,0.573546129,0.568864947,0.565727799,0.559601046,0.554605185,0.549876238,0.544942282,0.540681651,0.535232166,0.530731087,0.526042867,0.52272998,0.519217926,0.514312852,0.508296993,0.502183582,0.494776509,0.484004644,0.469876097,0.452746253,0.432657414,0.408543281,0.382227441,0.355085025,0.321080454,0.298243569,0.278247383,0.262873219,0.250820662,0.240338452,0.23340651,0.228001509,0.224621808,0.222129497,0.220410085,0.218590202,0.219265384,0.21917572,0.220004608,0.221393573,0.222670038,0.223557574,0.226389549,0.228473067,0.231734353,0.23554846,0.242250721,0.248193885,0.254038756,0.260234176,0.267294343,0.274178624,0.280115771,0.286810008,0.293685722,0.298468157,0.305965184,0.313802523,0.319321226,0.324424763,0.331418961,0.337250544,0.34243826,0.347899945,0.354043534,0.360309267,0.365203914,0.372087407,0.375495169,0.380350977,0.385686294,0.389612772,0.393011308,0.397906903,0.40146609,0.404372168,0.409141341,0.412637181,0.416165011,0.419853028,0.42320899,0.426313732,0.428504993,0.430394852,0.432574585,0.434715927,0.436645552,0.437533494,0.438566924,0.440171092,0.440590589,0.4450068,0.44513711,0.446266678,0.448486917,0.447637366,0.450027128,0.449766108,0.450681039,0.451039194,0.452209344,0.452029585,0.456416266,0.458730076,0.459054454,0.4602846,0.466712048,0.470626617,0.48212731,0.498528585,0.523254314,0.551241121,0.568126266,0.595749669,0.606579056,0.614098318,0.617616324,0.618109287,0.594883048
258,0.606858114,0.604852037,0.606555263,0.602828415,0.605479115,0.600595494,0.603782942,0.599824826,0.599512466,0.598030075,0.596569686,0.594744824,0.592689972,0.590176649,0.589871176,0.588585674,0.586595235,0.587344299,0.585665322,0.586608971,0.58632048,0.587246109,0.587964936,0.588711641,0.589269125,0.589197438,0.591983274,0.592264057,0.592763252,0.594230392,0.594837303,0.594280022,0.597467842,0.598292842,0.598942475,0.598365241,0.599767946,0.6012526,0.601179598,0.602287053,0.602682349,0.602755734,0.602873089,0.604398171,0.604359059,0.604151566,0.605160078,0.605791107,0.604258691,0.606042416,0.606223401,0.604505008,0.604415453,0.602102203,0.603140676,0.60193302,0.601075456,0.600382148,0.597131901,0.59507384,0.590744426,0.585098183,0.579883253,0.573936342,0.56967938,0.56611659,0.565117795,0.563290465,0.563012527,0.562038372,0.56162204,0.561458903,0.561841773,0.56254846,0.561312992,0.561349361,0.561940516,0.561969807,0.56420084,0.56461403,0.566370292,0.568191769,0.5684997,0.570367051,0.571236119,0.571962996,0.572213126,0.573012575,0.573613984,0.573961863,0.574728808,0.575530211,0.575966949,0.577413348,0.576588362,0.577258888,0.576611757,0.576505935,0.575921869,0.575756369,0.57511553,0.57328489,0.571614497,0.570262724,0.568948006,0.566973192,0.564236625,0.561893252,0.558764007,0.555058567,0.5512336,0.547960108,0.541410276,0.536707288,0.531227667,0.526703999,0.521536045,0.516273065,0.511272088,0.507061958,0.502868258,0.499886656,0.495005903,0.489005835,0.482269882,0.473365844,0.462251197,0.446919218,0.429091476,0.407123639,0.382885513,0.356085882,0.330847803,0.297759704,0.276874258,0.258340887,0.244580106,0.234222442,0.226519015,0.21992099,0.216341093,0.213570477,0.211085603,0.211164298,0.21027765,0.210650084,0.210257254,0.210471208,0.212263177,0.214038229,0.214862062,0.217122689,0.219306576,0.22297784,0.227161197,0.233730551,0.238365994,0.244679079,0.251805895,0.256575575,0.262611497,0.268837382,0.27479007,0.280538392,0.287003107,0.293390209,0.301053497,0.307115386,0.312688159,0.319580817,0.324265277,0.329981806,0.335714521,0.341710323,0.346381535,0.352531992,0.360102101,0.364815772,0.36961681,0.374062436,0.379361031,0.38156752,0.38632677,0.388237843,0.393141288,0.396645582,0.398937193,0.404709762,0.408538719,0.411331513,0.415403194,0.416249969,0.418555501,0.420578963,0.421895033,0.42284061,0.424215037,0.424042779,0.424884673,0.425064524,0.426831489,0.427367915,0.428274234,0.427730452,0.427315145,0.429409853,0.429469846,0.428368566,0.43166647,0.430195989,0.429478244,0.431177915,0.428655507,0.429221154,0.428429443,0.428657864,0.425605628,0.428520829,0.427824578,0.428776099,0.431226971,0.433490395,0.431889042,0.433089587,0.437092784,0.428985861,0.438114258,0.434137662
10,0.566303376,0.572477773,0.569456758,0.567157881,0.56457626,0.562383281,0.557970105,0.558688488,0.558481026,0.558925315,0.560859839,0.558506258,0.56047865,0.558939739,0.557092729,0.555732967,0.554839218,0.555681567,0.555717034,0.557275065,0.556055044,0.556946742,0.558477795,0.558769681,0.560888622,0.560324296,0.56232933,0.563345187,0.563820042,0.564673083,0.566956595,0.567023162,0.568648352,0.567527869,0.571117189,0.571568313,0.572580872,0.573105265,0.573413396,0.573492429,0.574911624,0.574908715,0.575199969,0.575912612,0.576504061,0.575645051,0.576100471,0.576076472,0.575386134,0.574060367,0.57389495,0.574524363,0.573956864,0.573352247,0.573636355,0.574074031,0.573159691,0.571807586,0.570826157,0.567874332,0.56423328,0.560256022,0.556258767,0.552038305,0.548662445,0.545350683,0.54478825,0.544106704,0.543262754,0.54305089,0.54403906,0.54544543,0.54431851,0.544663173,0.544763312,0.545298613,0.545357093,0.547529485,0.547166903,0.548250261,0.548882658,0.54984964,0.551301822,0.55238963,0.553168184,0.553378099,0.554642201,0.554702179,0.555031797,0.555992834,0.556164041,0.556344077,0.556497779,0.557390617,0.557630064,0.557469302,0.558283413,0.55792287,0.557359861,0.556602271,0.555549757,0.554319052,0.55414578,0.553014136,0.550921756,0.54866354,0.547093187,0.54527209,0.542392487,0.539857586,0.536538204,0.533036516,0.527719222,0.523680689,0.519424617,0.516080361,0.511301771,0.507207253,0.502866251,0.498747752,0.496442716,0.491882358,0.488725938,0.483318921,0.477407907,0.471029827,0.461393842,0.4481465,0.431295732,0.412470168,0.389304907,0.365218932,0.339705834,0.308111024,0.287163491,0.269652641,0.255732489,0.244627286,0.235583537,0.230276314,0.226221841,0.222864485,0.220793593,0.219854297,0.218928635,0.219872505,0.220171236,0.221586571,0.222389453,0.224103593,0.224944016,0.2272238,0.230409234,0.23385422,0.237741176,0.244831368,0.250536104,0.257094106,0.262651705,0.269138039,0.276571925,0.281645327,0.288755019,0.294707758,0.301076256,0.308425582,0.315717166,0.321227603,0.32690426,0.333584832,0.339269972,0.344544485,0.351184737,0.357192914,0.36197078,0.368510919,0.374640522,0.379921129,0.383101218,0.38763887,0.39256894,0.397431724,0.401549055,0.404026744,0.407012642,0.411901182,0.41452233,0.420409688,0.422103641,0.42440985,0.427259192,0.429767673,0.432321379,0.432372629,0.435247044,0.435473389,0.437982659,0.436377554,0.439030476,0.438973579,0.441217665,0.440123642,0.44043121,0.443466297,0.442745053,0.442931813,0.443536823,0.444329507,0.443579491,0.444586636,0.443426961,0.446110843,0.451042471,0.449284507,0.446879596,0.453049542,0.459403795,0.462876076,0.476566478,0.490627726,0.505247402,0.510241138,0.528923585,0.534093727,0.530099357,0.536507514,0.537250948,0.52543514
192,0.565244558,0.56718793,0.56909969,0.567736601,0.565463108,0.565930812,0.567362792,0.566638645,0.565321654,0.565462824,0.567232188,0.565806235,0.565085969,0.563107937,0.5612214,0.561511394,0.561093789,0.560573132,0.561067477,0.561291486,0.561511105,0.561598519,0.562197307,0.563916773,0.565226538,0.565837765,0.567373377,0.568479692,0.56863922,0.571993315,0.571303372,0.573723346,0.574193519,0.57383908,0.575180422,0.576157762,0.576017265,0.577188023,0.577012859,0.577976809,0.57734091,0.577883968,0.578750746,0.577524432,0.577718508,0.576965628,0.577078133,0.578294415,0.576462857,0.575787797,0.576340525,0.57541221,0.572851261,0.572491375,0.573127475,0.571023813,0.569711381,0.568305019,0.56655463,0.562971241,0.558432426,0.554370473,0.548442407,0.543600655,0.539270429,0.535378898,0.534928764,0.533539273,0.532168981,0.531562396,0.531413149,0.531468628,0.532135435,0.533090516,0.531700852,0.533123777,0.533229834,0.534444032,0.535091315,0.53627653,0.536192792,0.538618384,0.538364322,0.54001782,0.540695084,0.542074744,0.542563773,0.542114285,0.543816158,0.543701163,0.544250207,0.54554086,0.545740521,0.545355678,0.545123376,0.545542065,0.545466356,0.545306883,0.544677314,0.543704491,0.542689655,0.540887071,0.540132283,0.538906495,0.536630152,0.535318658,0.532944996,0.529580104,0.527229171,0.522992055,0.519176303,0.516286743,0.50998127,0.505474815,0.49978099,0.494861809,0.489517482,0.485779879,0.481222441,0.47740629,0.472798547,0.469306186,0.464979738,0.459741098,0.452879621,0.444423526,0.434331368,0.419556184,0.403160355,0.382747227,0.359613601,0.33490943,0.309129102,0.278071884,0.256603345,0.240308658,0.225875492,0.214620282,0.206579161,0.200658151,0.196375967,0.193274475,0.191240256,0.189831445,0.188282346,0.188674951,0.188731506,0.188542889,0.189759409,0.19173955,0.193185169,0.194102728,0.195872343,0.198656689,0.20355123,0.209665951,0.212721671,0.21841033,0.223847134,0.22985834,0.23521002,0.24178669,0.246635005,0.251999546,0.257594304,0.263148356,0.271593337,0.276268725,0.28166557,0.2868447,0.293340116,0.298353981,0.302817831,0.308512855,0.313878924,0.320636586,0.325656969,0.331197742,0.334642187,0.339454053,0.345198573,0.347626554,0.352330772,0.355098259,0.359745876,0.36323588,0.366197682,0.37101868,0.373667634,0.375575543,0.378545766,0.382746625,0.383053328,0.386175128,0.387208383,0.38841015,0.38917414,0.390736162,0.39262794,0.392536607,0.395395737,0.396291416,0.396546114,0.396486319,0.400518918,0.400289152,0.400495607,0.401596268,0.403138742,0.40092475,0.402903648,0.402153947,0.399269104,0.399975416,0.400193884,0.402498487,0.401723801,0.403815396,0.400881416,0.405712939,0.410709471,0.411751097,0.415700477,0.415967394,0.424073493,0.419306736,0.419149906,0.415182381
227,0.592911949,0.59056829,0.595605939,0.594373841,0.592741712,0.590174356,0.591708364,0.589142749,0.586935669,0.587451251,0.588193339,0.586427853,0.586824503,0.5839133,0.584501128,0.581914999,0.582571811,0.58242208,0.581872874,0.581999787,0.582324289,0.583445736,0.583032255,0.584277252,0.58452254,0.58501704,0.587035683,0.586695679,0.58754138,0.588790411,0.589406396,0.591132676,0.59140198,0.593381366,0.594152723,0.593790597,0.595454071,0.594364001,0.59612619,0.596028644,0.59675414,0.59687497,0.597234872,0.596159941,0.597996531,0.596648133,0.598878057,0.598311264,0.597685143,0.597650434,0.598745616,0.597654139,0.597553066,0.595410229,0.596234862,0.594482222,0.593950956,0.593655359,0.590781458,0.589841606,0.585277815,0.583329915,0.57976338,0.575026729,0.571929714,0.569071696,0.568223816,0.567068296,0.566386548,0.566287658,0.567546873,0.567388061,0.565853449,0.567720125,0.567421851,0.567207072,0.56825585,0.568982197,0.56866872,0.570848316,0.571308461,0.572287617,0.572715366,0.573820681,0.574754016,0.57492245,0.57535693,0.57622364,0.576799096,0.576221112,0.576809611,0.577484413,0.577180071,0.577898828,0.578327934,0.577609247,0.57836787,0.577738468,0.577461978,0.577274639,0.576644707,0.574961564,0.573191565,0.572849249,0.571771227,0.570029373,0.56917884,0.566631389,0.564017191,0.562067398,0.558834889,0.555999564,0.551381492,0.547786346,0.544229949,0.540940063,0.53660403,0.532549764,0.529656621,0.526386638,0.522887592,0.520779209,0.518244601,0.512830692,0.507940473,0.501149489,0.491428703,0.47926073,0.463976936,0.445852956,0.424198267,0.39995381,0.374371196,0.342774008,0.321917493,0.30281895,0.287662047,0.274930426,0.266612743,0.26024943,0.2552894,0.252207198,0.24967842,0.248838052,0.248126723,0.247698983,0.248179615,0.248778296,0.250397429,0.251700798,0.254095057,0.254859467,0.25929148,0.26155067,0.267553783,0.275139385,0.280709715,0.288129101,0.294824964,0.301726388,0.307671243,0.314442927,0.321374218,0.327279406,0.333804628,0.340316819,0.348603365,0.353424945,0.360673485,0.36631313,0.37259154,0.378126997,0.383974824,0.388267213,0.394405989,0.400386831,0.406091008,0.410982226,0.415751136,0.420689686,0.424355376,0.428510225,0.432743289,0.435577698,0.43830561,0.443570077,0.44553115,0.450269736,0.452321625,0.455112967,0.457445359,0.46049815,0.460768192,0.46258619,0.462807716,0.46377278,0.463883977,0.464767027,0.465532031,0.465740633,0.464605389,0.466299918,0.466437285,0.466749314,0.4673932,0.46881526,0.468834979,0.469758239,0.468093934,0.465923812,0.46780039,0.467845347,0.466906649,0.466546582,0.466579517,0.468509602,0.466846933,0.466149018,0.467866728,0.469394512,0.469095861,0.473784057,0.476694198,0.481329417,0.475093783,0.478018626,0.481342286,0.478493745
72,0.563140047,0.561577116,0.560937286,0.559287293,0.558420271,0.553477552,0.552432359,0.550831681,0.549960793,0.55421531,0.555272232,0.555330733,0.555427665,0.555343777,0.554662333,0.554659227,0.55320709,0.553525173,0.555432123,0.554095326,0.554075859,0.555309614,0.555819657,0.556538958,0.556992666,0.557353786,0.558914765,0.560275607,0.560519427,0.562076097,0.562996471,0.564180813,0.565268998,0.566135854,0.56640078,0.567634484,0.566829429,0.567349169,0.568371052,0.568455662,0.5690965,0.568727779,0.570250763,0.569609822,0.570634673,0.57121811,0.569970715,0.56907844,0.569270589,0.569178661,0.568312268,0.568121649,0.568667494,0.567213768,0.567130061,0.566080888,0.565080369,0.564573515,0.563346664,0.561145276,0.557223924,0.554881659,0.552578867,0.547588469,0.545430253,0.54274777,0.542743807,0.541903505,0.540194547,0.540319219,0.540931064,0.541705272,0.54051327,0.541642513,0.54123127,0.540404236,0.541852109,0.542833151,0.543362499,0.543878009,0.544610119,0.54566611,0.546513448,0.547830056,0.548071317,0.54890091,0.550195154,0.550191066,0.550108879,0.551073035,0.551935411,0.551623981,0.552206018,0.552125542,0.552252745,0.552545304,0.553020542,0.552769497,0.553178027,0.551953673,0.551461467,0.550301604,0.550052836,0.548338444,0.547615775,0.54630697,0.544352271,0.543004186,0.54052042,0.539248406,0.536710278,0.533967842,0.528983143,0.526425788,0.522751363,0.518980243,0.515429902,0.512213976,0.509147893,0.504893791,0.502220004,0.49982089,0.496816143,0.491585855,0.486920204,0.481179393,0.472852781,0.4614881,0.447944252,0.430481648,0.410846655,0.389654751,0.365487081,0.335663292,0.314538076,0.296303513,0.281580803,0.269331446,0.260778389,0.253688645,0.249768838,0.245627945,0.243993792,0.241797959,0.241088371,0.241067446,0.242506309,0.242428932,0.243567916,0.244863969,0.246165348,0.248430035,0.250976106,0.253520975,0.258910854,0.265744334,0.271954376,0.277156701,0.284452605,0.289566192,0.2965161,0.303053362,0.308477199,0.314516991,0.320602813,0.326827386,0.334941129,0.340439407,0.345398606,0.351503603,0.356475084,0.361623715,0.367018102,0.371707082,0.377372294,0.380812893,0.388091025,0.393123424,0.396003253,0.399754442,0.403237155,0.406767907,0.410516384,0.41413022,0.416442905,0.421085487,0.422990094,0.427323724,0.430185508,0.432761405,0.435072407,0.435875322,0.437796168,0.439616694,0.441113196,0.441929391,0.443716487,0.444196281,0.444623386,0.444998512,0.446096176,0.447235851,0.446485818,0.450527111,0.448813009,0.449576268,0.448884605,0.450693114,0.45109334,0.449825375,0.45106102,0.453744152,0.455142211,0.456456693,0.457066579,0.460521308,0.464039308,0.475125762,0.486598552,0.503933245,0.515439389,0.5302146,0.550210407,0.554425986,0.551675433,0.551536109,0.556057252,0.556979702
179,0.544775868,0.543958253,0.546082268,0.543606404,0.54131414,0.539482064,0.53560669,0.535420419,0.534968459,0.537496949,0.54004676,0.540854168,0.542059393,0.541661364,0.541661873,0.540642186,0.540340167,0.541281644,0.541523776,0.541137885,0.541356132,0.542013842,0.543282151,0.544568695,0.546739525,0.546604608,0.54899067,0.548624304,0.550687512,0.552317023,0.553120606,0.554083726,0.554279118,0.555372178,0.556090492,0.555910222,0.555610592,0.557061979,0.557133895,0.557084162,0.557011199,0.557336408,0.557907882,0.557120244,0.557062016,0.558321923,0.556735851,0.555521259,0.554696811,0.554200591,0.552916445,0.552936851,0.551304303,0.551651856,0.549212727,0.549752698,0.547766555,0.547509111,0.542798826,0.541399287,0.537225603,0.532230832,0.528170163,0.522649991,0.518251624,0.515319673,0.515344902,0.512697053,0.512917462,0.511662213,0.512977303,0.511958479,0.512885475,0.512457263,0.512808785,0.512658473,0.513285822,0.514522159,0.514387752,0.516134318,0.516788123,0.518643162,0.519438711,0.521080674,0.521518142,0.52135019,0.52204034,0.522793218,0.523750189,0.524431291,0.524872182,0.524496669,0.524938877,0.525509109,0.525199262,0.526474196,0.525917847,0.525518177,0.525336056,0.524412275,0.523551654,0.522081919,0.521531741,0.520042448,0.518239189,0.516482859,0.514122055,0.512125125,0.508826396,0.505551119,0.502290929,0.498313249,0.493036,0.488403314,0.484094453,0.479446167,0.474955026,0.470165499,0.46611693,0.462205153,0.458504388,0.455321093,0.451238879,0.445441779,0.439818991,0.43244186,0.421683934,0.408872629,0.392336134,0.37371522,0.350998313,0.326658996,0.301892091,0.271218713,0.250836562,0.234168544,0.220408131,0.210998678,0.20275032,0.196798284,0.193509314,0.190050774,0.189289349,0.187322364,0.187220393,0.186999825,0.187916862,0.189139137,0.189092433,0.190767353,0.191485142,0.194205491,0.196424687,0.198954631,0.202617849,0.209694578,0.213751987,0.219454875,0.225923641,0.23180461,0.238122982,0.243690102,0.249930053,0.25538269,0.26096232,0.268075064,0.275286998,0.280651569,0.285971372,0.292168901,0.297327385,0.303988805,0.308670264,0.314030362,0.319462515,0.324801029,0.33313649,0.335826038,0.341160597,0.344451278,0.349143687,0.353213411,0.358805989,0.361328025,0.365730424,0.370392367,0.374333199,0.377250218,0.381300913,0.382820903,0.386634911,0.388457191,0.391016056,0.394445924,0.395135808,0.396242401,0.398865006,0.398566042,0.39932924,0.399966932,0.401759918,0.40410966,0.404693823,0.405494003,0.405942952,0.405548636,0.406744866,0.408252966,0.409317339,0.409208026,0.410165537,0.41182479,0.416159136,0.416075557,0.416272527,0.418885238,0.424679996,0.43470059,0.449869391,0.470601176,0.488341509,0.50817595,0.527610742,0.542166019,0.534969803,0.550149146,0.538894856,0.53885093
222,0.550573592,0.555956789,0.553800734,0.551980957,0.554221689,0.550255638,0.551212614,0.549517392,0.549625431,0.548495347,0.549080055,0.548687004,0.547038136,0.545363741,0.545011283,0.543708222,0.544129655,0.543862938,0.543376289,0.544440266,0.543322062,0.544011952,0.544859066,0.546200698,0.546642051,0.546857445,0.549273344,0.549936971,0.551050607,0.551358267,0.551815593,0.553916697,0.554670967,0.55610895,0.554873537,0.555540659,0.556954065,0.558216948,0.557636769,0.558103532,0.557882769,0.557584549,0.55832618,0.558979479,0.559721165,0.558358448,0.558484781,0.558444155,0.558201159,0.559181079,0.558895502,0.557452075,0.556841349,0.555025326,0.556227975,0.555054891,0.555075867,0.551343566,0.549802295,0.548407495,0.545526784,0.541770211,0.536816914,0.532119764,0.528952543,0.526188247,0.525710029,0.524171562,0.523751196,0.523099971,0.52358696,0.52315954,0.522677109,0.523983888,0.523739197,0.523670958,0.524135076,0.525010299,0.525409679,0.526013346,0.527613693,0.529475992,0.529452211,0.530162809,0.531363727,0.531487353,0.532173407,0.533068747,0.533113981,0.533389718,0.53325355,0.534340782,0.534507847,0.534622411,0.535188141,0.535021983,0.535622037,0.535383336,0.534611495,0.533280216,0.533420938,0.531972848,0.530436125,0.529929899,0.528223608,0.527502052,0.525030871,0.522835445,0.520695943,0.517279779,0.514661876,0.511787571,0.506910331,0.503326306,0.499197443,0.495906644,0.490782689,0.487303593,0.484502523,0.480651073,0.477334466,0.474795906,0.47090807,0.466605348,0.461369972,0.454320455,0.444699127,0.432582067,0.417556491,0.399929271,0.378530933,0.355993503,0.332091592,0.303842718,0.28383879,0.267077677,0.253517375,0.243208584,0.236187587,0.230057151,0.226779271,0.223380969,0.222814857,0.221333514,0.221433572,0.222249568,0.222645881,0.221917045,0.223883242,0.225563311,0.227118011,0.228696824,0.231900749,0.235847961,0.238964378,0.245431938,0.251122938,0.257123243,0.262566719,0.268114867,0.27364461,0.279496593,0.286081922,0.290907762,0.296489692,0.30256858,0.310322458,0.314037684,0.319847678,0.324957172,0.330693916,0.336518101,0.339882288,0.347053258,0.351253032,0.356619944,0.362490095,0.366029641,0.370096797,0.375124915,0.378300967,0.382091408,0.386835905,0.388432795,0.392463395,0.395542385,0.39866643,0.4021729,0.404434072,0.406735196,0.410000382,0.411771565,0.412200993,0.414412184,0.415487516,0.417048069,0.416438954,0.41691913,0.419836318,0.419711295,0.421009931,0.421788779,0.41938856,0.420869565,0.423445063,0.425143549,0.422089362,0.422818211,0.424222332,0.423010435,0.423207737,0.423048731,0.420643937,0.422526688,0.420718154,0.421539666,0.423899783,0.423423673,0.425035949,0.426305501,0.427729042,0.432503297,0.438784815,0.440831535,0.43911362,0.44057641,0.438161433,0.439058046
172,0.54495847,0.545842642,0.546978904,0.543433037,0.547406655,0.543844302,0.543930548,0.542752516,0.542899045,0.54297738,0.543827092,0.542761362,0.540989657,0.539632131,0.539604102,0.536626663,0.537538031,0.537863324,0.538204062,0.53741723,0.539285884,0.539389479,0.541335723,0.540002578,0.540618994,0.539673994,0.543985825,0.54437091,0.544595986,0.545265948,0.545179351,0.548141962,0.547972525,0.549102096,0.549177928,0.550034443,0.552180723,0.551111256,0.550692439,0.552059549,0.552715678,0.551516531,0.55328246,0.551913714,0.553012718,0.553289398,0.553289896,0.55310141,0.552185094,0.552010909,0.552934471,0.551590932,0.550460166,0.549694823,0.550846582,0.549133395,0.548749257,0.548308335,0.545144567,0.543151109,0.539714021,0.537471527,0.533321346,0.530840574,0.526880974,0.524382233,0.523615896,0.522468156,0.521776754,0.522194286,0.522550761,0.52188985,0.523070066,0.524495627,0.522868421,0.523319799,0.524675154,0.525041987,0.525088434,0.526154037,0.527978147,0.528282263,0.530063792,0.529935251,0.530580046,0.531030467,0.532345135,0.532070236,0.532391154,0.533068623,0.533148773,0.533918076,0.5334996,0.534879524,0.534210518,0.534795644,0.535215487,0.534363257,0.534677031,0.533402681,0.533050716,0.531558031,0.530906504,0.530137051,0.528005555,0.527158339,0.525980967,0.523025657,0.521436795,0.518373345,0.515728974,0.513511848,0.509103654,0.505668957,0.501992704,0.498980454,0.495079753,0.490982025,0.488336348,0.485456525,0.482773425,0.479413177,0.476917508,0.471699743,0.467447564,0.460487285,0.451532458,0.439462349,0.425653732,0.408510168,0.387763509,0.364824979,0.341888348,0.31201265,0.292062489,0.274734103,0.260994265,0.250053758,0.242205265,0.236500354,0.232701471,0.230324252,0.228391087,0.227450598,0.227704067,0.228628358,0.228351705,0.230143154,0.231276108,0.233291142,0.234487283,0.236680078,0.240423255,0.243888882,0.249096327,0.255669284,0.262083181,0.26808891,0.274369334,0.280784432,0.287287747,0.293379019,0.299710152,0.306286815,0.31223417,0.318111399,0.325661949,0.331471033,0.336435592,0.343026303,0.348465902,0.353594962,0.360151945,0.364326111,0.369345358,0.37485046,0.380617631,0.384125927,0.389402949,0.39266822,0.39667007,0.400264505,0.404504067,0.407126611,0.410047012,0.413895806,0.416364695,0.419697958,0.422594506,0.423474141,0.427514543,0.429704614,0.429721803,0.432117923,0.432988906,0.433630112,0.433455959,0.435226474,0.434841592,0.434597227,0.433924651,0.434976135,0.436536837,0.436638626,0.43746457,0.438551399,0.439485396,0.43817511,0.436669907,0.437818924,0.438172031,0.439329177,0.438336915,0.435995991,0.439563076,0.438333528,0.437937354,0.435112265,0.436260326,0.437550542,0.436681253,0.441317776,0.438611118,0.439023416,0.444154095,0.440671303,0.441746733,0.437369501
81,0.626710307,0.623981446,0.626455049,0.622499833,0.622488153,0.618877986,0.614327649,0.614856664,0.613468523,0.614275047,0.616483609,0.615238053,0.614251735,0.614190287,0.611231592,0.610254499,0.609438097,0.608771467,0.610686504,0.60814834,0.609795577,0.609310021,0.609782043,0.610909827,0.612295176,0.612651157,0.614302164,0.615567826,0.61525229,0.617851886,0.619751264,0.619534525,0.618770772,0.620061314,0.620733995,0.619918609,0.622017466,0.621949316,0.621719625,0.622132669,0.621391893,0.620695205,0.622384973,0.622586609,0.622820451,0.62215938,0.620527318,0.621838587,0.621305693,0.620551551,0.621025166,0.620920909,0.621190969,0.619873854,0.619345693,0.618992725,0.618644553,0.616857976,0.613875348,0.61212344,0.607756697,0.603913133,0.598568927,0.5937267,0.589629196,0.587690423,0.586214012,0.583862247,0.582922173,0.583282255,0.584050473,0.583013465,0.582983889,0.583261366,0.583482864,0.583096124,0.582987333,0.584530215,0.585195906,0.586187184,0.586850788,0.587450501,0.588345591,0.590510309,0.591132335,0.590952194,0.591857417,0.592441784,0.592133871,0.593731513,0.593752971,0.593851628,0.594078619,0.594075409,0.59478668,0.595168317,0.595095465,0.594888382,0.594786971,0.593703878,0.593388063,0.591977817,0.591179492,0.589191384,0.587550738,0.585154629,0.582844578,0.5808983,0.578174465,0.574978722,0.571852926,0.567813793,0.562531177,0.557977567,0.553257305,0.54824697,0.543789195,0.538027994,0.534970936,0.53036963,0.526820215,0.52331014,0.518748874,0.512132185,0.506660778,0.499027554,0.487329209,0.473443007,0.455795444,0.435519347,0.411475278,0.385182375,0.358400514,0.324879266,0.302505257,0.284566405,0.268915255,0.25616619,0.247952988,0.241403585,0.23699377,0.23333159,0.231302704,0.229360943,0.229140534,0.229164158,0.229878796,0.229945182,0.23113241,0.232724102,0.234635067,0.235854409,0.239473206,0.242777799,0.246660638,0.253756337,0.2594724,0.265733563,0.271314675,0.279056179,0.285257875,0.292423139,0.298192568,0.304599745,0.311053457,0.317639278,0.325342071,0.33206975,0.338815531,0.345506275,0.351087211,0.356586552,0.362708639,0.36830229,0.375491095,0.38100501,0.388732048,0.393565798,0.398987749,0.403595574,0.407807257,0.413542419,0.417548594,0.420667332,0.423766249,0.429233588,0.434198259,0.438561333,0.441534913,0.444486803,0.447701645,0.450607524,0.451365247,0.454242388,0.458523675,0.458609925,0.460301529,0.458879232,0.462134444,0.461598492,0.463211562,0.464897086,0.465893788,0.46635858,0.467697711,0.469964313,0.469805599,0.469244578,0.468345204,0.470788893,0.470859382,0.472982463,0.475930025,0.476326855,0.475595821,0.478557531,0.481151559,0.492490568,0.50463909,0.521327518,0.536022357,0.547943292,0.563291955,0.566355346,0.569533736,0.566925693,0.560353331,0.543688594
65,0.606726503,0.607058369,0.60803944,0.604119499,0.604728835,0.60037566,0.596637763,0.596331187,0.596154972,0.598048507,0.600787176,0.601262551,0.603681402,0.603062043,0.60121376,0.600877352,0.599151076,0.599504295,0.601979737,0.601750396,0.602383089,0.603295622,0.603644118,0.604123706,0.60575656,0.606773993,0.60888774,0.609225118,0.608986716,0.611819427,0.612478232,0.613293916,0.613590028,0.615345222,0.61584956,0.617159546,0.616406874,0.618820591,0.61803648,0.617981094,0.619011237,0.618907947,0.618930412,0.619582633,0.620628504,0.620168466,0.619131888,0.620543638,0.618729459,0.620254529,0.616651867,0.618031504,0.617941414,0.618204413,0.61658721,0.616493135,0.614988804,0.615134712,0.611153899,0.609460784,0.607058413,0.603051393,0.599347535,0.5942999,0.590873333,0.588027445,0.588426895,0.585212931,0.586002777,0.585307001,0.58578051,0.586368577,0.586426915,0.586053307,0.586459787,0.586458954,0.586367891,0.588075263,0.58778042,0.588768079,0.590208963,0.591106772,0.591424474,0.593233214,0.593618051,0.595660329,0.595252903,0.595909627,0.597189381,0.597510269,0.597649649,0.598290372,0.598452534,0.5986543,0.599210813,0.599499538,0.599736701,0.599679468,0.599684997,0.598804861,0.597977325,0.59664858,0.596154016,0.595239003,0.593974079,0.591760321,0.589429479,0.587968739,0.5859847,0.582573072,0.580058564,0.576962097,0.571754583,0.568437668,0.56462638,0.56016887,0.556471933,0.552153735,0.548467315,0.544431611,0.542339892,0.539000504,0.534532255,0.529620227,0.523608722,0.517170018,0.507981619,0.495838342,0.479616854,0.461175326,0.437964082,0.413780184,0.387193005,0.354943352,0.332369713,0.312571798,0.297482877,0.284373626,0.275518147,0.267721611,0.263070194,0.260036356,0.257389116,0.255997191,0.255257065,0.25556541,0.257143638,0.257376762,0.259709827,0.260308685,0.262209461,0.26455653,0.268200149,0.27136094,0.276162638,0.284041804,0.290828927,0.296621996,0.304543042,0.310900121,0.317442728,0.324861995,0.331184431,0.338797145,0.345380734,0.351602604,0.360195321,0.366790625,0.372610533,0.380095136,0.385021793,0.390389497,0.396908873,0.402329106,0.40729871,0.413785809,0.420730503,0.425490057,0.430542322,0.433709597,0.439983745,0.442628945,0.446157614,0.450445612,0.451843616,0.456109181,0.458707774,0.465360127,0.466746593,0.469974431,0.471363098,0.474637896,0.4763871,0.477953164,0.480221875,0.480540895,0.480142246,0.481475414,0.483316861,0.483330578,0.483507115,0.48487143,0.484937704,0.487167107,0.486961892,0.487842061,0.487196665,0.489015633,0.488704236,0.488846279,0.490745796,0.493397233,0.493613411,0.496453341,0.497568549,0.500297477,0.505129136,0.514819338,0.526845882,0.547680637,0.564755453,0.581135953,0.593311531,0.595421109,0.610510423,0.607128608,0.597878263,0.57999601
89,0.630276686,0.636842145,0.63638101,0.632890148,0.637742744,0.633538192,0.632246157,0.633904107,0.633629626,0.633747322,0.635913164,0.633508131,0.63522109,0.632788708,0.630935382,0.632321062,0.631216496,0.630668689,0.631760445,0.631679399,0.632880074,0.631934603,0.63389337,0.63441983,0.636328953,0.636496337,0.638860805,0.638781926,0.640225532,0.642435801,0.643240002,0.644111525,0.643499664,0.644869662,0.646325023,0.645495991,0.648506702,0.647018307,0.649416721,0.648143652,0.648763325,0.648398649,0.648598055,0.649134314,0.648627149,0.649254498,0.648151948,0.647945088,0.647184604,0.646568604,0.645746362,0.645713443,0.644266659,0.644819073,0.642668552,0.643113712,0.640869642,0.640337152,0.637965773,0.635984276,0.631395351,0.627325071,0.622866792,0.618901252,0.614345393,0.612337118,0.608294109,0.606855847,0.60651861,0.60634264,0.6067398,0.604723225,0.605416393,0.605840653,0.606274966,0.6065005,0.607035493,0.607951892,0.607326141,0.608303299,0.610059265,0.612688356,0.612855372,0.614084125,0.614654367,0.615880247,0.616076721,0.616899624,0.617508457,0.619428398,0.618996819,0.619444572,0.620345125,0.62117142,0.621887683,0.620992127,0.621097155,0.620052135,0.620615106,0.619754419,0.618734947,0.617748784,0.616350733,0.61582334,0.613640197,0.611686681,0.610177752,0.607997148,0.605025069,0.60254257,0.599069447,0.595803092,0.59095241,0.586710069,0.582094934,0.577857958,0.573249791,0.569219458,0.565009682,0.560741293,0.557823523,0.554775245,0.550921268,0.544964307,0.538005274,0.531083784,0.521358471,0.508011899,0.492178368,0.470832409,0.447298841,0.42231178,0.395506636,0.359150565,0.336190035,0.316029949,0.29968552,0.286168581,0.275900672,0.268991427,0.263112829,0.260181105,0.257145709,0.255498665,0.253973112,0.254817471,0.254183561,0.254785879,0.25595526,0.256856217,0.259079971,0.260420678,0.263337598,0.26723731,0.272059513,0.27935154,0.285737134,0.292190941,0.299366899,0.307416495,0.312932929,0.319838057,0.327583557,0.334226356,0.341297851,0.347837665,0.356410388,0.362338541,0.369390191,0.375773425,0.382656128,0.388588135,0.395833852,0.401949254,0.4080949,0.413761056,0.420865742,0.428437997,0.431012153,0.436671628,0.442493053,0.44772235,0.450776596,0.455903577,0.459175365,0.464097792,0.466679931,0.4728387,0.47462431,0.478870725,0.481165681,0.484516752,0.48700795,0.489007201,0.491272731,0.491958969,0.493380308,0.493831771,0.495668171,0.494981683,0.497060556,0.496685712,0.498577905,0.498032759,0.499292917,0.501334852,0.500512465,0.500674597,0.500775726,0.500509623,0.502481933,0.503830953,0.50540192,0.505764191,0.507071109,0.51108695,0.510150283,0.514088925,0.519220043,0.52476449,0.526941031,0.526925774,0.528521876,0.525001714,0.520641788,0.5144892,0.515579526,0.510035348
162,0.509093333,0.512807173,0.515091149,0.518516049,0.512795888,0.513700156,0.515455362,0.516520468,0.517654287,0.516171162,0.516977484,0.516300305,0.515136449,0.513938301,0.513653632,0.512494761,0.512335715,0.512871972,0.513148017,0.512308099,0.514459015,0.514647678,0.515786033,0.515766185,0.515886167,0.516894802,0.518807829,0.520308474,0.520843625,0.522394975,0.521627018,0.522901079,0.524028818,0.524609189,0.523378273,0.524535254,0.525204497,0.524042401,0.52491865,0.523981536,0.523329914,0.523442463,0.522810881,0.523841298,0.522454929,0.520960497,0.522089589,0.520078725,0.519137065,0.519808953,0.518239906,0.517097927,0.516090113,0.514264287,0.51461172,0.51316065,0.512973055,0.511394997,0.508340764,0.505142212,0.500944846,0.498111904,0.493221852,0.487460542,0.484921712,0.4802767,0.480365439,0.478786338,0.477376186,0.477661125,0.477691881,0.477348336,0.477749083,0.477049282,0.477016499,0.477412889,0.477278159,0.477586262,0.478770189,0.479137432,0.481075464,0.482000247,0.482832432,0.483117824,0.48422321,0.484304417,0.485645449,0.485448337,0.485943272,0.485586321,0.486626218,0.487181446,0.48646691,0.487530822,0.486643871,0.486790212,0.487256337,0.48651145,0.486319988,0.486092852,0.48555403,0.484232588,0.48289465,0.481272145,0.48018437,0.478799353,0.476404289,0.474189812,0.471728202,0.468473839,0.46555532,0.463216872,0.456762673,0.453727965,0.449132028,0.445234293,0.440964281,0.437582238,0.433369762,0.430475975,0.426044823,0.423776259,0.420533024,0.415205299,0.409364671,0.40292867,0.393728545,0.380723429,0.365750351,0.348048189,0.326954257,0.304265622,0.281384936,0.252613627,0.23361625,0.217661027,0.205481298,0.194919955,0.188286929,0.183144022,0.178643117,0.176121529,0.175022818,0.172999125,0.171929484,0.172031773,0.172545215,0.173057444,0.173956878,0.174278773,0.175486007,0.17744898,0.179668951,0.182312118,0.186033053,0.191324419,0.196905927,0.202206086,0.207338755,0.212615116,0.218335515,0.223830136,0.22935308,0.234293539,0.241795595,0.247071593,0.253289351,0.258700848,0.26360827,0.269884178,0.275740398,0.280329653,0.285342495,0.291665104,0.296013962,0.30222481,0.308430073,0.311710109,0.316795997,0.320338459,0.325068801,0.330054182,0.333279657,0.337552499,0.34133753,0.345529933,0.348276735,0.351704875,0.354999382,0.358378841,0.359616842,0.362967241,0.365419499,0.367628726,0.367625794,0.370776272,0.371171477,0.372583545,0.374251801,0.37458335,0.374099695,0.376000569,0.375510571,0.379410254,0.377937991,0.380575241,0.380050863,0.380508068,0.380379204,0.381321725,0.381595934,0.383091651,0.383323524,0.382865761,0.381446883,0.383813218,0.38262679,0.382751579,0.38502873,0.385050335,0.381675273,0.388045314,0.38664096,0.385229361,0.384365237,0.378353464,0.382164704,0.380086061
98,0.616947006,0.623121768,0.619883628,0.620664364,0.61846277,0.617025901,0.616805221,0.616563162,0.615054104,0.615189827,0.615195059,0.613386971,0.61211648,0.610341576,0.60810363,0.606954157,0.605362229,0.60435553,0.604293621,0.606918351,0.605691636,0.605706466,0.606969198,0.608229634,0.610590936,0.611094206,0.613445339,0.614889791,0.61561529,0.618092549,0.617694958,0.619435779,0.620719162,0.620927539,0.621595831,0.623059995,0.624472368,0.623799864,0.625268917,0.626557239,0.626475552,0.625501323,0.627575662,0.627797412,0.627716957,0.626933678,0.627947007,0.628340108,0.627018205,0.626914842,0.627382587,0.625888238,0.624816643,0.623364216,0.623796132,0.622448887,0.622062443,0.619933068,0.617597143,0.613877386,0.610714643,0.604849244,0.599516657,0.593416944,0.588819837,0.584942097,0.583348336,0.580492614,0.580449368,0.57940502,0.57985,0.57972866,0.579853257,0.57989331,0.578519451,0.58000634,0.579894807,0.580744074,0.582087127,0.582602467,0.584838359,0.58612987,0.586642086,0.587960783,0.589063137,0.589743766,0.591126958,0.592011235,0.593298911,0.592959418,0.593837485,0.59447556,0.594939731,0.595205243,0.59561817,0.596094578,0.595895373,0.595729229,0.595276006,0.594703023,0.594141714,0.592340382,0.59115543,0.589722085,0.587515565,0.58585306,0.583795146,0.58032951,0.577602815,0.574328207,0.569653207,0.566571686,0.55952422,0.554759652,0.548329184,0.543226273,0.537283734,0.531681771,0.528125429,0.522765648,0.517904595,0.514771985,0.510862349,0.502790401,0.495948272,0.487257666,0.4754622,0.460580585,0.441838866,0.418832792,0.393544321,0.364436986,0.335486675,0.299624447,0.275529203,0.255072094,0.238997217,0.225482497,0.215473491,0.207858068,0.202926547,0.198549683,0.196772243,0.195437255,0.193800851,0.193861932,0.193991245,0.194599737,0.195858481,0.196703854,0.197839813,0.200908354,0.202798429,0.206665439,0.21049396,0.217640688,0.223191404,0.230206841,0.23620885,0.242268806,0.249028795,0.255722298,0.261440983,0.26853823,0.275279484,0.282179347,0.290557848,0.296420347,0.302567937,0.30871564,0.315301256,0.320456091,0.326022041,0.331680858,0.338427984,0.344243068,0.350000216,0.354370804,0.359648187,0.364373803,0.368490221,0.372903574,0.376828445,0.379462556,0.384495092,0.38849736,0.391297637,0.396508967,0.398356036,0.400706714,0.405080061,0.40967535,0.409194681,0.413951547,0.413798554,0.415775736,0.417494367,0.418970815,0.419601215,0.42195829,0.422480222,0.423360557,0.424324661,0.424971221,0.428808669,0.428539407,0.428772779,0.427719516,0.431170194,0.429554496,0.431627029,0.431027783,0.432054493,0.43012415,0.431543335,0.432415255,0.428182879,0.431149655,0.431387503,0.433526269,0.431759265,0.430004704,0.425132227,0.431900823,0.429218494,0.429080754,0.436840533,0.424369519
56,0.623859093,0.627112486,0.626339727,0.624636613,0.622802423,0.622888263,0.622038006,0.621249228,0.619413961,0.620636425,0.622733924,0.620127404,0.619611901,0.61810885,0.616348366,0.615600947,0.614486559,0.614628341,0.616290619,0.615623293,0.616406305,0.616323093,0.616812534,0.61797539,0.619495054,0.619968639,0.621974949,0.622755135,0.623508488,0.625100153,0.626013894,0.626121705,0.628210618,0.627621958,0.628810933,0.629415027,0.629900465,0.629564202,0.630549668,0.630085083,0.631563569,0.630472278,0.632030259,0.632139879,0.633030186,0.631559977,0.62995734,0.63103104,0.630033587,0.629258618,0.628195758,0.629866679,0.628623915,0.628837722,0.627441897,0.627223815,0.625486192,0.625806217,0.621848834,0.619483066,0.61689847,0.61396896,0.60970215,0.605001056,0.601630205,0.598415784,0.597488978,0.595486882,0.59629625,0.59508953,0.595037727,0.595054167,0.596646533,0.59582313,0.596377653,0.596441086,0.596061631,0.596689008,0.597966223,0.598484609,0.599493979,0.60009018,0.601335922,0.601897653,0.60346375,0.603362003,0.603298125,0.604430809,0.604109685,0.604300905,0.605521406,0.604207042,0.605353528,0.606208821,0.6063902,0.606361521,0.606323858,0.606610502,0.605431225,0.604947382,0.604135107,0.603305895,0.602389832,0.601239718,0.599432383,0.59734459,0.595396544,0.593061321,0.590713673,0.589300288,0.58607681,0.582307732,0.577183299,0.573779838,0.569065956,0.565621237,0.560764007,0.557489205,0.553978076,0.549341859,0.545866269,0.543109415,0.53947067,0.533848495,0.528437708,0.522205872,0.512749127,0.499346882,0.483448946,0.464336764,0.440891352,0.415385411,0.389020035,0.354932472,0.331817963,0.311706713,0.295912418,0.282068051,0.272601334,0.265587241,0.260544005,0.257610433,0.255225281,0.253411277,0.25297391,0.252918163,0.253258906,0.2542713,0.254990223,0.256829438,0.258657363,0.260821843,0.264743217,0.267468224,0.27242596,0.279768237,0.285846859,0.292576728,0.299094693,0.306081928,0.313764242,0.320681592,0.327128465,0.334464179,0.340494699,0.347240812,0.357079803,0.362595794,0.368952821,0.375370893,0.381427828,0.387890551,0.394256414,0.400173934,0.405797163,0.411802037,0.417703206,0.423162593,0.4287291,0.433085413,0.437303919,0.441999141,0.445571796,0.449373995,0.453352459,0.457377899,0.460387457,0.465712535,0.46913904,0.472694745,0.474302065,0.477013875,0.477577521,0.478834159,0.48344438,0.482991503,0.483428897,0.48249292,0.484162603,0.485265038,0.486582404,0.485970936,0.486174781,0.48950135,0.488877893,0.490249196,0.489672708,0.490951683,0.491336582,0.491221688,0.491820023,0.492175174,0.49294513,0.494698497,0.493212948,0.492187877,0.495092143,0.497521041,0.509281487,0.513248625,0.518779038,0.529236878,0.532100198,0.529561672,0.535197091,0.533106606,0.530039673,0.519201037
47,0.627300795,0.627429455,0.624782869,0.623571572,0.623960907,0.62137159,0.616273344,0.616320907,0.616632401,0.616838266,0.61890569,0.616118902,0.614661936,0.613003472,0.610828923,0.608830263,0.606108665,0.606207754,0.607228368,0.60600458,0.607271801,0.60937958,0.608422407,0.610061863,0.611679271,0.61279779,0.614048363,0.615406392,0.616147372,0.618867388,0.620149372,0.621444156,0.62321141,0.622556699,0.624969662,0.625144213,0.626545847,0.628800348,0.627636419,0.628612944,0.629173333,0.628778707,0.631285347,0.63061735,0.631464855,0.630144807,0.629776272,0.629772263,0.631066488,0.630027522,0.627910077,0.628196612,0.627562739,0.626145982,0.626298931,0.625597464,0.623709887,0.622296033,0.617730734,0.614458556,0.609891324,0.604485434,0.597762046,0.591291681,0.58577066,0.581893217,0.579722747,0.578461596,0.57781056,0.577248878,0.576806574,0.577324012,0.577353647,0.577158924,0.577497742,0.577432105,0.578033266,0.57893147,0.579216751,0.580915529,0.581761197,0.582630624,0.584194227,0.585440747,0.586092002,0.586949143,0.588439411,0.588011318,0.588346488,0.588848794,0.589804582,0.589780297,0.591186774,0.59099734,0.591731349,0.591785538,0.59206207,0.591669251,0.590444297,0.590571749,0.589234169,0.587404608,0.586621474,0.584228408,0.581704956,0.579444871,0.575987189,0.57311659,0.569106958,0.565196861,0.560894089,0.55522046,0.547877593,0.542252974,0.535817578,0.530512057,0.524492587,0.517666432,0.513268686,0.508107445,0.502814016,0.498137557,0.492900838,0.485293551,0.478131635,0.468082125,0.4554654,0.438035786,0.417553769,0.392736141,0.364798077,0.335327849,0.30587692,0.26933485,0.246077522,0.227651565,0.21173926,0.199960917,0.19137856,0.185005524,0.180089744,0.17716919,0.17536626,0.17389691,0.172014514,0.171740417,0.171778575,0.172501015,0.173038853,0.173801884,0.175527023,0.177182883,0.179432414,0.182655569,0.187301455,0.192754378,0.198705956,0.203504535,0.209610476,0.216264615,0.222373271,0.229166986,0.235745752,0.241810597,0.248029273,0.25496213,0.263590382,0.270159492,0.276868449,0.283704718,0.290268615,0.295735463,0.301969206,0.309914215,0.31470193,0.322167513,0.329707457,0.335363658,0.340426299,0.346278103,0.351092017,0.356048705,0.360949985,0.364755249,0.370706128,0.373182536,0.376744855,0.381405477,0.386840471,0.391349456,0.394681025,0.395548491,0.398503635,0.401230467,0.402326768,0.405701688,0.405661342,0.407219564,0.410408127,0.409301941,0.412487905,0.41322034,0.413480604,0.416900212,0.415991726,0.417740962,0.415912492,0.418464523,0.417701695,0.420306107,0.419437351,0.420365523,0.421969866,0.42469204,0.423261987,0.425274295,0.428515501,0.431876995,0.43807162,0.446281054,0.452859899,0.457603783,0.462437435,0.46797256,0.465484772,0.466969392,0.463406615,0.449154656
122,0.556688577,0.55919301,0.558709298,0.561995759,0.559374519,0.557378742,0.558460307,0.55935441,0.556906734,0.557971304,0.559034996,0.559085612,0.557152487,0.555907436,0.556034163,0.555532882,0.555283674,0.554304169,0.555623437,0.556707711,0.556462758,0.557443708,0.558836207,0.558747297,0.560505956,0.56018978,0.561913565,0.563015591,0.563253443,0.565052729,0.564894855,0.56741025,0.567343258,0.5672513,0.567915121,0.568848503,0.569352687,0.569475407,0.569843307,0.568763564,0.569443722,0.568585204,0.568998604,0.569891499,0.568223621,0.56880174,0.568853096,0.567547049,0.566138759,0.567031871,0.566684174,0.565072732,0.565072959,0.563161842,0.563817942,0.561788829,0.561974336,0.559649571,0.556537748,0.553797816,0.552145062,0.546835361,0.542624309,0.538225087,0.533827566,0.5319921,0.52961273,0.52941297,0.527641172,0.528158549,0.527003833,0.527236328,0.527236186,0.528595354,0.527114893,0.526914908,0.528244936,0.52807286,0.529070755,0.530486245,0.531429633,0.532928514,0.533188864,0.534314867,0.534810538,0.535551235,0.536810051,0.536279812,0.537130428,0.537017758,0.538746149,0.538512563,0.539034471,0.539585809,0.539136417,0.540126998,0.539802166,0.540180872,0.538631567,0.538422268,0.537510938,0.536192092,0.53616869,0.534165011,0.533230236,0.531884392,0.529722684,0.52773233,0.525232589,0.522383088,0.519931568,0.516666571,0.511758048,0.5073242,0.50323328,0.499853318,0.495855109,0.492020128,0.488577423,0.485656385,0.482169425,0.479644339,0.476786835,0.471425476,0.466343239,0.458789838,0.45055187,0.437886037,0.423256974,0.40569349,0.385182042,0.362583238,0.339067558,0.310774596,0.290304869,0.274429385,0.261040725,0.250594453,0.24365618,0.237482811,0.233742878,0.230137649,0.228182982,0.226853284,0.226324022,0.226484114,0.227484976,0.227534917,0.22821883,0.229935431,0.231010257,0.232844882,0.235795233,0.23977459,0.243597671,0.250617158,0.25521971,0.261022105,0.26671711,0.271413685,0.278364183,0.283625803,0.28948898,0.294642428,0.301151638,0.306968741,0.31387474,0.31949797,0.325362362,0.330807498,0.336968528,0.341584189,0.346669086,0.351175071,0.356655046,0.362307251,0.369143137,0.372526249,0.377581042,0.38192162,0.385707679,0.388736638,0.392969203,0.39622369,0.40019676,0.404250921,0.406030163,0.411240888,0.413556388,0.415213085,0.417796569,0.422155464,0.422977379,0.424641207,0.425650558,0.426165957,0.428097013,0.427725291,0.429316677,0.429253726,0.431927837,0.431426084,0.433570331,0.432490924,0.433870663,0.434938863,0.433721189,0.437116963,0.436116682,0.436077729,0.437893247,0.436529664,0.43798561,0.434459479,0.435690295,0.433940583,0.434668258,0.437896053,0.436592167,0.43758238,0.439944144,0.444248224,0.446540389,0.451380564,0.449972707,0.448574566,0.446652933,0.446611108
22,0.612985676,0.614418245,0.610389142,0.608687789,0.607655856,0.602728931,0.59789305,0.598395812,0.597118569,0.598651618,0.60362303,0.604888075,0.604875271,0.604364284,0.602847446,0.603742514,0.602138332,0.602448706,0.603874786,0.604489075,0.602453685,0.604053322,0.605382789,0.605540192,0.607045663,0.609134319,0.610060395,0.611248889,0.611511127,0.614120612,0.615036831,0.615538488,0.617376672,0.617572912,0.618965051,0.619216557,0.620822574,0.622379723,0.622240017,0.623318493,0.623389345,0.62395503,0.624472655,0.625228077,0.62535353,0.624866345,0.624959863,0.624756443,0.625155597,0.624218819,0.624484286,0.623817431,0.623768447,0.621904382,0.622835115,0.621365257,0.619916617,0.62052048,0.61661476,0.614055258,0.611391751,0.607820565,0.604486782,0.598629062,0.596416371,0.592442648,0.591585149,0.589700619,0.589583385,0.589372839,0.589042288,0.590604081,0.589712716,0.588979325,0.590435534,0.589837254,0.589773334,0.59132774,0.591227691,0.593168263,0.594231797,0.595061217,0.596754487,0.597487866,0.598790885,0.600060536,0.599616795,0.60177802,0.60104816,0.60267277,0.602917504,0.604200422,0.603738367,0.60444133,0.603787391,0.604587933,0.605532402,0.604422967,0.603807654,0.603466985,0.603215168,0.602166288,0.601592142,0.60036614,0.597962896,0.596556635,0.594031186,0.592975327,0.589016429,0.5877205,0.584590841,0.581078615,0.575369339,0.571645901,0.566887275,0.562535881,0.558099554,0.554725956,0.550101346,0.545969617,0.542709265,0.540327134,0.53565615,0.529908483,0.52415423,0.517454979,0.507889183,0.494319132,0.477722996,0.459165951,0.435884428,0.410101016,0.383326754,0.349039961,0.326008265,0.306079759,0.289306145,0.275389292,0.264599161,0.258358282,0.252309601,0.248519762,0.245088904,0.243679986,0.242423579,0.243149971,0.243616233,0.243525989,0.245841986,0.24690443,0.248911907,0.250616409,0.254071121,0.25802322,0.261424323,0.269711598,0.275614671,0.282437507,0.289649636,0.296954214,0.303669347,0.310639807,0.318362409,0.323938763,0.330124818,0.336535131,0.346323608,0.351813659,0.358050296,0.364769309,0.370346603,0.376224669,0.381505411,0.387426543,0.393125733,0.39894314,0.406408472,0.410576064,0.414315672,0.418957818,0.422766909,0.426593732,0.431733059,0.435193977,0.438916711,0.442539963,0.445406424,0.449157245,0.453783492,0.455539611,0.459085981,0.461548868,0.462306197,0.46581533,0.467919664,0.46730093,0.470279195,0.471161752,0.472108359,0.473387123,0.47463648,0.475345843,0.476469029,0.477546975,0.481191567,0.479837385,0.478698981,0.481114456,0.482069224,0.481737173,0.481443163,0.485061696,0.488665286,0.491159232,0.490215269,0.494524814,0.501356044,0.511034391,0.528651258,0.545336621,0.570154264,0.591990662,0.613883321,0.618549742,0.626647834,0.630250983,0.623917761,0.606977208
146,0.600416716,0.597765752,0.601386757,0.598941657,0.595097393,0.591043536,0.584644947,0.583114129,0.58434212,0.586593001,0.589608598,0.591155125,0.591295776,0.590965997,0.590689715,0.591024532,0.588663095,0.590130635,0.590010874,0.590703364,0.590321409,0.590454471,0.589913262,0.592266665,0.591975096,0.591973474,0.59342467,0.594211782,0.593917172,0.595513155,0.597948465,0.596763164,0.598641277,0.598021849,0.599833374,0.600209679,0.600347434,0.600684394,0.600590254,0.60056595,0.601067703,0.600867205,0.602450737,0.602387713,0.602260658,0.60291791,0.601049229,0.602624142,0.602352318,0.60234456,0.600375194,0.602047255,0.600705564,0.601781988,0.600988398,0.60156259,0.599611734,0.599466197,0.597075116,0.595280749,0.593492701,0.590309481,0.585906763,0.582710931,0.58009936,0.576314334,0.576994016,0.57580817,0.574568798,0.572943994,0.574291443,0.574702893,0.573880768,0.574741607,0.575193217,0.574717089,0.575717029,0.575965864,0.5773653,0.578159595,0.579190696,0.579079805,0.580149032,0.580950717,0.582429677,0.583282012,0.583465717,0.584155681,0.583969239,0.584057089,0.5850872,0.585646076,0.585646262,0.585763159,0.586265772,0.587176107,0.586440863,0.586382323,0.585481025,0.585655628,0.584685163,0.584139508,0.58314961,0.581837796,0.579777808,0.578751762,0.577043629,0.575708064,0.573170145,0.571220168,0.568458092,0.56493369,0.560847412,0.557398649,0.554264431,0.549972179,0.54698388,0.543856584,0.539560508,0.536446848,0.533128193,0.531452068,0.526748984,0.522504775,0.517990919,0.5113805,0.502797366,0.490947842,0.476209494,0.45914535,0.438235067,0.414689395,0.390428923,0.358945783,0.337554612,0.31919321,0.303933984,0.291985331,0.281853797,0.274716446,0.27027631,0.267209502,0.264682162,0.262576795,0.262192401,0.262357356,0.262495176,0.264210153,0.264611287,0.266503314,0.268006192,0.269586781,0.272837323,0.276517665,0.281727788,0.28923428,0.295208341,0.300873808,0.308181527,0.313967275,0.320904161,0.327871272,0.334084581,0.340384604,0.346425927,0.352966649,0.36099458,0.366188505,0.37164819,0.378811882,0.384265277,0.389808683,0.395518993,0.400699534,0.40545377,0.410049238,0.417393671,0.423244844,0.426643331,0.430460639,0.434716981,0.438432616,0.442229756,0.444296626,0.448818487,0.45243192,0.455576987,0.459256103,0.4617824,0.464411266,0.468374225,0.469962035,0.471987716,0.473688678,0.474418383,0.475919054,0.476508653,0.477033672,0.478485443,0.479375682,0.480262668,0.480297074,0.480395865,0.480302326,0.48188728,0.483513041,0.484195639,0.484881905,0.483343746,0.483470579,0.483142555,0.486347594,0.489456796,0.49005999,0.49249043,0.494444415,0.50173619,0.510236287,0.529894521,0.555402996,0.578494735,0.601508485,0.624350904,0.639047304,0.639862978,0.645412574,0.647699625,0.627524812
204,0.553181209,0.553554488,0.556459241,0.554014589,0.555908517,0.554026373,0.554261948,0.551137089,0.549482738,0.550040813,0.549752732,0.550245039,0.547388905,0.545425435,0.545962467,0.544207351,0.543226877,0.543324241,0.543428063,0.542941138,0.542679772,0.54295602,0.543742735,0.544537205,0.545436494,0.545794791,0.546297805,0.547286024,0.548538938,0.54876275,0.549207101,0.550951106,0.551054912,0.550644847,0.550279709,0.550212435,0.551598269,0.550959525,0.552334679,0.552441274,0.55168746,0.552170739,0.552685584,0.554079913,0.553654458,0.554369492,0.554667887,0.55519805,0.55348984,0.555194237,0.555680643,0.555217588,0.55334274,0.553719237,0.55361304,0.552440057,0.552612128,0.55174901,0.548954832,0.548078148,0.54452098,0.541793961,0.538150496,0.534368424,0.531838018,0.528563593,0.526990926,0.528140028,0.526426443,0.527190611,0.527125153,0.525309155,0.527701478,0.527697872,0.527571379,0.527514725,0.527855402,0.528290949,0.52927384,0.529715182,0.531527062,0.532819506,0.532617937,0.533789733,0.533416556,0.534427913,0.534366759,0.534809828,0.535168946,0.534919056,0.535620852,0.536285229,0.53633237,0.53743149,0.53574386,0.53689315,0.536357189,0.536759011,0.535987763,0.535481634,0.533917006,0.53293447,0.531733275,0.531283581,0.529640957,0.528766629,0.526829471,0.524760447,0.522643898,0.520404662,0.517202314,0.514930828,0.510633378,0.50622406,0.502848572,0.49945157,0.495631922,0.492502832,0.488578884,0.487306698,0.482786748,0.479666709,0.478231744,0.472887728,0.468349302,0.461091876,0.452570004,0.440606221,0.425686458,0.408066167,0.387309778,0.365168323,0.342164745,0.312866111,0.293108472,0.277336518,0.264910805,0.25416429,0.247755566,0.243088222,0.239970429,0.237373008,0.23585337,0.235644213,0.235986012,0.236676017,0.236951149,0.237687739,0.239365765,0.240310776,0.242292709,0.245702103,0.247285555,0.25174214,0.256457315,0.26396126,0.26908811,0.275292646,0.281551914,0.28804859,0.294050769,0.300739041,0.306935331,0.312484976,0.319365572,0.324614206,0.332453945,0.337821583,0.343842335,0.349671936,0.356193646,0.360880654,0.366291203,0.371909162,0.376290505,0.38312659,0.389370721,0.393490683,0.397827169,0.401946299,0.405910716,0.410714327,0.414080538,0.417986209,0.420075914,0.424853073,0.426274103,0.431465892,0.433474453,0.436229789,0.439309683,0.439791434,0.44185442,0.444805597,0.444501361,0.444866569,0.445641724,0.447078592,0.446240898,0.446192107,0.447054616,0.447845071,0.447603257,0.446875055,0.447090716,0.447360458,0.447785089,0.448736911,0.44698187,0.446912295,0.447817975,0.4469329,0.445353882,0.447919326,0.446079727,0.447271951,0.44601239,0.447453913,0.449656224,0.448738276,0.451875817,0.45684144,0.459341862,0.461859666,0.46366561,0.465275801,0.46638781,0.45850355
238,0.571784426,0.573499709,0.572431782,0.573097388,0.573244682,0.567734679,0.568924287,0.567180011,0.565761624,0.566670899,0.567110498,0.565870089,0.564912109,0.562112029,0.562940958,0.561086722,0.561444121,0.560533522,0.560899211,0.561266078,0.560638891,0.562496923,0.563688977,0.564031332,0.565122529,0.564873418,0.56634195,0.568044046,0.569181722,0.570916844,0.570631697,0.573000929,0.572978966,0.573951908,0.573331827,0.574558139,0.576293409,0.575988179,0.57757122,0.577222784,0.577473278,0.577696713,0.577545105,0.578506252,0.577205593,0.578474898,0.577953086,0.577894602,0.577255194,0.577557888,0.577471025,0.576057989,0.575959328,0.575327387,0.575455432,0.574287236,0.573271371,0.57133129,0.569289525,0.566809238,0.563387426,0.560072544,0.555298686,0.549179876,0.545752232,0.5426968,0.541207023,0.541203577,0.540686301,0.539900314,0.540504257,0.540128111,0.539806884,0.540981763,0.539977061,0.539197877,0.5413103,0.54206036,0.542188227,0.543371411,0.544925251,0.545895127,0.546171699,0.548157393,0.547932,0.549589318,0.549636907,0.550341481,0.550725581,0.551357784,0.550967385,0.551853809,0.551580285,0.552641077,0.553221434,0.552995727,0.553808273,0.552644823,0.552301897,0.551275185,0.550496507,0.548801961,0.547508289,0.547299037,0.544880329,0.543067953,0.541608895,0.538667372,0.536228091,0.533331618,0.530522449,0.52618664,0.520802811,0.517167937,0.512178113,0.507541457,0.50373475,0.499051313,0.494987099,0.491395007,0.487016227,0.484935707,0.480277447,0.474001464,0.468131483,0.460693918,0.450933637,0.436346925,0.41886863,0.399195502,0.375271193,0.349811777,0.32455976,0.291725722,0.270682711,0.252448133,0.238887263,0.226906692,0.218620812,0.21261933,0.208651072,0.205512438,0.203924827,0.203629216,0.202709176,0.202457452,0.202999459,0.204101781,0.205981735,0.206712114,0.209129243,0.210095599,0.213183129,0.217362242,0.221193803,0.228191627,0.234105719,0.240354617,0.246684533,0.253721731,0.259916487,0.266182076,0.272283531,0.278392209,0.284859038,0.291307051,0.299075856,0.305433776,0.310885819,0.316714901,0.323576204,0.328785221,0.334198782,0.341128935,0.345558391,0.350047661,0.356557998,0.361329734,0.366790219,0.371082533,0.374003471,0.379248442,0.383350107,0.387520608,0.388506163,0.392446957,0.395548864,0.399472954,0.403047438,0.406304208,0.408825502,0.41067487,0.411616119,0.414852668,0.414811346,0.417611232,0.417873466,0.419026517,0.419394706,0.419195751,0.422765008,0.422503531,0.421846226,0.423462322,0.42364856,0.427418662,0.424697618,0.426334878,0.426321335,0.425193177,0.426969184,0.42763216,0.427336974,0.426039391,0.428081823,0.430213698,0.424084627,0.427436092,0.426951313,0.428776099,0.429796,0.437639293,0.435145862,0.443149125,0.440809263,0.44256917,0.433318132,0.433429562
130,0.575228181,0.569447236,0.57205152,0.570761605,0.570368681,0.564736552,0.562421545,0.558990839,0.559148133,0.561804449,0.565101845,0.567576452,0.565765347,0.566945563,0.565088587,0.564542645,0.562299209,0.563841257,0.564489147,0.56435768,0.565706405,0.564921224,0.564782006,0.567745572,0.567639701,0.569694648,0.571562522,0.573758832,0.572225421,0.575845942,0.577514597,0.578376279,0.578802703,0.579555533,0.580587346,0.580856456,0.582118879,0.583420834,0.583766598,0.584331859,0.584163609,0.583648025,0.584760881,0.584922121,0.584683946,0.584760195,0.584663781,0.584940968,0.584345167,0.584221406,0.583229576,0.582758457,0.581988785,0.582426317,0.581113356,0.578996976,0.578759062,0.578130009,0.573641914,0.572243761,0.566688322,0.562062826,0.557300536,0.552092177,0.546236164,0.542932178,0.54183423,0.539839961,0.539353631,0.538893111,0.537966731,0.539577492,0.538455415,0.538945214,0.539554185,0.538708318,0.539934035,0.540650267,0.540905802,0.542045685,0.542959491,0.544426142,0.545149454,0.546769068,0.548873389,0.549245579,0.548809241,0.550408986,0.550198974,0.551501137,0.552332419,0.552486243,0.552677586,0.553336932,0.553395285,0.553378353,0.553751237,0.552893841,0.551604528,0.55168615,0.55066677,0.548758479,0.548055668,0.546185281,0.543760016,0.542583151,0.539684991,0.537159523,0.533400737,0.530789836,0.526597234,0.521346773,0.515314071,0.510761285,0.504420491,0.499799805,0.494877869,0.488930714,0.485188062,0.480143567,0.474906036,0.470387607,0.465541042,0.459148581,0.452593488,0.443911896,0.433241576,0.418459587,0.399806969,0.378680024,0.353300111,0.326674672,0.298894889,0.264876997,0.242838514,0.224852117,0.209588891,0.197058068,0.18873341,0.181942678,0.177508498,0.174421228,0.171046837,0.16984165,0.168938316,0.169159308,0.169012305,0.169667238,0.171171795,0.171316707,0.1728103,0.17468013,0.176879384,0.180007084,0.183731496,0.190480033,0.19644138,0.20013844,0.2068366,0.212089352,0.218850911,0.225174423,0.231141787,0.236896664,0.24421969,0.249153623,0.257760962,0.264070286,0.269621619,0.27691222,0.281582001,0.288228291,0.29350471,0.299549968,0.304071665,0.311065732,0.317031889,0.322537046,0.326974667,0.333019336,0.336829028,0.340676319,0.345699524,0.349015405,0.353667132,0.358367347,0.362277487,0.366136214,0.369748124,0.372508761,0.376193262,0.378575596,0.381271278,0.384512043,0.386748343,0.387074636,0.389959141,0.389584902,0.39207401,0.393184749,0.395172913,0.397920621,0.398504904,0.40073476,0.40097623,0.401922651,0.402086614,0.403008324,0.404223416,0.406143535,0.407779343,0.407885017,0.412410126,0.413635535,0.413197985,0.417754289,0.424282829,0.431925365,0.4483087,0.469561919,0.492814563,0.50965251,0.532955891,0.546395019,0.551431911,0.54851519,0.530938343,0.54079597
138,0.566531136,0.568488597,0.568678329,0.56423739,0.566313986,0.558993707,0.554677391,0.554464212,0.553873702,0.557306251,0.559988562,0.562106251,0.562039863,0.563021082,0.561950644,0.560881914,0.560457973,0.560771723,0.561355129,0.56069585,0.560913501,0.561855644,0.562114087,0.562469888,0.564913487,0.565305104,0.567029352,0.56738337,0.567934156,0.570041738,0.570942328,0.571670474,0.572926073,0.572902724,0.575266509,0.574865616,0.574977698,0.576257639,0.576115161,0.575952357,0.576475576,0.577265302,0.577839706,0.577483476,0.577210517,0.57908984,0.577524873,0.576756501,0.577577137,0.577155149,0.575159089,0.576279831,0.575704267,0.575314779,0.575230921,0.573297819,0.572744838,0.57221453,0.569564231,0.566891711,0.563309601,0.561025668,0.556798138,0.55129918,0.548854838,0.546717849,0.546897963,0.544090029,0.54371937,0.543635227,0.544099763,0.544508886,0.544708587,0.544874146,0.546125699,0.544672071,0.544999129,0.546929145,0.547738316,0.548186949,0.548524624,0.550253266,0.550801571,0.552000899,0.552675281,0.553920471,0.553876484,0.553921442,0.554220943,0.554012442,0.555328323,0.555673797,0.555577646,0.555102797,0.555661109,0.556603058,0.55602901,0.5560224,0.55481222,0.555823747,0.554884776,0.553421851,0.552472397,0.55093719,0.550244768,0.547842024,0.546052775,0.544280975,0.54156936,0.539089552,0.536131349,0.533061332,0.527684113,0.52377742,0.519374701,0.516785459,0.512369621,0.507860303,0.504035967,0.500950033,0.496882948,0.49517313,0.49024686,0.485325922,0.479416368,0.472306698,0.463523005,0.450262036,0.434714186,0.415102323,0.39278045,0.369040751,0.342969836,0.31016431,0.288225027,0.270112461,0.255671363,0.242597498,0.233743848,0.227021037,0.222618784,0.219531293,0.217021726,0.216221703,0.21487755,0.215760028,0.215929621,0.216627461,0.217604035,0.219227415,0.220837341,0.223474973,0.226319393,0.229706185,0.233455413,0.241300632,0.246957149,0.253584733,0.259718411,0.26613896,0.273337065,0.279719006,0.285638757,0.292636484,0.298692825,0.304790099,0.313830358,0.31883713,0.32563324,0.331604026,0.337601125,0.342775173,0.347518041,0.354385491,0.359933881,0.364918976,0.37237499,0.377629233,0.38090508,0.385848627,0.389032221,0.393834534,0.397611593,0.401422151,0.404305163,0.407521324,0.411607283,0.41620709,0.418319614,0.422767858,0.423324858,0.426202294,0.428189409,0.432595073,0.43215881,0.433022781,0.434708399,0.433627454,0.436525656,0.438216329,0.437519876,0.437049868,0.439236547,0.441854471,0.441796353,0.442412178,0.442902141,0.443524496,0.441484443,0.44297307,0.441410584,0.445321976,0.447336117,0.45029995,0.449287987,0.455868874,0.462183968,0.470609219,0.486334028,0.514432012,0.532821138,0.55907735,0.576666549,0.592707386,0.598642769,0.596906884,0.591916358,0.584285073
246,0.594586489,0.595502953,0.596487331,0.595160624,0.594194601,0.594531891,0.594227379,0.589657707,0.588905624,0.590926735,0.589420382,0.586121354,0.586266322,0.583419753,0.583932703,0.581170443,0.580618039,0.581154556,0.579965001,0.580757289,0.581876935,0.581885221,0.583310732,0.584766514,0.585382977,0.586594637,0.587319733,0.58975678,0.589067312,0.590735896,0.590795751,0.593470178,0.594385455,0.595713914,0.596118872,0.596430437,0.59826888,0.598080249,0.599035301,0.599671528,0.599335322,0.600551336,0.601867199,0.600170627,0.599905051,0.600529794,0.602060789,0.601276547,0.600648103,0.600701419,0.600519088,0.600178759,0.598176074,0.598564687,0.598273546,0.596134415,0.596979772,0.595106894,0.592761823,0.590858192,0.586714678,0.581030518,0.575807588,0.571666469,0.567018939,0.563849688,0.562493921,0.561105349,0.561328564,0.560634662,0.562268421,0.56133095,0.561386257,0.562763623,0.562899186,0.563220943,0.563462896,0.56436319,0.565805215,0.567047813,0.568430719,0.56944983,0.570307929,0.571447076,0.571955649,0.573211703,0.57385899,0.573590129,0.574727438,0.576245939,0.576922573,0.576980417,0.576946158,0.577724758,0.578376736,0.578241754,0.578959354,0.579037298,0.578476305,0.577833846,0.575716957,0.575640356,0.573911563,0.573417479,0.57084163,0.568882231,0.567051141,0.565362833,0.561468546,0.557943295,0.5544821,0.551705357,0.545561358,0.540312584,0.536179888,0.530387659,0.525372243,0.521795075,0.517003831,0.512885814,0.509601079,0.505477789,0.501671708,0.495194267,0.488586617,0.480533693,0.469435507,0.454475284,0.436657317,0.414579734,0.389403444,0.363470081,0.336782672,0.303804412,0.283104147,0.265600256,0.251443731,0.239891175,0.232297497,0.226914242,0.223833439,0.220677648,0.218267682,0.218237744,0.216931678,0.217089559,0.217657525,0.218929615,0.219580343,0.221663899,0.222438943,0.223629515,0.227540274,0.231420896,0.234596101,0.24148468,0.246906753,0.252600784,0.258811427,0.265077026,0.271440631,0.2768033,0.284298093,0.289644284,0.296123632,0.302430222,0.309903733,0.315782601,0.321185478,0.328242834,0.334526374,0.341038987,0.345980302,0.350975023,0.35664873,0.361767735,0.369773151,0.374103841,0.379963201,0.383936044,0.387507269,0.392862548,0.395415418,0.399805047,0.404195595,0.408753362,0.411372033,0.415897842,0.418592474,0.421185352,0.424780426,0.425678771,0.428032165,0.430643884,0.431484354,0.432780897,0.432258006,0.433456393,0.435098934,0.436782615,0.436491038,0.438092593,0.438800659,0.43843797,0.440811373,0.44108802,0.440328004,0.440849979,0.441709955,0.441921979,0.444485428,0.440344773,0.440663738,0.442411521,0.44391567,0.442563771,0.442579575,0.444304855,0.44435259,0.446509644,0.444644919,0.449037194,0.448937408,0.454537281,0.451122493,0.452641425,0.457377384,0.448245184
14,0.565940648,0.569988404,0.563056342,0.569817134,0.564471503,0.561805758,0.55705278,0.554615388,0.553682543,0.556548773,0.560698367,0.561091359,0.560940891,0.561280814,0.560506788,0.55905433,0.559154444,0.559209003,0.558205428,0.559408568,0.559388142,0.559729116,0.561769287,0.562159128,0.564524369,0.564202988,0.566129298,0.567561181,0.567976113,0.570943113,0.572253057,0.572665994,0.574585494,0.574804524,0.576596718,0.577128562,0.578398047,0.579012714,0.580480282,0.57934281,0.580719562,0.581632555,0.581899357,0.582725328,0.58221619,0.58200001,0.581933275,0.58258498,0.582669411,0.580158907,0.579749029,0.580191678,0.580019714,0.579858848,0.578180286,0.57846102,0.576865865,0.574958567,0.571704117,0.569545455,0.565866292,0.561545343,0.557220065,0.551191436,0.546650876,0.542525208,0.541090987,0.540567412,0.539231729,0.539561216,0.538039574,0.538885613,0.539006697,0.538257087,0.539507273,0.539681005,0.539453559,0.540173415,0.540977228,0.54224307,0.543157787,0.544189784,0.544616813,0.547582195,0.548811555,0.549166847,0.54875727,0.551400779,0.551411004,0.55095674,0.55245419,0.552663329,0.553683159,0.553470266,0.55409493,0.55504445,0.554978928,0.55404671,0.553247825,0.55316805,0.552166704,0.55113229,0.550613574,0.548430785,0.54737744,0.544846334,0.541156722,0.539809298,0.536754433,0.53355738,0.530041648,0.526022378,0.519957226,0.515751707,0.51035314,0.504695748,0.50020973,0.49487481,0.490552981,0.485531076,0.48195276,0.477984615,0.473889315,0.466610865,0.460560696,0.452786148,0.442480483,0.428145933,0.410998959,0.389330663,0.365894621,0.339690492,0.312336273,0.279417868,0.256884056,0.238320955,0.223125872,0.210481775,0.20162077,0.19564691,0.190110294,0.186629308,0.184148592,0.182822807,0.180653797,0.181537439,0.181617619,0.181801924,0.18296301,0.184040809,0.184917972,0.185509485,0.188924268,0.191566562,0.194956028,0.200633882,0.206525678,0.211903956,0.218076517,0.223837951,0.229320889,0.236335582,0.242296657,0.248032192,0.253806164,0.260693871,0.268149338,0.274450341,0.279493206,0.285541132,0.291043583,0.296260469,0.302966747,0.307735824,0.313699477,0.318413674,0.325367381,0.330341939,0.335024923,0.339272608,0.343414804,0.347087573,0.352222745,0.355730714,0.358369855,0.363189486,0.367023749,0.369360485,0.373093268,0.376508903,0.380590621,0.3824651,0.383171927,0.385995978,0.388490883,0.390360334,0.393044443,0.39194123,0.394274234,0.394209848,0.398356463,0.399206835,0.39781921,0.400894491,0.399276012,0.402106051,0.402204148,0.402887572,0.403536174,0.404726849,0.404939685,0.407907817,0.408357782,0.411161007,0.410492388,0.415326233,0.421037402,0.429875689,0.440412657,0.459495543,0.47853886,0.496423334,0.509289541,0.522054164,0.524774336,0.532441624,0.515814392,0.502543514
31,0.54791389,0.551418632,0.547826526,0.546546989,0.546009699,0.541754375,0.537948282,0.536923535,0.53577991,0.538128778,0.541281348,0.539635022,0.541049197,0.541010243,0.541687759,0.539176224,0.539096382,0.538898961,0.540326628,0.539553144,0.539919017,0.540428883,0.541717103,0.542504192,0.544046732,0.544620326,0.545557305,0.546167704,0.545067609,0.547833439,0.549190747,0.550387741,0.551099919,0.551245016,0.553040345,0.553254126,0.553955585,0.555002176,0.555979051,0.556623672,0.556400468,0.555717306,0.558269489,0.557966094,0.556858789,0.557942126,0.558652757,0.557949591,0.558281869,0.558090625,0.557251654,0.557233003,0.555890939,0.555689465,0.5562358,0.555200048,0.553959555,0.553088121,0.550927246,0.548660873,0.546190596,0.542635302,0.538305114,0.533030069,0.530688722,0.528147713,0.526746199,0.526737494,0.525345251,0.526850876,0.525925266,0.5258101,0.526834705,0.527057775,0.527777452,0.527958478,0.527973828,0.529673156,0.530148586,0.531020087,0.531590534,0.532270088,0.53321181,0.534737998,0.535623302,0.535962727,0.536490211,0.53716735,0.537062126,0.537599631,0.538183608,0.538503041,0.538855881,0.539268548,0.540256077,0.540587023,0.540611197,0.540120169,0.539324564,0.539414634,0.538367606,0.537202775,0.536751135,0.535102865,0.53363152,0.532472516,0.530248431,0.528772941,0.525383628,0.52322609,0.520059847,0.517281346,0.512060645,0.508829603,0.504471875,0.500884685,0.497339978,0.492880117,0.489959194,0.485200434,0.482370377,0.479514642,0.475701899,0.470845299,0.465397431,0.458349878,0.448961974,0.436786342,0.421312959,0.402092095,0.381282485,0.356488942,0.331406969,0.300712355,0.279538457,0.261461605,0.248063571,0.235975472,0.227824432,0.221572058,0.217648993,0.214632041,0.212992573,0.212219693,0.210946011,0.211318553,0.211768262,0.21370255,0.215108274,0.21643181,0.217996013,0.220502071,0.223475759,0.226924647,0.231036176,0.238255944,0.244433763,0.250386105,0.25738528,0.263973799,0.271018019,0.275941118,0.282545649,0.288993295,0.294982876,0.301528596,0.311394806,0.315878544,0.322149032,0.327003838,0.333133782,0.338031517,0.344143512,0.350381219,0.35498347,0.361413378,0.367007521,0.371762781,0.375501452,0.379465031,0.383242961,0.387803049,0.390312884,0.395534356,0.398254905,0.4016832,0.403992203,0.408296317,0.411198471,0.413604838,0.416933992,0.416740652,0.419462528,0.4229451,0.423693767,0.423754806,0.42472144,0.423631959,0.425984673,0.425620846,0.426896766,0.428381757,0.428180613,0.429555223,0.430110607,0.430154897,0.43214781,0.430616155,0.42982215,0.430839225,0.431469578,0.434113688,0.437676846,0.436645684,0.436646494,0.439622874,0.445576687,0.455009916,0.469609496,0.490635312,0.508751438,0.52987539,0.541887916,0.556285643,0.554208065,0.56185283,0.552133792,0.538127774
154,0.588321545,0.585939652,0.589421864,0.591693448,0.58704097,0.586436221,0.58526597,0.585643675,0.585017242,0.582394021,0.584684602,0.581782482,0.581337254,0.578927886,0.577154446,0.576636921,0.577297973,0.575910175,0.57605865,0.5760236,0.576421222,0.57705353,0.578741282,0.578754553,0.580617482,0.581204123,0.581210332,0.582466678,0.583335257,0.584369273,0.585640875,0.586501385,0.587758322,0.588172853,0.588590804,0.588640367,0.590281597,0.590671096,0.590915596,0.591344262,0.591107214,0.591598638,0.592293406,0.591634515,0.592476138,0.590568134,0.592400543,0.591554893,0.591870721,0.591009637,0.591451538,0.589228599,0.588930914,0.589105929,0.588936463,0.587757387,0.586265898,0.584905829,0.583156502,0.580764789,0.577514401,0.573521315,0.570171439,0.564566221,0.561918883,0.558850824,0.558195983,0.556628526,0.555480397,0.55591948,0.555255679,0.555175414,0.555720645,0.557657864,0.557407926,0.557293001,0.557934156,0.558502756,0.559216016,0.559781179,0.561073082,0.561921117,0.562693218,0.563477296,0.563851829,0.56449308,0.565454542,0.565223175,0.565876565,0.566725644,0.566400686,0.567105359,0.566952417,0.567393929,0.567767713,0.567853444,0.567684468,0.567777252,0.567131033,0.566375259,0.564794681,0.564317002,0.563443464,0.562316134,0.560887192,0.559105029,0.557138094,0.55441635,0.551871795,0.549579299,0.546418783,0.543339105,0.538737209,0.534550151,0.530903474,0.526507461,0.52284328,0.518717114,0.515311922,0.512062862,0.507861619,0.505215309,0.502491792,0.497383857,0.49114865,0.484833179,0.474593987,0.460617784,0.445059997,0.425714023,0.403243016,0.378694216,0.352741556,0.320780158,0.299467193,0.280420634,0.265302614,0.254287388,0.245236136,0.239164752,0.235055887,0.231958253,0.230175546,0.228362286,0.227429398,0.227847867,0.228139688,0.22923958,0.229920377,0.231727568,0.232953762,0.235222984,0.238477785,0.241678031,0.246121645,0.253497836,0.259402827,0.265864689,0.272190706,0.279274898,0.286311348,0.292184322,0.299125101,0.305665653,0.311381966,0.318627804,0.326831627,0.332495826,0.338128277,0.345374065,0.351173551,0.356396523,0.361857409,0.369146006,0.374682111,0.379610141,0.386880973,0.390578713,0.396302765,0.401540256,0.405521492,0.408227605,0.412546029,0.415678063,0.420088151,0.424529336,0.427476087,0.431165611,0.435018958,0.436101296,0.439903938,0.442118093,0.442577743,0.445485036,0.446731844,0.447786677,0.447782876,0.449399503,0.45092389,0.451902001,0.452359586,0.45250282,0.452785124,0.453321527,0.454354841,0.456371251,0.457823619,0.456151807,0.455560934,0.455126737,0.457498231,0.456625219,0.458635022,0.457105305,0.456904909,0.455671424,0.45616824,0.458533724,0.455606076,0.459550326,0.459141279,0.463674011,0.464405131,0.466195157,0.465500621,0.467241449,0.46579026,0.467382029
188,0.550257013,0.551305199,0.552596881,0.550880796,0.551740696,0.546973904,0.549086427,0.546832568,0.545197986,0.54514321,0.546108784,0.54490366,0.544372291,0.540707359,0.541180839,0.539591101,0.53926813,0.537390643,0.53727213,0.538293839,0.538488645,0.538857821,0.538812476,0.53968038,0.54178673,0.539950191,0.542919474,0.543958438,0.54388727,0.545134559,0.546281174,0.547500069,0.548202554,0.54828697,0.547163375,0.55013153,0.550440322,0.549729335,0.552008577,0.551979434,0.551439269,0.552881835,0.552771192,0.553541342,0.553761812,0.553344238,0.553096786,0.553484564,0.552026152,0.553187819,0.55479273,0.551995714,0.552205983,0.550130955,0.551236871,0.55051705,0.550656959,0.549755389,0.546334998,0.545392868,0.540515181,0.538516511,0.535074481,0.531655183,0.52733735,0.52517471,0.523696599,0.52277563,0.522501935,0.523600005,0.523435806,0.522322923,0.523351587,0.524222312,0.523311481,0.52466749,0.52545422,0.52478289,0.525828773,0.526316655,0.527967322,0.528988136,0.52836692,0.530260834,0.530401463,0.531243452,0.531277364,0.532336281,0.532341074,0.532164924,0.532045342,0.532804409,0.532789794,0.533788791,0.533152607,0.533803476,0.533662649,0.533647544,0.533971024,0.532636906,0.532288322,0.530642822,0.529299135,0.528118756,0.527222283,0.525898058,0.524364087,0.522174709,0.519490271,0.517494203,0.514716232,0.511112481,0.506624495,0.502621641,0.498423704,0.495028,0.490845007,0.487065149,0.4840306,0.480872976,0.477269329,0.475031542,0.47109732,0.466196221,0.460937381,0.453839843,0.444948508,0.433403547,0.417611033,0.400039882,0.378845293,0.354798728,0.331670854,0.300769034,0.280999911,0.26328563,0.249320529,0.237857724,0.229869339,0.223707743,0.220837786,0.216786553,0.214923255,0.214796161,0.214818065,0.2147818,0.214904685,0.216490478,0.21723706,0.219127204,0.22210572,0.223193618,0.226168877,0.229780184,0.234433846,0.241156501,0.24692145,0.25284134,0.258999657,0.264714663,0.271340536,0.276763414,0.282950183,0.289190431,0.295463173,0.301851459,0.308820552,0.314095056,0.31967821,0.325350809,0.330774983,0.335684984,0.34124336,0.346971989,0.351678288,0.355801074,0.361424916,0.366097565,0.369656809,0.374734662,0.377840766,0.381709552,0.385334549,0.387575965,0.391146765,0.393985955,0.396755909,0.399801711,0.403844686,0.404890781,0.40771877,0.410638776,0.411022768,0.412474629,0.412908702,0.414711982,0.41419772,0.415297587,0.416538525,0.41761021,0.41628778,0.418672321,0.418052421,0.417671124,0.420069189,0.42039906,0.417968241,0.418097853,0.420850096,0.417574407,0.419313332,0.417211262,0.415940105,0.418716138,0.417555301,0.417736515,0.416923248,0.419937019,0.417741269,0.419925245,0.423546735,0.428817101,0.421840668,0.426796132,0.431401926,0.42834872,0.432468982,0.421882092
254,0.58996276,0.593207761,0.592567645,0.594047127,0.592187644,0.588408522,0.592651153,0.590797657,0.590728923,0.590865062,0.590867145,0.589773798,0.588810161,0.586251774,0.586709132,0.585453021,0.584517499,0.585376996,0.583483047,0.583765709,0.584646028,0.586308322,0.584291457,0.586580366,0.587796455,0.587879653,0.588802846,0.591056764,0.590902585,0.592621449,0.592507142,0.593194096,0.593584954,0.5948205,0.595701671,0.595413336,0.595377493,0.596287486,0.596342027,0.596582381,0.595482459,0.596218392,0.596240871,0.596240965,0.596815635,0.59566818,0.596627496,0.595376919,0.594586965,0.594469469,0.594899562,0.594738776,0.593977744,0.592001938,0.593353613,0.591241557,0.590739054,0.590136283,0.58665699,0.584528133,0.582212508,0.578385672,0.57474586,0.569767837,0.567126197,0.564162508,0.56302987,0.562337295,0.561318407,0.56141584,0.562254499,0.561334887,0.562389176,0.562862482,0.561976623,0.56195867,0.562958572,0.563643684,0.564195302,0.564117041,0.566552519,0.566819338,0.566698542,0.568494074,0.56903765,0.569374547,0.570281616,0.570156798,0.570570766,0.570704571,0.570897905,0.57160555,0.572492128,0.572301432,0.571301955,0.571877926,0.572563069,0.571740041,0.571691782,0.570807605,0.569810967,0.568633423,0.56769419,0.566884992,0.565361596,0.563677844,0.561859955,0.559359,0.55765845,0.555425948,0.551721376,0.549047993,0.544337579,0.540092556,0.536841241,0.532945554,0.528702649,0.524708742,0.521943679,0.518968312,0.515257655,0.512481246,0.509366373,0.503990508,0.499296279,0.492492355,0.483607087,0.470295748,0.45628331,0.436793786,0.415535565,0.391662753,0.367042055,0.335397779,0.313726001,0.295419534,0.280931607,0.26853713,0.260706794,0.252858744,0.2479883,0.245314216,0.243014146,0.241666984,0.240263481,0.239872154,0.239999118,0.241833247,0.242983917,0.2437167,0.245546423,0.247711098,0.249964563,0.253856479,0.258624326,0.265175521,0.271000549,0.277163434,0.282809891,0.289881059,0.296921418,0.302188253,0.308157053,0.315502324,0.32132758,0.328006891,0.336316831,0.341024555,0.346631577,0.35260212,0.358747267,0.363504565,0.370019715,0.375785082,0.380012547,0.386399937,0.393614119,0.396595471,0.401233745,0.405758589,0.411023294,0.413792461,0.418499355,0.422121136,0.42490682,0.427985855,0.431031429,0.436104726,0.438350037,0.442103009,0.445075045,0.447307266,0.448587542,0.449483942,0.451400638,0.45185993,0.451121982,0.453669979,0.454396421,0.454641843,0.455154463,0.455331344,0.456087396,0.456502258,0.456215387,0.459105869,0.457490406,0.45838611,0.459661312,0.457563577,0.457408162,0.458228094,0.457352988,0.458982214,0.454231662,0.456545945,0.456648834,0.460299188,0.458167655,0.460193445,0.461927179,0.461422193,0.466854259,0.472888196,0.4703785,0.467336343,0.46654506,0.470468617
114,0.603808953,0.605234569,0.60230595,0.603681873,0.602425586,0.602627561,0.603846777,0.600454219,0.599246898,0.599071269,0.598293632,0.597302173,0.595163657,0.593164372,0.591570739,0.591232986,0.589602697,0.588852125,0.590050583,0.587851469,0.59059408,0.591245853,0.591815188,0.592542208,0.593160001,0.594166635,0.596060088,0.598043305,0.598779255,0.60028583,0.599506825,0.601807883,0.60087917,0.603031622,0.60448826,0.604668957,0.605358117,0.606439474,0.607333307,0.607157584,0.607244328,0.607486892,0.607755105,0.608570904,0.608560189,0.608538702,0.608013809,0.608256623,0.60704373,0.606685226,0.607843784,0.605766149,0.605373212,0.603507517,0.605695919,0.603676243,0.603417138,0.600975754,0.598674151,0.595826948,0.591589127,0.586264074,0.581578592,0.575217653,0.571868724,0.568712996,0.56661183,0.565428434,0.564590862,0.564644976,0.564527774,0.563476628,0.564688264,0.564977282,0.56418617,0.564794515,0.566227265,0.56623838,0.568028077,0.568310384,0.570173603,0.571099249,0.571241209,0.573748913,0.574571966,0.575114823,0.575355229,0.57552485,0.576770717,0.576682892,0.57786229,0.57796077,0.578473853,0.579506982,0.579560589,0.578669627,0.579509572,0.57931605,0.578077128,0.577950409,0.576807136,0.575418443,0.57362443,0.572913984,0.570541806,0.568902281,0.566441591,0.563613741,0.560358698,0.556402295,0.553068838,0.548918995,0.542777692,0.5377082,0.53264691,0.52702193,0.52266647,0.516732505,0.512351812,0.507615981,0.503485582,0.500496625,0.495037444,0.488680049,0.481945439,0.473035232,0.46116593,0.445838894,0.427561166,0.404401993,0.379264956,0.350438418,0.322058363,0.287107535,0.265011089,0.245445773,0.230284503,0.217104054,0.208486437,0.202214503,0.198425032,0.194593682,0.192991943,0.191125348,0.190119615,0.19037585,0.190527721,0.191550816,0.191947849,0.193713497,0.195603211,0.197458084,0.199793405,0.204098922,0.207722998,0.214278682,0.219789062,0.22682425,0.232235508,0.238913662,0.246265796,0.252423109,0.259041512,0.265490112,0.272188306,0.278749637,0.286877785,0.293345968,0.299766732,0.305552487,0.312571314,0.317421747,0.324201092,0.330499327,0.33533751,0.342110594,0.349536907,0.354287542,0.36004151,0.364376059,0.368987055,0.374305266,0.377486768,0.380877769,0.385092225,0.389139855,0.393273951,0.398890511,0.401421366,0.404756933,0.407345317,0.40955874,0.411245981,0.41425384,0.416198812,0.417426491,0.418807566,0.419509267,0.421015008,0.421089322,0.422155699,0.423719627,0.423898896,0.424361994,0.424960391,0.427672698,0.428094862,0.428698991,0.428241353,0.426092933,0.426870537,0.428197361,0.427282225,0.428956401,0.429981493,0.430839083,0.430047162,0.429782665,0.428657092,0.429915885,0.431455097,0.433567512,0.430178126,0.438963478,0.437963834,0.441199995,0.429481232,0.433538501
39,0.582297167,0.584808659,0.58451359,0.58460714,0.584369088,0.579708972,0.577137367,0.576496961,0.57929396,0.577553526,0.579725161,0.579723235,0.579032599,0.576635423,0.576397837,0.574768214,0.57399024,0.573366664,0.573655953,0.573966136,0.572977702,0.575404811,0.576160398,0.578080133,0.578253313,0.579362996,0.57993091,0.580780029,0.58186853,0.583464541,0.584431428,0.586568386,0.587092825,0.587348956,0.589443739,0.589536154,0.590419738,0.590844164,0.591432292,0.591208204,0.592139046,0.591258288,0.592660807,0.592890027,0.59271383,0.593887435,0.591662663,0.59301933,0.592076276,0.591462524,0.590742985,0.590911894,0.590409802,0.590396023,0.589658833,0.588683465,0.587095088,0.587005499,0.582996333,0.58188057,0.57744543,0.572976007,0.568718668,0.563217846,0.558621958,0.555726304,0.554399869,0.552852798,0.55240126,0.552108106,0.551930459,0.552225845,0.551907098,0.551988075,0.552718715,0.553132324,0.553297384,0.55323082,0.554634738,0.555614936,0.556733702,0.557209453,0.55732103,0.559368971,0.559434592,0.559884807,0.56167051,0.561776853,0.562091492,0.562234017,0.5633402,0.563924035,0.56355158,0.563296347,0.564072898,0.564399256,0.565038833,0.563977354,0.563033256,0.5630559,0.561582297,0.560014131,0.559386691,0.557952194,0.556568681,0.554781868,0.552484674,0.549729192,0.546802407,0.543394621,0.540898406,0.535985227,0.530314356,0.526049125,0.521340506,0.516569072,0.511981177,0.508159433,0.503625227,0.498821062,0.495688895,0.491946109,0.488193004,0.4822738,0.476172765,0.468642702,0.45816798,0.444846202,0.427630046,0.408676443,0.384424023,0.359657071,0.334035957,0.302128361,0.28147036,0.263544045,0.249342507,0.237776752,0.22970225,0.223175642,0.219002771,0.21673429,0.213823803,0.212334511,0.211203623,0.211749303,0.212055134,0.212966593,0.21381796,0.214548308,0.216230493,0.218009923,0.220803278,0.22449552,0.227607565,0.234189636,0.240102414,0.245821688,0.252677756,0.257735487,0.264462621,0.27099977,0.276924799,0.282876623,0.288657014,0.295729931,0.303664661,0.30969932,0.314541071,0.321876926,0.326872532,0.332946813,0.338302259,0.344367422,0.350634531,0.355813918,0.363795821,0.36802817,0.372253419,0.376639055,0.382413933,0.385750881,0.390171232,0.394064849,0.39827724,0.40215581,0.404631715,0.411062984,0.414193044,0.417035865,0.420560566,0.422140862,0.423907918,0.427329589,0.428754293,0.428331096,0.430591566,0.431778304,0.432608026,0.432991634,0.434055524,0.436150902,0.435723248,0.437715999,0.438064802,0.439057473,0.43824389,0.440417156,0.438489733,0.439741658,0.440028176,0.443425049,0.446990127,0.442013733,0.444542944,0.444661225,0.450024965,0.454223904,0.465972291,0.474287882,0.481627603,0.493540052,0.494344223,0.500041326,0.510065589,0.505804343,0.498432808,0.494489053
6,0.561554165,0.556984925,0.560303011,0.562381941,0.56050924,0.555091378,0.555010525,0.555146662,0.554049257,0.556947257,0.556553917,0.5567669,0.557016429,0.556403328,0.556086056,0.553602176,0.553519394,0.552966107,0.551877274,0.553149096,0.553884244,0.554840088,0.554379324,0.55517788,0.557417593,0.557893019,0.560164971,0.561298021,0.562181389,0.562819091,0.56480076,0.566430037,0.567775585,0.567797892,0.568907175,0.568792869,0.569991549,0.571303233,0.572051821,0.571881904,0.571774139,0.571819448,0.572032284,0.573433063,0.573661303,0.573574307,0.572179745,0.57182026,0.571842007,0.570690122,0.570742937,0.570852114,0.570605908,0.569617107,0.568547711,0.567187453,0.566483077,0.564941811,0.562336225,0.561024955,0.555979829,0.552601227,0.548083385,0.542796006,0.538014596,0.535587637,0.534107035,0.532775968,0.533508541,0.533237715,0.532817088,0.533194155,0.532526644,0.533416539,0.533684387,0.533721119,0.533716565,0.534722855,0.535778127,0.536068288,0.537998425,0.538204482,0.539644894,0.539951997,0.541246639,0.542290977,0.542158593,0.542385416,0.543040684,0.543675641,0.544105357,0.543277752,0.544843315,0.544190531,0.543826514,0.544453507,0.543979559,0.543775272,0.543022361,0.542382943,0.541443515,0.539832296,0.538765965,0.536731296,0.535503106,0.533619429,0.531401044,0.5291621,0.525385085,0.523396603,0.519002607,0.515885818,0.51036664,0.50544403,0.500512372,0.49627137,0.492336005,0.48702043,0.482924528,0.478580127,0.47534476,0.472266747,0.467775087,0.461385263,0.455872735,0.447910681,0.438035718,0.423949568,0.406803944,0.387268993,0.363835449,0.337724716,0.311721543,0.2795904,0.257687591,0.239773675,0.225055248,0.213252247,0.205033251,0.198676081,0.194746499,0.191121515,0.189352021,0.187448831,0.185774059,0.186798017,0.18689744,0.187383502,0.188046327,0.189996512,0.191328948,0.193010674,0.195789995,0.199213546,0.203188681,0.209148001,0.215752209,0.220811361,0.226690723,0.234071883,0.240047904,0.247320402,0.253982159,0.259175493,0.266391465,0.2730057,0.280677024,0.287312888,0.293885992,0.29969149,0.305392794,0.311293416,0.317861004,0.32467113,0.329679002,0.335080376,0.342005436,0.347096562,0.352632326,0.356267334,0.361051959,0.367135127,0.371196988,0.373169523,0.378118811,0.38293549,0.386247653,0.391154557,0.395002623,0.397555257,0.400708679,0.40306538,0.405338494,0.407116452,0.41129309,0.41046018,0.413386985,0.413608112,0.414228545,0.415750141,0.417227707,0.418126623,0.419665989,0.422120495,0.420571526,0.422257204,0.423399387,0.424075446,0.424973968,0.424898564,0.425341199,0.42696373,0.430643304,0.432263503,0.430605019,0.434466605,0.438637602,0.44660564,0.456046027,0.466997914,0.481506476,0.491714306,0.501682081,0.504614706,0.508036236,0.507153307,0.499090371,0.487107875
106,0.571051294,0.573821036,0.573191355,0.575111016,0.574845323,0.572135681,0.574910018,0.574583082,0.573566134,0.571862359,0.572363462,0.571003943,0.569316549,0.566941741,0.567054186,0.56630689,0.565200753,0.56549271,0.565760794,0.566251315,0.567216737,0.566297295,0.56835771,0.567971685,0.570230781,0.569849637,0.572155659,0.573135068,0.574682925,0.576160894,0.576688274,0.578165981,0.578214424,0.578872594,0.57797406,0.579571985,0.580057317,0.580360373,0.579290881,0.580191758,0.581080314,0.579891629,0.580222723,0.580855947,0.580366579,0.579597909,0.57988895,0.578896515,0.579385488,0.578644994,0.579326929,0.576954124,0.575708265,0.575403538,0.576564312,0.573051505,0.573599116,0.571781535,0.569979887,0.566504042,0.562984669,0.559636415,0.554765681,0.549498082,0.54638527,0.542554989,0.541923001,0.541377812,0.540180503,0.540071009,0.539406403,0.540551341,0.540018025,0.540613466,0.540038437,0.54036904,0.542185339,0.541846,0.542068222,0.542830571,0.54394736,0.544620982,0.545503555,0.546718527,0.547061628,0.547607188,0.548368503,0.548827717,0.54929996,0.549644727,0.549529978,0.550330442,0.549420218,0.551131936,0.55083956,0.550719942,0.550111113,0.5507463,0.549434673,0.549326074,0.548207863,0.547864996,0.545589258,0.545092291,0.542920715,0.542095532,0.540375488,0.537194302,0.534797875,0.532252347,0.528771607,0.525432717,0.520065958,0.516116693,0.51175162,0.507946096,0.503413014,0.499398802,0.495009015,0.491343572,0.488015491,0.484318281,0.48142346,0.475651611,0.46988317,0.462457181,0.45242838,0.438767966,0.421916784,0.402554328,0.380191001,0.354589335,0.329296906,0.296541569,0.275131975,0.25688809,0.24222151,0.230116585,0.222271705,0.215801982,0.210876919,0.208368288,0.205887895,0.203850933,0.202843161,0.203045771,0.203640601,0.2040847,0.205136984,0.206461041,0.207206673,0.209461086,0.211980056,0.215419481,0.219192653,0.226652835,0.231851576,0.238387607,0.243059697,0.25054683,0.25711005,0.262491619,0.268499824,0.273736377,0.280898224,0.287162169,0.295448871,0.300115932,0.305901469,0.312473264,0.317974452,0.323876364,0.329925842,0.334537786,0.339931117,0.345906397,0.35267832,0.356903714,0.362623663,0.366956687,0.371823814,0.375043366,0.378978652,0.382415731,0.386964385,0.390185775,0.392664102,0.397937893,0.400726733,0.401761431,0.406609313,0.407920638,0.409392465,0.41332105,0.41356731,0.414494464,0.415871822,0.418358095,0.418559138,0.417736664,0.419973442,0.418889118,0.419880094,0.421276897,0.421777112,0.422177309,0.422353635,0.424438867,0.423331476,0.421648304,0.423868242,0.423883286,0.424786594,0.424034834,0.422426877,0.42141764,0.422083032,0.422067752,0.423039082,0.422924347,0.418686963,0.425447086,0.42257888,0.42275034,0.423841213,0.424308973,0.427153932,0.424006391
262,0.593253522,0.593773908,0.593835989,0.593427036,0.594089944,0.594010291,0.592312338,0.591488669,0.591307622,0.591412868,0.59116461,0.590003672,0.589417144,0.587747104,0.586334942,0.58518829,0.585665509,0.584439556,0.585189001,0.585488436,0.587025249,0.586012957,0.588291844,0.588654361,0.589070563,0.590206258,0.5932452,0.593570992,0.593661266,0.596295741,0.595274352,0.597305431,0.597552953,0.59809712,0.598958609,0.598991683,0.601800736,0.599989729,0.599978416,0.600366645,0.600677915,0.600373562,0.600300102,0.600339824,0.599676029,0.599661904,0.600472999,0.600284153,0.599099014,0.598361779,0.598964651,0.598543254,0.595825846,0.59624788,0.595993801,0.594304714,0.593245739,0.59277503,0.589869827,0.587512021,0.584250241,0.578778621,0.574767265,0.569943911,0.565103,0.563040527,0.561864854,0.559055522,0.559545066,0.559447834,0.560184089,0.558809287,0.559949326,0.560759312,0.560538117,0.560140236,0.561073005,0.561330453,0.562299222,0.563720546,0.564513743,0.566102743,0.565892528,0.567281015,0.567986962,0.568436728,0.569009812,0.569562406,0.569542449,0.570093829,0.570313446,0.571025143,0.570845056,0.571961277,0.571827762,0.571515165,0.571693418,0.57177319,0.571446019,0.570177574,0.568719325,0.567433934,0.566639444,0.56519181,0.563829482,0.562325906,0.560061356,0.557687137,0.554919586,0.551657789,0.548839066,0.545258312,0.53899719,0.534636436,0.530700314,0.52603201,0.521089672,0.517284997,0.513790957,0.509624866,0.506210982,0.502987207,0.499238494,0.492477358,0.486585124,0.478384716,0.467866874,0.454076943,0.436683809,0.416605,0.391348448,0.367129847,0.339827651,0.306804548,0.285722173,0.266709861,0.252039961,0.240897773,0.233649272,0.227023933,0.224064863,0.220637082,0.218811704,0.218861531,0.218405512,0.217805993,0.217503176,0.219800735,0.220881019,0.222167775,0.223039092,0.225253585,0.228954195,0.23309378,0.237038947,0.243763697,0.249811236,0.25664398,0.263334551,0.269196324,0.275841034,0.282282955,0.290137124,0.295342437,0.302629438,0.309188309,0.316735045,0.323288517,0.328879319,0.335523105,0.342223717,0.347738638,0.35425603,0.359977161,0.365534896,0.372762769,0.378796867,0.383998843,0.388551861,0.393538956,0.397469125,0.402448537,0.408006441,0.411083433,0.414953783,0.419302221,0.422240498,0.427150638,0.429809213,0.433196809,0.436433817,0.439497131,0.439585558,0.44349566,0.44379592,0.445522103,0.447321892,0.447029079,0.448140782,0.448390465,0.449289856,0.450050304,0.451452446,0.450845657,0.453551754,0.454749906,0.455043011,0.456926732,0.455036183,0.453448024,0.455761189,0.455216631,0.453839942,0.454935277,0.453027232,0.45295634,0.455180645,0.457509865,0.455582789,0.458346864,0.456846195,0.462933687,0.464231434,0.465415967,0.465732901,0.465058902,0.463824635,0.458013327
196,0.566119317,0.564762677,0.570095735,0.565722973,0.567076061,0.560709376,0.564667004,0.562673028,0.560319474,0.559614722,0.560762322,0.55934422,0.558293249,0.555925063,0.554568825,0.553996889,0.55385001,0.553498763,0.551952658,0.552573673,0.553441248,0.554908486,0.554913309,0.555787856,0.556910559,0.557048629,0.560213922,0.560248781,0.560268527,0.561622774,0.563305378,0.563667026,0.565394914,0.567534522,0.567149868,0.56810417,0.569429264,0.569617801,0.569611047,0.571207077,0.571086507,0.571284998,0.572089993,0.573060966,0.573078419,0.572480735,0.573573552,0.573594227,0.571746794,0.573242552,0.573156285,0.572216074,0.570840433,0.5709153,0.57077656,0.56876172,0.56854054,0.566770604,0.563917095,0.561991981,0.558377999,0.553830708,0.54919161,0.544027052,0.540833044,0.537430997,0.535133625,0.533324041,0.533682314,0.532789387,0.533676479,0.53191548,0.532620277,0.533610008,0.53305113,0.533051647,0.533658885,0.533702158,0.534528214,0.535216775,0.536799013,0.538160907,0.538965297,0.540653231,0.540093452,0.541671104,0.542094498,0.542745721,0.543383798,0.543292347,0.544137245,0.544264614,0.545143639,0.5456607,0.545052533,0.545241314,0.545616137,0.544829238,0.543932581,0.543592354,0.542865254,0.541657239,0.539687876,0.538408754,0.536872594,0.535513428,0.534138339,0.530569778,0.52801722,0.525169181,0.521722463,0.518538479,0.513086681,0.507978532,0.503981084,0.4996062,0.495021782,0.49083954,0.486623984,0.482640853,0.479304867,0.475793631,0.472051079,0.465868919,0.460445385,0.452583212,0.441828174,0.428941205,0.413252299,0.394040421,0.371096248,0.346404514,0.320771579,0.289667916,0.268823867,0.251227721,0.236615391,0.226266272,0.217086493,0.211735436,0.207280208,0.203039532,0.201817559,0.199378529,0.199655994,0.198758968,0.198704825,0.199322576,0.200727415,0.20147769,0.202309527,0.204163525,0.207219147,0.210341851,0.214278117,0.220617997,0.226108746,0.231154263,0.237757559,0.244189518,0.250144949,0.255224666,0.261521284,0.26703821,0.274562858,0.278763278,0.287265057,0.293577437,0.29803816,0.303913673,0.31169376,0.316294589,0.321122183,0.327767428,0.33325544,0.338472595,0.344126574,0.34931813,0.353506129,0.359264431,0.362757174,0.366924264,0.371116663,0.375151931,0.377713714,0.381477239,0.384543752,0.389066642,0.39187806,0.393711854,0.397076702,0.400113279,0.400670204,0.404318473,0.40527764,0.405588134,0.406412539,0.408449353,0.410254292,0.409530109,0.409088651,0.411473983,0.411416723,0.412173913,0.412728753,0.41441428,0.414157353,0.415631466,0.415688013,0.415512465,0.417782162,0.415732024,0.416154538,0.414494275,0.415523437,0.415702744,0.415085371,0.417308193,0.417065943,0.417862169,0.417885066,0.42487642,0.425305924,0.424568449,0.421297748,0.424119186,0.423081157,0.430016159
213,0.534503012,0.530028766,0.533779523,0.531571297,0.530815403,0.529114529,0.531414037,0.529544064,0.529160886,0.52826643,0.528527919,0.53036732,0.52690094,0.526623638,0.526421777,0.525990536,0.524583846,0.524982109,0.524367451,0.524885533,0.525217991,0.525229155,0.526234986,0.526933303,0.527615527,0.52789585,0.52936424,0.529987672,0.529860704,0.530935285,0.531012067,0.532260291,0.533986769,0.533460438,0.534550517,0.534022034,0.536201515,0.535485272,0.536470638,0.536840022,0.537606781,0.537711788,0.537651924,0.538825963,0.53842924,0.538206234,0.539374087,0.538943731,0.537821027,0.539799878,0.539029325,0.537680953,0.537018999,0.536963921,0.536194685,0.536391483,0.53489129,0.534856997,0.532315345,0.531189208,0.528541323,0.525169216,0.522205312,0.518180198,0.515696605,0.513083175,0.512973482,0.512112429,0.511553126,0.512207661,0.512069435,0.510998075,0.51248761,0.51266554,0.512211963,0.511928963,0.512402029,0.513311798,0.513497796,0.514376133,0.515765335,0.516341399,0.516600176,0.517580604,0.517141297,0.518091659,0.518608633,0.518688835,0.519365248,0.519299616,0.520334893,0.519802954,0.519761634,0.519820053,0.519936588,0.519618573,0.519859817,0.520413637,0.519785338,0.518382282,0.518009172,0.516816059,0.516044833,0.514997677,0.513502115,0.512599229,0.51090106,0.509377592,0.50790552,0.506151132,0.502993883,0.500617758,0.497436096,0.493948511,0.491622865,0.488191047,0.484892885,0.482033112,0.479626962,0.476872841,0.474971762,0.472297868,0.46991676,0.465546162,0.462719532,0.456884228,0.448643032,0.437999185,0.426870812,0.410871939,0.393048778,0.373634901,0.353053271,0.326999542,0.310407075,0.295353358,0.284425365,0.274534643,0.267838624,0.263382801,0.261277492,0.258520897,0.257307843,0.257207056,0.257740143,0.258327489,0.257822187,0.259093386,0.260906069,0.262275269,0.264857613,0.266094375,0.269825014,0.27266748,0.277289109,0.284098658,0.289988996,0.2947444,0.300436471,0.306677431,0.311803466,0.316938687,0.322611236,0.327625564,0.33398669,0.33857858,0.34579024,0.350896595,0.354387224,0.360276028,0.363818028,0.369683518,0.374927822,0.379808955,0.382947235,0.388705141,0.393159469,0.396786096,0.401004862,0.404603623,0.408596365,0.41234653,0.414364706,0.41678761,0.420712204,0.42240761,0.425287211,0.427883222,0.43011443,0.431561195,0.432980052,0.435887754,0.43463249,0.437513135,0.436764921,0.436720063,0.438793676,0.438181768,0.438736672,0.438831822,0.438246115,0.438715884,0.438212204,0.43917471,0.43948864,0.439896294,0.43892238,0.440271735,0.437926868,0.438135505,0.439823294,0.439589699,0.436475457,0.437764162,0.43698775,0.437214954,0.436643447,0.439855221,0.442041346,0.442243405,0.440891212,0.446831646,0.449058996,0.455286502,0.452411647,0.45105535,0.454373909,0.446774516
86,0.535360755,0.541283496,0.53761051,0.535028715,0.537405562,0.536547157,0.536637429,0.537257123,0.536795362,0.535431727,0.536602425,0.534868559,0.533577302,0.53383914,0.531784751,0.53017767,0.528759798,0.529901341,0.530781918,0.531656111,0.532448719,0.533125248,0.533093996,0.532795912,0.53440017,0.535828143,0.537648521,0.538644023,0.540317506,0.540184878,0.540599965,0.54235493,0.543475763,0.544023138,0.544824561,0.545405365,0.545586047,0.545233798,0.546840984,0.545862379,0.546270558,0.546074161,0.54577371,0.545645573,0.545418496,0.545596413,0.54498795,0.544761261,0.544545023,0.542392281,0.543567683,0.541479563,0.541388586,0.541501327,0.540772611,0.538171558,0.538764596,0.536750432,0.533822887,0.531792175,0.527545768,0.523474412,0.519603847,0.513789121,0.510730864,0.508360917,0.50370332,0.50412104,0.501714458,0.502686107,0.502700554,0.50203908,0.503050894,0.502395466,0.50297222,0.503518253,0.503493342,0.503399727,0.503764967,0.505009217,0.505502918,0.506677136,0.507412935,0.508248,0.508672203,0.509390235,0.509640532,0.511446335,0.511759324,0.512343407,0.51240147,0.512964028,0.5134535,0.513934231,0.513922657,0.513585032,0.514126118,0.512906683,0.513756588,0.512153748,0.51212662,0.510209736,0.509554898,0.508446754,0.506625786,0.505515258,0.50367609,0.500673352,0.4982463,0.496328932,0.492887735,0.488763066,0.483831934,0.479605035,0.475425101,0.470869175,0.467379341,0.462957928,0.45935546,0.455592525,0.452310266,0.448848988,0.445797031,0.440125524,0.434466697,0.427596425,0.417823063,0.405771986,0.390831578,0.372383787,0.351101681,0.326715502,0.302801342,0.273341964,0.253332392,0.236248252,0.222613128,0.212055882,0.203941214,0.198140276,0.193523559,0.191152077,0.188572429,0.186972776,0.187020137,0.186815928,0.187302622,0.187021113,0.188394322,0.189655322,0.191267022,0.193170528,0.194205343,0.197306402,0.202124396,0.207897157,0.213468708,0.217837309,0.223519964,0.230204569,0.235983327,0.2412883,0.247521538,0.254020536,0.258969081,0.265481545,0.273063883,0.279227784,0.284045061,0.289810178,0.295753382,0.302042779,0.306668326,0.312849185,0.318347097,0.323687673,0.330799566,0.334631691,0.339911913,0.343796226,0.348388467,0.352593994,0.35705306,0.36051879,0.364956696,0.36741588,0.372114914,0.377325946,0.378670488,0.383091171,0.384951278,0.387246811,0.390265337,0.392421267,0.395158539,0.395210087,0.395047319,0.396238494,0.397039729,0.39838401,0.399249575,0.400576518,0.400822984,0.40251706,0.40248716,0.404219121,0.403985924,0.402614562,0.404953891,0.40474312,0.405494287,0.406190893,0.407541673,0.405954504,0.407619716,0.410437401,0.408803934,0.411032087,0.412362701,0.420708687,0.418538444,0.420957443,0.417742735,0.420059634,0.415099253,0.420525394,0.416468641,0.414534779
176,0.571052587,0.572060302,0.572909234,0.571552013,0.570417979,0.563975517,0.559070895,0.557172413,0.559218354,0.563369664,0.563692328,0.56604454,0.565251065,0.566211573,0.564280373,0.562584321,0.563776542,0.562757736,0.564282652,0.564847462,0.564002037,0.56613106,0.567816733,0.566924107,0.57024894,0.569228732,0.571473222,0.572198306,0.573400216,0.57582498,0.576019947,0.576578295,0.577832187,0.578715203,0.579357486,0.580287794,0.580433354,0.582671169,0.582611754,0.582802457,0.584410297,0.584926011,0.58536115,0.585954058,0.585283949,0.58450619,0.585445995,0.585623408,0.585207122,0.58390043,0.583074832,0.584748778,0.5828448,0.582627963,0.583187456,0.582081036,0.580267202,0.57861425,0.577499545,0.57472148,0.570573079,0.567788025,0.562876934,0.558235753,0.555736072,0.551330178,0.551355312,0.549486511,0.549134704,0.54936009,0.550368366,0.549829336,0.54918054,0.550308178,0.550502148,0.551152141,0.550140793,0.55262288,0.552514497,0.553311497,0.554330284,0.556309476,0.556023616,0.558131448,0.559904529,0.559709849,0.56035909,0.561745967,0.561646118,0.561945806,0.563099994,0.563417601,0.563464496,0.5643305,0.56499399,0.565025229,0.56493289,0.565019695,0.564426189,0.563394062,0.562997245,0.562151448,0.562056451,0.559810744,0.558463662,0.556344646,0.554035091,0.55307129,0.55005995,0.547449021,0.543909716,0.540546971,0.53572113,0.531087912,0.526826848,0.522767753,0.518246483,0.513388282,0.510198554,0.505565546,0.502634606,0.498993643,0.49515168,0.489660552,0.484051637,0.476612244,0.466441791,0.453286258,0.436891727,0.417358908,0.394803386,0.368789935,0.343281882,0.310842003,0.288377341,0.269364279,0.254658872,0.242465121,0.233268833,0.227192621,0.223135357,0.219294259,0.217605565,0.216704274,0.215623448,0.216255221,0.216127699,0.217323869,0.219450309,0.2203767,0.222285207,0.224853608,0.226472717,0.230062194,0.235352746,0.241933413,0.247485858,0.254154122,0.260200417,0.266420714,0.27362647,0.279473664,0.286864036,0.293400096,0.298931168,0.30547901,0.314160401,0.319877336,0.325257987,0.3324236,0.338326889,0.344069086,0.350329105,0.355299487,0.361676442,0.365870927,0.372383771,0.377809295,0.381702447,0.386934662,0.390518433,0.394926664,0.399236997,0.402249665,0.406794256,0.409315726,0.412865761,0.416259688,0.41990655,0.423339696,0.426227781,0.427067567,0.429362578,0.431395046,0.433039031,0.436126278,0.435708953,0.43575067,0.437935225,0.437974935,0.438643084,0.441721037,0.439826809,0.442809224,0.442253961,0.442943276,0.443340934,0.44418863,0.444170936,0.446388523,0.44661002,0.449380307,0.450914503,0.453183613,0.451629764,0.458897244,0.462252054,0.470947809,0.488007142,0.509038498,0.530355335,0.548950944,0.569996835,0.57676943,0.584469771,0.596469895,0.582929663,0.56957259
75,0.592014914,0.596343255,0.594344858,0.593107375,0.590660644,0.58498764,0.583761418,0.582535343,0.582200358,0.582005055,0.582564379,0.584188119,0.584199909,0.582912818,0.580053497,0.577480382,0.57733325,0.57682222,0.577623792,0.577789517,0.578317718,0.578852966,0.580623232,0.58068184,0.582898858,0.583494748,0.585592085,0.587199944,0.58760498,0.589718268,0.592102567,0.593048571,0.593793347,0.594567416,0.596316487,0.597394452,0.597816799,0.599412093,0.600507086,0.600635143,0.601470067,0.600879216,0.602981095,0.60409633,0.602304207,0.603295289,0.602763339,0.602795355,0.601454248,0.601901422,0.600648972,0.600948902,0.599613732,0.600028137,0.598988789,0.597947194,0.595382983,0.594871585,0.5916412,0.590149287,0.583942122,0.579146329,0.574125425,0.567318591,0.563636986,0.55907533,0.558175035,0.557661483,0.556762866,0.556637736,0.555944954,0.556902547,0.556607923,0.556440196,0.558019711,0.557883602,0.558509875,0.559849763,0.559905266,0.561167771,0.561848998,0.563698379,0.564677239,0.565890035,0.566587873,0.568260072,0.569114592,0.569426356,0.56876531,0.569403877,0.571006781,0.57118292,0.571824557,0.571460627,0.572247193,0.57229188,0.572891074,0.572194812,0.571559281,0.571422774,0.569998926,0.567983989,0.566933839,0.565488998,0.563266912,0.561229969,0.557855762,0.55536543,0.552240872,0.548852468,0.544077416,0.539938252,0.533592652,0.527677424,0.522705852,0.516869364,0.512385867,0.505855245,0.502293298,0.496976352,0.492843973,0.487477459,0.482692642,0.475774938,0.469651464,0.460743232,0.448875805,0.432995416,0.413537838,0.391664897,0.364993438,0.337144702,0.309999048,0.27606826,0.254069353,0.234617453,0.22022162,0.209741092,0.200821664,0.194777767,0.190839002,0.188110363,0.186330569,0.184451899,0.183647492,0.184233867,0.183692322,0.184436237,0.185635432,0.187799093,0.188580635,0.190755368,0.193087206,0.196485948,0.199751009,0.206723256,0.212685326,0.218003491,0.223241665,0.230891271,0.236323722,0.243613432,0.249011576,0.256169619,0.26239824,0.268716735,0.277126088,0.283656164,0.289401108,0.29717786,0.301425695,0.308800671,0.314924725,0.321439427,0.327290178,0.332010819,0.341019753,0.346065098,0.350710986,0.354945801,0.360907983,0.36416774,0.369336298,0.372205311,0.377972394,0.381714791,0.386188582,0.389800153,0.39396429,0.397258446,0.400192974,0.400954338,0.404809418,0.406905716,0.409013466,0.409309275,0.413829955,0.411746361,0.413868861,0.414847393,0.417217557,0.418136996,0.417555889,0.419397816,0.420512,0.42215022,0.421142741,0.420803078,0.422924737,0.423644519,0.425046227,0.427930434,0.430605387,0.431726205,0.431665736,0.432547744,0.436850347,0.447198172,0.458631749,0.472619002,0.486239088,0.500234454,0.513696944,0.525470425,0.525991948,0.526608782,0.517151437,0.505710438
80,0.911165286,0.915222265,0.913104273,0.912164244,0.91525194,0.90925872,0.908364072,0.908409245,0.908481612,0.906546619,0.908741359,0.905991689,0.903201712,0.901550555,0.89651116,0.894322806,0.893262653,0.89372436,0.893341454,0.893019702,0.894268685,0.895665956,0.897151856,0.89900557,0.902761067,0.903590864,0.907517684,0.908633195,0.910794828,0.914499795,0.916013242,0.918830217,0.919426162,0.92113,0.923480294,0.924817291,0.925193671,0.927008249,0.927577489,0.929065323,0.929361103,0.93063563,0.930151827,0.930988315,0.93122945,0.931341291,0.930312958,0.930031735,0.928929659,0.927191199,0.924899238,0.924389145,0.924449014,0.922732069,0.92189886,0.920710789,0.917267745,0.915232697,0.909314226,0.904714795,0.897014173,0.888649151,0.878023902,0.86812538,0.860291068,0.85339322,0.85077672,0.84663069,0.846668154,0.846495207,0.845524869,0.84487468,0.844910591,0.844781081,0.845108111,0.844971419,0.844308661,0.846500927,0.846743043,0.848937569,0.850371162,0.85262557,0.854576307,0.855796561,0.857884862,0.859653512,0.861588914,0.863498077,0.864038391,0.865724394,0.86746791,0.867781042,0.869129226,0.870004033,0.870239885,0.87142279,0.871391514,0.870574654,0.870763731,0.869343305,0.867984899,0.86638514,0.864831293,0.861751963,0.85870843,0.854935957,0.851151228,0.846861081,0.841170035,0.836448217,0.829227355,0.821108102,0.810992602,0.802884918,0.795010174,0.785186461,0.776714688,0.767213294,0.759304897,0.751845457,0.744187659,0.737538175,0.729457629,0.716405464,0.706245448,0.691462873,0.674426074,0.650796205,0.6218369,0.588479055,0.54828657,0.507217251,0.465912867,0.413857582,0.380948606,0.352186484,0.33021488,0.312551119,0.299415049,0.288924203,0.282280566,0.27812452,0.274749271,0.271998576,0.270484834,0.271228435,0.272182246,0.272713204,0.274303361,0.275924311,0.277353265,0.280456788,0.283224164,0.288997729,0.294634007,0.303593831,0.311711096,0.320305609,0.329271609,0.338595274,0.347470374,0.356511155,0.365442094,0.374935637,0.384367424,0.393488411,0.405945929,0.414334038,0.424385422,0.433129491,0.441893792,0.45137287,0.460208941,0.469825475,0.475721446,0.485719651,0.496254846,0.503467853,0.509596564,0.517530883,0.524918433,0.532072784,0.538882433,0.544218268,0.550077179,0.55642636,0.561977507,0.567426974,0.573780494,0.578430278,0.582919059,0.585398576,0.590989603,0.594428948,0.599012959,0.600708763,0.602922363,0.604795192,0.608058845,0.609959988,0.611633997,0.614007973,0.615930017,0.620491244,0.619273854,0.622760028,0.623488713,0.623895123,0.624878171,0.626748386,0.626890904,0.627518217,0.629080189,0.629949671,0.631198405,0.632237939,0.634299396,0.634208426,0.641741891,0.648056135,0.64738149,0.65033472,0.655202729,0.648304268,0.659247354,0.652822374,0.643074765,0.647324323
230,0.551698283,0.550050494,0.553062658,0.551934284,0.550995783,0.548837538,0.548929296,0.548861591,0.546252329,0.547562989,0.54700794,0.546576633,0.546254244,0.544291451,0.542951812,0.541529705,0.541542591,0.543223895,0.542169953,0.542676884,0.544279249,0.54372151,0.544902654,0.545680409,0.546490766,0.545745637,0.549210481,0.549292772,0.551029831,0.551943756,0.552652887,0.555320118,0.555085019,0.555355996,0.555843934,0.557433854,0.557599174,0.55898961,0.55841566,0.558878765,0.560771234,0.559952499,0.559588893,0.560778688,0.560226923,0.560811906,0.560489783,0.560650268,0.560514117,0.560603769,0.560212063,0.559380052,0.558452336,0.556186037,0.557646789,0.555787682,0.554318663,0.553941992,0.551315781,0.547972756,0.545012997,0.540541708,0.536438031,0.53001748,0.526584435,0.522513655,0.522494335,0.520859042,0.51881306,0.519105722,0.521035245,0.518996138,0.519302766,0.520235012,0.519860983,0.520430806,0.521015045,0.521213319,0.52310189,0.523210475,0.524660174,0.525548124,0.525653693,0.527869725,0.528111102,0.529048337,0.529356056,0.529936823,0.531080718,0.531317498,0.532308921,0.531689116,0.532097734,0.533118061,0.532653562,0.531952463,0.53288623,0.532880601,0.532240263,0.532316727,0.531503979,0.529643489,0.528133288,0.527602314,0.524667325,0.52381573,0.521821436,0.519114156,0.516385272,0.512889789,0.510291922,0.506263581,0.499645219,0.496282533,0.49168194,0.487297952,0.483027684,0.478485533,0.474394901,0.470350945,0.466526128,0.46291419,0.459125004,0.45336477,0.44726813,0.439467409,0.429322209,0.415929272,0.399219261,0.37967038,0.356502523,0.331737735,0.306831932,0.275831741,0.256023607,0.238408017,0.223942774,0.213830275,0.204900065,0.199442002,0.195744373,0.192763343,0.190566783,0.18957829,0.189367625,0.190552851,0.190078243,0.190695069,0.191980538,0.193559391,0.195177524,0.196097662,0.200245221,0.203417972,0.207522883,0.213518402,0.219015636,0.224191083,0.231473268,0.236927236,0.242598164,0.248711759,0.255143089,0.261434289,0.268134524,0.273092565,0.281231877,0.287628495,0.292138685,0.298675894,0.304432154,0.308945596,0.315378873,0.320046844,0.325341889,0.332578438,0.337490853,0.342416169,0.346464094,0.350753322,0.355199352,0.359296453,0.362203251,0.366427188,0.369958323,0.373585516,0.376830811,0.380073724,0.382668915,0.385606061,0.388293725,0.39164235,0.392004453,0.393571233,0.396674765,0.397048307,0.398748669,0.398658204,0.400624611,0.400367041,0.401813359,0.403151009,0.403597192,0.402585673,0.40414553,0.404312628,0.404999732,0.404334075,0.406718437,0.407718743,0.408247732,0.408702333,0.406491379,0.406494956,0.405995711,0.408381169,0.406894148,0.407584302,0.406121011,0.406343324,0.406575555,0.412028718,0.413555318,0.414339087,0.41427128,0.419496523,0.417483056,0.413094395
69,0.555227507,0.560038655,0.56027418,0.556835689,0.555388493,0.557579585,0.555691277,0.556680013,0.555445888,0.557220092,0.556654837,0.557149878,0.555473583,0.552573554,0.55248792,0.550748141,0.548389462,0.548123537,0.549914265,0.548346151,0.549245137,0.550055399,0.551144075,0.551371678,0.552948703,0.553378127,0.554219444,0.554445276,0.555027727,0.555773459,0.557883929,0.55764713,0.560293063,0.560144136,0.559906092,0.561971267,0.562228274,0.562241047,0.563644745,0.563459455,0.56310654,0.563080138,0.564074501,0.563816958,0.564513671,0.565506631,0.564217581,0.564091558,0.564705599,0.562811844,0.56172018,0.563075865,0.562788581,0.562235926,0.561268576,0.560169196,0.559192205,0.558426146,0.556230928,0.554142157,0.551268623,0.548009666,0.544403484,0.539970952,0.536131289,0.534050901,0.534281792,0.532698845,0.531816379,0.532099689,0.531977362,0.533091878,0.533209278,0.533055717,0.532834117,0.533856483,0.533649567,0.535300398,0.53586835,0.536969553,0.537197897,0.538088121,0.539580113,0.540192725,0.540711335,0.541451176,0.541193652,0.541585805,0.542889392,0.543111018,0.54330467,0.54291696,0.543344813,0.544045815,0.543595438,0.543870215,0.544814639,0.543830536,0.542289478,0.543092332,0.541392822,0.540770883,0.54036576,0.53936522,0.538086771,0.535927847,0.533830127,0.532859833,0.529818315,0.527825547,0.525035436,0.521743827,0.516718428,0.5133906,0.508980454,0.505349325,0.501392782,0.497719505,0.494353814,0.491292613,0.488639156,0.48546171,0.482741507,0.476907923,0.472081454,0.465369553,0.456862908,0.4452122,0.4305683,0.412913879,0.39216128,0.368796205,0.345548897,0.315466171,0.294123315,0.276216381,0.262249424,0.249799464,0.241153444,0.234614009,0.230190873,0.227350154,0.224961284,0.223446954,0.222786089,0.222128007,0.223173151,0.224140066,0.225986744,0.22749564,0.22931745,0.230688063,0.23327961,0.236691497,0.241158914,0.248077812,0.254105816,0.259825685,0.265909462,0.272386726,0.279123256,0.284171586,0.291778662,0.296965564,0.302451613,0.309675464,0.316615835,0.322355826,0.327521612,0.334526427,0.338882488,0.344842126,0.350604577,0.356340133,0.361087768,0.36644512,0.373652645,0.377849308,0.381774525,0.385265598,0.389907692,0.392181006,0.39827664,0.399630426,0.402972518,0.40726101,0.409778636,0.413193212,0.416489151,0.419298709,0.422102137,0.422388888,0.426219751,0.427194952,0.42928541,0.430183477,0.43246567,0.430745047,0.432345555,0.431629245,0.433131923,0.433281124,0.434270566,0.435356344,0.436033469,0.437334271,0.435685574,0.435784322,0.436819526,0.43753745,0.435810513,0.438390895,0.437634189,0.438055475,0.437025688,0.439655034,0.440833371,0.442185837,0.448738551,0.456355016,0.456623493,0.464238325,0.47008006,0.468633771,0.471296837,0.466741398,0.471034347,0.458131764
160,0.634302296,0.635291844,0.636293525,0.633585639,0.630726949,0.623822015,0.620647535,0.620298982,0.621212417,0.623217594,0.626626074,0.629191214,0.629517952,0.631376913,0.631051542,0.632769666,0.632670796,0.632635567,0.633181381,0.632632337,0.633003721,0.633481892,0.634754349,0.63421679,0.636389462,0.636221303,0.637057317,0.637454962,0.637538431,0.639349799,0.640499427,0.640566051,0.642149287,0.64215199,0.642663779,0.643161198,0.643471524,0.64428316,0.644327006,0.643250827,0.644161406,0.643845489,0.645072249,0.645018548,0.645032674,0.644526317,0.645205681,0.644383247,0.643795972,0.643863015,0.642815481,0.643504768,0.644260927,0.64417923,0.64342713,0.643545075,0.642371401,0.641272396,0.639994072,0.638455882,0.636658137,0.633867919,0.632273078,0.628678927,0.626621975,0.624232957,0.624927887,0.623184237,0.622513409,0.622563562,0.621852293,0.622550848,0.622554805,0.621969975,0.623617578,0.622862215,0.622413136,0.625085492,0.624414725,0.625775805,0.626434661,0.626593141,0.626960291,0.629435198,0.629476321,0.630359855,0.630512251,0.630404456,0.631133036,0.63042859,0.631031635,0.631369109,0.631662745,0.63186915,0.63304251,0.63288472,0.632859446,0.632715092,0.632708739,0.632189695,0.631315827,0.631373337,0.630866774,0.630201157,0.628683222,0.627823872,0.626419455,0.625451832,0.623128843,0.622327185,0.619717447,0.617284996,0.614072532,0.612521929,0.608621353,0.606281409,0.604048078,0.60022183,0.597674259,0.59502871,0.592904731,0.590886323,0.587407195,0.585437062,0.580873123,0.576595894,0.569783747,0.560276203,0.548138076,0.535305099,0.516883796,0.498623643,0.476798595,0.448443249,0.428299661,0.41018463,0.395979813,0.382734824,0.373436343,0.367079697,0.362004499,0.357133749,0.355475804,0.353731105,0.353215527,0.353903631,0.35470932,0.355216007,0.356741412,0.358932682,0.361575208,0.363447083,0.367055208,0.370640473,0.37496353,0.383316948,0.389714201,0.395189592,0.401804988,0.408644382,0.41456277,0.420892433,0.427485629,0.433042073,0.437961424,0.443820269,0.451786005,0.456814449,0.461107805,0.46642493,0.471527097,0.474884457,0.478861717,0.484846246,0.48946998,0.493276979,0.499025294,0.501584987,0.504837137,0.506736844,0.512004644,0.512798921,0.517464083,0.519473418,0.521811206,0.524288873,0.528037107,0.531242028,0.532747621,0.535874653,0.537076726,0.537997356,0.539778478,0.542060944,0.544137875,0.543792096,0.543530316,0.542673803,0.54382139,0.543837836,0.544025008,0.545696889,0.544239639,0.546325473,0.546145862,0.546259008,0.548545325,0.54766064,0.545424632,0.547516735,0.546984239,0.551276322,0.553910393,0.554136454,0.555918238,0.560570084,0.564193636,0.576146367,0.598194624,0.621050635,0.653991573,0.679646424,0.706356742,0.71588561,0.728862264,0.72813634,0.723626241,0.708742706
164,0.585455666,0.589221777,0.584728273,0.585385857,0.585963616,0.581709219,0.584224973,0.581524012,0.58073249,0.582067514,0.581142063,0.581220567,0.578747663,0.576786244,0.577391528,0.575125747,0.574856431,0.575363555,0.574629686,0.57468963,0.575416551,0.576384034,0.576399651,0.577363138,0.578230006,0.578315763,0.579897183,0.581301096,0.581001344,0.582520602,0.583738562,0.584932314,0.586189525,0.586185697,0.586368802,0.586539128,0.588592247,0.589973132,0.589249895,0.5894969,0.589573159,0.590171706,0.591254224,0.59142004,0.590725071,0.592375443,0.591535126,0.591262173,0.592373641,0.591340496,0.593074276,0.59216736,0.590634887,0.590951991,0.589604546,0.589172902,0.588447099,0.587510976,0.58599318,0.58413072,0.581792334,0.578027269,0.574262088,0.569398717,0.56623027,0.56385803,0.562895366,0.562454135,0.561574353,0.561160802,0.560965714,0.56090772,0.561450772,0.561445508,0.561687004,0.561897929,0.563257779,0.562739641,0.56493564,0.565929588,0.566666186,0.56792729,0.568126742,0.568905429,0.569966971,0.571413358,0.572009093,0.571411252,0.571879533,0.573551391,0.572451549,0.573671932,0.573792362,0.574494078,0.573976644,0.574936594,0.57522857,0.574253323,0.574670716,0.574018252,0.572665919,0.572506019,0.570963758,0.570251215,0.569249264,0.567497354,0.566593263,0.564437516,0.562210828,0.559920291,0.556933851,0.554226555,0.549932204,0.546236083,0.542407267,0.538970339,0.534435932,0.531364815,0.527600908,0.524611412,0.521546358,0.518491453,0.515279684,0.510547155,0.505753149,0.49882143,0.489573744,0.478662445,0.46401122,0.445714304,0.424061992,0.4010793,0.37709064,0.345507533,0.324376014,0.305647595,0.291208459,0.279424276,0.270227441,0.263575159,0.259033966,0.256241086,0.25432719,0.253479226,0.252893237,0.252676934,0.252214738,0.254527691,0.255307655,0.257380226,0.258880548,0.261090342,0.264490032,0.267588063,0.273178638,0.28060538,0.286562772,0.293408387,0.299620184,0.305473935,0.312311496,0.318836148,0.32470671,0.331133304,0.337728643,0.343707555,0.351186486,0.356788165,0.362296389,0.367574374,0.373051597,0.378733458,0.38438727,0.389748815,0.394079679,0.399939011,0.405385218,0.409650038,0.413777855,0.417935362,0.421042389,0.424142162,0.428992268,0.430376548,0.434010655,0.436634625,0.439511109,0.442206138,0.445841019,0.447531856,0.449403837,0.45311281,0.452766429,0.454470339,0.456546556,0.455939143,0.45662347,0.456708825,0.456709324,0.458143652,0.456936032,0.457418015,0.457932376,0.457005224,0.460136343,0.460099597,0.461155752,0.459735345,0.461190818,0.458330036,0.459102314,0.459526291,0.458767331,0.457024934,0.457218256,0.459728797,0.455386614,0.457321696,0.45693344,0.459066394,0.455463614,0.459949257,0.455546581,0.459382242,0.460494989,0.460612469,0.457660434,0.439747989
252,0.524172519,0.523143189,0.530046148,0.531084559,0.527792656,0.525121028,0.527662521,0.529574874,0.527765666,0.527305048,0.527953271,0.529636192,0.528166759,0.524473182,0.524707932,0.522940612,0.52461888,0.524020904,0.523813468,0.524176623,0.5270224,0.526696138,0.527896164,0.528761474,0.530319756,0.531097858,0.534060377,0.534418275,0.536987105,0.537299602,0.539477014,0.541071938,0.542366721,0.543488322,0.542071671,0.54444501,0.544499751,0.546617677,0.546272466,0.544507516,0.546168174,0.546041092,0.546367262,0.545212557,0.545132916,0.542753119,0.54470248,0.544257918,0.542027053,0.540830265,0.540140983,0.539323477,0.53647038,0.534370205,0.534989382,0.532634224,0.53154377,0.530854076,0.525287817,0.522296826,0.51823292,0.513080652,0.507356105,0.502083192,0.497113474,0.494284779,0.492268057,0.491386626,0.49108962,0.491517493,0.490995408,0.490568861,0.490878913,0.492643752,0.491748725,0.491206791,0.493314892,0.493063102,0.494289607,0.495876089,0.497607595,0.499273577,0.499329205,0.500993378,0.501393115,0.502846091,0.503613929,0.503759994,0.504790188,0.505242617,0.505292868,0.506461709,0.506346308,0.506654594,0.506086138,0.506335923,0.50593777,0.506301286,0.505864777,0.50476064,0.503454916,0.501733241,0.501452981,0.500098541,0.497888322,0.496017942,0.494184241,0.491017133,0.48845458,0.484374151,0.481112643,0.477866771,0.471537078,0.467178436,0.462104053,0.45701362,0.452190271,0.447580886,0.443266991,0.439036147,0.434517104,0.431608916,0.427897252,0.42223623,0.415832204,0.408197032,0.398195841,0.385477164,0.369345489,0.350715308,0.328685558,0.305665171,0.283305898,0.255023849,0.237501112,0.221785494,0.210721935,0.200917468,0.19455954,0.189386918,0.185532797,0.183468851,0.182106579,0.181705669,0.181695312,0.180819465,0.181412649,0.181568802,0.183164842,0.184356294,0.184692363,0.186613375,0.189245696,0.192399462,0.195748547,0.200637396,0.205727765,0.210675519,0.215358123,0.220932569,0.226216579,0.230077133,0.235715979,0.241020552,0.246310342,0.251456165,0.258180374,0.263642802,0.268708256,0.272304241,0.278610182,0.282843298,0.287330485,0.292236073,0.296818159,0.301263064,0.307711293,0.311565496,0.316329342,0.319530885,0.323326449,0.327062198,0.331783038,0.3335331,0.33835431,0.341144536,0.344301331,0.348753831,0.351599892,0.3553298,0.356803672,0.359766001,0.361099338,0.364551095,0.366437374,0.367617788,0.368575406,0.370751573,0.372939674,0.374145623,0.375964051,0.377463949,0.378425155,0.380125742,0.382723811,0.38363114,0.385045233,0.385637524,0.384943315,0.388828026,0.392760181,0.388253528,0.393310613,0.392377954,0.391811835,0.394643048,0.39286714,0.39594552,0.395292515,0.39882965,0.398432153,0.404386418,0.406233987,0.40604771,0.410485117,0.408841352,0.413095781,0.406376527
59,0.568446004,0.569625048,0.568159376,0.566816264,0.569142413,0.564747347,0.561784245,0.561966836,0.563396546,0.563929695,0.563608228,0.56178072,0.561326603,0.560851666,0.559730212,0.559210105,0.557674395,0.558799021,0.55866024,0.558564912,0.559176357,0.559532859,0.560468341,0.560759506,0.562340056,0.562284928,0.563713487,0.565123298,0.564775728,0.567298017,0.567936731,0.569963203,0.568138656,0.569057224,0.570554767,0.57138812,0.571949387,0.571709991,0.57185697,0.572175378,0.573338091,0.572028442,0.573146037,0.574211245,0.573970982,0.573738806,0.572966787,0.573428698,0.574143763,0.572302187,0.570271564,0.570856858,0.571674158,0.571014561,0.570139949,0.570571833,0.569423721,0.568793011,0.566290409,0.564859626,0.563055478,0.559481991,0.556574125,0.552408945,0.550641949,0.547165092,0.547546458,0.545963894,0.546111951,0.545815252,0.54548177,0.545280983,0.546063905,0.545932954,0.546714047,0.546601976,0.546829148,0.547841054,0.547708241,0.549574227,0.549523448,0.550615075,0.550844758,0.55261966,0.55247918,0.553227635,0.554420455,0.553947181,0.554013555,0.555381019,0.555249923,0.554591419,0.556045928,0.554849137,0.555941929,0.556176259,0.556773726,0.556237316,0.556274951,0.5551354,0.554440462,0.553769202,0.55297868,0.551549867,0.550004971,0.550070186,0.547211217,0.546034374,0.544156747,0.542317625,0.539421187,0.537119459,0.532821718,0.530056118,0.525705209,0.522529286,0.520230053,0.515701356,0.51306034,0.509863883,0.506950988,0.505256431,0.501875193,0.496843828,0.492741023,0.486623222,0.47825794,0.468049258,0.453830269,0.437197524,0.416830387,0.395953386,0.372402021,0.342931396,0.322607619,0.304779793,0.290321772,0.278812196,0.270075335,0.264135997,0.259965896,0.257322723,0.255357222,0.253376332,0.252788699,0.253121667,0.254648871,0.255189526,0.256258021,0.257626439,0.259161045,0.261700281,0.264825228,0.268196423,0.272799265,0.27985811,0.28607609,0.292345995,0.296980995,0.305015421,0.311626074,0.317501725,0.324984708,0.33125623,0.336313925,0.342408591,0.350248327,0.356746636,0.36123995,0.367895078,0.372689959,0.379033658,0.38427265,0.389273532,0.394256159,0.400467125,0.405714762,0.410858383,0.415203137,0.420263346,0.422841219,0.426815461,0.430314133,0.433175235,0.43638543,0.440707651,0.442979358,0.44813684,0.45094681,0.453088877,0.454854979,0.4563685,0.457438121,0.4605557,0.461629812,0.461850073,0.463008912,0.462911452,0.463482445,0.462861678,0.465853807,0.466643155,0.465960944,0.46680873,0.468155319,0.468309886,0.46785454,0.467368904,0.468540964,0.467732961,0.468310293,0.468915012,0.471124087,0.471086968,0.47052795,0.472002315,0.474609641,0.476679646,0.486195153,0.49089323,0.504278385,0.502648828,0.512102777,0.511461002,0.518410286,0.509965231,0.512986871,0.499900254
120,0.478076862,0.481791474,0.481447776,0.480857192,0.482679226,0.478807274,0.480547603,0.479249834,0.480082445,0.480879392,0.481099134,0.480950785,0.479541011,0.478720185,0.478888286,0.47839959,0.477569345,0.478173498,0.477882131,0.476552614,0.479320523,0.478462917,0.478971329,0.47939131,0.480615354,0.48123736,0.48195119,0.48258115,0.483219369,0.483674293,0.484772298,0.484783229,0.485620894,0.485851587,0.48670602,0.487528953,0.486293757,0.487017641,0.487351231,0.488283155,0.486805716,0.487534488,0.486822362,0.488483875,0.487772352,0.486650231,0.486884046,0.487862807,0.485137757,0.486059053,0.486260896,0.485223133,0.483793654,0.484175791,0.484375825,0.483336975,0.482883795,0.481911815,0.480529366,0.477828327,0.475601632,0.473600121,0.471702596,0.469208217,0.46595371,0.464126846,0.464404921,0.464222316,0.462616623,0.463808774,0.464014447,0.463417179,0.464427662,0.464653181,0.464413262,0.464486444,0.465227087,0.465097422,0.466007193,0.466677995,0.468343034,0.46825628,0.468188077,0.469163269,0.469225768,0.470510235,0.469729198,0.469748301,0.469865801,0.470145635,0.470289217,0.469735077,0.470251078,0.470285092,0.469572459,0.469235038,0.469381891,0.469466937,0.469460709,0.46886956,0.467543395,0.466673919,0.466414066,0.46525525,0.464329571,0.463184759,0.462406117,0.4603973,0.458980685,0.457205102,0.454666911,0.453504739,0.450130996,0.447582999,0.445424707,0.442283319,0.439397628,0.437018114,0.435689928,0.43351502,0.432074458,0.430190626,0.428323816,0.424774336,0.421428463,0.41686335,0.410558643,0.401514623,0.391128253,0.378919474,0.362566724,0.345533068,0.328169819,0.305967942,0.289715928,0.277467331,0.267315861,0.258946407,0.252936057,0.249133991,0.246427797,0.244979952,0.244439747,0.244982817,0.244726855,0.245751969,0.246766728,0.247843977,0.250053335,0.251255794,0.253582139,0.255692594,0.258499472,0.262347792,0.266380136,0.27338363,0.27860989,0.283401244,0.289351369,0.294925978,0.300470069,0.305681177,0.31056226,0.315988869,0.321430232,0.32591204,0.332393004,0.336411009,0.340947425,0.34589222,0.350431785,0.353741983,0.358137147,0.363865585,0.366741192,0.371585643,0.376443513,0.379349331,0.383314223,0.385679772,0.388848949,0.392927743,0.395607232,0.397448765,0.401718961,0.404123917,0.405837846,0.409591928,0.41076207,0.413711318,0.415242363,0.415755762,0.418210792,0.420141358,0.419532828,0.419887725,0.420848636,0.423569313,0.421596411,0.422960196,0.423116024,0.424654564,0.423618515,0.42547773,0.425280172,0.426779837,0.426264104,0.42723568,0.42711863,0.426846896,0.428706225,0.427782292,0.430407468,0.429906675,0.428987593,0.42846974,0.428209285,0.431808245,0.428418399,0.427967424,0.42996191,0.430559947,0.433686807,0.43223048,0.433492445,0.426464408,0.437721133,0.430651633
182,0.52873793,0.529194847,0.534395781,0.531751324,0.533056299,0.528614662,0.529759245,0.529808145,0.526453684,0.528052386,0.528250736,0.528260141,0.52579983,0.525181188,0.526136136,0.524832337,0.523406193,0.523873026,0.523686622,0.525063395,0.524720654,0.52466796,0.525937137,0.52689273,0.526762181,0.529293218,0.529801957,0.530098901,0.531515913,0.532790872,0.53318581,0.534807156,0.535463554,0.536341008,0.536855498,0.536992432,0.537839813,0.53848955,0.53898092,0.539021982,0.538592452,0.539747893,0.539466331,0.539955532,0.54018985,0.54029966,0.539960568,0.540305001,0.540290555,0.539906225,0.540173956,0.539096518,0.537688501,0.537125451,0.536977558,0.536766982,0.535173829,0.536209971,0.532129478,0.530409752,0.527585591,0.524933879,0.520332304,0.517161937,0.51384376,0.510196889,0.509228047,0.509421006,0.508733656,0.509540812,0.509776272,0.509314997,0.510114231,0.51002737,0.509024232,0.510186456,0.511116757,0.512161706,0.511592485,0.512744475,0.51486683,0.516155549,0.515663362,0.516236261,0.517928446,0.518055589,0.518288982,0.518720828,0.518770961,0.519314512,0.519403361,0.520245169,0.52093604,0.52056584,0.520671774,0.521044815,0.520714183,0.521192634,0.520760939,0.520040723,0.519462256,0.517967685,0.51653397,0.515790322,0.514124715,0.513037463,0.511476268,0.509885301,0.507297678,0.504082648,0.501288815,0.498573853,0.49475872,0.490540233,0.487535157,0.483011669,0.478700185,0.475852473,0.472559809,0.468562494,0.465843668,0.463501788,0.460370149,0.454896726,0.449843871,0.44358016,0.434354459,0.42216477,0.408316971,0.390639532,0.369228673,0.347266723,0.324295647,0.295168677,0.275607422,0.259893718,0.246602645,0.236393016,0.229316984,0.22330395,0.22045208,0.217372326,0.215839245,0.215742596,0.215347306,0.215410576,0.216544855,0.217142965,0.218823335,0.220562644,0.221379959,0.223420355,0.226526787,0.230298492,0.234487931,0.240593128,0.24653933,0.251784743,0.258052913,0.263965529,0.269784342,0.27516985,0.28217394,0.286967325,0.292720624,0.298437339,0.305388186,0.311349086,0.317507028,0.32146465,0.327704558,0.331431594,0.338300558,0.343287781,0.346981525,0.352316613,0.357874317,0.362070326,0.367094655,0.370884023,0.375523736,0.378626761,0.382990161,0.386358112,0.388608949,0.391816914,0.394493648,0.399667102,0.401018795,0.402891102,0.406827388,0.408131648,0.408765208,0.41187868,0.4129731,0.412396753,0.41363362,0.415111914,0.416198579,0.415123277,0.416820926,0.417371539,0.41588206,0.416208271,0.418688315,0.419020543,0.420044122,0.420851395,0.420833825,0.419628017,0.420647209,0.418107636,0.418910226,0.420247922,0.420879723,0.418956777,0.419806812,0.422997526,0.419580949,0.424707253,0.427998645,0.430737316,0.431854303,0.431661072,0.43917169,0.432740928,0.435252308,0.432703306
3,0.522624129,0.522930035,0.520862615,0.518293255,0.520042396,0.513747207,0.510636141,0.511310087,0.510656144,0.512830454,0.514520714,0.516365923,0.515607542,0.516217344,0.516359871,0.516282744,0.514829007,0.514883115,0.516315712,0.51535122,0.517578184,0.51675138,0.518615519,0.519026191,0.519794889,0.521090385,0.521683548,0.524041926,0.522730186,0.524721435,0.527387948,0.527565209,0.52822179,0.529305645,0.52940696,0.528736143,0.529963848,0.52985177,0.52951506,0.529676607,0.530749739,0.530474681,0.531544258,0.530231884,0.530732028,0.52964599,0.527658742,0.529180975,0.52857332,0.528285391,0.527538454,0.527465958,0.525817223,0.526028746,0.526453499,0.524816862,0.523265009,0.523860838,0.519646301,0.517836453,0.515329099,0.511656514,0.508372209,0.503831385,0.501851242,0.499293101,0.497429181,0.497556054,0.495971041,0.49678002,0.496959788,0.497876232,0.496995811,0.497710845,0.49878812,0.498120373,0.498270479,0.500169083,0.500222738,0.501218756,0.501996728,0.502150854,0.502777473,0.504638034,0.50561097,0.506209278,0.506727739,0.506416625,0.507315531,0.506752714,0.50836468,0.508775704,0.508360061,0.508722008,0.509515014,0.509928614,0.510115213,0.50927208,0.509443267,0.508455548,0.508052829,0.507108872,0.506288799,0.505459859,0.503292821,0.502543345,0.500140616,0.498481262,0.496365859,0.494295858,0.491012734,0.488146034,0.482790047,0.479046822,0.476044783,0.472280367,0.467936467,0.464437606,0.46088446,0.457203642,0.453732698,0.451901301,0.447604548,0.442613171,0.437759388,0.431418806,0.421644767,0.409284378,0.393600819,0.375784813,0.354833068,0.331388459,0.307380982,0.277336604,0.257451349,0.242326846,0.227849788,0.217422138,0.210067773,0.204681504,0.200898416,0.198275045,0.196443857,0.195432883,0.195208068,0.196011661,0.196244702,0.197514943,0.19797568,0.199860481,0.200586517,0.202608095,0.206512011,0.21068492,0.213474513,0.219919958,0.22687359,0.231778616,0.238684594,0.244014606,0.250584521,0.256399985,0.262202146,0.268892607,0.274540066,0.280701823,0.288267994,0.293462105,0.299072963,0.305261745,0.311672496,0.315987466,0.321279358,0.327457445,0.332816466,0.338111078,0.344846133,0.348939415,0.353850901,0.357808359,0.361525689,0.366052432,0.369221055,0.3728351,0.376689382,0.379480634,0.382595497,0.387927656,0.389947441,0.393563285,0.394586756,0.397039467,0.398877438,0.400168004,0.40235959,0.4033604,0.405401136,0.40311804,0.406169699,0.40755266,0.407863131,0.408690932,0.409002386,0.410369413,0.410634364,0.412093748,0.412073059,0.412660398,0.410983381,0.412893119,0.412701418,0.417000301,0.418045491,0.421724578,0.420500023,0.423928949,0.430263038,0.439217133,0.451767351,0.476062962,0.492018584,0.510769906,0.530459144,0.538240075,0.543087213,0.548002204,0.537316704,0.524213256
198,0.600976398,0.602044251,0.600700814,0.602895091,0.602530243,0.599682693,0.60048809,0.600969177,0.600681755,0.599985489,0.600460395,0.599042191,0.598457836,0.598346617,0.597994801,0.597437623,0.596851866,0.597875313,0.598215349,0.597273111,0.599988504,0.598354321,0.59973363,0.601601917,0.602925012,0.604303985,0.605701487,0.606274215,0.60691217,0.607758889,0.608608942,0.610099574,0.61114766,0.612923652,0.613180344,0.613127078,0.615088122,0.615113833,0.615523394,0.616121059,0.616741754,0.617160167,0.616460931,0.617140379,0.617131829,0.61621619,0.618110339,0.618973051,0.615247024,0.616790581,0.617026739,0.614800031,0.614390556,0.613353948,0.613175687,0.611702806,0.611201649,0.609805924,0.606951854,0.603874005,0.600957038,0.596610279,0.592750282,0.586590354,0.583559944,0.581930683,0.580658245,0.57924632,0.57811132,0.578159955,0.57735795,0.577699125,0.577495518,0.578307695,0.578730432,0.578191702,0.580640002,0.579808343,0.582177593,0.581844194,0.583732368,0.584807475,0.584754316,0.586714466,0.587240904,0.588089701,0.588766979,0.589131884,0.589638036,0.590168873,0.591175498,0.591997854,0.591740766,0.591979354,0.591964283,0.591859261,0.592563497,0.592586119,0.591561274,0.591669433,0.590849228,0.589137876,0.587966664,0.587377237,0.585458401,0.583873846,0.582324214,0.57980893,0.577049321,0.575151598,0.571328237,0.567835868,0.562751722,0.558930117,0.554442735,0.550138372,0.545635835,0.54188106,0.538044574,0.534038623,0.52983655,0.527981018,0.524827798,0.518384219,0.513346331,0.506808156,0.49611921,0.482090961,0.465781518,0.447387485,0.42378325,0.398417232,0.373403804,0.340877088,0.318758071,0.300428914,0.284781555,0.272809716,0.264297888,0.258284515,0.254027819,0.250292481,0.248980368,0.247552422,0.246728255,0.247710783,0.248615523,0.25023358,0.251262826,0.253117192,0.25495341,0.257675225,0.259463348,0.264376342,0.270207561,0.275839499,0.282138993,0.288284537,0.295609569,0.301801489,0.308624978,0.31583136,0.321383778,0.328031339,0.334742053,0.340160924,0.348906105,0.354263771,0.359806209,0.36667865,0.371566038,0.378039193,0.383778912,0.389692552,0.394492303,0.399734294,0.406567308,0.411422637,0.415460032,0.419735486,0.423732617,0.427928127,0.432478066,0.43500006,0.438660464,0.441505628,0.446257402,0.449513854,0.452321625,0.455153121,0.457957835,0.459479195,0.462746029,0.463113043,0.465348476,0.465611256,0.464760455,0.466586621,0.466698014,0.468451292,0.467380398,0.469426538,0.46868726,0.469313734,0.472182653,0.470713056,0.470788298,0.473054622,0.473512291,0.473009393,0.471892089,0.472623064,0.471049306,0.472744636,0.473864849,0.47424992,0.471980311,0.476221574,0.47148787,0.475558272,0.479658779,0.485968552,0.481826946,0.48870175,0.490563627,0.489026258,0.485163461,0.487118035
169,0.596924401,0.596265945,0.594034928,0.595244156,0.596791984,0.587788896,0.583312412,0.58329122,0.581833645,0.586388374,0.588162078,0.58905513,0.589339668,0.588465101,0.589156696,0.588006376,0.586762114,0.587266091,0.587851826,0.587685175,0.587727039,0.589224761,0.588935107,0.591141668,0.59253132,0.59264988,0.595006228,0.594150952,0.595826214,0.596805825,0.59982027,0.599638077,0.600905816,0.601597326,0.602209081,0.603549105,0.604688014,0.605350285,0.60533557,0.605547841,0.606545127,0.60622898,0.607074496,0.607600566,0.608311499,0.607864957,0.607198298,0.607842523,0.608364332,0.607319685,0.606555426,0.607887745,0.606086903,0.607224085,0.606184122,0.605847932,0.604975029,0.603985786,0.602104857,0.600425579,0.596937716,0.594473461,0.589071217,0.585667432,0.580907408,0.580025817,0.579091097,0.577379799,0.578089488,0.576227311,0.577437886,0.577542606,0.5778094,0.577653823,0.578097818,0.577789853,0.578471628,0.579195544,0.580562578,0.581150156,0.581928279,0.582892435,0.583265703,0.585383685,0.585846433,0.586924649,0.587082949,0.587611512,0.588807161,0.588156078,0.588893801,0.589014026,0.590350439,0.590304652,0.590186032,0.591679629,0.590829705,0.591489643,0.590104409,0.589985602,0.589927478,0.588517609,0.587478034,0.586343463,0.584807695,0.582933762,0.581466106,0.578746998,0.57654278,0.573892982,0.571310452,0.568286755,0.562439017,0.558848143,0.554936827,0.551108579,0.546859815,0.542095864,0.539541162,0.535112313,0.531264747,0.528159779,0.524582128,0.519426448,0.514051482,0.506696564,0.497503443,0.484885199,0.468618212,0.449087382,0.427368875,0.403485725,0.377594468,0.34476552,0.323265056,0.30582413,0.290694795,0.279054888,0.269303237,0.263334205,0.258788628,0.254949111,0.253178544,0.251539235,0.250458399,0.251076451,0.252027745,0.252249139,0.253985684,0.255172654,0.256282862,0.258994268,0.261421781,0.265549736,0.2689901,0.277231609,0.282362184,0.28870637,0.294591599,0.301918011,0.307511576,0.314509699,0.321382193,0.327710193,0.33272901,0.339603738,0.347164619,0.352455786,0.358603089,0.364372741,0.370037026,0.374571107,0.381805926,0.386388007,0.392528527,0.39722272,0.405003491,0.408735434,0.413570111,0.417405361,0.421584906,0.42506758,0.428760756,0.432245198,0.436407765,0.440856764,0.443670237,0.447424134,0.45152485,0.455049464,0.455983431,0.458220242,0.459594682,0.463125514,0.465481899,0.465068963,0.466558867,0.467709164,0.467468123,0.468794021,0.468726106,0.469588999,0.470598215,0.473009177,0.472534218,0.472092526,0.474307139,0.47245657,0.47436378,0.473309822,0.472699657,0.47663952,0.479527369,0.479846402,0.479556856,0.482797249,0.493026871,0.501324127,0.519703733,0.542423668,0.568259489,0.586443586,0.606662681,0.619210954,0.625917267,0.629358007,0.623961598,0.609869832
194,0.627494106,0.627474982,0.62932097,0.624791636,0.627604888,0.62407837,0.623380195,0.621303416,0.621526814,0.620399427,0.62195225,0.620928116,0.618042952,0.616155444,0.615116113,0.6145183,0.613409077,0.613241403,0.613662133,0.61264553,0.614191352,0.613698569,0.615076521,0.616885999,0.617791183,0.619548629,0.621142626,0.621721076,0.623203394,0.623574022,0.624522122,0.627191408,0.627907565,0.628747217,0.630834196,0.630223624,0.632079084,0.632441543,0.632630845,0.63296174,0.634535836,0.632910942,0.634545554,0.634422311,0.635883036,0.635147637,0.635931253,0.635719997,0.634429162,0.635006688,0.634469407,0.634217847,0.633396951,0.631673801,0.631870516,0.630905566,0.63032388,0.628301794,0.625536303,0.622056182,0.618845981,0.613805015,0.608661217,0.602014884,0.597743357,0.594916884,0.592860912,0.591754365,0.592021792,0.591572517,0.590613744,0.590976736,0.591276366,0.591341531,0.591184064,0.591245323,0.592568756,0.59342677,0.593967624,0.595120374,0.59691405,0.597473869,0.597943957,0.600007352,0.601019479,0.602369968,0.602423568,0.604400859,0.605179647,0.604126564,0.605166481,0.606571449,0.605873964,0.606339351,0.607012755,0.606654967,0.607439254,0.606838598,0.606850656,0.605680603,0.604591337,0.603006701,0.601687016,0.600412003,0.598347956,0.596750194,0.594486583,0.59168073,0.588828581,0.585442558,0.581946296,0.57861152,0.572142648,0.566631098,0.561600906,0.556213736,0.55107057,0.546711002,0.541862327,0.536874869,0.532853588,0.529288946,0.525538236,0.518249359,0.512185648,0.502941834,0.491000754,0.47557027,0.45751909,0.434519256,0.408305291,0.380175367,0.351772629,0.316279953,0.291995006,0.272120915,0.256512467,0.243091719,0.234225232,0.226903113,0.221901693,0.217974327,0.216529104,0.214217048,0.214380939,0.214378911,0.214453511,0.215291407,0.21734373,0.218053653,0.219619638,0.22185253,0.225153618,0.22911532,0.233303466,0.241006997,0.246689974,0.252708109,0.260911781,0.267435202,0.274103536,0.280385494,0.287578963,0.295538594,0.300762336,0.30721038,0.316735045,0.322977914,0.329022868,0.335442771,0.342331132,0.347448681,0.354361204,0.3602814,0.365610684,0.372218988,0.379950811,0.385004557,0.388369643,0.392638895,0.397720976,0.403349624,0.408430325,0.411509441,0.415526444,0.418794203,0.421797662,0.427008263,0.42989078,0.433132562,0.435474286,0.439219486,0.438305615,0.443596424,0.444120832,0.444869549,0.446130004,0.448563975,0.449808741,0.450806065,0.45015746,0.454633528,0.453442809,0.454238909,0.456091835,0.458227952,0.457670418,0.460227049,0.456671453,0.458513319,0.460247475,0.458934596,0.459406067,0.457998846,0.458202364,0.45823906,0.460578086,0.462950152,0.462563093,0.462301095,0.464014877,0.474562939,0.473220257,0.472928155,0.476057745,0.480648528,0.477379586,0.474644588
84,0.584465102,0.585713181,0.586690308,0.585712372,0.586125301,0.580005829,0.579812093,0.576043435,0.577764687,0.580238803,0.582365902,0.582011528,0.582816245,0.581536586,0.580266337,0.579644553,0.578281025,0.579798577,0.580368345,0.58036408,0.581552487,0.581414241,0.5831322,0.584504905,0.585732497,0.586654463,0.588703499,0.590150204,0.590814688,0.591267142,0.593832357,0.594397641,0.595846095,0.596599572,0.59746,0.598257976,0.599384948,0.599140133,0.599623131,0.600744898,0.600442601,0.60004324,0.600054482,0.600546177,0.599981613,0.599204602,0.599849351,0.599629119,0.599424561,0.597970667,0.596358996,0.597418988,0.595234614,0.595423105,0.595073373,0.594391863,0.593084101,0.591754705,0.588607638,0.586410428,0.582205251,0.578188109,0.572300699,0.567234551,0.563128215,0.559340284,0.558783525,0.557440538,0.556558319,0.557356919,0.556359759,0.557606459,0.557716458,0.557970243,0.558973577,0.557790781,0.558456276,0.561335416,0.560993581,0.562136072,0.563093854,0.563958372,0.564688036,0.567017001,0.567329878,0.568286316,0.568336749,0.568925312,0.569093391,0.570437051,0.571318715,0.571441102,0.572560663,0.572052501,0.571980814,0.573300391,0.573500245,0.572554028,0.571453066,0.570450371,0.570520772,0.569027521,0.568301097,0.566132455,0.565236463,0.56252134,0.559846241,0.558219258,0.553744353,0.551466988,0.547558287,0.5438723,0.537112321,0.533076753,0.52807034,0.523584725,0.517764991,0.512701172,0.508594287,0.504579607,0.500477169,0.496616637,0.491776944,0.484860396,0.479149813,0.470623409,0.459347715,0.445442527,0.427438283,0.405706752,0.381055613,0.354863336,0.326592098,0.292074876,0.270147822,0.25092003,0.235871354,0.224715507,0.216181008,0.209283791,0.204984041,0.202409249,0.200550524,0.19921524,0.198673211,0.198836975,0.198609693,0.200236951,0.201735775,0.203388559,0.205026641,0.207040937,0.209731825,0.213960915,0.216903124,0.224985877,0.230432211,0.236651917,0.243467138,0.249589187,0.257505483,0.264281607,0.26980081,0.27688042,0.282870355,0.29025407,0.299714096,0.30520043,0.311637901,0.31875319,0.324336459,0.330487139,0.336434477,0.342423334,0.348151861,0.35517065,0.362283271,0.367094517,0.372289458,0.377862273,0.382592743,0.386937364,0.389765481,0.395790666,0.399438651,0.403972958,0.407947421,0.412596222,0.417465933,0.419805194,0.423216727,0.424150439,0.427893242,0.429278901,0.430899646,0.433122992,0.434091958,0.435035581,0.437698676,0.437511987,0.439458424,0.440317266,0.440745781,0.443626027,0.444233209,0.445659899,0.444202847,0.446486935,0.444812362,0.447903648,0.447006252,0.450597806,0.453293774,0.454573686,0.455734278,0.456651427,0.46730743,0.470246445,0.481268393,0.497386687,0.515231742,0.521794219,0.533741253,0.532964157,0.538590168,0.535880531,0.540275738,0.526806643
96,0.622445494,0.623664963,0.62459155,0.621484484,0.618665928,0.620823802,0.621720492,0.619274393,0.618399461,0.618407735,0.618693655,0.616161423,0.614547462,0.612089555,0.611040018,0.609918595,0.609455719,0.60834295,0.608438133,0.610005539,0.610799963,0.609770205,0.610545816,0.611852563,0.613382627,0.61374148,0.615436017,0.616032201,0.616393261,0.618240074,0.618509249,0.619502499,0.621404648,0.621627534,0.62228502,0.622546821,0.624154455,0.624182694,0.624705863,0.624526083,0.625761709,0.625567692,0.6265127,0.626853721,0.6266625,0.626049098,0.628430973,0.627414349,0.625654152,0.62632875,0.627245985,0.625792307,0.625765103,0.624377243,0.624305803,0.624365066,0.623484179,0.621622045,0.619511127,0.617594622,0.614230603,0.610881651,0.605274818,0.602693724,0.597716016,0.594973191,0.593500326,0.593318383,0.592921666,0.591676942,0.592248592,0.592748397,0.592554941,0.592365009,0.592265821,0.592993525,0.59309378,0.593820075,0.594984898,0.596088771,0.597489599,0.598378101,0.59872169,0.600343437,0.601522284,0.601835789,0.602188931,0.602240505,0.603749017,0.603222865,0.604033581,0.605475666,0.604820548,0.605074547,0.605813159,0.605467466,0.60612943,0.605292659,0.605115426,0.604790887,0.603786506,0.603199605,0.601616315,0.600253761,0.599488435,0.597986128,0.595730007,0.593728726,0.590925278,0.589302205,0.585732636,0.582938694,0.577586455,0.573426081,0.568907486,0.565108566,0.561435698,0.556730005,0.552498853,0.549959808,0.545601239,0.543107948,0.540528038,0.534249274,0.529245556,0.520880591,0.51134219,0.498646108,0.483447094,0.46442153,0.441241829,0.41660059,0.391962361,0.35989072,0.33876212,0.31971849,0.305129289,0.293340563,0.284354193,0.278919297,0.274259725,0.271662672,0.270189048,0.268380619,0.268924536,0.269033539,0.269220266,0.270423074,0.272199244,0.273389978,0.274915342,0.277624569,0.281053105,0.284822694,0.28956283,0.297200273,0.303015996,0.309020492,0.316020471,0.32242802,0.32849289,0.334604639,0.340979137,0.347212366,0.353631941,0.360022059,0.368731656,0.374971314,0.379657874,0.385960825,0.391196493,0.39725398,0.402501897,0.408213617,0.4134583,0.418770885,0.424162254,0.428607425,0.434028426,0.438345782,0.442502393,0.445621576,0.450442237,0.453474855,0.45659404,0.460421855,0.462978896,0.468110607,0.470379443,0.473160938,0.475384766,0.478175766,0.47875238,0.481570197,0.48258057,0.483063372,0.483184676,0.486453617,0.485414099,0.485999248,0.487199526,0.487752662,0.485482464,0.487307181,0.488095411,0.490908887,0.490076371,0.489878765,0.489425662,0.487526295,0.490973816,0.490660932,0.489942194,0.489334241,0.487799027,0.491186146,0.487866321,0.490217999,0.48745117,0.48884092,0.489329932,0.488343757,0.485778554,0.488931511,0.487590444,0.483969797,0.486358561,0.483722788
50,0.603984951,0.605991496,0.603087768,0.603449662,0.601586138,0.599630817,0.594967266,0.594486846,0.595710234,0.595804793,0.598180075,0.596641284,0.596215129,0.594834245,0.593482513,0.591394499,0.590564075,0.590716322,0.591289051,0.590877736,0.59070464,0.59205682,0.593234099,0.592844823,0.5951143,0.595866355,0.597511339,0.598132984,0.597884437,0.59902549,0.600865593,0.601456995,0.603296033,0.602798463,0.604827493,0.606324549,0.606152871,0.606799951,0.608398521,0.608709242,0.608808427,0.610043721,0.610897896,0.609811859,0.610684899,0.611065417,0.611268707,0.610316672,0.610723873,0.610989348,0.609102748,0.60998719,0.609454367,0.609036554,0.606221368,0.607998688,0.60558241,0.605061121,0.602297963,0.600122549,0.597788473,0.593993255,0.590132559,0.58533989,0.581005742,0.578709523,0.577514075,0.576739891,0.57630435,0.576971012,0.576246082,0.576706334,0.577035216,0.576425448,0.57784176,0.575836743,0.577780585,0.578414721,0.578489328,0.580308478,0.580215224,0.582072456,0.58277445,0.583712852,0.584293523,0.585927385,0.586218486,0.58672439,0.586796177,0.587239199,0.58756099,0.588307336,0.588547965,0.588906269,0.589694996,0.590000885,0.590321802,0.589332809,0.588672025,0.588631452,0.588019013,0.587137074,0.586471355,0.584558198,0.58319199,0.581687625,0.579906946,0.578188767,0.575881365,0.572922375,0.569897397,0.566561321,0.561058066,0.557658063,0.554033937,0.550073748,0.545267642,0.542118076,0.538057438,0.53455127,0.532021583,0.528671305,0.524713453,0.519933593,0.514108823,0.507102983,0.496795289,0.484396149,0.469058792,0.449881307,0.42781159,0.403824328,0.377814461,0.346461307,0.325641468,0.307800578,0.293511277,0.282200429,0.273225684,0.267830655,0.262960078,0.260320797,0.258817379,0.257837617,0.257727116,0.258165174,0.258270637,0.259345618,0.261119646,0.262481688,0.264003061,0.267336778,0.269280552,0.273018716,0.276816828,0.284546195,0.29171812,0.296949488,0.303363348,0.311110019,0.316962926,0.323687035,0.330028616,0.336504365,0.342247107,0.348226939,0.357485397,0.363225919,0.368981066,0.375903717,0.381731254,0.387036899,0.39243037,0.397883667,0.403866908,0.408212253,0.415549633,0.420421655,0.424958499,0.429020214,0.433676633,0.436279019,0.441391845,0.444006142,0.447508177,0.451706577,0.453704679,0.458296186,0.462649461,0.463529002,0.467159822,0.467941184,0.469805277,0.470832028,0.473884282,0.473595987,0.475285065,0.474683644,0.475245054,0.474461823,0.475221766,0.47627247,0.475306177,0.478084251,0.477497219,0.479077036,0.477582411,0.477520085,0.478033238,0.480722809,0.479761381,0.479981943,0.482048827,0.478436611,0.480125646,0.484823309,0.484419681,0.490434846,0.501074629,0.510305329,0.519739404,0.526612992,0.534315622,0.535719205,0.539466848,0.536374518,0.537513973,0.522642262
91,0.583622837,0.591142088,0.586992662,0.587392818,0.588395358,0.58376302,0.586410084,0.585067099,0.583772643,0.584668686,0.583558967,0.581619654,0.579857923,0.579630016,0.57799423,0.576107459,0.577211738,0.576480561,0.576863736,0.575289281,0.576656145,0.576029596,0.577373111,0.577212779,0.580002884,0.578636432,0.581198691,0.580951189,0.582342594,0.584366968,0.583421126,0.584745958,0.584457408,0.585179454,0.584992728,0.587156324,0.58760834,0.587139259,0.586570697,0.587640113,0.588050924,0.587768202,0.587777601,0.588662843,0.587356533,0.587990692,0.588237959,0.58874192,0.586910314,0.588343866,0.588462779,0.586507437,0.588012674,0.586447601,0.587639327,0.58563639,0.58649419,0.584560866,0.581749226,0.580720876,0.578178406,0.574305053,0.568298431,0.565856018,0.560383608,0.560074993,0.55823737,0.556888854,0.55724155,0.556724756,0.55655242,0.556573057,0.556764619,0.556853426,0.55690349,0.556311654,0.557143798,0.557742242,0.558300286,0.559293326,0.559862446,0.561558352,0.561480662,0.561572811,0.562393696,0.562943789,0.563203382,0.56399903,0.563998551,0.564348881,0.564914165,0.564707317,0.564740727,0.565726687,0.565570028,0.565438135,0.564736216,0.565095212,0.565444956,0.564061705,0.562958204,0.562047109,0.560527402,0.559828869,0.557917645,0.556783534,0.555081939,0.55285604,0.550009654,0.548034011,0.544477694,0.542072056,0.537129922,0.533389611,0.529540425,0.525910618,0.522199807,0.518235865,0.514702659,0.511109119,0.508151776,0.505819312,0.502660014,0.497342944,0.492432712,0.485423994,0.475180493,0.463376717,0.448009974,0.429541776,0.407898017,0.383487171,0.360155151,0.329949114,0.309272137,0.291085766,0.278597789,0.267574163,0.259065466,0.253054282,0.249682194,0.246803802,0.244937888,0.243750134,0.243199427,0.243474552,0.2438765,0.244959032,0.24573151,0.247302705,0.249302588,0.251149065,0.254057492,0.257920727,0.262868207,0.268615925,0.275808286,0.28039244,0.287362834,0.293258733,0.299744852,0.304987911,0.311789718,0.318148514,0.324420695,0.329776309,0.337702752,0.343910989,0.348615348,0.354851472,0.360058531,0.366008,0.371562263,0.375968459,0.381677782,0.38813577,0.394148874,0.398300145,0.40238927,0.407400807,0.411355279,0.415962522,0.418821412,0.42198876,0.42706531,0.430329216,0.432248596,0.437292909,0.43911308,0.442576828,0.444325412,0.447032398,0.447680562,0.449642286,0.451479671,0.451979118,0.452507969,0.453778288,0.453398823,0.45541678,0.454061679,0.45527037,0.454948562,0.456442044,0.454383912,0.455441032,0.455460485,0.455939391,0.455739919,0.454772666,0.457189423,0.456921066,0.454346368,0.454235573,0.456214565,0.454415571,0.451330612,0.454460426,0.45683447,0.454430839,0.45997774,0.462671489,0.461087517,0.465955406,0.462701648,0.466699202,0.46613621,0.457504948
144,0.598243816,0.601034367,0.601295574,0.598401099,0.598879552,0.597677792,0.596795498,0.595683156,0.593340996,0.593313864,0.595332502,0.591427614,0.589947873,0.587332877,0.586429204,0.584581614,0.584210285,0.584740593,0.584629842,0.58478969,0.584461089,0.586630763,0.58646358,0.588830973,0.588694713,0.589122538,0.592844736,0.593054242,0.594515419,0.594855068,0.596010434,0.597698849,0.5987261,0.599421123,0.599076163,0.600658342,0.600536044,0.602233017,0.602955563,0.604165047,0.603148002,0.602575589,0.603453319,0.604333828,0.603643364,0.604063346,0.60445201,0.603956249,0.603340624,0.602549499,0.603686842,0.601807244,0.601163258,0.599610019,0.600332893,0.599074681,0.598532606,0.596504668,0.59385047,0.592127277,0.587999147,0.582677879,0.57744085,0.572949902,0.568123074,0.564994609,0.5641266,0.563210521,0.562236563,0.563506344,0.56305999,0.563082926,0.563720536,0.563936358,0.563954091,0.564012475,0.565527234,0.565382802,0.566940647,0.568200754,0.568852909,0.56934797,0.570327372,0.571212516,0.572754935,0.573596449,0.572820123,0.573723151,0.574804227,0.575434926,0.575919008,0.575655397,0.57672999,0.577184981,0.576378984,0.57679846,0.577732062,0.57631759,0.576508719,0.575303396,0.574517029,0.57367505,0.57145578,0.570592153,0.56829241,0.566626615,0.565105162,0.562267956,0.559368989,0.556210742,0.552249203,0.548471801,0.542945746,0.538234541,0.533442262,0.528717078,0.523265015,0.518203878,0.514867759,0.510559505,0.506168051,0.502867898,0.49847098,0.492422807,0.485899682,0.476653595,0.465394621,0.450671676,0.433183731,0.41149354,0.386140607,0.358264498,0.331078135,0.297223418,0.275322154,0.256258647,0.242108458,0.230113468,0.222696593,0.216846439,0.212458316,0.210206741,0.20891443,0.208018889,0.207512536,0.207868635,0.209473636,0.210696674,0.211843382,0.212743042,0.214760874,0.21733888,0.220720497,0.223932241,0.22948145,0.235951225,0.24195021,0.24912382,0.255400912,0.262369629,0.269366965,0.276573478,0.284024687,0.289507743,0.29650906,0.303219445,0.311649403,0.318516701,0.32530255,0.331883974,0.338237231,0.343707821,0.349865543,0.35632421,0.361852853,0.368197143,0.374756979,0.379903679,0.38491418,0.389961268,0.395250546,0.398937322,0.402645133,0.407983441,0.411260857,0.414697679,0.41767549,0.422452266,0.425002039,0.429636471,0.431821527,0.433666599,0.43622041,0.437487225,0.43921494,0.440978057,0.440446549,0.441514595,0.444147212,0.443617628,0.443935214,0.446280068,0.445806737,0.44498716,0.446792738,0.448014226,0.448420875,0.449755721,0.447465942,0.445620978,0.450524329,0.449524878,0.448903428,0.448510292,0.447915749,0.450795459,0.449725111,0.447005628,0.450063748,0.450591224,0.447811029,0.45584663,0.457326976,0.459032606,0.460413691,0.455637345,0.461214285,0.460319189
220,0.608565978,0.607828136,0.610087996,0.610736241,0.611696986,0.60829453,0.607519727,0.606162771,0.606199215,0.606305211,0.604820963,0.605089156,0.60128839,0.601137509,0.599317318,0.597735445,0.597539055,0.597267957,0.597073731,0.596810668,0.597554301,0.598794908,0.599116137,0.600095943,0.601043398,0.601982061,0.603643289,0.6048491,0.604864513,0.606889875,0.607428911,0.60839016,0.610266649,0.610452947,0.612030158,0.611416498,0.613709724,0.614611953,0.615521048,0.616283645,0.615956999,0.615271022,0.617642792,0.616995012,0.617201012,0.616647751,0.617120951,0.617578463,0.616463996,0.61800294,0.617064422,0.615574497,0.615929479,0.613443943,0.614123859,0.613316311,0.611764467,0.610820655,0.607927654,0.604886199,0.600954861,0.596459145,0.591037818,0.586085466,0.581925823,0.57771387,0.577020414,0.575482837,0.575188252,0.574565332,0.575299474,0.574502262,0.575583521,0.575880811,0.574704531,0.575167939,0.5760277,0.576924726,0.57824512,0.579130854,0.580829367,0.582671987,0.582686254,0.583019274,0.585075377,0.585636944,0.58689838,0.587599599,0.588182366,0.588025482,0.589612031,0.589432355,0.589675877,0.590347246,0.590569477,0.591105833,0.590072231,0.590392271,0.589328563,0.588932416,0.588030859,0.586896992,0.585378136,0.583936209,0.581923635,0.580323577,0.577935745,0.574923486,0.572272399,0.569292084,0.565987023,0.561801618,0.556076954,0.551047937,0.546097298,0.540921276,0.535602589,0.531052221,0.526714044,0.522815613,0.518561889,0.514830148,0.510366694,0.504152644,0.497177499,0.488572461,0.476893829,0.462668384,0.444784167,0.423729262,0.399507864,0.371907405,0.345702633,0.311523864,0.288939876,0.268530474,0.253460075,0.240721696,0.232366738,0.226523166,0.221655805,0.217993798,0.216039157,0.214412292,0.215474591,0.214820571,0.21483684,0.21648023,0.218162674,0.21975575,0.220929847,0.222919424,0.226096232,0.229386985,0.234761962,0.241665178,0.246774481,0.252959768,0.259212115,0.265752936,0.272736201,0.279160407,0.285141253,0.292190472,0.298354858,0.303878105,0.312305996,0.318283254,0.324742309,0.330126667,0.335987613,0.342015041,0.348659138,0.354671735,0.358353965,0.365002698,0.372117845,0.37647461,0.381760931,0.385760981,0.389828879,0.394199045,0.398789917,0.401578878,0.404976274,0.409032274,0.414274508,0.416327556,0.419894911,0.422837028,0.42493853,0.428244205,0.430247343,0.432017159,0.432508855,0.4325455,0.434371863,0.435721602,0.437481732,0.43768725,0.43823618,0.439220615,0.439319884,0.438990525,0.441432766,0.441723109,0.4418447,0.441770449,0.444040825,0.441476267,0.44201068,0.441704788,0.442274264,0.439130476,0.440522703,0.439523284,0.43969073,0.440939958,0.439351687,0.442345285,0.441223031,0.447649087,0.450023015,0.450701271,0.448695167,0.448954139,0.453713459,0.441636255
207,0.589221297,0.590744254,0.59220219,0.589299764,0.590279189,0.588669322,0.588099248,0.587540657,0.589111736,0.588271146,0.587294183,0.589406638,0.586742148,0.585211799,0.583844154,0.582838801,0.582938312,0.583863889,0.582543348,0.58391054,0.584373618,0.584413059,0.58506635,0.586551726,0.589652067,0.589415119,0.591675941,0.593763324,0.594141438,0.595590388,0.595366362,0.598020945,0.598105022,0.598665865,0.599859857,0.601982885,0.601494425,0.602279704,0.602406586,0.604282863,0.60287381,0.602641958,0.604656582,0.603406819,0.604220692,0.602873574,0.603405404,0.603732544,0.60212128,0.602424245,0.602709431,0.600782422,0.599824256,0.59864776,0.599122998,0.59688086,0.596206746,0.593948802,0.590854478,0.58764376,0.585105827,0.578197834,0.573823269,0.567296433,0.563735975,0.559685011,0.559063021,0.556843758,0.556658562,0.554742693,0.555424732,0.55475809,0.555089178,0.555137937,0.554912596,0.55503989,0.555514156,0.556118692,0.557113159,0.557667149,0.560050085,0.561263494,0.562157643,0.563370519,0.564944128,0.565482427,0.566537616,0.56614423,0.567248768,0.568360911,0.568162247,0.570173228,0.570667604,0.570137531,0.569485244,0.570757086,0.570446257,0.570379433,0.569596101,0.568905709,0.567959858,0.566074899,0.565666943,0.56460344,0.56181392,0.560382495,0.557846374,0.55571923,0.551913272,0.548451424,0.54533452,0.54104007,0.535315798,0.530050362,0.524419623,0.520156075,0.514398426,0.509419258,0.505429304,0.50107792,0.496514418,0.493045758,0.489256308,0.482576473,0.476058247,0.467333707,0.456476963,0.441591997,0.424031479,0.403104265,0.378077202,0.351896473,0.324662642,0.291215484,0.269377533,0.251737124,0.236414066,0.223556561,0.215792944,0.209439856,0.205470602,0.201186476,0.200159274,0.199075736,0.1987114,0.198270107,0.198265524,0.199001457,0.200713652,0.20238155,0.203488889,0.206098699,0.209201826,0.212066565,0.216501016,0.223281712,0.229226335,0.234829224,0.241112163,0.247309971,0.254148749,0.259885696,0.266159623,0.272459437,0.278122748,0.285338187,0.293066267,0.298622267,0.304633451,0.31207561,0.31820144,0.322863555,0.32875862,0.334516948,0.340880575,0.34607273,0.352264805,0.35785246,0.362974765,0.367301823,0.372867851,0.375832691,0.38068603,0.383944065,0.387008436,0.392021118,0.395030113,0.401463614,0.403268457,0.40603116,0.407882327,0.410949738,0.413045812,0.415106019,0.416760823,0.417566537,0.418931911,0.420493333,0.42131683,0.422370076,0.423467039,0.424922173,0.425155421,0.425070398,0.427296975,0.428681368,0.42782676,0.428899606,0.430279338,0.428900506,0.429997212,0.431014536,0.428669194,0.427944667,0.428238497,0.430798408,0.428283223,0.432068361,0.431335107,0.432628449,0.43248512,0.43618178,0.437577621,0.44224007,0.441204139,0.446270012,0.437626783,0.438041288
20,0.557226731,0.557000387,0.558075839,0.557786858,0.557822542,0.555533966,0.54952106,0.547389199,0.548291077,0.549684803,0.549375137,0.549247768,0.549170567,0.548350149,0.547676024,0.544302917,0.545505403,0.545168478,0.545083853,0.544794586,0.546151558,0.545258289,0.546854864,0.548779606,0.549148237,0.549929876,0.55110098,0.551845959,0.55288559,0.555452038,0.555725767,0.556470183,0.558349703,0.558661338,0.559348337,0.560897128,0.561256397,0.561453544,0.561876836,0.563123035,0.561988063,0.563498126,0.562977624,0.563737207,0.564770124,0.563810846,0.563828888,0.564236245,0.563684736,0.562476496,0.56256532,0.563519476,0.562486735,0.562146826,0.560004563,0.560739805,0.558990509,0.557375819,0.555424822,0.554171123,0.54973505,0.546071299,0.541726204,0.53618051,0.531270174,0.529536075,0.528683261,0.527558743,0.526438235,0.526652692,0.525617704,0.526267342,0.526689421,0.526779764,0.526331015,0.526999327,0.527476125,0.527813241,0.527879853,0.530446554,0.530663318,0.530733763,0.531487923,0.533372088,0.533807156,0.5350197,0.535779931,0.535768888,0.536985631,0.536027115,0.53784832,0.537887376,0.53801626,0.53816285,0.538505359,0.538740721,0.539603181,0.538333298,0.538667549,0.537801978,0.536490452,0.535390637,0.534955597,0.533068426,0.532154722,0.529939386,0.527940291,0.52537983,0.522816638,0.519520001,0.516210036,0.512316709,0.507281443,0.502580217,0.497860958,0.493308191,0.489290493,0.484529655,0.480637183,0.476681558,0.472849611,0.46941009,0.465591434,0.459766713,0.453780588,0.446180677,0.435000995,0.422248936,0.405735776,0.385796825,0.361836145,0.337914396,0.31190565,0.279195597,0.257797941,0.240063595,0.225729198,0.214090638,0.205138104,0.199455423,0.19474326,0.191180365,0.189007324,0.187941386,0.18657552,0.187084619,0.186883779,0.188270777,0.188862082,0.189722707,0.190581323,0.193120258,0.195239097,0.198729878,0.202829872,0.209223201,0.213807446,0.219907037,0.225799857,0.231867012,0.238897901,0.244451047,0.251191995,0.257799825,0.263734525,0.269090716,0.278736535,0.283662165,0.289800571,0.296356252,0.301716821,0.308184719,0.312804428,0.318454693,0.324530234,0.32958453,0.336837738,0.341481307,0.346156532,0.349787709,0.354398839,0.358735393,0.362813076,0.366144202,0.370443073,0.37484299,0.377363821,0.383151738,0.384959162,0.388680879,0.390461113,0.393242973,0.395564961,0.397674289,0.398591049,0.399209246,0.401646733,0.400714459,0.402414089,0.403055455,0.40540696,0.40409583,0.404174251,0.407512415,0.407111154,0.409889119,0.407066124,0.407427831,0.407113999,0.409708788,0.409223386,0.413958833,0.413509709,0.412910922,0.415068332,0.415813988,0.422206209,0.427052094,0.435651225,0.443785321,0.459322899,0.468967306,0.476339511,0.48670689,0.476719267,0.474759182,0.473094711,0.463468156
235,0.587730041,0.589198825,0.593112245,0.591260051,0.592994121,0.59127189,0.591374459,0.589270388,0.589151373,0.588521468,0.588183198,0.589253388,0.587352181,0.584553736,0.58389557,0.583064925,0.582391256,0.58335952,0.583793691,0.584240857,0.583993742,0.584703502,0.586170573,0.587398985,0.588708896,0.589824732,0.591524603,0.591960495,0.592061462,0.594239613,0.595444571,0.596817684,0.598615686,0.598216856,0.599364286,0.600161349,0.601227563,0.601224588,0.601554967,0.600625841,0.603185821,0.601727015,0.602340419,0.602758627,0.602567436,0.601473982,0.602327805,0.603249436,0.602152119,0.601287511,0.601357542,0.600569502,0.599552271,0.598583148,0.597821271,0.597272289,0.596997855,0.595062093,0.591511649,0.589018237,0.584822809,0.580194963,0.575578545,0.569848449,0.56448889,0.562018648,0.55980383,0.55931175,0.557692503,0.557534049,0.557524975,0.557582904,0.558105754,0.558471994,0.557373402,0.557934578,0.558476115,0.559744184,0.559465258,0.561012688,0.562354083,0.563127356,0.56369013,0.565035193,0.566048564,0.566514715,0.567348646,0.567617582,0.56839227,0.568743245,0.569625848,0.569904972,0.570385295,0.570255708,0.570928852,0.57007342,0.570678572,0.569785768,0.569110535,0.569255398,0.567746212,0.566135816,0.564746385,0.563580626,0.561034952,0.559886976,0.557770538,0.554785332,0.551761669,0.549097558,0.545386015,0.541263667,0.535818524,0.530624161,0.526010328,0.521264497,0.51670855,0.511922919,0.507201571,0.503413047,0.498834192,0.49571083,0.491673,0.486114668,0.479153402,0.470586255,0.459788181,0.445271608,0.427738819,0.407661114,0.382030702,0.356473876,0.329811313,0.29713608,0.275168784,0.257337472,0.243102693,0.230652605,0.221757118,0.216746286,0.212300819,0.209265609,0.206195956,0.205311951,0.20578748,0.205594589,0.206446021,0.206525545,0.208813632,0.209212447,0.210256267,0.212442063,0.21539083,0.219605264,0.224332544,0.231024901,0.236861395,0.243211686,0.248889253,0.25556171,0.261253605,0.267849715,0.274078833,0.281042245,0.287326557,0.293772154,0.301696328,0.309006703,0.312829715,0.320671351,0.327560664,0.332691479,0.337855116,0.344346366,0.349979369,0.357042174,0.363957964,0.368137478,0.373207826,0.3787793,0.381671192,0.387695847,0.391865683,0.395949312,0.399959375,0.403872398,0.406710866,0.412196094,0.415358749,0.417900739,0.42099137,0.424701463,0.426040201,0.427986584,0.430298861,0.431052669,0.43067792,0.434783954,0.4334691,0.435333256,0.436461234,0.436801973,0.439292192,0.438685912,0.440778668,0.439687088,0.442468996,0.444405982,0.442641489,0.441530419,0.443820634,0.441744529,0.442954061,0.442576991,0.443088237,0.442151933,0.443334794,0.444830621,0.443566651,0.445611823,0.447631293,0.452445767,0.45207264,0.454787021,0.457603103,0.456193149,0.455191609,0.454654393
152,0.631801255,0.633802063,0.638614997,0.63593327,0.631569551,0.632141441,0.635469504,0.633041817,0.633754806,0.632741388,0.632461558,0.631301183,0.629981302,0.628135714,0.62842412,0.624790421,0.625584447,0.625288164,0.625236219,0.626872005,0.626292389,0.627122941,0.627840469,0.628141423,0.630156415,0.629866209,0.634253158,0.634973491,0.634224268,0.636682994,0.636950411,0.638851311,0.638751127,0.640495154,0.641568494,0.641615157,0.644111061,0.643177112,0.645083719,0.643666542,0.645137119,0.644895279,0.64598607,0.645436803,0.645635573,0.645836512,0.645846595,0.646462603,0.645194502,0.645294015,0.644384832,0.645694458,0.642821111,0.642413264,0.642130517,0.642297959,0.6400613,0.63965423,0.636579877,0.633337432,0.629589797,0.625282567,0.619929232,0.614550098,0.610629147,0.607031359,0.604931144,0.603942638,0.601778217,0.602751995,0.603113769,0.60227993,0.603170631,0.603421673,0.602686363,0.603163847,0.603722208,0.603984499,0.605170555,0.606618722,0.607984787,0.608862544,0.610967447,0.610917881,0.61262906,0.613548219,0.613993923,0.614929852,0.616257427,0.616945528,0.617318957,0.618488502,0.617935821,0.618671189,0.618822948,0.619036915,0.619343834,0.619415556,0.61891534,0.617626098,0.617461302,0.615989325,0.614795587,0.614029384,0.611599022,0.610288189,0.608062649,0.605164326,0.602730283,0.599653204,0.595011815,0.592116202,0.585759346,0.581597317,0.57682931,0.57160013,0.566311018,0.561993216,0.557193243,0.553166382,0.549072757,0.544688797,0.540720292,0.534688707,0.527245587,0.519962225,0.508782192,0.493771477,0.476143058,0.455496338,0.430144776,0.402839129,0.37540308,0.341036441,0.316840946,0.297478689,0.281795755,0.267729983,0.257869484,0.252289618,0.246448689,0.242912707,0.24029895,0.239429955,0.239064316,0.238179685,0.238969559,0.239751099,0.240757627,0.243403293,0.245021293,0.247025614,0.249909637,0.254619642,0.258326858,0.265525578,0.272088123,0.278142313,0.284636286,0.291514509,0.297699515,0.303495013,0.310743893,0.316960036,0.324436189,0.330417431,0.338534305,0.344967436,0.349983053,0.357008441,0.363886935,0.369032134,0.374610239,0.380073601,0.385793502,0.391786565,0.397056468,0.402266034,0.406333609,0.411745465,0.416481594,0.420020909,0.424331909,0.426154976,0.431164483,0.434766909,0.437810618,0.442529718,0.444004452,0.447598779,0.451456469,0.453473747,0.454379779,0.457369474,0.458736059,0.458811576,0.46073897,0.461873625,0.46579255,0.464848968,0.464790831,0.467983483,0.467842654,0.469699814,0.469464512,0.470660754,0.469834619,0.47086359,0.471950242,0.470014371,0.472895713,0.470900966,0.472121469,0.472390057,0.470452298,0.473248288,0.471351842,0.474793706,0.472477572,0.473966392,0.473319646,0.47484056,0.475139609,0.480200591,0.475395747,0.482004148,0.474030161,0.4722661
25,0.615187353,0.615114032,0.611081079,0.612144149,0.611008066,0.608115548,0.604227419,0.603799256,0.606493167,0.607698273,0.610929642,0.611647635,0.613709902,0.612062306,0.612623677,0.611689861,0.61073348,0.612551813,0.613603572,0.614374476,0.613769073,0.61471826,0.616895677,0.616551678,0.619471181,0.620455841,0.622853853,0.623875813,0.624715916,0.625903704,0.627459654,0.62898964,0.630042265,0.631043802,0.632568191,0.633524369,0.634395981,0.635038878,0.634517959,0.635673009,0.6363153,0.637431536,0.63649009,0.63708206,0.637948763,0.6375811,0.636555459,0.638062833,0.636876257,0.637146478,0.634964016,0.635548228,0.634401426,0.63456353,0.634022682,0.632641133,0.632380546,0.631360219,0.627020036,0.625416667,0.623216172,0.617814996,0.613412499,0.608349746,0.604539605,0.600660479,0.599417618,0.598974064,0.597126836,0.596675003,0.596949873,0.596560258,0.596556974,0.595767922,0.596715806,0.596696344,0.59700344,0.597798498,0.599182354,0.600335554,0.601776216,0.60261557,0.602962638,0.605688679,0.606306335,0.606610983,0.607109385,0.608844115,0.609178794,0.610383657,0.610876002,0.610376929,0.611620288,0.61282675,0.612287439,0.613411611,0.613135365,0.613751846,0.612760056,0.611506218,0.61136491,0.60965429,0.610073853,0.607882425,0.606167168,0.604745534,0.602350106,0.600362048,0.59706996,0.594334041,0.591275512,0.586326446,0.581159384,0.576637789,0.571801053,0.566370496,0.562186329,0.556627355,0.552254754,0.547733536,0.543811352,0.539650158,0.535023959,0.528824825,0.523326669,0.515359042,0.50474479,0.48997132,0.472626219,0.451412109,0.426809575,0.399530659,0.371434679,0.334584579,0.310545269,0.28964625,0.272140808,0.259251847,0.248555097,0.239811226,0.234707245,0.230331881,0.227425284,0.225470423,0.223631328,0.224280062,0.224023524,0.22531794,0.226180724,0.227997907,0.22925778,0.230762297,0.233138766,0.236598,0.241854784,0.248756447,0.255216845,0.260811882,0.267663061,0.275156998,0.281531789,0.288455493,0.295896374,0.302202041,0.308261716,0.315031257,0.324033831,0.330191378,0.335835695,0.342116127,0.348149302,0.35407107,0.360882595,0.366788814,0.371639117,0.377756288,0.385507176,0.389588882,0.394050378,0.398030505,0.40306299,0.406904718,0.411851279,0.414279123,0.418405888,0.42303911,0.426434216,0.431226512,0.433742065,0.438057712,0.440395818,0.442665043,0.444608024,0.44725589,0.450303303,0.451780411,0.454186686,0.453763353,0.456706793,0.456019973,0.459347998,0.460582046,0.460210303,0.463487062,0.464416327,0.465341087,0.464418639,0.466849672,0.468016161,0.466333396,0.4691776,0.471441209,0.474024712,0.475074803,0.47670778,0.479141765,0.488300576,0.495277885,0.512945144,0.52703205,0.553308935,0.572166851,0.591647033,0.600393972,0.606776414,0.60184675,0.592530084,0.585806194
174,0.582523139,0.583713315,0.587623252,0.586032618,0.58468926,0.582312319,0.586400263,0.586515143,0.585441357,0.588173194,0.588754466,0.58760915,0.587736502,0.58668069,0.588517238,0.588334731,0.589222722,0.588701606,0.589773592,0.589940086,0.590081748,0.590440981,0.591376889,0.59302431,0.595166899,0.59447092,0.598618866,0.598784828,0.599134767,0.59984556,0.601945097,0.603015746,0.603450893,0.604917463,0.604960781,0.605429471,0.605174794,0.605855893,0.605761448,0.606182064,0.606166472,0.605578785,0.604851578,0.605661191,0.60517018,0.604454374,0.605617819,0.603604032,0.602932594,0.601802705,0.603015608,0.601928913,0.600075319,0.597664732,0.599033462,0.596632804,0.596202226,0.594994893,0.592306007,0.590094106,0.585913518,0.583077305,0.577821874,0.5739024,0.571006446,0.568300074,0.567185027,0.565256249,0.564850871,0.564327685,0.564505896,0.563311273,0.564674579,0.56471172,0.56503393,0.564204188,0.56549148,0.566724886,0.566288928,0.567634333,0.570256597,0.570963436,0.572731274,0.573292046,0.573805623,0.574563468,0.575452145,0.57639539,0.577122949,0.576715995,0.576819433,0.578134729,0.578601296,0.578951235,0.578982831,0.578339421,0.579060227,0.579435084,0.578984213,0.578370921,0.577130532,0.576016013,0.575213041,0.574030305,0.572185816,0.571162194,0.56911302,0.566924573,0.565062679,0.561921589,0.558883523,0.557126149,0.551328346,0.548029383,0.543845241,0.540065754,0.535925775,0.532651539,0.529390708,0.525694476,0.522293955,0.519744201,0.517131631,0.511304798,0.50641879,0.499957143,0.491310171,0.478887189,0.464785725,0.447018263,0.426017836,0.403122426,0.379667279,0.349143551,0.328934171,0.311069422,0.296193569,0.284290536,0.276490611,0.270083541,0.265780613,0.26196252,0.259960771,0.258863318,0.258899113,0.25878095,0.259194366,0.260813421,0.262057065,0.263471758,0.264704086,0.266779859,0.269895887,0.273911419,0.278511433,0.286018502,0.291379694,0.297545956,0.303720256,0.310832402,0.316545703,0.323358525,0.329360345,0.335229513,0.34184634,0.34729316,0.355798359,0.361019887,0.365781446,0.37117133,0.377271152,0.382743855,0.388084848,0.393689335,0.397839615,0.403828643,0.411204735,0.415110256,0.421104326,0.424220003,0.427098263,0.431136651,0.434992955,0.438600672,0.442248158,0.447068931,0.448671491,0.453539182,0.456097375,0.459371988,0.462946304,0.464929353,0.464147468,0.469150268,0.469194743,0.47087937,0.470437844,0.473320357,0.475447648,0.475445184,0.477030012,0.476387755,0.478389848,0.477587886,0.479595767,0.481670209,0.481876259,0.483057848,0.4824778,0.480032491,0.483060625,0.482734868,0.482706232,0.484582872,0.483324031,0.483178174,0.48411135,0.484816453,0.484109473,0.48555528,0.484138341,0.488829594,0.488132149,0.485135459,0.489355772,0.481556794,0.487993962,0.481307987
202,0.604400457,0.607216085,0.60821056,0.609696089,0.60888971,0.603344761,0.607274209,0.602720915,0.603099608,0.602550382,0.601636734,0.602732947,0.599760257,0.597823692,0.595304065,0.594442851,0.594334869,0.59297686,0.594233925,0.595624069,0.595437494,0.595479428,0.596854417,0.598327438,0.601074128,0.600825781,0.60430452,0.60397781,0.604982247,0.607272518,0.60849853,0.609413968,0.609735283,0.611719385,0.613270238,0.61398699,0.615995452,0.616066239,0.616508738,0.617313361,0.616531383,0.617382977,0.617735534,0.618798987,0.618577532,0.618378762,0.618408348,0.618563718,0.617457975,0.617974581,0.617665,0.616765444,0.615608677,0.613270875,0.613878207,0.61247656,0.610663695,0.609071197,0.604761283,0.60277618,0.596117422,0.590890935,0.585007802,0.57908068,0.572852982,0.569561781,0.567524392,0.565920393,0.565417609,0.56581373,0.56530542,0.566275851,0.56626791,0.566444655,0.56551535,0.566774292,0.568508012,0.568128482,0.569519832,0.57104565,0.572493839,0.573275839,0.574168312,0.575821441,0.576387263,0.577842398,0.57909923,0.580239575,0.580214578,0.580663474,0.581406695,0.582636546,0.583382805,0.583668698,0.583710372,0.584092445,0.584328566,0.584163309,0.582581277,0.582531778,0.580787387,0.578368578,0.577003656,0.576121967,0.573486966,0.571886855,0.568726686,0.565574497,0.56235671,0.557877538,0.55374686,0.549394855,0.542605328,0.536628193,0.530472658,0.52494382,0.518804184,0.51330851,0.507680799,0.502809059,0.497740182,0.494083749,0.48899346,0.481526379,0.473116937,0.463900547,0.450304029,0.434395522,0.415175316,0.391656839,0.364469917,0.336136537,0.307900669,0.272384189,0.249957823,0.230840853,0.216678049,0.204142943,0.197247353,0.190294658,0.186191712,0.184283417,0.182693206,0.180891602,0.180779189,0.180492434,0.181254908,0.182205916,0.183515818,0.185386556,0.186691696,0.188272598,0.191876865,0.195012448,0.199509267,0.205798914,0.211650632,0.217194595,0.223543356,0.229895891,0.236786988,0.242584422,0.249172135,0.255763058,0.262399575,0.268655379,0.277111465,0.282919987,0.28860179,0.29567341,0.302677046,0.307222187,0.313727027,0.319778031,0.32497979,0.331652944,0.338213963,0.343520482,0.348441819,0.354008432,0.35726911,0.361745921,0.366581811,0.372213197,0.374774545,0.379405319,0.382339693,0.3870035,0.389975714,0.393114895,0.396100816,0.400613039,0.402108374,0.403598727,0.403992624,0.40682769,0.408013854,0.410479376,0.410749914,0.413359402,0.412370315,0.413746964,0.413981696,0.416179934,0.417038534,0.417429085,0.419412166,0.420178744,0.419609406,0.421490013,0.42017542,0.421141177,0.419822705,0.420375571,0.419547996,0.422866702,0.421127125,0.422089889,0.426526323,0.427610843,0.429208403,0.43839504,0.434833207,0.433818828,0.441099613,0.44075264,0.433962858,0.4426167
260,0.539035099,0.537985433,0.540493866,0.541039352,0.54044387,0.542382735,0.544760399,0.541920661,0.542633477,0.544163689,0.54357357,0.543709592,0.54233478,0.541952978,0.542877546,0.541799951,0.542054614,0.541578754,0.542788653,0.542554921,0.544311738,0.54379289,0.544624177,0.546207858,0.546592411,0.548938282,0.549471248,0.550442133,0.550561201,0.553075549,0.553283157,0.554155968,0.55406139,0.556175726,0.556187377,0.557491644,0.559044868,0.557645038,0.559626226,0.559555031,0.560929604,0.5592177,0.559508041,0.560204371,0.560226923,0.560437569,0.561505396,0.560536036,0.560502256,0.559937326,0.560348665,0.559433867,0.558754542,0.557572891,0.558161051,0.556477233,0.557715911,0.555996093,0.554672443,0.552800991,0.550270609,0.546589228,0.544105591,0.541184407,0.537034817,0.535360129,0.53437833,0.534246463,0.533781849,0.534422029,0.534722623,0.534271788,0.535015161,0.535263468,0.534391819,0.53532374,0.535838014,0.536399374,0.536566453,0.537663349,0.539130074,0.540099823,0.540771758,0.54155121,0.541964232,0.542239635,0.543753964,0.543730762,0.544250188,0.544273838,0.544472858,0.544402806,0.545642116,0.545721385,0.545120227,0.545053732,0.545927928,0.545082375,0.544686251,0.544716671,0.542787698,0.542766803,0.541277931,0.540651465,0.53944907,0.538051176,0.537042999,0.534890306,0.532705468,0.530659885,0.528371087,0.525925777,0.521697663,0.518475163,0.51586094,0.51245782,0.508804271,0.505577986,0.503462715,0.500525367,0.497473712,0.495376764,0.492512609,0.487299622,0.483633151,0.47759186,0.469441665,0.458640032,0.4442777,0.429470113,0.408594874,0.387441012,0.365785982,0.336957604,0.317557184,0.301453874,0.287679082,0.276426299,0.268751347,0.262611778,0.25905968,0.256549388,0.254763064,0.25314665,0.253752416,0.254463804,0.254541846,0.256259683,0.258091378,0.258561131,0.26100026,0.262696835,0.265964195,0.270265392,0.274601077,0.281022896,0.286619722,0.293040151,0.299001446,0.305819401,0.311312434,0.317531287,0.324115924,0.329027506,0.335135229,0.340885839,0.348263274,0.353130168,0.358564109,0.364204362,0.368951617,0.373898111,0.379186327,0.383793234,0.387869257,0.393091639,0.398989812,0.402846676,0.408338,0.411472514,0.414427863,0.417864818,0.421352878,0.424292092,0.426874423,0.430391473,0.43386305,0.436974507,0.440002421,0.442319842,0.443622119,0.446310523,0.446451478,0.447531993,0.448558382,0.449532783,0.449099109,0.451441905,0.452178831,0.450935761,0.45184962,0.45142561,0.451805519,0.45115027,0.452094568,0.454122288,0.452331344,0.453004901,0.453730408,0.452219191,0.454049881,0.452346468,0.450427269,0.451531312,0.450486178,0.449697222,0.44904911,0.451200682,0.452881486,0.451368062,0.452981881,0.458630555,0.460800917,0.45842324,0.460100113,0.46442176,0.46390326,0.453238194
124,0.627877334,0.630565841,0.627902144,0.633179533,0.630301351,0.627599172,0.629169511,0.62838959,0.626453684,0.627306862,0.627140988,0.628035056,0.62497293,0.623449953,0.621777257,0.619865318,0.620768735,0.620416118,0.619683454,0.620552797,0.621346509,0.622549695,0.623312185,0.623487463,0.623577857,0.624194817,0.626420832,0.627412269,0.627771955,0.629915288,0.63032337,0.632043566,0.632416131,0.633541259,0.633736167,0.634726608,0.635309269,0.635130687,0.635622069,0.637134798,0.636121892,0.636518569,0.637066225,0.637355855,0.636553404,0.637720311,0.637345006,0.637726204,0.636236828,0.637046193,0.636909402,0.635343281,0.634438398,0.634006761,0.634418872,0.631724835,0.631989729,0.630066932,0.627682619,0.624372593,0.62058981,0.616482247,0.610052594,0.60521392,0.601638327,0.597502862,0.596401486,0.595401008,0.593845916,0.594733375,0.593678587,0.593547612,0.593794415,0.593617219,0.593483756,0.593944502,0.594388461,0.596027058,0.595911706,0.597508478,0.597933438,0.599530729,0.600678395,0.601574001,0.60244467,0.603218471,0.603506642,0.604953156,0.605521863,0.605677419,0.606422166,0.606558443,0.607751723,0.607618527,0.607373263,0.60761613,0.60715956,0.607298161,0.606843208,0.605935861,0.605211787,0.604555739,0.602116995,0.601594497,0.599215867,0.59837567,0.595797258,0.593162381,0.59047619,0.587335215,0.583725747,0.579801171,0.574160734,0.569389358,0.564799606,0.559475415,0.555154593,0.55059153,0.546279115,0.542143232,0.537620448,0.53456391,0.530655496,0.524715088,0.518031713,0.510264275,0.499542803,0.485141287,0.468888889,0.447624285,0.423309387,0.397334852,0.370473991,0.336215998,0.314187645,0.294699291,0.278554427,0.26594896,0.256431158,0.250664907,0.245007111,0.241625952,0.239073261,0.237262419,0.236865288,0.237663853,0.236874823,0.23697547,0.238930486,0.24040601,0.24196472,0.24328709,0.247443248,0.250562543,0.25448501,0.261817161,0.267262015,0.274189788,0.280592125,0.287092928,0.293187686,0.299802656,0.305531975,0.311890737,0.318772903,0.325615837,0.333531228,0.339321184,0.345253903,0.351626061,0.357808912,0.363020622,0.369634078,0.37411802,0.379484135,0.386269856,0.393118335,0.396950429,0.403364799,0.40736697,0.411346121,0.415713384,0.42040565,0.423902187,0.426578304,0.429866023,0.434629789,0.438871976,0.441975809,0.444980726,0.447800985,0.449336846,0.452116568,0.454519282,0.456329948,0.457116125,0.457211832,0.459159707,0.460683831,0.4607311,0.46167143,0.462709218,0.463273472,0.461064376,0.465223774,0.464896387,0.466556106,0.465269965,0.466100695,0.464203445,0.464343463,0.467112351,0.464474891,0.466248735,0.462368908,0.465230147,0.46135443,0.466901693,0.466946888,0.465637675,0.466690171,0.469403808,0.469381552,0.471549588,0.477974054,0.473436632,0.478606136,0.471794034
148,0.599463499,0.603417085,0.59802798,0.595900596,0.595023447,0.58680117,0.581936425,0.58076443,0.578919444,0.582766122,0.584202647,0.587143432,0.586122344,0.585706717,0.583271974,0.582929753,0.582952006,0.583211537,0.581714483,0.58302583,0.581391127,0.584104697,0.583912279,0.585456455,0.586262461,0.586846033,0.588477898,0.590124468,0.59017834,0.59135332,0.593364406,0.594392989,0.595464405,0.595794159,0.59718229,0.598075442,0.599215926,0.600166487,0.601728464,0.60163009,0.602183785,0.60303882,0.604321455,0.603646821,0.604556639,0.605264431,0.604236026,0.604859557,0.605516029,0.604040462,0.603353418,0.605003084,0.603448113,0.60344674,0.602517785,0.602010761,0.600624801,0.599691268,0.597876731,0.594643494,0.591742572,0.587638745,0.582650964,0.577840892,0.573953492,0.570419624,0.570441692,0.567278852,0.56878156,0.569047736,0.569024441,0.569025473,0.568740111,0.56852875,0.569685029,0.569608063,0.570527509,0.572120646,0.571502683,0.57288794,0.574527074,0.575323537,0.576269387,0.578318753,0.578265617,0.57949416,0.580971074,0.581041314,0.581388786,0.581589606,0.582406566,0.582056353,0.582558888,0.583319241,0.583778501,0.58409683,0.584918712,0.58382022,0.583420455,0.582809057,0.581135119,0.580429503,0.580348864,0.578465142,0.576144299,0.57466169,0.572057231,0.569576269,0.567092119,0.564345758,0.56108658,0.556764884,0.551506977,0.547409011,0.542801396,0.53746883,0.532719308,0.528024914,0.523785713,0.519418071,0.515647073,0.511564756,0.507154135,0.501594657,0.495304291,0.486403662,0.476230614,0.462437804,0.444460821,0.423936917,0.399189565,0.373135334,0.345383512,0.31113111,0.288100689,0.268740794,0.253079009,0.241018424,0.231900981,0.224944396,0.220709568,0.217533667,0.215748494,0.215937153,0.214340436,0.214481345,0.214693337,0.215970603,0.216814259,0.218958842,0.220330149,0.222580628,0.224921644,0.228656141,0.23317634,0.240152454,0.245988465,0.25240874,0.259483973,0.265980118,0.272364132,0.280035268,0.286534079,0.292232332,0.298972194,0.305632539,0.313824394,0.320263412,0.326631899,0.332081941,0.338554459,0.344205505,0.349346172,0.355611892,0.3614077,0.367515796,0.373415554,0.378500642,0.383310696,0.387682311,0.391584325,0.395683844,0.399371447,0.403038122,0.406876151,0.410996399,0.414987197,0.418424105,0.422157163,0.423971441,0.428487458,0.429418181,0.43065939,0.433800954,0.435154546,0.436396543,0.438450411,0.437517917,0.440177573,0.441182501,0.44131916,0.443522427,0.443891491,0.444388377,0.445546507,0.446336189,0.446138235,0.448334434,0.446744971,0.44838729,0.44953773,0.450488368,0.454298565,0.45469199,0.455990489,0.460071073,0.467715946,0.47648012,0.492629699,0.51711739,0.539621564,0.558388954,0.584203678,0.599842962,0.603740503,0.600231794,0.601757885,0.588025535
140,0.641303798,0.643362969,0.639976647,0.638040056,0.635909318,0.62825329,0.624196134,0.62284305,0.622332063,0.625637215,0.628143239,0.63071036,0.630901616,0.630119066,0.628974919,0.628366218,0.626810345,0.626424618,0.626001108,0.628137108,0.628891556,0.629415155,0.629831782,0.630567172,0.632899335,0.632782512,0.635884661,0.635889757,0.637818145,0.638998099,0.641258393,0.642250062,0.643187298,0.644314502,0.646404701,0.646378935,0.6481478,0.649197363,0.650357859,0.650761838,0.651391989,0.651513404,0.652195924,0.652940537,0.652946428,0.654059964,0.652627055,0.6541231,0.653378598,0.653128196,0.65142162,0.652082839,0.652589976,0.652620226,0.650892491,0.65053561,0.649219916,0.649049818,0.64511812,0.642780749,0.638487818,0.63289435,0.628079905,0.621875956,0.61737859,0.614236751,0.61274966,0.611938961,0.611116621,0.610652087,0.610517008,0.610706679,0.611139084,0.611646102,0.611002303,0.610656245,0.611375596,0.613046386,0.613719538,0.614582616,0.615021638,0.617846091,0.617403337,0.62027147,0.620542229,0.621904109,0.622532859,0.624053893,0.623655165,0.624180666,0.625645346,0.626011833,0.627270756,0.627080501,0.628080806,0.627756807,0.628144986,0.627572465,0.627369162,0.626592742,0.625581486,0.62441597,0.62372583,0.621352521,0.620205524,0.617765767,0.614926843,0.61237203,0.609045362,0.605816651,0.60188874,0.597744674,0.591254661,0.585512094,0.580405669,0.57495974,0.570665611,0.564342536,0.559487349,0.555251512,0.549783126,0.545993394,0.540860268,0.533919402,0.527283153,0.517366221,0.5062128,0.49081217,0.47135361,0.448463018,0.421687639,0.393868472,0.363752104,0.326797325,0.301313166,0.280792761,0.264655267,0.251039715,0.240478256,0.23270414,0.228877579,0.22478528,0.222467596,0.220890992,0.221019843,0.221247853,0.221265791,0.222607969,0.222793001,0.225,0.226588441,0.228812765,0.231719623,0.235258475,0.240087926,0.24736983,0.253449551,0.258660856,0.26601449,0.274408174,0.281309023,0.287840221,0.294427968,0.301428713,0.308060492,0.316285075,0.324276392,0.330095359,0.337808802,0.34434911,0.350064171,0.356121487,0.361859267,0.367983552,0.374258292,0.380333679,0.387774904,0.392323151,0.396379412,0.401691013,0.406044702,0.410858089,0.414660322,0.419510278,0.421435981,0.426701207,0.430535829,0.435518526,0.437938214,0.442188559,0.445173025,0.446300884,0.449194309,0.450765237,0.453036465,0.455041815,0.457488825,0.456346494,0.457737237,0.460365067,0.460650513,0.461636603,0.461963418,0.463857346,0.46416334,0.46670513,0.466173809,0.466797347,0.467116498,0.466140795,0.467896452,0.470401547,0.474072108,0.476701484,0.477568652,0.481409023,0.487897735,0.497895908,0.516741064,0.538547317,0.561986832,0.582981653,0.605795267,0.622255283,0.633076823,0.627705052,0.624158867,0.608747693
215,0.56238701,0.566851302,0.564370271,0.565849658,0.564804383,0.563572744,0.565649076,0.564138678,0.563866978,0.563111974,0.563743734,0.563526651,0.56253298,0.560963357,0.560287355,0.560962629,0.558339644,0.561436633,0.560114835,0.560834125,0.561616071,0.56295474,0.562332914,0.562797436,0.563673497,0.564740001,0.566009006,0.566630517,0.567221789,0.568443497,0.567369932,0.569039139,0.569213393,0.570357527,0.570245457,0.57009214,0.571081486,0.57248202,0.572724266,0.572071849,0.572320369,0.571832542,0.572018653,0.572193533,0.572455764,0.572616641,0.573833416,0.571776028,0.571293691,0.571087247,0.572355514,0.571041505,0.569757143,0.567331633,0.568533548,0.567710325,0.56694476,0.566750444,0.564417164,0.562922937,0.561526036,0.557896214,0.55468648,0.550904555,0.547722851,0.546094025,0.544288212,0.544188125,0.544295955,0.54402911,0.544249292,0.543460801,0.545009159,0.545333483,0.545121161,0.545010032,0.54620299,0.546189133,0.547071508,0.548041645,0.54859144,0.550214353,0.550330802,0.550958107,0.551462034,0.552363269,0.553064656,0.552958153,0.553985814,0.5540904,0.554624752,0.554897291,0.55552132,0.555402246,0.555316791,0.555125788,0.554858273,0.554954692,0.554993364,0.554190735,0.55318903,0.551583848,0.551467554,0.550452354,0.54944798,0.548638968,0.546824405,0.545153171,0.542698389,0.540999448,0.53819955,0.536095138,0.531236534,0.528202414,0.525141492,0.521615665,0.518198392,0.51523787,0.511992391,0.50937945,0.507001511,0.504832027,0.502171869,0.497649032,0.492798282,0.487049503,0.478799587,0.467305871,0.454681315,0.437540018,0.417200278,0.394666626,0.373383842,0.343204569,0.3240386,0.307422039,0.294017713,0.282054518,0.273450298,0.268632111,0.263504946,0.261162558,0.25995094,0.257829188,0.257184105,0.258106659,0.257391366,0.258054874,0.25963292,0.260694379,0.261534113,0.264619706,0.267411781,0.271831039,0.27592436,0.282966442,0.288458677,0.294157812,0.300762613,0.307137426,0.312725096,0.319026084,0.325240138,0.331067918,0.33646002,0.34272736,0.35024288,0.355789091,0.360994477,0.366658566,0.372745568,0.378510885,0.382265236,0.387750424,0.392182868,0.39803258,0.403430224,0.40784019,0.411195701,0.416577375,0.41975108,0.42478247,0.428712836,0.430378955,0.433364577,0.43772039,0.439131535,0.443544462,0.446075194,0.447657672,0.450821326,0.452299312,0.452893575,0.455161295,0.455167872,0.456439733,0.454685514,0.45910091,0.458653687,0.459223377,0.460489236,0.458817033,0.459188901,0.458329939,0.459900141,0.461414605,0.461864309,0.463082866,0.460873527,0.4600629,0.463176857,0.460652278,0.460701788,0.460863851,0.460219539,0.461676132,0.461761087,0.461289841,0.462376797,0.464682547,0.467257029,0.47135487,0.471960953,0.481289459,0.478740578,0.480512967,0.474706336,0.467400185
54,0.575911461,0.584692694,0.579547502,0.578980508,0.579920015,0.572994592,0.569847048,0.56601402,0.569681389,0.570653657,0.572879417,0.574023247,0.573357129,0.572571838,0.571350092,0.56978617,0.569816229,0.568755707,0.569481619,0.571050519,0.57086237,0.571181565,0.571717127,0.573028484,0.575875635,0.576025902,0.577961601,0.578587806,0.580672757,0.581908679,0.584412803,0.585614734,0.587358146,0.587472328,0.588974665,0.589596999,0.590591108,0.590931665,0.591867141,0.592298589,0.592615656,0.592432978,0.594394114,0.594866899,0.593921095,0.593703584,0.592425563,0.593156783,0.593289754,0.592320056,0.59040969,0.589578688,0.588860486,0.58966447,0.58841577,0.587343573,0.585518188,0.584291018,0.580634151,0.577455437,0.574281055,0.568125704,0.562761666,0.557475079,0.552619315,0.548133766,0.546668463,0.544486063,0.543487963,0.54342887,0.542179523,0.543091035,0.542620879,0.543083833,0.543561206,0.541906777,0.543358621,0.545038832,0.545202673,0.546814568,0.546853799,0.548736941,0.549020102,0.551852895,0.552076377,0.55282523,0.55497482,0.554815429,0.555019897,0.555937214,0.55699809,0.557044147,0.557881263,0.557312568,0.558114681,0.558744957,0.558828707,0.558346561,0.558121574,0.556689441,0.55578086,0.554942805,0.553691008,0.551888452,0.550167273,0.54738822,0.544720932,0.542373079,0.538665835,0.535415525,0.53179302,0.527058806,0.520912481,0.515358922,0.509714511,0.503986234,0.499013384,0.494224721,0.488802872,0.483285408,0.478622376,0.475467964,0.470170997,0.463349103,0.456289615,0.447619493,0.436558308,0.422001256,0.403287231,0.381879495,0.357375918,0.330190809,0.303522532,0.270107358,0.248206812,0.229579693,0.214256383,0.20239099,0.193883906,0.187247335,0.182590024,0.179441449,0.176855546,0.174765537,0.174066996,0.174345268,0.174720726,0.174836129,0.175357954,0.176662016,0.17774533,0.17885492,0.181457723,0.184210858,0.187364881,0.193205579,0.198596887,0.202976082,0.208813385,0.214383099,0.220248431,0.226184543,0.232168321,0.237442656,0.244422868,0.249954729,0.256995503,0.263160106,0.268136746,0.275386959,0.280837786,0.28562393,0.291789272,0.297016954,0.301900395,0.307603306,0.31456439,0.318593474,0.32457806,0.328076164,0.333204064,0.337916507,0.341421136,0.344467743,0.349224981,0.352458457,0.355712851,0.360681778,0.365458311,0.368007581,0.369461365,0.372155095,0.375514699,0.378248488,0.380658406,0.382613739,0.385061691,0.384446972,0.387041688,0.388214675,0.390000068,0.391320132,0.391647963,0.393750182,0.394848748,0.395060408,0.396727079,0.396713143,0.395776584,0.398709147,0.398454698,0.40013771,0.404362313,0.403012811,0.404942839,0.408320782,0.413752213,0.41824272,0.432721622,0.447168595,0.464090119,0.478934084,0.488776359,0.498705127,0.502565102,0.498109551,0.49536418,0.493391851
41,0.554535792,0.555114032,0.554320641,0.549949762,0.551389257,0.544582618,0.54238041,0.543687559,0.542751364,0.543872686,0.546764671,0.547265857,0.548429756,0.547266921,0.547730672,0.547596463,0.546295668,0.545865979,0.546158149,0.547140927,0.547883659,0.548341258,0.548928553,0.549974465,0.551301516,0.551618526,0.552433436,0.553497731,0.5540464,0.555370519,0.556861887,0.55735173,0.558237988,0.558586848,0.560377499,0.559783206,0.561448894,0.562245776,0.562527921,0.563352087,0.563247847,0.563363601,0.56417093,0.564556473,0.564528187,0.565022812,0.564780099,0.564684775,0.565699977,0.563772375,0.562691496,0.562779333,0.563908711,0.563373115,0.562304462,0.56302455,0.560044832,0.559910699,0.557798231,0.556539661,0.553719246,0.550279134,0.547280853,0.543800182,0.541223273,0.538260499,0.538444371,0.536896804,0.53668832,0.537671317,0.537203896,0.537678334,0.537625506,0.537576847,0.538875923,0.538052769,0.53902094,0.5403216,0.540776106,0.542054996,0.541907422,0.542278924,0.543835846,0.5443707,0.54594777,0.545340504,0.545538488,0.546217031,0.546261999,0.546925168,0.547898613,0.547018081,0.54862243,0.547346649,0.547594328,0.548218825,0.54867844,0.548168764,0.547700371,0.546738467,0.545879206,0.545357395,0.54464856,0.543621712,0.5418007,0.540934282,0.538481378,0.53794367,0.534776015,0.533448077,0.530022691,0.527301126,0.5236934,0.520251148,0.517088847,0.513820808,0.510572148,0.506400194,0.503570164,0.501110117,0.497724213,0.495681621,0.49198462,0.487772244,0.483244223,0.476702559,0.468561554,0.457410054,0.443276961,0.426635628,0.407142666,0.38544103,0.362249603,0.332720923,0.313736096,0.296973759,0.283985079,0.272516386,0.264959791,0.260074118,0.255792827,0.253347087,0.251819551,0.250697232,0.25170942,0.25261969,0.251998716,0.254066676,0.255759215,0.257160795,0.259232999,0.260835983,0.264903673,0.268282728,0.272944238,0.280059867,0.286085333,0.291726366,0.298710213,0.304037789,0.311715561,0.317768151,0.323645583,0.329503613,0.335479724,0.341963751,0.349936179,0.354366165,0.36081426,0.366032226,0.372322977,0.376675265,0.382110614,0.387152133,0.392505066,0.396585927,0.404125377,0.407699524,0.412238913,0.416298749,0.419926851,0.423487175,0.426818435,0.429757775,0.432337862,0.436287357,0.439429935,0.442735002,0.445393871,0.446942982,0.450368896,0.451489708,0.453746089,0.455972183,0.455915833,0.457383103,0.459282389,0.456393746,0.457776122,0.457696505,0.458563106,0.459717655,0.460814704,0.460401359,0.462481724,0.462937774,0.459490061,0.461681506,0.462980549,0.461625379,0.461090077,0.465718507,0.467683149,0.467833605,0.468329652,0.470941046,0.481174254,0.486281078,0.503164369,0.518854542,0.53853142,0.555595463,0.578530318,0.579786208,0.590070784,0.588395113,0.586151722,0.57124333
116,0.589475815,0.586841902,0.58606324,0.58567888,0.584258169,0.578197696,0.572565227,0.569378755,0.571253574,0.5754211,0.575829647,0.578587067,0.580964218,0.579266542,0.578031523,0.577794715,0.577892681,0.576955331,0.577252624,0.578222884,0.57926571,0.580490095,0.580258869,0.581667116,0.582872598,0.58379511,0.586170188,0.586102662,0.588334565,0.588816893,0.591371539,0.591485511,0.593658359,0.594078581,0.594612886,0.596013751,0.596262735,0.59874047,0.598546702,0.599730863,0.600615043,0.599884693,0.600061714,0.601479029,0.601684848,0.601594666,0.601008187,0.600820376,0.601025678,0.600421101,0.599930008,0.600370072,0.600059426,0.599554503,0.598253194,0.597568329,0.595965152,0.595919639,0.592296862,0.590418895,0.58689215,0.582990172,0.57782055,0.573315635,0.569631077,0.565184122,0.565182147,0.563391467,0.562554236,0.563190069,0.562729533,0.562575956,0.561909785,0.562741781,0.562800771,0.562441503,0.563125121,0.565364916,0.564621298,0.565869618,0.566586063,0.567716458,0.569325255,0.571260953,0.571933841,0.572718016,0.573521794,0.573306016,0.574595976,0.575651802,0.575865952,0.575514088,0.577532665,0.577096436,0.577404669,0.578739709,0.578376736,0.578098855,0.57752856,0.577251181,0.575913678,0.574933966,0.573846661,0.572696013,0.570859994,0.569429083,0.566563743,0.564922402,0.561334602,0.558924345,0.55623786,0.551482019,0.545430209,0.541024788,0.537307714,0.531960526,0.526690318,0.520959822,0.517428173,0.513098483,0.508892832,0.505972872,0.500662731,0.494184783,0.488093356,0.48001308,0.469833725,0.455171467,0.436969383,0.4171735,0.393231042,0.366609397,0.338699486,0.304657275,0.281027406,0.261519277,0.245775277,0.231993116,0.222683469,0.21557786,0.210068806,0.206492776,0.20358682,0.202007495,0.200883965,0.200751608,0.201095921,0.20103481,0.202934294,0.204154168,0.205021376,0.207191172,0.209375256,0.2125207,0.216740029,0.224261388,0.22989241,0.235941111,0.241359068,0.248749596,0.255285444,0.261339416,0.268069982,0.274634272,0.280729174,0.287405914,0.296220818,0.301709739,0.308194042,0.312853479,0.31979531,0.324984911,0.330461749,0.336574184,0.342092354,0.347824867,0.354400007,0.35980091,0.364043238,0.368126831,0.371130334,0.375530143,0.379710549,0.384369027,0.387554038,0.391232704,0.393367047,0.398321065,0.401660797,0.405811506,0.408003416,0.408490957,0.410830535,0.414495155,0.41569718,0.418279655,0.420056316,0.418831097,0.422054082,0.421169935,0.422431001,0.424398643,0.424034638,0.427133854,0.426713891,0.428213906,0.428829443,0.431473491,0.429093257,0.429045899,0.432231223,0.432367238,0.434676689,0.43771535,0.43647227,0.440464386,0.446819255,0.454012286,0.472611844,0.497310829,0.515975809,0.539403191,0.559236206,0.57419346,0.575086045,0.581517299,0.567213905,0.562665204
8,0.591542524,0.594758407,0.594099797,0.594266193,0.590839347,0.590671114,0.587464514,0.585010302,0.587677651,0.587978719,0.58865995,0.590424276,0.589459055,0.590436221,0.587002416,0.585366532,0.585502035,0.586749621,0.587914558,0.586615859,0.587641316,0.588700582,0.590055095,0.590312976,0.592447767,0.593241143,0.594435175,0.595496233,0.597329672,0.599263062,0.601191529,0.601708201,0.603053986,0.603175564,0.60427674,0.604875983,0.604965022,0.607282385,0.607595358,0.60818433,0.608631195,0.608993946,0.610471199,0.610109115,0.609407472,0.610068751,0.609098305,0.60835375,0.610129173,0.60973898,0.606974424,0.6074726,0.606414689,0.605819597,0.606118943,0.604681302,0.60252029,0.601964703,0.599149884,0.595860071,0.591930401,0.587807584,0.580558727,0.576748366,0.57263026,0.568524669,0.568102479,0.565594666,0.565050124,0.564777584,0.56536,0.565531985,0.564270148,0.564086487,0.564941107,0.564810374,0.564985768,0.566709982,0.566888152,0.568424444,0.569564172,0.569850949,0.570455318,0.572767735,0.573423151,0.574553331,0.575443016,0.576602269,0.577455212,0.577288364,0.577694188,0.578203484,0.578783059,0.578995636,0.579904778,0.579677087,0.579791386,0.580039237,0.57859071,0.578663945,0.578223219,0.576252422,0.575929191,0.573886189,0.571748997,0.569731132,0.567155349,0.56468774,0.561502141,0.558554173,0.554680437,0.551020736,0.544439845,0.539878676,0.535055627,0.529191654,0.525015434,0.519335339,0.51482682,0.510210982,0.506032833,0.50164994,0.49808205,0.491269852,0.484938088,0.476406699,0.465755571,0.451502015,0.433617491,0.412473338,0.386620263,0.360633688,0.33229786,0.297473106,0.274470125,0.255220519,0.238742692,0.226132261,0.216856196,0.209719966,0.204721706,0.201134168,0.198739632,0.197363166,0.196098768,0.196299958,0.195778534,0.196706766,0.197828463,0.199415766,0.200542643,0.202008919,0.205034034,0.207425108,0.212249491,0.219633831,0.224921433,0.231432516,0.236983509,0.244116718,0.250394124,0.257235682,0.262925736,0.27025856,0.275639961,0.282254826,0.291490876,0.297152836,0.303757578,0.309194886,0.316512971,0.321934089,0.328205802,0.333754095,0.339404927,0.345258268,0.353218944,0.356706517,0.362779614,0.367065946,0.371994194,0.375025357,0.380894188,0.383880819,0.38794862,0.392443293,0.396402806,0.399804335,0.403381539,0.405969442,0.410060692,0.41356986,0.414640458,0.416224949,0.419235968,0.420305127,0.421431691,0.421770208,0.423946469,0.426526901,0.426653179,0.425038293,0.427017761,0.429693172,0.431118833,0.429528278,0.431344664,0.431739144,0.433029281,0.433946517,0.434762701,0.435212629,0.437700544,0.436566815,0.43862445,0.441145099,0.44549158,0.452053304,0.463690771,0.475418168,0.489777732,0.500703361,0.511504964,0.511695181,0.515455549,0.512340167,0.507967473,0.496209665
37,0.554451437,0.554078083,0.557621756,0.552079845,0.551272176,0.550503578,0.543384639,0.54590336,0.5451311,0.545574319,0.549701445,0.548373301,0.547826699,0.548000912,0.544911988,0.544850914,0.544753158,0.544508249,0.545637991,0.544961266,0.545478383,0.546324037,0.546960015,0.548261674,0.549484836,0.549499436,0.551925834,0.551055168,0.55226556,0.554275825,0.555478986,0.555967771,0.556578568,0.557825663,0.558484868,0.558957126,0.559606085,0.561181584,0.561206741,0.561233352,0.562239541,0.562686173,0.563758697,0.563374699,0.564136249,0.564195482,0.564333465,0.563454935,0.563195974,0.562699262,0.562831955,0.563137543,0.561840597,0.562819761,0.562083318,0.560762906,0.559389318,0.558639849,0.556062521,0.554904189,0.55276463,0.54877054,0.545847606,0.541266038,0.538698658,0.535848353,0.534763952,0.5348145,0.533837057,0.534524889,0.534053407,0.534607995,0.53353965,0.534516754,0.534685165,0.534852376,0.534625832,0.535940635,0.536323224,0.537839161,0.538148983,0.538751741,0.538872924,0.540073253,0.540283799,0.542163257,0.542503339,0.542016497,0.542709203,0.543048657,0.543925202,0.543981133,0.544771018,0.544884845,0.5447797,0.544647938,0.545163627,0.545164549,0.545183077,0.544547179,0.543908119,0.543373798,0.542723508,0.541037622,0.540138205,0.538634619,0.537282137,0.53566119,0.533476494,0.531741498,0.528555679,0.525705611,0.521673174,0.518789929,0.514786845,0.511405221,0.50893862,0.504685381,0.50199566,0.498809093,0.496058267,0.49279157,0.489616196,0.486465072,0.48077239,0.47490404,0.467032442,0.456301015,0.441734933,0.425027177,0.405028351,0.383404712,0.360572355,0.330215323,0.310089881,0.293469773,0.278997853,0.267114124,0.258009322,0.251895838,0.24728799,0.244432965,0.242064153,0.240994229,0.240101698,0.240414538,0.240614317,0.241909636,0.243127997,0.244475061,0.245974054,0.247643506,0.250769297,0.254040603,0.258012022,0.265349992,0.270697305,0.276790134,0.282620234,0.289314693,0.295927771,0.302077743,0.308214777,0.314021517,0.319688513,0.326081394,0.333054322,0.339419205,0.343502164,0.350218316,0.354697578,0.360054898,0.365198319,0.371818957,0.375764104,0.380832321,0.387052656,0.391131632,0.396739804,0.399290305,0.403975617,0.406475414,0.409656865,0.412990253,0.415822493,0.419056043,0.421510739,0.425872013,0.428237296,0.430588421,0.433336753,0.434020761,0.43708594,0.436880047,0.437657955,0.439503076,0.44199417,0.439729337,0.440939064,0.441086604,0.442543863,0.443626154,0.442958381,0.442929022,0.444292735,0.445010354,0.444931556,0.444490509,0.445599567,0.443841913,0.445262833,0.446699073,0.450132471,0.447751482,0.448560346,0.45019805,0.454473242,0.459889233,0.469139966,0.475531955,0.489492218,0.49446789,0.503276248,0.511378351,0.512062472,0.497957555,0.493632598,0.492992868
156,0.582162199,0.580927716,0.578725827,0.577875276,0.578533531,0.569669786,0.567843417,0.565672796,0.566388771,0.568273525,0.571826485,0.573739205,0.574704058,0.574282509,0.573268523,0.573288344,0.572072965,0.572746368,0.574346012,0.573886642,0.574313967,0.575802292,0.576637249,0.577530883,0.579150911,0.578764637,0.580701713,0.582104253,0.582465251,0.584282068,0.584866785,0.586135754,0.586483052,0.587833135,0.588041185,0.589105563,0.59056059,0.592234709,0.591482193,0.593198097,0.591964209,0.592906217,0.59340813,0.594253054,0.59405416,0.593568114,0.593328489,0.593171252,0.59351367,0.593203937,0.591795243,0.591820468,0.591419098,0.592794673,0.591642147,0.589595977,0.588841597,0.588003537,0.585149691,0.584460784,0.580059575,0.577712288,0.573923161,0.567833608,0.565362104,0.562655396,0.562164962,0.560464985,0.559975702,0.561357377,0.560103114,0.561681527,0.561822216,0.561533123,0.562638535,0.56306031,0.562971981,0.565007751,0.564886328,0.565867756,0.566534653,0.567200108,0.567925272,0.570463875,0.571186536,0.57244858,0.572877345,0.573306016,0.573496139,0.574062432,0.574723304,0.574489635,0.575537949,0.575818379,0.575854538,0.576417606,0.577061797,0.576239834,0.576701601,0.575358978,0.5746195,0.573509088,0.57314905,0.571533686,0.570226871,0.568468944,0.566364112,0.564230079,0.561860529,0.559657402,0.55651493,0.553245407,0.548091172,0.544329752,0.540148514,0.536141067,0.532144767,0.527626567,0.524631004,0.520674808,0.517034104,0.513996406,0.510757926,0.505294198,0.500452524,0.492744416,0.483113184,0.470567077,0.454094934,0.435230936,0.412686834,0.388670295,0.363354246,0.331409058,0.310730222,0.292296062,0.27846026,0.266460116,0.258671801,0.252814691,0.248865239,0.246084031,0.244839865,0.243679986,0.243950734,0.243858843,0.245035227,0.245644444,0.247968838,0.248620509,0.250508947,0.253186326,0.256879098,0.26011252,0.264950791,0.272587544,0.278045624,0.283557678,0.290321068,0.297825951,0.304668936,0.311055739,0.318783056,0.324447838,0.330677696,0.337192549,0.34611087,0.351147527,0.357182775,0.363105758,0.370352754,0.37483361,0.380729082,0.386415448,0.39168604,0.398122864,0.404588582,0.410078116,0.414504878,0.418303911,0.42374688,0.426065358,0.429490627,0.433951487,0.437435167,0.441468377,0.444900465,0.449583291,0.452541774,0.454630116,0.456698764,0.458789575,0.460394047,0.46174402,0.464043707,0.464841212,0.467243457,0.464782654,0.467941219,0.469204061,0.468644911,0.468223262,0.469817089,0.470471641,0.470328027,0.470801079,0.472359998,0.470955225,0.474530384,0.473215661,0.473624197,0.480501774,0.47917664,0.482108968,0.486064637,0.486227616,0.493798511,0.502388265,0.521118937,0.542992604,0.56986875,0.589267008,0.612031274,0.622999146,0.633904799,0.635874831,0.629309778,0.625579772
112,0.584072713,0.586689415,0.586634373,0.585339183,0.584301413,0.582969753,0.584607981,0.581889324,0.581683777,0.578436032,0.5815815,0.581501525,0.579851823,0.577053582,0.577382959,0.574394979,0.574101871,0.575751734,0.574236204,0.575068223,0.575743944,0.577292284,0.576142968,0.578098225,0.579697949,0.579017957,0.582476915,0.583025138,0.584108611,0.584874085,0.585355643,0.58605275,0.58765941,0.58781825,0.589162439,0.590272352,0.590297841,0.59072712,0.591694487,0.592185471,0.59194397,0.591717154,0.593028205,0.592768851,0.593136963,0.592392134,0.593068082,0.593394511,0.591960867,0.593020783,0.592711574,0.591521581,0.591111442,0.589553599,0.590619296,0.589004497,0.588279836,0.587199613,0.585975479,0.583133895,0.579108013,0.575466626,0.571055499,0.566496674,0.562438352,0.559864361,0.558094588,0.557044641,0.555781032,0.556120297,0.555776762,0.555905732,0.556240677,0.55741944,0.555837077,0.556102857,0.55737526,0.557207272,0.558612299,0.559211103,0.560865596,0.561501168,0.561890739,0.56258982,0.563853563,0.564654536,0.565769093,0.56556836,0.566586037,0.567033498,0.567178327,0.56786623,0.567668676,0.569137825,0.568369085,0.568907623,0.570068747,0.568602959,0.568182597,0.567856642,0.566737979,0.565410611,0.563925386,0.563431016,0.561410807,0.560141896,0.558059573,0.555574783,0.55355802,0.550468447,0.547226974,0.543943963,0.538804718,0.533897257,0.530007262,0.526352831,0.521869375,0.51698985,0.513297118,0.509983438,0.505136218,0.502317584,0.4994698,0.493227425,0.487572162,0.480097469,0.470256,0.457055971,0.440843073,0.42213865,0.399239962,0.374172242,0.349581411,0.317619136,0.297777055,0.279798886,0.2648024,0.253802788,0.24625272,0.239616238,0.236063545,0.233269347,0.23114561,0.229247501,0.229203024,0.229752738,0.229964737,0.230805889,0.231742356,0.232877305,0.235010668,0.237558903,0.240005103,0.24324904,0.247464759,0.254256293,0.259502031,0.266053433,0.272099386,0.277515654,0.284813701,0.289867102,0.295494348,0.301829063,0.308713016,0.314003543,0.322314115,0.326341133,0.333092091,0.338553706,0.345206995,0.349709124,0.355470683,0.360877375,0.366214885,0.37266894,0.377636427,0.382767446,0.386323031,0.391262861,0.395310075,0.399288909,0.404532484,0.406837792,0.410196295,0.413193545,0.41808796,0.421124296,0.424120592,0.426959525,0.431066442,0.432594892,0.431922853,0.435103427,0.436199982,0.437333882,0.437738264,0.440069442,0.4407414,0.440443303,0.443425249,0.441530858,0.442957922,0.443534933,0.443809323,0.44419622,0.445517706,0.445058965,0.445529652,0.444683731,0.44541185,0.44432326,0.44525351,0.443669097,0.444694143,0.446494033,0.441222293,0.448516512,0.442943721,0.44623584,0.4481705,0.44974667,0.451759985,0.45354831,0.450681161,0.455691569,0.451197459,0.456306625
128,0.595026403,0.597046772,0.595714317,0.590220376,0.591005725,0.584534257,0.578551979,0.576851144,0.576781583,0.580152644,0.582547559,0.583514716,0.585390717,0.583620172,0.58213012,0.58220929,0.578397799,0.580219207,0.58019583,0.581902664,0.580791069,0.582062633,0.583303377,0.583830388,0.584328807,0.58590001,0.587347543,0.587721679,0.588875344,0.590486882,0.59344589,0.593441662,0.595261923,0.59467915,0.596367829,0.596942799,0.596551481,0.598019184,0.598218784,0.598146584,0.598718182,0.598981455,0.598897337,0.599581908,0.600148549,0.599361843,0.598586704,0.599518192,0.598897276,0.598615014,0.597425538,0.59828486,0.59731216,0.596977655,0.596113915,0.595911946,0.595366939,0.592880056,0.590855303,0.58875,0.583829424,0.58013744,0.574251569,0.569378661,0.564128655,0.561334862,0.559644675,0.557901187,0.557465351,0.556558054,0.556815032,0.557482121,0.558120466,0.556347526,0.556915337,0.556537697,0.55675834,0.558280519,0.558457938,0.560033742,0.560771224,0.561796609,0.562724821,0.563630755,0.564519092,0.564687419,0.565984162,0.567319225,0.567400288,0.56711505,0.567895777,0.568068187,0.56876183,0.56930289,0.569089161,0.569369096,0.56965514,0.569480733,0.56897674,0.568045665,0.566796283,0.566241322,0.564586393,0.562721692,0.5612301,0.559115622,0.556896951,0.554062405,0.550900559,0.547772557,0.543844094,0.539782058,0.533532674,0.529421507,0.523799597,0.518462091,0.513913054,0.508514835,0.504370809,0.499498802,0.494888336,0.491322259,0.485884135,0.479805897,0.47382956,0.465083036,0.454241797,0.438886102,0.420507871,0.398702464,0.374425929,0.347028449,0.31963191,0.285974083,0.264047485,0.245193319,0.230205476,0.218027292,0.209907316,0.203097163,0.198524447,0.195340724,0.192822072,0.190853452,0.189868921,0.190461089,0.18966371,0.190783003,0.191678256,0.191766655,0.192629395,0.194756945,0.198084514,0.200959424,0.204279602,0.210729038,0.216443598,0.222024569,0.226769494,0.23313018,0.239956513,0.245664341,0.252396049,0.258633386,0.264371409,0.270511841,0.278833957,0.285470523,0.291912885,0.298572965,0.303559933,0.309379418,0.315087504,0.321922811,0.327364829,0.333191584,0.340319458,0.344878025,0.350699724,0.356349644,0.359997678,0.364582891,0.369149028,0.372634935,0.376178162,0.382111581,0.38609869,0.389453005,0.394194436,0.397906529,0.401174478,0.402884998,0.404659896,0.408576973,0.411955494,0.411526058,0.414511448,0.41300643,0.415670517,0.416223008,0.418279868,0.420000622,0.421956349,0.423347515,0.423540398,0.424182912,0.424711847,0.42517026,0.423707776,0.425352245,0.427036189,0.432089083,0.43136846,0.433653576,0.435344938,0.436755302,0.442944033,0.454598771,0.468749793,0.490824957,0.515430737,0.534704139,0.551734243,0.572636857,0.568348594,0.577603405,0.568813975,0.561144083
211,0.553597761,0.553745754,0.551400195,0.553801224,0.552559485,0.552559373,0.551806767,0.550503294,0.551222799,0.549507519,0.55115217,0.551237968,0.550274362,0.549018341,0.54843326,0.548261047,0.548185417,0.547478023,0.546845149,0.548078829,0.548697801,0.550431234,0.549561701,0.550666113,0.551336632,0.551861752,0.55476808,0.554613203,0.556454852,0.555648015,0.5572465,0.558577897,0.559216338,0.560550693,0.560539181,0.561788896,0.562534953,0.562208647,0.561871403,0.563885963,0.562983676,0.563356278,0.563952507,0.564400935,0.564380339,0.563520486,0.564382967,0.565117231,0.562585105,0.56368784,0.564566842,0.562508335,0.561530182,0.559896621,0.560780577,0.558937317,0.558963602,0.557472269,0.555484503,0.552970056,0.549234326,0.546958427,0.542403829,0.538903927,0.533962165,0.531750186,0.530928806,0.529171091,0.528242442,0.528598338,0.528618792,0.527754046,0.529765966,0.529628524,0.528917821,0.528272089,0.53024153,0.530570628,0.532061649,0.532225706,0.534011482,0.534195511,0.535426613,0.536110824,0.536769742,0.538031474,0.539093517,0.538657381,0.539893195,0.539803338,0.541119999,0.541115456,0.541544602,0.541211529,0.540890157,0.541415266,0.541912864,0.541655994,0.541235156,0.540625161,0.539261078,0.538106634,0.536874259,0.536393336,0.534845555,0.534076995,0.531293776,0.52945854,0.527048963,0.524624542,0.521625194,0.518353581,0.513793371,0.509666852,0.504991124,0.502255139,0.496892781,0.494417652,0.490095466,0.487023074,0.483735679,0.481726287,0.478191191,0.472690741,0.468050753,0.460947999,0.452460707,0.439600296,0.424947795,0.407184397,0.386403864,0.362680236,0.340534,0.310580001,0.291126932,0.274586361,0.260638075,0.249458525,0.242257196,0.236506713,0.232515047,0.229819611,0.227974877,0.22666135,0.225434697,0.226688087,0.225888906,0.226576685,0.227238161,0.228783962,0.230242624,0.231788533,0.234638228,0.237740678,0.24156407,0.247548689,0.252667954,0.258799735,0.264063245,0.270075007,0.275793819,0.281257301,0.286253996,0.291800082,0.298827444,0.30478425,0.310918109,0.316635277,0.322026836,0.327702587,0.332457131,0.336560982,0.342775596,0.347705497,0.352701428,0.359219429,0.363208875,0.368104612,0.373216714,0.376000162,0.379770861,0.383483786,0.387629208,0.390991251,0.393278335,0.397046519,0.400088567,0.404005654,0.406289057,0.409425527,0.411630493,0.413293056,0.414938885,0.416631879,0.41641542,0.416741159,0.419793224,0.420038434,0.419366112,0.420645111,0.421957011,0.423045524,0.422199299,0.422041973,0.424335363,0.424000389,0.424931251,0.424466403,0.426170825,0.4236311,0.425339367,0.423825883,0.4245311,0.423131837,0.423508906,0.424280172,0.422531938,0.425299825,0.425315395,0.428368578,0.426816538,0.43550315,0.437725263,0.438843603,0.4376038,0.444846612,0.443429308,0.436788496
136,0.546007457,0.545334364,0.546370575,0.54300355,0.540131007,0.536653821,0.531860142,0.531269572,0.530657626,0.532338201,0.535286697,0.536220136,0.536794125,0.537594819,0.536455936,0.53556,0.536847794,0.537293645,0.53770754,0.536434947,0.537334732,0.537889967,0.539817036,0.54072154,0.542167984,0.541995114,0.543526896,0.545112536,0.545041969,0.546960013,0.548936983,0.549031694,0.549570831,0.548798514,0.552020518,0.551955331,0.552565848,0.554564674,0.554850346,0.553805849,0.554608988,0.554516191,0.556005824,0.55626956,0.555351522,0.556406001,0.554666847,0.554761652,0.555091673,0.554459288,0.55293311,0.554678085,0.553492683,0.552803114,0.551952587,0.550175456,0.549361791,0.549023219,0.546043458,0.544006239,0.540323686,0.537120604,0.533004926,0.528873297,0.526092682,0.522384422,0.523141578,0.522310253,0.521419599,0.521040201,0.521400865,0.521871403,0.521871175,0.522443974,0.523436187,0.522921002,0.523086759,0.525075612,0.524977679,0.526258652,0.527042584,0.527432029,0.527552495,0.529279705,0.529904564,0.530731467,0.531157913,0.532232409,0.531498345,0.532226449,0.53290074,0.532583061,0.533964391,0.533110784,0.534018643,0.534379466,0.534249947,0.533568308,0.533585923,0.533015111,0.532305247,0.530471555,0.530580077,0.528514391,0.527715554,0.525903303,0.522929122,0.522301544,0.519012772,0.517255249,0.513662453,0.510594195,0.505512832,0.501557217,0.498273498,0.494231149,0.489720291,0.485428526,0.482402174,0.478171688,0.474892467,0.472415499,0.46839048,0.463060847,0.458056318,0.451238331,0.441311715,0.428833758,0.412312773,0.393490449,0.371786974,0.34846751,0.323978712,0.29281008,0.272898803,0.255865826,0.242026237,0.231885954,0.224829773,0.219282139,0.215495254,0.212698169,0.211442265,0.211625632,0.211033565,0.21141013,0.213371674,0.213633769,0.214848479,0.216065574,0.217395806,0.220770728,0.222844632,0.226985779,0.230670119,0.237958812,0.244326543,0.250038145,0.255774219,0.261608195,0.268055429,0.275141839,0.281903101,0.287135754,0.293732552,0.300406654,0.30857553,0.314472266,0.319976194,0.325915818,0.330901136,0.3371882,0.342870499,0.347516802,0.353603498,0.359231013,0.364434649,0.369735421,0.374084661,0.378575626,0.382137591,0.385977327,0.389633432,0.393369152,0.396475563,0.400116257,0.402700336,0.407102338,0.410264507,0.412733466,0.415461737,0.41746782,0.419476905,0.419640636,0.422422667,0.424693143,0.424411671,0.42364141,0.424869979,0.425713435,0.426358845,0.426839683,0.42624017,0.429707693,0.427833728,0.428989539,0.430228094,0.429155061,0.430925903,0.431464108,0.431738135,0.433488979,0.437368773,0.438287154,0.438808922,0.442619085,0.45050724,0.457355858,0.474926429,0.495945382,0.521738002,0.543573474,0.566070026,0.574413863,0.582489123,0.589326088,0.577515727,0.564934417
16,0.559276568,0.562180131,0.563568087,0.564853641,0.559683512,0.558864169,0.557270041,0.55472769,0.555344457,0.556344146,0.55885153,0.557207325,0.555767459,0.554053374,0.552372872,0.551257194,0.548250962,0.548701238,0.550084166,0.549730876,0.549456922,0.54985169,0.550510719,0.551000694,0.551812383,0.552115188,0.553784692,0.555236068,0.555768966,0.557115041,0.558272725,0.559373008,0.559864826,0.559040766,0.561180292,0.562128059,0.561660172,0.562747129,0.562977027,0.562140018,0.562292231,0.5628231,0.562676284,0.561646749,0.562999146,0.563498783,0.561190124,0.562422834,0.561050718,0.56008355,0.559329983,0.560722589,0.559348014,0.558833736,0.557132016,0.558240215,0.555974229,0.556025399,0.552090374,0.549930927,0.546712099,0.542032303,0.538653095,0.533495524,0.530015349,0.527475788,0.526996753,0.525126262,0.524760535,0.524656549,0.524822494,0.526173086,0.525752042,0.526253317,0.526616393,0.526678321,0.528391134,0.529053818,0.528686221,0.530359035,0.531474861,0.532380994,0.532420045,0.533582502,0.534160492,0.534423092,0.534989961,0.535504639,0.535355424,0.535572047,0.53497085,0.535452853,0.535211499,0.535793729,0.536120788,0.536184668,0.535722243,0.535567025,0.53511997,0.534061158,0.533575569,0.532118147,0.531723628,0.529304421,0.5279612,0.526895543,0.524132736,0.522651349,0.519722264,0.516981264,0.514394501,0.510274508,0.505071044,0.500884499,0.496887598,0.492614869,0.488314216,0.483873643,0.480897616,0.476561869,0.473277782,0.469347856,0.465678475,0.461326686,0.454930494,0.448124012,0.43891151,0.426514714,0.409895925,0.390793323,0.367714319,0.344825965,0.321212424,0.290043351,0.269613169,0.253074171,0.240099995,0.229884532,0.222481706,0.215954702,0.212280841,0.210108774,0.208493381,0.20739232,0.206509349,0.206285221,0.206906797,0.207544931,0.208490437,0.210087199,0.2110094,0.211456104,0.214985862,0.217682818,0.221362855,0.227905842,0.233373387,0.238190757,0.244007284,0.24982934,0.255702416,0.261878019,0.267606884,0.273581148,0.278910342,0.28438061,0.292958172,0.297882981,0.304951933,0.310014459,0.314893329,0.320784863,0.326899399,0.332130855,0.337304042,0.342812552,0.350698759,0.354414622,0.358535998,0.363933594,0.368401742,0.371444679,0.377045559,0.379228191,0.383407204,0.387990143,0.390839816,0.394657599,0.398725099,0.403096638,0.404019175,0.405864132,0.407374287,0.409656997,0.4135936,0.413442209,0.414114943,0.414918584,0.415534421,0.416947191,0.418232504,0.419730932,0.418563223,0.421122179,0.421192832,0.422666035,0.423622701,0.422143421,0.423541172,0.423674479,0.424306595,0.424688329,0.427775856,0.427684148,0.429610917,0.431004079,0.436084381,0.442512334,0.452210429,0.463523611,0.473979287,0.482595552,0.493089988,0.500661212,0.497727125,0.498603538,0.494794292,0.481696673
45,0.525728409,0.532284499,0.530592975,0.530129279,0.528016219,0.522647538,0.52066395,0.521119217,0.522047665,0.522925372,0.52550418,0.5270159,0.528663571,0.528461372,0.527306719,0.528678048,0.526604224,0.52920051,0.528715863,0.529693386,0.529566748,0.531182459,0.53206271,0.530912139,0.533091746,0.534098192,0.535001058,0.535854663,0.536879008,0.537697045,0.538595495,0.539441671,0.540570859,0.539966899,0.541222486,0.541590709,0.542788394,0.543764307,0.542432206,0.542536947,0.541711773,0.542082252,0.542944549,0.543207221,0.542461127,0.542701837,0.541753076,0.541691585,0.541577281,0.541038189,0.539606094,0.540406604,0.539699758,0.538523764,0.538455808,0.536667968,0.535474525,0.535798646,0.532689946,0.529926471,0.527935776,0.525429006,0.521926076,0.517786416,0.515575232,0.511351713,0.512184543,0.511544386,0.51120877,0.511186162,0.511225008,0.511084104,0.511743106,0.511654777,0.511837327,0.511461468,0.51269432,0.514164995,0.514844506,0.515227467,0.516174875,0.516734119,0.516950052,0.517942289,0.51963133,0.519304925,0.520138175,0.519903635,0.520715863,0.520610399,0.521297447,0.520792751,0.522117685,0.522460309,0.521829412,0.522226754,0.521700384,0.521899917,0.521227056,0.520715039,0.520204385,0.519452397,0.518351284,0.516647808,0.515601422,0.514524644,0.512246691,0.510648656,0.50816061,0.506007275,0.503563991,0.50018028,0.496562983,0.49254661,0.489739351,0.485775858,0.482487571,0.479194186,0.47663098,0.472906861,0.470858015,0.467893724,0.464615662,0.459510828,0.455710013,0.448820062,0.441093942,0.430278822,0.415813638,0.399456771,0.379530534,0.358877971,0.335836463,0.306814702,0.287869109,0.271565181,0.258925129,0.248337008,0.240986633,0.236308998,0.232386714,0.230676806,0.228874987,0.227563783,0.227759865,0.22800249,0.228601531,0.229532496,0.230638801,0.232971747,0.233745288,0.236223813,0.238590699,0.243265062,0.246756683,0.253418854,0.260396717,0.265508412,0.272383714,0.278660966,0.284549595,0.289860462,0.296612246,0.302654768,0.308406285,0.314897411,0.322373679,0.328559055,0.334009866,0.339515048,0.345416412,0.350749477,0.354571788,0.361608801,0.365353525,0.37129338,0.378484464,0.382244146,0.386806499,0.39155088,0.394517271,0.397922357,0.4022093,0.40523506,0.408849061,0.41312188,0.415588185,0.42003887,0.422430127,0.426449405,0.429346967,0.429237798,0.432016585,0.433078011,0.434053523,0.436196122,0.437425075,0.437681726,0.438583302,0.439158758,0.441742055,0.439065628,0.442046479,0.441545901,0.443224983,0.444643553,0.44382674,0.446511085,0.444412512,0.445802161,0.445324469,0.449489745,0.450762836,0.452143523,0.453541104,0.457718056,0.462734329,0.470953855,0.489369441,0.504653897,0.525882282,0.542625682,0.555438337,0.564812519,0.573397623,0.572834533,0.568638625,0.560071817
264,0.611390201,0.612839306,0.61258169,0.611836403,0.614017915,0.608332564,0.61000437,0.609168893,0.606437037,0.608688712,0.607126318,0.605389269,0.605305459,0.602271492,0.601808106,0.599618897,0.598185821,0.599602314,0.598761565,0.597915957,0.599386201,0.600032983,0.600254262,0.601726023,0.603407235,0.60273575,0.605468659,0.60666815,0.607431587,0.60988878,0.610023601,0.612319741,0.612125283,0.613308189,0.613401622,0.615082686,0.615155418,0.616150275,0.616393781,0.618145145,0.616153188,0.616873359,0.617856812,0.617650353,0.617573174,0.616914794,0.618534704,0.618608935,0.616817464,0.61721597,0.617297588,0.616823939,0.616127075,0.614159292,0.6153085,0.613120596,0.612505849,0.6112933,0.609049491,0.604998178,0.600303918,0.595679725,0.590053151,0.584621716,0.579061379,0.574518935,0.573134267,0.572859058,0.571312496,0.571055052,0.571544494,0.570401852,0.571659821,0.571972986,0.571741207,0.571663943,0.572617871,0.573386843,0.573075673,0.574752967,0.575948933,0.57770586,0.578417561,0.578966992,0.581387567,0.58201449,0.582867034,0.582581784,0.582962321,0.583732081,0.584440312,0.584715934,0.584818548,0.585901269,0.585906482,0.586256612,0.586298652,0.585603775,0.585700221,0.584672701,0.582907749,0.581504366,0.580607972,0.579427771,0.576806546,0.575212279,0.572641538,0.569318669,0.566020924,0.562451933,0.558468699,0.554950379,0.547669936,0.542662425,0.537960786,0.53233137,0.526895418,0.521684577,0.516017615,0.512913736,0.507830531,0.503465936,0.500057075,0.49235765,0.485331526,0.476120943,0.46409692,0.448638126,0.430766713,0.40744145,0.381347783,0.354022741,0.325478014,0.291728786,0.269222629,0.250735248,0.236174025,0.224067651,0.216513681,0.209625855,0.205888451,0.203156363,0.201088373,0.200396113,0.199614123,0.199642289,0.201008187,0.200894009,0.201852604,0.203133035,0.204591489,0.207072438,0.209102603,0.213115692,0.216749808,0.223400221,0.228629272,0.233957669,0.240411424,0.246985158,0.253691711,0.258968305,0.266125208,0.272469052,0.277411932,0.284556759,0.293862434,0.299336457,0.305375122,0.311716116,0.318420322,0.324860586,0.330150625,0.337240511,0.341520564,0.347840551,0.354644139,0.360810444,0.365025822,0.370044868,0.374614782,0.379409101,0.383494559,0.387616881,0.391403728,0.396294452,0.399878536,0.404184269,0.407223127,0.410996895,0.412448275,0.416327709,0.416617221,0.420256517,0.42062758,0.42303727,0.422140606,0.425772631,0.425945812,0.427762214,0.427116276,0.42915649,0.42985614,0.429565217,0.430680117,0.432678694,0.432694738,0.432896176,0.434469209,0.433449274,0.433801548,0.435461081,0.433126657,0.433958339,0.431670632,0.432425424,0.431673788,0.433147563,0.430933405,0.433710927,0.434538253,0.436683041,0.440834441,0.442329977,0.444130867,0.438515868,0.433805608,0.435680956
29,0.542751337,0.544692694,0.541815325,0.545448456,0.542571219,0.541624837,0.539700856,0.54010254,0.540278,0.542551587,0.54378753,0.544786075,0.544985903,0.545233649,0.545446963,0.544581088,0.544546765,0.54377614,0.544595061,0.544686885,0.546012889,0.546326521,0.546480719,0.547259535,0.54938696,0.54946396,0.550882429,0.551712601,0.552717762,0.553987013,0.555038973,0.555130418,0.555882682,0.555311655,0.557871105,0.557187956,0.557404103,0.557693399,0.558336264,0.556320654,0.55755487,0.558004228,0.557864489,0.557154078,0.556628949,0.557318,0.555535973,0.555699707,0.553878195,0.554411381,0.551854665,0.552834844,0.551915068,0.551649511,0.551116894,0.550720653,0.548768161,0.547809204,0.545693172,0.544494207,0.540876125,0.53803497,0.53311802,0.529834376,0.527922547,0.52478385,0.524200646,0.523235721,0.523634493,0.522353936,0.523699487,0.523662267,0.523634482,0.523873464,0.524571835,0.523760259,0.524775124,0.526052116,0.526218246,0.527040741,0.527466717,0.528128375,0.52830827,0.530233703,0.530445168,0.531177611,0.531771179,0.532259863,0.531605439,0.532558481,0.533516268,0.53247714,0.533205282,0.532346552,0.533473048,0.53314649,0.533153126,0.532892858,0.53250253,0.531049263,0.530912664,0.530603105,0.529820652,0.528631649,0.527262279,0.525496193,0.523898133,0.521766633,0.519924768,0.51758753,0.515062384,0.512080228,0.507657401,0.504604232,0.501645756,0.497481372,0.495185079,0.491794661,0.487993297,0.485489185,0.482346254,0.480557428,0.476906726,0.472579459,0.46854495,0.461996746,0.454385935,0.443948558,0.429617409,0.413001036,0.393279882,0.372520833,0.350455821,0.322025494,0.303255948,0.28738144,0.275223736,0.265033906,0.257310304,0.252224572,0.248585091,0.24495771,0.244315399,0.24315415,0.242933753,0.242843019,0.243167141,0.245111391,0.245152664,0.247509592,0.248515279,0.250674736,0.252653761,0.255630054,0.260721204,0.267134619,0.272594003,0.277878672,0.283417325,0.289919804,0.296062953,0.302328835,0.307842369,0.313943796,0.319965929,0.325107076,0.333501668,0.338360995,0.343421464,0.349770906,0.355474596,0.360226455,0.365561441,0.371787294,0.375267143,0.380281873,0.387322676,0.391485086,0.395658628,0.400968514,0.404047605,0.409310708,0.413450273,0.415567994,0.419239722,0.422862198,0.426452195,0.430750498,0.434494054,0.436252338,0.437889378,0.439725367,0.442163922,0.44328702,0.445585914,0.446001591,0.447659849,0.446987333,0.449866334,0.449988426,0.45150246,0.452155964,0.45208094,0.452745186,0.454549851,0.453756276,0.454514468,0.456066558,0.453167562,0.455577717,0.455115788,0.459029101,0.459644816,0.459690339,0.460571557,0.463201282,0.469837956,0.472308213,0.485659491,0.497682534,0.509582025,0.520357567,0.524856115,0.526076535,0.536853042,0.536013528,0.526488832,0.512592888
33,0.615035514,0.612299961,0.618483361,0.615212003,0.612887522,0.60977795,0.605308897,0.603553056,0.603290277,0.60721363,0.6082889,0.608969981,0.608150758,0.608809663,0.606603774,0.606424083,0.604900185,0.605142868,0.606256012,0.606807208,0.6062633,0.607399623,0.609060653,0.610025728,0.610979814,0.612535269,0.614769816,0.615747976,0.616429416,0.617528136,0.619017908,0.621034783,0.62129365,0.621173995,0.623863488,0.624088795,0.623987042,0.624791891,0.625885143,0.626475122,0.626040639,0.625706255,0.627413732,0.627536039,0.627874512,0.627878116,0.626364951,0.626625318,0.627678862,0.625739861,0.625110404,0.625558666,0.624570224,0.624706324,0.62287236,0.623485981,0.621587489,0.620195379,0.616785412,0.61462344,0.611347555,0.606555364,0.600126143,0.596609936,0.591484713,0.587419109,0.5857887,0.585021167,0.584632931,0.58525388,0.585398081,0.58528363,0.585368135,0.585386869,0.586039539,0.586021921,0.586369805,0.58719755,0.588113117,0.589814589,0.589641617,0.591219496,0.591886936,0.59312979,0.594669225,0.595235179,0.595906014,0.59700609,0.596815402,0.597425997,0.598515392,0.598733915,0.59886988,0.600002276,0.599592729,0.599915272,0.600599824,0.59922047,0.599243446,0.598795843,0.597497227,0.596511117,0.595659507,0.59385535,0.591388951,0.589542373,0.587288912,0.584870047,0.581784568,0.578511385,0.574660079,0.570683678,0.56466697,0.560414887,0.554079448,0.549392202,0.54456165,0.538940192,0.534694133,0.530622473,0.526275956,0.522405481,0.517505871,0.510831179,0.505081594,0.496174838,0.485278381,0.470505552,0.451665407,0.428703636,0.403329967,0.376287787,0.347965694,0.312904615,0.289216623,0.269270756,0.254406533,0.2408498,0.232836712,0.22488346,0.22035331,0.217322788,0.215149811,0.21340948,0.212346885,0.212010467,0.212610096,0.213577024,0.214983572,0.216267876,0.217471271,0.219651912,0.222705571,0.226681914,0.230479842,0.237434246,0.24362591,0.249284542,0.256734479,0.26346891,0.270964708,0.276761481,0.283381155,0.290267925,0.29668449,0.303754763,0.313164309,0.318777118,0.325683677,0.331886708,0.33822438,0.344517615,0.350124588,0.357085261,0.362068892,0.368985816,0.376807267,0.38164394,0.38628393,0.390967851,0.39610566,0.399545221,0.404091599,0.408589053,0.411338154,0.416753649,0.420339584,0.425403889,0.428927734,0.431565991,0.434886642,0.437774978,0.440593946,0.44225968,0.44417756,0.445485354,0.448099721,0.447412606,0.449577939,0.451096194,0.452243371,0.452003831,0.453275603,0.457388261,0.456380283,0.457580945,0.458369573,0.457962358,0.457332667,0.459575251,0.460464912,0.463538864,0.466147524,0.466818162,0.470143632,0.474902047,0.476935908,0.489727435,0.503395827,0.518960743,0.547382355,0.560693584,0.57544748,0.588519712,0.580719527,0.593847966,0.585384565,0.573088624
63,0.586978894,0.593134905,0.594971926,0.586630049,0.588836648,0.582488638,0.582052297,0.580937202,0.580776418,0.581969155,0.584084907,0.584938117,0.587065194,0.585123669,0.58421537,0.583630745,0.582859672,0.583850469,0.584587115,0.584438763,0.583471162,0.584303438,0.586000641,0.586200833,0.587448913,0.587439662,0.589570653,0.589481072,0.589574626,0.591337016,0.592970954,0.593604481,0.594733608,0.594471977,0.595677053,0.595559757,0.596558524,0.597626615,0.597936013,0.59698462,0.598684652,0.598611511,0.599897786,0.60051476,0.598955801,0.599594076,0.598572218,0.598855043,0.5997496,0.599074919,0.597813588,0.59843194,0.598078565,0.59819222,0.596963574,0.597057784,0.595726784,0.594882952,0.592132947,0.591461676,0.587926318,0.585818785,0.581889755,0.577325875,0.575768394,0.573732616,0.571980815,0.571347578,0.570345623,0.571599611,0.57077876,0.571871202,0.572189108,0.572996644,0.57333044,0.574254918,0.574277516,0.575280032,0.576243151,0.577928692,0.57774938,0.578561637,0.578668073,0.579855848,0.580420964,0.58114052,0.581457876,0.582443208,0.582587218,0.582484574,0.583592584,0.58363027,0.583426442,0.583631438,0.584747735,0.58531874,0.584602441,0.584805762,0.584336938,0.583823543,0.582752842,0.581872119,0.581682272,0.579514608,0.579032098,0.57777995,0.576080447,0.573808913,0.57168706,0.569697217,0.567028996,0.564268041,0.5599141,0.555941827,0.552455714,0.548882883,0.546427063,0.542233582,0.539481634,0.535579101,0.532687962,0.529490963,0.526701646,0.522503233,0.517420615,0.510860408,0.501663066,0.490056509,0.475379049,0.456730297,0.435512611,0.412689131,0.387420799,0.356423086,0.335338285,0.317497331,0.302807078,0.290803389,0.283161279,0.276841195,0.272932047,0.27065549,0.268501858,0.267761936,0.267440627,0.267687465,0.269048847,0.270061697,0.272270034,0.273803627,0.275877319,0.27792929,0.280701442,0.284993536,0.290250386,0.299147854,0.304521758,0.310209185,0.317827262,0.325398191,0.331659736,0.338516829,0.345660098,0.352002005,0.358231728,0.365418228,0.373876167,0.379615164,0.38500802,0.392051151,0.39806914,0.402931766,0.408269996,0.413343494,0.419895489,0.425269666,0.432172321,0.436916189,0.439910262,0.444588233,0.449300435,0.452837888,0.456894399,0.459965679,0.464214633,0.467525115,0.470637638,0.473681165,0.477456406,0.479619428,0.481932287,0.482879135,0.484656791,0.487055807,0.488299025,0.488099215,0.491064708,0.489369745,0.490844283,0.490674912,0.49224919,0.493058941,0.491822921,0.494024628,0.493930183,0.495059643,0.494620876,0.49574552,0.49461452,0.492458612,0.496160958,0.498887379,0.498485703,0.499455308,0.499843711,0.505024951,0.508641233,0.516185789,0.535535496,0.553218282,0.570967547,0.585635469,0.60375567,0.612626388,0.620933177,0.622423195,0.604388138,0.60877263
244,0.595377938,0.597010129,0.600321027,0.599267893,0.598571736,0.594803558,0.59450727,0.593403256,0.59433192,0.592983729,0.593317852,0.592241751,0.591991484,0.588754763,0.589034248,0.587126894,0.585924215,0.587732478,0.587016625,0.587056169,0.587799996,0.588420187,0.587759105,0.588124526,0.589822263,0.589974534,0.592784201,0.593510743,0.593077211,0.594509307,0.595000621,0.595846792,0.596221085,0.597162258,0.597773849,0.597380502,0.599171569,0.599602231,0.598859347,0.599268596,0.599876614,0.598794929,0.599517743,0.59947954,0.600403652,0.600021936,0.60141709,0.601502632,0.600600658,0.600760501,0.600712215,0.600281709,0.600033475,0.598788522,0.599008208,0.59901096,0.598252328,0.596063384,0.59445675,0.593097755,0.589381583,0.585445791,0.580938559,0.576206215,0.573246264,0.570594087,0.568946002,0.567865679,0.567152355,0.568291811,0.567035734,0.566179394,0.567562125,0.566968024,0.566435994,0.56647818,0.5677026,0.568258963,0.569676762,0.569841548,0.570933182,0.572296552,0.572801977,0.574077996,0.574507815,0.575169786,0.575533758,0.576193331,0.576897587,0.57782162,0.577801716,0.577752668,0.578348024,0.579380821,0.578494806,0.578240204,0.579891668,0.579508916,0.57896485,0.578092055,0.577307594,0.576342355,0.575670435,0.574568325,0.572511462,0.571020412,0.569340528,0.567686851,0.565024063,0.562234649,0.558852054,0.556046864,0.551341274,0.547218299,0.543058533,0.538613389,0.534956218,0.530771613,0.526347318,0.523628278,0.519688466,0.517465393,0.513924895,0.508683352,0.502074607,0.495296433,0.484989455,0.472530794,0.455918654,0.437681787,0.414448469,0.389681214,0.363630082,0.332325627,0.310284379,0.290490181,0.2759434,0.263435582,0.254256359,0.247256512,0.242906619,0.238856103,0.237644383,0.235482062,0.234813644,0.235381379,0.235972475,0.237007924,0.237925731,0.238852825,0.241111602,0.242898649,0.246412043,0.249827975,0.255078144,0.261614784,0.267901332,0.273812299,0.280976041,0.287900266,0.293816584,0.300098957,0.306897092,0.312231126,0.319609613,0.32541707,0.334311669,0.340158032,0.345200072,0.351041631,0.357879846,0.36329016,0.368875177,0.374691072,0.379271507,0.385250534,0.39196439,0.396363214,0.399811561,0.404233673,0.409503029,0.413233647,0.417220597,0.419512136,0.423081159,0.428354418,0.43001164,0.434284916,0.437773808,0.439201199,0.44339314,0.445050018,0.446880951,0.447583814,0.449708749,0.449902266,0.449930094,0.452475483,0.453303511,0.453821511,0.454141155,0.454003462,0.454204339,0.455280262,0.45481271,0.456371251,0.457547856,0.456222612,0.45669586,0.456797117,0.456721923,0.456338202,0.456308199,0.454906911,0.455225561,0.453225815,0.45267205,0.453126643,0.453789683,0.456404771,0.45800065,0.460519923,0.46331084,0.464367058,0.473258771,0.469966245,0.47063356,0.463896
190,0.540451376,0.540433638,0.541762211,0.542232861,0.542573953,0.539432434,0.544166245,0.543144237,0.543648183,0.542433202,0.543641176,0.543629775,0.543954418,0.543521753,0.542734725,0.542321141,0.543027458,0.542975671,0.54518838,0.544399612,0.546383559,0.546559482,0.546651007,0.548119561,0.549632305,0.549844113,0.551815824,0.552370094,0.553176754,0.555424422,0.554329774,0.55719058,0.556299571,0.558344789,0.558135086,0.559273882,0.5591841,0.560009711,0.560942364,0.561317565,0.559650831,0.560175309,0.560647099,0.560833498,0.560448788,0.559944016,0.560108332,0.559845881,0.557975793,0.559065278,0.557922801,0.556792258,0.55622764,0.553624626,0.553994146,0.553325323,0.55226404,0.550472197,0.54764049,0.546978127,0.543256106,0.538650373,0.533895022,0.530793904,0.526613878,0.524565754,0.523506223,0.521445292,0.521376584,0.521794661,0.521353463,0.520919374,0.520911737,0.521328273,0.521418406,0.521467199,0.52246027,0.52287974,0.523609603,0.524829343,0.52605845,0.527299403,0.527689939,0.52910554,0.529727012,0.530719578,0.531282465,0.531421961,0.532327719,0.532870008,0.533580978,0.533851419,0.534369112,0.535218083,0.535273152,0.535612633,0.535255225,0.536169867,0.535251966,0.534795535,0.533823353,0.532062774,0.531480771,0.529834954,0.52874292,0.52746768,0.526335822,0.523622036,0.521305215,0.518806483,0.515500106,0.513725412,0.508427128,0.504865064,0.501002836,0.497864807,0.493172523,0.48919515,0.486514405,0.483153729,0.47988074,0.478118671,0.474265004,0.469448026,0.464771291,0.457403105,0.44980065,0.437154455,0.423066854,0.40621227,0.38609415,0.364364622,0.342341332,0.313374816,0.294405983,0.278242977,0.265880261,0.254647333,0.247536828,0.242345815,0.238877594,0.236443234,0.235376531,0.233379056,0.233703243,0.234349714,0.234457819,0.235142701,0.237514538,0.23850825,0.240584727,0.242214922,0.244817395,0.248657314,0.253277109,0.259603779,0.265204444,0.271158778,0.277179747,0.283168893,0.288318914,0.293861457,0.300371679,0.30508103,0.312894629,0.316273777,0.324207224,0.329557954,0.334059055,0.339053786,0.345146195,0.350493234,0.35644818,0.360721088,0.364330706,0.369698404,0.375560193,0.380867763,0.384434193,0.38856042,0.391791028,0.396164207,0.399606901,0.402074684,0.40572269,0.40977936,0.411124045,0.415607915,0.418189903,0.420002142,0.423044002,0.425506632,0.425554218,0.428815731,0.428849925,0.429932301,0.430617264,0.433487339,0.434133106,0.432706899,0.432643113,0.435772187,0.43442186,0.436450899,0.437101182,0.438009706,0.441270194,0.438655013,0.440038075,0.437385708,0.43996483,0.439302683,0.439687385,0.438676614,0.440042889,0.439797843,0.438322885,0.441747976,0.439782499,0.442587251,0.442785347,0.446291826,0.453566435,0.451979941,0.450123689,0.449631949,0.448618559,0.448390435
104,0.564319812,0.566698289,0.56991659,0.568109989,0.570215779,0.56907128,0.568364506,0.567342861,0.567767252,0.565179851,0.564920073,0.563309548,0.562834946,0.55929176,0.558327859,0.555877584,0.555213608,0.555730134,0.55466044,0.554868102,0.556222837,0.555334305,0.556654398,0.557897651,0.559428046,0.558151075,0.560518927,0.56272825,0.562410833,0.56373192,0.564177175,0.566213891,0.56695681,0.568022676,0.567057668,0.568180452,0.570529198,0.569571114,0.572372357,0.571110467,0.571055779,0.570426942,0.572230294,0.573380295,0.572491549,0.571791668,0.572181256,0.571840284,0.571300808,0.570791838,0.571825592,0.569878636,0.569087642,0.568289278,0.568563393,0.566554245,0.566669002,0.564664982,0.561932305,0.559177158,0.554709645,0.550628826,0.544852653,0.540011286,0.535381768,0.532740783,0.531342666,0.530435834,0.530007658,0.529987991,0.52976239,0.528998146,0.530027937,0.530446531,0.529794351,0.530166449,0.531468466,0.531862384,0.533141695,0.533153906,0.535191447,0.536513275,0.536071778,0.537462168,0.537962602,0.539256134,0.538969397,0.539416788,0.541096794,0.540726899,0.541830517,0.542095808,0.54156396,0.542474736,0.542562034,0.542391931,0.541656095,0.542535944,0.541059398,0.540666475,0.539268395,0.538492443,0.536493338,0.535728723,0.533551578,0.531542111,0.529704082,0.527134521,0.524011184,0.520321752,0.516919089,0.512964322,0.506498095,0.502536794,0.497353148,0.492335706,0.487878366,0.482777522,0.479171111,0.475018259,0.470789656,0.468418823,0.464300841,0.457757587,0.451537677,0.444350057,0.433284586,0.419456986,0.403208664,0.383012069,0.361007314,0.335854779,0.311050065,0.280446864,0.26126426,0.244731687,0.230670117,0.220575724,0.213292397,0.207433609,0.203781529,0.200393004,0.199064675,0.197172938,0.196113767,0.197132242,0.197453072,0.197484683,0.198709302,0.199316737,0.200837068,0.202398843,0.205569573,0.208154234,0.212176007,0.2194402,0.223606592,0.229472219,0.234425319,0.239388677,0.246522643,0.251213217,0.25681985,0.262724691,0.268692331,0.274084453,0.281381282,0.286991461,0.292726838,0.29896108,0.30442202,0.308790408,0.314112664,0.320290652,0.325914511,0.331237112,0.337369613,0.340494575,0.34556634,0.35027735,0.354663596,0.358067062,0.361447837,0.365476491,0.368891314,0.372970415,0.376172883,0.380482729,0.381866404,0.384663776,0.389329582,0.391114825,0.391747334,0.395583642,0.396598659,0.397808131,0.397769077,0.397961931,0.401406169,0.4013041,0.402280276,0.403388131,0.402776816,0.404112282,0.403516868,0.405485675,0.407041142,0.406906671,0.406311653,0.406414929,0.408316356,0.407205433,0.406938494,0.406754981,0.407386191,0.407969331,0.407723305,0.407982777,0.41019043,0.412933708,0.412437697,0.416779129,0.414623555,0.422081036,0.424781947,0.421082598,0.414841256,0.41205948
132,0.589487891,0.589313584,0.591607429,0.589493126,0.590500816,0.591739156,0.589960275,0.588971096,0.587125927,0.586609588,0.588122353,0.585798892,0.584253213,0.581853916,0.580913479,0.5795076,0.578885245,0.579361538,0.577974289,0.579153983,0.578283112,0.57986935,0.581266951,0.582210416,0.583439903,0.582882368,0.585638716,0.586088556,0.587640647,0.588878004,0.589689327,0.591885002,0.592025358,0.593362945,0.593583393,0.594398546,0.595760381,0.595963015,0.595680439,0.597534338,0.596765959,0.5956827,0.597346637,0.596708044,0.596088011,0.597172681,0.596665642,0.596952375,0.594994995,0.595478586,0.596084232,0.59458669,0.593717382,0.59257191,0.593280147,0.591441823,0.590162675,0.589641238,0.5855086,0.582956047,0.579234283,0.574868567,0.569227443,0.564279835,0.559708508,0.55549948,0.55474232,0.55278305,0.552177472,0.552772679,0.553686463,0.552769893,0.553183045,0.553891542,0.554306506,0.553792801,0.555662818,0.556059044,0.556666371,0.55692532,0.559175035,0.560806017,0.560390068,0.56188439,0.563288341,0.564261201,0.564070521,0.564462084,0.565193803,0.565969251,0.565942288,0.567168765,0.566524921,0.566959552,0.567163192,0.567541842,0.567502591,0.566844565,0.56660674,0.56640772,0.564472748,0.563668668,0.562010683,0.560558218,0.559422502,0.557554024,0.554648386,0.551663282,0.548912678,0.544977743,0.541405137,0.538245108,0.53200786,0.526942646,0.522014835,0.516864049,0.511634681,0.506515769,0.501719669,0.497235028,0.493553635,0.490343402,0.485731151,0.479436798,0.472090296,0.463672486,0.452011207,0.437810089,0.419878448,0.398603501,0.373123327,0.345831762,0.31942798,0.285553838,0.264113874,0.245137977,0.230451757,0.218283611,0.21037483,0.203456087,0.199856967,0.196978966,0.194832115,0.192672406,0.193032113,0.193479272,0.193358583,0.194416973,0.195173733,0.195609526,0.198691187,0.200096319,0.201861131,0.207040766,0.210701286,0.217084608,0.223321839,0.229079928,0.235161468,0.241292491,0.246858811,0.254590279,0.260867404,0.26656705,0.273125731,0.279727884,0.288576276,0.294347021,0.300173455,0.306713314,0.312846943,0.3179159,0.324910499,0.330001292,0.335232249,0.342398478,0.347657688,0.353413294,0.359223754,0.364371547,0.366637971,0.371874425,0.376006725,0.379462556,0.383078124,0.387879769,0.391750595,0.396785951,0.399029619,0.401903309,0.404769304,0.406901683,0.409739999,0.411415164,0.412864795,0.41462855,0.414076408,0.417395691,0.416862586,0.419004449,0.419847606,0.419390462,0.419350484,0.41947401,0.42087591,0.422719003,0.424578887,0.425819572,0.422782318,0.423281195,0.424340031,0.425071092,0.424503725,0.422375401,0.422279996,0.422190473,0.422447438,0.423396001,0.423819199,0.426369176,0.425910948,0.430629352,0.430204181,0.430682091,0.432365887,0.435641954,0.430927932,0.429380685
66,0.910119279,0.913142636,0.912628567,0.911541295,0.9104393,0.909971178,0.907466059,0.907683603,0.908922448,0.906553799,0.906702774,0.906020413,0.904508845,0.901728133,0.897235964,0.895112812,0.894006751,0.892680771,0.895001255,0.893937723,0.894989764,0.896480794,0.898692451,0.900691861,0.90275868,0.904593648,0.90887129,0.909281269,0.9113426,0.914047943,0.918259874,0.919451254,0.921427707,0.922459165,0.925505946,0.926329042,0.927165595,0.929614337,0.929435695,0.929995848,0.929404213,0.92998943,0.931998438,0.932443177,0.9326472,0.933179802,0.929069624,0.931640173,0.931005092,0.928748171,0.926658557,0.928552451,0.925198911,0.925684072,0.922639111,0.922385653,0.918881318,0.917367453,0.911676408,0.906263369,0.899312323,0.89016213,0.881651606,0.870114338,0.862537784,0.855881673,0.853219103,0.850495147,0.848769411,0.847003947,0.847388453,0.849112189,0.846880877,0.846299298,0.84753187,0.846234172,0.846645955,0.848680011,0.849282445,0.851617156,0.853037138,0.85480915,0.855938502,0.859102565,0.861262751,0.862008454,0.86402812,0.8652483,0.866946924,0.868277835,0.869147685,0.870849435,0.872106512,0.871867459,0.873503826,0.873234316,0.8735353,0.873497509,0.872680152,0.871824661,0.870027553,0.868147023,0.866710721,0.863996001,0.861118097,0.857698178,0.852738074,0.848636342,0.843693319,0.837796283,0.831248505,0.824480144,0.812850449,0.805682779,0.796877615,0.786873397,0.777289229,0.769350148,0.761630935,0.753751507,0.746082767,0.738876948,0.731600053,0.719841413,0.708862957,0.69506614,0.676633572,0.653355041,0.625147586,0.590757826,0.551996862,0.51095442,0.468967798,0.417915969,0.38455752,0.356109765,0.334794602,0.317163844,0.303698126,0.294700314,0.288003355,0.283219938,0.279472763,0.277989111,0.276191037,0.276353344,0.27673464,0.278203647,0.279558141,0.281091734,0.283300925,0.284907304,0.288617263,0.294077139,0.298749427,0.308346111,0.315722631,0.323552616,0.332381201,0.341849634,0.35082328,0.359152419,0.369499989,0.376402628,0.386623869,0.395460665,0.408057403,0.416928552,0.425180313,0.434597809,0.444780446,0.451432812,0.461041617,0.469310429,0.478278767,0.48628521,0.497833255,0.505561903,0.511837752,0.518182504,0.525675472,0.533457407,0.539389021,0.544774826,0.551586021,0.557273014,0.561664171,0.569404667,0.57503024,0.580630492,0.585239734,0.587258773,0.593272681,0.595977276,0.600627195,0.602649208,0.605793923,0.606033209,0.60960127,0.610588274,0.613944692,0.616860463,0.617873995,0.620346034,0.623470455,0.625373488,0.625451525,0.625384392,0.626806614,0.630801561,0.629889055,0.631020237,0.63441696,0.636111344,0.632571701,0.634751754,0.637783124,0.639178437,0.647607711,0.651651811,0.656050735,0.660191753,0.661298074,0.663126429,0.667413468,0.662037125,0.651557329,0.64991771
12,0.571415316,0.572895245,0.571813667,0.572489785,0.573006082,0.565006423,0.561248334,0.560826541,0.561461548,0.562163443,0.567069786,0.565789222,0.568817366,0.567812738,0.567694432,0.566678999,0.565017611,0.565260218,0.566117582,0.565550082,0.56726454,0.569532015,0.568207995,0.568959702,0.570210744,0.570775478,0.571398021,0.573866455,0.574588997,0.575331203,0.577037334,0.577938994,0.578213877,0.578647697,0.579016765,0.580730087,0.580590638,0.581517112,0.581426019,0.582062808,0.581763793,0.581404343,0.583406057,0.582326571,0.581579896,0.581511353,0.581766693,0.581075411,0.58018467,0.579902605,0.578813424,0.578813398,0.578317117,0.577521161,0.577079221,0.57537927,0.575997195,0.573196654,0.571353831,0.569144385,0.565112764,0.560694567,0.556445807,0.552680461,0.548927519,0.545867875,0.544659814,0.54512597,0.544512765,0.543104012,0.543482616,0.543261498,0.544222981,0.54405983,0.544018593,0.545194189,0.544017121,0.546359201,0.545995884,0.547106921,0.548131705,0.549582374,0.549977417,0.550957742,0.55205341,0.552622279,0.552734839,0.552910775,0.553734771,0.553523664,0.553913776,0.554061815,0.55482018,0.554421492,0.555527919,0.554819986,0.554558273,0.555139711,0.554668071,0.554159991,0.552490249,0.5508618,0.550819619,0.5491402,0.547877505,0.546747641,0.543655749,0.541873149,0.539302484,0.536128179,0.533125871,0.529403178,0.52431512,0.520111914,0.516966994,0.511824747,0.50880717,0.503749489,0.500900354,0.496421294,0.493917414,0.49034626,0.486771339,0.481703454,0.47679266,0.469011749,0.460080936,0.447793122,0.43205803,0.412476507,0.39153896,0.368156623,0.3447563,0.314749619,0.294454366,0.278700969,0.264716393,0.254930667,0.246662981,0.241304163,0.23761884,0.234971213,0.233611674,0.232018411,0.232349747,0.232082745,0.233143679,0.233652477,0.235051846,0.236224276,0.238857572,0.239551979,0.243128033,0.246929429,0.250390068,0.257653903,0.262788849,0.269334112,0.274804994,0.280642703,0.286444053,0.293195584,0.299608875,0.305534344,0.310272004,0.317353872,0.325117404,0.331107559,0.336309806,0.342083588,0.348257962,0.353242222,0.358288569,0.363816745,0.368840781,0.37327931,0.380835613,0.385345207,0.389482409,0.393734381,0.397684761,0.401727123,0.40689584,0.408757485,0.413809876,0.416713212,0.420105866,0.4227056,0.426955437,0.428829339,0.43168705,0.434367434,0.435774752,0.436956146,0.438027946,0.440711678,0.441569786,0.440853949,0.444211857,0.442577957,0.444993268,0.44571798,0.445280551,0.447800802,0.447443906,0.448491147,0.448994304,0.448394809,0.450597693,0.448635531,0.452302545,0.454751895,0.455696742,0.459379791,0.459290498,0.459004443,0.466410966,0.475282964,0.49354892,0.514462355,0.532172243,0.551894087,0.56970379,0.579538254,0.58864212,0.582011286,0.572518247,0.568275896
256,0.593203536,0.595380543,0.59602872,0.594080465,0.594317727,0.594086357,0.596176793,0.595383864,0.594399302,0.594619892,0.594791656,0.594227607,0.593723978,0.591986322,0.593247451,0.589661144,0.591408252,0.591656522,0.590622686,0.591952475,0.592780864,0.594512105,0.594091437,0.594644843,0.596157346,0.596727305,0.599345288,0.600443987,0.600836146,0.602736126,0.60376,0.605081767,0.604927679,0.606639818,0.6056177,0.606772507,0.608258786,0.607123432,0.60788463,0.60879052,0.606811768,0.608280949,0.607265239,0.607565254,0.606463203,0.606333213,0.607396335,0.605657836,0.604707049,0.603735862,0.604042479,0.60353634,0.601007506,0.600230758,0.601896344,0.598913103,0.599036655,0.598081644,0.593901362,0.592873798,0.589364166,0.585689765,0.582580384,0.577453584,0.57331777,0.570819317,0.569703366,0.569876559,0.568021759,0.568607094,0.568648705,0.568754208,0.568631514,0.569811665,0.569171075,0.569439304,0.571313781,0.571168676,0.572270717,0.571948269,0.573367084,0.574882369,0.576354802,0.576327319,0.577535045,0.578366272,0.57878808,0.579545837,0.579142858,0.580365551,0.580241052,0.580732744,0.580220943,0.581393009,0.58052247,0.581743797,0.581488829,0.58112718,0.580461765,0.579468679,0.579029931,0.577581005,0.576394761,0.575415635,0.574128216,0.571905473,0.570518131,0.568160236,0.565876472,0.562636338,0.559628776,0.556400892,0.551233546,0.546894729,0.542987931,0.539490589,0.535204042,0.530777429,0.527836139,0.523634157,0.52026878,0.516654089,0.513529873,0.508448483,0.503259661,0.496517861,0.485891535,0.473015932,0.457223001,0.438060356,0.415823599,0.392064604,0.366123802,0.335474391,0.314860939,0.296367545,0.281806595,0.27069368,0.262856414,0.256308473,0.252370889,0.249348104,0.24740893,0.24674001,0.245644652,0.245428309,0.246653086,0.247071926,0.248621902,0.249037701,0.250366806,0.25297878,0.255728329,0.25952212,0.26403284,0.271498427,0.276364932,0.282668473,0.288406489,0.296266534,0.301438913,0.306642254,0.3135659,0.320296619,0.326462112,0.332598024,0.340486389,0.346336464,0.350686843,0.358022658,0.36362144,0.369828496,0.375235094,0.380823779,0.386374545,0.392530798,0.398699702,0.403232309,0.408962428,0.413229777,0.416772368,0.422319032,0.427900588,0.428484783,0.432880018,0.437538599,0.442003644,0.445395336,0.447809144,0.450985116,0.454681256,0.457927163,0.459541933,0.46230117,0.463905395,0.464163121,0.465788572,0.467870858,0.470256326,0.470947953,0.471725042,0.474138486,0.472325298,0.473815638,0.474991642,0.478375218,0.47696998,0.47859711,0.480191676,0.478016371,0.479372092,0.480531466,0.478568137,0.479335092,0.477282297,0.48001566,0.479659254,0.480173115,0.479946905,0.485300579,0.483460876,0.489207468,0.486490712,0.487822664,0.490575241,0.496129706,0.492365512,0.495960201
248,0.619621271,0.622632127,0.619002236,0.618337356,0.62022963,0.619633902,0.61883811,0.618891476,0.616901185,0.616535762,0.617818161,0.614884345,0.614071636,0.613963859,0.613313719,0.611738622,0.610520189,0.611604184,0.61101648,0.611631712,0.611922096,0.612864161,0.612546009,0.613212951,0.61572519,0.615452494,0.617508184,0.61894268,0.620317745,0.620310033,0.620650789,0.622679753,0.623790048,0.624752181,0.624679896,0.625722951,0.625871651,0.626876507,0.627973921,0.628032301,0.627501406,0.627914308,0.627704073,0.627037216,0.627070446,0.626998054,0.628383291,0.628218736,0.627385906,0.62698574,0.626579461,0.625247139,0.625365262,0.623765735,0.624558342,0.622182624,0.622989171,0.620797717,0.61688908,0.614702951,0.610782132,0.606053998,0.600948705,0.596164127,0.591829395,0.588891971,0.587368987,0.585395801,0.585881115,0.58639144,0.585442692,0.584972775,0.584899131,0.58663896,0.585800213,0.585818494,0.586426548,0.586658564,0.587943372,0.589123619,0.590646166,0.591644612,0.592683655,0.593514948,0.595185214,0.596466518,0.596328091,0.59734561,0.597550736,0.598408098,0.599115618,0.599525269,0.599861588,0.599807724,0.600240234,0.60041361,0.601055196,0.60097126,0.600235932,0.599812614,0.598271225,0.597083225,0.59612904,0.594059335,0.592374433,0.591200661,0.589936427,0.58700552,0.583556805,0.58027778,0.577124327,0.5727894,0.567974329,0.562907879,0.558461281,0.553676072,0.548935806,0.543669389,0.539895739,0.535760944,0.531546402,0.528494048,0.524381708,0.517711432,0.511460602,0.503101017,0.492192238,0.477061334,0.459337697,0.437874966,0.412255694,0.384848228,0.357263726,0.322137727,0.298973341,0.279644988,0.263840687,0.251848805,0.242176939,0.23633979,0.23221291,0.229141347,0.226254324,0.224768479,0.224364493,0.224336498,0.224745706,0.225640658,0.227429134,0.229145852,0.230106544,0.2334003,0.235800549,0.240682522,0.244059198,0.253011038,0.258072754,0.264880258,0.272356572,0.278715395,0.285414271,0.292814909,0.299834427,0.306067582,0.31270482,0.319500821,0.328885936,0.33487382,0.341884483,0.347794128,0.354752674,0.360400795,0.366967615,0.372919818,0.379187298,0.385591729,0.392429865,0.397555172,0.402967032,0.40789257,0.413628808,0.417636636,0.422131972,0.426313826,0.429977559,0.433320052,0.437534794,0.442498654,0.446543545,0.448910483,0.452465067,0.453798591,0.45609202,0.459249449,0.459669818,0.459398577,0.463201599,0.463696313,0.464677401,0.465163483,0.465055749,0.467912346,0.467724963,0.467542726,0.470354812,0.47073547,0.471516006,0.470784917,0.472576689,0.472301252,0.473599108,0.472344879,0.472992887,0.474144044,0.474555193,0.474132978,0.471420499,0.473559542,0.473374125,0.475800238,0.476319846,0.483454536,0.474453506,0.480020778,0.481795059,0.483075088,0.485242086,0.474916934
240,0.554855748,0.556874866,0.555513357,0.559855445,0.556327146,0.555640074,0.55809694,0.558614983,0.556716477,0.556944621,0.556513303,0.558734416,0.556667511,0.555243498,0.556108429,0.554631141,0.554297356,0.555014511,0.553940781,0.554398036,0.555810472,0.555720742,0.556557536,0.555964468,0.558638524,0.558125328,0.56094733,0.561583523,0.561535904,0.563153345,0.56287983,0.564670127,0.565095876,0.565936508,0.566147201,0.566714902,0.567674939,0.566352077,0.567619244,0.56683373,0.567063456,0.567046866,0.566939264,0.567422652,0.566999783,0.567363999,0.566483332,0.566611772,0.565593138,0.565888047,0.56652873,0.564380158,0.564089629,0.564017953,0.564182977,0.562403281,0.561070212,0.559676451,0.557084284,0.555488466,0.551474526,0.548858398,0.543600414,0.540142811,0.535285025,0.533504064,0.53186206,0.531151224,0.529556705,0.528863416,0.529531682,0.529594605,0.529085623,0.529167184,0.529401159,0.529813392,0.531457175,0.530318987,0.530976065,0.532214743,0.533336701,0.534829903,0.535089006,0.535594443,0.537621041,0.537636422,0.538753462,0.539179368,0.539369021,0.539660997,0.539995285,0.539987156,0.541638167,0.541650697,0.541016099,0.541812133,0.541789065,0.541634899,0.541379634,0.541123874,0.539887382,0.538640385,0.538042992,0.536499789,0.535360563,0.534551032,0.532478533,0.529618718,0.527827001,0.52503052,0.522427663,0.5194515,0.514662369,0.51143139,0.506377228,0.503198815,0.498707258,0.494782587,0.491511234,0.488408866,0.484919992,0.482127464,0.479194516,0.473933276,0.46884739,0.462435753,0.452736257,0.440914664,0.426270843,0.408790589,0.387068201,0.364038214,0.339193472,0.308863886,0.289128521,0.270895886,0.257311572,0.245288781,0.236887866,0.230057151,0.224707707,0.221920591,0.220325791,0.218638159,0.217676969,0.217645849,0.217377661,0.21834716,0.219379047,0.219700341,0.22176203,0.22376837,0.226266327,0.230182319,0.23401739,0.24071346,0.246182929,0.251064924,0.257342855,0.263058682,0.270020416,0.274867852,0.280873828,0.286482703,0.293026643,0.297784525,0.307466084,0.311357,0.316948781,0.323133589,0.328829367,0.333400037,0.33927393,0.344279683,0.349149909,0.355246631,0.360496131,0.365083086,0.370445677,0.374181993,0.377341643,0.382633923,0.385973928,0.388589239,0.392869641,0.396508616,0.397806063,0.402504245,0.40420779,0.408659921,0.410908119,0.413309715,0.413757834,0.417242223,0.4178907,0.419226231,0.420375521,0.422167483,0.42102454,0.423303892,0.421682159,0.423181022,0.4228466,0.423235633,0.426054188,0.426581839,0.428236574,0.427577906,0.42629286,0.426730261,0.426561729,0.426537083,0.4244946,0.427618453,0.42762649,0.42572415,0.423540658,0.428249644,0.428511547,0.427865543,0.430024126,0.431978901,0.434824523,0.443638616,0.441273823,0.443558773,0.439969808,0.434972856
186,0.603808953,0.601585213,0.607959757,0.603961914,0.604894265,0.600236893,0.600173827,0.599899649,0.601248563,0.600185021,0.60241082,0.601494181,0.599723655,0.599718561,0.598848867,0.597713384,0.597433956,0.597275879,0.596952062,0.596803045,0.597951671,0.59862015,0.598488958,0.598955126,0.600232602,0.599887181,0.603121755,0.603345198,0.603454007,0.604852187,0.605043544,0.6071892,0.608667949,0.608290793,0.609121272,0.608210318,0.610430807,0.609644505,0.609076428,0.610788687,0.610674086,0.609214855,0.609531464,0.609340632,0.609655202,0.609342216,0.608917371,0.60905863,0.607342636,0.608325338,0.608715211,0.606103077,0.605663794,0.604511313,0.606673937,0.604709433,0.603469125,0.601802322,0.599306983,0.597818402,0.594068804,0.591257975,0.5864741,0.581743008,0.577883635,0.575736847,0.574913865,0.574746949,0.571860952,0.572529048,0.570645526,0.570864452,0.572050822,0.571401157,0.571639552,0.570287779,0.571693906,0.572054079,0.572686119,0.572388616,0.574938566,0.575420262,0.577330503,0.578203797,0.57869843,0.579925868,0.579859251,0.5805494,0.581720328,0.581651586,0.581968233,0.582563386,0.583026289,0.583898662,0.582905918,0.583264605,0.583102802,0.583150764,0.582761502,0.582598175,0.581238092,0.579959679,0.579773987,0.578333029,0.576756336,0.57508625,0.573754752,0.572319156,0.569427699,0.566465965,0.563036052,0.560955963,0.556053973,0.552649971,0.548559721,0.544401171,0.540721385,0.536303801,0.532564133,0.530104618,0.526316179,0.522825364,0.520770938,0.515396073,0.510385219,0.503134691,0.493576146,0.482337405,0.466799127,0.44860576,0.426096814,0.401873763,0.376791209,0.345236326,0.322984948,0.304202493,0.28870429,0.275912093,0.265659104,0.258125542,0.253049089,0.249341613,0.247328637,0.246625842,0.245013248,0.244249987,0.244977297,0.24538776,0.245559463,0.247818702,0.249245016,0.250811596,0.254718385,0.258170945,0.262143466,0.269235818,0.275859725,0.281782115,0.288110165,0.294914713,0.301471019,0.307776172,0.313397651,0.319767766,0.327521557,0.334283649,0.341744531,0.347567007,0.352722452,0.359687581,0.365398841,0.370661614,0.376134226,0.381561454,0.38688401,0.392202397,0.399598176,0.403569738,0.408971316,0.41293878,0.416330484,0.420186225,0.423990907,0.427565375,0.431671068,0.435817811,0.437785313,0.443650596,0.445254264,0.448217154,0.45118115,0.453945743,0.455817949,0.458650621,0.457679361,0.460653032,0.45897995,0.462102621,0.464143654,0.465944905,0.466307483,0.467759911,0.467268045,0.468924112,0.470111342,0.469498915,0.472534796,0.472020077,0.473032286,0.473567575,0.471639038,0.474031651,0.471975473,0.474044762,0.472503745,0.471951759,0.46965656,0.474135116,0.474817924,0.473208657,0.473796636,0.479891728,0.480489478,0.485505075,0.488844756,0.486138788,0.47167141,0.484031447
108,0.574750277,0.579069376,0.578135749,0.576491219,0.575811863,0.575319616,0.574418981,0.573676404,0.570418962,0.570755864,0.569933037,0.568855259,0.56840455,0.563575044,0.563509383,0.561547243,0.560320365,0.560620664,0.558610799,0.55914697,0.55996911,0.55999616,0.560959899,0.561623206,0.563886243,0.562532769,0.56527327,0.565590067,0.566933224,0.568130006,0.568809893,0.56970864,0.570278427,0.571340743,0.572100967,0.573335306,0.574675995,0.575269206,0.575471499,0.577043703,0.577253452,0.578474178,0.578210942,0.579640587,0.578169395,0.579621753,0.579817428,0.580057878,0.577938407,0.579377608,0.57933635,0.577974267,0.5776726,0.576056582,0.576800781,0.574699146,0.574986947,0.574097719,0.57132742,0.568688714,0.565142141,0.561124005,0.555262296,0.551428535,0.546700737,0.544267157,0.542216842,0.542396576,0.540978811,0.540643337,0.540207916,0.54056512,0.540921239,0.541284155,0.540995523,0.541506035,0.543171404,0.543087427,0.544217235,0.544359908,0.545719111,0.546427659,0.546843377,0.548134637,0.549034702,0.550312435,0.550442836,0.550652989,0.551531875,0.552261484,0.551926748,0.552774007,0.552924077,0.554151815,0.55350008,0.554158424,0.554031417,0.5538427,0.553155362,0.553092977,0.551809112,0.550110231,0.548995899,0.548152102,0.546035153,0.544846668,0.542517496,0.539920197,0.53727787,0.533658973,0.530077586,0.5267141,0.521499446,0.51667611,0.511969189,0.507665739,0.50292896,0.498495914,0.493986272,0.491040843,0.486486246,0.483174403,0.480169304,0.472996829,0.467231268,0.459826061,0.449027878,0.436097381,0.420001558,0.400072598,0.377513523,0.352637049,0.328688832,0.297192773,0.277118116,0.259618241,0.246244907,0.236151494,0.228177654,0.221800059,0.218859434,0.215564704,0.21429894,0.21260877,0.212794892,0.212303781,0.212820126,0.212908637,0.213579338,0.214807029,0.215907089,0.219727529,0.222130875,0.225211925,0.229813172,0.235404261,0.240645857,0.247156809,0.251213248,0.257615726,0.262949554,0.269323619,0.274801542,0.28061147,0.286247744,0.292803651,0.29881833,0.30522407,0.310544889,0.315841268,0.321845417,0.326330792,0.332408767,0.337940678,0.342623703,0.347356479,0.35365257,0.35783274,0.362685884,0.366331832,0.370514188,0.373311043,0.37733758,0.380114806,0.384079057,0.38736926,0.38982489,0.393969516,0.39576432,0.398773959,0.40194523,0.403622704,0.404871695,0.407335646,0.409041946,0.408648288,0.410079186,0.411899774,0.411267776,0.411475559,0.411717956,0.414651414,0.41329978,0.414384132,0.41541419,0.41667445,0.415758309,0.415143696,0.415688013,0.414633537,0.416632712,0.416743204,0.416702025,0.41639955,0.414456097,0.416714545,0.413147152,0.418713923,0.416443014,0.413678708,0.41491943,0.413879528,0.414415119,0.417665628,0.413957702,0.411498366,0.412451056,0.407375129
42,0.64444182,0.646548125,0.642420049,0.642112667,0.641104011,0.636236061,0.630115293,0.628859834,0.62911626,0.633269432,0.635564227,0.636557156,0.638468909,0.636337269,0.636444432,0.635070141,0.635332169,0.634153029,0.634964033,0.635512054,0.635124096,0.636368605,0.637422267,0.63581154,0.637325255,0.637718383,0.640612883,0.639981751,0.64070152,0.642508105,0.642424779,0.644771426,0.645274956,0.645119916,0.646943786,0.646781444,0.647495188,0.648267968,0.64831906,0.648309068,0.649351427,0.649836648,0.650440921,0.6501879,0.649411731,0.649301608,0.650328699,0.649350837,0.650787918,0.649841788,0.648445777,0.650016606,0.64863297,0.648988253,0.648487839,0.648114565,0.648041825,0.646358071,0.64442204,0.642593583,0.640478811,0.637518803,0.63473287,0.630506269,0.627346653,0.626009212,0.624755235,0.62298622,0.62355474,0.622765832,0.622576683,0.622967981,0.622447335,0.623066246,0.622923679,0.622129315,0.623368345,0.624008298,0.624884637,0.62538476,0.626623776,0.626713138,0.628423256,0.629274712,0.629789023,0.630475327,0.631111658,0.631531805,0.63228047,0.631564577,0.632698066,0.632368737,0.633006796,0.633244769,0.634154561,0.634114534,0.634121414,0.632782637,0.633245883,0.632415136,0.631763124,0.630669767,0.631103726,0.629032967,0.628301594,0.626833091,0.624772865,0.624265409,0.621762307,0.619451796,0.617667131,0.614581524,0.610574806,0.607853943,0.604237564,0.600399212,0.59659529,0.593996375,0.591266121,0.587829407,0.585283595,0.582282958,0.579353639,0.575280279,0.570866459,0.564630681,0.557483483,0.547075008,0.533888971,0.517095534,0.496183362,0.474295989,0.449957952,0.417793176,0.395286343,0.376351209,0.359611617,0.344785036,0.334807627,0.326903495,0.321530417,0.317370849,0.314854428,0.312571138,0.311931842,0.312512613,0.312866915,0.313429833,0.315626304,0.317506104,0.319265923,0.321073497,0.324072654,0.328413948,0.333069966,0.341498353,0.348306651,0.354495011,0.360958309,0.368122777,0.375161838,0.382191597,0.388409818,0.394202763,0.400059,0.407514644,0.415521129,0.420067173,0.426295986,0.432055707,0.437514608,0.442518044,0.448240529,0.453333446,0.458583769,0.462885772,0.470003644,0.474417912,0.476913513,0.481492829,0.484718723,0.488047893,0.491195932,0.494894559,0.498421672,0.500918683,0.504069509,0.507862119,0.509952472,0.514580503,0.515125974,0.516055479,0.519058244,0.519796054,0.522293469,0.523689213,0.5231506,0.522500102,0.524602647,0.524807381,0.525938657,0.526230806,0.525040205,0.528235995,0.528503771,0.528270455,0.529348158,0.528183414,0.529151568,0.528954307,0.529620498,0.5338711,0.533151017,0.536721103,0.537496605,0.540936597,0.546962235,0.555311019,0.57131237,0.591648018,0.618881996,0.63668652,0.656609347,0.660330055,0.670725372,0.66369008,0.671700677,0.651613386
161,0.608249398,0.607644521,0.607694623,0.608869301,0.607584572,0.609000864,0.605958232,0.607544795,0.604867414,0.604505795,0.603536455,0.602129528,0.600632604,0.597550478,0.596358079,0.596444881,0.593459039,0.594571828,0.593465081,0.594373949,0.595749892,0.595014227,0.596588047,0.598229586,0.598523547,0.599908247,0.601703834,0.601171607,0.603110038,0.604596323,0.605377081,0.606275825,0.607221067,0.607876322,0.608459742,0.609659687,0.611442561,0.61070429,0.610880546,0.612369783,0.612175048,0.611601767,0.61280358,0.612486268,0.61375852,0.612067486,0.613149093,0.612285695,0.61079191,0.611326694,0.611185824,0.610539295,0.609085689,0.609022626,0.609472536,0.60715131,0.607031375,0.605650682,0.602988912,0.599531009,0.595316262,0.591637969,0.586219371,0.580733233,0.575944562,0.572823451,0.572252744,0.570432063,0.569080077,0.570540961,0.57111291,0.569427439,0.570699912,0.56987757,0.570135833,0.570602873,0.571588525,0.571886318,0.573166139,0.574142694,0.5761907,0.57681235,0.577286313,0.579138536,0.579558399,0.580855098,0.580796102,0.58216251,0.58186723,0.58320244,0.583052018,0.58410301,0.583707057,0.584957457,0.584524271,0.585636507,0.58492005,0.585183388,0.584599505,0.58385676,0.582721906,0.580838627,0.580457913,0.579201917,0.577609902,0.576103068,0.574079559,0.570311204,0.568186271,0.564539001,0.561033455,0.557355479,0.551533746,0.546054883,0.541382818,0.53628527,0.5313548,0.526156852,0.522555864,0.51777797,0.513546322,0.51032473,0.506098056,0.499615875,0.493471539,0.483992873,0.473219316,0.45751321,0.439482624,0.41796037,0.392474259,0.36518218,0.33815391,0.302892726,0.279762215,0.260293853,0.245589827,0.233180006,0.22344723,0.217531616,0.213321334,0.209804326,0.208168857,0.205987031,0.205104157,0.205960392,0.20567258,0.207283932,0.208705242,0.209401184,0.211053558,0.214240141,0.21522605,0.219256746,0.224743591,0.232434246,0.237440087,0.243552166,0.250292596,0.257602583,0.263083644,0.270111853,0.275736475,0.282517265,0.289261449,0.297441554,0.305101172,0.31158649,0.316278884,0.324200024,0.33036154,0.336922408,0.341897086,0.348018071,0.35396246,0.35981439,0.367279073,0.372239215,0.377354382,0.382221641,0.386998988,0.390706457,0.39574458,0.398907301,0.402401748,0.405862138,0.410344653,0.413795871,0.417900473,0.42202859,0.424657758,0.426567233,0.428190392,0.431029668,0.4329128,0.433925102,0.434132272,0.435656617,0.43714814,0.437713189,0.438858736,0.439423862,0.440919098,0.439606836,0.441269241,0.443101625,0.444384015,0.44406769,0.445395414,0.444017245,0.443691965,0.445135737,0.445048202,0.444595732,0.441908287,0.443341689,0.443487951,0.44434913,0.444527243,0.443586952,0.442847564,0.447201808,0.445776122,0.446995125,0.446325912,0.444616156,0.437878383,0.43742397
178,0.631451082,0.631441825,0.631507629,0.629151316,0.627461009,0.619973661,0.617789344,0.614066232,0.614303381,0.618988641,0.620712159,0.621847613,0.621736375,0.622548309,0.620976185,0.620079501,0.618774628,0.617993382,0.619970934,0.61970054,0.620041954,0.62010414,0.621434318,0.622188711,0.623314617,0.625443744,0.625941767,0.627806373,0.628578288,0.63094861,0.631857463,0.63331364,0.634948379,0.635631866,0.636351119,0.637364592,0.638027607,0.639307471,0.639721887,0.63904676,0.640425165,0.640508792,0.640986081,0.641565064,0.641047974,0.641335533,0.640476185,0.641318292,0.641173992,0.640349049,0.639361122,0.640250036,0.638497564,0.638678515,0.637735577,0.637372335,0.636047756,0.635738855,0.631227953,0.629180036,0.625624809,0.621062418,0.616329016,0.609746112,0.606211281,0.601985252,0.601571547,0.598780216,0.598887181,0.5984464,0.599647113,0.599287665,0.599385032,0.600125401,0.599792417,0.600070776,0.599758039,0.6018128,0.601520634,0.603162248,0.603935436,0.605284593,0.60594255,0.607248956,0.609168354,0.609949192,0.610147998,0.611582699,0.612430708,0.612183706,0.612822673,0.612458935,0.614323177,0.613708057,0.614116786,0.615114066,0.61508752,0.615234765,0.61387683,0.61305575,0.612854408,0.611219586,0.610284313,0.608111079,0.606559031,0.60553349,0.602087817,0.600000583,0.595943806,0.593200208,0.589451227,0.584288623,0.578900711,0.574127189,0.569337558,0.563158546,0.558111369,0.55353684,0.549004551,0.543363385,0.539885449,0.536078578,0.530491734,0.525015839,0.517654625,0.50924252,0.498540607,0.482506208,0.46479246,0.442617132,0.416791,0.390151681,0.361196447,0.325242983,0.301902217,0.282510463,0.266106609,0.253805459,0.243897092,0.236807713,0.232134095,0.227938652,0.226397793,0.224986188,0.224547284,0.225087295,0.225333233,0.225665284,0.227072685,0.228735612,0.229800072,0.232372472,0.235213995,0.239521583,0.243766615,0.250018341,0.256364846,0.262505164,0.270054333,0.27683618,0.283291065,0.290073219,0.296328599,0.303076406,0.309910582,0.316411048,0.325578667,0.332059748,0.337082505,0.344273864,0.350820687,0.35672297,0.363238713,0.36907697,0.374674203,0.380195528,0.38866619,0.393223459,0.397073166,0.402358638,0.406639187,0.410306127,0.415656692,0.418018801,0.423438671,0.426595059,0.430189106,0.434742703,0.439696421,0.441535031,0.444845857,0.446726475,0.449343831,0.451251101,0.453955476,0.45473511,0.455373102,0.457086784,0.45868019,0.457918058,0.461465854,0.462041138,0.463090925,0.464325647,0.463992202,0.46670513,0.466483314,0.466229814,0.466437586,0.468841485,0.468746148,0.471733044,0.473655025,0.474291038,0.47358712,0.47862721,0.489577187,0.494776047,0.511688655,0.535429547,0.556752407,0.579689324,0.596828076,0.608962173,0.619309695,0.62001026,0.609626723,0.594708493
95,0.526488549,0.528207914,0.529415558,0.528177466,0.528488318,0.528560329,0.532504137,0.530270287,0.530520433,0.532046654,0.530464823,0.533853743,0.532528496,0.53117426,0.531723271,0.531869774,0.532355818,0.533125952,0.53312244,0.534726422,0.533905146,0.535382351,0.535746804,0.537534785,0.538456083,0.537389521,0.540719252,0.541360788,0.541654932,0.542827177,0.542373037,0.544953204,0.545051158,0.546274485,0.546068509,0.545365024,0.545072923,0.545354806,0.545132282,0.545560794,0.544993405,0.54417565,0.544388773,0.544273632,0.54373254,0.542924789,0.541803453,0.541861417,0.540712818,0.541163486,0.540816927,0.539129275,0.537823331,0.536765469,0.537069391,0.53539243,0.534129566,0.533107539,0.530675736,0.52888158,0.525419412,0.522979932,0.518495686,0.51508511,0.511818459,0.509514941,0.507736081,0.506717284,0.506222945,0.505476277,0.504937361,0.504696869,0.505574704,0.506191266,0.505809649,0.505319583,0.506325684,0.507031962,0.506816285,0.508260612,0.509450541,0.509940296,0.510376546,0.511298253,0.511648592,0.512134963,0.513485712,0.513463909,0.513829697,0.514377266,0.514460841,0.515112545,0.514673618,0.515069053,0.514919381,0.515284039,0.515074448,0.514922989,0.515376515,0.514413238,0.513383594,0.51208337,0.511782564,0.510473415,0.509349052,0.507529463,0.50627936,0.504260462,0.502643755,0.499751267,0.496501176,0.494321211,0.48970704,0.486681834,0.484043963,0.479770223,0.476611798,0.473783537,0.471035922,0.46734717,0.465147884,0.462705398,0.459880502,0.455861963,0.451290917,0.445498015,0.436137067,0.425650635,0.41265233,0.396610951,0.377937831,0.356729459,0.336037934,0.308866951,0.291168342,0.276525476,0.264164355,0.254733034,0.247881459,0.242229765,0.238530459,0.236084631,0.23516351,0.233633865,0.23360108,0.233257363,0.233453703,0.233789903,0.235561803,0.236750744,0.237210633,0.240156712,0.242453773,0.24619982,0.249914816,0.256214425,0.261059907,0.266488285,0.27121787,0.276725214,0.283219735,0.287975339,0.29319621,0.299117488,0.305463018,0.310540705,0.317515486,0.322512998,0.327900393,0.332649155,0.33844598,0.343417863,0.347510476,0.352552481,0.357562399,0.362716686,0.369067362,0.372828621,0.376683288,0.381502043,0.384624719,0.388056748,0.392261151,0.395949312,0.398185106,0.402345851,0.406227542,0.408414099,0.410583149,0.414431417,0.416845216,0.419615018,0.420567244,0.42378327,0.4244797,0.425301844,0.424973236,0.428254458,0.427867936,0.428498243,0.42866273,0.431463346,0.429707295,0.429600638,0.43251886,0.431460817,0.432947521,0.433309207,0.433850898,0.433753358,0.435898866,0.43302365,0.434595749,0.43366522,0.435283922,0.434225311,0.435280883,0.436534598,0.436586346,0.438722166,0.43984045,0.444016873,0.445941134,0.455646128,0.448857763,0.445551534,0.452109509,0.454926739
19,0.642442596,0.645666796,0.647984374,0.642260031,0.643248439,0.637536837,0.635054364,0.634937089,0.633282748,0.637002972,0.638911409,0.637894387,0.63773422,0.636260318,0.635598827,0.636683533,0.634634238,0.634038554,0.634506608,0.634770969,0.635628347,0.63567798,0.636762012,0.638314479,0.6395597,0.640530435,0.642593942,0.643959103,0.644685101,0.646085656,0.647534992,0.647311398,0.649645773,0.649784796,0.650934414,0.652636555,0.653103432,0.653671699,0.655110304,0.654300221,0.655856318,0.656329874,0.656860665,0.656444772,0.656439996,0.656805636,0.656429484,0.655623023,0.656210047,0.65606728,0.654764087,0.655674432,0.654839668,0.653745692,0.653194719,0.65230057,0.651234589,0.649631817,0.646523753,0.644877451,0.64048765,0.636766699,0.631796779,0.625571583,0.621677491,0.6181496,0.616720638,0.614844598,0.614870784,0.614873203,0.613701895,0.614671448,0.614733365,0.615490936,0.615838093,0.615537086,0.615443368,0.616460347,0.616939372,0.617789182,0.619365784,0.619804223,0.621209204,0.623438386,0.624345887,0.624545983,0.62572912,0.626250251,0.6265212,0.626515,0.628337656,0.628752534,0.628779116,0.629236613,0.630369095,0.630240146,0.63034486,0.629515918,0.629546568,0.627692895,0.628250355,0.626479383,0.626114485,0.624333824,0.622846214,0.621564004,0.61864697,0.616228633,0.613452369,0.611220576,0.607027654,0.603104906,0.597577192,0.592910523,0.589066074,0.583264884,0.578399024,0.574067218,0.569611494,0.565567222,0.561482435,0.557937621,0.554044644,0.548654369,0.541869295,0.533900139,0.523485811,0.509997129,0.492225672,0.472201533,0.447609265,0.421067978,0.393237338,0.357539103,0.333889746,0.313860854,0.298139586,0.283650278,0.274010492,0.26662957,0.262171454,0.258037095,0.254964698,0.253749076,0.252031015,0.252212682,0.252509281,0.253200036,0.254332077,0.256096965,0.257176152,0.259354834,0.262805267,0.265871582,0.270358283,0.277851551,0.284480719,0.289962376,0.296356451,0.303820328,0.310005788,0.317045542,0.323583837,0.330164245,0.336222105,0.342652663,0.353666053,0.357718828,0.364211716,0.371053386,0.377610392,0.382733504,0.388676024,0.395097352,0.400663325,0.405883102,0.414063426,0.418054179,0.424001207,0.428656678,0.432348331,0.436345066,0.440779617,0.445517147,0.449260221,0.452712453,0.456868854,0.461830786,0.463564692,0.467224163,0.471576589,0.47240284,0.474141401,0.476867286,0.47895376,0.479493237,0.483531121,0.483901047,0.483329823,0.485298105,0.487208287,0.488864916,0.487729964,0.491370923,0.491683067,0.492258962,0.493296663,0.493781295,0.491723937,0.495351903,0.494303073,0.498103072,0.500433672,0.498794777,0.499187808,0.502521855,0.50826676,0.513211038,0.52556294,0.540777546,0.552210138,0.563407261,0.578331048,0.584759071,0.581953374,0.586495165,0.576507463,0.568974116
141,0.546308099,0.550892065,0.54766682,0.548627132,0.54898267,0.549853572,0.548654315,0.548813176,0.546359348,0.54903227,0.550307099,0.549983238,0.548630323,0.546306769,0.546436631,0.545580644,0.545380069,0.546231624,0.546159143,0.54564211,0.54598619,0.547438195,0.547082042,0.547909537,0.549951423,0.549713036,0.551317572,0.551721261,0.552745061,0.553082464,0.553170444,0.554045535,0.554463941,0.554250741,0.555929219,0.556449115,0.556817153,0.556181415,0.556480163,0.557099736,0.555261404,0.555752292,0.555857825,0.556148407,0.556340699,0.555008488,0.556014886,0.554210416,0.554514658,0.553825902,0.553725821,0.553453395,0.552550032,0.550417095,0.551225392,0.550223478,0.550116745,0.548512177,0.546421293,0.544571695,0.541534047,0.538754008,0.535220041,0.531920355,0.528906275,0.526991151,0.52541205,0.523915334,0.523052422,0.523405212,0.523419895,0.522864263,0.524487446,0.524418091,0.522728406,0.524530823,0.524870861,0.524758658,0.52564415,0.525545591,0.526841484,0.527671103,0.528414645,0.529438124,0.529732213,0.529910581,0.530311609,0.530561524,0.531429611,0.531464805,0.531575484,0.532311794,0.531915443,0.532393035,0.532017556,0.532026875,0.532540815,0.532323098,0.531307856,0.530953382,0.530027481,0.529631886,0.528824427,0.527395162,0.52624391,0.524755212,0.523728782,0.521901547,0.51961613,0.517993098,0.515627414,0.512312164,0.509487162,0.505625814,0.502942227,0.499471802,0.496207279,0.494014914,0.490143681,0.487799,0.4847986,0.482756821,0.480603377,0.475610699,0.471153524,0.466269932,0.457854713,0.447519053,0.43411563,0.417320075,0.399108333,0.37714994,0.356534344,0.328461304,0.31043008,0.293798988,0.281233594,0.271527317,0.263437095,0.258171644,0.255327971,0.251757727,0.251202339,0.251116446,0.25042624,0.250401203,0.251144472,0.25223374,0.253057278,0.254876429,0.256560204,0.258264038,0.261208601,0.265582748,0.269791105,0.276399225,0.282379655,0.287932955,0.293971404,0.300842072,0.305818541,0.31187879,0.318143058,0.322927424,0.329222092,0.334301187,0.341357259,0.346577825,0.352656658,0.356610788,0.363467412,0.367770207,0.372560382,0.377520911,0.381303052,0.386404202,0.393243904,0.397263756,0.401269299,0.405061549,0.408692526,0.412514174,0.416299419,0.419314777,0.421982336,0.426085766,0.427898679,0.431776528,0.434192766,0.437581647,0.439421447,0.442093105,0.442201954,0.442859405,0.443310014,0.445242011,0.445405166,0.445574642,0.446571312,0.446730348,0.446713535,0.448349802,0.448129405,0.448118303,0.450030525,0.44899301,0.449102622,0.447737768,0.448332391,0.447832879,0.448173962,0.449480721,0.447740016,0.448926333,0.446559541,0.450195496,0.447348547,0.447470516,0.446605616,0.448833789,0.445737158,0.454273442,0.453001919,0.456784944,0.457289525,0.456599835,0.448933059,0.454236796
15,0.618030132,0.613243139,0.615751652,0.613302967,0.614452709,0.607629781,0.602952821,0.602538021,0.601878041,0.603307773,0.608399913,0.610249765,0.609877276,0.610842935,0.609632421,0.608813573,0.605353705,0.607251342,0.609309,0.608638123,0.608925744,0.610060268,0.609997237,0.61075806,0.613357492,0.613294452,0.614386765,0.614830846,0.61678605,0.617802974,0.620202919,0.621672102,0.621714905,0.621520835,0.623137707,0.623854778,0.624003474,0.624181755,0.625153266,0.62595021,0.626483719,0.626667147,0.624875245,0.626745774,0.626689022,0.626308125,0.62631908,0.62729329,0.625651582,0.625485955,0.624055765,0.625715235,0.624230648,0.624706324,0.623419401,0.621002562,0.621775434,0.619943028,0.618069792,0.615247326,0.61130336,0.609511154,0.604658598,0.598404955,0.594451831,0.59295772,0.591667263,0.589994518,0.589459417,0.588778287,0.589404483,0.591538619,0.589505737,0.589495913,0.590187294,0.58988173,0.590181068,0.590845188,0.590823567,0.592747424,0.59351022,0.594563047,0.594631119,0.596384081,0.597550677,0.597674101,0.597939841,0.598842108,0.599508048,0.600395741,0.601401203,0.600652075,0.6010897,0.601823426,0.601452566,0.601954424,0.602291795,0.600978174,0.600454296,0.600673017,0.599272994,0.598479933,0.597175412,0.59590298,0.595035619,0.592624154,0.59044949,0.588723735,0.585820075,0.584291311,0.580411463,0.576367976,0.570996815,0.567089301,0.56282794,0.558452493,0.554291926,0.549584476,0.546098119,0.541623404,0.53820895,0.534890075,0.530887235,0.525838987,0.519990082,0.512584184,0.503452252,0.489737838,0.472759344,0.45277018,0.429382359,0.404101794,0.377491493,0.344338076,0.321833614,0.302488485,0.286776484,0.274536718,0.265546013,0.258890672,0.253894946,0.250734806,0.248158184,0.247978194,0.245962806,0.247182742,0.247097977,0.248034583,0.250074907,0.251592257,0.253071232,0.254724034,0.258781391,0.262617164,0.267063772,0.274570259,0.280384146,0.287675515,0.294248381,0.300569749,0.308602556,0.315059802,0.321696713,0.328450489,0.334942475,0.341455925,0.351300088,0.355702429,0.363547961,0.369924693,0.376821073,0.382123753,0.387154669,0.393782296,0.400074651,0.405485916,0.413275319,0.418029726,0.422498823,0.427410596,0.432088244,0.435340212,0.441586317,0.445006969,0.44782831,0.45283882,0.455846661,0.461541496,0.465218532,0.468016567,0.471884349,0.471881421,0.474555461,0.47734437,0.479583342,0.480920481,0.481158289,0.482067647,0.485105556,0.48285771,0.486582404,0.487744666,0.486913493,0.489232713,0.49047022,0.490210987,0.489876433,0.491684243,0.491240785,0.492599853,0.491877256,0.495430958,0.498376693,0.498779989,0.499623369,0.503942241,0.5145874,0.519335881,0.537731045,0.560311018,0.584101193,0.601937486,0.624304017,0.633220376,0.638677836,0.636805806,0.635381277,0.61981946
53,0.625402797,0.627097024,0.62505676,0.627999196,0.625082419,0.617210186,0.614955292,0.613012323,0.614681798,0.617082382,0.620665063,0.620791232,0.62327616,0.623288219,0.623107455,0.622427265,0.619545883,0.620967076,0.620765547,0.621408368,0.620510907,0.621443158,0.623742765,0.62428453,0.626496792,0.626746889,0.627208422,0.630241917,0.62939878,0.631565831,0.634052876,0.63404865,0.635299813,0.636348823,0.638061722,0.637226522,0.637990046,0.641024368,0.640900493,0.641425565,0.64043235,0.64243538,0.642434923,0.642638085,0.643114114,0.644141681,0.642629687,0.643628463,0.643280725,0.6427396,0.641015691,0.641732694,0.641157578,0.641117025,0.640759432,0.640204588,0.638413107,0.637698556,0.6346612,0.632542335,0.628901882,0.626026742,0.621664002,0.616891708,0.613579909,0.609158102,0.609269264,0.607699314,0.606494682,0.606651629,0.606980043,0.606868254,0.6065517,0.606671478,0.607653997,0.607204462,0.606880947,0.608597027,0.609039219,0.609426412,0.61109428,0.612482591,0.613527292,0.615501482,0.617001806,0.617463661,0.617697757,0.618533828,0.619792986,0.619849086,0.620861239,0.621250362,0.620437129,0.62225608,0.622583135,0.622695284,0.623126719,0.622950241,0.621753427,0.621846454,0.620840142,0.620429562,0.619712361,0.618268616,0.616893694,0.615196157,0.612627447,0.611341562,0.608440765,0.606269893,0.602728699,0.599045318,0.594322303,0.590615368,0.586285466,0.581635357,0.577295728,0.572692998,0.569037053,0.564693491,0.560874855,0.558222983,0.553299454,0.548999659,0.542453547,0.535831017,0.52571681,0.513205928,0.496360464,0.476545143,0.453930152,0.427816515,0.400241212,0.365529976,0.341789878,0.321426846,0.303413633,0.290737201,0.279496198,0.272136279,0.26655342,0.26155501,0.259625518,0.257786031,0.255555088,0.255896104,0.256004686,0.257240919,0.258369286,0.258261249,0.260896729,0.263269804,0.266895108,0.270247965,0.275042722,0.282712046,0.289416571,0.295058967,0.301969846,0.309082898,0.316646865,0.323196351,0.330173334,0.336414985,0.342682767,0.350382247,0.358463594,0.363447963,0.370131036,0.376729392,0.382555427,0.38877314,0.393765991,0.400019842,0.404909886,0.410118314,0.417136823,0.421370869,0.424972013,0.430321169,0.434612482,0.437816966,0.442352201,0.445458562,0.448590176,0.453134517,0.455435729,0.460363296,0.462510303,0.466178517,0.46882616,0.470776576,0.473241397,0.475204809,0.47688897,0.47890412,0.4811428,0.480508312,0.481440677,0.48329751,0.48448823,0.485825718,0.484418132,0.489889786,0.488628627,0.490325613,0.491008674,0.49144274,0.49186555,0.492368732,0.491384168,0.49708621,0.500419453,0.50174745,0.502872135,0.50613446,0.512743407,0.520660008,0.537149092,0.556055376,0.5772229,0.594335199,0.608221683,0.619968592,0.623758036,0.627059069,0.624268461,0.59932173
231,0.597569002,0.60370444,0.605559218,0.607022363,0.60613784,0.609419231,0.607357685,0.608033345,0.609322605,0.610408315,0.612768014,0.613495522,0.61321759,0.612274635,0.612988089,0.612105385,0.613479143,0.615496539,0.616175763,0.617717158,0.618324999,0.61895854,0.62063396,0.621637812,0.623722051,0.624576343,0.628225247,0.629766605,0.630438296,0.632153518,0.632273988,0.635264533,0.633957325,0.636493211,0.635398059,0.63645568,0.637525381,0.63526141,0.636354039,0.634498067,0.635181132,0.634333134,0.6344433,0.631998742,0.63055588,0.630863026,0.629751747,0.629104037,0.626057437,0.626177501,0.625771625,0.623721604,0.621971263,0.618993666,0.618701716,0.617103155,0.615243085,0.613622923,0.609151276,0.606065263,0.60162322,0.597292542,0.589924716,0.586274269,0.580468364,0.57851886,0.576966612,0.575109768,0.573912584,0.573717884,0.575074732,0.573720763,0.574563007,0.575221754,0.575097723,0.574737058,0.575559131,0.575968491,0.577968186,0.57924962,0.580398157,0.581837449,0.582946087,0.583446383,0.584778896,0.586107571,0.58689668,0.587922894,0.589928502,0.589856054,0.590160472,0.590659828,0.59079866,0.591608856,0.591896589,0.59173679,0.5920683,0.592063272,0.591611916,0.591355156,0.590097077,0.588886955,0.587320253,0.586761535,0.584356656,0.58266369,0.580644377,0.578111324,0.574625105,0.571529249,0.567643458,0.564199552,0.558306186,0.553497007,0.549275826,0.543750858,0.539506903,0.534819342,0.531174664,0.527312459,0.522598916,0.520124499,0.515683718,0.509701625,0.503631323,0.495319393,0.484512246,0.469348721,0.453013869,0.43153121,0.406930161,0.380597233,0.353535431,0.321432895,0.299651237,0.281376341,0.267718511,0.255934406,0.248175734,0.242186842,0.238353677,0.235461536,0.233734632,0.232568298,0.231865975,0.231426664,0.232196861,0.233004187,0.234546725,0.23587632,0.237058851,0.2390283,0.242545908,0.246240927,0.25032406,0.258023053,0.262766589,0.269654376,0.27569813,0.283121955,0.288638085,0.295834892,0.301614433,0.307782989,0.315218823,0.321129933,0.330342627,0.336236913,0.342073888,0.348256049,0.354991822,0.360404879,0.367641964,0.373119866,0.379387295,0.385045816,0.393313184,0.397894792,0.402407047,0.408427193,0.412513795,0.418041776,0.4230792,0.426400472,0.432246176,0.435974699,0.439435194,0.444693816,0.448051213,0.453771817,0.455496312,0.459837356,0.463280045,0.464034317,0.465635336,0.467789418,0.468418004,0.47001538,0.472604176,0.473836945,0.475818015,0.476055785,0.476735251,0.478643407,0.480515139,0.482790955,0.483607436,0.48541016,0.485866307,0.484502114,0.486993631,0.487335959,0.487533248,0.485088739,0.488425722,0.490326878,0.489545759,0.492719535,0.492795557,0.495794253,0.498883566,0.503450988,0.506517982,0.510818749,0.513083168,0.509523229,0.515355464,0.506618008
109,0.636449976,0.640878906,0.642957464,0.638386963,0.638994059,0.636863009,0.636810033,0.637694045,0.634884458,0.63608627,0.634523532,0.634177801,0.630771295,0.62853819,0.627113028,0.62546328,0.624175036,0.624662324,0.623820199,0.623673017,0.625180253,0.625668265,0.626264045,0.626843088,0.626906139,0.628822279,0.629233391,0.630679606,0.631454044,0.632107417,0.63443623,0.634845808,0.636602657,0.637059654,0.636967751,0.638480636,0.639637068,0.6408778,0.641287798,0.642747574,0.642199016,0.642977691,0.643738868,0.643780578,0.645599788,0.643755007,0.64567971,0.645855744,0.645362933,0.644398334,0.644617997,0.643581638,0.643413898,0.640821036,0.642839924,0.641465035,0.641419747,0.638906062,0.63604883,0.633647019,0.630430145,0.62669675,0.620973836,0.616136888,0.613457838,0.609260723,0.608260649,0.607080923,0.605530063,0.606105638,0.605482509,0.605274037,0.604760052,0.606910802,0.605557623,0.604904456,0.606494105,0.607783343,0.607722046,0.609154827,0.610431318,0.612254307,0.6128888,0.612944898,0.61444089,0.615684934,0.615566675,0.616576638,0.615988662,0.617475169,0.617394265,0.618496631,0.618866634,0.618969824,0.619238556,0.619288057,0.618973966,0.619540618,0.618733625,0.617351659,0.616782318,0.6150161,0.614143405,0.61353452,0.611349408,0.610686323,0.607843726,0.605364549,0.603024907,0.599357297,0.596785545,0.593198353,0.587112398,0.583048352,0.578319155,0.574396474,0.5697849,0.56461319,0.560400272,0.557054831,0.553503568,0.550206853,0.546587041,0.54008919,0.533819744,0.526389259,0.515156786,0.501381791,0.484941561,0.464574203,0.440194996,0.413034742,0.386492761,0.35207014,0.32914122,0.309388856,0.293176796,0.279171848,0.26938868,0.262850239,0.257627745,0.254452934,0.251531702,0.250911275,0.249687648,0.24946731,0.249477164,0.25061619,0.251102822,0.25307044,0.255591941,0.256425534,0.259853151,0.264730221,0.269089801,0.276831327,0.282093065,0.289104279,0.295220062,0.30222581,0.309533387,0.315255853,0.322808165,0.328444806,0.335313418,0.343206739,0.349896891,0.356085845,0.361997328,0.369251347,0.374928306,0.38005256,0.38719809,0.392091038,0.397214363,0.403001243,0.410490286,0.415443303,0.420897665,0.424941857,0.428742164,0.433325339,0.437538629,0.440677762,0.443740991,0.44809493,0.451310795,0.454947399,0.457694504,0.460793447,0.463717745,0.465487419,0.466970123,0.469677122,0.470169482,0.471651113,0.470355959,0.473289411,0.474011615,0.47529279,0.475728605,0.475439268,0.475890644,0.477509962,0.478527407,0.478763743,0.479513126,0.479942412,0.479951674,0.478966113,0.479119041,0.479979511,0.479193186,0.478654299,0.476307982,0.47730566,0.477251002,0.476686461,0.475289488,0.475571007,0.47325743,0.478017783,0.477302137,0.476044913,0.477776616,0.481380563,0.474014436,0.46778147
82,0.542084929,0.545566293,0.543343352,0.540592136,0.542207652,0.538947721,0.533409938,0.531610797,0.532924227,0.535856345,0.537200814,0.537273325,0.537176775,0.536431681,0.534741717,0.533840903,0.53242394,0.533052736,0.533891305,0.533886027,0.535002572,0.535057908,0.536112273,0.53703097,0.539191112,0.539346251,0.540124081,0.541022881,0.541557209,0.543375475,0.544124768,0.54539851,0.546912965,0.547790583,0.548270261,0.549783651,0.548398986,0.551381558,0.550760866,0.551582132,0.550958968,0.552450274,0.552787514,0.553050497,0.552607958,0.553481317,0.552887552,0.551836561,0.554162303,0.55177411,0.550688134,0.551364046,0.550464795,0.551377524,0.549678293,0.54860455,0.547906367,0.5474159,0.544278558,0.542655971,0.538577976,0.534712995,0.530442915,0.524871677,0.521109719,0.518306241,0.518530528,0.516705332,0.515694345,0.516130548,0.516311925,0.516145852,0.516340442,0.516526872,0.516768895,0.517314996,0.516898003,0.519545261,0.519116942,0.52020677,0.52044007,0.522201253,0.522656153,0.524698733,0.524841264,0.524816119,0.525408108,0.526499572,0.526386738,0.526760568,0.527594519,0.527055319,0.527855368,0.528323761,0.528652557,0.529145643,0.52866769,0.528508577,0.527686441,0.527418157,0.526409879,0.525117915,0.524297165,0.523542621,0.521173777,0.519497518,0.517163145,0.515353537,0.511676017,0.510047102,0.506191779,0.50271296,0.497380728,0.493459689,0.488873164,0.484377438,0.47965179,0.475096699,0.472038431,0.468470881,0.465088265,0.461120927,0.457366851,0.451089746,0.446696732,0.438692298,0.429190056,0.41656649,0.400135027,0.381167973,0.358817496,0.335365471,0.310538888,0.280832319,0.260517837,0.244317323,0.231036158,0.221187016,0.2130529,0.207821322,0.203635121,0.201693242,0.199636832,0.197626084,0.198221968,0.197683785,0.198727516,0.199545702,0.201434413,0.202802581,0.203601589,0.205902679,0.208674599,0.212321119,0.216205441,0.22251161,0.228480053,0.234337145,0.240128735,0.245504691,0.252465652,0.258606149,0.264695156,0.271121267,0.276378434,0.282687856,0.291524676,0.296056619,0.301897451,0.308511569,0.313759579,0.318612496,0.325778729,0.330957226,0.336595926,0.341463415,0.348885454,0.353123069,0.35763727,0.361969586,0.366615965,0.371171056,0.374308543,0.378671633,0.381935586,0.386423201,0.390426316,0.39462867,0.397777754,0.399834439,0.402236387,0.404697281,0.405856068,0.407690124,0.41099471,0.410818509,0.412820108,0.412253538,0.4138559,0.416213088,0.417965235,0.415260303,0.417368561,0.418464845,0.419418205,0.421634406,0.419403242,0.421575888,0.422025074,0.423601719,0.422461918,0.423872103,0.426647835,0.428305244,0.429549426,0.432124308,0.435999274,0.442258392,0.455893926,0.471868007,0.483894412,0.493799447,0.511528408,0.513100256,0.516721865,0.514202117,0.50463582,0.511944541
111,0.607557922,0.60906754,0.607400825,0.608855966,0.611075199,0.60672973,0.606896111,0.607139871,0.604696976,0.605913403,0.605192795,0.605635107,0.605424415,0.60128146,0.603270588,0.601888416,0.601705306,0.602499135,0.601316614,0.602105894,0.602975026,0.604261635,0.604290972,0.605346565,0.606943535,0.606038405,0.608115911,0.608501103,0.608375772,0.610992912,0.611019612,0.612809788,0.61241972,0.614477917,0.613452332,0.614349911,0.616109158,0.61533326,0.617341588,0.6162483,0.616602295,0.617361644,0.617500113,0.61787436,0.616950519,0.617036394,0.617895773,0.617878323,0.61723261,0.616034334,0.617064422,0.617034519,0.615487794,0.614918485,0.615069735,0.61401269,0.614192041,0.612906116,0.610706802,0.609154543,0.60548751,0.603756761,0.59974998,0.596119578,0.593562363,0.591165129,0.59049984,0.588870258,0.589125131,0.589423776,0.589315015,0.589978701,0.590906869,0.590982927,0.590282599,0.590480366,0.591970343,0.592164838,0.593343598,0.593702494,0.594729131,0.596147901,0.59539865,0.597430695,0.597466906,0.598493306,0.59844323,0.599691185,0.600485446,0.599548481,0.599850693,0.60081127,0.601168276,0.601388729,0.602225392,0.601836751,0.60174144,0.60190244,0.601393248,0.600799711,0.600259887,0.59982305,0.599140332,0.597529134,0.595914936,0.595436924,0.59390279,0.592491634,0.590310285,0.588322998,0.586313389,0.584592738,0.580515194,0.576865996,0.573722825,0.570695473,0.567315357,0.564432904,0.561681623,0.558311302,0.556334077,0.553905441,0.551756871,0.546686749,0.542500495,0.53689384,0.527949077,0.516904663,0.503573321,0.486551455,0.465840866,0.442988784,0.420267,0.390314984,0.369922303,0.351946271,0.337400093,0.325762038,0.318639539,0.312699611,0.309140437,0.307271544,0.306319017,0.304735652,0.305897682,0.306765158,0.307649774,0.309020536,0.310954586,0.313017837,0.314788613,0.317642778,0.321465021,0.326160429,0.33081537,0.338749494,0.345793277,0.35190243,0.359035812,0.365969791,0.372512026,0.378669802,0.384827315,0.391934122,0.397878786,0.404388079,0.410934425,0.416736569,0.421976992,0.428409326,0.434559409,0.439330484,0.444460026,0.449029561,0.453687096,0.459944684,0.464898873,0.470203246,0.473902918,0.47787405,0.482173521,0.484799095,0.488099269,0.491158526,0.494348036,0.496416476,0.499058657,0.50229353,0.5051216,0.507109969,0.509538062,0.51155417,0.511892451,0.514465445,0.513883441,0.514126768,0.514934992,0.513369993,0.514741578,0.513848359,0.51513837,0.51482519,0.515600986,0.514074205,0.516468741,0.516529126,0.516281492,0.516501585,0.516993382,0.514552309,0.514863503,0.514085875,0.514871135,0.513677323,0.512842357,0.514579594,0.510728866,0.513169036,0.515174449,0.517220959,0.516995375,0.5219051,0.523236324,0.524035004,0.525591443,0.522008486,0.529759565,0.52410262
23,0.546791963,0.548774642,0.550738426,0.549534463,0.547402345,0.542294116,0.537740677,0.53473365,0.536759112,0.537141544,0.539804551,0.541655231,0.542806327,0.541637687,0.541354119,0.539974575,0.539156128,0.539585813,0.540389361,0.540707082,0.540735904,0.542051106,0.541726884,0.543853225,0.544999236,0.545261256,0.545970907,0.547452155,0.548095503,0.549550011,0.55069471,0.55132046,0.55246609,0.553160782,0.554120848,0.554536541,0.555603549,0.55639745,0.556242812,0.557229706,0.556836362,0.556108869,0.558701008,0.558959363,0.558370894,0.558283218,0.55823268,0.558600683,0.557756991,0.55763551,0.556594588,0.555560564,0.556489914,0.556521841,0.555546762,0.554883557,0.553831203,0.553006277,0.550976645,0.54885918,0.545182946,0.541935823,0.538835786,0.53356879,0.530789194,0.527632642,0.527716835,0.526747916,0.525502277,0.524850647,0.525793743,0.525894329,0.525843591,0.526280921,0.526094503,0.525893209,0.526402233,0.52752257,0.527661814,0.528374018,0.530437481,0.531017392,0.53058999,0.532551828,0.533966158,0.533878971,0.535282735,0.535309026,0.535545813,0.536298471,0.536959223,0.536848028,0.537174996,0.537977483,0.538296749,0.538135299,0.539096837,0.538715541,0.538169856,0.537525437,0.53734777,0.535727641,0.535174888,0.534081249,0.532271696,0.531569286,0.52933625,0.527595264,0.524894123,0.522746616,0.519559663,0.517255071,0.512493655,0.50942904,0.505298424,0.50125269,0.497199666,0.493691618,0.490268737,0.486710014,0.483207118,0.481012793,0.477109821,0.471739355,0.467223023,0.460372628,0.452328841,0.440389536,0.424945363,0.407440392,0.386347702,0.364019714,0.340194186,0.309711996,0.289718638,0.272028119,0.257558422,0.246282005,0.237034001,0.230478365,0.226777279,0.223605013,0.220970064,0.219882586,0.219066701,0.220238812,0.219947543,0.220771516,0.221220377,0.222844437,0.224296425,0.226154474,0.229760279,0.232793388,0.236242518,0.242593707,0.248138426,0.254185755,0.260164782,0.265913934,0.272381268,0.278020777,0.283460267,0.290456399,0.295543569,0.301936038,0.309543786,0.314318235,0.319768392,0.325637203,0.330968792,0.335542906,0.341226016,0.3471854,0.352426149,0.356502518,0.362340348,0.366827759,0.370645169,0.375047728,0.378027286,0.38223389,0.386377823,0.388787314,0.392710903,0.395733872,0.397966915,0.402847142,0.405680322,0.408175102,0.410021876,0.411760395,0.413981988,0.4154142,0.41695336,0.41720163,0.417996351,0.417120554,0.420437128,0.420501968,0.423990635,0.422967212,0.423295926,0.425307844,0.425541968,0.425119019,0.425565925,0.426132247,0.424424174,0.426011368,0.42645505,0.429275611,0.431098304,0.430538234,0.432480489,0.437339537,0.441990831,0.450221292,0.465747446,0.486933434,0.505602132,0.519858729,0.541712089,0.552896934,0.549483733,0.546482245,0.553448918,0.530547105
228,0.549573867,0.551205741,0.552045116,0.551087493,0.550607935,0.551000005,0.549719864,0.549583412,0.550029728,0.55023309,0.550530198,0.549667162,0.547300451,0.544837879,0.544977006,0.544742328,0.543485584,0.543179003,0.54241588,0.544013396,0.542999668,0.544671603,0.544825165,0.54557301,0.547861791,0.548329713,0.551156921,0.550493113,0.551549248,0.553501988,0.554150354,0.556504974,0.556170755,0.557960252,0.557890758,0.558760708,0.559854734,0.56124457,0.561062013,0.561458945,0.562222558,0.561848755,0.563738488,0.562375336,0.56283921,0.562006447,0.563012128,0.561100058,0.562658645,0.562255697,0.561528624,0.561628579,0.560886252,0.558219012,0.558590369,0.557155406,0.556348422,0.555162805,0.55284033,0.550315515,0.545788032,0.541370786,0.535472629,0.52995596,0.525654858,0.522505313,0.521159636,0.519994015,0.519989193,0.519244286,0.518984724,0.518726452,0.518931315,0.519457712,0.519473545,0.519584228,0.520634921,0.521146214,0.522485249,0.52363255,0.525208659,0.526212895,0.526259971,0.527570399,0.529036956,0.529438236,0.530139881,0.530815782,0.531392886,0.531370462,0.531914371,0.532791403,0.532965633,0.533368786,0.532913317,0.533144615,0.533066579,0.532924297,0.532124085,0.531522918,0.529927975,0.528428045,0.52708287,0.525824257,0.524367501,0.521961112,0.520317595,0.516499814,0.514328621,0.510532545,0.507300899,0.502716129,0.496862988,0.492415505,0.488059628,0.482424943,0.477281357,0.473585803,0.46899628,0.464753401,0.460896199,0.457956888,0.45350458,0.447544553,0.44053099,0.432464865,0.422379582,0.407962466,0.391534985,0.371829485,0.348299747,0.323488249,0.299874393,0.269319698,0.249674089,0.233774149,0.221207855,0.211248337,0.203765455,0.198683698,0.194604932,0.192070475,0.190697873,0.189996906,0.189504959,0.189165498,0.190151177,0.19090687,0.191963333,0.193758517,0.194490144,0.196148634,0.199127196,0.202481444,0.205884103,0.212634143,0.217446737,0.222745895,0.228653536,0.235134196,0.239691632,0.246081144,0.251860307,0.257234232,0.263030982,0.269495268,0.276360512,0.282112814,0.287275954,0.292476116,0.299341125,0.30371411,0.308983898,0.315089417,0.319792509,0.324818367,0.331208026,0.335312626,0.34095313,0.344590495,0.349022131,0.35187354,0.356972187,0.358987689,0.363825471,0.367506724,0.370107293,0.375553968,0.378503751,0.381001713,0.384043986,0.385614691,0.387136149,0.390939844,0.391010743,0.39151798,0.391842998,0.394626008,0.395439642,0.396625293,0.396372619,0.396342228,0.397951484,0.399047197,0.399370612,0.399616705,0.399947911,0.401293378,0.402170597,0.401224668,0.402217409,0.403483053,0.402540343,0.399876133,0.403635812,0.403017099,0.400171113,0.40435223,0.402063236,0.403770846,0.404556987,0.410810269,0.408761279,0.412930552,0.412656934,0.411267911,0.405846555,0.399713129
94,0.612314947,0.611301527,0.617576244,0.615283575,0.613106781,0.611945732,0.613574203,0.612632756,0.608204844,0.61017976,0.609620969,0.608281851,0.607181311,0.604060601,0.60438173,0.600300029,0.601144776,0.602485932,0.600863591,0.601069209,0.601820404,0.602784806,0.603162534,0.604487372,0.60504301,0.606405887,0.60844187,0.608148879,0.608685113,0.610803896,0.612500978,0.613207808,0.612882078,0.614961466,0.614093117,0.615510331,0.616700895,0.616451403,0.617289975,0.618644687,0.617403596,0.618013482,0.618639171,0.619051591,0.619140546,0.619337256,0.619536013,0.61928005,0.61778772,0.616922924,0.618037123,0.616793522,0.616812849,0.616300723,0.614713884,0.613357274,0.61426437,0.612677634,0.61059838,0.607356306,0.603669661,0.599142854,0.593908336,0.588302305,0.584592574,0.582064153,0.579975375,0.579115131,0.578580555,0.579286538,0.578071953,0.577693219,0.577065417,0.578439506,0.578231749,0.578859853,0.579377311,0.579536198,0.580687684,0.582237034,0.582970984,0.584008678,0.584851533,0.585235339,0.586625402,0.587536628,0.58739656,0.587761246,0.589255755,0.589670679,0.589801939,0.590282644,0.589800093,0.591487486,0.590657637,0.591150791,0.591382056,0.590771975,0.590478432,0.589029797,0.587926962,0.586989818,0.585437294,0.583878666,0.582742771,0.581257331,0.579342288,0.576551014,0.573832765,0.57029988,0.56741602,0.56382259,0.557471661,0.553439484,0.548202388,0.544093356,0.539470671,0.534913848,0.530353548,0.526870122,0.521827632,0.519240119,0.515958581,0.508860641,0.502910847,0.494675005,0.483577839,0.469909808,0.451603553,0.430406409,0.405603036,0.379016005,0.352010638,0.317121156,0.294448926,0.275063444,0.258846285,0.24690931,0.237539361,0.23066602,0.225763578,0.223351761,0.219490094,0.218792037,0.217861198,0.217706535,0.218463193,0.218714397,0.220399287,0.221908045,0.223988165,0.22566136,0.228835482,0.231940992,0.236186204,0.244245025,0.250059247,0.257337893,0.26321714,0.270895487,0.276381169,0.283116775,0.290075942,0.296567454,0.304004586,0.310630346,0.318553452,0.32496617,0.331879897,0.338467347,0.345444117,0.350176731,0.357343188,0.363292532,0.368292745,0.374918699,0.381589715,0.386774965,0.390909576,0.395948144,0.401063727,0.406243815,0.410095078,0.413819994,0.41727624,0.421359199,0.425089832,0.429105057,0.432800869,0.435496306,0.439764915,0.441576687,0.442829211,0.446201903,0.447835377,0.448439232,0.448128615,0.449572798,0.450942953,0.451295669,0.452147652,0.453312421,0.455363942,0.453760737,0.45765077,0.458085991,0.456146062,0.457457772,0.457310103,0.45650553,0.458377474,0.457795362,0.457759042,0.45719986,0.458153403,0.45810178,0.456427021,0.458279143,0.458441279,0.458728916,0.459694311,0.465625072,0.464500664,0.468592664,0.472201898,0.468678406,0.47088516,0.462189299
214,0.49348929,0.497322276,0.496782561,0.496759525,0.499695263,0.496003782,0.498308381,0.497018085,0.496848864,0.497415154,0.499011266,0.497211181,0.498949218,0.496408563,0.497280699,0.496117276,0.495743471,0.496581646,0.497007461,0.497471809,0.497821963,0.498875149,0.498597927,0.499646776,0.500611052,0.50032301,0.503427225,0.503464305,0.504259219,0.505807641,0.505520617,0.506695011,0.506387902,0.508921479,0.506980636,0.508455809,0.508431666,0.508428088,0.507815891,0.507103153,0.508322657,0.507513914,0.506426521,0.506754776,0.507160528,0.505877332,0.506409569,0.505790155,0.50520475,0.503365301,0.504143988,0.502675536,0.501944576,0.500107302,0.500618722,0.49978608,0.498776042,0.497157411,0.494274644,0.492255943,0.488448493,0.483607354,0.481696967,0.476350893,0.473543855,0.47066687,0.469520233,0.46809444,0.466337999,0.467853227,0.467920581,0.467875858,0.467958405,0.468973886,0.467351652,0.467652569,0.46842239,0.469522572,0.469679347,0.470690449,0.471758436,0.472957928,0.472898663,0.473924482,0.474227805,0.474541482,0.474993241,0.475118037,0.476149219,0.475839274,0.476132163,0.476376436,0.476421547,0.476973222,0.476187553,0.4769786,0.476895425,0.475977664,0.476514825,0.47553726,0.473551818,0.472877324,0.472123545,0.470885763,0.469567163,0.467624385,0.46566277,0.464323103,0.461404901,0.458727518,0.455942852,0.453438806,0.448117219,0.445057711,0.441074763,0.437423317,0.433923763,0.42992441,0.426651803,0.423450021,0.420582179,0.418314875,0.414879556,0.410282131,0.405285525,0.398399593,0.389679962,0.378297738,0.364480287,0.346604018,0.326612023,0.304978483,0.283304363,0.256865608,0.239843072,0.224444851,0.212869915,0.204181898,0.197412587,0.191914599,0.18857827,0.186590814,0.185449367,0.1847336,0.184470475,0.184575264,0.185091583,0.18571431,0.186538687,0.187890352,0.188277555,0.190745613,0.19299489,0.19530556,0.200248431,0.206094275,0.211101334,0.215325658,0.221008767,0.226659031,0.23224683,0.238286169,0.24258554,0.24843219,0.254016982,0.259952491,0.266397608,0.271214004,0.276786889,0.282404237,0.28808898,0.292322049,0.297165259,0.301875862,0.307001145,0.311989406,0.317477603,0.322707234,0.326260189,0.331053478,0.334765069,0.339169835,0.343789147,0.345812725,0.349026844,0.353127802,0.356796903,0.36053212,0.362074636,0.365976015,0.367710156,0.369372496,0.372344754,0.375096806,0.37457776,0.376434727,0.375796487,0.37743889,0.380358119,0.381000091,0.380186171,0.382175897,0.382433574,0.382126981,0.383392444,0.384509057,0.385202264,0.386141029,0.385468065,0.386270385,0.387686303,0.385392197,0.385130234,0.386974158,0.387439656,0.386787608,0.385953979,0.388330225,0.388318032,0.394448796,0.393994069,0.398957377,0.395456085,0.403000879,0.404329698,0.401914135,0.39488623,0.397425423
125,0.557796606,0.558512103,0.564520752,0.559108669,0.559651553,0.558242642,0.556393045,0.558870261,0.557584526,0.559016126,0.557344853,0.555174561,0.553632595,0.552173517,0.552143734,0.550591233,0.549912821,0.550425017,0.550932709,0.55069087,0.552039207,0.552784314,0.552377954,0.554453721,0.55467437,0.555796382,0.557748276,0.559333463,0.561240414,0.560742235,0.561492775,0.564175478,0.564990063,0.565667102,0.566329294,0.566520728,0.567326859,0.568826464,0.568072033,0.56895207,0.569866828,0.569229931,0.570294609,0.569803326,0.569609684,0.569271449,0.569716129,0.569132024,0.568164673,0.567476166,0.569227798,0.568133161,0.565956329,0.565882475,0.564961258,0.563837002,0.563147438,0.561197427,0.557082071,0.556500661,0.551637806,0.548027161,0.542170506,0.536576777,0.532073567,0.530809641,0.52757033,0.527154061,0.527088653,0.526218657,0.526319663,0.527263887,0.52548841,0.526447601,0.526426327,0.526558054,0.527023645,0.527856636,0.527663927,0.528542142,0.530136003,0.531613268,0.531172061,0.532023533,0.532423084,0.534513794,0.534004601,0.534368665,0.535459412,0.535324562,0.536156196,0.536907907,0.536424322,0.537556054,0.536590818,0.537203202,0.537621163,0.537548555,0.53633034,0.535618854,0.53539643,0.533398602,0.532124296,0.530988677,0.529715555,0.527618055,0.526209905,0.523674952,0.520507155,0.517691474,0.513932358,0.510054695,0.505089026,0.500954893,0.496420914,0.492211424,0.48698562,0.483299481,0.478778085,0.47488159,0.47167493,0.469215213,0.465353732,0.459031944,0.453115718,0.445744443,0.434597682,0.4209496,0.404622098,0.385094977,0.362001496,0.33769775,0.313282742,0.282922972,0.263110834,0.247032462,0.233812331,0.223526955,0.216047877,0.211020055,0.207325207,0.204428514,0.202856445,0.202376678,0.202251952,0.201216757,0.201988558,0.201841992,0.203576516,0.205222995,0.206475677,0.207887988,0.210821279,0.213780556,0.218071288,0.22494266,0.230139382,0.235660068,0.241425259,0.24630737,0.252507569,0.25942985,0.264314612,0.270401717,0.276910294,0.283527846,0.2902728,0.295520191,0.3012421,0.307233477,0.312757769,0.318587703,0.324547547,0.329599113,0.334661732,0.34101237,0.347287473,0.351822556,0.357219363,0.360437443,0.365788546,0.369699707,0.373776004,0.377265124,0.381203517,0.384575157,0.387532264,0.393405194,0.396180047,0.398353678,0.400792158,0.40433625,0.405419838,0.408138882,0.409492726,0.410066626,0.411055746,0.413555357,0.413154952,0.413116221,0.414946636,0.416687274,0.41562937,0.416034712,0.418862741,0.419752764,0.419324075,0.419978129,0.420728061,0.420831858,0.422757393,0.42119858,0.420748872,0.422914362,0.421741429,0.421809141,0.419917718,0.426262805,0.424640069,0.427636313,0.428233684,0.428531768,0.43229723,0.435187405,0.43870713,0.436346876,0.432830657,0.43379269
57,0.592133012,0.591155779,0.5932565,0.588539085,0.590352537,0.589456697,0.586634094,0.587861039,0.588832408,0.587695113,0.589228466,0.587922153,0.588901916,0.586973443,0.583772434,0.584429096,0.582981878,0.582620525,0.583052779,0.582574512,0.583856914,0.584623908,0.586093565,0.586263466,0.587453688,0.588397509,0.591596362,0.591497824,0.592844939,0.594350917,0.595499288,0.59746561,0.597170373,0.598124271,0.599548662,0.600984276,0.600751209,0.60213406,0.601721336,0.602329177,0.602337066,0.602659268,0.603480114,0.603361649,0.602371949,0.603263841,0.602000439,0.601266494,0.601473509,0.600849867,0.599151528,0.600185036,0.59845823,0.598203944,0.596851838,0.596041315,0.595680944,0.593834899,0.590763241,0.588395722,0.583822795,0.579527863,0.572387695,0.567167749,0.562602342,0.558738308,0.55771393,0.555835558,0.555207068,0.555266793,0.554397026,0.554305494,0.554753067,0.554551298,0.554399709,0.555127977,0.555150374,0.555673977,0.557555708,0.558843848,0.558219084,0.559905748,0.560534873,0.562660708,0.562975016,0.564417983,0.566275204,0.565291026,0.566858019,0.566429076,0.567291926,0.567422732,0.567568944,0.567776051,0.568453704,0.568577146,0.56865024,0.568510542,0.567304614,0.566706545,0.565965803,0.564282853,0.563486994,0.561132837,0.559025138,0.55732959,0.554667498,0.551670612,0.548799765,0.545633139,0.541535666,0.537555927,0.530801493,0.525814626,0.521093862,0.516064168,0.510620888,0.505711603,0.500480685,0.496220815,0.491936371,0.488066398,0.483749347,0.477112939,0.47038449,0.46231752,0.450823229,0.43665698,0.418677405,0.397867337,0.373854024,0.347680572,0.321558795,0.287674533,0.266099063,0.2485352,0.234791467,0.223873964,0.214676529,0.208692069,0.204268288,0.201163593,0.198889715,0.197810792,0.197329584,0.196269433,0.196523037,0.197396295,0.198148876,0.199257063,0.200391714,0.201871055,0.204019597,0.206725678,0.211415897,0.217168734,0.222703072,0.227657057,0.233500691,0.239272052,0.24486497,0.252058575,0.257077196,0.262797309,0.269876745,0.276050688,0.284402922,0.289109244,0.294848335,0.302091235,0.307834559,0.313184678,0.318716636,0.326125502,0.330753972,0.337031768,0.345028341,0.350097589,0.355202371,0.359445414,0.363118723,0.368493803,0.37322094,0.376401464,0.380478859,0.385824224,0.389735437,0.393476769,0.397523523,0.400493414,0.404415659,0.405427268,0.408904007,0.411486307,0.414441,0.41411028,0.417181658,0.416405465,0.418907665,0.418074799,0.420925496,0.422891146,0.423465583,0.424923039,0.425155047,0.427912059,0.428049803,0.429428765,0.428914157,0.429619421,0.430747557,0.432608914,0.432591273,0.433131066,0.43240875,0.434906121,0.439267396,0.440208716,0.446033793,0.45062014,0.457108002,0.460417228,0.467794306,0.464418547,0.466101695,0.473125226,0.469587708,0.45593736
170,0.552831812,0.551109393,0.552425022,0.552053051,0.549423531,0.54553796,0.540666461,0.541743874,0.542415861,0.54239004,0.546714211,0.547607346,0.548738938,0.548983512,0.547759434,0.54690938,0.545850295,0.545698259,0.546550228,0.54705374,0.548029892,0.548333805,0.548706023,0.550598393,0.55137552,0.552249996,0.553653091,0.554889804,0.555034719,0.556958989,0.55887105,0.559119476,0.560071963,0.561289406,0.563044919,0.563300485,0.563986572,0.564591729,0.565239191,0.565287103,0.565853635,0.566111752,0.566810667,0.567060188,0.567985464,0.565409867,0.567426106,0.566768269,0.566944755,0.564512536,0.564912665,0.565374579,0.565771663,0.56505897,0.564224925,0.562818946,0.561394823,0.561381612,0.558272015,0.555525847,0.552243127,0.54746587,0.543801042,0.539063746,0.53550922,0.530502629,0.530877194,0.528511309,0.528293622,0.527762114,0.527309296,0.527939885,0.527851691,0.527647316,0.528645314,0.528190531,0.528498332,0.529789045,0.530114752,0.530971672,0.532642603,0.53375005,0.534635186,0.53594699,0.538082518,0.538487378,0.538245123,0.539760082,0.539763272,0.54056769,0.541246236,0.541674045,0.541660642,0.542736863,0.542701625,0.543373863,0.543412453,0.543455968,0.542530738,0.541069373,0.540185121,0.539996364,0.538874875,0.537953718,0.535149259,0.533337808,0.531861506,0.528839987,0.526495213,0.523718681,0.519849857,0.516314987,0.510986897,0.506785069,0.502488453,0.498217382,0.493173446,0.488085154,0.485260984,0.480680672,0.47734691,0.473594895,0.468926467,0.463991898,0.458405009,0.45074004,0.440634895,0.428205881,0.411854761,0.393408046,0.370969292,0.347307482,0.323722834,0.293043231,0.273545361,0.256598421,0.242729966,0.23228939,0.223538178,0.218068226,0.214084799,0.2104537,0.208442253,0.207615301,0.207632405,0.207663961,0.20715098,0.208568048,0.209579843,0.210448204,0.212494121,0.213329633,0.216453142,0.220200048,0.223608124,0.2306589,0.235543683,0.240909311,0.247375696,0.252355676,0.257882471,0.263438243,0.269822035,0.276668629,0.281575097,0.28716578,0.294904626,0.29969934,0.305117368,0.311216365,0.316908656,0.321917553,0.327383561,0.333120842,0.338018556,0.342370035,0.348922774,0.353214211,0.359177946,0.362845273,0.36683193,0.369864274,0.373751537,0.377519461,0.380392001,0.385066026,0.388073731,0.391601642,0.394068658,0.396820037,0.400689271,0.401667414,0.404657021,0.404643226,0.407056092,0.408607799,0.410450373,0.410432739,0.413279111,0.412410304,0.413746439,0.415052849,0.414548025,0.416860279,0.418149552,0.418165076,0.418310179,0.418343772,0.418326461,0.419103422,0.419300872,0.423147076,0.426060126,0.426836302,0.42643389,0.42890834,0.435772321,0.444084357,0.460853751,0.478915229,0.4996669,0.519938543,0.537081971,0.547648566,0.551269563,0.546615241,0.545470486,0.524213256
117,0.541392784,0.540433638,0.54280125,0.543946445,0.541915228,0.540807068,0.543154711,0.54191626,0.542165762,0.541413775,0.542299203,0.541998308,0.541563088,0.53954106,0.538815733,0.537467736,0.537626962,0.537947826,0.537631959,0.538669892,0.539890686,0.539313176,0.539805308,0.541556284,0.542202765,0.54204039,0.545375807,0.546363754,0.546248886,0.548280989,0.549487733,0.551491768,0.550440735,0.551699444,0.551946211,0.55348334,0.553519672,0.554043171,0.553669586,0.555511571,0.554715385,0.554567132,0.555111135,0.55396791,0.554897381,0.554133445,0.553757173,0.554538834,0.55283035,0.553353248,0.553742307,0.551892763,0.550743774,0.548751024,0.549583883,0.548682797,0.548003354,0.545656148,0.543396535,0.540632698,0.536803285,0.532805804,0.528597085,0.52276025,0.519225633,0.516257255,0.515166941,0.514215552,0.51243675,0.511826109,0.511787016,0.511551227,0.511529656,0.512394163,0.511726707,0.51130447,0.512021904,0.51260534,0.513575337,0.514359688,0.516124376,0.516541546,0.517588251,0.518319292,0.519558226,0.520190587,0.519560786,0.521376228,0.521149779,0.521469489,0.522597418,0.522859442,0.523079976,0.52357454,0.523483424,0.523325251,0.524396059,0.523425658,0.522107417,0.52250035,0.521562131,0.519906884,0.518891637,0.518109276,0.516402803,0.514587036,0.513003003,0.510824919,0.508868055,0.505576474,0.502623403,0.498916415,0.49349185,0.490254053,0.485736969,0.482247191,0.477646571,0.472669829,0.469232972,0.465842343,0.462466895,0.459494486,0.455400084,0.450582704,0.444619275,0.437915369,0.428427826,0.41561773,0.402402992,0.383283143,0.362222941,0.339979523,0.31680681,0.287620837,0.268316212,0.252095706,0.238459835,0.227830705,0.220236962,0.214501578,0.210330502,0.207440137,0.205435636,0.204665,0.204268425,0.203435174,0.20405446,0.204414359,0.204999346,0.205643758,0.207639338,0.209624548,0.21189678,0.215221094,0.21784413,0.224102158,0.229555179,0.234322205,0.239809458,0.245083221,0.251008032,0.25717341,0.262412242,0.267097826,0.272984343,0.278418358,0.28499254,0.290689025,0.295801184,0.300473368,0.306574358,0.310899746,0.31580163,0.321284638,0.326779759,0.331303219,0.337226723,0.340917457,0.344824138,0.349088547,0.352731211,0.356744536,0.360907918,0.363478826,0.368020087,0.369561211,0.372825042,0.376806867,0.380303481,0.382939822,0.38536334,0.387899704,0.390052045,0.392258417,0.392889969,0.394408291,0.395755302,0.396510588,0.398486447,0.398956591,0.399866217,0.40092884,0.400956067,0.402893828,0.403204355,0.404178139,0.406190874,0.406442502,0.40644996,0.40402391,0.406991057,0.407386474,0.40514091,0.405426489,0.403719045,0.405823703,0.405859022,0.407595371,0.404199827,0.404910632,0.402192773,0.407555929,0.405339447,0.401052905,0.402645669,0.403934008,0.403865205,0.391796939
149,0.667487726,0.666192501,0.664482741,0.662381941,0.659091329,0.652390514,0.648254186,0.645661911,0.646843339,0.649334425,0.650809883,0.651770954,0.65097086,0.650579053,0.649634722,0.64877563,0.647107386,0.646817188,0.647382481,0.647720716,0.647460593,0.648603596,0.649306855,0.648470774,0.651875406,0.651102234,0.652327685,0.653960975,0.655500675,0.656813651,0.658651742,0.659252988,0.661410671,0.660255172,0.66110468,0.662617389,0.66316259,0.664025105,0.664075792,0.665120563,0.665865131,0.665446334,0.665982826,0.66756649,0.668822324,0.667858473,0.66722838,0.667677869,0.667511768,0.669172194,0.667543548,0.668147744,0.667017248,0.666362635,0.666095572,0.666743672,0.664441129,0.662656327,0.659672932,0.658825758,0.654716289,0.6478246,0.642562446,0.63579651,0.63210302,0.628788055,0.627218673,0.626294145,0.623567137,0.624592395,0.624826743,0.624576349,0.624558925,0.623963374,0.624542125,0.624917815,0.625230906,0.625636437,0.627762375,0.628246835,0.629095129,0.629742152,0.63092631,0.632293624,0.633426614,0.634109216,0.634491552,0.636456451,0.636198746,0.637005176,0.637338716,0.637514171,0.638241693,0.63874887,0.639079357,0.638482112,0.639270552,0.639173311,0.638011899,0.637404901,0.63566355,0.634793637,0.634160556,0.632105146,0.62989098,0.627464914,0.624724779,0.622946352,0.619088966,0.6157938,0.611382024,0.607479801,0.601222668,0.595907707,0.590199458,0.585636311,0.579902579,0.574795792,0.569671021,0.56460522,0.560247676,0.555893032,0.550905071,0.544723606,0.53762766,0.527788289,0.516000056,0.500056793,0.480433036,0.457280181,0.430348137,0.401576383,0.370974411,0.332851487,0.308754801,0.287557575,0.271800699,0.258506435,0.24926047,0.2410524,0.235887753,0.232362201,0.230075652,0.228668703,0.228259936,0.227919392,0.229031839,0.229470593,0.230451748,0.231370771,0.23333462,0.235338305,0.238977575,0.242617775,0.247142673,0.254963207,0.260258069,0.267843652,0.274157944,0.282189517,0.289492323,0.297282067,0.30380377,0.311277953,0.317773953,0.32491615,0.33464091,0.341695656,0.348640715,0.355575034,0.361985969,0.368225562,0.374869047,0.382506164,0.38831396,0.394446735,0.403609485,0.409231159,0.414259361,0.419181884,0.424898694,0.428995004,0.434217982,0.439036179,0.4430561,0.447094206,0.451084988,0.456741908,0.459424742,0.462701198,0.466594209,0.469449071,0.472505291,0.474244788,0.474686925,0.477112473,0.480994111,0.479137987,0.481592975,0.481528389,0.482241814,0.482520287,0.482513033,0.484342782,0.485674637,0.485782624,0.488211373,0.488202573,0.487009038,0.485435106,0.486285991,0.491664463,0.493684505,0.492919006,0.493510154,0.500190278,0.507625618,0.513108252,0.53294316,0.556093306,0.580718284,0.601867648,0.622498857,0.633013748,0.644035327,0.639750727,0.635337439,0.609146676
221,0.567227346,0.570860238,0.569902259,0.568983451,0.570357374,0.564159544,0.56693068,0.566079673,0.563763922,0.56479167,0.565961201,0.565308175,0.564939561,0.563754249,0.564234911,0.563143903,0.562570572,0.56365216,0.562651763,0.56260767,0.56351045,0.56421989,0.564451763,0.564954964,0.565727672,0.56531346,0.566931004,0.567881838,0.568849295,0.568429666,0.569467766,0.570313722,0.570637272,0.571184165,0.571531637,0.572690371,0.572810285,0.572855512,0.573723686,0.573165186,0.574197163,0.574373524,0.574230185,0.574857791,0.575158705,0.574137832,0.575118429,0.57580986,0.574598257,0.574828308,0.575718751,0.574955954,0.573906656,0.572465992,0.573118292,0.571415242,0.572708553,0.570601043,0.569125785,0.568914866,0.565490471,0.562792957,0.560044353,0.55676804,0.554551668,0.552244066,0.55172321,0.551454762,0.551104936,0.550820739,0.551363467,0.550094685,0.551538884,0.552371833,0.551939682,0.551435291,0.551925556,0.553689893,0.553511162,0.554551833,0.556244971,0.557144414,0.556946833,0.557608051,0.558130261,0.559378017,0.559330161,0.559151282,0.560035524,0.560892974,0.560336727,0.560863946,0.561987004,0.561395692,0.56191929,0.561781066,0.56177268,0.561985252,0.561889598,0.560936635,0.560570054,0.559994779,0.558324123,0.558144319,0.556638014,0.556140504,0.555174945,0.553854295,0.551191013,0.549236219,0.547066767,0.545559308,0.542035093,0.538871616,0.535721696,0.533308284,0.530560604,0.527839045,0.5252486,0.522421772,0.519781731,0.517502677,0.516520323,0.511827572,0.508406574,0.502703058,0.494778406,0.485260634,0.472427926,0.456949856,0.438849289,0.418164882,0.396341726,0.368868146,0.35061302,0.333112233,0.320423773,0.309393143,0.301889494,0.29598512,0.293128802,0.290916939,0.289228193,0.288558556,0.288528209,0.289961835,0.29041357,0.293277172,0.294499997,0.295981286,0.298431064,0.301402079,0.304505057,0.308738135,0.313495505,0.321574819,0.328546418,0.334462098,0.341426005,0.348112614,0.35447604,0.359058905,0.36488972,0.372128086,0.37757695,0.384694532,0.391527599,0.396577034,0.401230137,0.406944073,0.412819177,0.416452432,0.421515656,0.427359831,0.431872726,0.436408573,0.44106873,0.44474706,0.449172467,0.452304631,0.455800131,0.459810795,0.4627633,0.464488489,0.467846576,0.469800279,0.472923731,0.474315565,0.476515365,0.47886551,0.481913391,0.482806873,0.482089274,0.486136262,0.486271697,0.484878011,0.484731401,0.484565943,0.486001855,0.485898733,0.486014021,0.487485053,0.486077842,0.486322501,0.486372952,0.487300087,0.485859499,0.486893139,0.487273778,0.484756212,0.486581888,0.485503471,0.485051304,0.486247033,0.486369378,0.482318905,0.482796318,0.486753483,0.488889148,0.48722357,0.48882529,0.498831677,0.498041566,0.502747143,0.503722286,0.508004934,0.502036388,0.499101258
48,0.565156142,0.567413993,0.568563006,0.565443097,0.563504045,0.56351134,0.560388946,0.559470281,0.560228767,0.562012665,0.561196239,0.56107221,0.562094965,0.560594177,0.559198113,0.557516044,0.557326787,0.558748439,0.558934695,0.559075209,0.55815777,0.559585029,0.561896448,0.561951955,0.562855697,0.561998756,0.56440674,0.566377334,0.566391072,0.568376407,0.569105445,0.569702693,0.570333374,0.570691329,0.572218696,0.573030921,0.572958824,0.57366101,0.574031214,0.573788289,0.574506864,0.575012011,0.575267469,0.575252849,0.57616293,0.575623279,0.574709869,0.576975943,0.576765743,0.57502569,0.574478216,0.575530199,0.573586632,0.574787217,0.573550225,0.573482631,0.571218362,0.570720884,0.569243136,0.567272727,0.565187896,0.561330456,0.556635022,0.552844232,0.549286652,0.546851386,0.545805207,0.54478413,0.543826808,0.543974387,0.544160467,0.543859121,0.543637865,0.543168617,0.544409521,0.543753529,0.54391758,0.546539683,0.545546648,0.546550148,0.547145735,0.548273317,0.548514452,0.549818295,0.551689474,0.552186632,0.552817993,0.553871681,0.553291096,0.553540519,0.555353345,0.554584799,0.55607879,0.556024755,0.556432965,0.556569862,0.557294093,0.556326353,0.556460068,0.556083756,0.555788315,0.554237757,0.554554927,0.553049313,0.551427669,0.550779346,0.548438144,0.547128973,0.544232503,0.542192291,0.539305984,0.537628915,0.531357384,0.528867504,0.524055048,0.521020464,0.517177157,0.513235756,0.50994705,0.505965009,0.50278537,0.500053126,0.496559602,0.492117664,0.48718056,0.481271265,0.472144626,0.460104562,0.446278608,0.428670358,0.407486124,0.386013206,0.36134935,0.330597691,0.310287268,0.292598452,0.278057458,0.266660258,0.257431043,0.25018802,0.245738271,0.243226543,0.240693615,0.238556414,0.238919711,0.238852644,0.238527661,0.239681131,0.240169802,0.242239275,0.242871233,0.245328106,0.248066507,0.251859603,0.25588998,0.262815198,0.268356934,0.273580342,0.280545923,0.286820503,0.292262612,0.299043548,0.304978881,0.30984788,0.316162206,0.321979419,0.330984599,0.336018532,0.34138178,0.347485047,0.353371111,0.357832924,0.364881109,0.369756662,0.373513917,0.379193928,0.38658067,0.390455845,0.394401761,0.398974783,0.402916691,0.406694784,0.410850108,0.413468697,0.417194844,0.420650787,0.423308566,0.427584085,0.430089168,0.431947217,0.435346895,0.437208463,0.441100018,0.44149576,0.442405182,0.443034746,0.444624111,0.44583122,0.446308388,0.446450184,0.447087441,0.446682641,0.447454272,0.449252897,0.449631495,0.450523838,0.451070732,0.452439986,0.449531426,0.451593022,0.451408823,0.452645211,0.454222732,0.454706778,0.454955394,0.456190471,0.4596194,0.462664458,0.475019013,0.481024085,0.489596041,0.492342841,0.505573724,0.502631071,0.504399636,0.505120362,0.499989041,0.49937659
166,0.620737941,0.622450715,0.619059975,0.618467412,0.617983621,0.611591481,0.60615863,0.603354368,0.604484046,0.606488462,0.608309084,0.610090191,0.610033398,0.60850482,0.607665094,0.605895558,0.605576391,0.605805759,0.606671616,0.606266139,0.606588541,0.607407076,0.609114452,0.608683921,0.609237138,0.610960142,0.614142364,0.61449628,0.614762792,0.616834054,0.619995716,0.619562436,0.621277358,0.622342543,0.623088699,0.623681606,0.624449505,0.625863178,0.62718256,0.62580228,0.627063315,0.62665994,0.626873731,0.626632188,0.628772098,0.627224961,0.62693954,0.627669477,0.627450131,0.62706688,0.624712831,0.626671253,0.625303614,0.624664119,0.625004656,0.62332196,0.621761682,0.621020636,0.617544364,0.615046791,0.611442575,0.606634302,0.602479366,0.595280372,0.590834855,0.587849396,0.587378355,0.585406779,0.584529624,0.584755355,0.585535674,0.584904601,0.585706467,0.58526068,0.585806936,0.585975511,0.58643489,0.58800687,0.587066154,0.589708448,0.589711388,0.591837662,0.592570732,0.59450105,0.594321189,0.595858032,0.595942395,0.596832783,0.597269276,0.597072054,0.598980792,0.597911374,0.599256007,0.599324223,0.599687406,0.599399952,0.600414424,0.598844367,0.599067433,0.598929605,0.597667199,0.595690778,0.596149601,0.593370192,0.591171086,0.588464042,0.58670022,0.583918285,0.581110041,0.5773178,0.573397225,0.5697071,0.56291445,0.558475877,0.552904957,0.548043831,0.542399367,0.537480083,0.532698472,0.527606306,0.523610443,0.519205783,0.514022716,0.508130514,0.500903498,0.492137123,0.481031022,0.465378414,0.446555951,0.424415491,0.39817022,0.370211752,0.34116777,0.306231824,0.282171316,0.262711693,0.246519756,0.234246685,0.225306377,0.218103505,0.213276742,0.209708268,0.207982109,0.206537005,0.20600591,0.206013882,0.206597726,0.207348905,0.208346684,0.20938263,0.210795291,0.212947858,0.215763181,0.219669632,0.224276811,0.231203642,0.237283248,0.243434347,0.249209942,0.256075215,0.262895647,0.270146822,0.276455912,0.283820938,0.289561546,0.296554656,0.305619068,0.312209818,0.317371612,0.325539587,0.331635101,0.336638391,0.342695199,0.349931609,0.355757705,0.361596861,0.368774724,0.374328103,0.378163848,0.384463076,0.388430769,0.392900444,0.397020974,0.401632081,0.405657662,0.409169141,0.414121672,0.419173629,0.422315054,0.425060656,0.429837719,0.431004986,0.435303184,0.437535672,0.439794356,0.440653981,0.441641033,0.440469628,0.4449053,0.445276281,0.446684845,0.447073345,0.447821861,0.45067595,0.452034867,0.452644409,0.452316589,0.452641239,0.453675705,0.453424869,0.454741569,0.457419449,0.459914972,0.459783996,0.461124975,0.467950195,0.473270619,0.483143078,0.499236187,0.520750996,0.540313719,0.561551585,0.583008053,0.588519712,0.600347425,0.598654836,0.596650812,0.584260137
74,0.612386753,0.608496328,0.60977649,0.608553821,0.607162884,0.601838358,0.596961241,0.597065468,0.59893263,0.599423455,0.602280793,0.600841275,0.601899782,0.602582581,0.600204211,0.600137417,0.599037018,0.597156221,0.598098156,0.599414312,0.599052513,0.600925636,0.601213402,0.601902619,0.603777549,0.604030528,0.606229878,0.60577652,0.606352751,0.608092811,0.610478381,0.612056493,0.611916643,0.611918723,0.614818065,0.614791292,0.614613362,0.616748964,0.617019457,0.617821234,0.617693973,0.617108677,0.619337824,0.620179562,0.619375271,0.619856403,0.619158444,0.618655471,0.61861389,0.619097579,0.61733512,0.618216539,0.616429828,0.616945298,0.616331148,0.61567996,0.613927605,0.612408864,0.611061837,0.608656417,0.60506963,0.600996812,0.59796431,0.593009124,0.589475282,0.586259668,0.585912925,0.584304137,0.582940768,0.582963526,0.583955371,0.584012177,0.584275522,0.584643535,0.585900759,0.584552254,0.586320035,0.587459724,0.587064275,0.588475726,0.589375387,0.589759533,0.590890033,0.591838773,0.592616345,0.594234416,0.594196145,0.595514969,0.594795918,0.595747299,0.596680484,0.596425173,0.597131487,0.596888435,0.597695985,0.597803407,0.597728459,0.597619347,0.596396886,0.596679702,0.596001765,0.594555605,0.593387121,0.591924978,0.58977617,0.58890909,0.586147957,0.58372152,0.581647623,0.579336256,0.575707111,0.572146355,0.56683202,0.562642623,0.558420662,0.553998157,0.549915665,0.545759464,0.540852256,0.537488143,0.534001119,0.531310905,0.52684366,0.521012626,0.515237033,0.508358053,0.498454438,0.484227348,0.467878102,0.447591444,0.423746812,0.398035165,0.371267734,0.33702645,0.314623559,0.294785326,0.280308136,0.267260684,0.258427145,0.251595967,0.247658822,0.244125638,0.241091087,0.240237092,0.239795257,0.239882036,0.241235874,0.24149523,0.242817976,0.24433031,0.2458319,0.248399988,0.250854873,0.254468532,0.259278723,0.266175359,0.273130107,0.279231436,0.286013027,0.29339919,0.300404024,0.307389021,0.314204176,0.320767732,0.327348706,0.333246071,0.342100659,0.348501003,0.354870729,0.360358253,0.36678134,0.37311804,0.378506526,0.38569565,0.390794497,0.395746224,0.404063909,0.408699866,0.413002493,0.417489957,0.421733527,0.425735124,0.429663491,0.434044246,0.438030763,0.440219877,0.445031449,0.448507657,0.452014579,0.455408905,0.456712627,0.459511106,0.461518334,0.464275784,0.464562888,0.466423327,0.468473241,0.468313997,0.471291781,0.470229159,0.472061898,0.473803769,0.471142529,0.475608428,0.476898236,0.474400318,0.474930067,0.474714624,0.475421717,0.477294516,0.477472044,0.479767626,0.482518046,0.483819448,0.482277826,0.487074487,0.493565884,0.501154832,0.513302252,0.532235919,0.548931053,0.566260613,0.575037217,0.581673417,0.59268459,0.582676268,0.581066567,0.566106429
153,0.537427208,0.540839122,0.541497076,0.542199523,0.540437714,0.5392477,0.542133356,0.541110813,0.538535019,0.539614359,0.538902016,0.538202193,0.539336467,0.534317686,0.536896227,0.534230294,0.536338819,0.534710358,0.53555582,0.535882529,0.53737401,0.537491754,0.537441883,0.538417844,0.53943944,0.539690379,0.542179082,0.543198376,0.543160087,0.545904455,0.545404776,0.54610585,0.547751698,0.547250794,0.546716208,0.547348371,0.546409551,0.546904799,0.546802675,0.544837402,0.544879947,0.544789563,0.543649218,0.543413348,0.543152827,0.541704021,0.54108108,0.540440652,0.539111539,0.537817092,0.538932761,0.537615439,0.53664008,0.534381742,0.535783734,0.533203161,0.533451472,0.532865617,0.529903504,0.529309732,0.527126231,0.523735602,0.519979108,0.516092764,0.512546137,0.510682803,0.508607257,0.508871652,0.506866873,0.507839893,0.507015726,0.506799239,0.507009679,0.507555904,0.506162563,0.505684029,0.507087814,0.506921986,0.507355385,0.507986537,0.509145626,0.510072535,0.510309379,0.510200724,0.511147521,0.511549256,0.51197927,0.51210169,0.513459102,0.512323253,0.513637361,0.514463855,0.514155783,0.514497336,0.514073997,0.514536813,0.514374448,0.513624159,0.513918327,0.513395156,0.512211468,0.510009283,0.509914033,0.509090961,0.507743775,0.506519806,0.50441494,0.50242556,0.499524453,0.496682134,0.494431348,0.491200888,0.486975082,0.48272852,0.478668131,0.47489866,0.470971267,0.46747786,0.464864399,0.460610719,0.456989446,0.454689304,0.45231651,0.447152094,0.441451006,0.434799046,0.426591339,0.415299987,0.401143837,0.383702217,0.364462174,0.341928729,0.319871752,0.29220225,0.274245496,0.257971532,0.245422573,0.235621706,0.228520712,0.223133848,0.219349603,0.216393874,0.21559509,0.214579407,0.21402253,0.213600105,0.213858165,0.21535119,0.216454246,0.217632891,0.218651374,0.220694237,0.222595094,0.226060878,0.230112443,0.235287576,0.24071383,0.246553568,0.252145083,0.258214658,0.263026986,0.268223889,0.273549228,0.278811446,0.285068215,0.290270343,0.296648037,0.301926136,0.306986064,0.313523631,0.317775837,0.32237757,0.327929604,0.33332083,0.337550104,0.343620386,0.348058212,0.353448351,0.358530439,0.362625563,0.365749623,0.371350537,0.374813219,0.378254329,0.380853558,0.385132981,0.387433575,0.39271144,0.395785369,0.398340293,0.400882114,0.40346167,0.405530032,0.408374959,0.409884963,0.412602353,0.413636653,0.414270197,0.415639416,0.416786636,0.417059351,0.419095753,0.420676239,0.420788099,0.420011047,0.420985583,0.423406896,0.425213793,0.422940964,0.424068481,0.425395123,0.424254199,0.423395063,0.422555054,0.424282483,0.425500435,0.423757189,0.422754014,0.422369578,0.422956185,0.422717186,0.423534583,0.428397732,0.427894989,0.431030278,0.42524435,0.421524382,0.425404434
13,0.622711859,0.621260147,0.61730851,0.617194722,0.617570757,0.610436435,0.602296209,0.604788376,0.604616687,0.606998234,0.608268716,0.611583805,0.61133747,0.61121289,0.610771399,0.610602213,0.609101352,0.609905571,0.611094266,0.610525452,0.611409179,0.612946981,0.613677546,0.613757251,0.614617948,0.615366241,0.61777548,0.61849001,0.619385051,0.620753987,0.622507753,0.62361197,0.625247866,0.625880776,0.626255531,0.627769886,0.628311188,0.630110487,0.629839177,0.629471891,0.630418746,0.63065725,0.631085257,0.632118129,0.631692276,0.630967299,0.630092538,0.630170152,0.630365849,0.629620314,0.628298127,0.629871424,0.62810276,0.628206992,0.627358095,0.626461463,0.625497652,0.624501265,0.622852537,0.619567736,0.616553748,0.611322343,0.607970944,0.602979774,0.598631021,0.595325354,0.595147659,0.594052823,0.593385069,0.592402808,0.592941448,0.592788012,0.593111958,0.593709457,0.593953894,0.593791818,0.594308182,0.59556242,0.595819667,0.596821738,0.59732007,0.598973844,0.599331319,0.601491089,0.602582177,0.60307857,0.604753334,0.604499445,0.605248619,0.605541388,0.606575644,0.606888163,0.607716297,0.607374682,0.60843939,0.608846441,0.608621885,0.609129622,0.60751759,0.607490359,0.606806959,0.607131191,0.605593837,0.603557043,0.60154669,0.600778033,0.599211386,0.596476295,0.593318541,0.590939828,0.587255085,0.583370436,0.578138554,0.573864844,0.569472624,0.564677671,0.560710836,0.555771429,0.551468991,0.54744329,0.543829443,0.540995003,0.536314299,0.530415628,0.524013204,0.516730899,0.504912429,0.491064583,0.473990748,0.453096624,0.428314173,0.400767499,0.373317877,0.338546597,0.314774319,0.294751035,0.278834851,0.265464133,0.256072723,0.249290013,0.244161022,0.241019672,0.238386294,0.236815831,0.236010203,0.235108171,0.236326598,0.2370451,0.23790266,0.239998256,0.241089919,0.242774097,0.245962753,0.250088553,0.254677644,0.262110885,0.267918808,0.275223383,0.282110096,0.289235273,0.296262871,0.303505712,0.309966831,0.317726883,0.324045113,0.331689132,0.340221804,0.34707072,0.352518334,0.359001788,0.365471275,0.371714579,0.377834542,0.383812777,0.38849952,0.395081369,0.402672099,0.408388649,0.412862842,0.41820331,0.421684761,0.426185657,0.430357349,0.43580912,0.439792733,0.443197068,0.446736816,0.450858797,0.454511395,0.457513813,0.463255987,0.461825079,0.465365638,0.467714885,0.469557771,0.470067354,0.473438841,0.470664025,0.474266457,0.474785887,0.476713738,0.475197168,0.477904038,0.478508988,0.477947386,0.48080788,0.479893906,0.480558999,0.479453538,0.4835733,0.482165184,0.486657668,0.487053827,0.489754371,0.493007978,0.493484984,0.5030128,0.51085905,0.528604966,0.549455718,0.572325901,0.590055171,0.610753596,0.621277241,0.630495487,0.628845021,0.614909147,0.606029624
67,0.911966663,0.918082721,0.917911792,0.919097059,0.918425447,0.913134061,0.911651957,0.910214712,0.910931569,0.909544221,0.907816258,0.907938494,0.905102719,0.90076921,0.895550506,0.892662125,0.891160712,0.889978622,0.89209987,0.891486246,0.891969301,0.893929457,0.895523228,0.898347916,0.9008298,0.901906945,0.905658825,0.909056666,0.910272697,0.913784751,0.915996946,0.918453408,0.920641053,0.922023869,0.924409107,0.924967062,0.927064651,0.928557239,0.929150548,0.929781112,0.929547915,0.929098203,0.930547185,0.931232403,0.930520576,0.931404187,0.92905031,0.928756077,0.929184875,0.927392407,0.924220746,0.924716516,0.923404346,0.922138854,0.920450948,0.918488418,0.916962908,0.914787104,0.90780755,0.901936275,0.892671997,0.881851711,0.871973379,0.859484293,0.850143439,0.843288913,0.838286879,0.835846064,0.833858131,0.834011654,0.833175843,0.832946282,0.833415263,0.833183483,0.833085093,0.832073158,0.832246999,0.834095158,0.834976457,0.83661035,0.839189484,0.840845869,0.840774417,0.844662427,0.845693015,0.847954035,0.849427531,0.851301428,0.852598046,0.853717321,0.855319149,0.856323389,0.856858602,0.858446234,0.858700553,0.859390215,0.859500978,0.858124891,0.858328996,0.856711084,0.854785178,0.852634473,0.851058632,0.84811917,0.844460983,0.840589332,0.835540686,0.83008063,0.824579295,0.816967565,0.809733313,0.802258246,0.789554219,0.780176665,0.769892211,0.759233254,0.750014031,0.739397179,0.730069439,0.721742136,0.713350329,0.705135911,0.696534864,0.683707681,0.670609202,0.655779008,0.635903735,0.610583673,0.57886771,0.542745174,0.501059521,0.457611974,0.413902589,0.360218789,0.326527377,0.298150587,0.276606116,0.258276351,0.245242702,0.235372505,0.228589334,0.223292781,0.219352136,0.216389771,0.215000463,0.214488128,0.214862387,0.215721272,0.216708609,0.217856645,0.219043741,0.221346926,0.225829111,0.229299833,0.23392295,0.243411737,0.251033386,0.258279403,0.266104515,0.275283693,0.283612837,0.291694779,0.301457408,0.311559693,0.319528315,0.329484616,0.341901838,0.351049508,0.360079893,0.36895666,0.378553475,0.386301064,0.395270651,0.404883228,0.412788738,0.42146186,0.433550959,0.441337702,0.448109181,0.455329686,0.463259216,0.469863802,0.476115934,0.483116528,0.488678721,0.496364441,0.50255163,0.509211263,0.516008521,0.520315219,0.524128638,0.529310797,0.533691227,0.538841359,0.540870613,0.544927818,0.549793849,0.549714437,0.555619643,0.556717701,0.55944205,0.5624557,0.564856411,0.567097697,0.569093229,0.570658943,0.572620139,0.57481364,0.577066933,0.577476845,0.578220481,0.579069046,0.583054093,0.584304002,0.585956516,0.587798616,0.590928691,0.593462804,0.597493635,0.604020482,0.609382165,0.608941167,0.614938285,0.616194176,0.609455159,0.61185948,0.603226443,0.598149718
218,0.579065757,0.579383052,0.579812543,0.577871421,0.579074707,0.575667349,0.57711968,0.574481851,0.574584803,0.573556567,0.575496986,0.57517041,0.573986354,0.571098701,0.569730641,0.569235478,0.568367212,0.569150046,0.568869825,0.570049954,0.570070802,0.571645876,0.57168733,0.572432327,0.57410511,0.573667235,0.575825025,0.576513635,0.577093019,0.578548954,0.578569884,0.580347036,0.580399698,0.581209747,0.58106504,0.581936746,0.582846601,0.583586413,0.584625816,0.584157459,0.585119912,0.584321757,0.585059557,0.585612529,0.586175636,0.586316904,0.58683851,0.586866605,0.586132211,0.586429615,0.586750543,0.586975393,0.584693064,0.584264633,0.584581301,0.58444845,0.583119546,0.582677007,0.580355227,0.578503269,0.575811936,0.572981551,0.568289869,0.563526746,0.560253215,0.558465013,0.557256521,0.557639091,0.556916539,0.55686332,0.557417576,0.55696676,0.55823283,0.558249077,0.558086901,0.559098148,0.559855477,0.560048017,0.561839511,0.56191348,0.563644105,0.564160253,0.564216867,0.56636028,0.567496294,0.567346041,0.568028755,0.568318055,0.568832977,0.569420192,0.569354084,0.570155344,0.570022327,0.571394351,0.570965061,0.571211313,0.571179882,0.570973098,0.571110889,0.570556773,0.569260756,0.568254866,0.567096837,0.566135503,0.564848022,0.563450134,0.562861562,0.55996396,0.558139003,0.555474551,0.552725535,0.549973914,0.545627431,0.542008094,0.538029947,0.534938401,0.529969305,0.526382211,0.523395974,0.520329122,0.517225095,0.514827166,0.51174101,0.506895313,0.501186578,0.494238781,0.485671403,0.473587868,0.457824529,0.439638506,0.417474375,0.394295568,0.369374543,0.33848985,0.318195203,0.300698235,0.285718489,0.274799538,0.267353937,0.26109358,0.257074899,0.254957576,0.253553761,0.25289184,0.252422615,0.252897764,0.253166275,0.254662629,0.255367871,0.257477191,0.259731922,0.261636971,0.264833767,0.268844513,0.272307867,0.280902564,0.286627071,0.29312157,0.299536319,0.305132225,0.312152855,0.317838984,0.325630172,0.330394832,0.336421283,0.343547762,0.35149709,0.357272864,0.3627071,0.368606667,0.374640517,0.379815693,0.385387452,0.390117653,0.395719651,0.402043763,0.407006802,0.412353854,0.417193319,0.420746081,0.42417908,0.428947963,0.432712505,0.435541596,0.438430421,0.441946409,0.444379776,0.449697647,0.453008365,0.453008887,0.455768906,0.458154831,0.458728194,0.461993119,0.46080555,0.46206541,0.462531352,0.462879353,0.462682205,0.464181031,0.464227882,0.464165823,0.466163826,0.46398654,0.465278282,0.465363364,0.466590577,0.465871811,0.465482384,0.465923812,0.469322983,0.465204797,0.463544162,0.463714672,0.463636987,0.466231779,0.463260963,0.466768868,0.465858217,0.46791088,0.466068009,0.475233857,0.470258722,0.475435547,0.483095827,0.479509808,0.482820436,0.481652959
99,0.571759433,0.569995716,0.572596595,0.571350465,0.571730231,0.567435846,0.568163181,0.570723098,0.567965437,0.567218705,0.567546555,0.566189359,0.564948711,0.564065654,0.560304493,0.559305301,0.558867836,0.55962777,0.560179552,0.55914443,0.560533925,0.561376995,0.561160887,0.56196927,0.563916973,0.565219834,0.566958943,0.568210889,0.568094409,0.570391287,0.571321774,0.573042342,0.573252701,0.575153872,0.574615702,0.575910421,0.577281957,0.577547509,0.577090279,0.576902323,0.578255669,0.579287197,0.579038483,0.578513401,0.578448516,0.578451055,0.579986697,0.578120687,0.579326182,0.577446815,0.578761679,0.576596138,0.575503695,0.574217443,0.574723067,0.572919511,0.573034038,0.571109528,0.568147773,0.566793868,0.561510796,0.556376237,0.550775639,0.546057209,0.541148512,0.537147374,0.535922029,0.534779418,0.533351209,0.532086528,0.532351894,0.532718633,0.532604637,0.531898397,0.531986635,0.532013355,0.531991607,0.533534397,0.533846955,0.534798354,0.535882465,0.537213786,0.538597642,0.539170604,0.540858062,0.541456402,0.542941233,0.542947781,0.543590797,0.544407903,0.54510643,0.545539234,0.545953463,0.547407791,0.546943235,0.546890793,0.548082948,0.547033634,0.546781932,0.545762787,0.544861233,0.543757433,0.542465421,0.541570703,0.539598265,0.537981001,0.535989881,0.532723606,0.529683422,0.526805957,0.523453279,0.519662197,0.513447208,0.508415712,0.502780852,0.498598938,0.492652238,0.487374835,0.483352668,0.479009577,0.475338899,0.470994413,0.467044966,0.45999112,0.453577249,0.445565362,0.434568433,0.421028648,0.402840891,0.382508868,0.35831435,0.332492167,0.306378947,0.274762234,0.252220031,0.233695661,0.219643717,0.207905997,0.199028737,0.193173671,0.188354882,0.184760474,0.18218851,0.181139793,0.179765928,0.180956009,0.180165985,0.180675477,0.182435362,0.182721727,0.184805763,0.185725761,0.189208488,0.192529932,0.196397569,0.20137762,0.206473635,0.21187645,0.218246809,0.223837106,0.229959754,0.235767617,0.242344637,0.247086018,0.253778752,0.25932501,0.267374633,0.272486092,0.279225233,0.283689581,0.29014201,0.294656002,0.300332844,0.3063165,0.310660031,0.316599814,0.32312392,0.326975495,0.331826707,0.336219245,0.340172999,0.344550748,0.347843281,0.350344778,0.354234629,0.358180596,0.36038261,0.365297797,0.367902709,0.371008673,0.374290574,0.376552379,0.377481479,0.381623458,0.383719228,0.383875043,0.384427818,0.387205283,0.389530303,0.390633309,0.390004669,0.393198671,0.394455367,0.393734172,0.394977252,0.397356535,0.397925651,0.3980678,0.398224797,0.399366838,0.398434518,0.399822491,0.403357012,0.399956505,0.402416694,0.399264792,0.399595456,0.399149921,0.399140706,0.400090419,0.397637169,0.400877592,0.403090071,0.399804204,0.398603998,0.395651172,0.39384838,0.401347205
249,0.587813351,0.584478379,0.589758656,0.585105816,0.586499215,0.585648387,0.586395353,0.583522225,0.582880812,0.58182082,0.581476712,0.58262216,0.579229589,0.576709862,0.576274672,0.575081625,0.574718994,0.575331867,0.574236204,0.575838114,0.575761438,0.576753242,0.577552305,0.577940706,0.578660224,0.579467362,0.582542107,0.582309104,0.584787316,0.585551778,0.586077924,0.587292823,0.589506542,0.589559026,0.589201624,0.591703228,0.591244619,0.592853691,0.592625872,0.594398064,0.593097466,0.593264973,0.595598814,0.594720575,0.593685662,0.594023004,0.595750159,0.594117983,0.592817255,0.593564335,0.594317826,0.592841216,0.591171883,0.590582779,0.59105091,0.589320826,0.58860532,0.588377865,0.584309317,0.581873592,0.578707433,0.573463021,0.568150731,0.563233996,0.55837303,0.554064679,0.552993761,0.551585951,0.551104936,0.550959302,0.551023371,0.549919488,0.550025708,0.550195004,0.549966051,0.550357138,0.55225299,0.551091469,0.553001603,0.553011533,0.554058248,0.556452838,0.556414793,0.556988393,0.557504356,0.558390387,0.55926555,0.560100962,0.559531381,0.559515908,0.560808222,0.561236252,0.561706308,0.561929082,0.561265967,0.562210488,0.561928576,0.561320769,0.560818671,0.560232831,0.559670107,0.557811911,0.556563809,0.555444147,0.553922384,0.551751003,0.550002361,0.546426018,0.543978432,0.540524855,0.536896431,0.532369955,0.527250633,0.522061763,0.516788851,0.512813324,0.507305734,0.502824251,0.498917354,0.494667711,0.490575088,0.487260748,0.482715167,0.477391161,0.470151254,0.462542895,0.450973661,0.437324951,0.419267571,0.398815375,0.374456645,0.34858467,0.322317869,0.290228718,0.269204224,0.250801424,0.235992833,0.225142809,0.215640299,0.209891341,0.205576671,0.202148702,0.200570568,0.199042644,0.198143639,0.198116706,0.198180717,0.198439499,0.199252971,0.200824902,0.20252237,0.203228454,0.205815857,0.210186358,0.212929594,0.220120259,0.226446776,0.232184954,0.237319597,0.244044948,0.249674691,0.255543758,0.262001178,0.268120917,0.274196797,0.280521004,0.288014044,0.294024548,0.30016548,0.306723356,0.312022083,0.317411537,0.324689841,0.329505341,0.335080672,0.341266135,0.347122933,0.352712142,0.357723794,0.362413519,0.366083898,0.371303969,0.375705981,0.379185771,0.383295931,0.388803666,0.391130624,0.395861808,0.397327243,0.402031802,0.403913359,0.406649027,0.409316177,0.411752004,0.413590727,0.414262047,0.415234935,0.416931508,0.41849242,0.420197658,0.418622364,0.421250174,0.421057004,0.42068538,0.421446429,0.422068971,0.425065302,0.424619814,0.423030456,0.423847708,0.424511591,0.424523553,0.424868717,0.422555054,0.42419925,0.425053005,0.42460219,0.424309172,0.426206126,0.429361911,0.428053948,0.431685856,0.432835691,0.433299369,0.431727118,0.431222633,0.426776532,0.426838789
219,0.573592262,0.575733696,0.580550619,0.572837349,0.575898052,0.574428549,0.576663017,0.574393824,0.573788101,0.573201038,0.573796703,0.572079881,0.569359252,0.569103947,0.565406038,0.564575106,0.565103739,0.563755146,0.564862514,0.564945295,0.565684738,0.56643021,0.566955637,0.568107724,0.570424616,0.570137537,0.573608505,0.574242719,0.574629829,0.576764825,0.576596263,0.579242705,0.579732614,0.58121205,0.582003167,0.582387506,0.583099539,0.582666688,0.584461592,0.585392176,0.584666077,0.584411829,0.586172457,0.585228857,0.585464713,0.585210583,0.585236416,0.585195956,0.583318704,0.584248314,0.583269546,0.583278544,0.580685355,0.580288678,0.580839121,0.579302984,0.578845298,0.577085909,0.572066461,0.569641626,0.564774217,0.559217557,0.553522004,0.547423376,0.542057058,0.538227645,0.536950471,0.535999065,0.535668944,0.534516413,0.534887699,0.534533601,0.535675954,0.536083413,0.534754322,0.536329763,0.536157921,0.53766317,0.538237292,0.539605625,0.541028121,0.542440818,0.542627712,0.543147617,0.544500793,0.54609225,0.545898007,0.546029191,0.548091353,0.547390443,0.547624349,0.54817952,0.548884637,0.549156478,0.54893469,0.548890632,0.550034694,0.549076806,0.548131389,0.547810755,0.546697709,0.544402866,0.543378765,0.540927668,0.538703097,0.537083051,0.534169818,0.531343497,0.527570992,0.52371967,0.519488136,0.514770297,0.507881311,0.502666222,0.497249406,0.491780772,0.486327655,0.480794367,0.47632058,0.471445765,0.467115324,0.463018585,0.459039391,0.452117689,0.445022924,0.436905166,0.42476255,0.409376032,0.391494468,0.36975904,0.345630013,0.319529789,0.29430959,0.2640595,0.243887439,0.228432349,0.215213025,0.205454948,0.199486672,0.194601254,0.191284643,0.188515267,0.187204331,0.186224401,0.185319604,0.185861474,0.186083827,0.186626424,0.186678045,0.18841847,0.189348751,0.191318608,0.193831194,0.197516412,0.201034468,0.207102512,0.211973964,0.217292668,0.222495974,0.227757386,0.232898392,0.239192164,0.244537619,0.250793761,0.255791117,0.262016163,0.269544926,0.275364613,0.280907949,0.286509306,0.29224976,0.297212529,0.303114792,0.309058818,0.314062079,0.320822111,0.327456083,0.331642535,0.337493222,0.341779776,0.345807595,0.351014364,0.3550801,0.358838466,0.362560233,0.366792011,0.370001012,0.375181204,0.377827536,0.38244191,0.384343839,0.388699319,0.390009663,0.392177806,0.394605275,0.394360615,0.395676449,0.398565368,0.399201286,0.400140072,0.400535133,0.402666603,0.402697202,0.403559727,0.404479847,0.4058742,0.407079443,0.407311835,0.406746911,0.407373003,0.407810255,0.407660243,0.407928535,0.405998544,0.406783976,0.409367548,0.407855336,0.410041563,0.409119224,0.409094093,0.411760233,0.417226408,0.416820823,0.418744506,0.421890062,0.421841745,0.414039281,0.42295332
143,0.540692976,0.54402944,0.543360181,0.542152849,0.543577431,0.540236567,0.541180745,0.538839716,0.538122795,0.538471585,0.537928493,0.537831841,0.538546474,0.535096198,0.536430632,0.534210991,0.533113074,0.534755249,0.534504807,0.534507905,0.534055097,0.535050064,0.535746804,0.537310441,0.53801641,0.5401983,0.541271053,0.540846356,0.541412537,0.543348124,0.543612876,0.544419444,0.545331794,0.546509352,0.547031991,0.547715914,0.549593326,0.548856296,0.548785094,0.549627818,0.550323593,0.549527832,0.549444382,0.549869051,0.550273992,0.549450654,0.549594589,0.550169445,0.548318301,0.54806188,0.548466642,0.549117787,0.548472584,0.546736509,0.546461574,0.545134906,0.544384596,0.543635647,0.54104665,0.537997919,0.536034781,0.532177518,0.528115454,0.524109446,0.520580039,0.517927714,0.517666656,0.517337438,0.515999683,0.516619609,0.516725371,0.515937071,0.516790582,0.517505738,0.517058772,0.51754371,0.518011686,0.518012821,0.51962359,0.519324095,0.521789649,0.522311831,0.523187927,0.524598141,0.524924363,0.526736425,0.525725974,0.527227539,0.527728671,0.5286875,0.528648281,0.52942764,0.530147381,0.530074227,0.530909268,0.530423904,0.53084431,0.530183494,0.529889884,0.529721355,0.528852429,0.527405506,0.526258986,0.526076005,0.524007425,0.522893433,0.52242097,0.519345843,0.517174751,0.514565161,0.511978395,0.508803412,0.504007446,0.50019558,0.496879106,0.493098739,0.48859865,0.485707182,0.482481876,0.478483476,0.47530485,0.472200929,0.470080476,0.464862768,0.459239006,0.452776069,0.443892489,0.432716913,0.417575191,0.401061863,0.380243652,0.357511605,0.336045612,0.306404632,0.288033459,0.27155457,0.258332133,0.2485797,0.240554495,0.234797746,0.23143989,0.228059045,0.226419825,0.225832392,0.225689269,0.225922767,0.226073786,0.227300911,0.228370232,0.229677433,0.232252425,0.233110287,0.23570487,0.239474329,0.244221453,0.249610744,0.255456698,0.260796352,0.267348894,0.27320297,0.278003464,0.283918305,0.289301611,0.295219359,0.300690673,0.306331516,0.313821662,0.31820412,0.323382579,0.329327343,0.334273039,0.338602936,0.344017059,0.348666142,0.353431942,0.35774589,0.363973119,0.366774615,0.372085633,0.375424935,0.37869706,0.381805016,0.385523994,0.388021228,0.392282297,0.394678255,0.398350119,0.400153765,0.403134267,0.405029982,0.40702093,0.409783632,0.410104486,0.414009126,0.414934286,0.415495644,0.414437311,0.416454948,0.416805398,0.417545361,0.41870515,0.417605274,0.419094333,0.419342956,0.420570664,0.420869773,0.421223774,0.422507454,0.422648079,0.42258555,0.422062576,0.422364308,0.422551019,0.420971265,0.421819766,0.422780266,0.421628844,0.422100958,0.421024748,0.422497724,0.425876383,0.427536958,0.424949845,0.426666267,0.429415932,0.432605366,0.424464957,0.434991013
232,0.537310573,0.538100193,0.539032045,0.537032098,0.538073691,0.534162098,0.53825908,0.536080069,0.536497681,0.535264561,0.53587666,0.535383044,0.534108482,0.534617339,0.5342769,0.532766,0.533414898,0.532642709,0.532488208,0.532777555,0.533307842,0.535921393,0.534737021,0.535429763,0.536482279,0.537113325,0.538144176,0.539164025,0.539930467,0.540764133,0.541303418,0.543135658,0.544239156,0.543103786,0.544351298,0.545096879,0.545943124,0.546197498,0.545456038,0.546272406,0.546744922,0.545500659,0.547056879,0.545796406,0.545932109,0.546887518,0.546109081,0.547092309,0.5455214,0.545133785,0.546469426,0.544534162,0.5446369,0.542377497,0.542783677,0.542545105,0.542137847,0.54100138,0.53914373,0.536469746,0.533341751,0.530970604,0.526377303,0.521852301,0.518746122,0.515623273,0.516153997,0.513688746,0.514742297,0.513589281,0.514064268,0.513854385,0.513124943,0.514797786,0.513567995,0.514867309,0.51424996,0.51540694,0.516442534,0.516804435,0.518800045,0.518902198,0.519817162,0.519941955,0.521288566,0.521952862,0.522563467,0.522703087,0.523777329,0.523425849,0.523997171,0.524605542,0.524841584,0.524995848,0.523919498,0.524694133,0.525280993,0.524899273,0.525116141,0.523502202,0.523278615,0.521888144,0.521382049,0.5204383,0.518888902,0.518081451,0.516555846,0.514910901,0.51194445,0.508817147,0.507127817,0.503695083,0.499033329,0.496161734,0.491915358,0.488764768,0.485421866,0.480938306,0.478290091,0.475537013,0.471657165,0.469875888,0.467334849,0.461786735,0.456414982,0.450796989,0.442149905,0.431137502,0.416616799,0.399960429,0.379890578,0.357947328,0.336644473,0.308054861,0.289291093,0.271640753,0.258758012,0.248417648,0.241010857,0.234066467,0.23090633,0.227812403,0.226611543,0.224880992,0.224531974,0.224909645,0.225079846,0.225063327,0.226181792,0.227564963,0.229584903,0.231182144,0.23444687,0.237233094,0.242290614,0.248981735,0.252362992,0.258279763,0.264601846,0.269712644,0.275310342,0.281152836,0.287003472,0.291771235,0.297117225,0.303196061,0.310562291,0.315596635,0.319141894,0.325521518,0.331014132,0.335380733,0.340546326,0.345200735,0.348867809,0.354110023,0.360340251,0.363812249,0.368312401,0.371653248,0.374871213,0.378012066,0.381960051,0.384560213,0.387426918,0.390810838,0.39337264,0.396506378,0.398961208,0.401330442,0.404575762,0.406174255,0.407180113,0.408815443,0.408661417,0.410847308,0.411010254,0.412097825,0.413479012,0.412639586,0.413416738,0.41492241,0.414064772,0.41452227,0.414102359,0.416517545,0.41582342,0.418459747,0.417583625,0.416574678,0.417867942,0.416897752,0.41435239,0.414361898,0.415640943,0.416633194,0.413136589,0.42063435,0.417816952,0.417263622,0.420740096,0.427004851,0.425054063,0.423889155,0.431599364,0.430083913,0.429607032,0.435463079
181,0.567510601,0.567654619,0.566849633,0.567523237,0.564238003,0.56267081,0.564946894,0.562136063,0.561579928,0.560572475,0.560792745,0.562884919,0.561203108,0.560055583,0.55901054,0.558279468,0.557488069,0.558196524,0.558830839,0.557693578,0.55859456,0.558797468,0.559238183,0.560563535,0.56265232,0.561615235,0.563992717,0.564025916,0.564463108,0.565836455,0.5644003,0.56617938,0.567060323,0.56860754,0.568982328,0.569012626,0.571086127,0.569517425,0.571272056,0.571421502,0.571353608,0.571211518,0.572030543,0.572746402,0.571818796,0.571760672,0.573165876,0.57310874,0.571267596,0.572507574,0.572680533,0.571787894,0.571495986,0.569989962,0.57046892,0.569285142,0.568434305,0.567942136,0.565698316,0.564352305,0.563213261,0.55925642,0.555771754,0.551971607,0.548414776,0.546421444,0.545606357,0.54472313,0.544092823,0.545219955,0.544362658,0.54407104,0.544839074,0.546337577,0.544329023,0.544801235,0.546492788,0.546677503,0.548114629,0.547763916,0.549686606,0.550845171,0.550221212,0.551178663,0.551722105,0.55366007,0.553287392,0.553714193,0.553675316,0.553956334,0.554747537,0.554272987,0.555501962,0.555720044,0.555704062,0.556575284,0.556310237,0.55545343,0.555402968,0.554990446,0.553369019,0.55261654,0.551676772,0.55115437,0.549217015,0.548870974,0.546956045,0.544795629,0.542696959,0.541005166,0.537711775,0.535265249,0.531832624,0.528083053,0.524553623,0.521523176,0.517430283,0.514398954,0.5107388,0.508002475,0.505041473,0.502735166,0.500516683,0.49560491,0.490837916,0.484738281,0.47699081,0.465418017,0.451700171,0.434988183,0.414844903,0.392608103,0.371513553,0.341532889,0.321455849,0.305173589,0.291623498,0.280502551,0.273584059,0.267899242,0.264093148,0.261289124,0.260229505,0.259243878,0.258229188,0.259172039,0.259674375,0.260478638,0.260949081,0.262950566,0.265333894,0.267003081,0.270328214,0.273455666,0.278201345,0.284891756,0.289794261,0.296122972,0.302294549,0.307636848,0.314538137,0.320832376,0.32604506,0.332691017,0.33769378,0.34449288,0.351988551,0.356238179,0.361877704,0.36645974,0.37212743,0.375889016,0.38126093,0.386222978,0.392262867,0.39738644,0.403324139,0.406521148,0.410942375,0.414932901,0.41897492,0.42151108,0.425423588,0.427875856,0.431737144,0.434878972,0.437491776,0.440963593,0.442736221,0.445002142,0.447975445,0.450011522,0.449471918,0.453137371,0.451851418,0.453048831,0.452262312,0.453880408,0.453840435,0.45415548,0.454551776,0.455768325,0.455408942,0.455404233,0.455117956,0.455904273,0.456666948,0.456800856,0.454987369,0.453714619,0.456271579,0.453728562,0.45370307,0.453479137,0.453771432,0.454146096,0.456205208,0.455744401,0.457183776,0.457455411,0.460295734,0.465401433,0.468834406,0.468472788,0.471551514,0.474575352,0.478763386,0.464930915
78,0.925294822,0.929771937,0.930424316,0.929499632,0.928623807,0.929995574,0.929230799,0.929439916,0.927168388,0.92892632,0.928417405,0.926254412,0.925312778,0.920998346,0.91820352,0.915046552,0.911666861,0.913549878,0.915331856,0.91535481,0.91615065,0.918647866,0.919113889,0.920922546,0.924632844,0.926224449,0.930345687,0.932333536,0.932495903,0.935834669,0.938675116,0.941515517,0.943435397,0.943241626,0.945734462,0.946119878,0.947276867,0.948273171,0.94826013,0.948651692,0.947915369,0.947645815,0.948509452,0.948540909,0.948496483,0.947268602,0.946331441,0.94668763,0.946156717,0.942598035,0.940171266,0.941021018,0.939175773,0.937953997,0.936985549,0.933497508,0.930625557,0.92882784,0.922294999,0.917927807,0.908560165,0.900009648,0.890742614,0.878557176,0.869564381,0.863586552,0.860337807,0.856494017,0.856019471,0.855117235,0.855089648,0.855008202,0.85473217,0.853701097,0.854034972,0.854735035,0.853814804,0.857065779,0.85642698,0.858950175,0.860267589,0.862001695,0.863150754,0.866115785,0.867596293,0.869057533,0.87049167,0.872666155,0.873328358,0.874424633,0.87667915,0.877133518,0.878182673,0.878849619,0.879486114,0.879816508,0.880318764,0.878813604,0.878573564,0.878099441,0.875266887,0.874131807,0.872544749,0.86907477,0.865979834,0.862317931,0.857635585,0.853349969,0.847363153,0.841412016,0.835073526,0.82721719,0.814806308,0.806455159,0.797704163,0.787391549,0.777624501,0.768708944,0.760345141,0.752107277,0.744332393,0.737263438,0.727867991,0.715408129,0.703311792,0.688431084,0.669083583,0.644455908,0.613939748,0.578078797,0.536481383,0.493709203,0.450319925,0.395749496,0.361303188,0.33328865,0.309532467,0.292232751,0.278670086,0.269261052,0.261888067,0.257244256,0.254316537,0.251424416,0.250013891,0.250520207,0.251170542,0.252228504,0.253001928,0.254823858,0.2565777,0.259291205,0.263067345,0.26844455,0.273288549,0.283520906,0.290849262,0.299310779,0.309139911,0.319220391,0.328154512,0.33763513,0.347001152,0.356768268,0.365913411,0.376023525,0.389917012,0.398742951,0.408386713,0.419477384,0.428073528,0.43694554,0.447353593,0.456174643,0.465415378,0.475362594,0.486200447,0.495093877,0.501821106,0.510310469,0.5183791,0.524397205,0.531093942,0.53949241,0.545565543,0.552291654,0.558276552,0.565564997,0.573547672,0.578326803,0.584748982,0.587811196,0.591998873,0.59599191,0.601901278,0.604167552,0.60779813,0.608966019,0.61494143,0.615875798,0.619939644,0.62212979,0.622836441,0.627980426,0.628928267,0.630481962,0.633859101,0.635193444,0.634274647,0.638060468,0.639015585,0.641243582,0.644237377,0.645092598,0.644941609,0.646484679,0.647638555,0.648114782,0.657448004,0.653859283,0.657374482,0.659114264,0.663829987,0.665771276,0.664734723,0.669408926,0.653573855,0.643833225
119,0.524988961,0.528368577,0.526964859,0.526310526,0.527423277,0.526006661,0.526228695,0.526476323,0.528479131,0.52645613,0.528250736,0.527576904,0.524976285,0.521664664,0.522231426,0.521324649,0.520975431,0.520083657,0.521846055,0.522514877,0.521804109,0.522898227,0.522135316,0.523978635,0.525551897,0.524567448,0.526223394,0.527603211,0.526314817,0.52839048,0.528382873,0.528438843,0.530163689,0.530929865,0.530092683,0.531604107,0.531790177,0.531138755,0.532841287,0.533560012,0.533002255,0.532359606,0.535188325,0.534064614,0.533920362,0.533859631,0.536041159,0.535221658,0.534827228,0.534562865,0.534778175,0.533247074,0.532883435,0.53130805,0.53191758,0.530460884,0.530153679,0.529205419,0.526186172,0.524380497,0.521180666,0.515699589,0.511956212,0.508165179,0.504714134,0.501371194,0.49936369,0.49857742,0.497530932,0.496953607,0.49639518,0.495933055,0.496321653,0.495880889,0.496722123,0.496476073,0.497460506,0.497995262,0.498126075,0.498702713,0.500227333,0.501884412,0.50186921,0.503100915,0.504635337,0.504848833,0.506337766,0.506814462,0.506933628,0.508456875,0.508521304,0.509215799,0.508930646,0.510378739,0.509615657,0.510730918,0.510749122,0.511028005,0.510501489,0.509684321,0.509378466,0.5081281,0.507583781,0.506149112,0.504880386,0.503552417,0.502820954,0.499854123,0.497156015,0.494758029,0.492465942,0.48954111,0.485153777,0.481547847,0.477312285,0.475022942,0.470458228,0.466239116,0.463876721,0.460090495,0.456881378,0.454850371,0.452302992,0.447521824,0.441901875,0.43671384,0.428521728,0.416950697,0.403819542,0.386584327,0.367463303,0.346844856,0.326354808,0.299998315,0.28219313,0.267953357,0.255479517,0.244815088,0.237353669,0.233095138,0.229180294,0.226011271,0.224848387,0.223390191,0.222153741,0.222318683,0.221551869,0.222383351,0.22427895,0.224655988,0.227201753,0.227299492,0.230587823,0.233678217,0.237165145,0.243482922,0.248065975,0.252867246,0.258755516,0.263518677,0.268877822,0.273992247,0.278927484,0.284123056,0.289582962,0.29578516,0.301397519,0.306511985,0.310524952,0.315877418,0.321215118,0.325697787,0.329292738,0.334000158,0.33880061,0.342842033,0.348530182,0.351500465,0.355163862,0.359814844,0.362793807,0.36562735,0.369281409,0.371325078,0.374206779,0.378615898,0.379480237,0.382657182,0.384658091,0.385466859,0.388435474,0.390004248,0.390800798,0.392177806,0.392401136,0.394896962,0.393586855,0.394418674,0.394226004,0.393788179,0.395683834,0.394414767,0.39395345,0.394903037,0.394748318,0.395425117,0.395374846,0.395058572,0.395291888,0.393405953,0.394900388,0.394311779,0.393064243,0.394472338,0.3912341,0.393158395,0.391261639,0.394063833,0.393377152,0.392532172,0.391304949,0.390381961,0.389611179,0.394809398,0.392251141,0.390350699,0.390341704,0.389382138
70,0.610235689,0.613846154,0.615247115,0.612747002,0.61557422,0.609896694,0.608601611,0.607682307,0.606430748,0.605163773,0.60704422,0.604438076,0.603258956,0.601008053,0.600281868,0.597597715,0.595381703,0.595662719,0.595711702,0.596214058,0.596027008,0.596801761,0.598736223,0.598101235,0.600712349,0.60179555,0.602458111,0.603579617,0.604210615,0.60545856,0.608546045,0.608537283,0.608995783,0.609597922,0.611480873,0.612554087,0.612277572,0.614464499,0.614267791,0.614779131,0.617104797,0.616539349,0.616085764,0.61734959,0.616585739,0.617722762,0.617120825,0.617396693,0.616971842,0.616671098,0.614790179,0.615350856,0.616130341,0.616492767,0.613696041,0.614402443,0.611702067,0.611754114,0.60771167,0.605409982,0.600720823,0.59669469,0.591604954,0.586188914,0.582266981,0.57866925,0.57738564,0.575901967,0.575395251,0.575316073,0.575418497,0.575342631,0.575423164,0.575879284,0.575400409,0.576882914,0.576758378,0.577966366,0.578120918,0.579394179,0.579396336,0.581248841,0.582173429,0.583422195,0.58325825,0.58451372,0.584633348,0.585713722,0.586089017,0.586152091,0.587597688,0.586703629,0.587903872,0.587998946,0.588287683,0.588590867,0.589614477,0.587842215,0.588113638,0.587122499,0.586562317,0.584062647,0.583532265,0.581525595,0.580147738,0.577949215,0.575936188,0.572991243,0.569568784,0.566750417,0.562800037,0.558494697,0.551837586,0.547640578,0.541587266,0.53679906,0.532088642,0.527201566,0.522663619,0.51828252,0.514183151,0.51012732,0.505755376,0.499894409,0.492765819,0.483918436,0.472379633,0.457952742,0.439815717,0.417821635,0.39236767,0.36590711,0.337863202,0.303507062,0.28211381,0.262622846,0.249134053,0.237125896,0.228685496,0.222745882,0.218448952,0.216214449,0.21508384,0.213116609,0.21221892,0.212816004,0.212787684,0.213613134,0.214586952,0.217436345,0.218173267,0.219761496,0.222587903,0.225723569,0.229671618,0.236748274,0.242509336,0.248054587,0.255054024,0.262113084,0.267244334,0.274409645,0.281075313,0.286537299,0.293695433,0.300156678,0.309776406,0.315076385,0.320803365,0.32774003,0.333779589,0.339889707,0.346157378,0.351497855,0.357856457,0.36350508,0.371308082,0.375975334,0.381533513,0.386113848,0.390560232,0.395480986,0.398989705,0.403062532,0.407171467,0.410986289,0.414183312,0.419649643,0.42209026,0.426411282,0.428371008,0.430196082,0.432275373,0.433809734,0.43779521,0.437356137,0.440640479,0.438774835,0.441668152,0.441850468,0.441048508,0.443864726,0.442590793,0.445372172,0.445624635,0.44737928,0.445922757,0.447605899,0.447173976,0.447150366,0.448657216,0.448559521,0.449819659,0.449240143,0.449544199,0.451768515,0.452430666,0.455046193,0.461792812,0.46714963,0.473477475,0.474055451,0.478472882,0.483814089,0.478358984,0.479053066,0.479451154,0.483442222
97,0.577716128,0.585404107,0.58187629,0.585472536,0.58252224,0.581176752,0.581627392,0.579098868,0.577886559,0.575620817,0.576713889,0.574694699,0.573486126,0.571178021,0.569096518,0.56690805,0.56630834,0.565838639,0.56518869,0.565679613,0.565747218,0.565519499,0.565655269,0.568735412,0.569294702,0.569472792,0.57101946,0.572191943,0.572208192,0.573692157,0.574376515,0.575517886,0.575732412,0.576171628,0.577976365,0.577574768,0.579170873,0.577834632,0.580013466,0.580278942,0.580498839,0.580697538,0.581088311,0.581275365,0.580285467,0.581326536,0.581591175,0.582768518,0.580872899,0.581549456,0.581107466,0.581848939,0.579957738,0.57915335,0.580756471,0.578670326,0.579215989,0.577979679,0.575914342,0.574195404,0.570530377,0.56821651,0.563383658,0.560393473,0.555901869,0.553140817,0.552873742,0.551977468,0.55100337,0.553357057,0.552369834,0.553695093,0.553388321,0.553529061,0.553938248,0.553714977,0.55589428,0.556146653,0.556592522,0.556748085,0.558186319,0.558681251,0.558852278,0.559552796,0.559751372,0.56067997,0.560831501,0.560700406,0.561404387,0.561449097,0.560911362,0.560693238,0.561162662,0.561403677,0.562084589,0.561731457,0.561509798,0.560819017,0.560161816,0.560603177,0.559393539,0.557817712,0.556213189,0.555874276,0.554349884,0.553154498,0.551162794,0.549107577,0.5464098,0.543928491,0.540273669,0.538498805,0.533277603,0.52923784,0.525122761,0.521474042,0.516373771,0.513687985,0.509869469,0.506716612,0.503378994,0.500311696,0.49772149,0.492606157,0.487045133,0.480477061,0.470386847,0.458985674,0.443769674,0.425503707,0.404220163,0.380757358,0.357420351,0.327892841,0.306675583,0.28886194,0.275869065,0.264660328,0.255878803,0.249943167,0.24534139,0.243229122,0.242232524,0.239405136,0.23983473,0.239728868,0.240482519,0.241722222,0.242706921,0.244301959,0.245713907,0.248442281,0.250660893,0.254726879,0.259904341,0.265995967,0.271513105,0.277150481,0.283143488,0.289392901,0.295703281,0.301998317,0.307979244,0.313898456,0.320341734,0.325847733,0.333130196,0.338925511,0.344416532,0.349661894,0.355230971,0.360055705,0.366348946,0.370450482,0.375839986,0.38190255,0.387106133,0.39165016,0.39628721,0.39946267,0.403992069,0.406586089,0.410871805,0.412606953,0.417520967,0.420731647,0.422237968,0.426832236,0.429830262,0.432353571,0.432985503,0.436293115,0.437525783,0.438759735,0.439408132,0.440778417,0.442381471,0.442288232,0.44258092,0.442875115,0.442902037,0.444051123,0.443511762,0.443240946,0.444118203,0.444846252,0.445785809,0.44327703,0.444032689,0.444175536,0.444708456,0.446173411,0.43986988,0.441692906,0.440987828,0.442111257,0.438745386,0.442235,0.438763688,0.440492337,0.44038657,0.444217378,0.444126,0.445286902,0.439566566,0.450635108,0.447502084,0.433556657
87,0.58504617,0.588906891,0.58882196,0.58756851,0.586480265,0.587772381,0.586650945,0.58535783,0.586335844,0.588057622,0.586147789,0.584456624,0.584351123,0.582832088,0.580503048,0.578348484,0.578035876,0.577929606,0.578613852,0.578580867,0.577774625,0.580022852,0.581172335,0.581920205,0.582186426,0.583486894,0.586125977,0.587496795,0.589095913,0.589404278,0.591590295,0.592553196,0.59316596,0.594616671,0.596290397,0.595129327,0.597015029,0.597466244,0.598264034,0.598847694,0.597991675,0.599370194,0.599097085,0.598958172,0.599109451,0.599034994,0.599124293,0.597351097,0.596837729,0.59702029,0.595629457,0.595531529,0.594400696,0.59292535,0.591263701,0.591166844,0.590275624,0.587475622,0.583523769,0.580092522,0.576591602,0.570079581,0.563735566,0.557218735,0.552444762,0.548634097,0.543940117,0.543670679,0.540688311,0.540916522,0.540616174,0.540226564,0.539791239,0.53988159,0.539532747,0.540203277,0.540212684,0.540750772,0.541173348,0.542208467,0.544563023,0.546136209,0.547102152,0.547888773,0.54889205,0.550344611,0.550180819,0.551432718,0.553175916,0.553449243,0.553426908,0.554524745,0.554846391,0.555442914,0.555215624,0.555614845,0.555130683,0.554970723,0.554178365,0.553772904,0.553504987,0.55150361,0.550154691,0.547901064,0.546469875,0.543878272,0.541569864,0.538187024,0.535326993,0.531059562,0.527408557,0.522745375,0.51575076,0.51058015,0.504096782,0.498942546,0.493809415,0.487719883,0.48283385,0.47684567,0.472701175,0.468944429,0.463835861,0.457227963,0.449683448,0.441209671,0.429572769,0.414842295,0.397735868,0.376041253,0.349884586,0.323353729,0.297111453,0.263122856,0.241817562,0.224110371,0.20938018,0.198425243,0.189500894,0.183144349,0.17791051,0.175012959,0.172558907,0.17185682,0.169572394,0.169455337,0.169454575,0.170859048,0.170444628,0.171462192,0.172955151,0.174266205,0.175453859,0.179212591,0.182719025,0.187654213,0.19157236,0.197955053,0.203062787,0.208145095,0.213260705,0.218734088,0.224702392,0.231397291,0.236166992,0.242611915,0.250507789,0.255396557,0.261652974,0.267225363,0.27354325,0.278333974,0.284223412,0.290488739,0.294732379,0.301743474,0.308721978,0.313873432,0.317896823,0.323384724,0.327592256,0.332303887,0.336378014,0.340432293,0.345021837,0.348948012,0.352852945,0.357717437,0.360367235,0.364847832,0.367484799,0.370444287,0.37332715,0.375812059,0.377594223,0.378198532,0.380763936,0.381733506,0.383852541,0.384644476,0.385782309,0.387745906,0.387531328,0.389780433,0.388770119,0.392370645,0.392661037,0.390292192,0.393282832,0.396640325,0.396150021,0.395602534,0.398595787,0.400185331,0.396207433,0.399553957,0.399842314,0.402969009,0.404754999,0.407692723,0.411567688,0.414215234,0.412495992,0.405185414,0.404542996,0.404950379,0.412490321,0.394494039
127,0.649840568,0.648001546,0.648481703,0.646801527,0.642398063,0.635566782,0.631162975,0.630963333,0.630899111,0.635139792,0.637081392,0.638893322,0.640317875,0.639705338,0.638063737,0.637320545,0.637309189,0.636415913,0.637604032,0.638237911,0.637312545,0.63902925,0.640723542,0.640381391,0.641839502,0.642779603,0.645230654,0.64674325,0.646848216,0.648566185,0.650382277,0.651584226,0.65167292,0.653097234,0.654038235,0.654866739,0.655986197,0.656760221,0.656462375,0.656989201,0.658035791,0.65880417,0.658027453,0.660016675,0.659294851,0.658757844,0.659039277,0.659454819,0.658273442,0.657739229,0.656920978,0.658772596,0.657249716,0.656643767,0.656102183,0.656779964,0.655296024,0.654492422,0.651302007,0.648409091,0.645830847,0.639783885,0.636213965,0.629868423,0.627004622,0.623346948,0.620982175,0.619615764,0.62012496,0.61967457,0.619456546,0.619350155,0.619842178,0.619868132,0.620314229,0.620601635,0.619828905,0.621656332,0.621760665,0.623126011,0.624387441,0.625218631,0.626603997,0.628047889,0.628412781,0.630202392,0.631009447,0.632065451,0.631923491,0.63265,0.633120095,0.632368737,0.634199682,0.634269166,0.635131817,0.635439192,0.635425447,0.63466008,0.634792069,0.633706163,0.632648771,0.631470891,0.630857943,0.628443742,0.627879025,0.625438118,0.622732843,0.62037091,0.617480591,0.613998321,0.610559564,0.606260903,0.600154772,0.596214021,0.590575295,0.584968013,0.580711958,0.575229678,0.57065769,0.565700376,0.561836731,0.557805565,0.55311621,0.547078981,0.540703891,0.533442334,0.521554054,0.506420753,0.487979943,0.46504987,0.440188681,0.412377178,0.382325086,0.345362387,0.320568474,0.29964851,0.282342523,0.267564837,0.257931477,0.250141516,0.244185312,0.240029033,0.237096569,0.234664231,0.23347112,0.233581891,0.233211982,0.233514915,0.234850938,0.236505058,0.238564489,0.239721657,0.24317617,0.246744233,0.250638334,0.257991387,0.264204903,0.270671991,0.276920567,0.28554788,0.291977015,0.298844208,0.305488288,0.312404913,0.319147357,0.327238765,0.335420287,0.342193754,0.348987724,0.354952727,0.362648177,0.367435986,0.374372363,0.38137264,0.38628346,0.392385253,0.400393395,0.404258346,0.410425691,0.414977216,0.418763425,0.423376311,0.429020052,0.432267167,0.437350791,0.439620901,0.442491377,0.44990414,0.45369518,0.457067235,0.460333656,0.462135112,0.463700773,0.467498295,0.468504489,0.470267775,0.473355203,0.474107163,0.474668265,0.474650309,0.478307204,0.478519886,0.47989043,0.482146487,0.481310619,0.484204614,0.483380739,0.485807667,0.485180557,0.485816028,0.487426257,0.489990971,0.492836119,0.494402737,0.494350529,0.498769892,0.505146158,0.517334575,0.536957312,0.560106201,0.587016897,0.610567378,0.637631724,0.640204425,0.651568284,0.656014288,0.64796265,0.633260187
115,0.568668616,0.573117177,0.571607716,0.568950113,0.569304645,0.56894088,0.568374327,0.56760254,0.566752547,0.568459432,0.568503176,0.56633303,0.566363989,0.565499291,0.56387786,0.564983234,0.563182304,0.563176838,0.56375455,0.563204781,0.563128076,0.564160817,0.564892484,0.566179314,0.56703251,0.568499082,0.569347756,0.571698367,0.570733047,0.572002536,0.572354589,0.573958017,0.573047975,0.57435026,0.575793547,0.575364885,0.576773759,0.576581098,0.577308462,0.577727038,0.577964932,0.577905301,0.577828086,0.577307574,0.578193252,0.577607008,0.577593092,0.578113547,0.577758114,0.576340803,0.577998592,0.576067348,0.576735763,0.574771261,0.576196981,0.574728731,0.574887493,0.573479472,0.570402512,0.569786539,0.566600774,0.563365107,0.559361508,0.556008587,0.552543193,0.550544411,0.549521474,0.548289829,0.548370781,0.5475173,0.548863462,0.548265938,0.548156721,0.549698772,0.548579331,0.548988567,0.550060688,0.549857497,0.550907976,0.551739826,0.553850762,0.554283396,0.554320217,0.555448,0.555860706,0.557383863,0.557153812,0.558533316,0.55808072,0.558307665,0.558743791,0.558205776,0.559465581,0.560178797,0.559754665,0.559899047,0.56008076,0.559651275,0.559457298,0.558596522,0.557759002,0.556882198,0.555852468,0.554966546,0.553718676,0.552276597,0.551197135,0.549141901,0.546491322,0.545255065,0.541888621,0.538670802,0.534601927,0.531399292,0.527804193,0.524046389,0.520209969,0.516988396,0.514164989,0.510749077,0.50771506,0.505189955,0.502840252,0.497065647,0.492824176,0.486532157,0.477244808,0.465083225,0.450913199,0.432601485,0.410578592,0.387240856,0.36375139,0.332428287,0.31203433,0.293414243,0.279101101,0.267770496,0.259940421,0.253855509,0.250297717,0.247665424,0.24531641,0.244112493,0.24419259,0.244796162,0.244614323,0.247230777,0.248953953,0.250519893,0.251970111,0.25448333,0.257351326,0.262476475,0.266690224,0.274008992,0.280415776,0.286297172,0.293104798,0.300239385,0.307202874,0.313236833,0.320139112,0.326262084,0.333184843,0.339319086,0.346702393,0.352188467,0.359184162,0.364792808,0.369470448,0.375229465,0.380638136,0.386783528,0.391418671,0.397488799,0.404445609,0.408447124,0.411975681,0.415620918,0.421369795,0.424691663,0.428703364,0.431659386,0.434610236,0.438960554,0.441836631,0.445905297,0.448148567,0.450040154,0.45235603,0.454101224,0.456402823,0.457746621,0.459347832,0.459735283,0.458982983,0.460688413,0.459381235,0.46141525,0.461823757,0.461293262,0.462958476,0.462707872,0.460983037,0.464040885,0.463614637,0.465934749,0.462984733,0.462253973,0.463271214,0.463526856,0.464766884,0.462702938,0.464033567,0.463435344,0.462130774,0.463409505,0.462615489,0.46693665,0.465528803,0.470205825,0.469068897,0.471749381,0.47229481,0.479401358,0.473070935,0.472992356
105,0.545549974,0.546798972,0.546971738,0.546653509,0.54434697,0.540736434,0.540311612,0.538078282,0.536390662,0.538747302,0.537999479,0.535370273,0.535679318,0.532989809,0.532691594,0.531083854,0.530771242,0.53010766,0.52997199,0.529779298,0.529721516,0.53124477,0.531535742,0.531501344,0.533172908,0.533983878,0.535787959,0.536313794,0.536486156,0.537241975,0.537790925,0.539622503,0.539824902,0.540865645,0.540702512,0.540314192,0.542578347,0.542969124,0.543938139,0.543480156,0.543787908,0.544706602,0.545454113,0.545167279,0.545576647,0.546961431,0.547227209,0.546306962,0.545350597,0.546367413,0.546281009,0.546047998,0.545713216,0.546344221,0.545974861,0.544595554,0.544970017,0.544045571,0.541863136,0.540700764,0.539657417,0.536107003,0.532137605,0.529779886,0.527551868,0.526271665,0.525691405,0.525551096,0.525632197,0.525441496,0.526321651,0.525846558,0.527347622,0.527224902,0.525858597,0.526370137,0.526652929,0.527603131,0.528382111,0.528538487,0.529791395,0.5294474,0.529461049,0.528940998,0.530068572,0.530389796,0.530683969,0.531080144,0.531339467,0.531461494,0.530643952,0.531976881,0.53167185,0.531966642,0.532086824,0.531634659,0.532352824,0.532317071,0.531933433,0.531443242,0.53044453,0.529816088,0.5280092,0.527687189,0.526536561,0.525989714,0.524361225,0.52269958,0.520468539,0.517978803,0.516966293,0.513623646,0.509758634,0.507288248,0.503963794,0.501278225,0.497634803,0.49379101,0.491981696,0.489198018,0.486828217,0.485131076,0.482267575,0.47767755,0.473473367,0.467563298,0.459641939,0.44886752,0.435443354,0.420881427,0.400972812,0.379320857,0.35855051,0.330911364,0.313572631,0.297363265,0.284460984,0.274601646,0.267081693,0.261870961,0.259228427,0.256916105,0.255787202,0.255195053,0.254943207,0.256427676,0.255310199,0.256997573,0.259350763,0.260008692,0.261982481,0.264971236,0.266637491,0.271495032,0.275965825,0.283476942,0.289353353,0.295092281,0.301306805,0.307586155,0.312798751,0.318864638,0.324832897,0.33030637,0.336372863,0.342401927,0.349399533,0.354174745,0.359152262,0.365033811,0.369938612,0.374667927,0.379854489,0.384968513,0.389170288,0.393763368,0.398400932,0.403232309,0.40664249,0.411064216,0.414210355,0.417785653,0.420898209,0.422977966,0.42546235,0.429136368,0.431970241,0.43516764,0.436571356,0.438470393,0.440686283,0.442065341,0.441857245,0.443435201,0.444366713,0.445101965,0.444592377,0.445856246,0.446104284,0.445569563,0.444630622,0.446202156,0.446692882,0.445256353,0.445150225,0.446829972,0.445161513,0.446003037,0.443178444,0.444417137,0.443057194,0.444424819,0.444144847,0.442506075,0.442588839,0.445390713,0.442415856,0.444238443,0.440597547,0.445821951,0.444396054,0.448998635,0.44795602,0.452839047,0.457777313,0.458009679,0.448524209,0.445303847
223,0.541559404,0.541940815,0.542091837,0.544406513,0.542216887,0.542208868,0.542781523,0.539997271,0.540215625,0.538805347,0.538029902,0.537464681,0.537524668,0.534006281,0.531169128,0.531867017,0.532283057,0.530181599,0.530300755,0.530998928,0.530276335,0.529871319,0.531322646,0.531876047,0.533662222,0.534337316,0.535422419,0.53668919,0.537896661,0.53812943,0.53944251,0.54054738,0.54203548,0.541646231,0.543053593,0.543714546,0.544847831,0.545634925,0.546237276,0.546729534,0.5456127,0.546998701,0.546307812,0.548038863,0.547437454,0.54712118,0.547158071,0.547891936,0.546880708,0.545589897,0.547011124,0.545647896,0.544104554,0.54331668,0.542744648,0.541627979,0.54179654,0.540846818,0.537172216,0.534067705,0.530150174,0.525544892,0.520499269,0.51514663,0.509967717,0.508497234,0.506955955,0.5053439,0.504360226,0.504309531,0.50469273,0.504521671,0.504825936,0.504989455,0.506601787,0.506354078,0.50674909,0.506455984,0.508245268,0.509338639,0.510769431,0.511816666,0.512085791,0.513304264,0.514557922,0.515528974,0.515854191,0.515848213,0.517003123,0.516681204,0.516998405,0.518390141,0.518171024,0.518568025,0.517993936,0.518328755,0.518288638,0.517812962,0.517588374,0.51627382,0.515457129,0.513646912,0.512157713,0.510805721,0.508772358,0.506667316,0.504280438,0.501870656,0.498418896,0.495725799,0.49122004,0.488509124,0.482411764,0.476901373,0.472040194,0.467128148,0.462245256,0.457512653,0.453184675,0.449174623,0.444697756,0.441286393,0.436640302,0.430976405,0.424538849,0.416238861,0.405026093,0.391723512,0.374135889,0.353789039,0.331201985,0.306293351,0.282522772,0.252625885,0.234570211,0.217796458,0.205391476,0.196152492,0.189056449,0.184420581,0.181220921,0.178391605,0.178139476,0.176420853,0.175826771,0.175900515,0.176222453,0.177891308,0.178383651,0.179511465,0.181136829,0.182150698,0.184842697,0.18841564,0.191342411,0.196803177,0.201952488,0.20709123,0.212838442,0.217881584,0.224936119,0.22916544,0.234301152,0.240076309,0.24497393,0.251350935,0.258392685,0.26388812,0.268899655,0.274192091,0.28086588,0.285916439,0.291595176,0.296301622,0.300022315,0.306589983,0.31286832,0.316605024,0.321564758,0.324604165,0.329892895,0.335060224,0.338093941,0.342156757,0.345475859,0.34887439,0.351224758,0.356190979,0.359846023,0.361604562,0.364441755,0.367395668,0.368527529,0.372805136,0.372048708,0.3735027,0.375948127,0.375473853,0.378318443,0.379842548,0.380451088,0.380729454,0.381270509,0.382484725,0.382240505,0.385327202,0.385229075,0.387191308,0.385114164,0.386595297,0.385580408,0.385966229,0.386394018,0.38726255,0.389001498,0.387672299,0.386640542,0.389492443,0.386099937,0.390628283,0.39230732,0.398309594,0.397436231,0.399564453,0.404701346,0.399880705,0.40142783,0.387530185
155,0.559737739,0.565933225,0.564900539,0.565602955,0.565807862,0.564442078,0.565536138,0.564609622,0.566835784,0.565190734,0.565910497,0.564452533,0.56271904,0.56266727,0.560501585,0.558613139,0.559212778,0.559376906,0.559110418,0.560198901,0.560936293,0.562708602,0.562546009,0.563823694,0.566221714,0.566053105,0.568958934,0.569758819,0.571848062,0.572592635,0.573247089,0.574043143,0.575999246,0.57596209,0.577423169,0.577445319,0.577367816,0.577286065,0.577017551,0.577218071,0.578295853,0.577279537,0.576884023,0.57633767,0.575461683,0.575923683,0.574999225,0.57506021,0.573182014,0.572304333,0.571830303,0.571181892,0.569380549,0.567746997,0.567493543,0.565873796,0.56563378,0.563710732,0.560662216,0.557271334,0.554365669,0.549184416,0.544707094,0.538203873,0.534532109,0.531529127,0.530527361,0.52917724,0.528490263,0.528981898,0.528485538,0.527939086,0.529183374,0.529698307,0.529435683,0.528896583,0.530454173,0.530743981,0.532048726,0.532048471,0.533979006,0.534751274,0.53477261,0.536196596,0.536686519,0.53702495,0.537279326,0.538748308,0.538796435,0.539065151,0.53971206,0.539354723,0.540265338,0.539614554,0.539956613,0.540325431,0.540430332,0.53999554,0.538720935,0.538544733,0.537496305,0.5351594,0.533727336,0.532493408,0.530318071,0.529027278,0.52664632,0.523300249,0.520405609,0.516858077,0.51370349,0.509908497,0.504028992,0.499024974,0.493733718,0.488896275,0.484965348,0.479952544,0.475737617,0.471476626,0.466933236,0.463840328,0.460367145,0.454179995,0.447389986,0.439210266,0.427822848,0.413584179,0.396633941,0.37568528,0.351915659,0.326245776,0.30135619,0.26936873,0.249160299,0.232696862,0.220069596,0.20900297,0.201836147,0.196763296,0.193396386,0.190429984,0.18944105,0.189159675,0.188319192,0.188331063,0.188711152,0.188889629,0.190531901,0.191528303,0.193277633,0.195580913,0.197697329,0.201693258,0.206033738,0.211928559,0.216816606,0.222845818,0.229743783,0.234700487,0.240382854,0.247027026,0.254137414,0.2599785,0.265732857,0.272244881,0.280740416,0.286556221,0.29244572,0.298280249,0.303659987,0.310336167,0.315463424,0.321597213,0.327501853,0.334318536,0.341089081,0.347081018,0.3512573,0.357421448,0.35978991,0.365129074,0.370302047,0.374143471,0.377916837,0.382767208,0.38653778,0.391960736,0.394577655,0.396948281,0.401847097,0.405332993,0.406996457,0.410611928,0.411878348,0.412214991,0.414686,0.41934835,0.416779982,0.419815053,0.420672161,0.420491384,0.423199673,0.4230727,0.426134134,0.427231871,0.428052732,0.430358983,0.430462391,0.429142107,0.431056593,0.431076355,0.431944996,0.432648758,0.4327037,0.434052441,0.43286207,0.43524509,0.436097317,0.436359816,0.433764007,0.438718931,0.44144238,0.434228402,0.434967423,0.441986254,0.439277908,0.433011965
145,0.555363942,0.556622395,0.555928973,0.557315073,0.558654231,0.556596341,0.554664598,0.55466257,0.554453209,0.55637142,0.55600626,0.55634628,0.55537729,0.554276968,0.553751892,0.553478457,0.553483509,0.554996026,0.555240309,0.554870643,0.555805474,0.55607518,0.556860229,0.557811732,0.559118383,0.5588205,0.561319854,0.562074783,0.563315773,0.5634507,0.563606711,0.566605008,0.565417916,0.56572697,0.565070774,0.566356605,0.567422001,0.566296053,0.565798704,0.565163093,0.565401761,0.564496402,0.564283048,0.564355657,0.563993864,0.562740816,0.563369738,0.561754515,0.560850979,0.561305661,0.560419321,0.559134376,0.559110214,0.556631399,0.557575618,0.556433994,0.557006173,0.554813361,0.553758599,0.551681209,0.549136358,0.545151296,0.54233533,0.539553068,0.536973827,0.534069225,0.533045701,0.532204835,0.531803344,0.532909877,0.532974409,0.531937134,0.53333581,0.532445027,0.532868919,0.533063036,0.53403901,0.534337784,0.535552872,0.535167441,0.536559051,0.537038659,0.537234842,0.537990803,0.538682132,0.539659774,0.539198934,0.539925305,0.540580966,0.540025125,0.54086788,0.541214629,0.541078388,0.540949625,0.541422261,0.541925302,0.542420287,0.541315465,0.541406444,0.540791891,0.539922502,0.538212514,0.538548,0.536735713,0.534600244,0.534155762,0.532578694,0.530336661,0.528959732,0.526192702,0.52395679,0.520517885,0.51688011,0.513763975,0.510238721,0.507142599,0.503140552,0.500492154,0.497676913,0.495145317,0.491942969,0.489833355,0.487354796,0.482618901,0.478694917,0.471617886,0.463237943,0.452297587,0.437692068,0.420714732,0.40100688,0.378349333,0.355425683,0.326371321,0.306319764,0.290407076,0.276133884,0.265484616,0.257797095,0.253074948,0.249220953,0.246774594,0.245344266,0.245120149,0.244239485,0.245414824,0.245082458,0.246115401,0.24777543,0.249016922,0.250841343,0.253050844,0.256787884,0.260449713,0.26477561,0.272149314,0.279366782,0.284905646,0.292204646,0.298831238,0.305469153,0.311043072,0.317376375,0.323623587,0.330116907,0.336207014,0.344773898,0.350099314,0.356313177,0.361653756,0.36896783,0.373109916,0.378990415,0.384426718,0.38983975,0.394910639,0.4014276,0.406422549,0.41140014,0.415257736,0.419654918,0.423844128,0.428120819,0.432140751,0.435486358,0.438567088,0.44321575,0.446891567,0.450040389,0.453107934,0.455387274,0.458821178,0.45923113,0.462145705,0.462146182,0.465501007,0.464951521,0.46714364,0.466424786,0.468590716,0.470059375,0.470930567,0.470636085,0.470638449,0.470852653,0.471964555,0.47293312,0.474285849,0.475826889,0.473325974,0.47427248,0.475210626,0.474621663,0.473732732,0.475069279,0.475393916,0.47602047,0.479641815,0.475557289,0.477595879,0.477135569,0.481449492,0.483407589,0.485455127,0.487393006,0.484512045,0.484235686,0.481307987
62,0.638148904,0.634982605,0.637028708,0.635581754,0.632249,0.628539353,0.624983102,0.623119485,0.623596054,0.625120263,0.627816931,0.627678452,0.629371015,0.628565256,0.62836804,0.629103371,0.625066874,0.625090848,0.626722534,0.626098485,0.625878657,0.626719731,0.627851017,0.628813429,0.630244739,0.63037252,0.632117595,0.632623649,0.632962791,0.635548651,0.635957274,0.63759112,0.637261793,0.637647727,0.639973022,0.639491808,0.640994882,0.640196663,0.641561083,0.641237074,0.641234684,0.642096666,0.642254119,0.641647232,0.64136975,0.64321275,0.640915576,0.642864033,0.641710908,0.641311976,0.639763456,0.640741092,0.64004688,0.641189711,0.639248668,0.638245574,0.636866002,0.635770683,0.63249437,0.630496881,0.62772629,0.624285721,0.619065018,0.614590292,0.611296853,0.607555656,0.605820451,0.604547719,0.603835569,0.604590106,0.604278757,0.603966373,0.604057994,0.60344576,0.605021091,0.60464028,0.604149319,0.605211563,0.605336316,0.606705858,0.607791187,0.608422695,0.61024327,0.61088128,0.611092267,0.61274153,0.613352921,0.613863136,0.614215605,0.614786025,0.615041244,0.615383342,0.615108576,0.615166603,0.616361749,0.616694804,0.616798187,0.615472707,0.616344051,0.615440918,0.614267865,0.613325864,0.612743612,0.610903303,0.609259671,0.608365751,0.605711771,0.604141403,0.600461534,0.59790168,0.594065167,0.590350999,0.585900551,0.581499237,0.577052497,0.57150785,0.567205071,0.562636608,0.558978389,0.554211712,0.550122345,0.547394401,0.542245284,0.537068637,0.530935887,0.522570247,0.512547021,0.498827858,0.481215936,0.461096092,0.436497296,0.409229428,0.380916198,0.344948932,0.320722342,0.299893228,0.282281397,0.268587611,0.257655047,0.250576088,0.244488131,0.239953836,0.237393437,0.235564475,0.235375433,0.235026769,0.235349865,0.23635729,0.237213338,0.23853331,0.240719616,0.243228339,0.246620622,0.249710968,0.254639588,0.261727548,0.267783858,0.275413179,0.282670873,0.289240946,0.297030174,0.303425209,0.310071028,0.318216528,0.325377491,0.331407662,0.34064728,0.346878682,0.354100047,0.359803058,0.366229842,0.372917545,0.379047035,0.385522561,0.391167751,0.397073775,0.404685174,0.409802466,0.415277468,0.418644583,0.422776197,0.426869713,0.432458128,0.435320912,0.439554495,0.443578695,0.447563816,0.452941687,0.455865509,0.458341616,0.463084085,0.465150887,0.465877461,0.468786129,0.470837821,0.472366128,0.472992773,0.473162111,0.474425236,0.47393274,0.476845681,0.478627071,0.478900769,0.482052101,0.481459435,0.484017393,0.482883179,0.483972243,0.482760631,0.482828577,0.484001057,0.485508568,0.489660598,0.490271952,0.489723342,0.494422975,0.499835459,0.506469479,0.522051384,0.54551868,0.560948599,0.575908134,0.592924711,0.602212304,0.610510423,0.593505975,0.591390308,0.590244876
229,0.503061658,0.506258224,0.506556696,0.505680833,0.50633792,0.505311086,0.507250149,0.507176402,0.504811923,0.506267119,0.507174656,0.506824386,0.505077001,0.502792361,0.504027536,0.503471839,0.502706985,0.503901598,0.504258415,0.50388757,0.50460974,0.504922762,0.505131248,0.505591912,0.50742363,0.50739645,0.508440007,0.509827503,0.511417939,0.510687489,0.511080339,0.513307197,0.512916122,0.513390853,0.513948594,0.514160822,0.515915393,0.514343272,0.515869906,0.515376223,0.514754339,0.514112884,0.515146615,0.515977208,0.514629998,0.514789894,0.514658446,0.514074384,0.512822094,0.512820755,0.512867677,0.511618167,0.510903803,0.50964221,0.509312977,0.508927759,0.508653601,0.506569987,0.504103448,0.503306649,0.500341799,0.497243963,0.491657088,0.489418573,0.487172045,0.484065993,0.482850669,0.48303973,0.482777463,0.482655442,0.482866911,0.481897567,0.482920077,0.48365149,0.482398432,0.483578101,0.483932217,0.484706764,0.484982756,0.486097103,0.485986569,0.487775893,0.487359191,0.488612474,0.489533866,0.4892752,0.490472523,0.490760822,0.490525627,0.490367985,0.490733798,0.491080095,0.491277457,0.491052151,0.49110536,0.490881355,0.49124389,0.491114614,0.490474112,0.489338911,0.489439165,0.487922432,0.486519166,0.485710093,0.483993137,0.483522543,0.482109155,0.480386717,0.478079792,0.475008077,0.473233852,0.470844967,0.466522743,0.463259636,0.460147371,0.456234691,0.45299751,0.449846102,0.446912339,0.444463222,0.441680718,0.440018732,0.437077379,0.432050744,0.427314131,0.421889876,0.41359585,0.402723594,0.389833255,0.373237824,0.354667468,0.333432898,0.312479654,0.284855134,0.266998764,0.251601693,0.240392552,0.230956455,0.222975131,0.21865238,0.215100404,0.212559571,0.21250465,0.210967399,0.210595865,0.211622748,0.212363863,0.212643884,0.214374196,0.215906553,0.217105642,0.219168596,0.222102525,0.226084112,0.229757284,0.237123552,0.242323145,0.247021728,0.25251968,0.25920036,0.265272513,0.27139772,0.276596843,0.28177687,0.287835943,0.293212878,0.300253397,0.305303204,0.310411308,0.316202771,0.321028663,0.326259324,0.331018824,0.336546596,0.340545843,0.345995961,0.351297051,0.35442339,0.359737074,0.363532392,0.365660331,0.369676423,0.373920457,0.375570719,0.379480641,0.381038948,0.385636925,0.388541149,0.391146591,0.394688939,0.396883161,0.397789396,0.399065331,0.402378039,0.40168018,0.401854567,0.402982449,0.403578535,0.403102721,0.405824028,0.406323577,0.406833171,0.406965233,0.406499602,0.409054901,0.408687271,0.409078723,0.40931012,0.407560479,0.408131131,0.409573031,0.409576629,0.408444086,0.410258229,0.409403367,0.412026703,0.410348087,0.412294052,0.410423301,0.413182041,0.414912517,0.419647884,0.420355558,0.422850236,0.421437116,0.426247509,0.426713632,0.419086007
5,0.584692862,0.586579049,0.584427098,0.584057874,0.58640876,0.578051966,0.575046832,0.571832117,0.573336818,0.575334942,0.578207996,0.579161534,0.579938715,0.577958382,0.579253912,0.578314895,0.577080691,0.578014892,0.578758208,0.578987048,0.578027774,0.580164657,0.580877552,0.580710748,0.583796455,0.583627192,0.585465185,0.586397454,0.587325267,0.588542055,0.589504391,0.590692352,0.591933772,0.593052028,0.592839273,0.594450516,0.593952768,0.594854986,0.595859195,0.596094656,0.59576272,0.595486211,0.596009296,0.59692594,0.596475948,0.596313785,0.594745648,0.596284436,0.594385255,0.595999301,0.592135679,0.594093087,0.592374156,0.592442965,0.590894912,0.590771847,0.589522323,0.588492326,0.585987233,0.584064171,0.580338005,0.576668552,0.572070162,0.566669971,0.562527523,0.559868074,0.558794052,0.558122133,0.556911627,0.556813445,0.556458907,0.557054961,0.557897565,0.558609077,0.558207356,0.557941616,0.558618987,0.559587589,0.560106388,0.561568127,0.561916932,0.56256568,0.563536379,0.564770202,0.566789274,0.567388779,0.566904062,0.567777372,0.568712613,0.568121257,0.568859938,0.569618933,0.570260332,0.570598833,0.57044352,0.570930865,0.571314393,0.570311229,0.570412159,0.569674854,0.568600379,0.567646985,0.566730737,0.564788377,0.563679245,0.561124908,0.559245891,0.556744246,0.553805541,0.55116094,0.547965142,0.544025575,0.538291395,0.534502797,0.529795374,0.525443888,0.520435352,0.516275922,0.512862411,0.508164297,0.504522175,0.500560099,0.497008548,0.491078709,0.484669983,0.477554325,0.466770801,0.453191603,0.436249875,0.416206845,0.392361368,0.36703265,0.339683991,0.306538029,0.285230033,0.267178964,0.251014843,0.240150091,0.231235325,0.225043818,0.219993814,0.217599056,0.214839749,0.213444424,0.213404275,0.213594406,0.214023968,0.215045499,0.21677096,0.217875828,0.218604994,0.221627956,0.22432974,0.228213828,0.232609133,0.239479322,0.245674197,0.251463479,0.258368046,0.265662435,0.271233169,0.278126198,0.285768038,0.291742688,0.297637863,0.303754763,0.313613644,0.318341032,0.325679643,0.332086008,0.337422759,0.343531678,0.349193828,0.356143825,0.362064626,0.367101341,0.375461558,0.379358714,0.38516221,0.388763773,0.393562845,0.397934151,0.402158881,0.406824179,0.41015689,0.415045176,0.418238695,0.422040232,0.425612028,0.430196304,0.432385748,0.433437335,0.435639607,0.439388396,0.439576539,0.441680382,0.443388132,0.44326068,0.444853453,0.444862934,0.445402629,0.448463286,0.447189184,0.45097363,0.450029577,0.450191424,0.451380237,0.451671202,0.452563622,0.452671586,0.453183059,0.456370667,0.460189868,0.461578275,0.462949203,0.461818416,0.47169897,0.48098457,0.497106769,0.519802769,0.537372059,0.559117257,0.57789734,0.584566218,0.592506007,0.591511029,0.587181904,0.57742756
60,0.601808581,0.607978353,0.606821343,0.603858262,0.602917162,0.601325604,0.599949789,0.59748012,0.599311047,0.598357242,0.601520529,0.601252976,0.600274284,0.59865218,0.598630925,0.596476685,0.595998164,0.595321955,0.596519384,0.597565448,0.598649112,0.600110798,0.599880665,0.600240417,0.600838872,0.60115935,0.603962118,0.60491554,0.605108028,0.607447641,0.609540151,0.609321139,0.611711833,0.611865184,0.613494857,0.613497177,0.614456078,0.614400647,0.615807583,0.616816744,0.617267659,0.61718795,0.617727463,0.618664282,0.619097043,0.618443652,0.618262761,0.618826684,0.61817569,0.618216093,0.616001943,0.617485885,0.616868447,0.616708481,0.61577014,0.61583243,0.614677091,0.613941159,0.611243716,0.607894385,0.605418771,0.602145799,0.597994759,0.591847641,0.589379086,0.585223166,0.584893862,0.582815884,0.582118447,0.58295944,0.582312342,0.582700615,0.582717204,0.58213552,0.582464494,0.582241397,0.582493458,0.584363031,0.584137665,0.584980532,0.586358721,0.587794129,0.588181839,0.589620505,0.590120028,0.591132402,0.59180891,0.59271976,0.592912426,0.59341465,0.595062429,0.594819811,0.595450602,0.595285173,0.596341626,0.596747474,0.596904285,0.596603103,0.59621632,0.595406711,0.595223469,0.593881596,0.593752116,0.59154975,0.589363836,0.588332716,0.586435017,0.583924116,0.581854497,0.579296907,0.576551445,0.572432468,0.567541513,0.562594257,0.558282659,0.55434997,0.550219921,0.545332982,0.54200709,0.537498616,0.533963428,0.531045275,0.526037388,0.520650379,0.515525284,0.507925163,0.497165033,0.484452942,0.467388393,0.446504353,0.42335924,0.397937973,0.369601408,0.334906328,0.311431178,0.292366204,0.274983935,0.262253979,0.252058133,0.244285226,0.238765341,0.234658981,0.2332175,0.231590753,0.229428454,0.229506723,0.22984806,0.231178081,0.232434848,0.233435647,0.235528357,0.237609518,0.240494774,0.244689095,0.248644956,0.256692809,0.263380412,0.269717427,0.277353809,0.28344323,0.291204,0.29871962,0.305185345,0.312525381,0.319151264,0.326101077,0.336275215,0.342835882,0.349613146,0.355347261,0.362652277,0.369168093,0.373973763,0.382128322,0.387170737,0.392927067,0.400724883,0.405883347,0.411437041,0.416419927,0.420858055,0.424742064,0.430465389,0.434137006,0.437762745,0.441240917,0.444546036,0.450459051,0.455862833,0.456857561,0.460760638,0.462524063,0.464836561,0.467302193,0.468086757,0.470179711,0.471363387,0.472119404,0.474052592,0.472448001,0.474409808,0.476324333,0.476762393,0.479340313,0.478817958,0.480276782,0.480516835,0.481476711,0.480103295,0.483243738,0.483591618,0.484696902,0.486428202,0.486348199,0.484327521,0.487149526,0.489747401,0.489449308,0.502575803,0.51035843,0.518329137,0.52108587,0.52257036,0.53202744,0.530992272,0.525012825,0.519452908,0.522766944
168,0.64413814,0.643834557,0.639032442,0.643124121,0.637745639,0.631669851,0.628913115,0.626026374,0.627551876,0.62966513,0.633946142,0.633174185,0.635153626,0.633427943,0.631951795,0.633050619,0.631546502,0.631874173,0.630930848,0.631978439,0.632436439,0.63264718,0.634023177,0.635137023,0.636749933,0.636469634,0.63989848,0.640739788,0.64186233,0.64370761,0.644431614,0.646520564,0.647188061,0.64832062,0.648899427,0.649554548,0.648614958,0.650772367,0.651037459,0.650919312,0.651729688,0.652140386,0.652232085,0.652681948,0.65201981,0.652405305,0.651765172,0.652579771,0.651146665,0.650658599,0.649159979,0.649591972,0.649158841,0.649386855,0.647140024,0.64804295,0.646141751,0.644798494,0.64223051,0.638877005,0.635367638,0.629940753,0.623523527,0.617844167,0.61304121,0.609624422,0.609159778,0.607294943,0.606750882,0.6080144,0.606878871,0.606625595,0.607437334,0.607184122,0.607528899,0.607863878,0.60853677,0.609337954,0.610533538,0.611759645,0.613213107,0.613528019,0.614495403,0.616467962,0.617704944,0.61763687,0.618527572,0.619132679,0.619383309,0.620147409,0.620756149,0.620225909,0.621738459,0.622189413,0.622267011,0.623068338,0.623869877,0.622907258,0.622363404,0.621941139,0.62048976,0.6191318,0.618324498,0.616442312,0.614150651,0.612181498,0.609662129,0.606179019,0.603417506,0.600217439,0.595785916,0.591537782,0.584532766,0.579617386,0.574525873,0.569076071,0.564218639,0.558096349,0.553576265,0.548873575,0.544512406,0.54035142,0.535344635,0.529103832,0.521612658,0.512809972,0.500611801,0.484015952,0.465136366,0.441106931,0.414367888,0.386129208,0.356439305,0.319432852,0.294727909,0.274978763,0.259296585,0.246434869,0.236924382,0.230536094,0.2258753,0.222553889,0.220989855,0.219418319,0.218192839,0.217779805,0.218800053,0.220405258,0.220898231,0.222417161,0.223955957,0.22657867,0.23002414,0.232852722,0.237168533,0.244706646,0.250763486,0.257177839,0.264138983,0.271463933,0.276709011,0.285292877,0.291911803,0.299456533,0.306185005,0.31223034,0.322610276,0.328903123,0.335161853,0.342579807,0.349500371,0.355331911,0.361846746,0.367856902,0.374844833,0.381151796,0.3891733,0.39443943,0.39997207,0.404462116,0.409625544,0.41397644,0.418638599,0.42349406,0.42825555,0.433150945,0.435202474,0.441422677,0.445690919,0.448748356,0.452733932,0.454201087,0.456817032,0.458896151,0.461426913,0.463653866,0.465208273,0.466055323,0.469101278,0.468860157,0.472565988,0.472728467,0.472443227,0.475880696,0.473758227,0.475317321,0.476101486,0.47828082,0.476046483,0.477808118,0.48001673,0.482986931,0.483214765,0.488285428,0.4896721,0.492718512,0.499897871,0.50791453,0.527619614,0.549698464,0.575604987,0.595871619,0.618501717,0.63199438,0.632297552,0.632644919,0.63158933,0.618198594
183,0.553872685,0.555941488,0.555413036,0.554948059,0.553624527,0.552222506,0.552769198,0.551053463,0.551444766,0.550106115,0.550871607,0.550972974,0.550301814,0.548492478,0.548241881,0.547698493,0.547999472,0.547256206,0.547393954,0.547956866,0.549487543,0.550369699,0.55048673,0.551210268,0.552589465,0.551714291,0.555101024,0.554321228,0.555383699,0.55535988,0.555824941,0.558304115,0.558498647,0.558775378,0.559909921,0.561081548,0.56122153,0.561639071,0.563424493,0.562853891,0.562912765,0.56174209,0.563472153,0.563245152,0.564289685,0.563537176,0.564115952,0.564250969,0.563334741,0.563456239,0.563985106,0.563257064,0.561760323,0.561583459,0.562176433,0.560992317,0.560579725,0.559076125,0.556847525,0.555697053,0.552251738,0.548383405,0.546184094,0.542873023,0.53941975,0.537983646,0.536844937,0.537048577,0.5360488,0.536359912,0.536705522,0.536350537,0.536800083,0.537984989,0.538003429,0.537977363,0.539671249,0.54016653,0.539130868,0.541206221,0.542597798,0.543634547,0.543951625,0.544554975,0.544285801,0.545233441,0.5458521,0.545163702,0.546280113,0.546137511,0.546779586,0.547338986,0.54695687,0.547323151,0.546711817,0.547114031,0.54726832,0.547667982,0.547274945,0.546255598,0.545847515,0.545107765,0.543502853,0.54325813,0.541985379,0.541352253,0.539512675,0.537816424,0.535671737,0.53301141,0.530787078,0.527826351,0.524222785,0.520615043,0.51811732,0.514807616,0.511354974,0.508122357,0.505476058,0.502230053,0.499757956,0.497507927,0.495219185,0.489514972,0.486391677,0.479679613,0.471168855,0.459911001,0.445412186,0.428543164,0.407357566,0.385350157,0.362728719,0.333166829,0.313394722,0.296966209,0.283369185,0.27330834,0.266208312,0.260378198,0.257327216,0.255191236,0.253963416,0.253942516,0.254675237,0.255158323,0.25489634,0.257100058,0.258991184,0.25975762,0.262537269,0.264834139,0.26892138,0.272965954,0.277103416,0.28554082,0.290982876,0.298380501,0.304653954,0.3124452,0.317731734,0.325010969,0.33137743,0.337677623,0.343575928,0.350416924,0.358420797,0.363965671,0.369234603,0.375943172,0.381304252,0.387354587,0.392473274,0.398294595,0.40287111,0.40912784,0.414266044,0.419027941,0.422777615,0.427470601,0.431732323,0.435432534,0.439991949,0.442685055,0.445392897,0.449053691,0.452495066,0.455402999,0.458065501,0.460228611,0.462153056,0.464948788,0.465577161,0.467834574,0.466870591,0.468409197,0.468672759,0.468279339,0.469817891,0.469599108,0.469115607,0.47003628,0.469334561,0.469490835,0.470885358,0.472394174,0.47095299,0.471846997,0.470445143,0.470639202,0.469601767,0.470132646,0.46843049,0.470470598,0.470746061,0.470350164,0.467100434,0.472092933,0.472489215,0.476545238,0.475559427,0.480801709,0.486377808,0.485954607,0.49597575,0.494177613,0.493969462,0.492782831
247,0.552939608,0.558542706,0.558465662,0.55661497,0.556425647,0.554205673,0.557075585,0.555155522,0.553696143,0.553733969,0.553244567,0.552818352,0.551680489,0.54778741,0.547504927,0.544483112,0.544857267,0.544927131,0.544404003,0.545083113,0.546003684,0.546982839,0.546781771,0.547205476,0.549710312,0.54932917,0.551711051,0.551301837,0.553294489,0.553419005,0.553883524,0.555209685,0.5573209,0.557297099,0.558771261,0.560133795,0.559571629,0.559414457,0.56115351,0.560544689,0.562773305,0.561384172,0.562387789,0.562723263,0.56243842,0.562964941,0.563276759,0.563805938,0.561524702,0.563354619,0.563441053,0.561230817,0.561651064,0.560817344,0.561414223,0.559761138,0.559232579,0.557564109,0.555002135,0.553909794,0.549787301,0.545496745,0.541588268,0.535931878,0.532071464,0.529877437,0.528629812,0.528898464,0.52796212,0.527783021,0.527960477,0.527563101,0.528321216,0.528409267,0.529011803,0.528292969,0.529586662,0.530702973,0.530804366,0.531931532,0.533419696,0.534490369,0.535223342,0.535639954,0.536965662,0.537406261,0.537294628,0.538142129,0.538826483,0.539022117,0.539834846,0.540684621,0.540260499,0.540946431,0.540384815,0.540810663,0.541063083,0.54056811,0.539744199,0.539160009,0.538737207,0.537435094,0.536074903,0.534540475,0.532692275,0.531033702,0.529347797,0.527665113,0.523635037,0.521662621,0.517930401,0.514586833,0.509600634,0.505578357,0.500877481,0.495799704,0.491905867,0.487114582,0.483959008,0.480045615,0.476086496,0.473422358,0.469649407,0.464358177,0.458178855,0.450343928,0.44006096,0.426493815,0.411044102,0.39103368,0.367858188,0.343392944,0.318948891,0.288207687,0.267954259,0.250572116,0.236787291,0.226313018,0.218317096,0.212760816,0.208467862,0.205682816,0.203937936,0.202861478,0.202251952,0.202494538,0.203023205,0.203637184,0.204744716,0.206351955,0.207986518,0.210522708,0.21263209,0.216209454,0.220038184,0.227012008,0.233291876,0.239109275,0.244198399,0.250287731,0.257308351,0.262732838,0.26854571,0.274619081,0.280270691,0.287898777,0.294676294,0.30020298,0.306389936,0.312419038,0.317893384,0.32358028,0.329468027,0.333900135,0.339396389,0.345172826,0.35234058,0.355400621,0.360077065,0.365826534,0.368879446,0.373227221,0.377463088,0.380536,0.383978719,0.387232294,0.391515259,0.395240536,0.398605999,0.399427134,0.403591698,0.405788329,0.407423105,0.4087665,0.409120979,0.409607752,0.412638864,0.413013811,0.414457548,0.41440346,0.415360569,0.41510872,0.415878598,0.415630922,0.417140282,0.416846297,0.418041012,0.419443155,0.419491439,0.417162019,0.419699342,0.417418796,0.417810688,0.417250541,0.417364355,0.415575633,0.417715436,0.420789312,0.419086098,0.41829516,0.421984418,0.424305754,0.426834458,0.426935987,0.43083284,0.434679464,0.430078782,0.430125098
251,0.550656903,0.551779539,0.551335703,0.551314193,0.549512113,0.546973904,0.550294376,0.548483075,0.548194538,0.549086688,0.548610196,0.548169788,0.546489106,0.544879008,0.545199806,0.54294712,0.542528909,0.543255583,0.542731702,0.542648935,0.543954355,0.544678987,0.544764626,0.545229333,0.547181006,0.546206745,0.547939241,0.549005432,0.55009488,0.55176857,0.552031817,0.553640614,0.554417935,0.555029024,0.554341087,0.555055224,0.556652395,0.556382167,0.556644387,0.556232607,0.555696328,0.556527387,0.557886251,0.557487686,0.557144663,0.555986057,0.556999506,0.555897724,0.55576247,0.556442045,0.556787591,0.555561535,0.554779378,0.552639291,0.553968892,0.552255721,0.55189561,0.550931402,0.547717934,0.545267716,0.543020983,0.538991504,0.534490103,0.530443877,0.527141761,0.523531362,0.524085628,0.522152483,0.521782848,0.521682203,0.521856646,0.522255993,0.522804184,0.522239323,0.522920207,0.522883224,0.524152012,0.524808986,0.525361677,0.525744752,0.527328626,0.527562094,0.52877523,0.529555404,0.529538027,0.530290174,0.530969614,0.531772198,0.53288862,0.532020927,0.532529935,0.533194599,0.533573807,0.53325061,0.533568215,0.53423755,0.53384147,0.533608368,0.532766045,0.532048189,0.531332769,0.529949526,0.528905229,0.528143211,0.526173617,0.524978625,0.52294896,0.520667315,0.518627851,0.515940338,0.512401801,0.509231973,0.5044441,0.500199895,0.496511688,0.4920698,0.488116045,0.484480069,0.481502964,0.477757514,0.473666056,0.47166702,0.467557143,0.462192832,0.456817109,0.449776072,0.439394406,0.427062651,0.412008727,0.393155536,0.371402865,0.347202057,0.323515592,0.293392805,0.273470978,0.256144763,0.241535457,0.231110716,0.222811471,0.217638128,0.212932413,0.210722741,0.209183163,0.207474523,0.207564455,0.207204458,0.207802935,0.208483004,0.210515178,0.211472097,0.212227687,0.215681415,0.217745593,0.220497111,0.225201512,0.231681258,0.236192684,0.241982998,0.24855752,0.254356336,0.260543497,0.266301736,0.271436547,0.278540288,0.284318663,0.289652606,0.297454034,0.302565148,0.307791535,0.314393247,0.319498517,0.324870795,0.329527832,0.335583868,0.340181639,0.346006623,0.351695411,0.355961542,0.36015484,0.365339283,0.369138166,0.372398313,0.375561528,0.378819933,0.382870106,0.386634625,0.388633028,0.391184145,0.396001126,0.398859621,0.399854435,0.403103509,0.404154023,0.407162907,0.406495331,0.40862743,0.408705331,0.409380812,0.409548984,0.411426922,0.412555757,0.412842514,0.413486701,0.412946073,0.414563862,0.415314612,0.414406306,0.414884076,0.414858175,0.41531252,0.414411014,0.41442058,0.414881629,0.4136291,0.413388757,0.414716365,0.41461534,0.416157043,0.415988915,0.41819328,0.41577663,0.423172133,0.425158281,0.423899145,0.430879296,0.430219475,0.430692057,0.416417016
49,0.595912135,0.591928875,0.594474597,0.592913122,0.596872092,0.591982685,0.589265368,0.588262734,0.589811611,0.589856259,0.589951727,0.590424276,0.589814154,0.588974159,0.58852393,0.586031361,0.584217516,0.583440488,0.585478441,0.584890081,0.585462953,0.587041095,0.586609542,0.588166567,0.589745426,0.589953716,0.592418866,0.593350802,0.594518555,0.596638127,0.597440936,0.597442351,0.598438795,0.598717856,0.601534641,0.600677714,0.602093995,0.604269539,0.602888061,0.603238229,0.602947798,0.603009993,0.604367259,0.603893326,0.602739693,0.605078161,0.603202731,0.604071012,0.603977512,0.601975678,0.6013846,0.601634483,0.600648968,0.600520528,0.598749022,0.598277547,0.598181522,0.595976474,0.592447306,0.590013369,0.586799341,0.582457341,0.577152862,0.570501355,0.566061129,0.563999245,0.562415517,0.56104653,0.55916991,0.55992514,0.559831974,0.558589128,0.559055855,0.559675772,0.559632292,0.560443917,0.55989196,0.561732476,0.561260491,0.562983336,0.564309334,0.565145614,0.566025038,0.568127918,0.568990555,0.569636996,0.570658153,0.570503944,0.57155485,0.572098895,0.571990959,0.573049775,0.573834061,0.574193978,0.574036423,0.574656664,0.574678081,0.574216555,0.574316317,0.573474289,0.572374071,0.570694806,0.570532274,0.568373563,0.566616758,0.565493683,0.562745987,0.56037639,0.556710523,0.553618064,0.549690265,0.546203534,0.539479247,0.535119821,0.529880525,0.524541539,0.519803209,0.514999437,0.510490239,0.505453338,0.501959182,0.498348543,0.493152798,0.487157195,0.480437646,0.472510686,0.461655483,0.446792936,0.429048459,0.406674992,0.382689402,0.354742631,0.328313032,0.291998713,0.269101828,0.24944237,0.233912198,0.219983012,0.210530078,0.203716146,0.199034542,0.195007242,0.192094747,0.190647111,0.189377268,0.189119659,0.189240232,0.190253389,0.190902336,0.192572375,0.193794708,0.195350818,0.197433776,0.200495535,0.20504071,0.212051459,0.218569527,0.223025652,0.229207654,0.235280213,0.241776717,0.24946523,0.254626637,0.261720868,0.267950464,0.274981891,0.283106612,0.288467116,0.294612289,0.301973281,0.308365555,0.313529859,0.320246339,0.326165608,0.332131812,0.337316706,0.34575498,0.350415476,0.355299227,0.360533735,0.363991872,0.369206165,0.374128476,0.37744623,0.382506365,0.385670057,0.389437511,0.394796984,0.398318329,0.400762995,0.404826005,0.406861875,0.408849374,0.411600455,0.414178425,0.415762239,0.416769665,0.41686224,0.420301032,0.420627625,0.422749017,0.423900754,0.423493859,0.426680074,0.426204197,0.427392424,0.429883328,0.430096923,0.42983048,0.430740785,0.430192833,0.432444757,0.432174189,0.43533448,0.435862486,0.437296657,0.440532659,0.444906646,0.452666733,0.45988242,0.469454322,0.477417617,0.475460374,0.482078409,0.48282356,0.478597078,0.479560748,0.468804548
76,0.906761932,0.913227677,0.913154727,0.912318307,0.913859293,0.911336723,0.909938008,0.91158393,0.909472518,0.909960654,0.906416833,0.90543318,0.901664988,0.897868764,0.89391682,0.890612004,0.888263074,0.889203918,0.889506922,0.887880832,0.89049941,0.890697432,0.893505782,0.895358361,0.897100951,0.898338075,0.901912909,0.904223012,0.905440653,0.90856516,0.91107531,0.912503547,0.915746576,0.916448825,0.918642533,0.919844425,0.920052585,0.921893032,0.922741876,0.923148135,0.923409463,0.922470453,0.923594671,0.924103097,0.923274567,0.923321996,0.921590308,0.92175081,0.921287635,0.920663893,0.917359641,0.918320919,0.915544572,0.917076602,0.914019144,0.911234525,0.910100642,0.908021361,0.901729198,0.895365419,0.888727576,0.879799322,0.86919388,0.858107322,0.849656045,0.842301162,0.839299626,0.836419271,0.833684576,0.833186228,0.832880421,0.832587307,0.831460898,0.831815117,0.830882209,0.830957372,0.82999776,0.832544912,0.833111848,0.835116932,0.836339901,0.837533226,0.839599367,0.841918124,0.844696608,0.845585096,0.847508043,0.849290388,0.849606218,0.850617798,0.852618498,0.852707187,0.85403741,0.854577916,0.854610197,0.855689708,0.856180913,0.855713229,0.854292829,0.853494789,0.852107363,0.84991331,0.849170373,0.845458863,0.842892068,0.838269241,0.834527961,0.830678214,0.824475858,0.818617307,0.811643636,0.804160311,0.793645871,0.7851495,0.775409384,0.766649297,0.757172903,0.748175604,0.739918269,0.731420501,0.724218928,0.717857295,0.709044293,0.697866135,0.687118571,0.672842361,0.656252203,0.63383879,0.606182061,0.573966551,0.537507031,0.499702155,0.460086967,0.412320337,0.381501911,0.355755937,0.334141028,0.317245792,0.305280449,0.296068172,0.289373327,0.285547778,0.281763591,0.279112336,0.277521194,0.27788132,0.278257796,0.280132954,0.281501405,0.283151378,0.285154193,0.286443245,0.290628309,0.295470605,0.299454358,0.308050813,0.31542685,0.322648292,0.330582589,0.338595274,0.346704975,0.355882466,0.364189801,0.371269132,0.379524369,0.387994835,0.400094639,0.407450675,0.414977858,0.424459905,0.431993472,0.439981893,0.447188727,0.455902344,0.462951904,0.471777127,0.480721019,0.487775817,0.494482623,0.501798245,0.507659797,0.513306065,0.519627286,0.525065847,0.531315919,0.536318949,0.541454031,0.54893081,0.55466768,0.56048274,0.564400797,0.567264467,0.571379279,0.576071463,0.578523198,0.58188129,0.585123025,0.585604345,0.589789537,0.591673556,0.595218924,0.59684117,0.59828223,0.602220254,0.602167499,0.60551272,0.606959561,0.607332035,0.610146195,0.61148585,0.608677468,0.61155849,0.613491699,0.609877407,0.611905653,0.612518693,0.612716173,0.613723759,0.616321132,0.613760668,0.618302316,0.614578033,0.620236546,0.615298785,0.611809208,0.61961127,0.615500953,0.606054561
51,0.630700319,0.629864708,0.633691555,0.628374305,0.62789236,0.625144381,0.618474923,0.618325062,0.62057652,0.621498011,0.624096345,0.626992283,0.625452675,0.626771714,0.626855154,0.625909967,0.624206001,0.624489187,0.626952553,0.626406202,0.62594421,0.62739545,0.629257115,0.628851972,0.631106528,0.631441525,0.633215049,0.634958589,0.635759922,0.636130935,0.638406452,0.639717068,0.640257129,0.64001974,0.642061684,0.642519991,0.643288417,0.644117619,0.644547995,0.643914124,0.645313413,0.646043528,0.646304127,0.645961067,0.645959292,0.643725597,0.644498309,0.645041573,0.645702866,0.642940809,0.642872617,0.643286521,0.642567762,0.642767709,0.641811613,0.640881464,0.639948751,0.638871649,0.634757753,0.632419786,0.629781366,0.625099221,0.621120282,0.614833794,0.611080946,0.6073013,0.606052056,0.605200133,0.60385623,0.60376468,0.603212406,0.603705665,0.60464709,0.603167749,0.604972225,0.604704094,0.604105291,0.605555429,0.606214111,0.607588502,0.609199454,0.60930449,0.610162294,0.611829928,0.612556843,0.614053719,0.614903411,0.615385143,0.61571492,0.615997856,0.617226453,0.617207166,0.61791498,0.617847921,0.617587732,0.618218635,0.618557151,0.618088539,0.617774918,0.617427806,0.616391033,0.614809866,0.614131475,0.612757456,0.610281732,0.609579786,0.606967842,0.603908199,0.601144802,0.598365123,0.595125323,0.591412243,0.585871294,0.581436216,0.576973219,0.572042194,0.568311322,0.56255368,0.559689743,0.554853545,0.550609314,0.547134843,0.543196623,0.537608154,0.530880097,0.523316127,0.513623353,0.499881681,0.482398211,0.462302034,0.438430428,0.412756538,0.385520438,0.351596853,0.328322508,0.30860955,0.293302823,0.280318778,0.270636139,0.263290908,0.257980571,0.255470587,0.252894871,0.250617358,0.250308546,0.250647397,0.251694768,0.253010888,0.253821147,0.255449948,0.256847969,0.2590632,0.262696514,0.266766996,0.27074971,0.278366947,0.284704403,0.290915079,0.298096922,0.305198845,0.312324834,0.319015947,0.325459383,0.332460911,0.338353518,0.345380751,0.354127317,0.360311342,0.367278303,0.373833429,0.379758981,0.385852535,0.391568478,0.397809788,0.402800469,0.408849046,0.416175289,0.421813243,0.426350513,0.431157987,0.435936139,0.439246406,0.443228526,0.447377222,0.45044893,0.455431857,0.459277941,0.464174037,0.467918732,0.470913879,0.473148659,0.475945671,0.478756441,0.481910326,0.482149411,0.483823556,0.485680919,0.486625945,0.489003743,0.489319136,0.491900725,0.492657864,0.491642661,0.495727209,0.496527016,0.495693904,0.496140978,0.495890422,0.498258986,0.498313674,0.497737078,0.503141786,0.50341487,0.507578857,0.506284877,0.51117817,0.517963324,0.526240689,0.540667262,0.564392187,0.583348474,0.598106412,0.614434246,0.625699094,0.624358725,0.626774077,0.622843741,0.610493242
