dataset,task,model,result_label,result_dir,status,status_details,preprocessing_pipeline,RMSECV,RMSE_MF,RMSEP,MAE_test,r2_test,search_mean_score,seed,n_splits,best_config_json,best_model_params_json,best_fold_scores_json,trial_values_json,search_results_path,best_config_path,final_predictions_path,fold_predictions_path,rmse_mf_source
,regression,TabPFN-Raw,input_0_TabPFN-Raw,/home/robinr/Desktop/VSCode/CIRAD_PhD_Robin/Results/tabpfn_reg_raw,partial,no_dataset_artifacts_found,,,,,,,,,,,,,,,,,,
ALPINE_P_291_KS,regression,CatBoost,input_1_CatBoost,/home/robinr/Desktop/VSCode/CIRAD_PhD_Robin/Results/catboost_reg_smart,partial,missing_fold_test_predictions,SG_11_2_1 + SNV,0.07981529275393219,,0.0577016949632917,0.04617716510325518,0.67386970671192,0.0798152927539321,42.0,3.0,"{""pca"": ""None"", ""scatter"": ""SNV"", ""shape"": ""SG_11_2_1""}",,"[0.08136765837634646, 0.08036994055267094, 0.07770827933277917]",,/home/robinr/Desktop/VSCode/CIRAD_PhD_Robin/Results/catboost_reg_smart/ALPINE_P_291_KS__search_results.csv,/home/robinr/Desktop/VSCode/CIRAD_PhD_Robin/Results/catboost_reg_smart/ALPINE_P_291_KS__best_config.json,/home/robinr/Desktop/VSCode/CIRAD_PhD_Robin/Results/catboost_reg_smart/ALPINE_P_291_KS__final_predictions.csv,/home/robinr/Desktop/VSCode/CIRAD_PhD_Robin/Results/catboost_reg_smart/all_predictions.parquet,
All_manure_CaO_SPXY_strat_Manure_type,regression,CatBoost,input_1_CatBoost,/home/robinr/Desktop/VSCode/CIRAD_PhD_Robin/Results/catboost_reg_smart,partial,missing_fold_test_predictions,SG_15_3_2,12.913055669181583,,6.036919506266781,3.1468268250828717,0.7587105665437687,12.913055669181585,42.0,3.0,"{""pca"": ""None"", ""scatter"": ""None"", ""shape"": ""SG_15_3_2""}",,"[13.870473453146788, 11.100040828916391, 13.768652725481571]",,/home/robinr/Desktop/VSCode/CIRAD_PhD_Robin/Results/catboost_reg_smart/All_manure_CaO_SPXY_strat_Manure_type__search_results.csv,/home/robinr/Desktop/VSCode/CIRAD_PhD_Robin/Results/catboost_reg_smart/All_manure_CaO_SPXY_strat_Manure_type__best_config.json,/home/robinr/Desktop/VSCode/CIRAD_PhD_Robin/Results/catboost_reg_smart/All_manure_CaO_SPXY_strat_Manure_type__final_predictions.csv,/home/robinr/Desktop/VSCode/CIRAD_PhD_Robin/Results/catboost_reg_smart/all_predictions.parquet,
All_manure_K2O_SPXY_strat_Manure_type,regression,CatBoost,input_1_CatBoost,/home/robinr/Desktop/VSCode/CIRAD_PhD_Robin/Results/catboost_reg_smart,partial,missing_fold_test_predictions,SG_21_2_1 + SNV,3.8566735041307383,,2.7894060414091815,2.0446797357135993,0.7932064921537616,3.8566735041307374,42.0,3.0,"{""pca"": ""None"", ""scatter"": ""SNV"", ""shape"": ""SG_21_2_1""}",,"[3.9656641038253655, 3.433340347137255, 4.1710160614295955]",,/home/robinr/Desktop/VSCode/CIRAD_PhD_Robin/Results/catboost_reg_smart/All_manure_K2O_SPXY_strat_Manure_type__search_results.csv,/home/robinr/Desktop/VSCode/CIRAD_PhD_Robin/Results/catboost_reg_smart/All_manure_K2O_SPXY_strat_Manure_type__best_config.json,/home/robinr/Desktop/VSCode/CIRAD_PhD_Robin/Results/catboost_reg_smart/All_manure_K2O_SPXY_strat_Manure_type__final_predictions.csv,/home/robinr/Desktop/VSCode/CIRAD_PhD_Robin/Results/catboost_reg_smart/all_predictions.parquet,
All_manure_MgO_SPXY_strat_Manure_type,regression,CatBoost,input_1_CatBoost,/home/robinr/Desktop/VSCode/CIRAD_PhD_Robin/Results/catboost_reg_smart,partial,missing_fold_test_predictions,SG_21_2_1 + SNV,1.2610218278560839,,0.8122506388993871,0.5601969345420378,0.881690967612021,1.261021827856084,42.0,3.0,"{""pca"": ""None"", ""scatter"": ""SNV"", ""shape"": ""SG_21_2_1""}",,"[1.254215835107303, 1.4239510105677196, 1.1048986378932288]",,/home/robinr/Desktop/VSCode/CIRAD_PhD_Robin/Results/catboost_reg_smart/All_manure_MgO_SPXY_strat_Manure_type__search_results.csv,/home/robinr/Desktop/VSCode/CIRAD_PhD_Robin/Results/catboost_reg_smart/All_manure_MgO_SPXY_strat_Manure_type__best_config.json,/home/robinr/Desktop/VSCode/CIRAD_PhD_Robin/Results/catboost_reg_smart/All_manure_MgO_SPXY_strat_Manure_type__final_predictions.csv,/home/robinr/Desktop/VSCode/CIRAD_PhD_Robin/Results/catboost_reg_smart/all_predictions.parquet,
All_manure_P2O5_SPXY_strat_Manure_type,regression,CatBoost,input_1_CatBoost,/home/robinr/Desktop/VSCode/CIRAD_PhD_Robin/Results/catboost_reg_smart,partial,missing_fold_test_predictions,SG_21_3_2 + SNV,3.9218206815033962,,2.6145226806197055,1.7147917853907568,0.8720510766624662,3.921820681503396,42.0,3.0,"{""pca"": ""None"", ""scatter"": ""SNV"", ""shape"": ""SG_21_3_2""}",,"[4.1151845542874455, 3.56665762574423, 4.083619864478513]",,/home/robinr/Desktop/VSCode/CIRAD_PhD_Robin/Results/catboost_reg_smart/All_manure_P2O5_SPXY_strat_Manure_type__search_results.csv,/home/robinr/Desktop/VSCode/CIRAD_PhD_Robin/Results/catboost_reg_smart/All_manure_P2O5_SPXY_strat_Manure_type__best_config.json,/home/robinr/Desktop/VSCode/CIRAD_PhD_Robin/Results/catboost_reg_smart/All_manure_P2O5_SPXY_strat_Manure_type__final_predictions.csv,/home/robinr/Desktop/VSCode/CIRAD_PhD_Robin/Results/catboost_reg_smart/all_predictions.parquet,
All_manure_Total_N_SPXY_strat_Manure_type,regression,CatBoost,input_1_CatBoost,/home/robinr/Desktop/VSCode/CIRAD_PhD_Robin/Results/catboost_reg_smart,partial,missing_fold_test_predictions,SG_11_2_1,2.325962583823857,,1.6932689102057146,1.1615479043736434,0.9436352828548886,2.325962583823857,42.0,3.0,"{""pca"": ""None"", ""scatter"": ""None"", ""shape"": ""SG_11_2_1""}",,"[2.0747306962155743, 2.355428363388467, 2.5477286918675284]",,/home/robinr/Desktop/VSCode/CIRAD_PhD_Robin/Results/catboost_reg_smart/All_manure_Total_N_SPXY_strat_Manure_type__search_results.csv,/home/robinr/Desktop/VSCode/CIRAD_PhD_Robin/Results/catboost_reg_smart/All_manure_Total_N_SPXY_strat_Manure_type__best_config.json,/home/robinr/Desktop/VSCode/CIRAD_PhD_Robin/Results/catboost_reg_smart/All_manure_Total_N_SPXY_strat_Manure_type__final_predictions.csv,/home/robinr/Desktop/VSCode/CIRAD_PhD_Robin/Results/catboost_reg_smart/all_predictions.parquet,
An_spxyG70_30_byCultivar_ASD,regression,CatBoost,input_1_CatBoost,/home/robinr/Desktop/VSCode/CIRAD_PhD_Robin/Results/catboost_reg_smart,partial,missing_fold_test_predictions,SG_11_2_1,3.099719364308969,,3.0972847750626595,2.6023994969124993,0.2520378561947143,3.099719364308969,42.0,3.0,"{""pca"": ""None"", ""scatter"": ""None"", ""shape"": ""SG_11_2_1""}",,"[2.9169136442888246, 2.9578698907848304, 3.424374557853252]",,/home/robinr/Desktop/VSCode/CIRAD_PhD_Robin/Results/catboost_reg_smart/An_spxyG70_30_byCultivar_ASD__search_results.csv,/home/robinr/Desktop/VSCode/CIRAD_PhD_Robin/Results/catboost_reg_smart/An_spxyG70_30_byCultivar_ASD__best_config.json,/home/robinr/Desktop/VSCode/CIRAD_PhD_Robin/Results/catboost_reg_smart/An_spxyG70_30_byCultivar_ASD__final_predictions.csv,/home/robinr/Desktop/VSCode/CIRAD_PhD_Robin/Results/catboost_reg_smart/all_predictions.parquet,
An_spxyG70_30_byCultivar_MicroNIR,regression,CatBoost,input_1_CatBoost,/home/robinr/Desktop/VSCode/CIRAD_PhD_Robin/Results/catboost_reg_smart,partial,missing_fold_test_predictions,PCA_features_0.25,3.3688199578340297,,4.041619284333106,3.1476856477306705,0.01048938805634414,3.3688199578340297,42.0,3.0,"{""pca"": ""PCA_features_0.25"", ""scatter"": ""None"", ""shape"": ""None""}",,"[3.3777584091179187, 3.3500311665000106, 3.378670297884159]",,/home/robinr/Desktop/VSCode/CIRAD_PhD_Robin/Results/catboost_reg_smart/An_spxyG70_30_byCultivar_MicroNIR__search_results.csv,/home/robinr/Desktop/VSCode/CIRAD_PhD_Robin/Results/catboost_reg_smart/An_spxyG70_30_byCultivar_MicroNIR__best_config.json,/home/robinr/Desktop/VSCode/CIRAD_PhD_Robin/Results/catboost_reg_smart/An_spxyG70_30_byCultivar_MicroNIR__final_predictions.csv,/home/robinr/Desktop/VSCode/CIRAD_PhD_Robin/Results/catboost_reg_smart/all_predictions.parquet,
An_spxyG70_30_byCultivar_MicroNIR_NeoSpectra,regression,CatBoost,input_1_CatBoost,/home/robinr/Desktop/VSCode/CIRAD_PhD_Robin/Results/catboost_reg_smart,partial,missing_fold_test_predictions,ASLSBaseline + SNV + PCA_features_0.25,3.5024617578444857,,3.954660735576717,3.0256125346530376,0.05261147996045901,3.5024617578444857,42.0,3.0,"{""pca"": ""PCA_features_0.25"", ""scatter"": ""SNV"", ""shape"": ""ASLSBaseline""}",,"[3.5191268695210645, 3.3971648065194215, 3.591093597492971]",,/home/robinr/Desktop/VSCode/CIRAD_PhD_Robin/Results/catboost_reg_smart/An_spxyG70_30_byCultivar_MicroNIR_NeoSpectra__search_results.csv,/home/robinr/Desktop/VSCode/CIRAD_PhD_Robin/Results/catboost_reg_smart/An_spxyG70_30_byCultivar_MicroNIR_NeoSpectra__best_config.json,/home/robinr/Desktop/VSCode/CIRAD_PhD_Robin/Results/catboost_reg_smart/An_spxyG70_30_byCultivar_MicroNIR_NeoSpectra__final_predictions.csv,/home/robinr/Desktop/VSCode/CIRAD_PhD_Robin/Results/catboost_reg_smart/all_predictions.parquet,
An_spxyG70_30_byCultivar_NeoSpectra,regression,CatBoost,input_1_CatBoost,/home/robinr/Desktop/VSCode/CIRAD_PhD_Robin/Results/catboost_reg_smart,partial,missing_fold_test_predictions,ASLSBaseline + SNV,3.3306090408261753,,4.8041700890023495,3.796295892221528,-0.2755319770010136,3.3306090408261757,42.0,3.0,"{""pca"": ""None"", ""scatter"": ""SNV"", ""shape"": ""ASLSBaseline""}",,"[3.472014636032581, 3.1222466218646354, 3.3975658645813103]",,/home/robinr/Desktop/VSCode/CIRAD_PhD_Robin/Results/catboost_reg_smart/An_spxyG70_30_byCultivar_NeoSpectra__search_results.csv,/home/robinr/Desktop/VSCode/CIRAD_PhD_Robin/Results/catboost_reg_smart/An_spxyG70_30_byCultivar_NeoSpectra__best_config.json,/home/robinr/Desktop/VSCode/CIRAD_PhD_Robin/Results/catboost_reg_smart/An_spxyG70_30_byCultivar_NeoSpectra__final_predictions.csv,/home/robinr/Desktop/VSCode/CIRAD_PhD_Robin/Results/catboost_reg_smart/all_predictions.parquet,
Beef_Marbling_RandomSplit,regression,CatBoost,input_1_CatBoost,/home/robinr/Desktop/VSCode/CIRAD_PhD_Robin/Results/catboost_reg_smart,partial,missing_fold_test_predictions,SG_15_3_2,63.303732672997434,,65.81470979862074,49.83847184824717,0.5608487015686219,63.30373267299744,42.0,3.0,"{""pca"": ""None"", ""scatter"": ""None"", ""shape"": ""SG_15_3_2""}",,"[63.301814037359286, 57.89990138906545, 68.70948259256758]",,/home/robinr/Desktop/VSCode/CIRAD_PhD_Robin/Results/catboost_reg_smart/Beef_Marbling_RandomSplit__search_results.csv,/home/robinr/Desktop/VSCode/CIRAD_PhD_Robin/Results/catboost_reg_smart/Beef_Marbling_RandomSplit__best_config.json,/home/robinr/Desktop/VSCode/CIRAD_PhD_Robin/Results/catboost_reg_smart/Beef_Marbling_RandomSplit__final_predictions.csv,/home/robinr/Desktop/VSCode/CIRAD_PhD_Robin/Results/catboost_reg_smart/all_predictions.parquet,
Beer_OriginalExtract_60_KS,regression,CatBoost,input_1_CatBoost,/home/robinr/Desktop/VSCode/CIRAD_PhD_Robin/Results/catboost_reg_smart,partial,missing_fold_test_predictions,SG_11_2_1,1.2981013665375405,,0.44577521086072963,0.32392511514870537,0.9223451576349115,1.2981013665375405,42.0,3.0,"{""pca"": ""None"", ""scatter"": ""None"", ""shape"": ""SG_11_2_1""}",,"[0.9317328120514555, 1.3757213363743706, 1.5868499511867955]",,/home/robinr/Desktop/VSCode/CIRAD_PhD_Robin/Results/catboost_reg_smart/Beer_OriginalExtract_60_KS__search_results.csv,/home/robinr/Desktop/VSCode/CIRAD_PhD_Robin/Results/catboost_reg_smart/Beer_OriginalExtract_60_KS__best_config.json,/home/robinr/Desktop/VSCode/CIRAD_PhD_Robin/Results/catboost_reg_smart/Beer_OriginalExtract_60_KS__final_predictions.csv,/home/robinr/Desktop/VSCode/CIRAD_PhD_Robin/Results/catboost_reg_smart/all_predictions.parquet,
Beer_OriginalExtract_60_YbaseSplit,regression,CatBoost,input_1_CatBoost,/home/robinr/Desktop/VSCode/CIRAD_PhD_Robin/Results/catboost_reg_smart,partial,missing_fold_test_predictions,ASLSBaseline,1.3382951007036603,,0.8630175146505178,0.49366799450489485,0.8749607405362763,1.3382951007036603,42.0,3.0,"{""pca"": ""None"", ""scatter"": ""None"", ""shape"": ""ASLSBaseline""}",,"[0.9581189543577834, 1.4284638587083884, 1.6283024890448088]",,/home/robinr/Desktop/VSCode/CIRAD_PhD_Robin/Results/catboost_reg_smart/Beer_OriginalExtract_60_YbaseSplit__search_results.csv,/home/robinr/Desktop/VSCode/CIRAD_PhD_Robin/Results/catboost_reg_smart/Beer_OriginalExtract_60_YbaseSplit__best_config.json,/home/robinr/Desktop/VSCode/CIRAD_PhD_Robin/Results/catboost_reg_smart/Beer_OriginalExtract_60_YbaseSplit__final_predictions.csv,/home/robinr/Desktop/VSCode/CIRAD_PhD_Robin/Results/catboost_reg_smart/all_predictions.parquet,
Biscuit_Fat_40_RandomSplit,regression,CatBoost,input_1_CatBoost,/home/robinr/Desktop/VSCode/CIRAD_PhD_Robin/Results/catboost_reg_smart,partial,missing_fold_test_predictions,SG_21_2_1 + SNV,0.8922875692616198,,1.3058914497145615,1.141069395014581,0.5643093269584442,0.8922875692616198,42.0,3.0,"{""pca"": ""None"", ""scatter"": ""SNV"", ""shape"": ""SG_21_2_1""}",,"[0.9138753849925412, 0.8516539699474378, 0.9113333528448805]",,/home/robinr/Desktop/VSCode/CIRAD_PhD_Robin/Results/catboost_reg_smart/Biscuit_Fat_40_RandomSplit__search_results.csv,/home/robinr/Desktop/VSCode/CIRAD_PhD_Robin/Results/catboost_reg_smart/Biscuit_Fat_40_RandomSplit__best_config.json,/home/robinr/Desktop/VSCode/CIRAD_PhD_Robin/Results/catboost_reg_smart/Biscuit_Fat_40_RandomSplit__final_predictions.csv,/home/robinr/Desktop/VSCode/CIRAD_PhD_Robin/Results/catboost_reg_smart/all_predictions.parquet,
Biscuit_Sucrose_40_RandomSplit,regression,CatBoost,input_1_CatBoost,/home/robinr/Desktop/VSCode/CIRAD_PhD_Robin/Results/catboost_reg_smart,partial,missing_fold_test_predictions,SG_21_3_2 + SNV,1.925617923122638,,1.5124326715988914,1.2545744465992854,0.8491036680198851,1.925617923122638,42.0,3.0,"{""pca"": ""None"", ""scatter"": ""SNV"", ""shape"": ""SG_21_3_2""}",,"[2.3973622722458887, 1.944215501268424, 1.4352759958536014]",,/home/robinr/Desktop/VSCode/CIRAD_PhD_Robin/Results/catboost_reg_smart/Biscuit_Sucrose_40_RandomSplit__search_results.csv,/home/robinr/Desktop/VSCode/CIRAD_PhD_Robin/Results/catboost_reg_smart/Biscuit_Sucrose_40_RandomSplit__best_config.json,/home/robinr/Desktop/VSCode/CIRAD_PhD_Robin/Results/catboost_reg_smart/Biscuit_Sucrose_40_RandomSplit__final_predictions.csv,/home/robinr/Desktop/VSCode/CIRAD_PhD_Robin/Results/catboost_reg_smart/all_predictions.parquet,
Brix_spxy70,regression,CatBoost,input_1_CatBoost,/home/robinr/Desktop/VSCode/CIRAD_PhD_Robin/Results/catboost_reg_smart,partial,missing_fold_test_predictions,SG_15_3_2 + SNV,0.8087562106978804,,0.6607154723496891,0.4920118416976704,0.05138309581729805,0.8087562106978804,42.0,3.0,"{""pca"": ""None"", ""scatter"": ""SNV"", ""shape"": ""SG_15_3_2""}",,"[0.933371013912859, 0.8413098775476981, 0.651587740633084]",,/home/robinr/Desktop/VSCode/CIRAD_PhD_Robin/Results/catboost_reg_smart/Brix_spxy70__search_results.csv,/home/robinr/Desktop/VSCode/CIRAD_PhD_Robin/Results/catboost_reg_smart/Brix_spxy70__best_config.json,/home/robinr/Desktop/VSCode/CIRAD_PhD_Robin/Results/catboost_reg_smart/Brix_spxy70__final_predictions.csv,/home/robinr/Desktop/VSCode/CIRAD_PhD_Robin/Results/catboost_reg_smart/all_predictions.parquet,
C_woOutlier,regression,CatBoost,input_1_CatBoost,/home/robinr/Desktop/VSCode/CIRAD_PhD_Robin/Results/catboost_reg_smart,partial,missing_fold_test_predictions,SG_15_3_2,1.1374322866085573,,1.10283466346398,0.7064412634162396,0.8445609854959557,1.137432286608557,42.0,3.0,"{""pca"": ""None"", ""scatter"": ""None"", ""shape"": ""SG_15_3_2""}",,"[1.0113890708352142, 1.1333052487719628, 1.267602540218495]",,/home/robinr/Desktop/VSCode/CIRAD_PhD_Robin/Results/catboost_reg_smart/C_woOutlier__search_results.csv,/home/robinr/Desktop/VSCode/CIRAD_PhD_Robin/Results/catboost_reg_smart/C_woOutlier__best_config.json,/home/robinr/Desktop/VSCode/CIRAD_PhD_Robin/Results/catboost_reg_smart/C_woOutlier__final_predictions.csv,/home/robinr/Desktop/VSCode/CIRAD_PhD_Robin/Results/catboost_reg_smart/all_predictions.parquet,
Ccar_spxyG_block2deg,regression,CatBoost,input_1_CatBoost,/home/robinr/Desktop/VSCode/CIRAD_PhD_Robin/Results/catboost_reg_smart,partial,missing_fold_test_predictions,SG_15_3_2,25.86487401654794,,39.34554779965216,5.399280536669843,-239.52224280462326,25.86487401654794,42.0,3.0,"{""pca"": ""None"", ""scatter"": ""None"", ""shape"": ""SG_15_3_2""}",,"[26.039213750350427, 15.503640324553157, 36.05176797474023]",,/home/robinr/Desktop/VSCode/CIRAD_PhD_Robin/Results/catboost_reg_smart/Ccar_spxyG_block2deg__search_results.csv,/home/robinr/Desktop/VSCode/CIRAD_PhD_Robin/Results/catboost_reg_smart/Ccar_spxyG_block2deg__best_config.json,/home/robinr/Desktop/VSCode/CIRAD_PhD_Robin/Results/catboost_reg_smart/Ccar_spxyG_block2deg__final_predictions.csv,/home/robinr/Desktop/VSCode/CIRAD_PhD_Robin/Results/catboost_reg_smart/all_predictions.parquet,
Chla+b_spxyG_block2deg,regression,CatBoost,input_1_CatBoost,/home/robinr/Desktop/VSCode/CIRAD_PhD_Robin/Results/catboost_reg_smart,partial,missing_fold_test_predictions,SG_21_2_1,11.774097226897906,,55.892551960924,22.762449309620525,-18.74398631216006,11.774097226897906,42.0,3.0,"{""pca"": ""None"", ""scatter"": ""None"", ""shape"": ""SG_21_2_1""}",,"[15.02351548317566, 8.886156652801436, 11.412619544716618]",,/home/robinr/Desktop/VSCode/CIRAD_PhD_Robin/Results/catboost_reg_smart/Chla+b_spxyG_block2deg__search_results.csv,/home/robinr/Desktop/VSCode/CIRAD_PhD_Robin/Results/catboost_reg_smart/Chla+b_spxyG_block2deg__best_config.json,/home/robinr/Desktop/VSCode/CIRAD_PhD_Robin/Results/catboost_reg_smart/Chla+b_spxyG_block2deg__final_predictions.csv,/home/robinr/Desktop/VSCode/CIRAD_PhD_Robin/Results/catboost_reg_smart/all_predictions.parquet,
Chla+b_spxyG_species,regression,CatBoost,input_1_CatBoost,/home/robinr/Desktop/VSCode/CIRAD_PhD_Robin/Results/catboost_reg_smart,ok,,SG_15_3_2,11.562043382773075,77.29051640947289,83.33743304066626,31.570374816796956,-27.976545319741785,11.562043382773076,42.0,3.0,"{""pca"": ""None"", ""scatter"": ""None"", ""shape"": ""SG_15_3_2""}",,"[7.870596547989228, 10.45360523201254, 16.361928368317457]",,/home/robinr/Desktop/VSCode/CIRAD_PhD_Robin/Results/catboost_reg_smart/Chla+b_spxyG_species__search_results.csv,/home/robinr/Desktop/VSCode/CIRAD_PhD_Robin/Results/catboost_reg_smart/Chla+b_spxyG_species__best_config.json,/home/robinr/Desktop/VSCode/CIRAD_PhD_Robin/Results/catboost_reg_smart/Chla+b_spxyG_species__final_predictions.csv,/home/robinr/Desktop/VSCode/CIRAD_PhD_Robin/Results/catboost_reg_smart/all_predictions.parquet,all_predictions.parquet
Corn_Oil_80_ZhengChenPelegYbaseSplit,regression,CatBoost,input_1_CatBoost,/home/robinr/Desktop/VSCode/CIRAD_PhD_Robin/Results/catboost_reg_smart,partial,missing_fold_test_predictions,SG_15_2_1,0.09748298969835939,,0.10750374551875574,0.08845047779972545,0.6176542717161652,0.0974829896983593,42.0,3.0,"{""pca"": ""None"", ""scatter"": ""None"", ""shape"": ""SG_15_2_1""}",,"[0.08274795561716676, 0.10060871170478317, 0.10909230177312822]",,/home/robinr/Desktop/VSCode/CIRAD_PhD_Robin/Results/catboost_reg_smart/Corn_Oil_80_ZhengChenPelegYbaseSplit__search_results.csv,/home/robinr/Desktop/VSCode/CIRAD_PhD_Robin/Results/catboost_reg_smart/Corn_Oil_80_ZhengChenPelegYbaseSplit__best_config.json,/home/robinr/Desktop/VSCode/CIRAD_PhD_Robin/Results/catboost_reg_smart/Corn_Oil_80_ZhengChenPelegYbaseSplit__final_predictions.csv,/home/robinr/Desktop/VSCode/CIRAD_PhD_Robin/Results/catboost_reg_smart/all_predictions.parquet,
Corn_Starch_80_ZhengChenPelegYbaseSplit,regression,CatBoost,input_1_CatBoost,/home/robinr/Desktop/VSCode/CIRAD_PhD_Robin/Results/catboost_reg_smart,partial,missing_fold_test_predictions,SG_11_2_1 + SNV,0.4317021432058259,,0.2999566623687331,0.21561454360436016,0.8584192794261489,0.4317021432058259,42.0,3.0,"{""pca"": ""None"", ""scatter"": ""SNV"", ""shape"": ""SG_11_2_1""}",,"[0.4491038826867816, 0.3729908565745648, 0.47301169035613133]",,/home/robinr/Desktop/VSCode/CIRAD_PhD_Robin/Results/catboost_reg_smart/Corn_Starch_80_ZhengChenPelegYbaseSplit__search_results.csv,/home/robinr/Desktop/VSCode/CIRAD_PhD_Robin/Results/catboost_reg_smart/Corn_Starch_80_ZhengChenPelegYbaseSplit__best_config.json,/home/robinr/Desktop/VSCode/CIRAD_PhD_Robin/Results/catboost_reg_smart/Corn_Starch_80_ZhengChenPelegYbaseSplit__final_predictions.csv,/home/robinr/Desktop/VSCode/CIRAD_PhD_Robin/Results/catboost_reg_smart/all_predictions.parquet,
DIESEL_bp50_246_b-a,regression,CatBoost,input_1_CatBoost,/home/robinr/Desktop/VSCode/CIRAD_PhD_Robin/Results/catboost_reg_smart,partial,missing_fold_test_predictions,SG_21_3_2,8.638320982485734,,6.87569445340893,5.265430724833813,0.7870110465919835,8.638320982485734,42.0,3.0,"{""pca"": ""None"", ""scatter"": ""None"", ""shape"": ""SG_21_3_2""}",,"[7.396728565819578, 8.875763970914042, 9.642470410723583]",,/home/robinr/Desktop/VSCode/CIRAD_PhD_Robin/Results/catboost_reg_smart/DIESEL_bp50_246_b-a__search_results.csv,/home/robinr/Desktop/VSCode/CIRAD_PhD_Robin/Results/catboost_reg_smart/DIESEL_bp50_246_b-a__best_config.json,/home/robinr/Desktop/VSCode/CIRAD_PhD_Robin/Results/catboost_reg_smart/DIESEL_bp50_246_b-a__final_predictions.csv,/home/robinr/Desktop/VSCode/CIRAD_PhD_Robin/Results/catboost_reg_smart/all_predictions.parquet,
DIESEL_bp50_246_hla-b,regression,CatBoost,input_1_CatBoost,/home/robinr/Desktop/VSCode/CIRAD_PhD_Robin/Results/catboost_reg_smart,partial,missing_fold_test_predictions,None,8.101203734245656,,7.97567810982416,6.041406914777975,0.7822470919238166,8.101203734245656,42.0,3.0,"{""pca"": ""None"", ""scatter"": ""None"", ""shape"": ""None""}",,"[7.819077266031388, 6.980080965508072, 9.504452971197507]",,/home/robinr/Desktop/VSCode/CIRAD_PhD_Robin/Results/catboost_reg_smart/DIESEL_bp50_246_hla-b__search_results.csv,/home/robinr/Desktop/VSCode/CIRAD_PhD_Robin/Results/catboost_reg_smart/DIESEL_bp50_246_hla-b__best_config.json,/home/robinr/Desktop/VSCode/CIRAD_PhD_Robin/Results/catboost_reg_smart/DIESEL_bp50_246_hla-b__final_predictions.csv,/home/robinr/Desktop/VSCode/CIRAD_PhD_Robin/Results/catboost_reg_smart/all_predictions.parquet,
DIESEL_bp50_246_hlb-a,regression,CatBoost,input_1_CatBoost,/home/robinr/Desktop/VSCode/CIRAD_PhD_Robin/Results/catboost_reg_smart,partial,missing_fold_test_predictions,SG_11_2_1,8.703671280936282,,6.680951007746666,5.0025326755439385,0.7989053504701624,8.703671280936282,42.0,3.0,"{""pca"": ""None"", ""scatter"": ""None"", ""shape"": ""SG_11_2_1""}",,"[7.527582602242728, 9.436820830261611, 9.146610410304508]",,/home/robinr/Desktop/VSCode/CIRAD_PhD_Robin/Results/catboost_reg_smart/DIESEL_bp50_246_hlb-a__search_results.csv,/home/robinr/Desktop/VSCode/CIRAD_PhD_Robin/Results/catboost_reg_smart/DIESEL_bp50_246_hlb-a__best_config.json,/home/robinr/Desktop/VSCode/CIRAD_PhD_Robin/Results/catboost_reg_smart/DIESEL_bp50_246_hlb-a__final_predictions.csv,/home/robinr/Desktop/VSCode/CIRAD_PhD_Robin/Results/catboost_reg_smart/all_predictions.parquet,
Escitalopramt_310_Zhao,regression,CatBoost,input_1_CatBoost,/home/robinr/Desktop/VSCode/CIRAD_PhD_Robin/Results/catboost_reg_smart,partial,missing_fold_test_predictions,ASLSBaseline + SNV,0.24492767714350594,,0.3107165334629424,0.24403423554713616,0.9028978652044392,0.2449276771435059,42.0,3.0,"{""pca"": ""None"", ""scatter"": ""SNV"", ""shape"": ""ASLSBaseline""}",,"[0.24577333261465303, 0.2333421435192634, 0.25566755529660135]",,/home/robinr/Desktop/VSCode/CIRAD_PhD_Robin/Results/catboost_reg_smart/Escitalopramt_310_Zhao__search_results.csv,/home/robinr/Desktop/VSCode/CIRAD_PhD_Robin/Results/catboost_reg_smart/Escitalopramt_310_Zhao__best_config.json,/home/robinr/Desktop/VSCode/CIRAD_PhD_Robin/Results/catboost_reg_smart/Escitalopramt_310_Zhao__final_predictions.csv,/home/robinr/Desktop/VSCode/CIRAD_PhD_Robin/Results/catboost_reg_smart/all_predictions.parquet,
Firmness_spxy70,regression,CatBoost,input_1_CatBoost,/home/robinr/Desktop/VSCode/CIRAD_PhD_Robin/Results/catboost_reg_smart,partial,missing_fold_test_predictions,SG_21_3_2,0.34543258637458685,,0.2918197830454076,0.22851076501187625,-0.531422435446806,0.3454325863745868,42.0,3.0,"{""pca"": ""None"", ""scatter"": ""None"", ""shape"": ""SG_21_3_2""}",,"[0.2956549415626156, 0.43862036949405425, 0.3020224480670906]",,/home/robinr/Desktop/VSCode/CIRAD_PhD_Robin/Results/catboost_reg_smart/Firmness_spxy70__search_results.csv,/home/robinr/Desktop/VSCode/CIRAD_PhD_Robin/Results/catboost_reg_smart/Firmness_spxy70__best_config.json,/home/robinr/Desktop/VSCode/CIRAD_PhD_Robin/Results/catboost_reg_smart/Firmness_spxy70__final_predictions.csv,/home/robinr/Desktop/VSCode/CIRAD_PhD_Robin/Results/catboost_reg_smart/all_predictions.parquet,
Fv_Fm_grp70_30,regression,CatBoost,input_1_CatBoost,/home/robinr/Desktop/VSCode/CIRAD_PhD_Robin/Results/catboost_reg_smart,partial,missing_fold_test_predictions,SG_21_3_2,0.0350512778907637,,0.029439122186015368,0.019927207853698975,0.3753255384861751,0.0350512778907637,42.0,3.0,"{""pca"": ""None"", ""scatter"": ""None"", ""shape"": ""SG_21_3_2""}",,"[0.032280441331810364, 0.03166943705416277, 0.04120395528631796]",,/home/robinr/Desktop/VSCode/CIRAD_PhD_Robin/Results/catboost_reg_smart/Fv_Fm_grp70_30__search_results.csv,/home/robinr/Desktop/VSCode/CIRAD_PhD_Robin/Results/catboost_reg_smart/Fv_Fm_grp70_30__best_config.json,/home/robinr/Desktop/VSCode/CIRAD_PhD_Robin/Results/catboost_reg_smart/Fv_Fm_grp70_30__final_predictions.csv,/home/robinr/Desktop/VSCode/CIRAD_PhD_Robin/Results/catboost_reg_smart/all_predictions.parquet,
LMA_spxyG70_30_byCultivar_ASD,regression,CatBoost,input_1_CatBoost,/home/robinr/Desktop/VSCode/CIRAD_PhD_Robin/Results/catboost_reg_smart,partial,missing_fold_test_predictions,SG_11_2_1,0.31278244252292015,,0.32579384631183894,0.25496297516074073,0.9017078885132433,0.3127824425229201,42.0,3.0,"{""pca"": ""None"", ""scatter"": ""None"", ""shape"": ""SG_11_2_1""}",,"[0.31135210775865835, 0.3138611146553899, 0.3131341051547121]",,/home/robinr/Desktop/VSCode/CIRAD_PhD_Robin/Results/catboost_reg_smart/LMA_spxyG70_30_byCultivar_ASD__search_results.csv,/home/robinr/Desktop/VSCode/CIRAD_PhD_Robin/Results/catboost_reg_smart/LMA_spxyG70_30_byCultivar_ASD__best_config.json,/home/robinr/Desktop/VSCode/CIRAD_PhD_Robin/Results/catboost_reg_smart/LMA_spxyG70_30_byCultivar_ASD__final_predictions.csv,/home/robinr/Desktop/VSCode/CIRAD_PhD_Robin/Results/catboost_reg_smart/all_predictions.parquet,
LP_spxyG,regression,CatBoost,input_1_CatBoost,/home/robinr/Desktop/VSCode/CIRAD_PhD_Robin/Results/catboost_reg_smart,partial,missing_fold_test_predictions,SG_21_2_1,0.04840314983377633,,0.15578115553430272,0.12558607177892608,-0.6026221220357353,0.0484031498337763,42.0,3.0,"{""pca"": ""None"", ""scatter"": ""None"", ""shape"": ""SG_21_2_1""}",,"[0.04227363741392695, 0.048870650463043196, 0.054065161624358836]",,/home/robinr/Desktop/VSCode/CIRAD_PhD_Robin/Results/catboost_reg_smart/LP_spxyG__search_results.csv,/home/robinr/Desktop/VSCode/CIRAD_PhD_Robin/Results/catboost_reg_smart/LP_spxyG__best_config.json,/home/robinr/Desktop/VSCode/CIRAD_PhD_Robin/Results/catboost_reg_smart/LP_spxyG__final_predictions.csv,/home/robinr/Desktop/VSCode/CIRAD_PhD_Robin/Results/catboost_reg_smart/all_predictions.parquet,
LUCAS_SOC_Cropland_8731_NocitaKS,regression,CatBoost,input_1_CatBoost,/home/robinr/Desktop/VSCode/CIRAD_PhD_Robin/Results/catboost_reg_smart,partial,missing_fold_test_predictions,SG_15_2_1,8.824502613487,,4.593548852001947,3.3609408692220604,0.49787341596465273,8.824502613487,42.0,3.0,"{""pca"": ""None"", ""scatter"": ""None"", ""shape"": ""SG_15_2_1""}",,"[8.659718687117513, 9.075228751333137, 8.738560402010355]",,/home/robinr/Desktop/VSCode/CIRAD_PhD_Robin/Results/catboost_reg_smart/LUCAS_SOC_Cropland_8731_NocitaKS__search_results.csv,/home/robinr/Desktop/VSCode/CIRAD_PhD_Robin/Results/catboost_reg_smart/LUCAS_SOC_Cropland_8731_NocitaKS__best_config.json,/home/robinr/Desktop/VSCode/CIRAD_PhD_Robin/Results/catboost_reg_smart/LUCAS_SOC_Cropland_8731_NocitaKS__final_predictions.csv,/home/robinr/Desktop/VSCode/CIRAD_PhD_Robin/Results/catboost_reg_smart/all_predictions.parquet,
LUCAS_SOC_all_26650_NocitaKS,regression,CatBoost,input_1_CatBoost,/home/robinr/Desktop/VSCode/CIRAD_PhD_Robin/Results/catboost_reg_smart,partial,missing_fold_test_predictions,SG_15_2_1,26.816604259165914,,9.320681577794337,6.581413403858544,0.5503169872718428,26.816604259165917,42.0,3.0,"{""pca"": ""None"", ""scatter"": ""None"", ""shape"": ""SG_15_2_1""}",,"[26.53996261376256, 26.580025003571144, 27.329825160164038]",,/home/robinr/Desktop/VSCode/CIRAD_PhD_Robin/Results/catboost_reg_smart/LUCAS_SOC_all_26650_NocitaKS__search_results.csv,/home/robinr/Desktop/VSCode/CIRAD_PhD_Robin/Results/catboost_reg_smart/LUCAS_SOC_all_26650_NocitaKS__best_config.json,/home/robinr/Desktop/VSCode/CIRAD_PhD_Robin/Results/catboost_reg_smart/LUCAS_SOC_all_26650_NocitaKS__final_predictions.csv,/home/robinr/Desktop/VSCode/CIRAD_PhD_Robin/Results/catboost_reg_smart/all_predictions.parquet,
LUCAS_pH_Organic_1763_LiuRandomOrganic,regression,CatBoost,input_1_CatBoost,/home/robinr/Desktop/VSCode/CIRAD_PhD_Robin/Results/catboost_reg_smart,partial,missing_fold_test_predictions,SG_15_2_1 + SNV,0.4502867230328254,,0.4098649067752642,0.304748739916812,0.8643243387252985,0.4502867230328254,42.0,3.0,"{""pca"": ""None"", ""scatter"": ""SNV"", ""shape"": ""SG_15_2_1""}",,"[0.42609388232756956, 0.4250751032346551, 0.49969118353625164]",,/home/robinr/Desktop/VSCode/CIRAD_PhD_Robin/Results/catboost_reg_smart/LUCAS_pH_Organic_1763_LiuRandomOrganic__search_results.csv,/home/robinr/Desktop/VSCode/CIRAD_PhD_Robin/Results/catboost_reg_smart/LUCAS_pH_Organic_1763_LiuRandomOrganic__best_config.json,/home/robinr/Desktop/VSCode/CIRAD_PhD_Robin/Results/catboost_reg_smart/LUCAS_pH_Organic_1763_LiuRandomOrganic__final_predictions.csv,/home/robinr/Desktop/VSCode/CIRAD_PhD_Robin/Results/catboost_reg_smart/all_predictions.parquet,
MP_spxyG,regression,CatBoost,input_1_CatBoost,/home/robinr/Desktop/VSCode/CIRAD_PhD_Robin/Results/catboost_reg_smart,partial,missing_fold_test_predictions,SG_21_3_2 + SNV,0.010964802887947938,,0.019221643671224673,0.013955112660243256,-0.041387751583883636,0.0109648028879479,42.0,3.0,"{""pca"": ""None"", ""scatter"": ""SNV"", ""shape"": ""SG_21_3_2""}",,"[0.011491869610291892, 0.010930129178362733, 0.010472409875189184]",,/home/robinr/Desktop/VSCode/CIRAD_PhD_Robin/Results/catboost_reg_smart/MP_spxyG__search_results.csv,/home/robinr/Desktop/VSCode/CIRAD_PhD_Robin/Results/catboost_reg_smart/MP_spxyG__best_config.json,/home/robinr/Desktop/VSCode/CIRAD_PhD_Robin/Results/catboost_reg_smart/MP_spxyG__final_predictions.csv,/home/robinr/Desktop/VSCode/CIRAD_PhD_Robin/Results/catboost_reg_smart/all_predictions.parquet,
Malaria_Oocist_333_Maia,regression,CatBoost,input_1_CatBoost,/home/robinr/Desktop/VSCode/CIRAD_PhD_Robin/Results/catboost_reg_smart,partial,missing_fold_test_predictions,SG_21_2_1 + SNV,5787.814468121592,,8205.60232039781,3641.6096945790105,-0.12251041609289781,5787.814468121592,42.0,3.0,"{""pca"": ""None"", ""scatter"": ""SNV"", ""shape"": ""SG_21_2_1""}",,"[4411.874694333044, 5461.051521502865, 7490.517188528865]",,/home/robinr/Desktop/VSCode/CIRAD_PhD_Robin/Results/catboost_reg_smart/Malaria_Oocist_333_Maia__search_results.csv,/home/robinr/Desktop/VSCode/CIRAD_PhD_Robin/Results/catboost_reg_smart/Malaria_Oocist_333_Maia__best_config.json,/home/robinr/Desktop/VSCode/CIRAD_PhD_Robin/Results/catboost_reg_smart/Malaria_Oocist_333_Maia__final_predictions.csv,/home/robinr/Desktop/VSCode/CIRAD_PhD_Robin/Results/catboost_reg_smart/all_predictions.parquet,
Malaria_Sporozoite_229_Maia,regression,CatBoost,input_1_CatBoost,/home/robinr/Desktop/VSCode/CIRAD_PhD_Robin/Results/catboost_reg_smart,partial,missing_fold_test_predictions,SG_21_3_2,21407.88296907691,,35917.840791495975,16024.856671175994,-0.17357838318485963,21407.88296907691,42.0,3.0,"{""pca"": ""None"", ""scatter"": ""None"", ""shape"": ""SG_21_3_2""}",,"[15823.055420453835, 21954.092140130124, 26446.50134664677]",,/home/robinr/Desktop/VSCode/CIRAD_PhD_Robin/Results/catboost_reg_smart/Malaria_Sporozoite_229_Maia__search_results.csv,/home/robinr/Desktop/VSCode/CIRAD_PhD_Robin/Results/catboost_reg_smart/Malaria_Sporozoite_229_Maia__best_config.json,/home/robinr/Desktop/VSCode/CIRAD_PhD_Robin/Results/catboost_reg_smart/Malaria_Sporozoite_229_Maia__final_predictions.csv,/home/robinr/Desktop/VSCode/CIRAD_PhD_Robin/Results/catboost_reg_smart/all_predictions.parquet,
Milk_Fat_1224_KS,regression,CatBoost,input_1_CatBoost,/home/robinr/Desktop/VSCode/CIRAD_PhD_Robin/Results/catboost_reg_smart,partial,missing_fold_test_predictions,SG_15_3_2,0.16691028452064835,,0.13392531911371366,0.10105794594972382,0.9703275632790125,0.1669102845206483,42.0,3.0,"{""pca"": ""None"", ""scatter"": ""None"", ""shape"": ""SG_15_3_2""}",,"[0.12954914316686975, 0.12029365567129126, 0.250888054723784]",,/home/robinr/Desktop/VSCode/CIRAD_PhD_Robin/Results/catboost_reg_smart/Milk_Fat_1224_KS__search_results.csv,/home/robinr/Desktop/VSCode/CIRAD_PhD_Robin/Results/catboost_reg_smart/Milk_Fat_1224_KS__best_config.json,/home/robinr/Desktop/VSCode/CIRAD_PhD_Robin/Results/catboost_reg_smart/Milk_Fat_1224_KS__final_predictions.csv,/home/robinr/Desktop/VSCode/CIRAD_PhD_Robin/Results/catboost_reg_smart/all_predictions.parquet,
Milk_Lactose_1224_KS,regression,CatBoost,input_1_CatBoost,/home/robinr/Desktop/VSCode/CIRAD_PhD_Robin/Results/catboost_reg_smart,partial,missing_fold_test_predictions,SG_15_2_1 + SNV + PCA_features_0.25,0.08142233883949354,,0.06853739594365385,0.05460209735289327,0.8273248290835706,0.0814223388394935,42.0,3.0,"{""pca"": ""PCA_features_0.25"", ""scatter"": ""SNV"", ""shape"": ""SG_15_2_1""}",,"[0.07646912839934851, 0.08167304279669413, 0.086124845322438]",,/home/robinr/Desktop/VSCode/CIRAD_PhD_Robin/Results/catboost_reg_smart/Milk_Lactose_1224_KS__search_results.csv,/home/robinr/Desktop/VSCode/CIRAD_PhD_Robin/Results/catboost_reg_smart/Milk_Lactose_1224_KS__best_config.json,/home/robinr/Desktop/VSCode/CIRAD_PhD_Robin/Results/catboost_reg_smart/Milk_Lactose_1224_KS__final_predictions.csv,/home/robinr/Desktop/VSCode/CIRAD_PhD_Robin/Results/catboost_reg_smart/all_predictions.parquet,
Milk_Urea_1224_KS,regression,CatBoost,input_1_CatBoost,/home/robinr/Desktop/VSCode/CIRAD_PhD_Robin/Results/catboost_reg_smart,partial,missing_fold_test_predictions,SG_21_2_1 + SNV + PCA_features_0.25,4.430955627666408,,4.245464571253001,3.252968718590526,0.2998794058703149,4.430955627666408,42.0,3.0,"{""pca"": ""PCA_features_0.25"", ""scatter"": ""SNV"", ""shape"": ""SG_21_2_1""}",,"[4.427114523460422, 4.41964927660482, 4.446103082933981]",,/home/robinr/Desktop/VSCode/CIRAD_PhD_Robin/Results/catboost_reg_smart/Milk_Urea_1224_KS__search_results.csv,/home/robinr/Desktop/VSCode/CIRAD_PhD_Robin/Results/catboost_reg_smart/Milk_Urea_1224_KS__best_config.json,/home/robinr/Desktop/VSCode/CIRAD_PhD_Robin/Results/catboost_reg_smart/Milk_Urea_1224_KS__final_predictions.csv,/home/robinr/Desktop/VSCode/CIRAD_PhD_Robin/Results/catboost_reg_smart/all_predictions.parquet,
NP_spxyG,regression,CatBoost,input_1_CatBoost,/home/robinr/Desktop/VSCode/CIRAD_PhD_Robin/Results/catboost_reg_smart,partial,missing_fold_test_predictions,SNV,0.04017672499331459,,0.10465772795839683,0.08231195920107824,-0.2864495366170834,0.0401767249933145,42.0,3.0,"{""pca"": ""None"", ""scatter"": ""SNV"", ""shape"": ""None""}",,"[0.037199883997882606, 0.04277259322708036, 0.04055769775498078]",,/home/robinr/Desktop/VSCode/CIRAD_PhD_Robin/Results/catboost_reg_smart/NP_spxyG__search_results.csv,/home/robinr/Desktop/VSCode/CIRAD_PhD_Robin/Results/catboost_reg_smart/NP_spxyG__best_config.json,/home/robinr/Desktop/VSCode/CIRAD_PhD_Robin/Results/catboost_reg_smart/NP_spxyG__final_predictions.csv,/home/robinr/Desktop/VSCode/CIRAD_PhD_Robin/Results/catboost_reg_smart/all_predictions.parquet,
N_wOutlier,regression,CatBoost,input_1_CatBoost,/home/robinr/Desktop/VSCode/CIRAD_PhD_Robin/Results/catboost_reg_smart,partial,missing_fold_test_predictions,SG_15_2_1,0.2748582071365953,,0.2650874523717349,0.1888640504745507,0.967408346477122,0.2748582071365953,42.0,3.0,"{""pca"": ""None"", ""scatter"": ""None"", ""shape"": ""SG_15_2_1""}",,"[0.2752406868948785, 0.26868790537825754, 0.2806460291366498]",,/home/robinr/Desktop/VSCode/CIRAD_PhD_Robin/Results/catboost_reg_smart/N_wOutlier__search_results.csv,/home/robinr/Desktop/VSCode/CIRAD_PhD_Robin/Results/catboost_reg_smart/N_wOutlier__best_config.json,/home/robinr/Desktop/VSCode/CIRAD_PhD_Robin/Results/catboost_reg_smart/N_wOutlier__final_predictions.csv,/home/robinr/Desktop/VSCode/CIRAD_PhD_Robin/Results/catboost_reg_smart/all_predictions.parquet,
N_woOutlier,regression,CatBoost,input_1_CatBoost,/home/robinr/Desktop/VSCode/CIRAD_PhD_Robin/Results/catboost_reg_smart,partial,missing_fold_test_predictions,SG_21_2_1 + SNV,0.25154539819899324,,0.2540808169377002,0.1803707096258083,0.9700586204717346,0.2515453981989932,42.0,3.0,"{""pca"": ""None"", ""scatter"": ""SNV"", ""shape"": ""SG_21_2_1""}",,"[0.24665835989410856, 0.25458692023879, 0.2533909144640811]",,/home/robinr/Desktop/VSCode/CIRAD_PhD_Robin/Results/catboost_reg_smart/N_woOutlier__search_results.csv,/home/robinr/Desktop/VSCode/CIRAD_PhD_Robin/Results/catboost_reg_smart/N_woOutlier__best_config.json,/home/robinr/Desktop/VSCode/CIRAD_PhD_Robin/Results/catboost_reg_smart/N_woOutlier__final_predictions.csv,/home/robinr/Desktop/VSCode/CIRAD_PhD_Robin/Results/catboost_reg_smart/all_predictions.parquet,
Pi_spxyG,regression,CatBoost,input_1_CatBoost,/home/robinr/Desktop/VSCode/CIRAD_PhD_Robin/Results/catboost_reg_smart,partial,missing_fold_test_predictions,SG_11_2_1 + SNV,0.04246806700198491,,0.16217901008802438,0.1321062319430125,-0.9398740076828851,0.0424680670019849,42.0,3.0,"{""pca"": ""None"", ""scatter"": ""SNV"", ""shape"": ""SG_11_2_1""}",,"[0.04289213769863837, 0.038864657791818635, 0.045647405515497716]",,/home/robinr/Desktop/VSCode/CIRAD_PhD_Robin/Results/catboost_reg_smart/Pi_spxyG__search_results.csv,/home/robinr/Desktop/VSCode/CIRAD_PhD_Robin/Results/catboost_reg_smart/Pi_spxyG__best_config.json,/home/robinr/Desktop/VSCode/CIRAD_PhD_Robin/Results/catboost_reg_smart/Pi_spxyG__final_predictions.csv,/home/robinr/Desktop/VSCode/CIRAD_PhD_Robin/Results/catboost_reg_smart/all_predictions.parquet,
Quartz_spxy70,regression,CatBoost,input_1_CatBoost,/home/robinr/Desktop/VSCode/CIRAD_PhD_Robin/Results/catboost_reg_smart,partial,missing_fold_test_predictions,SG_21_2_1 + SNV,0.01064588209493435,,0.008432308666894596,0.005722990505093428,0.9985455002621884,0.0106458820949343,42.0,3.0,"{""pca"": ""None"", ""scatter"": ""SNV"", ""shape"": ""SG_21_2_1""}",,"[0.009424047341402307, 0.007942217653088496, 0.01457138129031225]",,/home/robinr/Desktop/VSCode/CIRAD_PhD_Robin/Results/catboost_reg_smart/Quartz_spxy70__search_results.csv,/home/robinr/Desktop/VSCode/CIRAD_PhD_Robin/Results/catboost_reg_smart/Quartz_spxy70__best_config.json,/home/robinr/Desktop/VSCode/CIRAD_PhD_Robin/Results/catboost_reg_smart/Quartz_spxy70__final_predictions.csv,/home/robinr/Desktop/VSCode/CIRAD_PhD_Robin/Results/catboost_reg_smart/all_predictions.parquet,
Rd25_CBtestSite,regression,CatBoost,input_1_CatBoost,/home/robinr/Desktop/VSCode/CIRAD_PhD_Robin/Results/catboost_reg_smart,partial,missing_fold_test_predictions,SG_11_2_1,0.1838558180081599,,0.3714565878170351,0.302009951638174,-0.7264731776994562,0.1838558180081599,42.0,3.0,"{""pca"": ""None"", ""scatter"": ""None"", ""shape"": ""SG_11_2_1""}",,"[0.18407005771941587, 0.17636753873558772, 0.1911298575694761]",,/home/robinr/Desktop/VSCode/CIRAD_PhD_Robin/Results/catboost_reg_smart/Rd25_CBtestSite__search_results.csv,/home/robinr/Desktop/VSCode/CIRAD_PhD_Robin/Results/catboost_reg_smart/Rd25_CBtestSite__best_config.json,/home/robinr/Desktop/VSCode/CIRAD_PhD_Robin/Results/catboost_reg_smart/Rd25_CBtestSite__final_predictions.csv,/home/robinr/Desktop/VSCode/CIRAD_PhD_Robin/Results/catboost_reg_smart/all_predictions.parquet,
Rd25_GTtestSite,regression,CatBoost,input_1_CatBoost,/home/robinr/Desktop/VSCode/CIRAD_PhD_Robin/Results/catboost_reg_smart,partial,missing_fold_test_predictions,SG_15_2_1 + SNV,0.2038393184281662,,0.29242115779900985,0.2378984857700436,-0.5206184065593451,0.2038393184281662,42.0,3.0,"{""pca"": ""None"", ""scatter"": ""SNV"", ""shape"": ""SG_15_2_1""}",,"[0.19682775490647675, 0.21458689110236123, 0.20010330927566064]",,/home/robinr/Desktop/VSCode/CIRAD_PhD_Robin/Results/catboost_reg_smart/Rd25_GTtestSite__search_results.csv,/home/robinr/Desktop/VSCode/CIRAD_PhD_Robin/Results/catboost_reg_smart/Rd25_GTtestSite__best_config.json,/home/robinr/Desktop/VSCode/CIRAD_PhD_Robin/Results/catboost_reg_smart/Rd25_GTtestSite__final_predictions.csv,/home/robinr/Desktop/VSCode/CIRAD_PhD_Robin/Results/catboost_reg_smart/all_predictions.parquet,
Rd25_XSBNtestSite,regression,CatBoost,input_1_CatBoost,/home/robinr/Desktop/VSCode/CIRAD_PhD_Robin/Results/catboost_reg_smart,partial,missing_fold_test_predictions,SG_11_2_1,0.1875999123960742,,0.2975846526412596,0.24488606538352325,-0.05868275985059346,0.1875999123960742,42.0,3.0,"{""pca"": ""None"", ""scatter"": ""None"", ""shape"": ""SG_11_2_1""}",,"[0.18376900924989828, 0.19324297320296943, 0.18578775473535492]",,/home/robinr/Desktop/VSCode/CIRAD_PhD_Robin/Results/catboost_reg_smart/Rd25_XSBNtestSite__search_results.csv,/home/robinr/Desktop/VSCode/CIRAD_PhD_Robin/Results/catboost_reg_smart/Rd25_XSBNtestSite__best_config.json,/home/robinr/Desktop/VSCode/CIRAD_PhD_Robin/Results/catboost_reg_smart/Rd25_XSBNtestSite__final_predictions.csv,/home/robinr/Desktop/VSCode/CIRAD_PhD_Robin/Results/catboost_reg_smart/all_predictions.parquet,
Rd25_spxy70,regression,CatBoost,input_1_CatBoost,/home/robinr/Desktop/VSCode/CIRAD_PhD_Robin/Results/catboost_reg_smart,partial,missing_fold_test_predictions,SG_15_2_1 + SNV,0.2148948599000995,,0.16340773752796575,0.13107254758250497,0.6043758052980757,0.2148948599000995,42.0,3.0,"{""pca"": ""None"", ""scatter"": ""SNV"", ""shape"": ""SG_15_2_1""}",,"[0.23390771309514982, 0.20939261184388808, 0.20138425476126048]",,/home/robinr/Desktop/VSCode/CIRAD_PhD_Robin/Results/catboost_reg_smart/Rd25_spxy70__search_results.csv,/home/robinr/Desktop/VSCode/CIRAD_PhD_Robin/Results/catboost_reg_smart/Rd25_spxy70__best_config.json,/home/robinr/Desktop/VSCode/CIRAD_PhD_Robin/Results/catboost_reg_smart/Rd25_spxy70__final_predictions.csv,/home/robinr/Desktop/VSCode/CIRAD_PhD_Robin/Results/catboost_reg_smart/all_predictions.parquet,
Rice_Amylose_313_YbasedSplit,regression,CatBoost,input_1_CatBoost,/home/robinr/Desktop/VSCode/CIRAD_PhD_Robin/Results/catboost_reg_smart,partial,missing_fold_test_predictions,SG_15_2_1,3.548316300333365,,3.581127726639834,2.645985111250183,0.5314502169049742,3.548316300333365,42.0,3.0,"{""pca"": ""None"", ""scatter"": ""None"", ""shape"": ""SG_15_2_1""}",,"[3.1661762512559255, 3.6900426419105177, 3.788730007833651]",,/home/robinr/Desktop/VSCode/CIRAD_PhD_Robin/Results/catboost_reg_smart/Rice_Amylose_313_YbasedSplit__search_results.csv,/home/robinr/Desktop/VSCode/CIRAD_PhD_Robin/Results/catboost_reg_smart/Rice_Amylose_313_YbasedSplit__best_config.json,/home/robinr/Desktop/VSCode/CIRAD_PhD_Robin/Results/catboost_reg_smart/Rice_Amylose_313_YbasedSplit__final_predictions.csv,/home/robinr/Desktop/VSCode/CIRAD_PhD_Robin/Results/catboost_reg_smart/all_predictions.parquet,
TIC_spxy70,regression,CatBoost,input_1_CatBoost,/home/robinr/Desktop/VSCode/CIRAD_PhD_Robin/Results/catboost_reg_smart,partial,missing_fold_test_predictions,SG_15_2_1,6.360869051020487,,2.520427573885903,2.043893668691862,0.8624016139286174,6.360869051020487,42.0,3.0,"{""pca"": ""None"", ""scatter"": ""None"", ""shape"": ""SG_15_2_1""}",,"[6.60061596649143, 6.6800116355231856, 5.801979551046847]",,/home/robinr/Desktop/VSCode/CIRAD_PhD_Robin/Results/catboost_reg_smart/TIC_spxy70__search_results.csv,/home/robinr/Desktop/VSCode/CIRAD_PhD_Robin/Results/catboost_reg_smart/TIC_spxy70__best_config.json,/home/robinr/Desktop/VSCode/CIRAD_PhD_Robin/Results/catboost_reg_smart/TIC_spxy70__final_predictions.csv,/home/robinr/Desktop/VSCode/CIRAD_PhD_Robin/Results/catboost_reg_smart/all_predictions.parquet,
V25_spxyG,regression,CatBoost,input_1_CatBoost,/home/robinr/Desktop/VSCode/CIRAD_PhD_Robin/Results/catboost_reg_smart,partial,missing_fold_test_predictions,SG_21_2_1,0.16834913658737724,,0.32454799170419546,0.2629863310191463,-0.9079520774812044,0.1683491365873772,42.0,3.0,"{""pca"": ""None"", ""scatter"": ""None"", ""shape"": ""SG_21_2_1""}",,"[0.1906565001851603, 0.1496017832209512, 0.1647891263560202]",,/home/robinr/Desktop/VSCode/CIRAD_PhD_Robin/Results/catboost_reg_smart/V25_spxyG__search_results.csv,/home/robinr/Desktop/VSCode/CIRAD_PhD_Robin/Results/catboost_reg_smart/V25_spxyG__best_config.json,/home/robinr/Desktop/VSCode/CIRAD_PhD_Robin/Results/catboost_reg_smart/V25_spxyG__final_predictions.csv,/home/robinr/Desktop/VSCode/CIRAD_PhD_Robin/Results/catboost_reg_smart/all_predictions.parquet,
WOOD_Density_402_Olale,regression,CatBoost,input_1_CatBoost,/home/robinr/Desktop/VSCode/CIRAD_PhD_Robin/Results/catboost_reg_smart,partial,missing_fold_test_predictions,SG_15_3_2 + SNV,0.11279642631216828,,0.12526978276695097,0.09820792153952555,0.4208433829825535,0.1127964263121682,42.0,3.0,"{""pca"": ""None"", ""scatter"": ""SNV"", ""shape"": ""SG_15_3_2""}",,"[0.11563248984523458, 0.11154818747052618, 0.11120860162074411]",,/home/robinr/Desktop/VSCode/CIRAD_PhD_Robin/Results/catboost_reg_smart/WOOD_Density_402_Olale__search_results.csv,/home/robinr/Desktop/VSCode/CIRAD_PhD_Robin/Results/catboost_reg_smart/WOOD_Density_402_Olale__best_config.json,/home/robinr/Desktop/VSCode/CIRAD_PhD_Robin/Results/catboost_reg_smart/WOOD_Density_402_Olale__final_predictions.csv,/home/robinr/Desktop/VSCode/CIRAD_PhD_Robin/Results/catboost_reg_smart/all_predictions.parquet,
WOOD_N_402_Olale,regression,CatBoost,input_1_CatBoost,/home/robinr/Desktop/VSCode/CIRAD_PhD_Robin/Results/catboost_reg_smart,partial,missing_fold_test_predictions,None,0.04898471666651464,,0.051152473012248956,0.03707138632842864,0.4015068545766034,0.0489847166665146,42.0,3.0,"{""pca"": ""None"", ""scatter"": ""None"", ""shape"": ""None""}",,"[0.04524055480407013, 0.04688871548249742, 0.054824879712976365]",,/home/robinr/Desktop/VSCode/CIRAD_PhD_Robin/Results/catboost_reg_smart/WOOD_N_402_Olale__search_results.csv,/home/robinr/Desktop/VSCode/CIRAD_PhD_Robin/Results/catboost_reg_smart/WOOD_N_402_Olale__best_config.json,/home/robinr/Desktop/VSCode/CIRAD_PhD_Robin/Results/catboost_reg_smart/WOOD_N_402_Olale__final_predictions.csv,/home/robinr/Desktop/VSCode/CIRAD_PhD_Robin/Results/catboost_reg_smart/all_predictions.parquet,
WUEinst_spxyG70_30_byCultivar_MicroNIR_NeoSpectra,regression,CatBoost,input_1_CatBoost,/home/robinr/Desktop/VSCode/CIRAD_PhD_Robin/Results/catboost_reg_smart,partial,missing_fold_test_predictions,SG_15_3_2 + SNV,1.7953458700421472,,1.7864439261499914,1.4371548364093274,-0.114424433395792,1.7953458700421472,42.0,3.0,"{""pca"": ""None"", ""scatter"": ""SNV"", ""shape"": ""SG_15_3_2""}",,"[1.6274567511521203, 1.9795000632561954, 1.7790807957181263]",,/home/robinr/Desktop/VSCode/CIRAD_PhD_Robin/Results/catboost_reg_smart/WUEinst_spxyG70_30_byCultivar_MicroNIR_NeoSpectra__search_results.csv,/home/robinr/Desktop/VSCode/CIRAD_PhD_Robin/Results/catboost_reg_smart/WUEinst_spxyG70_30_byCultivar_MicroNIR_NeoSpectra__best_config.json,/home/robinr/Desktop/VSCode/CIRAD_PhD_Robin/Results/catboost_reg_smart/WUEinst_spxyG70_30_byCultivar_MicroNIR_NeoSpectra__final_predictions.csv,/home/robinr/Desktop/VSCode/CIRAD_PhD_Robin/Results/catboost_reg_smart/all_predictions.parquet,
brix_groupSampleID_stratDateVar_balRows,regression,CatBoost,input_1_CatBoost,/home/robinr/Desktop/VSCode/CIRAD_PhD_Robin/Results/catboost_reg_smart,partial,missing_fold_test_predictions,SG_11_2_1,3.2665280233281266,,3.3154128982840474,2.561568162180889,0.632015360274711,3.266528023328126,42.0,3.0,"{""pca"": ""None"", ""scatter"": ""None"", ""shape"": ""SG_11_2_1""}",,"[3.20174213093289, 3.2686688083785778, 3.329173130672912]",,/home/robinr/Desktop/VSCode/CIRAD_PhD_Robin/Results/catboost_reg_smart/brix_groupSampleID_stratDateVar_balRows__search_results.csv,/home/robinr/Desktop/VSCode/CIRAD_PhD_Robin/Results/catboost_reg_smart/brix_groupSampleID_stratDateVar_balRows__best_config.json,/home/robinr/Desktop/VSCode/CIRAD_PhD_Robin/Results/catboost_reg_smart/brix_groupSampleID_stratDateVar_balRows__final_predictions.csv,/home/robinr/Desktop/VSCode/CIRAD_PhD_Robin/Results/catboost_reg_smart/all_predictions.parquet,
grapevine_chloride_556_KS,regression,CatBoost,input_1_CatBoost,/home/robinr/Desktop/VSCode/CIRAD_PhD_Robin/Results/catboost_reg_smart,partial,missing_fold_test_predictions,SG_21_3_2,1020.4217963098505,,911.5119135074171,690.0773779083123,0.628188956411234,1020.4217963098504,42.0,3.0,"{""pca"": ""None"", ""scatter"": ""None"", ""shape"": ""SG_21_3_2""}",,"[921.9028320637117, 1051.2244847671263, 1088.1380720987133]",,/home/robinr/Desktop/VSCode/CIRAD_PhD_Robin/Results/catboost_reg_smart/grapevine_chloride_556_KS__search_results.csv,/home/robinr/Desktop/VSCode/CIRAD_PhD_Robin/Results/catboost_reg_smart/grapevine_chloride_556_KS__best_config.json,/home/robinr/Desktop/VSCode/CIRAD_PhD_Robin/Results/catboost_reg_smart/grapevine_chloride_556_KS__final_predictions.csv,/home/robinr/Desktop/VSCode/CIRAD_PhD_Robin/Results/catboost_reg_smart/all_predictions.parquet,
ph_groupSampleID_stratDateVar_balRows,regression,CatBoost,input_1_CatBoost,/home/robinr/Desktop/VSCode/CIRAD_PhD_Robin/Results/catboost_reg_smart,partial,missing_fold_test_predictions,SG_21_3_2,0.24126619937822702,,0.2578402052728352,0.2073985154947955,0.6872186975739016,0.241266199378227,42.0,3.0,"{""pca"": ""None"", ""scatter"": ""None"", ""shape"": ""SG_21_3_2""}",,"[0.23420051325248709, 0.23945349108532224, 0.25014459379687165]",,/home/robinr/Desktop/VSCode/CIRAD_PhD_Robin/Results/catboost_reg_smart/ph_groupSampleID_stratDateVar_balRows__search_results.csv,/home/robinr/Desktop/VSCode/CIRAD_PhD_Robin/Results/catboost_reg_smart/ph_groupSampleID_stratDateVar_balRows__best_config.json,/home/robinr/Desktop/VSCode/CIRAD_PhD_Robin/Results/catboost_reg_smart/ph_groupSampleID_stratDateVar_balRows__final_predictions.csv,/home/robinr/Desktop/VSCode/CIRAD_PhD_Robin/Results/catboost_reg_smart/all_predictions.parquet,
ta_groupSampleID_stratDateVar_balRows,regression,CatBoost,input_1_CatBoost,/home/robinr/Desktop/VSCode/CIRAD_PhD_Robin/Results/catboost_reg_smart,partial,missing_fold_test_predictions,SG_21_3_2,1.6330108559584449,,1.6883051624461078,1.2946888251624489,0.5243479717231709,1.6330108559584449,42.0,3.0,"{""pca"": ""None"", ""scatter"": ""None"", ""shape"": ""SG_21_3_2""}",,"[1.6115860331441227, 1.6463294781288431, 1.6411170566023683]",,/home/robinr/Desktop/VSCode/CIRAD_PhD_Robin/Results/catboost_reg_smart/ta_groupSampleID_stratDateVar_balRows__search_results.csv,/home/robinr/Desktop/VSCode/CIRAD_PhD_Robin/Results/catboost_reg_smart/ta_groupSampleID_stratDateVar_balRows__best_config.json,/home/robinr/Desktop/VSCode/CIRAD_PhD_Robin/Results/catboost_reg_smart/ta_groupSampleID_stratDateVar_balRows__final_predictions.csv,/home/robinr/Desktop/VSCode/CIRAD_PhD_Robin/Results/catboost_reg_smart/all_predictions.parquet,
ALPINE_P_291_KS,regression,PLS,input_2_PLS,/home/robinr/Desktop/VSCode/CIRAD_PhD_Robin/Results/pls_ridge_final/pls,ok,,ASLSBaseline,0.07718971082648539,0.06552006395078777,0.0632080435727447,0.04653814062637407,0.6086559850960491,0.07718971082648539,42.0,3.0,"{""final_repr"": ""None"", ""scatter"": ""None"", ""shape"": ""ASLSBaseline""}","{""n_components"": 18}","[0.0732271457978212, 0.08049842613559369, 0.07784356054604127]","[0.07785692102129436, 0.09075541290139318, 0.07922988478816963, 0.07718971082648539, 0.09253013517512083, 0.09253013517512083, 0.11353527340389358, 0.08420727153192269, 0.07781218425047119, 0.07922988478816963, 0.07977965696110602, 0.07718971082648539, 0.07977287680057486, 0.08100006696481687, 0.07718971082648539, 0.07933794606548036, 0.08339231701833759, 0.07977287680057486, 0.07781218425047119, 0.09391180155018204, 0.08287350486876799, 0.07781218425047119, 0.0782947986950749, 0.07718971082648539, 0.0790319251122095, 0.07810152076350468, 0.07937899289934754, 0.08287350486876799, 0.0782947986950749, 0.08557312387034628]",/home/robinr/Desktop/VSCode/CIRAD_PhD_Robin/Results/pls_ridge_final/pls/ALPINE_P_291_KS__search_results.parquet,/home/robinr/Desktop/VSCode/CIRAD_PhD_Robin/Results/pls_ridge_final/pls/ALPINE_P_291_KS__best_config.json,/home/robinr/Desktop/VSCode/CIRAD_PhD_Robin/Results/pls_ridge_final/pls/ALPINE_P_291_KS__final_predictions.csv,/home/robinr/Desktop/VSCode/CIRAD_PhD_Robin/Results/pls_ridge_final/pls/preds/ALPINE_P_291_KS/predictions.parquet,preds/<dataset>/predictions.parquet
An_spxyG70_30_byCultivar_ASD,regression,PLS,input_2_PLS,/home/robinr/Desktop/VSCode/CIRAD_PhD_Robin/Results/pls_ridge_final/pls,ok,,AreaNormalization,3.031662903146467,4.252866891611654,4.177145736675566,3.299586720863385,-0.3604312442441442,3.031662903146467,42.0,3.0,"{""final_repr"": ""AreaNormalization"", ""scatter"": ""None"", ""shape"": ""None""}","{""n_components"": 5}","[2.4718416994883023, 3.2228519865702223, 3.4002950233808753]","[3.35430696579832, 7.571048172420279, 5.478190531922976, 4.562750563873598, 3.031662903146467, 3.031662903146467, 3.5589926819970796, 6.837782173141467, 4.829387120345288, 5.478190531922976, 3.1408841032802983, 3.508045644556377, 3.169093736061441, 3.031662903146467, 3.3908675373914705, 3.169093736061441, 3.1053002164562273, 3.097436568857298, 3.8581560319223223, 3.1053002164562273, 3.097436568857298, 3.031662903146467, 3.508045644556377, 3.1396818047165413, 3.190272938959913, 3.1586772847568807, 3.192248194007554, 3.3908675373914705, 3.031662903146467, 3.35430696579832]",/home/robinr/Desktop/VSCode/CIRAD_PhD_Robin/Results/pls_ridge_final/pls/An_spxyG70_30_byCultivar_ASD__search_results.parquet,/home/robinr/Desktop/VSCode/CIRAD_PhD_Robin/Results/pls_ridge_final/pls/An_spxyG70_30_byCultivar_ASD__best_config.json,/home/robinr/Desktop/VSCode/CIRAD_PhD_Robin/Results/pls_ridge_final/pls/An_spxyG70_30_byCultivar_ASD__final_predictions.csv,/home/robinr/Desktop/VSCode/CIRAD_PhD_Robin/Results/pls_ridge_final/pls/preds/An_spxyG70_30_byCultivar_ASD/predictions.parquet,preds/<dataset>/predictions.parquet
An_spxyG70_30_byCultivar_MicroNIR,regression,PLS,input_2_PLS,/home/robinr/Desktop/VSCode/CIRAD_PhD_Robin/Results/pls_ridge_final/pls,ok,,Gaussian_1_2 + AreaNormalization,3.2658673166639054,3.6097276840298598,3.5641436898446286,2.762659346611587,0.23047973215297435,3.2658673166639054,42.0,3.0,"{""final_repr"": ""AreaNormalization"", ""scatter"": ""None"", ""shape"": ""Gaussian_1_2""}","{""n_components"": 5}","[3.5185704790018306, 3.1054704220975857, 3.173561048892299]","[4.003703007518507, 4.4432813339162145, 4.115691548141434, 4.030946130249059, 3.2658673166639054, 3.2658673166639054, 3.616454238902065, 4.284019386887581, 3.850274889302821, 4.115691548141434, 3.8333438768248356, 3.716007705220832, 3.545891266270177, 3.2658673166639054, 3.9930977099949323, 3.545891266270177, 3.3949144739616166, 3.669924842363223, 4.0635707466931565, 3.3949144739616166, 3.669924842363223, 3.2658673166639054, 3.716007705220832, 3.4587764614856513, 3.933934067857244, 3.4822952237733156, 3.6119669752256445, 3.9930977099949323, 3.2658673166639054, 4.003703007518507]",/home/robinr/Desktop/VSCode/CIRAD_PhD_Robin/Results/pls_ridge_final/pls/An_spxyG70_30_byCultivar_MicroNIR__search_results.parquet,/home/robinr/Desktop/VSCode/CIRAD_PhD_Robin/Results/pls_ridge_final/pls/An_spxyG70_30_byCultivar_MicroNIR__best_config.json,/home/robinr/Desktop/VSCode/CIRAD_PhD_Robin/Results/pls_ridge_final/pls/An_spxyG70_30_byCultivar_MicroNIR__final_predictions.csv,/home/robinr/Desktop/VSCode/CIRAD_PhD_Robin/Results/pls_ridge_final/pls/preds/An_spxyG70_30_byCultivar_MicroNIR/predictions.parquet,preds/<dataset>/predictions.parquet
An_spxyG70_30_byCultivar_MicroNIR_NeoSpectra,regression,PLS,input_2_PLS,/home/robinr/Desktop/VSCode/CIRAD_PhD_Robin/Results/pls_ridge_final/pls,ok,,SG_21_3_2 + Haar,3.1208745030133453,4.433356049056542,4.229664120959208,3.5176702929003962,-0.08373080040115277,3.1208745030133453,42.0,3.0,"{""final_repr"": ""Haar"", ""scatter"": ""None"", ""shape"": ""SG_21_3_2""}","{""n_components"": 10}","[3.3103018297041076, 2.9986087084867594, 3.0537129708491686]","[3.3517554045091846, 5.394686335487339, 5.145959815950099, 4.6524348701216764, 4.006906857337244, 4.006906857337244, 3.819973944280512, 5.348981934016829, 4.7940389598064845, 5.145959815950099, 3.3517554045091846, 3.3517554045091846, 3.3319245566737856, 3.3319245566737856, 3.417049745199682, 4.045228338595392, 3.233103922106659, 3.417049745199682, 4.365924009966565, 3.769596382459754, 3.233103922106659, 3.417049745199682, 4.006906857337244, 3.1208745030133453, 4.045228338595392, 3.417049745199682, 4.220072818495728, 3.1208745030133453, 3.5605998126649543, 3.656784573444788]",/home/robinr/Desktop/VSCode/CIRAD_PhD_Robin/Results/pls_ridge_final/pls/An_spxyG70_30_byCultivar_MicroNIR_NeoSpectra__search_results.parquet,/home/robinr/Desktop/VSCode/CIRAD_PhD_Robin/Results/pls_ridge_final/pls/An_spxyG70_30_byCultivar_MicroNIR_NeoSpectra__best_config.json,/home/robinr/Desktop/VSCode/CIRAD_PhD_Robin/Results/pls_ridge_final/pls/An_spxyG70_30_byCultivar_MicroNIR_NeoSpectra__final_predictions.csv,/home/robinr/Desktop/VSCode/CIRAD_PhD_Robin/Results/pls_ridge_final/pls/preds/An_spxyG70_30_byCultivar_MicroNIR_NeoSpectra/predictions.parquet,preds/<dataset>/predictions.parquet
An_spxyG70_30_byCultivar_NeoSpectra,regression,PLS,input_2_PLS,/home/robinr/Desktop/VSCode/CIRAD_PhD_Robin/Results/pls_ridge_final/pls,ok,,Gaussian_1_2 + SNV,3.4075287965526644,5.096848146366724,4.927187099416517,3.993385154402735,-0.3416916245289814,3.4075287965526644,42.0,3.0,"{""final_repr"": ""None"", ""scatter"": ""SNV"", ""shape"": ""Gaussian_1_2""}","{""n_components"": 7}","[3.7335361143941945, 2.603096451932471, 3.8859538233313273]","[4.135025598984064, 5.769307720872015, 5.427155350263614, 5.035070357394257, 3.470969806781637, 3.470969806781637, 3.8385933538526835, 5.741603892252836, 5.153416282441104, 5.427155350263614, 3.799470708087202, 3.7804224141512575, 3.4075287965526644, 3.4242634530374425, 3.987365137985974, 3.4075287965526644, 4.345215816892675, 3.4075287965526644, 4.584171049902342, 3.6013068175329455, 3.4242634530374425, 3.4242634530374425, 3.509813871647061, 4.135025598984064, 3.704680134961041, 3.4075287965526644, 3.799470708087202, 3.7804224141512575, 4.345215816892675, 4.135025598984064]",/home/robinr/Desktop/VSCode/CIRAD_PhD_Robin/Results/pls_ridge_final/pls/An_spxyG70_30_byCultivar_NeoSpectra__search_results.parquet,/home/robinr/Desktop/VSCode/CIRAD_PhD_Robin/Results/pls_ridge_final/pls/An_spxyG70_30_byCultivar_NeoSpectra__best_config.json,/home/robinr/Desktop/VSCode/CIRAD_PhD_Robin/Results/pls_ridge_final/pls/An_spxyG70_30_byCultivar_NeoSpectra__final_predictions.csv,/home/robinr/Desktop/VSCode/CIRAD_PhD_Robin/Results/pls_ridge_final/pls/preds/An_spxyG70_30_byCultivar_NeoSpectra/predictions.parquet,preds/<dataset>/predictions.parquet
Beef_Marbling_RandomSplit,regression,PLS,input_2_PLS,/home/robinr/Desktop/VSCode/CIRAD_PhD_Robin/Results/pls_ridge_final/pls,ok,,SNV,71.35404918497953,75.50011070138248,74.42331712695719,57.344342927482266,0.4384527872057281,71.35404918497953,42.0,3.0,"{""final_repr"": ""None"", ""scatter"": ""SNV"", ""shape"": ""None""}","{""n_components"": 17}","[69.91727978026098, 69.73752667551551, 74.40734109916205]","[74.05718623338397, 72.75756470277292, 72.44174136074524, 71.36731674979352, 83.33072937419418, 83.33072937419418, 99.80301353908494, 73.00596625844032, 71.75114747352373, 72.44174136074524, 74.28033214174916, 71.36731674979352, 71.3873276479832, 75.12658969539577, 71.36731674979352, 72.39636496956514, 74.8328040181396, 71.3873276479832, 71.75114747352373, 72.67982494228725, 72.87309867388451, 71.75114747352373, 72.82285309326079, 71.36731674979352, 71.35404918497953, 72.70336044962784, 75.0422441688562, 72.44174136074524, 72.87309867388451, 74.05718623338397]",/home/robinr/Desktop/VSCode/CIRAD_PhD_Robin/Results/pls_ridge_final/pls/Beef_Marbling_RandomSplit__search_results.parquet,/home/robinr/Desktop/VSCode/CIRAD_PhD_Robin/Results/pls_ridge_final/pls/Beef_Marbling_RandomSplit__best_config.json,/home/robinr/Desktop/VSCode/CIRAD_PhD_Robin/Results/pls_ridge_final/pls/Beef_Marbling_RandomSplit__final_predictions.csv,/home/robinr/Desktop/VSCode/CIRAD_PhD_Robin/Results/pls_ridge_final/pls/preds/Beef_Marbling_RandomSplit/predictions.parquet,preds/<dataset>/predictions.parquet
Beer_OriginalExtract_60_KS,regression,PLS,input_2_PLS,/home/robinr/Desktop/VSCode/CIRAD_PhD_Robin/Results/pls_ridge_final/pls,ok,,SG_21_2_1 + AreaNormalization,0.47318161395003316,0.30418379576921617,0.24690414250701284,0.19235838784864906,0.9761771636588776,0.47318161395003316,42.0,3.0,"{""final_repr"": ""AreaNormalization"", ""scatter"": ""None"", ""shape"": ""SG_21_2_1""}","{""n_components"": 7}","[0.3797263414709543, 0.6683885406281421, 0.3714299597510032]","[0.4740389440570035, 0.47343733766074875, 0.4734372984408273, 0.4734493139090816, 0.4836440333843138, 0.4836440333843138, 0.5340074509202672, 0.4734373543934057, 0.47343385834679036, 0.4734357334305617, 0.4737950213577242, 0.47343784841824893, 0.4735189069180687, 0.4734373588747432, 0.47371887264531537, 0.47343385834679036, 0.4734340482951931, 0.47318161395003316, 0.47318161395003316, 0.48065337731903107, 0.47318161395003316, 0.47318161395003316, 1.1143761230944038, 0.47318161395003316, 0.4736017416657561, 0.47371887264531537, 0.4968462481163171, 0.47318161395003316, 0.48089699409311404, 0.4740389440570035]",/home/robinr/Desktop/VSCode/CIRAD_PhD_Robin/Results/pls_ridge_final/pls/Beer_OriginalExtract_60_KS__search_results.parquet,/home/robinr/Desktop/VSCode/CIRAD_PhD_Robin/Results/pls_ridge_final/pls/Beer_OriginalExtract_60_KS__best_config.json,/home/robinr/Desktop/VSCode/CIRAD_PhD_Robin/Results/pls_ridge_final/pls/Beer_OriginalExtract_60_KS__final_predictions.csv,/home/robinr/Desktop/VSCode/CIRAD_PhD_Robin/Results/pls_ridge_final/pls/preds/Beer_OriginalExtract_60_KS/predictions.parquet,preds/<dataset>/predictions.parquet
Beer_OriginalExtract_60_YbaseSplit,regression,PLS,input_2_PLS,/home/robinr/Desktop/VSCode/CIRAD_PhD_Robin/Results/pls_ridge_final/pls,ok,,SG_21_2_1,0.4189070748364774,0.47560306084829457,0.3928538203894751,0.3313353003181808,0.9740898972413051,0.4189070748364774,42.0,3.0,"{""final_repr"": ""None"", ""scatter"": ""None"", ""shape"": ""SG_21_2_1""}","{""n_components"": 3}","[0.4172816472964523, 0.2874019175883856, 0.5520376596245941]","[0.4332134976908199, 0.43301311821688504, 0.4330127298412309, 0.43300625528927617, 0.4311107911997017, 0.4311107911997017, 0.45992676560620244, 0.4330131207489263, 0.433002690754527, 0.43301323052330204, 0.43398903624213, 0.7107386232072893, 0.4316301452240652, 0.4311107911997017, 0.43297502386860715, 0.4316301452240652, 0.4328838274252598, 0.4299730528230256, 0.4339441098422124, 0.4343825536705664, 0.4189070748364774, 0.4189070748364774, 0.7107386232072893, 0.4189070748364774, 0.4189070748364774, 0.43398903624213, 0.7107386232072893, 0.4330112359345119, 0.4189070748364774, 0.4332134976908199]",/home/robinr/Desktop/VSCode/CIRAD_PhD_Robin/Results/pls_ridge_final/pls/Beer_OriginalExtract_60_YbaseSplit__search_results.parquet,/home/robinr/Desktop/VSCode/CIRAD_PhD_Robin/Results/pls_ridge_final/pls/Beer_OriginalExtract_60_YbaseSplit__best_config.json,/home/robinr/Desktop/VSCode/CIRAD_PhD_Robin/Results/pls_ridge_final/pls/Beer_OriginalExtract_60_YbaseSplit__final_predictions.csv,/home/robinr/Desktop/VSCode/CIRAD_PhD_Robin/Results/pls_ridge_final/pls/preds/Beer_OriginalExtract_60_YbaseSplit/predictions.parquet,preds/<dataset>/predictions.parquet
Biscuit_Fat_40_RandomSplit,regression,PLS,input_2_PLS,/home/robinr/Desktop/VSCode/CIRAD_PhD_Robin/Results/pls_ridge_final/pls,ok,,SNV + AreaNormalization,0.39316206496495854,1.071128461709286,1.1496082100134604,0.8119500810023559,0.6623522814213035,0.39316206496495854,42.0,3.0,"{""final_repr"": ""AreaNormalization"", ""scatter"": ""SNV"", ""shape"": ""None""}","{""n_components"": 7}","[0.4700508294562177, 0.29613566333213837, 0.4132997021065195]","[0.5001846381972981, 0.48181445066314793, 0.48121329247413297, 0.46857245458874414, 0.5168887530985754, 0.5168887530985754, 0.8779775512961937, 0.4816715677276466, 0.4750066381526956, 0.48141526353107117, 0.47606465154859007, 0.46857245458874414, 0.4699165055674333, 0.45913507625149336, 0.4765785813844905, 0.39316206496495854, 0.39316206496495854, 0.39316206496495854, 0.45691358046486213, 1.6383434176220522, 0.47606465154859007, 0.39316206496495854, 0.539149996120521, 0.47344497403836017, 0.45913507625149336, 0.6021696043696535, 0.39316206496495854, 0.5001846381972981, 0.45691358046486213, 0.46466319224348246]",/home/robinr/Desktop/VSCode/CIRAD_PhD_Robin/Results/pls_ridge_final/pls/Biscuit_Fat_40_RandomSplit__search_results.parquet,/home/robinr/Desktop/VSCode/CIRAD_PhD_Robin/Results/pls_ridge_final/pls/Biscuit_Fat_40_RandomSplit__best_config.json,/home/robinr/Desktop/VSCode/CIRAD_PhD_Robin/Results/pls_ridge_final/pls/Biscuit_Fat_40_RandomSplit__final_predictions.csv,/home/robinr/Desktop/VSCode/CIRAD_PhD_Robin/Results/pls_ridge_final/pls/preds/Biscuit_Fat_40_RandomSplit/predictions.parquet,preds/<dataset>/predictions.parquet
Biscuit_Sucrose_40_RandomSplit,regression,PLS,input_2_PLS,/home/robinr/Desktop/VSCode/CIRAD_PhD_Robin/Results/pls_ridge_final/pls,ok,,SG_15_3_2 + SNV + Haar,1.8675063459409473,1.6670570525864672,1.6083297322161147,1.356680628962561,0.8293616027646523,1.8675063459409473,42.0,3.0,"{""final_repr"": ""Haar"", ""scatter"": ""SNV"", ""shape"": ""SG_15_3_2""}","{""n_components"": 2}","[2.2148155044329765, 1.7766438412942727, 1.6110596920955926]","[2.844840301167372, 2.8074962825786725, 2.8075484715947536, 2.8023354501829907, 2.585682590428783, 2.585682590428783, 1.8675063459409473, 2.8075006513407588, 2.8046560744377094, 2.8074522792133343, 2.8487857530969656, 2.26439947146439, 2.26439947146439, 2.26439947146439, 2.834860626467904, 2.7153477011453333, 2.8281634259939277, 2.26439947146439, 2.834860626467904, 2.585682590428783, 2.808956903404786, 2.26439947146439, 2.081471790896318, 2.834860626467904, 2.081471790896318, 2.7305596363793962, 2.081471790896318, 2.8547729481081885, 2.081471790896318, 2.844840301167372]",/home/robinr/Desktop/VSCode/CIRAD_PhD_Robin/Results/pls_ridge_final/pls/Biscuit_Sucrose_40_RandomSplit__search_results.parquet,/home/robinr/Desktop/VSCode/CIRAD_PhD_Robin/Results/pls_ridge_final/pls/Biscuit_Sucrose_40_RandomSplit__best_config.json,/home/robinr/Desktop/VSCode/CIRAD_PhD_Robin/Results/pls_ridge_final/pls/Biscuit_Sucrose_40_RandomSplit__final_predictions.csv,/home/robinr/Desktop/VSCode/CIRAD_PhD_Robin/Results/pls_ridge_final/pls/preds/Biscuit_Sucrose_40_RandomSplit/predictions.parquet,preds/<dataset>/predictions.parquet
C_woOutlier,regression,PLS,input_2_PLS,/home/robinr/Desktop/VSCode/CIRAD_PhD_Robin/Results/pls_ridge_final/pls,ok,,ASLSBaseline + AreaNormalization,1.3080792217874353,2.511860459047367,2.350690858198434,0.8810426609703604,0.29379586728201923,1.3080792217874353,42.0,3.0,"{""final_repr"": ""AreaNormalization"", ""scatter"": ""None"", ""shape"": ""ASLSBaseline""}","{""n_components"": 14}","[1.2398338374109807, 1.2341959872795345, 1.4502078406717906]","[1.3458483783102801, 1.365581901798375, 1.3207100616174847, 1.3208768066733099, 1.860862476271474, 1.860862476271474, 2.1975195214012753, 1.3550752509595319, 1.3343995022771578, 1.3207100616174847, 1.4380861179465256, 1.3276387734968307, 1.318944526214126, 1.3080792217874353, 1.3080792217874353, 1.3080792217874353, 1.505132830771485, 1.3227842053967367, 1.3232459675846986, 1.6419813764580848, 1.3184650851278397, 1.3080792217874353, 1.3758191438715202, 1.334379500259761, 1.5985702483293103, 1.3343995022771578, 1.3080792217874353, 1.3184650851278397, 1.3758191438715202, 1.334379500259761]",/home/robinr/Desktop/VSCode/CIRAD_PhD_Robin/Results/pls_ridge_final/pls/C_woOutlier__search_results.parquet,/home/robinr/Desktop/VSCode/CIRAD_PhD_Robin/Results/pls_ridge_final/pls/C_woOutlier__best_config.json,/home/robinr/Desktop/VSCode/CIRAD_PhD_Robin/Results/pls_ridge_final/pls/C_woOutlier__final_predictions.csv,/home/robinr/Desktop/VSCode/CIRAD_PhD_Robin/Results/pls_ridge_final/pls/preds/C_woOutlier/predictions.parquet,preds/<dataset>/predictions.parquet
Ccar_spxyG_block2deg,regression,PLS,input_2_PLS,/home/robinr/Desktop/VSCode/CIRAD_PhD_Robin/Results/pls_ridge_final/pls,ok,,SG_15_3_2 + SNV + AreaNormalization,36.71907742574923,67.18859130509759,64.29414172192388,28.187426008483286,-641.2540605431224,36.71907742574923,42.0,3.0,"{""final_repr"": ""AreaNormalization"", ""scatter"": ""SNV"", ""shape"": ""SG_15_3_2""}","{""n_components"": 19}","[35.253099052433576, 40.655933494205456, 34.24819973060866]","[42.398915338000855, 37.028452205012805, 38.08030255096142, 37.396160398230286, 50.27039249489787, 50.27039249489787, 60.32716743945542, 37.469416546867116, 36.71907742574923, 38.08030255096142, 39.40712907815975, 37.028452205012805, 36.914925680309516, 37.105106343880294, 44.016996705547655, 37.474444755502134, 37.51078399378268, 37.474444755502134, 43.29161052554368, 36.914925680309516, 38.495187417577604, 36.914925680309516, 37.36572981707794, 37.955839070368164, 36.977076647777444, 36.71907742574923, 36.71907742574923, 36.71907742574923, 37.105106343880294, 41.489857314970806]",/home/robinr/Desktop/VSCode/CIRAD_PhD_Robin/Results/pls_ridge_final/pls/Ccar_spxyG_block2deg__search_results.parquet,/home/robinr/Desktop/VSCode/CIRAD_PhD_Robin/Results/pls_ridge_final/pls/Ccar_spxyG_block2deg__best_config.json,/home/robinr/Desktop/VSCode/CIRAD_PhD_Robin/Results/pls_ridge_final/pls/Ccar_spxyG_block2deg__final_predictions.csv,/home/robinr/Desktop/VSCode/CIRAD_PhD_Robin/Results/pls_ridge_final/pls/preds/Ccar_spxyG_block2deg/predictions.parquet,preds/<dataset>/predictions.parquet
Chla+b_spxyG_block2deg,regression,PLS,input_2_PLS,/home/robinr/Desktop/VSCode/CIRAD_PhD_Robin/Results/pls_ridge_final/pls,ok,,SG_15_3_2 + SNV + Haar,19.897727765762188,86.31465010009849,84.72666261044027,38.83835826801775,-44.36983110068831,19.897727765762188,42.0,3.0,"{""final_repr"": ""Haar"", ""scatter"": ""SNV"", ""shape"": ""SG_15_3_2""}","{""n_components"": 29}","[19.123698426837397, 20.731955589151806, 19.837529281297364]","[28.174668083300574, 19.897727765762188, 20.243008636011623, 21.99250436706754, 34.74474620893245, 34.74474620893245, 48.146873671863666, 20.000510818136323, 21.37493233877729, 20.243008636011623, 19.992571471993998, 19.93794642927885, 19.992571471993998, 20.000510818136323, 28.174668083300574, 20.000510818136323, 19.992571471993998, 26.177248519529694, 20.170768884176912, 20.000510818136323, 29.90578202600444, 19.897727765762188, 19.93794642927885, 20.246578403483596, 20.880797641675915, 19.93794642927885, 19.93794642927885, 22.421489621213393, 20.246578403483596, 20.49907195500982]",/home/robinr/Desktop/VSCode/CIRAD_PhD_Robin/Results/pls_ridge_final/pls/Chla+b_spxyG_block2deg__search_results.parquet,/home/robinr/Desktop/VSCode/CIRAD_PhD_Robin/Results/pls_ridge_final/pls/Chla+b_spxyG_block2deg__best_config.json,/home/robinr/Desktop/VSCode/CIRAD_PhD_Robin/Results/pls_ridge_final/pls/Chla+b_spxyG_block2deg__final_predictions.csv,/home/robinr/Desktop/VSCode/CIRAD_PhD_Robin/Results/pls_ridge_final/pls/preds/Chla+b_spxyG_block2deg/predictions.parquet,preds/<dataset>/predictions.parquet
Chla+b_spxyG_species,regression,PLS,input_2_PLS,/home/robinr/Desktop/VSCode/CIRAD_PhD_Robin/Results/pls_ridge_final/pls,ok,,SG_15_3_2 + SNV,17.97407927366265,65.14588962356545,65.10231168682624,35.810876890094434,-16.6831319578237,17.97407927366265,42.0,3.0,"{""final_repr"": ""None"", ""scatter"": ""SNV"", ""shape"": ""SG_15_3_2""}","{""n_components"": 30}","[17.586443244077703, 18.53502977221604, 17.800764804694204]","[24.281695056417743, 18.181309335336604, 19.57843068374076, 20.350296231419602, 33.98358667463703, 33.98358667463703, 44.62295628217817, 18.65078572675567, 20.08133447037898, 19.57843068374076, 17.97407927366265, 18.288448709774183, 17.97407927366265, 24.281695056417743, 17.97407927366265, 19.056654320901092, 18.65078572675567, 24.281695056417743, 17.97407927366265, 20.88317663452177, 19.57843068374076, 17.97407927366265, 18.65078572675567, 18.4490911948599, 17.97407927366265, 19.056654320901092, 18.288448709774183, 19.056654320901092, 19.900602019436104, 21.560597254313496]",/home/robinr/Desktop/VSCode/CIRAD_PhD_Robin/Results/pls_ridge_final/pls/Chla+b_spxyG_species__search_results.parquet,/home/robinr/Desktop/VSCode/CIRAD_PhD_Robin/Results/pls_ridge_final/pls/Chla+b_spxyG_species__best_config.json,/home/robinr/Desktop/VSCode/CIRAD_PhD_Robin/Results/pls_ridge_final/pls/Chla+b_spxyG_species__final_predictions.csv,/home/robinr/Desktop/VSCode/CIRAD_PhD_Robin/Results/pls_ridge_final/pls/preds/Chla+b_spxyG_species/predictions.parquet,preds/<dataset>/predictions.parquet
Corn_Oil_80_ZhengChenPelegYbaseSplit,regression,PLS,input_2_PLS,/home/robinr/Desktop/VSCode/CIRAD_PhD_Robin/Results/pls_ridge_final/pls,ok,,SG_11_2_1,0.026858601079685424,0.03256776673358139,0.024524060147965578,0.020967047157100266,0.9801027161155295,0.026858601079685424,42.0,3.0,"{""final_repr"": ""None"", ""scatter"": ""None"", ""shape"": ""SG_11_2_1""}","{""n_components"": 22}","[0.0204368687568219, 0.03232627432189538, 0.02781266016033899]","[0.03194941416985975, 0.027272877304376344, 0.026858601079685424, 0.028166337066205718, 0.07263537904909928, 0.07263537904909928, 0.12161113850708577, 0.02704624726097581, 0.027899964303560853, 0.026858601079685424, 0.04485857971565104, 0.02696291069962262, 0.02715285451443697, 0.03149618778766699, 0.02699679934808924, 0.027213666502071406, 0.029213509196837708, 0.026858601079685424, 0.0319861948529695, 0.02728407047882137, 0.02699679934808924, 0.02715285451443697, 0.02715285451443697, 0.02696291069962262, 0.027899964303560853, 0.02715760983453339, 0.02696291069962262, 0.030259453914748397, 0.03025445237292011, 0.047217869931765744]",/home/robinr/Desktop/VSCode/CIRAD_PhD_Robin/Results/pls_ridge_final/pls/Corn_Oil_80_ZhengChenPelegYbaseSplit__search_results.parquet,/home/robinr/Desktop/VSCode/CIRAD_PhD_Robin/Results/pls_ridge_final/pls/Corn_Oil_80_ZhengChenPelegYbaseSplit__best_config.json,/home/robinr/Desktop/VSCode/CIRAD_PhD_Robin/Results/pls_ridge_final/pls/Corn_Oil_80_ZhengChenPelegYbaseSplit__final_predictions.csv,/home/robinr/Desktop/VSCode/CIRAD_PhD_Robin/Results/pls_ridge_final/pls/preds/Corn_Oil_80_ZhengChenPelegYbaseSplit/predictions.parquet,preds/<dataset>/predictions.parquet
Corn_Starch_80_ZhengChenPelegYbaseSplit,regression,PLS,input_2_PLS,/home/robinr/Desktop/VSCode/CIRAD_PhD_Robin/Results/pls_ridge_final/pls,ok,,SG_15_2_1,0.12882037849850778,0.16467707464166284,0.1119070992353348,0.08652381390988317,0.9802938234135306,0.12882037849850778,42.0,3.0,"{""final_repr"": ""None"", ""scatter"": ""None"", ""shape"": ""SG_15_2_1""}","{""n_components"": 23}","[0.09812800964107113, 0.10365254164215855, 0.18468058421229364]","[0.16419255321095164, 0.13114210468348356, 0.13228410104521968, 0.13317854530336512, 0.2844877876792669, 0.2844877876792669, 0.7041293415463725, 0.13152209302817028, 0.13241423912850553, 0.13228410104521968, 0.1310137688935923, 0.13150782870481342, 0.1310137688935923, 0.16419255321095164, 0.1310137688935923, 0.12951218515405233, 0.12951218515405233, 0.13113130073788104, 0.14654352698991727, 0.12882037849850778, 0.1324637886728631, 0.12951218515405233, 0.14019692676301346, 0.12882037849850778, 0.13228410104521968, 0.13152209302817028, 0.14019692676301346, 0.13186141384066297, 0.1318244098983856, 0.16419255321095164]",/home/robinr/Desktop/VSCode/CIRAD_PhD_Robin/Results/pls_ridge_final/pls/Corn_Starch_80_ZhengChenPelegYbaseSplit__search_results.parquet,/home/robinr/Desktop/VSCode/CIRAD_PhD_Robin/Results/pls_ridge_final/pls/Corn_Starch_80_ZhengChenPelegYbaseSplit__best_config.json,/home/robinr/Desktop/VSCode/CIRAD_PhD_Robin/Results/pls_ridge_final/pls/Corn_Starch_80_ZhengChenPelegYbaseSplit__final_predictions.csv,/home/robinr/Desktop/VSCode/CIRAD_PhD_Robin/Results/pls_ridge_final/pls/preds/Corn_Starch_80_ZhengChenPelegYbaseSplit/predictions.parquet,preds/<dataset>/predictions.parquet
DIESEL_bp50_246_b-a,regression,PLS,input_2_PLS,/home/robinr/Desktop/VSCode/CIRAD_PhD_Robin/Results/pls_ridge_final/pls,ok,,SG_21_2_1,2.497420741132965,3.518789482626911,3.2879436552500017,2.539451358921861,0.9512950979151269,2.497420741132965,42.0,3.0,"{""final_repr"": ""None"", ""scatter"": ""None"", ""shape"": ""SG_21_2_1""}","{""n_components"": 23}","[1.7593046742055902, 2.276134512498383, 3.4568230366949217]","[3.9342531505817213, 2.987484861466729, 2.500950146845863, 3.063248305909685, 7.052467986473782, 7.052467986473782, 12.92036262542417, 2.6943538085114604, 2.924866583114317, 2.500950146845863, 4.415929995752623, 2.497420741132965, 2.6943538085114604, 2.500950146845863, 3.3907764166075314, 2.497420741132965, 3.1058750922501783, 2.6292437857546123, 3.1786002257078505, 2.648940857645105, 3.3907764166075314, 2.497420741132965, 2.5798619315938254, 2.8827612799216262, 2.497420741132965, 2.648940857645105, 2.693783825373045, 3.167641333824879, 2.648940857645105, 4.415929995752623]",/home/robinr/Desktop/VSCode/CIRAD_PhD_Robin/Results/pls_ridge_final/pls/DIESEL_bp50_246_b-a__search_results.parquet,/home/robinr/Desktop/VSCode/CIRAD_PhD_Robin/Results/pls_ridge_final/pls/DIESEL_bp50_246_b-a__best_config.json,/home/robinr/Desktop/VSCode/CIRAD_PhD_Robin/Results/pls_ridge_final/pls/DIESEL_bp50_246_b-a__final_predictions.csv,/home/robinr/Desktop/VSCode/CIRAD_PhD_Robin/Results/pls_ridge_final/pls/preds/DIESEL_bp50_246_b-a/predictions.parquet,preds/<dataset>/predictions.parquet
DIESEL_bp50_246_hla-b,regression,PLS,input_2_PLS,/home/robinr/Desktop/VSCode/CIRAD_PhD_Robin/Results/pls_ridge_final/pls,ok,,ASLSBaseline + SNV + AreaNormalization,3.338606083122347,3.1914317742403817,2.959740670399023,2.251984583129057,0.9700127908808713,3.338606083122347,42.0,3.0,"{""final_repr"": ""AreaNormalization"", ""scatter"": ""SNV"", ""shape"": ""ASLSBaseline""}","{""n_components"": 14}","[3.3433381852325654, 3.387153722440967, 3.285326341693509]","[3.5481392114363715, 4.357842533526285, 3.8447688717688617, 3.7726854323652943, 7.715377047892836, 7.715377047892836, 13.734573199583714, 4.085732446637274, 3.764162495440843, 3.8447688717688617, 3.5481392114363715, 3.5481392114363715, 4.024191559925721, 4.024191559925721, 3.338606083122347, 3.5376850200362697, 3.615575822034955, 3.5376850200362697, 5.467772681324455, 3.928127523643782, 3.5376850200362697, 3.5376850200362697, 3.764162495440843, 4.891050908419923, 3.615575822034955, 5.467772681324455, 3.338606083122347, 3.7726854323652943, 3.500615896087078, 3.500615896087078]",/home/robinr/Desktop/VSCode/CIRAD_PhD_Robin/Results/pls_ridge_final/pls/DIESEL_bp50_246_hla-b__search_results.parquet,/home/robinr/Desktop/VSCode/CIRAD_PhD_Robin/Results/pls_ridge_final/pls/DIESEL_bp50_246_hla-b__best_config.json,/home/robinr/Desktop/VSCode/CIRAD_PhD_Robin/Results/pls_ridge_final/pls/DIESEL_bp50_246_hla-b__final_predictions.csv,/home/robinr/Desktop/VSCode/CIRAD_PhD_Robin/Results/pls_ridge_final/pls/preds/DIESEL_bp50_246_hla-b/predictions.parquet,preds/<dataset>/predictions.parquet
DIESEL_bp50_246_hlb-a,regression,PLS,input_2_PLS,/home/robinr/Desktop/VSCode/CIRAD_PhD_Robin/Results/pls_ridge_final/pls,ok,,SG_21_3_2 + Haar,2.8324422252893946,3.368558067072019,3.260929094569079,2.476345354245457,0.9520921531209418,2.8324422252893946,42.0,3.0,"{""final_repr"": ""Haar"", ""scatter"": ""None"", ""shape"": ""SG_21_3_2""}","{""n_components"": 22}","[2.764382572908896, 3.043826128585428, 2.6891179743738585]","[4.130860018566778, 3.9518258517871643, 2.8324422252893946, 3.040557832913796, 6.977144355958984, 6.977144355958984, 15.194840010132799, 3.425164524066316, 3.0195791744766427, 2.8324422252893946, 4.445157290730929, 2.9716055935898535, 3.0108516189396064, 3.7281994517142905, 3.2677976225686813, 3.7460581778090556, 3.0985129207976656, 2.8324422252893946, 3.3653648113603523, 4.122899905779147, 3.2677976225686813, 3.0108516189396064, 3.0108516189396064, 2.9716055935898535, 3.0195791744766427, 3.6077189724007144, 2.9716055935898535, 3.392519615395807, 3.7608675009874903, 4.47144907178219]",/home/robinr/Desktop/VSCode/CIRAD_PhD_Robin/Results/pls_ridge_final/pls/DIESEL_bp50_246_hlb-a__search_results.parquet,/home/robinr/Desktop/VSCode/CIRAD_PhD_Robin/Results/pls_ridge_final/pls/DIESEL_bp50_246_hlb-a__best_config.json,/home/robinr/Desktop/VSCode/CIRAD_PhD_Robin/Results/pls_ridge_final/pls/DIESEL_bp50_246_hlb-a__final_predictions.csv,/home/robinr/Desktop/VSCode/CIRAD_PhD_Robin/Results/pls_ridge_final/pls/preds/DIESEL_bp50_246_hlb-a/predictions.parquet,preds/<dataset>/predictions.parquet
Fv_Fm_grp70_30,regression,PLS,input_2_PLS,/home/robinr/Desktop/VSCode/CIRAD_PhD_Robin/Results/pls_ridge_final/pls,ok,,None,0.03656688758858144,0.031856423324113904,0.03155045310414169,0.020774358758372618,0.28251101153698677,0.03656688758858144,42.0,3.0,"{""final_repr"": ""None"", ""scatter"": ""None"", ""shape"": ""None""}","{""n_components"": 7}","[0.034425159389489715, 0.03316985721549054, 0.042105646160764065]","[0.03966348183607469, 0.049531565683658685, 0.0456960079793384, 0.04230536537921462, 0.037374048616526816, 0.037374048616526816, 0.038683248936303656, 0.0479266847447208, 0.042087023711023325, 0.0456960079793384, 0.03746519870675199, 0.039141834385218725, 0.03656688758858144, 0.036626685479270414, 0.03839251456253067, 0.03656688758858144, 0.04078046383365281, 0.03656688758858144, 0.04130446501130752, 0.03782585570954373, 0.036626685479270414, 0.036626685479270414, 0.03695359113509616, 0.03966348183607469, 0.03808596653926974, 0.03656688758858144, 0.03746519870675199, 0.039141834385218725, 0.04078046383365281, 0.03966348183607469]",/home/robinr/Desktop/VSCode/CIRAD_PhD_Robin/Results/pls_ridge_final/pls/Fv_Fm_grp70_30__search_results.parquet,/home/robinr/Desktop/VSCode/CIRAD_PhD_Robin/Results/pls_ridge_final/pls/Fv_Fm_grp70_30__best_config.json,/home/robinr/Desktop/VSCode/CIRAD_PhD_Robin/Results/pls_ridge_final/pls/Fv_Fm_grp70_30__final_predictions.csv,/home/robinr/Desktop/VSCode/CIRAD_PhD_Robin/Results/pls_ridge_final/pls/preds/Fv_Fm_grp70_30/predictions.parquet,preds/<dataset>/predictions.parquet
LMA_spxyG70_30_byCultivar_ASD,regression,PLS,input_2_PLS,/home/robinr/Desktop/VSCode/CIRAD_PhD_Robin/Results/pls_ridge_final/pls,ok,,SNV + AreaNormalization,0.2862681304392376,0.31600835198813754,0.31237294710503355,0.24384952590925668,0.9096392679610813,0.2862681304392376,42.0,3.0,"{""final_repr"": ""AreaNormalization"", ""scatter"": ""SNV"", ""shape"": ""None""}","{""n_components"": 26}","[0.2852147610042019, 0.28530930830321805, 0.28828032201029286]","[0.30360634911728573, 0.28702667708015756, 0.28925989316257056, 0.29286584965155277, 0.3511382770033502, 0.3511382770033502, 0.5004651086186906, 0.2862681304392376, 0.2944605801993283, 0.28925989316257056, 0.2865464321032036, 0.2873360295250229, 0.2865464321032036, 0.28722431129085124, 0.30360634911728573, 0.28722431129085124, 0.28722431129085124, 0.30360634911728573, 0.28730623209277256, 0.29021185403840294, 0.29633582933131913, 0.2865464321032036, 0.2865464321032036, 0.2862681304392376, 0.2862681304392376, 0.2862681304392376, 0.2889401994943733, 0.29286584965155277, 0.2920561067840908, 0.29633582933131913]",/home/robinr/Desktop/VSCode/CIRAD_PhD_Robin/Results/pls_ridge_final/pls/LMA_spxyG70_30_byCultivar_ASD__search_results.parquet,/home/robinr/Desktop/VSCode/CIRAD_PhD_Robin/Results/pls_ridge_final/pls/LMA_spxyG70_30_byCultivar_ASD__best_config.json,/home/robinr/Desktop/VSCode/CIRAD_PhD_Robin/Results/pls_ridge_final/pls/LMA_spxyG70_30_byCultivar_ASD__final_predictions.csv,/home/robinr/Desktop/VSCode/CIRAD_PhD_Robin/Results/pls_ridge_final/pls/preds/LMA_spxyG70_30_byCultivar_ASD/predictions.parquet,preds/<dataset>/predictions.parquet
N_wOutlier,regression,PLS,input_2_PLS,/home/robinr/Desktop/VSCode/CIRAD_PhD_Robin/Results/pls_ridge_final/pls,ok,,ASLSBaseline + AreaNormalization,0.32410860354031595,0.2747314283022076,0.2766116350889459,0.19541685707191034,0.9645130283361706,0.32410860354031595,42.0,3.0,"{""final_repr"": ""AreaNormalization"", ""scatter"": ""None"", ""shape"": ""ASLSBaseline""}","{""n_components"": 15}","[0.2945540492056415, 0.31528527779816623, 0.36248648361714014]","[0.3303873951148462, 0.7099447174974868, 0.5098341512927402, 0.3796345853821295, 0.5568802078525676, 0.5568802078525676, 0.9889571317621758, 0.6370386237740054, 0.4097431932280688, 0.5098341512927402, 0.3303873951148462, 0.3303873951148462, 0.34058020084062557, 0.34058020084062557, 0.3279897643237673, 0.32410860354031595, 0.34312974389433964, 0.32410860354031595, 0.4480769447141874, 0.4302713317586934, 0.6326147538270562, 0.32410860354031595, 0.32410860354031595, 0.3545292773157132, 0.4480769447141874, 0.43255327051989645, 0.3279897643237673, 0.34312974389433964, 0.4742906226246224, 0.3279897643237673]",/home/robinr/Desktop/VSCode/CIRAD_PhD_Robin/Results/pls_ridge_final/pls/N_wOutlier__search_results.parquet,/home/robinr/Desktop/VSCode/CIRAD_PhD_Robin/Results/pls_ridge_final/pls/N_wOutlier__best_config.json,/home/robinr/Desktop/VSCode/CIRAD_PhD_Robin/Results/pls_ridge_final/pls/N_wOutlier__final_predictions.csv,/home/robinr/Desktop/VSCode/CIRAD_PhD_Robin/Results/pls_ridge_final/pls/preds/N_wOutlier/predictions.parquet,preds/<dataset>/predictions.parquet
N_woOutlier,regression,PLS,input_2_PLS,/home/robinr/Desktop/VSCode/CIRAD_PhD_Robin/Results/pls_ridge_final/pls,ok,,ASLSBaseline + AreaNormalization,0.2403633967779453,0.2437259791098049,0.2322730830169614,0.1681388726573663,0.9749777809905515,0.2403633967779453,42.0,3.0,"{""final_repr"": ""AreaNormalization"", ""scatter"": ""None"", ""shape"": ""ASLSBaseline""}","{""n_components"": 25}","[0.23741442208195732, 0.2409866513642165, 0.24268911688766212]","[0.2716293911558724, 0.24115450598034993, 0.24316135902243116, 0.24674558884077102, 0.5047400397241225, 0.5047400397241225, 0.969420495155707, 0.24094649081521827, 0.24557304558965187, 0.24316135902243116, 0.24195387582128666, 0.24115450598034993, 0.2403633967779453, 0.2403633967779453, 0.2716293911558724, 0.24150521596133148, 0.25810180137165684, 0.24094649081521827, 0.24674558884077102, 0.24312633579525753, 0.24094649081521827, 0.2403633967779453, 0.24150521596133148, 0.24221808650088764, 0.2563882378996927, 0.24150521596133148, 0.24312633579525753, 0.24557304558965187, 0.24212183735792467, 0.27873980537241344]",/home/robinr/Desktop/VSCode/CIRAD_PhD_Robin/Results/pls_ridge_final/pls/N_woOutlier__search_results.parquet,/home/robinr/Desktop/VSCode/CIRAD_PhD_Robin/Results/pls_ridge_final/pls/N_woOutlier__best_config.json,/home/robinr/Desktop/VSCode/CIRAD_PhD_Robin/Results/pls_ridge_final/pls/N_woOutlier__final_predictions.csv,/home/robinr/Desktop/VSCode/CIRAD_PhD_Robin/Results/pls_ridge_final/pls/preds/N_woOutlier/predictions.parquet,preds/<dataset>/predictions.parquet
Rd25_CBtestSite,regression,PLS,input_2_PLS,/home/robinr/Desktop/VSCode/CIRAD_PhD_Robin/Results/pls_ridge_final/pls,ok,,SG_15_2_1,0.17806214023511083,0.25239751366311475,0.2485778076832695,0.20174971346513235,0.22684171775870388,0.17806214023511083,42.0,3.0,"{""final_repr"": ""None"", ""scatter"": ""None"", ""shape"": ""SG_15_2_1""}","{""n_components"": 16}","[0.18116605606193897, 0.16898558395657182, 0.18403478068682172]","[0.17954271029678118, 0.2313685483554082, 0.19662904746795318, 0.18265866593953503, 0.21850458646212526, 0.21850458646212526, 0.2321704360964865, 0.21512273031946236, 0.1879920424934721, 0.19662904746795318, 0.17954271029678118, 0.17954271029678118, 0.18442445706742863, 0.18442445706742863, 0.17843046773383042, 0.17895911138317455, 0.17806214023511083, 0.19908827699963952, 0.17886030302792236, 0.2033672148477886, 0.17895911138317455, 0.18265866593953503, 0.17806214023511083, 0.19186072646302388, 0.17895911138317455, 0.19040436609903244, 0.19105065971346366, 0.17843046773383042, 0.2111752140807263, 0.1786958696423396]",/home/robinr/Desktop/VSCode/CIRAD_PhD_Robin/Results/pls_ridge_final/pls/Rd25_CBtestSite__search_results.parquet,/home/robinr/Desktop/VSCode/CIRAD_PhD_Robin/Results/pls_ridge_final/pls/Rd25_CBtestSite__best_config.json,/home/robinr/Desktop/VSCode/CIRAD_PhD_Robin/Results/pls_ridge_final/pls/Rd25_CBtestSite__final_predictions.csv,/home/robinr/Desktop/VSCode/CIRAD_PhD_Robin/Results/pls_ridge_final/pls/preds/Rd25_CBtestSite/predictions.parquet,preds/<dataset>/predictions.parquet
Rd25_GTtestSite,regression,PLS,input_2_PLS,/home/robinr/Desktop/VSCode/CIRAD_PhD_Robin/Results/pls_ridge_final/pls,ok,,AreaNormalization,0.19959996308396133,0.283246372673767,0.2611671026431517,0.21243073755997177,-0.21294078862135835,0.19959996308396133,42.0,3.0,"{""final_repr"": ""AreaNormalization"", ""scatter"": ""None"", ""shape"": ""None""}","{""n_components"": 12}","[0.20202548404674575, 0.21106150247482774, 0.18571290273031055]","[0.19959996308396133, 0.2461527646382022, 0.2222090767478949, 0.21223452807129614, 0.23135019922999941, 0.23135019922999941, 0.2567574379960782, 0.23419737130979182, 0.2151816564583633, 0.2222090767478949, 0.19959996308396133, 0.19959996308396133, 0.20734331016521054, 0.20734331016521054, 0.20348029594704573, 0.206325778819313, 0.21819046262187647, 0.20650917151183543, 0.22397330710753047, 0.2654327521707176, 0.2069281482753682, 0.20245441553703472, 0.21071658408027358, 0.20245441553703472, 0.21223452807129614, 0.21819046262187647, 0.19959996308396133, 0.20650917151183543, 0.21983153978966738, 0.23871761718022544]",/home/robinr/Desktop/VSCode/CIRAD_PhD_Robin/Results/pls_ridge_final/pls/Rd25_GTtestSite__search_results.parquet,/home/robinr/Desktop/VSCode/CIRAD_PhD_Robin/Results/pls_ridge_final/pls/Rd25_GTtestSite__best_config.json,/home/robinr/Desktop/VSCode/CIRAD_PhD_Robin/Results/pls_ridge_final/pls/Rd25_GTtestSite__final_predictions.csv,/home/robinr/Desktop/VSCode/CIRAD_PhD_Robin/Results/pls_ridge_final/pls/preds/Rd25_GTtestSite/predictions.parquet,preds/<dataset>/predictions.parquet
Rd25_XSBNtestSite,regression,PLS,input_2_PLS,/home/robinr/Desktop/VSCode/CIRAD_PhD_Robin/Results/pls_ridge_final/pls,ok,,None,0.19408560234144398,0.3128492561112018,0.315774422720676,0.26036779551997313,-0.1920615540477466,0.19408560234144398,42.0,3.0,"{""final_repr"": ""None"", ""scatter"": ""None"", ""shape"": ""None""}","{""n_components"": 12}","[0.20730409658193352, 0.19189460450788765, 0.1830581059345108]","[0.19408560234144398, 0.22780621441158813, 0.2116398884354821, 0.20150173995331458, 0.2362381850479869, 0.2362381850479869, 0.25084512725715563, 0.22816556581976719, 0.20052196370574327, 0.2116398884354821, 0.19408560234144398, 0.19408560234144398, 0.19747299845205915, 0.19747299845205915, 0.19736485098434384, 0.20563768000321206, 0.22237329896969604, 0.1985315384080049, 0.22361328657336152, 0.2570960833388991, 0.19841904928376386, 0.1972329340769187, 0.21677115925627133, 0.1972329340769187, 0.20150173995331458, 0.22237329896969604, 0.19408560234144398, 0.1985315384080049, 0.19858335470559188, 0.22824294527503586]",/home/robinr/Desktop/VSCode/CIRAD_PhD_Robin/Results/pls_ridge_final/pls/Rd25_XSBNtestSite__search_results.parquet,/home/robinr/Desktop/VSCode/CIRAD_PhD_Robin/Results/pls_ridge_final/pls/Rd25_XSBNtestSite__best_config.json,/home/robinr/Desktop/VSCode/CIRAD_PhD_Robin/Results/pls_ridge_final/pls/Rd25_XSBNtestSite__final_predictions.csv,/home/robinr/Desktop/VSCode/CIRAD_PhD_Robin/Results/pls_ridge_final/pls/preds/Rd25_XSBNtestSite/predictions.parquet,preds/<dataset>/predictions.parquet
Rd25_spxy70,regression,PLS,input_2_PLS,/home/robinr/Desktop/VSCode/CIRAD_PhD_Robin/Results/pls_ridge_final/pls,ok,,None,0.1973811049048628,0.18346611799092913,0.17941249862254985,0.140389017260358,0.5230827858267759,0.1973811049048628,42.0,3.0,"{""final_repr"": ""None"", ""scatter"": ""None"", ""shape"": ""None""}","{""n_components"": 16}","[0.20151490772783845, 0.1931565110840149, 0.19747189590273498]","[0.20862662570207582, 0.23396724020457957, 0.2130205312267561, 0.19879111834396326, 0.25772061574427163, 0.25772061574427163, 0.2786885107536384, 0.22199466873612383, 0.2017807414776239, 0.2130205312267561, 0.206134016512147, 0.19879111834396326, 0.1973811049048628, 0.20914486762018555, 0.1973811049048628, 0.2154544827670114, 0.2314141397126316, 0.19912655333123186, 0.21641626435856096, 0.19912655333123186, 0.2017807414776239, 0.19757225803877956, 0.1973811049048628, 0.20323439564361237, 0.22685006788591655, 0.20593310777077148, 0.22243319649270157, 0.1973811049048628, 0.206134016512147, 0.20862662570207582]",/home/robinr/Desktop/VSCode/CIRAD_PhD_Robin/Results/pls_ridge_final/pls/Rd25_spxy70__search_results.parquet,/home/robinr/Desktop/VSCode/CIRAD_PhD_Robin/Results/pls_ridge_final/pls/Rd25_spxy70__best_config.json,/home/robinr/Desktop/VSCode/CIRAD_PhD_Robin/Results/pls_ridge_final/pls/Rd25_spxy70__final_predictions.csv,/home/robinr/Desktop/VSCode/CIRAD_PhD_Robin/Results/pls_ridge_final/pls/preds/Rd25_spxy70/predictions.parquet,preds/<dataset>/predictions.parquet
Rice_Amylose_313_YbasedSplit,regression,PLS,input_2_PLS,/home/robinr/Desktop/VSCode/CIRAD_PhD_Robin/Results/pls_ridge_final/pls,ok,,SG_21_2_1,2.4095980898806615,2.151670444526095,1.9053137710488337,1.53621387730993,0.8673677516250419,2.4095980898806615,42.0,3.0,"{""final_repr"": ""None"", ""scatter"": ""None"", ""shape"": ""SG_21_2_1""}","{""n_components"": 15}","[2.237276691942637, 2.6588306690879713, 2.332686908611376]","[2.5855710582153857, 2.918747063792173, 2.6815553326805794, 2.5574844945678907, 4.612515793282429, 4.612515793282429, 5.170415536329163, 2.8246671898403957, 2.6707585599860284, 2.6815553326805794, 2.467149328001461, 2.467149328001461, 2.5855710582153857, 2.709086664652164, 3.1194754138752656, 2.4095980898806615, 2.421972347342218, 2.421972347342218, 2.6815553326805794, 2.4422169604957045, 3.1194754138752656, 2.4095980898806615, 2.4095980898806615, 2.7219469901417317, 2.4095980898806615, 3.1194754138752656, 2.421304211374473, 2.7559814729128305, 2.7219469901417317, 2.709086664652164]",/home/robinr/Desktop/VSCode/CIRAD_PhD_Robin/Results/pls_ridge_final/pls/Rice_Amylose_313_YbasedSplit__search_results.parquet,/home/robinr/Desktop/VSCode/CIRAD_PhD_Robin/Results/pls_ridge_final/pls/Rice_Amylose_313_YbasedSplit__best_config.json,/home/robinr/Desktop/VSCode/CIRAD_PhD_Robin/Results/pls_ridge_final/pls/Rice_Amylose_313_YbasedSplit__final_predictions.csv,/home/robinr/Desktop/VSCode/CIRAD_PhD_Robin/Results/pls_ridge_final/pls/preds/Rice_Amylose_313_YbasedSplit/predictions.parquet,preds/<dataset>/predictions.parquet
TIC_spxy70,regression,PLS,input_2_PLS,/home/robinr/Desktop/VSCode/CIRAD_PhD_Robin/Results/pls_ridge_final/pls,ok,,Gaussian_1_2 + SNV,6.170802248107436,3.6365797583360173,3.1378809199952715,2.7066412101558166,0.786726050037274,6.170802248107436,42.0,3.0,"{""final_repr"": ""None"", ""scatter"": ""SNV"", ""shape"": ""Gaussian_1_2""}","{""n_components"": 10}","[5.584246720581066, 5.992707989543416, 6.935452034197826]","[6.27356026518494, 13.257207189877747, 12.78459708173807, 11.925233606430497, 9.519926666048532, 9.519926666048532, 8.70434277071073, 13.264143434111197, 11.925233606430497, 12.78459708173807, 6.27356026518494, 6.27356026518494, 6.170802248107436, 6.170802248107436, 8.01956263484087, 7.361916078182744, 9.16909579493847, 8.29022198333323, 9.16909579493847, 8.01956263484087, 6.170802248107436, 6.170802248107436, 9.16909579493847, 6.4987164591875235, 9.431009240360913, 7.093880958121566, 11.925233606430497, 9.067717616392759, 7.8215033621343695, 6.4987164591875235]",/home/robinr/Desktop/VSCode/CIRAD_PhD_Robin/Results/pls_ridge_final/pls/TIC_spxy70__search_results.parquet,/home/robinr/Desktop/VSCode/CIRAD_PhD_Robin/Results/pls_ridge_final/pls/TIC_spxy70__best_config.json,/home/robinr/Desktop/VSCode/CIRAD_PhD_Robin/Results/pls_ridge_final/pls/TIC_spxy70__final_predictions.csv,/home/robinr/Desktop/VSCode/CIRAD_PhD_Robin/Results/pls_ridge_final/pls/preds/TIC_spxy70/predictions.parquet,preds/<dataset>/predictions.parquet
WUEinst_spxyG70_30_byCultivar_MicroNIR_NeoSpectra,regression,PLS,input_2_PLS,/home/robinr/Desktop/VSCode/CIRAD_PhD_Robin/Results/pls_ridge_final/pls,ok,,SG_21_3_2 + AreaNormalization,1.6255729722044547,1.8544812985317618,1.8683774591566435,1.5324631615681716,-0.2189926466030756,1.6255729722044547,42.0,3.0,"{""final_repr"": ""AreaNormalization"", ""scatter"": ""None"", ""shape"": ""SG_21_3_2""}","{""n_components"": 7}","[1.3316728729682676, 2.0092077837260467, 1.5358382599190497]","[2.1928968841889023, 3.0526501885537294, 2.888626294120858, 2.6468293539035272, 1.8996629216245455, 1.8996629216245455, 1.9246472956176035, 2.94532258171775, 2.6925533685884226, 2.888626294120858, 1.9579577624107654, 1.8692254484614466, 1.8692254484614466, 1.8692254484614466, 1.9579577624107654, 1.7376124203865306, 1.6255729722044547, 2.2975889942597165, 1.7376124203865306, 1.7517423502260925, 2.372199506450451, 1.7376124203865306, 1.6255729722044547, 1.8399574395005664, 2.5165199692726508, 1.7517423502260925, 1.9220479617754684, 2.1928968841889023, 1.8045483256614354, 1.6255729722044547]",/home/robinr/Desktop/VSCode/CIRAD_PhD_Robin/Results/pls_ridge_final/pls/WUEinst_spxyG70_30_byCultivar_MicroNIR_NeoSpectra__search_results.parquet,/home/robinr/Desktop/VSCode/CIRAD_PhD_Robin/Results/pls_ridge_final/pls/WUEinst_spxyG70_30_byCultivar_MicroNIR_NeoSpectra__best_config.json,/home/robinr/Desktop/VSCode/CIRAD_PhD_Robin/Results/pls_ridge_final/pls/WUEinst_spxyG70_30_byCultivar_MicroNIR_NeoSpectra__final_predictions.csv,/home/robinr/Desktop/VSCode/CIRAD_PhD_Robin/Results/pls_ridge_final/pls/preds/WUEinst_spxyG70_30_byCultivar_MicroNIR_NeoSpectra/predictions.parquet,preds/<dataset>/predictions.parquet
brix_groupSampleID_stratDateVar_balRows,regression,PLS,input_2_PLS,/home/robinr/Desktop/VSCode/CIRAD_PhD_Robin/Results/pls_ridge_final/pls,ok,,SG_15_3_2 + SNV + AreaNormalization,3.802564700750899,3.7251646306978654,3.63450236692312,2.8377156106499863,0.5577739136208639,3.802564700750899,42.0,3.0,"{""final_repr"": ""AreaNormalization"", ""scatter"": ""SNV"", ""shape"": ""SG_15_3_2""}","{""n_components"": 15}","[3.617735287924969, 3.774847232264882, 4.015111582062845]","[3.808338655222044, 3.978326556484878, 3.8840202954340364, 3.81618031571395, 4.390998046506703, 4.390998046506703, 4.8841213690861345, 3.924711191166883, 3.82795676258151, 3.8840202954340364, 3.808338655222044, 3.808338655222044, 3.810339708161163, 3.810339708161163, 3.8027785209375256, 3.802564700750899, 3.8130148823149015, 3.802564700750899, 3.9506875481701, 3.8424717625460865, 3.9073991649589623, 3.802564700750899, 3.802564700750899, 3.8155089455007976, 3.9506875481701, 3.9002940559844164, 3.8027785209375256, 3.8130148823149015, 3.8398515089915217, 3.8027785209375256]",/home/robinr/Desktop/VSCode/CIRAD_PhD_Robin/Results/pls_ridge_final/pls/brix_groupSampleID_stratDateVar_balRows__search_results.parquet,/home/robinr/Desktop/VSCode/CIRAD_PhD_Robin/Results/pls_ridge_final/pls/brix_groupSampleID_stratDateVar_balRows__best_config.json,/home/robinr/Desktop/VSCode/CIRAD_PhD_Robin/Results/pls_ridge_final/pls/brix_groupSampleID_stratDateVar_balRows__final_predictions.csv,/home/robinr/Desktop/VSCode/CIRAD_PhD_Robin/Results/pls_ridge_final/pls/preds/brix_groupSampleID_stratDateVar_balRows/predictions.parquet,preds/<dataset>/predictions.parquet
grapevine_chloride_556_KS,regression,PLS,input_2_PLS,/home/robinr/Desktop/VSCode/CIRAD_PhD_Robin/Results/pls_ridge_final/pls,ok,,SG_15_2_1 + SNV,1025.009795990757,933.7367495115642,915.7351381973459,735.582156644424,0.6247356187549344,1025.009795990757,42.0,3.0,"{""final_repr"": ""None"", ""scatter"": ""SNV"", ""shape"": ""SG_15_2_1""}","{""n_components"": 13}","[979.7251928740219, 1017.6517836298649, 1077.6524114683841]","[1025.1810925176753, 1293.3346558807357, 1187.922813112709, 1110.1967334213189, 1156.6114159206093, 1156.6114159206093, 1360.852152846827, 1254.7732360741218, 1132.4089787246294, 1187.922813112709, 1025.1810925176753, 1025.1810925176753, 1032.1481373450642, 1032.1481373450642, 1046.5997012828068, 1031.803813590134, 1044.87285155951, 1075.5697623279668, 1121.6736519207925, 1461.7824574943104, 1053.699256799105, 1025.009795990757, 1025.009795990757, 1044.87285155951, 1110.1967334213189, 1046.5997012828068, 1168.7819202177259, 1044.87285155951, 1075.5697623279668, 1261.2921968517637]",/home/robinr/Desktop/VSCode/CIRAD_PhD_Robin/Results/pls_ridge_final/pls/grapevine_chloride_556_KS__search_results.parquet,/home/robinr/Desktop/VSCode/CIRAD_PhD_Robin/Results/pls_ridge_final/pls/grapevine_chloride_556_KS__best_config.json,/home/robinr/Desktop/VSCode/CIRAD_PhD_Robin/Results/pls_ridge_final/pls/grapevine_chloride_556_KS__final_predictions.csv,/home/robinr/Desktop/VSCode/CIRAD_PhD_Robin/Results/pls_ridge_final/pls/preds/grapevine_chloride_556_KS/predictions.parquet,preds/<dataset>/predictions.parquet
ph_groupSampleID_stratDateVar_balRows,regression,PLS,input_2_PLS,/home/robinr/Desktop/VSCode/CIRAD_PhD_Robin/Results/pls_ridge_final/pls,ok,,None,0.30367106538889993,0.3602703561672087,0.3496181308646423,0.25819417834104674,0.4249211435056258,0.30367106538889993,42.0,3.0,"{""final_repr"": ""None"", ""scatter"": ""None"", ""shape"": ""None""}","{""n_components"": 20}","[0.3083825423184948, 0.2944932170453544, 0.3081374368028506]","[0.31903669947568797, 0.30794744475296804, 0.3098127744785362, 0.30515840337952593, 0.38336823403598896, 0.38336823403598896, 0.4360569138479697, 0.30962873094898286, 0.30389448069578456, 0.3098127744785362, 0.31076044338666886, 0.30515840337952593, 0.30515840337952593, 0.324297520497771, 0.3098127744785362, 0.30549701624432996, 0.34212744288033076, 0.30681596743915657, 0.30802013921839067, 0.30367106538889993, 0.3110036536989415, 0.30389448069578456, 0.30550751132036896, 0.30962873094898286, 0.30367106538889993, 0.30827098137059866, 0.30367106538889993, 0.30802013921839067, 0.30550751132036896, 0.31903669947568797]",/home/robinr/Desktop/VSCode/CIRAD_PhD_Robin/Results/pls_ridge_final/pls/ph_groupSampleID_stratDateVar_balRows__search_results.parquet,/home/robinr/Desktop/VSCode/CIRAD_PhD_Robin/Results/pls_ridge_final/pls/ph_groupSampleID_stratDateVar_balRows__best_config.json,/home/robinr/Desktop/VSCode/CIRAD_PhD_Robin/Results/pls_ridge_final/pls/ph_groupSampleID_stratDateVar_balRows__final_predictions.csv,/home/robinr/Desktop/VSCode/CIRAD_PhD_Robin/Results/pls_ridge_final/pls/preds/ph_groupSampleID_stratDateVar_balRows/predictions.parquet,preds/<dataset>/predictions.parquet
ta_groupSampleID_stratDateVar_balRows,regression,PLS,input_2_PLS,/home/robinr/Desktop/VSCode/CIRAD_PhD_Robin/Results/pls_ridge_final/pls,ok,,SG_15_3_2 + SNV + Haar,1.7877729341430701,1.891333918288573,1.8842455461398468,1.493315359784016,0.40753533900999395,1.7877729341430701,42.0,3.0,"{""final_repr"": ""Haar"", ""scatter"": ""SNV"", ""shape"": ""SG_15_3_2""}","{""n_components"": 5}","[1.8055680416669042, 1.7673087892390815, 1.7904419715232245]","[1.8790833534749483, 2.17937476343351, 2.0225941705686257, 1.952363521600769, 1.7877729341430701, 1.7877729341430701, 2.003613592335769, 2.1211476731142835, 1.9678861548462647, 2.0225941705686257, 1.8403521828039526, 2.2995231804068057, 1.7984945561213337, 1.7877729341430701, 1.8914675964751169, 1.7984945561213337, 1.8015651812485902, 1.8194325651556118, 1.908974272255343, 1.8015651812485902, 1.8194325651556118, 1.7877729341430701, 2.2995231804068057, 1.7895045285831868, 1.8582263941238628, 1.8565243764695112, 1.8156991369571605, 1.8914675964751169, 1.7877729341430701, 1.8790833534749483]",/home/robinr/Desktop/VSCode/CIRAD_PhD_Robin/Results/pls_ridge_final/pls/ta_groupSampleID_stratDateVar_balRows__search_results.parquet,/home/robinr/Desktop/VSCode/CIRAD_PhD_Robin/Results/pls_ridge_final/pls/ta_groupSampleID_stratDateVar_balRows__best_config.json,/home/robinr/Desktop/VSCode/CIRAD_PhD_Robin/Results/pls_ridge_final/pls/ta_groupSampleID_stratDateVar_balRows__final_predictions.csv,/home/robinr/Desktop/VSCode/CIRAD_PhD_Robin/Results/pls_ridge_final/pls/preds/ta_groupSampleID_stratDateVar_balRows/predictions.parquet,preds/<dataset>/predictions.parquet
