dataset;split;fold;config;model;best_params;y_true;y_pred
Biscuit_Fat_40_RandomSplit;valid;0;None;pls;"{""n_components"": 8}";15.35;16.08339806272383
Biscuit_Fat_40_RandomSplit;valid;0;None;pls;"{""n_components"": 8}";17.88;18.67590325752003
Biscuit_Fat_40_RandomSplit;valid;0;None;pls;"{""n_components"": 8}";16.19;17.96763610102717
Biscuit_Fat_40_RandomSplit;valid;0;None;pls;"{""n_components"": 8}";15.85;16.757796535761816
Biscuit_Fat_40_RandomSplit;valid;0;None;pls;"{""n_components"": 8}";18.05;17.84995679760252
Biscuit_Fat_40_RandomSplit;valid;0;None;pls;"{""n_components"": 8}";18.89;18.69452094036573
Biscuit_Fat_40_RandomSplit;valid;0;None;pls;"{""n_components"": 8}";21.42;21.20634766398879
Biscuit_Fat_40_RandomSplit;valid;0;None;pls;"{""n_components"": 8}";20.24;19.825868673890245
Biscuit_Fat_40_RandomSplit;valid;0;None;pls;"{""n_components"": 8}";19.56;20.013312538595862
Biscuit_Fat_40_RandomSplit;valid;0;None;pls;"{""n_components"": 8}";17.37;17.053981460438255
Biscuit_Fat_40_RandomSplit;valid;0;None;pls;"{""n_components"": 8}";20.91;20.8730093578139
Biscuit_Fat_40_RandomSplit;valid;0;None;pls;"{""n_components"": 8}";17.71;17.934483044738776
Biscuit_Fat_40_RandomSplit;valid;0;None;pls;"{""n_components"": 8}";19.06;19.06438639515228
Biscuit_Fat_40_RandomSplit;valid;0;None;pls;"{""n_components"": 8}";16.36;16.170239937224906
Biscuit_Fat_40_RandomSplit;test;0;None;pls;"{""n_components"": 8}";21.42;21.311794014530076
Biscuit_Fat_40_RandomSplit;test;0;None;pls;"{""n_components"": 8}";18.38;18.32219736091255
Biscuit_Fat_40_RandomSplit;test;0;None;pls;"{""n_components"": 8}";19.23;19.107063219162054
Biscuit_Fat_40_RandomSplit;test;0;None;pls;"{""n_components"": 8}";17.12;17.486519432285306
Biscuit_Fat_40_RandomSplit;test;0;None;pls;"{""n_components"": 8}";15.85;16.077321097593742
Biscuit_Fat_40_RandomSplit;test;0;None;pls;"{""n_components"": 8}";16.36;16.680767946612153
Biscuit_Fat_40_RandomSplit;test;0;None;pls;"{""n_components"": 8}";19.65;19.466112247433216
Biscuit_Fat_40_RandomSplit;test;0;None;pls;"{""n_components"": 8}";16.87;16.492220069429266
Biscuit_Fat_40_RandomSplit;test;0;None;pls;"{""n_components"": 8}";16.11;16.84111201426757
Biscuit_Fat_40_RandomSplit;test;0;None;pls;"{""n_components"": 8}";18.89;19.32629985989923
Biscuit_Fat_40_RandomSplit;test;0;None;pls;"{""n_components"": 8}";14.84;14.45284736514623
Biscuit_Fat_40_RandomSplit;test;0;None;pls;"{""n_components"": 8}";20.66;20.805412102107574
Biscuit_Fat_40_RandomSplit;test;0;None;pls;"{""n_components"": 8}";20.41;20.090891712534532
Biscuit_Fat_40_RandomSplit;test;0;None;pls;"{""n_components"": 8}";16.53;16.07919570822866
Biscuit_Fat_40_RandomSplit;test;0;None;pls;"{""n_components"": 8}";17.63;17.44598209251377
Biscuit_Fat_40_RandomSplit;test;0;None;pls;"{""n_components"": 8}";15.35;15.603959911094053
Biscuit_Fat_40_RandomSplit;test;0;None;pls;"{""n_components"": 8}";20.16;20.441814903542294
Biscuit_Fat_40_RandomSplit;test;0;None;pls;"{""n_components"": 8}";19.9;20.32676522560646
Biscuit_Fat_40_RandomSplit;test;0;None;pls;"{""n_components"": 8}";18.13;18.570833147129957
Biscuit_Fat_40_RandomSplit;test;0;None;pls;"{""n_components"": 8}";18.64;18.930682726755414
Biscuit_Fat_40_RandomSplit;test;0;None;pls;"{""n_components"": 8}";20.07;20.389630119449826
Biscuit_Fat_40_RandomSplit;test;0;None;pls;"{""n_components"": 8}";16.61;16.89398477239439
Biscuit_Fat_40_RandomSplit;test;0;None;pls;"{""n_components"": 8}";20.91;20.94848177294786
Biscuit_Fat_40_RandomSplit;test;0;None;pls;"{""n_components"": 8}";17.88;17.64701803070636
Biscuit_Fat_40_RandomSplit;test;0;None;pls;"{""n_components"": 8}";17.2;16.985033003620394
Biscuit_Fat_40_RandomSplit;test;0;None;pls;"{""n_components"": 8}";15.6;15.605510606997534
Biscuit_Fat_40_RandomSplit;test;0;None;pls;"{""n_components"": 8}";19.14;18.899296194794154
Biscuit_Fat_40_RandomSplit;test;0;None;pls;"{""n_components"": 8}";15.1;15.316262527557267
Biscuit_Fat_40_RandomSplit;test;0;None;pls;"{""n_components"": 8}";21.67;21.313489866702586
Biscuit_Fat_40_RandomSplit;test;0;None;pls;"{""n_components"": 8}";21.17;21.530152338349666
Biscuit_Fat_40_RandomSplit;test;0;None;pls;"{""n_components"": 8}";17.37;17.193941566157115
Biscuit_Fat_40_RandomSplit;test;0;None;pls;"{""n_components"": 8}";19.4;19.5141640290744
Biscuit_Fat_40_RandomSplit;valid;1;None;pls;"{""n_components"": 8}";18.37;18.25472355769563
Biscuit_Fat_40_RandomSplit;valid;1;None;pls;"{""n_components"": 8}";21.59;21.291110258525922
Biscuit_Fat_40_RandomSplit;valid;1;None;pls;"{""n_components"": 8}";21.25;21.149850386464152
Biscuit_Fat_40_RandomSplit;valid;1;None;pls;"{""n_components"": 8}";20.58;20.39384604756002
Biscuit_Fat_40_RandomSplit;valid;1;None;pls;"{""n_components"": 8}";19.4;19.491977234543008
Biscuit_Fat_40_RandomSplit;valid;1;None;pls;"{""n_components"": 8}";16.02;15.663969420699079
Biscuit_Fat_40_RandomSplit;valid;1;None;pls;"{""n_components"": 8}";19.73;19.734345873973243
Biscuit_Fat_40_RandomSplit;valid;1;None;pls;"{""n_components"": 8}";15.18;15.459229092608764
Biscuit_Fat_40_RandomSplit;valid;1;None;pls;"{""n_components"": 8}";19.9;19.850262352482222
Biscuit_Fat_40_RandomSplit;valid;1;None;pls;"{""n_components"": 8}";17.03;17.035970877555556
Biscuit_Fat_40_RandomSplit;valid;1;None;pls;"{""n_components"": 8}";17.54;18.119779030293873
Biscuit_Fat_40_RandomSplit;valid;1;None;pls;"{""n_components"": 8}";20.41;20.432264277142483
Biscuit_Fat_40_RandomSplit;valid;1;None;pls;"{""n_components"": 8}";18.38;18.24144778013587
Biscuit_Fat_40_RandomSplit;test;1;None;pls;"{""n_components"": 8}";21.42;21.054947985848113
Biscuit_Fat_40_RandomSplit;test;1;None;pls;"{""n_components"": 8}";18.38;18.234559965664765
Biscuit_Fat_40_RandomSplit;test;1;None;pls;"{""n_components"": 8}";19.23;19.085279110399746
Biscuit_Fat_40_RandomSplit;test;1;None;pls;"{""n_components"": 8}";17.12;17.51368470126587
Biscuit_Fat_40_RandomSplit;test;1;None;pls;"{""n_components"": 8}";15.85;15.93089728941344
Biscuit_Fat_40_RandomSplit;test;1;None;pls;"{""n_components"": 8}";16.36;16.58688215028514
Biscuit_Fat_40_RandomSplit;test;1;None;pls;"{""n_components"": 8}";19.65;19.896424202445232
Biscuit_Fat_40_RandomSplit;test;1;None;pls;"{""n_components"": 8}";16.87;17.28665113048538
Biscuit_Fat_40_RandomSplit;test;1;None;pls;"{""n_components"": 8}";16.11;17.921995728062477
Biscuit_Fat_40_RandomSplit;test;1;None;pls;"{""n_components"": 8}";18.89;19.863424584261438
Biscuit_Fat_40_RandomSplit;test;1;None;pls;"{""n_components"": 8}";14.84;14.737575553114288
Biscuit_Fat_40_RandomSplit;test;1;None;pls;"{""n_components"": 8}";20.66;21.23912017670162
Biscuit_Fat_40_RandomSplit;test;1;None;pls;"{""n_components"": 8}";20.41;20.578245010776666
Biscuit_Fat_40_RandomSplit;test;1;None;pls;"{""n_components"": 8}";16.53;16.722058400251093
Biscuit_Fat_40_RandomSplit;test;1;None;pls;"{""n_components"": 8}";17.63;18.003902920287032
Biscuit_Fat_40_RandomSplit;test;1;None;pls;"{""n_components"": 8}";15.35;15.986970619016468
Biscuit_Fat_40_RandomSplit;test;1;None;pls;"{""n_components"": 8}";20.16;20.840375881411436
Biscuit_Fat_40_RandomSplit;test;1;None;pls;"{""n_components"": 8}";19.9;20.395327221916165
Biscuit_Fat_40_RandomSplit;test;1;None;pls;"{""n_components"": 8}";18.13;18.62856314209624
Biscuit_Fat_40_RandomSplit;test;1;None;pls;"{""n_components"": 8}";18.64;18.97239863558224
Biscuit_Fat_40_RandomSplit;test;1;None;pls;"{""n_components"": 8}";20.07;20.432189080697743
Biscuit_Fat_40_RandomSplit;test;1;None;pls;"{""n_components"": 8}";16.61;17.29817434136223
Biscuit_Fat_40_RandomSplit;test;1;None;pls;"{""n_components"": 8}";20.91;21.4246047350537
Biscuit_Fat_40_RandomSplit;test;1;None;pls;"{""n_components"": 8}";17.88;18.57551133985868
Biscuit_Fat_40_RandomSplit;test;1;None;pls;"{""n_components"": 8}";17.2;17.345250574500437
Biscuit_Fat_40_RandomSplit;test;1;None;pls;"{""n_components"": 8}";15.6;16.13084031690338
Biscuit_Fat_40_RandomSplit;test;1;None;pls;"{""n_components"": 8}";19.14;19.35569756648532
Biscuit_Fat_40_RandomSplit;test;1;None;pls;"{""n_components"": 8}";15.1;15.462012052395401
Biscuit_Fat_40_RandomSplit;test;1;None;pls;"{""n_components"": 8}";21.67;21.672541787789115
Biscuit_Fat_40_RandomSplit;test;1;None;pls;"{""n_components"": 8}";21.17;21.4674495704453
Biscuit_Fat_40_RandomSplit;test;1;None;pls;"{""n_components"": 8}";17.37;17.691363447170733
Biscuit_Fat_40_RandomSplit;test;1;None;pls;"{""n_components"": 8}";19.4;19.490779207829984
Biscuit_Fat_40_RandomSplit;valid;2;None;pls;"{""n_components"": 8}";21.08;20.234613714388285
Biscuit_Fat_40_RandomSplit;valid;2;None;pls;"{""n_components"": 8}";18.55;18.357680960338076
Biscuit_Fat_40_RandomSplit;valid;2;None;pls;"{""n_components"": 8}";16.53;15.746763740693423
Biscuit_Fat_40_RandomSplit;valid;2;None;pls;"{""n_components"": 8}";15.69;15.228425214248949
Biscuit_Fat_40_RandomSplit;valid;2;None;pls;"{""n_components"": 8}";18.77;17.545212720374657
Biscuit_Fat_40_RandomSplit;valid;2;None;pls;"{""n_components"": 8}";15.01;14.723217385860682
Biscuit_Fat_40_RandomSplit;valid;2;None;pls;"{""n_components"": 8}";18.72;19.468169720228694
Biscuit_Fat_40_RandomSplit;valid;2;None;pls;"{""n_components"": 8}";20.75;20.691270182452065
Biscuit_Fat_40_RandomSplit;valid;2;None;pls;"{""n_components"": 8}";20.07;19.81228406852876
Biscuit_Fat_40_RandomSplit;valid;2;None;pls;"{""n_components"": 8}";15.52;16.02731781310291
Biscuit_Fat_40_RandomSplit;valid;2;None;pls;"{""n_components"": 8}";16.7;16.82414370881324
Biscuit_Fat_40_RandomSplit;valid;2;None;pls;"{""n_components"": 8}";19.23;19.202975424809477
Biscuit_Fat_40_RandomSplit;valid;2;None;pls;"{""n_components"": 8}";17.2;17.170924456968372
Biscuit_Fat_40_RandomSplit;test;2;None;pls;"{""n_components"": 8}";21.42;21.122645956983597
Biscuit_Fat_40_RandomSplit;test;2;None;pls;"{""n_components"": 8}";18.38;18.451630011263315
Biscuit_Fat_40_RandomSplit;test;2;None;pls;"{""n_components"": 8}";19.23;19.364625080247485
Biscuit_Fat_40_RandomSplit;test;2;None;pls;"{""n_components"": 8}";17.12;17.62034894997887
Biscuit_Fat_40_RandomSplit;test;2;None;pls;"{""n_components"": 8}";15.85;16.156888356110027
Biscuit_Fat_40_RandomSplit;test;2;None;pls;"{""n_components"": 8}";16.36;16.742302533852406
Biscuit_Fat_40_RandomSplit;test;2;None;pls;"{""n_components"": 8}";19.65;19.912441887969614
Biscuit_Fat_40_RandomSplit;test;2;None;pls;"{""n_components"": 8}";16.87;17.473662554289906
Biscuit_Fat_40_RandomSplit;test;2;None;pls;"{""n_components"": 8}";16.11;16.97760440837667
Biscuit_Fat_40_RandomSplit;test;2;None;pls;"{""n_components"": 8}";18.89;19.588251540652205
Biscuit_Fat_40_RandomSplit;test;2;None;pls;"{""n_components"": 8}";14.84;15.212592106688131
Biscuit_Fat_40_RandomSplit;test;2;None;pls;"{""n_components"": 8}";20.66;21.144186633435773
Biscuit_Fat_40_RandomSplit;test;2;None;pls;"{""n_components"": 8}";20.41;20.22586951996386
Biscuit_Fat_40_RandomSplit;test;2;None;pls;"{""n_components"": 8}";16.53;16.68145436424475
Biscuit_Fat_40_RandomSplit;test;2;None;pls;"{""n_components"": 8}";17.63;18.124294628459175
Biscuit_Fat_40_RandomSplit;test;2;None;pls;"{""n_components"": 8}";15.35;15.702163513569097
Biscuit_Fat_40_RandomSplit;test;2;None;pls;"{""n_components"": 8}";20.16;20.53042413365044
Biscuit_Fat_40_RandomSplit;test;2;None;pls;"{""n_components"": 8}";19.9;20.536666997936923
Biscuit_Fat_40_RandomSplit;test;2;None;pls;"{""n_components"": 8}";18.13;18.948753819439354
Biscuit_Fat_40_RandomSplit;test;2;None;pls;"{""n_components"": 8}";18.64;18.866999138892492
Biscuit_Fat_40_RandomSplit;test;2;None;pls;"{""n_components"": 8}";20.07;20.622135636896473
Biscuit_Fat_40_RandomSplit;test;2;None;pls;"{""n_components"": 8}";16.61;17.53470102661657
Biscuit_Fat_40_RandomSplit;test;2;None;pls;"{""n_components"": 8}";20.91;21.5053221624539
Biscuit_Fat_40_RandomSplit;test;2;None;pls;"{""n_components"": 8}";17.88;18.45384781251025
Biscuit_Fat_40_RandomSplit;test;2;None;pls;"{""n_components"": 8}";17.2;17.105578768622284
Biscuit_Fat_40_RandomSplit;test;2;None;pls;"{""n_components"": 8}";15.6;16.08555085105569
Biscuit_Fat_40_RandomSplit;test;2;None;pls;"{""n_components"": 8}";19.14;19.51448125368479
Biscuit_Fat_40_RandomSplit;test;2;None;pls;"{""n_components"": 8}";15.1;15.13992901169632
Biscuit_Fat_40_RandomSplit;test;2;None;pls;"{""n_components"": 8}";21.67;21.572975214050157
Biscuit_Fat_40_RandomSplit;test;2;None;pls;"{""n_components"": 8}";21.17;21.332843038660346
Biscuit_Fat_40_RandomSplit;test;2;None;pls;"{""n_components"": 8}";17.37;17.165843555603864
Biscuit_Fat_40_RandomSplit;test;2;None;pls;"{""n_components"": 8}";19.4;20.320757397721543
Biscuit_Fat_40_RandomSplit;valid;0;Haar;pls;"{""n_components"": 7}";15.35;16.193978411038977
Biscuit_Fat_40_RandomSplit;valid;0;Haar;pls;"{""n_components"": 7}";17.88;18.809683593772448
Biscuit_Fat_40_RandomSplit;valid;0;Haar;pls;"{""n_components"": 7}";16.19;18.192384946331753
Biscuit_Fat_40_RandomSplit;valid;0;Haar;pls;"{""n_components"": 7}";15.85;16.367815920547777
Biscuit_Fat_40_RandomSplit;valid;0;Haar;pls;"{""n_components"": 7}";18.05;17.64523455572286
Biscuit_Fat_40_RandomSplit;valid;0;Haar;pls;"{""n_components"": 7}";18.89;18.402187867059986
Biscuit_Fat_40_RandomSplit;valid;0;Haar;pls;"{""n_components"": 7}";21.42;21.112738055946764
Biscuit_Fat_40_RandomSplit;valid;0;Haar;pls;"{""n_components"": 7}";20.24;19.8205557512523
Biscuit_Fat_40_RandomSplit;valid;0;Haar;pls;"{""n_components"": 7}";19.56;20.377161756764195
Biscuit_Fat_40_RandomSplit;valid;0;Haar;pls;"{""n_components"": 7}";17.37;17.068720077920858
Biscuit_Fat_40_RandomSplit;valid;0;Haar;pls;"{""n_components"": 7}";20.91;20.598878338354687
Biscuit_Fat_40_RandomSplit;valid;0;Haar;pls;"{""n_components"": 7}";17.71;18.070201864388586
Biscuit_Fat_40_RandomSplit;valid;0;Haar;pls;"{""n_components"": 7}";19.06;19.192242729888058
Biscuit_Fat_40_RandomSplit;valid;0;Haar;pls;"{""n_components"": 7}";16.36;16.54722097582042
Biscuit_Fat_40_RandomSplit;test;0;Haar;pls;"{""n_components"": 7}";21.42;21.17983529515589
Biscuit_Fat_40_RandomSplit;test;0;Haar;pls;"{""n_components"": 7}";18.38;18.646708944843027
Biscuit_Fat_40_RandomSplit;test;0;Haar;pls;"{""n_components"": 7}";19.23;19.5970587739232
Biscuit_Fat_40_RandomSplit;test;0;Haar;pls;"{""n_components"": 7}";17.12;18.17637359009235
Biscuit_Fat_40_RandomSplit;test;0;Haar;pls;"{""n_components"": 7}";15.85;16.60270943867005
Biscuit_Fat_40_RandomSplit;test;0;Haar;pls;"{""n_components"": 7}";16.36;17.6326516048817
Biscuit_Fat_40_RandomSplit;test;0;Haar;pls;"{""n_components"": 7}";19.65;19.140522885291904
Biscuit_Fat_40_RandomSplit;test;0;Haar;pls;"{""n_components"": 7}";16.87;14.553716793294313
Biscuit_Fat_40_RandomSplit;test;0;Haar;pls;"{""n_components"": 7}";16.11;12.672055969161244
Biscuit_Fat_40_RandomSplit;test;0;Haar;pls;"{""n_components"": 7}";18.89;18.767650451769768
Biscuit_Fat_40_RandomSplit;test;0;Haar;pls;"{""n_components"": 7}";14.84;14.071598747065483
Biscuit_Fat_40_RandomSplit;test;0;Haar;pls;"{""n_components"": 7}";20.66;19.69824035365522
Biscuit_Fat_40_RandomSplit;test;0;Haar;pls;"{""n_components"": 7}";20.41;19.28012021865164
Biscuit_Fat_40_RandomSplit;test;0;Haar;pls;"{""n_components"": 7}";16.53;15.67125608665853
Biscuit_Fat_40_RandomSplit;test;0;Haar;pls;"{""n_components"": 7}";17.63;17.4415750166142
Biscuit_Fat_40_RandomSplit;test;0;Haar;pls;"{""n_components"": 7}";15.35;15.090530248694108
Biscuit_Fat_40_RandomSplit;test;0;Haar;pls;"{""n_components"": 7}";20.16;19.435700922773677
Biscuit_Fat_40_RandomSplit;test;0;Haar;pls;"{""n_components"": 7}";19.9;20.184435726006537
Biscuit_Fat_40_RandomSplit;test;0;Haar;pls;"{""n_components"": 7}";18.13;17.85132544163567
Biscuit_Fat_40_RandomSplit;test;0;Haar;pls;"{""n_components"": 7}";18.64;17.66220720036822
Biscuit_Fat_40_RandomSplit;test;0;Haar;pls;"{""n_components"": 7}";20.07;20.154051657421775
Biscuit_Fat_40_RandomSplit;test;0;Haar;pls;"{""n_components"": 7}";16.61;16.408000539392283
Biscuit_Fat_40_RandomSplit;test;0;Haar;pls;"{""n_components"": 7}";20.91;20.17526187158898
Biscuit_Fat_40_RandomSplit;test;0;Haar;pls;"{""n_components"": 7}";17.88;17.212599062405054
Biscuit_Fat_40_RandomSplit;test;0;Haar;pls;"{""n_components"": 7}";17.2;15.986935438033385
Biscuit_Fat_40_RandomSplit;test;0;Haar;pls;"{""n_components"": 7}";15.6;15.004011144082673
Biscuit_Fat_40_RandomSplit;test;0;Haar;pls;"{""n_components"": 7}";19.14;18.398453480709158
Biscuit_Fat_40_RandomSplit;test;0;Haar;pls;"{""n_components"": 7}";15.1;14.800622757501865
Biscuit_Fat_40_RandomSplit;test;0;Haar;pls;"{""n_components"": 7}";21.67;20.60769394011065
Biscuit_Fat_40_RandomSplit;test;0;Haar;pls;"{""n_components"": 7}";21.17;21.698590309527557
Biscuit_Fat_40_RandomSplit;test;0;Haar;pls;"{""n_components"": 7}";17.37;16.22824179238509
Biscuit_Fat_40_RandomSplit;test;0;Haar;pls;"{""n_components"": 7}";19.4;19.610819184515186
Biscuit_Fat_40_RandomSplit;valid;1;Haar;pls;"{""n_components"": 7}";18.37;18.547558042461336
Biscuit_Fat_40_RandomSplit;valid;1;Haar;pls;"{""n_components"": 7}";21.59;20.757606175791494
Biscuit_Fat_40_RandomSplit;valid;1;Haar;pls;"{""n_components"": 7}";21.25;20.936469327042268
Biscuit_Fat_40_RandomSplit;valid;1;Haar;pls;"{""n_components"": 7}";20.58;20.39830649823675
Biscuit_Fat_40_RandomSplit;valid;1;Haar;pls;"{""n_components"": 7}";19.4;19.285556471086277
Biscuit_Fat_40_RandomSplit;valid;1;Haar;pls;"{""n_components"": 7}";16.02;15.364660861071222
Biscuit_Fat_40_RandomSplit;valid;1;Haar;pls;"{""n_components"": 7}";19.73;18.88642508798295
Biscuit_Fat_40_RandomSplit;valid;1;Haar;pls;"{""n_components"": 7}";15.18;15.894304702860252
Biscuit_Fat_40_RandomSplit;valid;1;Haar;pls;"{""n_components"": 7}";19.9;18.232075021896538
Biscuit_Fat_40_RandomSplit;valid;1;Haar;pls;"{""n_components"": 7}";17.03;16.88102272163802
Biscuit_Fat_40_RandomSplit;valid;1;Haar;pls;"{""n_components"": 7}";17.54;18.151585480400446
Biscuit_Fat_40_RandomSplit;valid;1;Haar;pls;"{""n_components"": 7}";20.41;20.57130416992542
Biscuit_Fat_40_RandomSplit;valid;1;Haar;pls;"{""n_components"": 7}";18.38;17.668735108010317
Biscuit_Fat_40_RandomSplit;test;1;Haar;pls;"{""n_components"": 7}";21.42;21.441049501033024
Biscuit_Fat_40_RandomSplit;test;1;Haar;pls;"{""n_components"": 7}";18.38;18.575614268162198
Biscuit_Fat_40_RandomSplit;test;1;Haar;pls;"{""n_components"": 7}";19.23;19.265027245633274
Biscuit_Fat_40_RandomSplit;test;1;Haar;pls;"{""n_components"": 7}";17.12;18.059425092250045
Biscuit_Fat_40_RandomSplit;test;1;Haar;pls;"{""n_components"": 7}";15.85;16.22186740225967
Biscuit_Fat_40_RandomSplit;test;1;Haar;pls;"{""n_components"": 7}";16.36;17.381360086655896
Biscuit_Fat_40_RandomSplit;test;1;Haar;pls;"{""n_components"": 7}";19.65;19.147561701543196
Biscuit_Fat_40_RandomSplit;test;1;Haar;pls;"{""n_components"": 7}";16.87;15.869279715205751
Biscuit_Fat_40_RandomSplit;test;1;Haar;pls;"{""n_components"": 7}";16.11;15.499816553517121
Biscuit_Fat_40_RandomSplit;test;1;Haar;pls;"{""n_components"": 7}";18.89;19.147601779425514
Biscuit_Fat_40_RandomSplit;test;1;Haar;pls;"{""n_components"": 7}";14.84;14.450473364007674
Biscuit_Fat_40_RandomSplit;test;1;Haar;pls;"{""n_components"": 7}";20.66;19.249897744766276
Biscuit_Fat_40_RandomSplit;test;1;Haar;pls;"{""n_components"": 7}";20.41;20.18296902374469
Biscuit_Fat_40_RandomSplit;test;1;Haar;pls;"{""n_components"": 7}";16.53;15.554450195410055
Biscuit_Fat_40_RandomSplit;test;1;Haar;pls;"{""n_components"": 7}";17.63;17.764395329526614
Biscuit_Fat_40_RandomSplit;test;1;Haar;pls;"{""n_components"": 7}";15.35;15.870270741820436
Biscuit_Fat_40_RandomSplit;test;1;Haar;pls;"{""n_components"": 7}";20.16;20.752093000732984
Biscuit_Fat_40_RandomSplit;test;1;Haar;pls;"{""n_components"": 7}";19.9;20.01173878347382
Biscuit_Fat_40_RandomSplit;test;1;Haar;pls;"{""n_components"": 7}";18.13;18.832572466905678
Biscuit_Fat_40_RandomSplit;test;1;Haar;pls;"{""n_components"": 7}";18.64;17.919801455018863
Biscuit_Fat_40_RandomSplit;test;1;Haar;pls;"{""n_components"": 7}";20.07;20.664407802388695
Biscuit_Fat_40_RandomSplit;test;1;Haar;pls;"{""n_components"": 7}";16.61;16.98000549750807
Biscuit_Fat_40_RandomSplit;test;1;Haar;pls;"{""n_components"": 7}";20.91;20.647659359160933
Biscuit_Fat_40_RandomSplit;test;1;Haar;pls;"{""n_components"": 7}";17.88;17.721727920659333
Biscuit_Fat_40_RandomSplit;test;1;Haar;pls;"{""n_components"": 7}";17.2;17.706300814186765
Biscuit_Fat_40_RandomSplit;test;1;Haar;pls;"{""n_components"": 7}";15.6;15.288862065301206
Biscuit_Fat_40_RandomSplit;test;1;Haar;pls;"{""n_components"": 7}";19.14;18.456220661032635
Biscuit_Fat_40_RandomSplit;test;1;Haar;pls;"{""n_components"": 7}";15.1;15.676544081631073
Biscuit_Fat_40_RandomSplit;test;1;Haar;pls;"{""n_components"": 7}";21.67;21.586153566701558
Biscuit_Fat_40_RandomSplit;test;1;Haar;pls;"{""n_components"": 7}";21.17;21.85407256438892
Biscuit_Fat_40_RandomSplit;test;1;Haar;pls;"{""n_components"": 7}";17.37;17.681707816105945
Biscuit_Fat_40_RandomSplit;test;1;Haar;pls;"{""n_components"": 7}";19.4;19.244293233051156
Biscuit_Fat_40_RandomSplit;valid;2;Haar;pls;"{""n_components"": 7}";21.08;20.232865911425392
Biscuit_Fat_40_RandomSplit;valid;2;Haar;pls;"{""n_components"": 7}";18.55;18.89996366697689
Biscuit_Fat_40_RandomSplit;valid;2;Haar;pls;"{""n_components"": 7}";16.53;15.673820129571808
Biscuit_Fat_40_RandomSplit;valid;2;Haar;pls;"{""n_components"": 7}";15.69;16.001813803660813
Biscuit_Fat_40_RandomSplit;valid;2;Haar;pls;"{""n_components"": 7}";18.77;18.32083451459607
Biscuit_Fat_40_RandomSplit;valid;2;Haar;pls;"{""n_components"": 7}";15.01;15.025990732281375
Biscuit_Fat_40_RandomSplit;valid;2;Haar;pls;"{""n_components"": 7}";18.72;19.4745066031053
Biscuit_Fat_40_RandomSplit;valid;2;Haar;pls;"{""n_components"": 7}";20.75;20.597706002152265
Biscuit_Fat_40_RandomSplit;valid;2;Haar;pls;"{""n_components"": 7}";20.07;19.795090198739356
Biscuit_Fat_40_RandomSplit;valid;2;Haar;pls;"{""n_components"": 7}";15.52;16.025415239859388
Biscuit_Fat_40_RandomSplit;valid;2;Haar;pls;"{""n_components"": 7}";16.7;16.492513643050707
Biscuit_Fat_40_RandomSplit;valid;2;Haar;pls;"{""n_components"": 7}";19.23;19.94011001440157
Biscuit_Fat_40_RandomSplit;valid;2;Haar;pls;"{""n_components"": 7}";17.2;17.35881880741858
Biscuit_Fat_40_RandomSplit;test;2;Haar;pls;"{""n_components"": 7}";21.42;21.62276822948092
Biscuit_Fat_40_RandomSplit;test;2;Haar;pls;"{""n_components"": 7}";18.38;18.40013477294152
Biscuit_Fat_40_RandomSplit;test;2;Haar;pls;"{""n_components"": 7}";19.23;19.844151211778033
Biscuit_Fat_40_RandomSplit;test;2;Haar;pls;"{""n_components"": 7}";17.12;18.227287979829818
Biscuit_Fat_40_RandomSplit;test;2;Haar;pls;"{""n_components"": 7}";15.85;16.44072839053296
Biscuit_Fat_40_RandomSplit;test;2;Haar;pls;"{""n_components"": 7}";16.36;17.463847644663538
Biscuit_Fat_40_RandomSplit;test;2;Haar;pls;"{""n_components"": 7}";19.65;20.667257999672913
Biscuit_Fat_40_RandomSplit;test;2;Haar;pls;"{""n_components"": 7}";16.87;17.381024151402173
Biscuit_Fat_40_RandomSplit;test;2;Haar;pls;"{""n_components"": 7}";16.11;16.158190561295022
Biscuit_Fat_40_RandomSplit;test;2;Haar;pls;"{""n_components"": 7}";18.89;19.1936281073381
Biscuit_Fat_40_RandomSplit;test;2;Haar;pls;"{""n_components"": 7}";14.84;14.788890457954741
Biscuit_Fat_40_RandomSplit;test;2;Haar;pls;"{""n_components"": 7}";20.66;18.557946432719255
Biscuit_Fat_40_RandomSplit;test;2;Haar;pls;"{""n_components"": 7}";20.41;18.52259691072373
Biscuit_Fat_40_RandomSplit;test;2;Haar;pls;"{""n_components"": 7}";16.53;14.353528372383984
Biscuit_Fat_40_RandomSplit;test;2;Haar;pls;"{""n_components"": 7}";17.63;18.08038337411588
Biscuit_Fat_40_RandomSplit;test;2;Haar;pls;"{""n_components"": 7}";15.35;15.07329360758822
Biscuit_Fat_40_RandomSplit;test;2;Haar;pls;"{""n_components"": 7}";20.16;19.01688458849247
Biscuit_Fat_40_RandomSplit;test;2;Haar;pls;"{""n_components"": 7}";19.9;19.533155676569578
Biscuit_Fat_40_RandomSplit;test;2;Haar;pls;"{""n_components"": 7}";18.13;18.982845532000038
Biscuit_Fat_40_RandomSplit;test;2;Haar;pls;"{""n_components"": 7}";18.64;17.57264532027145
Biscuit_Fat_40_RandomSplit;test;2;Haar;pls;"{""n_components"": 7}";20.07;20.617179815714934
Biscuit_Fat_40_RandomSplit;test;2;Haar;pls;"{""n_components"": 7}";16.61;17.183101919343326
Biscuit_Fat_40_RandomSplit;test;2;Haar;pls;"{""n_components"": 7}";20.91;20.370245634699643
Biscuit_Fat_40_RandomSplit;test;2;Haar;pls;"{""n_components"": 7}";17.88;16.951777945075005
Biscuit_Fat_40_RandomSplit;test;2;Haar;pls;"{""n_components"": 7}";17.2;17.95872117433253
Biscuit_Fat_40_RandomSplit;test;2;Haar;pls;"{""n_components"": 7}";15.6;15.905682389384701
Biscuit_Fat_40_RandomSplit;test;2;Haar;pls;"{""n_components"": 7}";19.14;18.488767296807946
Biscuit_Fat_40_RandomSplit;test;2;Haar;pls;"{""n_components"": 7}";15.1;15.147872566048743
Biscuit_Fat_40_RandomSplit;test;2;Haar;pls;"{""n_components"": 7}";21.67;21.032616748752993
Biscuit_Fat_40_RandomSplit;test;2;Haar;pls;"{""n_components"": 7}";21.17;21.66460433713757
Biscuit_Fat_40_RandomSplit;test;2;Haar;pls;"{""n_components"": 7}";17.37;16.968857686579632
Biscuit_Fat_40_RandomSplit;test;2;Haar;pls;"{""n_components"": 7}";19.4;20.27276645094415
Biscuit_Fat_40_RandomSplit;valid;0;AreaNormalization;pls;"{""n_components"": 12}";15.35;15.632236365882534
Biscuit_Fat_40_RandomSplit;valid;0;AreaNormalization;pls;"{""n_components"": 12}";17.88;18.441831436029986
Biscuit_Fat_40_RandomSplit;valid;0;AreaNormalization;pls;"{""n_components"": 12}";16.19;17.525172839049596
Biscuit_Fat_40_RandomSplit;valid;0;AreaNormalization;pls;"{""n_components"": 12}";15.85;16.321514497737315
Biscuit_Fat_40_RandomSplit;valid;0;AreaNormalization;pls;"{""n_components"": 12}";18.05;17.859120264611363
Biscuit_Fat_40_RandomSplit;valid;0;AreaNormalization;pls;"{""n_components"": 12}";18.89;18.332238500937127
Biscuit_Fat_40_RandomSplit;valid;0;AreaNormalization;pls;"{""n_components"": 12}";21.42;21.5635147176923
Biscuit_Fat_40_RandomSplit;valid;0;AreaNormalization;pls;"{""n_components"": 12}";20.24;19.582676010556487
Biscuit_Fat_40_RandomSplit;valid;0;AreaNormalization;pls;"{""n_components"": 12}";19.56;19.82771502712643
Biscuit_Fat_40_RandomSplit;valid;0;AreaNormalization;pls;"{""n_components"": 12}";17.37;17.224340993823287
Biscuit_Fat_40_RandomSplit;valid;0;AreaNormalization;pls;"{""n_components"": 12}";20.91;20.61630402034143
Biscuit_Fat_40_RandomSplit;valid;0;AreaNormalization;pls;"{""n_components"": 12}";17.71;17.59858161230476
Biscuit_Fat_40_RandomSplit;valid;0;AreaNormalization;pls;"{""n_components"": 12}";19.06;18.943818644413938
Biscuit_Fat_40_RandomSplit;valid;0;AreaNormalization;pls;"{""n_components"": 12}";16.36;15.975258153884695
Biscuit_Fat_40_RandomSplit;test;0;AreaNormalization;pls;"{""n_components"": 12}";21.42;21.46748586128886
Biscuit_Fat_40_RandomSplit;test;0;AreaNormalization;pls;"{""n_components"": 12}";18.38;18.022365670747604
Biscuit_Fat_40_RandomSplit;test;0;AreaNormalization;pls;"{""n_components"": 12}";19.23;18.970820879459414
Biscuit_Fat_40_RandomSplit;test;0;AreaNormalization;pls;"{""n_components"": 12}";17.12;17.12033592826188
Biscuit_Fat_40_RandomSplit;test;0;AreaNormalization;pls;"{""n_components"": 12}";15.85;15.705502640529788
Biscuit_Fat_40_RandomSplit;test;0;AreaNormalization;pls;"{""n_components"": 12}";16.36;16.242765209262362
Biscuit_Fat_40_RandomSplit;test;0;AreaNormalization;pls;"{""n_components"": 12}";19.65;19.13109323293839
Biscuit_Fat_40_RandomSplit;test;0;AreaNormalization;pls;"{""n_components"": 12}";16.87;16.805725494168794
Biscuit_Fat_40_RandomSplit;test;0;AreaNormalization;pls;"{""n_components"": 12}";16.11;17.464507646245842
Biscuit_Fat_40_RandomSplit;test;0;AreaNormalization;pls;"{""n_components"": 12}";18.89;18.537540042943533
Biscuit_Fat_40_RandomSplit;test;0;AreaNormalization;pls;"{""n_components"": 12}";14.84;14.242061933898635
Biscuit_Fat_40_RandomSplit;test;0;AreaNormalization;pls;"{""n_components"": 12}";20.66;20.360406984384763
Biscuit_Fat_40_RandomSplit;test;0;AreaNormalization;pls;"{""n_components"": 12}";20.41;20.41329354225571
Biscuit_Fat_40_RandomSplit;test;0;AreaNormalization;pls;"{""n_components"": 12}";16.53;16.210225439343414
Biscuit_Fat_40_RandomSplit;test;0;AreaNormalization;pls;"{""n_components"": 12}";17.63;17.24231536323576
Biscuit_Fat_40_RandomSplit;test;0;AreaNormalization;pls;"{""n_components"": 12}";15.35;15.59155256546721
Biscuit_Fat_40_RandomSplit;test;0;AreaNormalization;pls;"{""n_components"": 12}";20.16;20.695922165737848
Biscuit_Fat_40_RandomSplit;test;0;AreaNormalization;pls;"{""n_components"": 12}";19.9;19.83204350931722
Biscuit_Fat_40_RandomSplit;test;0;AreaNormalization;pls;"{""n_components"": 12}";18.13;17.71362708767355
Biscuit_Fat_40_RandomSplit;test;0;AreaNormalization;pls;"{""n_components"": 12}";18.64;18.851155831734285
Biscuit_Fat_40_RandomSplit;test;0;AreaNormalization;pls;"{""n_components"": 12}";20.07;19.352426800047926
Biscuit_Fat_40_RandomSplit;test;0;AreaNormalization;pls;"{""n_components"": 12}";16.61;16.261188095943563
Biscuit_Fat_40_RandomSplit;test;0;AreaNormalization;pls;"{""n_components"": 12}";20.91;20.390575141229192
Biscuit_Fat_40_RandomSplit;test;0;AreaNormalization;pls;"{""n_components"": 12}";17.88;17.707820833995676
Biscuit_Fat_40_RandomSplit;test;0;AreaNormalization;pls;"{""n_components"": 12}";17.2;17.05370627319715
Biscuit_Fat_40_RandomSplit;test;0;AreaNormalization;pls;"{""n_components"": 12}";15.6;15.549818312970615
Biscuit_Fat_40_RandomSplit;test;0;AreaNormalization;pls;"{""n_components"": 12}";19.14;18.541179036379223
Biscuit_Fat_40_RandomSplit;test;0;AreaNormalization;pls;"{""n_components"": 12}";15.1;15.588081599637889
Biscuit_Fat_40_RandomSplit;test;0;AreaNormalization;pls;"{""n_components"": 12}";21.67;21.060963099515742
Biscuit_Fat_40_RandomSplit;test;0;AreaNormalization;pls;"{""n_components"": 12}";21.17;21.13699079301726
Biscuit_Fat_40_RandomSplit;test;0;AreaNormalization;pls;"{""n_components"": 12}";17.37;17.59610393897468
Biscuit_Fat_40_RandomSplit;test;0;AreaNormalization;pls;"{""n_components"": 12}";19.4;18.213646200770615
Biscuit_Fat_40_RandomSplit;valid;1;AreaNormalization;pls;"{""n_components"": 12}";18.37;18.760808228951355
Biscuit_Fat_40_RandomSplit;valid;1;AreaNormalization;pls;"{""n_components"": 12}";21.59;21.11098943803259
Biscuit_Fat_40_RandomSplit;valid;1;AreaNormalization;pls;"{""n_components"": 12}";21.25;20.99313447207299
Biscuit_Fat_40_RandomSplit;valid;1;AreaNormalization;pls;"{""n_components"": 12}";20.58;20.640121621327538
Biscuit_Fat_40_RandomSplit;valid;1;AreaNormalization;pls;"{""n_components"": 12}";19.4;19.586927300468936
Biscuit_Fat_40_RandomSplit;valid;1;AreaNormalization;pls;"{""n_components"": 12}";16.02;15.48959864760081
Biscuit_Fat_40_RandomSplit;valid;1;AreaNormalization;pls;"{""n_components"": 12}";19.73;19.87269742596066
Biscuit_Fat_40_RandomSplit;valid;1;AreaNormalization;pls;"{""n_components"": 12}";15.18;15.839150115669387
Biscuit_Fat_40_RandomSplit;valid;1;AreaNormalization;pls;"{""n_components"": 12}";19.9;20.032514914578634
Biscuit_Fat_40_RandomSplit;valid;1;AreaNormalization;pls;"{""n_components"": 12}";17.03;16.648808433137493
Biscuit_Fat_40_RandomSplit;valid;1;AreaNormalization;pls;"{""n_components"": 12}";17.54;17.74528352746736
Biscuit_Fat_40_RandomSplit;valid;1;AreaNormalization;pls;"{""n_components"": 12}";20.41;20.1801901606248
Biscuit_Fat_40_RandomSplit;valid;1;AreaNormalization;pls;"{""n_components"": 12}";18.38;18.446303661074552
Biscuit_Fat_40_RandomSplit;test;1;AreaNormalization;pls;"{""n_components"": 12}";21.42;20.758279401485044
Biscuit_Fat_40_RandomSplit;test;1;AreaNormalization;pls;"{""n_components"": 12}";18.38;17.369038963076132
Biscuit_Fat_40_RandomSplit;test;1;AreaNormalization;pls;"{""n_components"": 12}";19.23;18.061373960290602
Biscuit_Fat_40_RandomSplit;test;1;AreaNormalization;pls;"{""n_components"": 12}";17.12;16.160212117690257
Biscuit_Fat_40_RandomSplit;test;1;AreaNormalization;pls;"{""n_components"": 12}";15.85;14.50752633203788
Biscuit_Fat_40_RandomSplit;test;1;AreaNormalization;pls;"{""n_components"": 12}";16.36;15.352798733479805
Biscuit_Fat_40_RandomSplit;test;1;AreaNormalization;pls;"{""n_components"": 12}";19.65;19.938383411899796
Biscuit_Fat_40_RandomSplit;test;1;AreaNormalization;pls;"{""n_components"": 12}";16.87;18.15838015324983
Biscuit_Fat_40_RandomSplit;test;1;AreaNormalization;pls;"{""n_components"": 12}";16.11;21.420850437838553
Biscuit_Fat_40_RandomSplit;test;1;AreaNormalization;pls;"{""n_components"": 12}";18.89;20.597526984888425
Biscuit_Fat_40_RandomSplit;test;1;AreaNormalization;pls;"{""n_components"": 12}";14.84;15.25897531844707
Biscuit_Fat_40_RandomSplit;test;1;AreaNormalization;pls;"{""n_components"": 12}";20.66;21.786813824634784
Biscuit_Fat_40_RandomSplit;test;1;AreaNormalization;pls;"{""n_components"": 12}";20.41;21.289241577902565
Biscuit_Fat_40_RandomSplit;test;1;AreaNormalization;pls;"{""n_components"": 12}";16.53;17.84089321073383
Biscuit_Fat_40_RandomSplit;test;1;AreaNormalization;pls;"{""n_components"": 12}";17.63;17.978720749182642
Biscuit_Fat_40_RandomSplit;test;1;AreaNormalization;pls;"{""n_components"": 12}";15.35;16.414672983257116
Biscuit_Fat_40_RandomSplit;test;1;AreaNormalization;pls;"{""n_components"": 12}";20.16;22.173923554776025
Biscuit_Fat_40_RandomSplit;test;1;AreaNormalization;pls;"{""n_components"": 12}";19.9;20.21866171569338
Biscuit_Fat_40_RandomSplit;test;1;AreaNormalization;pls;"{""n_components"": 12}";18.13;18.072190738959144
Biscuit_Fat_40_RandomSplit;test;1;AreaNormalization;pls;"{""n_components"": 12}";18.64;18.901523407567723
Biscuit_Fat_40_RandomSplit;test;1;AreaNormalization;pls;"{""n_components"": 12}";20.07;19.63972193165928
Biscuit_Fat_40_RandomSplit;test;1;AreaNormalization;pls;"{""n_components"": 12}";16.61;16.654022322671455
Biscuit_Fat_40_RandomSplit;test;1;AreaNormalization;pls;"{""n_components"": 12}";20.91;21.05928458585321
Biscuit_Fat_40_RandomSplit;test;1;AreaNormalization;pls;"{""n_components"": 12}";17.88;18.765112072390615
Biscuit_Fat_40_RandomSplit;test;1;AreaNormalization;pls;"{""n_components"": 12}";17.2;18.389019564671983
Biscuit_Fat_40_RandomSplit;test;1;AreaNormalization;pls;"{""n_components"": 12}";15.6;16.53706731920651
Biscuit_Fat_40_RandomSplit;test;1;AreaNormalization;pls;"{""n_components"": 12}";19.14;19.736548676579538
Biscuit_Fat_40_RandomSplit;test;1;AreaNormalization;pls;"{""n_components"": 12}";15.1;16.383985152135196
Biscuit_Fat_40_RandomSplit;test;1;AreaNormalization;pls;"{""n_components"": 12}";21.67;22.150596301204963
Biscuit_Fat_40_RandomSplit;test;1;AreaNormalization;pls;"{""n_components"": 12}";21.17;21.49232349886332
Biscuit_Fat_40_RandomSplit;test;1;AreaNormalization;pls;"{""n_components"": 12}";17.37;18.819396121502585
Biscuit_Fat_40_RandomSplit;test;1;AreaNormalization;pls;"{""n_components"": 12}";19.4;18.318523275363383
Biscuit_Fat_40_RandomSplit;valid;2;AreaNormalization;pls;"{""n_components"": 12}";21.08;20.58578338193131
Biscuit_Fat_40_RandomSplit;valid;2;AreaNormalization;pls;"{""n_components"": 12}";18.55;18.53966946608742
Biscuit_Fat_40_RandomSplit;valid;2;AreaNormalization;pls;"{""n_components"": 12}";16.53;16.451442809822552
Biscuit_Fat_40_RandomSplit;valid;2;AreaNormalization;pls;"{""n_components"": 12}";15.69;15.302817190238436
Biscuit_Fat_40_RandomSplit;valid;2;AreaNormalization;pls;"{""n_components"": 12}";18.77;18.065503172668723
Biscuit_Fat_40_RandomSplit;valid;2;AreaNormalization;pls;"{""n_components"": 12}";15.01;14.500980977176035
Biscuit_Fat_40_RandomSplit;valid;2;AreaNormalization;pls;"{""n_components"": 12}";18.72;19.44308975856925
Biscuit_Fat_40_RandomSplit;valid;2;AreaNormalization;pls;"{""n_components"": 12}";20.75;20.583556900333672
Biscuit_Fat_40_RandomSplit;valid;2;AreaNormalization;pls;"{""n_components"": 12}";20.07;19.911426193507012
Biscuit_Fat_40_RandomSplit;valid;2;AreaNormalization;pls;"{""n_components"": 12}";15.52;16.190777239266758
Biscuit_Fat_40_RandomSplit;valid;2;AreaNormalization;pls;"{""n_components"": 12}";16.7;17.06455568348002
Biscuit_Fat_40_RandomSplit;valid;2;AreaNormalization;pls;"{""n_components"": 12}";19.23;19.55700811385063
Biscuit_Fat_40_RandomSplit;valid;2;AreaNormalization;pls;"{""n_components"": 12}";17.2;17.279041147854063
Biscuit_Fat_40_RandomSplit;test;2;AreaNormalization;pls;"{""n_components"": 12}";21.42;20.908305650047247
Biscuit_Fat_40_RandomSplit;test;2;AreaNormalization;pls;"{""n_components"": 12}";18.38;17.63723296850322
Biscuit_Fat_40_RandomSplit;test;2;AreaNormalization;pls;"{""n_components"": 12}";19.23;18.60539286716443
Biscuit_Fat_40_RandomSplit;test;2;AreaNormalization;pls;"{""n_components"": 12}";17.12;16.91558528100055
Biscuit_Fat_40_RandomSplit;test;2;AreaNormalization;pls;"{""n_components"": 12}";15.85;15.46906489732175
Biscuit_Fat_40_RandomSplit;test;2;AreaNormalization;pls;"{""n_components"": 12}";16.36;15.7931482894736
Biscuit_Fat_40_RandomSplit;test;2;AreaNormalization;pls;"{""n_components"": 12}";19.65;20.022629215193106
Biscuit_Fat_40_RandomSplit;test;2;AreaNormalization;pls;"{""n_components"": 12}";16.87;17.64426457016904
Biscuit_Fat_40_RandomSplit;test;2;AreaNormalization;pls;"{""n_components"": 12}";16.11;22.22275692672637
Biscuit_Fat_40_RandomSplit;test;2;AreaNormalization;pls;"{""n_components"": 12}";18.89;21.202896694219614
Biscuit_Fat_40_RandomSplit;test;2;AreaNormalization;pls;"{""n_components"": 12}";14.84;14.689243231333396
Biscuit_Fat_40_RandomSplit;test;2;AreaNormalization;pls;"{""n_components"": 12}";20.66;22.411220562522566
Biscuit_Fat_40_RandomSplit;test;2;AreaNormalization;pls;"{""n_components"": 12}";20.41;20.597452949449327
Biscuit_Fat_40_RandomSplit;test;2;AreaNormalization;pls;"{""n_components"": 12}";16.53;17.954836119537998
Biscuit_Fat_40_RandomSplit;test;2;AreaNormalization;pls;"{""n_components"": 12}";17.63;18.653258682281507
Biscuit_Fat_40_RandomSplit;test;2;AreaNormalization;pls;"{""n_components"": 12}";15.35;17.396637428263016
Biscuit_Fat_40_RandomSplit;test;2;AreaNormalization;pls;"{""n_components"": 12}";20.16;22.0106139986692
Biscuit_Fat_40_RandomSplit;test;2;AreaNormalization;pls;"{""n_components"": 12}";19.9;20.608709540010203
Biscuit_Fat_40_RandomSplit;test;2;AreaNormalization;pls;"{""n_components"": 12}";18.13;18.777655650609155
Biscuit_Fat_40_RandomSplit;test;2;AreaNormalization;pls;"{""n_components"": 12}";18.64;19.51882536431043
Biscuit_Fat_40_RandomSplit;test;2;AreaNormalization;pls;"{""n_components"": 12}";20.07;20.879837114464166
Biscuit_Fat_40_RandomSplit;test;2;AreaNormalization;pls;"{""n_components"": 12}";16.61;17.936105705060875
Biscuit_Fat_40_RandomSplit;test;2;AreaNormalization;pls;"{""n_components"": 12}";20.91;20.909584130729165
Biscuit_Fat_40_RandomSplit;test;2;AreaNormalization;pls;"{""n_components"": 12}";17.88;18.835524969948118
Biscuit_Fat_40_RandomSplit;test;2;AreaNormalization;pls;"{""n_components"": 12}";17.2;18.632426853171474
Biscuit_Fat_40_RandomSplit;test;2;AreaNormalization;pls;"{""n_components"": 12}";15.6;16.915250338647436
Biscuit_Fat_40_RandomSplit;test;2;AreaNormalization;pls;"{""n_components"": 12}";19.14;20.353098671605537
Biscuit_Fat_40_RandomSplit;test;2;AreaNormalization;pls;"{""n_components"": 12}";15.1;16.245388369587623
Biscuit_Fat_40_RandomSplit;test;2;AreaNormalization;pls;"{""n_components"": 12}";21.67;21.717092600619534
Biscuit_Fat_40_RandomSplit;test;2;AreaNormalization;pls;"{""n_components"": 12}";21.17;21.491918839414968
Biscuit_Fat_40_RandomSplit;test;2;AreaNormalization;pls;"{""n_components"": 12}";17.37;18.89834531121471
Biscuit_Fat_40_RandomSplit;test;2;AreaNormalization;pls;"{""n_components"": 12}";19.4;19.622400986690916
Biscuit_Fat_40_RandomSplit;valid;0;ASLSBaseline;pls;"{""n_components"": 7}";15.35;16.10222968363049
Biscuit_Fat_40_RandomSplit;valid;0;ASLSBaseline;pls;"{""n_components"": 7}";17.88;18.83984842342148
Biscuit_Fat_40_RandomSplit;valid;0;ASLSBaseline;pls;"{""n_components"": 7}";16.19;18.164310173920757
Biscuit_Fat_40_RandomSplit;valid;0;ASLSBaseline;pls;"{""n_components"": 7}";15.85;16.803600513407652
Biscuit_Fat_40_RandomSplit;valid;0;ASLSBaseline;pls;"{""n_components"": 7}";18.05;17.83948557864421
Biscuit_Fat_40_RandomSplit;valid;0;ASLSBaseline;pls;"{""n_components"": 7}";18.89;18.716295999360014
Biscuit_Fat_40_RandomSplit;valid;0;ASLSBaseline;pls;"{""n_components"": 7}";21.42;21.009788108668193
Biscuit_Fat_40_RandomSplit;valid;0;ASLSBaseline;pls;"{""n_components"": 7}";20.24;19.491757476335593
Biscuit_Fat_40_RandomSplit;valid;0;ASLSBaseline;pls;"{""n_components"": 7}";19.56;19.747632566040103
Biscuit_Fat_40_RandomSplit;valid;0;ASLSBaseline;pls;"{""n_components"": 7}";17.37;16.96408975579131
Biscuit_Fat_40_RandomSplit;valid;0;ASLSBaseline;pls;"{""n_components"": 7}";20.91;20.91633069336117
Biscuit_Fat_40_RandomSplit;valid;0;ASLSBaseline;pls;"{""n_components"": 7}";17.71;17.948104457855173
Biscuit_Fat_40_RandomSplit;valid;0;ASLSBaseline;pls;"{""n_components"": 7}";19.06;19.103392814102826
Biscuit_Fat_40_RandomSplit;valid;0;ASLSBaseline;pls;"{""n_components"": 7}";16.36;16.15664811034052
Biscuit_Fat_40_RandomSplit;test;0;ASLSBaseline;pls;"{""n_components"": 7}";21.42;21.26182936070255
Biscuit_Fat_40_RandomSplit;test;0;ASLSBaseline;pls;"{""n_components"": 7}";18.38;18.495578028673457
Biscuit_Fat_40_RandomSplit;test;0;ASLSBaseline;pls;"{""n_components"": 7}";19.23;19.120082946373447
Biscuit_Fat_40_RandomSplit;test;0;ASLSBaseline;pls;"{""n_components"": 7}";17.12;17.50911423013255
Biscuit_Fat_40_RandomSplit;test;0;ASLSBaseline;pls;"{""n_components"": 7}";15.85;16.230740099340217
Biscuit_Fat_40_RandomSplit;test;0;ASLSBaseline;pls;"{""n_components"": 7}";16.36;16.812267372362104
Biscuit_Fat_40_RandomSplit;test;0;ASLSBaseline;pls;"{""n_components"": 7}";19.65;19.533413796676673
Biscuit_Fat_40_RandomSplit;test;0;ASLSBaseline;pls;"{""n_components"": 7}";16.87;16.449980304320633
Biscuit_Fat_40_RandomSplit;test;0;ASLSBaseline;pls;"{""n_components"": 7}";16.11;15.642276829026994
Biscuit_Fat_40_RandomSplit;test;0;ASLSBaseline;pls;"{""n_components"": 7}";18.89;18.92773971881588
Biscuit_Fat_40_RandomSplit;test;0;ASLSBaseline;pls;"{""n_components"": 7}";14.84;14.801126374846477
Biscuit_Fat_40_RandomSplit;test;0;ASLSBaseline;pls;"{""n_components"": 7}";20.66;20.782866395526806
Biscuit_Fat_40_RandomSplit;test;0;ASLSBaseline;pls;"{""n_components"": 7}";20.41;20.00904032696222
Biscuit_Fat_40_RandomSplit;test;0;ASLSBaseline;pls;"{""n_components"": 7}";16.53;16.10560123991828
Biscuit_Fat_40_RandomSplit;test;0;ASLSBaseline;pls;"{""n_components"": 7}";17.63;17.533404259819868
Biscuit_Fat_40_RandomSplit;test;0;ASLSBaseline;pls;"{""n_components"": 7}";15.35;15.485111092761194
Biscuit_Fat_40_RandomSplit;test;0;ASLSBaseline;pls;"{""n_components"": 7}";20.16;20.144280729217215
Biscuit_Fat_40_RandomSplit;test;0;ASLSBaseline;pls;"{""n_components"": 7}";19.9;20.395132451337982
Biscuit_Fat_40_RandomSplit;test;0;ASLSBaseline;pls;"{""n_components"": 7}";18.13;18.5955306809497
Biscuit_Fat_40_RandomSplit;test;0;ASLSBaseline;pls;"{""n_components"": 7}";18.64;18.76636917487003
Biscuit_Fat_40_RandomSplit;test;0;ASLSBaseline;pls;"{""n_components"": 7}";20.07;20.422020649943576
Biscuit_Fat_40_RandomSplit;test;0;ASLSBaseline;pls;"{""n_components"": 7}";16.61;16.98597789488776
Biscuit_Fat_40_RandomSplit;test;0;ASLSBaseline;pls;"{""n_components"": 7}";20.91;21.014964748558956
Biscuit_Fat_40_RandomSplit;test;0;ASLSBaseline;pls;"{""n_components"": 7}";17.88;17.517494845505144
Biscuit_Fat_40_RandomSplit;test;0;ASLSBaseline;pls;"{""n_components"": 7}";17.2;16.799817965688142
Biscuit_Fat_40_RandomSplit;test;0;ASLSBaseline;pls;"{""n_components"": 7}";15.6;15.477169161298141
Biscuit_Fat_40_RandomSplit;test;0;ASLSBaseline;pls;"{""n_components"": 7}";19.14;18.942748857961952
Biscuit_Fat_40_RandomSplit;test;0;ASLSBaseline;pls;"{""n_components"": 7}";15.1;15.189388639615109
Biscuit_Fat_40_RandomSplit;test;0;ASLSBaseline;pls;"{""n_components"": 7}";21.67;21.255270127630354
Biscuit_Fat_40_RandomSplit;test;0;ASLSBaseline;pls;"{""n_components"": 7}";21.17;21.51441416280054
Biscuit_Fat_40_RandomSplit;test;0;ASLSBaseline;pls;"{""n_components"": 7}";17.37;16.791737094004354
Biscuit_Fat_40_RandomSplit;test;0;ASLSBaseline;pls;"{""n_components"": 7}";19.4;19.816794647393984
Biscuit_Fat_40_RandomSplit;valid;1;ASLSBaseline;pls;"{""n_components"": 7}";18.37;18.32571428205321
Biscuit_Fat_40_RandomSplit;valid;1;ASLSBaseline;pls;"{""n_components"": 7}";21.59;21.271867897046135
Biscuit_Fat_40_RandomSplit;valid;1;ASLSBaseline;pls;"{""n_components"": 7}";21.25;21.157472899877682
Biscuit_Fat_40_RandomSplit;valid;1;ASLSBaseline;pls;"{""n_components"": 7}";20.58;20.46414905422961
Biscuit_Fat_40_RandomSplit;valid;1;ASLSBaseline;pls;"{""n_components"": 7}";19.4;19.395185744124948
Biscuit_Fat_40_RandomSplit;valid;1;ASLSBaseline;pls;"{""n_components"": 7}";16.02;15.570563103581371
Biscuit_Fat_40_RandomSplit;valid;1;ASLSBaseline;pls;"{""n_components"": 7}";19.73;19.883240324840035
Biscuit_Fat_40_RandomSplit;valid;1;ASLSBaseline;pls;"{""n_components"": 7}";15.18;15.64974347955786
Biscuit_Fat_40_RandomSplit;valid;1;ASLSBaseline;pls;"{""n_components"": 7}";19.9;19.828957035485384
Biscuit_Fat_40_RandomSplit;valid;1;ASLSBaseline;pls;"{""n_components"": 7}";17.03;17.00474958654072
Biscuit_Fat_40_RandomSplit;valid;1;ASLSBaseline;pls;"{""n_components"": 7}";17.54;18.13396744436198
Biscuit_Fat_40_RandomSplit;valid;1;ASLSBaseline;pls;"{""n_components"": 7}";20.41;20.476702555684035
Biscuit_Fat_40_RandomSplit;valid;1;ASLSBaseline;pls;"{""n_components"": 7}";18.38;18.24710709708046
Biscuit_Fat_40_RandomSplit;test;1;ASLSBaseline;pls;"{""n_components"": 7}";21.42;21.095087095723265
Biscuit_Fat_40_RandomSplit;test;1;ASLSBaseline;pls;"{""n_components"": 7}";18.38;18.25352688468532
Biscuit_Fat_40_RandomSplit;test;1;ASLSBaseline;pls;"{""n_components"": 7}";19.23;19.1260829690239
Biscuit_Fat_40_RandomSplit;test;1;ASLSBaseline;pls;"{""n_components"": 7}";17.12;17.46010872834376
Biscuit_Fat_40_RandomSplit;test;1;ASLSBaseline;pls;"{""n_components"": 7}";15.85;15.99434477987713
Biscuit_Fat_40_RandomSplit;test;1;ASLSBaseline;pls;"{""n_components"": 7}";16.36;16.654120091560983
Biscuit_Fat_40_RandomSplit;test;1;ASLSBaseline;pls;"{""n_components"": 7}";19.65;20.230725394324036
Biscuit_Fat_40_RandomSplit;test;1;ASLSBaseline;pls;"{""n_components"": 7}";16.87;17.576319851752928
Biscuit_Fat_40_RandomSplit;test;1;ASLSBaseline;pls;"{""n_components"": 7}";16.11;18.75486494198956
Biscuit_Fat_40_RandomSplit;test;1;ASLSBaseline;pls;"{""n_components"": 7}";18.89;20.350589862699245
Biscuit_Fat_40_RandomSplit;test;1;ASLSBaseline;pls;"{""n_components"": 7}";14.84;14.932846293071364
Biscuit_Fat_40_RandomSplit;test;1;ASLSBaseline;pls;"{""n_components"": 7}";20.66;21.729290408292847
Biscuit_Fat_40_RandomSplit;test;1;ASLSBaseline;pls;"{""n_components"": 7}";20.41;20.86175238912839
Biscuit_Fat_40_RandomSplit;test;1;ASLSBaseline;pls;"{""n_components"": 7}";16.53;17.13440440570207
Biscuit_Fat_40_RandomSplit;test;1;ASLSBaseline;pls;"{""n_components"": 7}";17.63;18.41442458159571
Biscuit_Fat_40_RandomSplit;test;1;ASLSBaseline;pls;"{""n_components"": 7}";15.35;16.275264070754613
Biscuit_Fat_40_RandomSplit;test;1;ASLSBaseline;pls;"{""n_components"": 7}";20.16;21.36706241684426
Biscuit_Fat_40_RandomSplit;test;1;ASLSBaseline;pls;"{""n_components"": 7}";19.9;20.593692714638347
Biscuit_Fat_40_RandomSplit;test;1;ASLSBaseline;pls;"{""n_components"": 7}";18.13;18.853206195212664
Biscuit_Fat_40_RandomSplit;test;1;ASLSBaseline;pls;"{""n_components"": 7}";18.64;19.213627353214807
Biscuit_Fat_40_RandomSplit;test;1;ASLSBaseline;pls;"{""n_components"": 7}";20.07;20.697394453102607
Biscuit_Fat_40_RandomSplit;test;1;ASLSBaseline;pls;"{""n_components"": 7}";16.61;17.511216493099127
Biscuit_Fat_40_RandomSplit;test;1;ASLSBaseline;pls;"{""n_components"": 7}";20.91;21.566733197977385
Biscuit_Fat_40_RandomSplit;test;1;ASLSBaseline;pls;"{""n_components"": 7}";17.88;18.88770584052712
Biscuit_Fat_40_RandomSplit;test;1;ASLSBaseline;pls;"{""n_components"": 7}";17.2;17.666339974346577
Biscuit_Fat_40_RandomSplit;test;1;ASLSBaseline;pls;"{""n_components"": 7}";15.6;16.37334136868606
Biscuit_Fat_40_RandomSplit;test;1;ASLSBaseline;pls;"{""n_components"": 7}";19.14;19.723846901181638
Biscuit_Fat_40_RandomSplit;test;1;ASLSBaseline;pls;"{""n_components"": 7}";15.1;15.765459227302685
Biscuit_Fat_40_RandomSplit;test;1;ASLSBaseline;pls;"{""n_components"": 7}";21.67;22.032926725907917
Biscuit_Fat_40_RandomSplit;test;1;ASLSBaseline;pls;"{""n_components"": 7}";21.17;21.673508422372816
Biscuit_Fat_40_RandomSplit;test;1;ASLSBaseline;pls;"{""n_components"": 7}";17.37;17.909353631239615
Biscuit_Fat_40_RandomSplit;test;1;ASLSBaseline;pls;"{""n_components"": 7}";19.4;19.582476965401394
Biscuit_Fat_40_RandomSplit;valid;2;ASLSBaseline;pls;"{""n_components"": 7}";21.08;20.23491185172064
Biscuit_Fat_40_RandomSplit;valid;2;ASLSBaseline;pls;"{""n_components"": 7}";18.55;18.593323358310137
Biscuit_Fat_40_RandomSplit;valid;2;ASLSBaseline;pls;"{""n_components"": 7}";16.53;15.897870687901655
Biscuit_Fat_40_RandomSplit;valid;2;ASLSBaseline;pls;"{""n_components"": 7}";15.69;15.225977218509003
Biscuit_Fat_40_RandomSplit;valid;2;ASLSBaseline;pls;"{""n_components"": 7}";18.77;17.718126082077703
Biscuit_Fat_40_RandomSplit;valid;2;ASLSBaseline;pls;"{""n_components"": 7}";15.01;14.37141329939481
Biscuit_Fat_40_RandomSplit;valid;2;ASLSBaseline;pls;"{""n_components"": 7}";18.72;19.383270794786768
Biscuit_Fat_40_RandomSplit;valid;2;ASLSBaseline;pls;"{""n_components"": 7}";20.75;20.54981210629196
Biscuit_Fat_40_RandomSplit;valid;2;ASLSBaseline;pls;"{""n_components"": 7}";20.07;19.99121702463167
Biscuit_Fat_40_RandomSplit;valid;2;ASLSBaseline;pls;"{""n_components"": 7}";15.52;16.04023482500687
Biscuit_Fat_40_RandomSplit;valid;2;ASLSBaseline;pls;"{""n_components"": 7}";16.7;16.78706674238063
Biscuit_Fat_40_RandomSplit;valid;2;ASLSBaseline;pls;"{""n_components"": 7}";19.23;19.410252611231698
Biscuit_Fat_40_RandomSplit;valid;2;ASLSBaseline;pls;"{""n_components"": 7}";17.2;17.28725575953266
Biscuit_Fat_40_RandomSplit;test;2;ASLSBaseline;pls;"{""n_components"": 7}";21.42;21.087098081270174
Biscuit_Fat_40_RandomSplit;test;2;ASLSBaseline;pls;"{""n_components"": 7}";18.38;18.13937543556966
Biscuit_Fat_40_RandomSplit;test;2;ASLSBaseline;pls;"{""n_components"": 7}";19.23;19.13290419953241
Biscuit_Fat_40_RandomSplit;test;2;ASLSBaseline;pls;"{""n_components"": 7}";17.12;17.4920924702517
Biscuit_Fat_40_RandomSplit;test;2;ASLSBaseline;pls;"{""n_components"": 7}";15.85;15.984244419407704
Biscuit_Fat_40_RandomSplit;test;2;ASLSBaseline;pls;"{""n_components"": 7}";16.36;16.579373691379853
Biscuit_Fat_40_RandomSplit;test;2;ASLSBaseline;pls;"{""n_components"": 7}";19.65;19.94459472429046
Biscuit_Fat_40_RandomSplit;test;2;ASLSBaseline;pls;"{""n_components"": 7}";16.87;17.01673088159351
Biscuit_Fat_40_RandomSplit;test;2;ASLSBaseline;pls;"{""n_components"": 7}";16.11;18.240363594906274
Biscuit_Fat_40_RandomSplit;test;2;ASLSBaseline;pls;"{""n_components"": 7}";18.89;19.972976609951182
Biscuit_Fat_40_RandomSplit;test;2;ASLSBaseline;pls;"{""n_components"": 7}";14.84;14.344236517752169
Biscuit_Fat_40_RandomSplit;test;2;ASLSBaseline;pls;"{""n_components"": 7}";20.66;21.329780896626083
Biscuit_Fat_40_RandomSplit;test;2;ASLSBaseline;pls;"{""n_components"": 7}";20.41;20.19245757176194
Biscuit_Fat_40_RandomSplit;test;2;ASLSBaseline;pls;"{""n_components"": 7}";16.53;16.500535983959473
Biscuit_Fat_40_RandomSplit;test;2;ASLSBaseline;pls;"{""n_components"": 7}";17.63;18.005948834373324
Biscuit_Fat_40_RandomSplit;test;2;ASLSBaseline;pls;"{""n_components"": 7}";15.35;15.807343044406531
Biscuit_Fat_40_RandomSplit;test;2;ASLSBaseline;pls;"{""n_components"": 7}";20.16;20.72846474887271
Biscuit_Fat_40_RandomSplit;test;2;ASLSBaseline;pls;"{""n_components"": 7}";19.9;20.431139879291955
Biscuit_Fat_40_RandomSplit;test;2;ASLSBaseline;pls;"{""n_components"": 7}";18.13;18.7760510429537
Biscuit_Fat_40_RandomSplit;test;2;ASLSBaseline;pls;"{""n_components"": 7}";18.64;18.857414367752003
Biscuit_Fat_40_RandomSplit;test;2;ASLSBaseline;pls;"{""n_components"": 7}";20.07;20.651939842829357
Biscuit_Fat_40_RandomSplit;test;2;ASLSBaseline;pls;"{""n_components"": 7}";16.61;17.331051483451194
Biscuit_Fat_40_RandomSplit;test;2;ASLSBaseline;pls;"{""n_components"": 7}";20.91;21.276932490820002
Biscuit_Fat_40_RandomSplit;test;2;ASLSBaseline;pls;"{""n_components"": 7}";17.88;18.255295116088373
Biscuit_Fat_40_RandomSplit;test;2;ASLSBaseline;pls;"{""n_components"": 7}";17.2;17.274361390945973
Biscuit_Fat_40_RandomSplit;test;2;ASLSBaseline;pls;"{""n_components"": 7}";15.6;16.08323976888083
Biscuit_Fat_40_RandomSplit;test;2;ASLSBaseline;pls;"{""n_components"": 7}";19.14;19.568665280045302
Biscuit_Fat_40_RandomSplit;test;2;ASLSBaseline;pls;"{""n_components"": 7}";15.1;15.300973003160943
Biscuit_Fat_40_RandomSplit;test;2;ASLSBaseline;pls;"{""n_components"": 7}";21.67;21.602318712780608
Biscuit_Fat_40_RandomSplit;test;2;ASLSBaseline;pls;"{""n_components"": 7}";21.17;21.401926127394134
Biscuit_Fat_40_RandomSplit;test;2;ASLSBaseline;pls;"{""n_components"": 7}";17.37;17.426992824687645
Biscuit_Fat_40_RandomSplit;test;2;ASLSBaseline;pls;"{""n_components"": 7}";19.4;19.83497873132133
Biscuit_Fat_40_RandomSplit;valid;0;ASLSBaseline+Haar;pls;"{""n_components"": 4}";15.35;16.2578379808256
Biscuit_Fat_40_RandomSplit;valid;0;ASLSBaseline+Haar;pls;"{""n_components"": 4}";17.88;19.203832616861188
Biscuit_Fat_40_RandomSplit;valid;0;ASLSBaseline+Haar;pls;"{""n_components"": 4}";16.19;17.811601465145834
Biscuit_Fat_40_RandomSplit;valid;0;ASLSBaseline+Haar;pls;"{""n_components"": 4}";15.85;16.563513516536446
Biscuit_Fat_40_RandomSplit;valid;0;ASLSBaseline+Haar;pls;"{""n_components"": 4}";18.05;17.520685913304398
Biscuit_Fat_40_RandomSplit;valid;0;ASLSBaseline+Haar;pls;"{""n_components"": 4}";18.89;18.343572651166152
Biscuit_Fat_40_RandomSplit;valid;0;ASLSBaseline+Haar;pls;"{""n_components"": 4}";21.42;21.0675066449648
Biscuit_Fat_40_RandomSplit;valid;0;ASLSBaseline+Haar;pls;"{""n_components"": 4}";20.24;19.770679630654705
Biscuit_Fat_40_RandomSplit;valid;0;ASLSBaseline+Haar;pls;"{""n_components"": 4}";19.56;19.796534634362313
Biscuit_Fat_40_RandomSplit;valid;0;ASLSBaseline+Haar;pls;"{""n_components"": 4}";17.37;16.83726234572255
Biscuit_Fat_40_RandomSplit;valid;0;ASLSBaseline+Haar;pls;"{""n_components"": 4}";20.91;20.736473073335148
Biscuit_Fat_40_RandomSplit;valid;0;ASLSBaseline+Haar;pls;"{""n_components"": 4}";17.71;17.978643311062882
Biscuit_Fat_40_RandomSplit;valid;0;ASLSBaseline+Haar;pls;"{""n_components"": 4}";19.06;19.00760144381712
Biscuit_Fat_40_RandomSplit;valid;0;ASLSBaseline+Haar;pls;"{""n_components"": 4}";16.36;16.265010886971147
Biscuit_Fat_40_RandomSplit;test;0;ASLSBaseline+Haar;pls;"{""n_components"": 4}";21.42;21.1141012887561
Biscuit_Fat_40_RandomSplit;test;0;ASLSBaseline+Haar;pls;"{""n_components"": 4}";18.38;18.82605854048861
Biscuit_Fat_40_RandomSplit;test;0;ASLSBaseline+Haar;pls;"{""n_components"": 4}";19.23;19.6021052412056
Biscuit_Fat_40_RandomSplit;test;0;ASLSBaseline+Haar;pls;"{""n_components"": 4}";17.12;18.27741267412912
Biscuit_Fat_40_RandomSplit;test;0;ASLSBaseline+Haar;pls;"{""n_components"": 4}";15.85;17.001430706574535
Biscuit_Fat_40_RandomSplit;test;0;ASLSBaseline+Haar;pls;"{""n_components"": 4}";16.36;17.9104529464547
Biscuit_Fat_40_RandomSplit;test;0;ASLSBaseline+Haar;pls;"{""n_components"": 4}";19.65;18.699646926831868
Biscuit_Fat_40_RandomSplit;test;0;ASLSBaseline+Haar;pls;"{""n_components"": 4}";16.87;14.255271662379641
Biscuit_Fat_40_RandomSplit;test;0;ASLSBaseline+Haar;pls;"{""n_components"": 4}";16.11;11.983613264834165
Biscuit_Fat_40_RandomSplit;test;0;ASLSBaseline+Haar;pls;"{""n_components"": 4}";18.89;18.88195511244384
Biscuit_Fat_40_RandomSplit;test;0;ASLSBaseline+Haar;pls;"{""n_components"": 4}";14.84;14.318577445886172
Biscuit_Fat_40_RandomSplit;test;0;ASLSBaseline+Haar;pls;"{""n_components"": 4}";20.66;19.685703276125352
Biscuit_Fat_40_RandomSplit;test;0;ASLSBaseline+Haar;pls;"{""n_components"": 4}";20.41;19.033911258858367
Biscuit_Fat_40_RandomSplit;test;0;ASLSBaseline+Haar;pls;"{""n_components"": 4}";16.53;15.351029957828596
Biscuit_Fat_40_RandomSplit;test;0;ASLSBaseline+Haar;pls;"{""n_components"": 4}";17.63;17.47613149313566
Biscuit_Fat_40_RandomSplit;test;0;ASLSBaseline+Haar;pls;"{""n_components"": 4}";15.35;15.11116999628235
Biscuit_Fat_40_RandomSplit;test;0;ASLSBaseline+Haar;pls;"{""n_components"": 4}";20.16;18.739438126376754
Biscuit_Fat_40_RandomSplit;test;0;ASLSBaseline+Haar;pls;"{""n_components"": 4}";19.9;20.466920230668187
Biscuit_Fat_40_RandomSplit;test;0;ASLSBaseline+Haar;pls;"{""n_components"": 4}";18.13;18.055023320211454
Biscuit_Fat_40_RandomSplit;test;0;ASLSBaseline+Haar;pls;"{""n_components"": 4}";18.64;17.997788230267567
Biscuit_Fat_40_RandomSplit;test;0;ASLSBaseline+Haar;pls;"{""n_components"": 4}";20.07;20.296632406491604
Biscuit_Fat_40_RandomSplit;test;0;ASLSBaseline+Haar;pls;"{""n_components"": 4}";16.61;16.845159894059034
Biscuit_Fat_40_RandomSplit;test;0;ASLSBaseline+Haar;pls;"{""n_components"": 4}";20.91;20.08909046532361
Biscuit_Fat_40_RandomSplit;test;0;ASLSBaseline+Haar;pls;"{""n_components"": 4}";17.88;17.86222093206223
Biscuit_Fat_40_RandomSplit;test;0;ASLSBaseline+Haar;pls;"{""n_components"": 4}";17.2;15.867641844371933
Biscuit_Fat_40_RandomSplit;test;0;ASLSBaseline+Haar;pls;"{""n_components"": 4}";15.6;14.803480510962656
Biscuit_Fat_40_RandomSplit;test;0;ASLSBaseline+Haar;pls;"{""n_components"": 4}";19.14;18.18390447890195
Biscuit_Fat_40_RandomSplit;test;0;ASLSBaseline+Haar;pls;"{""n_components"": 4}";15.1;14.426666832175199
Biscuit_Fat_40_RandomSplit;test;0;ASLSBaseline+Haar;pls;"{""n_components"": 4}";21.67;20.5026741042987
Biscuit_Fat_40_RandomSplit;test;0;ASLSBaseline+Haar;pls;"{""n_components"": 4}";21.17;21.58394355985926
Biscuit_Fat_40_RandomSplit;test;0;ASLSBaseline+Haar;pls;"{""n_components"": 4}";17.37;16.054901713120742
Biscuit_Fat_40_RandomSplit;test;0;ASLSBaseline+Haar;pls;"{""n_components"": 4}";19.4;19.89656668101729
Biscuit_Fat_40_RandomSplit;valid;1;ASLSBaseline+Haar;pls;"{""n_components"": 4}";18.37;18.44358185492669
Biscuit_Fat_40_RandomSplit;valid;1;ASLSBaseline+Haar;pls;"{""n_components"": 4}";21.59;21.240436047886547
Biscuit_Fat_40_RandomSplit;valid;1;ASLSBaseline+Haar;pls;"{""n_components"": 4}";21.25;21.085925236288254
Biscuit_Fat_40_RandomSplit;valid;1;ASLSBaseline+Haar;pls;"{""n_components"": 4}";20.58;20.687146561687175
Biscuit_Fat_40_RandomSplit;valid;1;ASLSBaseline+Haar;pls;"{""n_components"": 4}";19.4;19.50973027837478
Biscuit_Fat_40_RandomSplit;valid;1;ASLSBaseline+Haar;pls;"{""n_components"": 4}";16.02;15.494519381001432
Biscuit_Fat_40_RandomSplit;valid;1;ASLSBaseline+Haar;pls;"{""n_components"": 4}";19.73;18.82291536339333
Biscuit_Fat_40_RandomSplit;valid;1;ASLSBaseline+Haar;pls;"{""n_components"": 4}";15.18;15.772606920635656
Biscuit_Fat_40_RandomSplit;valid;1;ASLSBaseline+Haar;pls;"{""n_components"": 4}";19.9;18.264416698460273
Biscuit_Fat_40_RandomSplit;valid;1;ASLSBaseline+Haar;pls;"{""n_components"": 4}";17.03;17.267964157769782
Biscuit_Fat_40_RandomSplit;valid;1;ASLSBaseline+Haar;pls;"{""n_components"": 4}";17.54;18.464891724142944
Biscuit_Fat_40_RandomSplit;valid;1;ASLSBaseline+Haar;pls;"{""n_components"": 4}";20.41;20.57313320567334
Biscuit_Fat_40_RandomSplit;valid;1;ASLSBaseline+Haar;pls;"{""n_components"": 4}";18.38;17.654193992416083
Biscuit_Fat_40_RandomSplit;test;1;ASLSBaseline+Haar;pls;"{""n_components"": 4}";21.42;21.254292686329777
Biscuit_Fat_40_RandomSplit;test;1;ASLSBaseline+Haar;pls;"{""n_components"": 4}";18.38;18.684992271314133
Biscuit_Fat_40_RandomSplit;test;1;ASLSBaseline+Haar;pls;"{""n_components"": 4}";19.23;19.58388439785014
Biscuit_Fat_40_RandomSplit;test;1;ASLSBaseline+Haar;pls;"{""n_components"": 4}";17.12;18.35873369332421
Biscuit_Fat_40_RandomSplit;test;1;ASLSBaseline+Haar;pls;"{""n_components"": 4}";15.85;16.535865448411926
Biscuit_Fat_40_RandomSplit;test;1;ASLSBaseline+Haar;pls;"{""n_components"": 4}";16.36;17.594131441112324
Biscuit_Fat_40_RandomSplit;test;1;ASLSBaseline+Haar;pls;"{""n_components"": 4}";19.65;18.807110819617982
Biscuit_Fat_40_RandomSplit;test;1;ASLSBaseline+Haar;pls;"{""n_components"": 4}";16.87;15.22290533276238
Biscuit_Fat_40_RandomSplit;test;1;ASLSBaseline+Haar;pls;"{""n_components"": 4}";16.11;14.607633412794186
Biscuit_Fat_40_RandomSplit;test;1;ASLSBaseline+Haar;pls;"{""n_components"": 4}";18.89;19.013733341449136
Biscuit_Fat_40_RandomSplit;test;1;ASLSBaseline+Haar;pls;"{""n_components"": 4}";14.84;14.594243576596483
Biscuit_Fat_40_RandomSplit;test;1;ASLSBaseline+Haar;pls;"{""n_components"": 4}";20.66;18.976881748041045
Biscuit_Fat_40_RandomSplit;test;1;ASLSBaseline+Haar;pls;"{""n_components"": 4}";20.41;19.12684313534434
Biscuit_Fat_40_RandomSplit;test;1;ASLSBaseline+Haar;pls;"{""n_components"": 4}";16.53;15.190430686419045
Biscuit_Fat_40_RandomSplit;test;1;ASLSBaseline+Haar;pls;"{""n_components"": 4}";17.63;17.73864424171063
Biscuit_Fat_40_RandomSplit;test;1;ASLSBaseline+Haar;pls;"{""n_components"": 4}";15.35;15.335527043284394
Biscuit_Fat_40_RandomSplit;test;1;ASLSBaseline+Haar;pls;"{""n_components"": 4}";20.16;18.894639356912837
Biscuit_Fat_40_RandomSplit;test;1;ASLSBaseline+Haar;pls;"{""n_components"": 4}";19.9;20.1792548731028
Biscuit_Fat_40_RandomSplit;test;1;ASLSBaseline+Haar;pls;"{""n_components"": 4}";18.13;19.028891901247487
Biscuit_Fat_40_RandomSplit;test;1;ASLSBaseline+Haar;pls;"{""n_components"": 4}";18.64;17.994132189026264
Biscuit_Fat_40_RandomSplit;test;1;ASLSBaseline+Haar;pls;"{""n_components"": 4}";20.07;20.769179612246678
Biscuit_Fat_40_RandomSplit;test;1;ASLSBaseline+Haar;pls;"{""n_components"": 4}";16.61;17.23317293599143
Biscuit_Fat_40_RandomSplit;test;1;ASLSBaseline+Haar;pls;"{""n_components"": 4}";20.91;20.162714643631304
Biscuit_Fat_40_RandomSplit;test;1;ASLSBaseline+Haar;pls;"{""n_components"": 4}";17.88;18.157674714878034
Biscuit_Fat_40_RandomSplit;test;1;ASLSBaseline+Haar;pls;"{""n_components"": 4}";17.2;17.216404506213184
Biscuit_Fat_40_RandomSplit;test;1;ASLSBaseline+Haar;pls;"{""n_components"": 4}";15.6;15.21190736936369
Biscuit_Fat_40_RandomSplit;test;1;ASLSBaseline+Haar;pls;"{""n_components"": 4}";19.14;18.261765589382914
Biscuit_Fat_40_RandomSplit;test;1;ASLSBaseline+Haar;pls;"{""n_components"": 4}";15.1;15.289803262841756
Biscuit_Fat_40_RandomSplit;test;1;ASLSBaseline+Haar;pls;"{""n_components"": 4}";21.67;21.107302936996433
Biscuit_Fat_40_RandomSplit;test;1;ASLSBaseline+Haar;pls;"{""n_components"": 4}";21.17;21.416060504296492
Biscuit_Fat_40_RandomSplit;test;1;ASLSBaseline+Haar;pls;"{""n_components"": 4}";17.37;17.00949546911199
Biscuit_Fat_40_RandomSplit;test;1;ASLSBaseline+Haar;pls;"{""n_components"": 4}";19.4;19.90720650509544
Biscuit_Fat_40_RandomSplit;valid;2;ASLSBaseline+Haar;pls;"{""n_components"": 4}";21.08;19.927257508345555
Biscuit_Fat_40_RandomSplit;valid;2;ASLSBaseline+Haar;pls;"{""n_components"": 4}";18.55;18.76545780021017
Biscuit_Fat_40_RandomSplit;valid;2;ASLSBaseline+Haar;pls;"{""n_components"": 4}";16.53;15.564873112479637
Biscuit_Fat_40_RandomSplit;valid;2;ASLSBaseline+Haar;pls;"{""n_components"": 4}";15.69;15.81961346453866
Biscuit_Fat_40_RandomSplit;valid;2;ASLSBaseline+Haar;pls;"{""n_components"": 4}";18.77;18.754086865856337
Biscuit_Fat_40_RandomSplit;valid;2;ASLSBaseline+Haar;pls;"{""n_components"": 4}";15.01;15.173204360547425
Biscuit_Fat_40_RandomSplit;valid;2;ASLSBaseline+Haar;pls;"{""n_components"": 4}";18.72;19.240823961581096
Biscuit_Fat_40_RandomSplit;valid;2;ASLSBaseline+Haar;pls;"{""n_components"": 4}";20.75;20.086576493196926
Biscuit_Fat_40_RandomSplit;valid;2;ASLSBaseline+Haar;pls;"{""n_components"": 4}";20.07;19.6489347816495
Biscuit_Fat_40_RandomSplit;valid;2;ASLSBaseline+Haar;pls;"{""n_components"": 4}";15.52;16.162576343699612
Biscuit_Fat_40_RandomSplit;valid;2;ASLSBaseline+Haar;pls;"{""n_components"": 4}";16.7;16.51910407857256
Biscuit_Fat_40_RandomSplit;valid;2;ASLSBaseline+Haar;pls;"{""n_components"": 4}";19.23;19.527409842096386
Biscuit_Fat_40_RandomSplit;valid;2;ASLSBaseline+Haar;pls;"{""n_components"": 4}";17.2;17.779675605371192
Biscuit_Fat_40_RandomSplit;test;2;ASLSBaseline+Haar;pls;"{""n_components"": 4}";21.42;21.08491521152693
Biscuit_Fat_40_RandomSplit;test;2;ASLSBaseline+Haar;pls;"{""n_components"": 4}";18.38;18.520517073112455
Biscuit_Fat_40_RandomSplit;test;2;ASLSBaseline+Haar;pls;"{""n_components"": 4}";19.23;19.568050489509243
Biscuit_Fat_40_RandomSplit;test;2;ASLSBaseline+Haar;pls;"{""n_components"": 4}";17.12;18.26996342541042
Biscuit_Fat_40_RandomSplit;test;2;ASLSBaseline+Haar;pls;"{""n_components"": 4}";15.85;16.66016769434765
Biscuit_Fat_40_RandomSplit;test;2;ASLSBaseline+Haar;pls;"{""n_components"": 4}";16.36;17.979384638803083
Biscuit_Fat_40_RandomSplit;test;2;ASLSBaseline+Haar;pls;"{""n_components"": 4}";19.65;19.612864304403193
Biscuit_Fat_40_RandomSplit;test;2;ASLSBaseline+Haar;pls;"{""n_components"": 4}";16.87;15.518682573659554
Biscuit_Fat_40_RandomSplit;test;2;ASLSBaseline+Haar;pls;"{""n_components"": 4}";16.11;15.630621080338528
Biscuit_Fat_40_RandomSplit;test;2;ASLSBaseline+Haar;pls;"{""n_components"": 4}";18.89;19.442149610828984
Biscuit_Fat_40_RandomSplit;test;2;ASLSBaseline+Haar;pls;"{""n_components"": 4}";14.84;15.21929658490168
Biscuit_Fat_40_RandomSplit;test;2;ASLSBaseline+Haar;pls;"{""n_components"": 4}";20.66;19.01033030232262
Biscuit_Fat_40_RandomSplit;test;2;ASLSBaseline+Haar;pls;"{""n_components"": 4}";20.41;18.83086022857625
Biscuit_Fat_40_RandomSplit;test;2;ASLSBaseline+Haar;pls;"{""n_components"": 4}";16.53;15.547700784263895
Biscuit_Fat_40_RandomSplit;test;2;ASLSBaseline+Haar;pls;"{""n_components"": 4}";17.63;18.333913085845385
Biscuit_Fat_40_RandomSplit;test;2;ASLSBaseline+Haar;pls;"{""n_components"": 4}";15.35;15.575474653624385
Biscuit_Fat_40_RandomSplit;test;2;ASLSBaseline+Haar;pls;"{""n_components"": 4}";20.16;18.45511446346724
Biscuit_Fat_40_RandomSplit;test;2;ASLSBaseline+Haar;pls;"{""n_components"": 4}";19.9;20.2537306087144
Biscuit_Fat_40_RandomSplit;test;2;ASLSBaseline+Haar;pls;"{""n_components"": 4}";18.13;19.084582215555336
Biscuit_Fat_40_RandomSplit;test;2;ASLSBaseline+Haar;pls;"{""n_components"": 4}";18.64;17.898717092822846
Biscuit_Fat_40_RandomSplit;test;2;ASLSBaseline+Haar;pls;"{""n_components"": 4}";20.07;20.61283111440296
Biscuit_Fat_40_RandomSplit;test;2;ASLSBaseline+Haar;pls;"{""n_components"": 4}";16.61;17.371220383885532
Biscuit_Fat_40_RandomSplit;test;2;ASLSBaseline+Haar;pls;"{""n_components"": 4}";20.91;20.126512344908786
Biscuit_Fat_40_RandomSplit;test;2;ASLSBaseline+Haar;pls;"{""n_components"": 4}";17.88;18.344498845167617
Biscuit_Fat_40_RandomSplit;test;2;ASLSBaseline+Haar;pls;"{""n_components"": 4}";17.2;17.139054195338044
Biscuit_Fat_40_RandomSplit;test;2;ASLSBaseline+Haar;pls;"{""n_components"": 4}";15.6;16.02833283248308
Biscuit_Fat_40_RandomSplit;test;2;ASLSBaseline+Haar;pls;"{""n_components"": 4}";19.14;18.32180916372057
Biscuit_Fat_40_RandomSplit;test;2;ASLSBaseline+Haar;pls;"{""n_components"": 4}";15.1;15.32902441008736
Biscuit_Fat_40_RandomSplit;test;2;ASLSBaseline+Haar;pls;"{""n_components"": 4}";21.67;20.674305077454093
Biscuit_Fat_40_RandomSplit;test;2;ASLSBaseline+Haar;pls;"{""n_components"": 4}";21.17;21.335798197766096
Biscuit_Fat_40_RandomSplit;test;2;ASLSBaseline+Haar;pls;"{""n_components"": 4}";17.37;17.09110154880522
Biscuit_Fat_40_RandomSplit;test;2;ASLSBaseline+Haar;pls;"{""n_components"": 4}";19.4;20.195036399311967
Biscuit_Fat_40_RandomSplit;valid;0;ASLSBaseline+AreaNormalization;pls;"{""n_components"": 7}";15.35;15.620516702430734
Biscuit_Fat_40_RandomSplit;valid;0;ASLSBaseline+AreaNormalization;pls;"{""n_components"": 7}";17.88;18.220294905523208
Biscuit_Fat_40_RandomSplit;valid;0;ASLSBaseline+AreaNormalization;pls;"{""n_components"": 7}";16.19;17.82931344564591
Biscuit_Fat_40_RandomSplit;valid;0;ASLSBaseline+AreaNormalization;pls;"{""n_components"": 7}";15.85;16.757519989167143
Biscuit_Fat_40_RandomSplit;valid;0;ASLSBaseline+AreaNormalization;pls;"{""n_components"": 7}";18.05;17.893199131802994
Biscuit_Fat_40_RandomSplit;valid;0;ASLSBaseline+AreaNormalization;pls;"{""n_components"": 7}";18.89;18.638113381829093
Biscuit_Fat_40_RandomSplit;valid;0;ASLSBaseline+AreaNormalization;pls;"{""n_components"": 7}";21.42;21.229978262120994
Biscuit_Fat_40_RandomSplit;valid;0;ASLSBaseline+AreaNormalization;pls;"{""n_components"": 7}";20.24;19.651818944364415
Biscuit_Fat_40_RandomSplit;valid;0;ASLSBaseline+AreaNormalization;pls;"{""n_components"": 7}";19.56;19.842629932088677
Biscuit_Fat_40_RandomSplit;valid;0;ASLSBaseline+AreaNormalization;pls;"{""n_components"": 7}";17.37;17.15122120014008
Biscuit_Fat_40_RandomSplit;valid;0;ASLSBaseline+AreaNormalization;pls;"{""n_components"": 7}";20.91;20.78701436608202
Biscuit_Fat_40_RandomSplit;valid;0;ASLSBaseline+AreaNormalization;pls;"{""n_components"": 7}";17.71;17.876323663290012
Biscuit_Fat_40_RandomSplit;valid;0;ASLSBaseline+AreaNormalization;pls;"{""n_components"": 7}";19.06;19.070598751778224
Biscuit_Fat_40_RandomSplit;valid;0;ASLSBaseline+AreaNormalization;pls;"{""n_components"": 7}";16.36;16.078792814620478
Biscuit_Fat_40_RandomSplit;test;0;ASLSBaseline+AreaNormalization;pls;"{""n_components"": 7}";21.42;21.525112690567344
Biscuit_Fat_40_RandomSplit;test;0;ASLSBaseline+AreaNormalization;pls;"{""n_components"": 7}";18.38;18.425614963931654
Biscuit_Fat_40_RandomSplit;test;0;ASLSBaseline+AreaNormalization;pls;"{""n_components"": 7}";19.23;19.25819660951555
Biscuit_Fat_40_RandomSplit;test;0;ASLSBaseline+AreaNormalization;pls;"{""n_components"": 7}";17.12;17.48388435746751
Biscuit_Fat_40_RandomSplit;test;0;ASLSBaseline+AreaNormalization;pls;"{""n_components"": 7}";15.85;16.133235805496653
Biscuit_Fat_40_RandomSplit;test;0;ASLSBaseline+AreaNormalization;pls;"{""n_components"": 7}";16.36;16.75312363027155
Biscuit_Fat_40_RandomSplit;test;0;ASLSBaseline+AreaNormalization;pls;"{""n_components"": 7}";19.65;19.722335478938806
Biscuit_Fat_40_RandomSplit;test;0;ASLSBaseline+AreaNormalization;pls;"{""n_components"": 7}";16.87;17.24522677330582
Biscuit_Fat_40_RandomSplit;test;0;ASLSBaseline+AreaNormalization;pls;"{""n_components"": 7}";16.11;17.83949429393313
Biscuit_Fat_40_RandomSplit;test;0;ASLSBaseline+AreaNormalization;pls;"{""n_components"": 7}";18.89;19.576768665361037
Biscuit_Fat_40_RandomSplit;test;0;ASLSBaseline+AreaNormalization;pls;"{""n_components"": 7}";14.84;14.96358002990673
Biscuit_Fat_40_RandomSplit;test;0;ASLSBaseline+AreaNormalization;pls;"{""n_components"": 7}";20.66;20.897026684697547
Biscuit_Fat_40_RandomSplit;test;0;ASLSBaseline+AreaNormalization;pls;"{""n_components"": 7}";20.41;20.147978150477947
Biscuit_Fat_40_RandomSplit;test;0;ASLSBaseline+AreaNormalization;pls;"{""n_components"": 7}";16.53;16.647177580802953
Biscuit_Fat_40_RandomSplit;test;0;ASLSBaseline+AreaNormalization;pls;"{""n_components"": 7}";17.63;17.792636272093773
Biscuit_Fat_40_RandomSplit;test;0;ASLSBaseline+AreaNormalization;pls;"{""n_components"": 7}";15.35;16.120942198747464
Biscuit_Fat_40_RandomSplit;test;0;ASLSBaseline+AreaNormalization;pls;"{""n_components"": 7}";20.16;20.80043510450847
Biscuit_Fat_40_RandomSplit;test;0;ASLSBaseline+AreaNormalization;pls;"{""n_components"": 7}";19.9;20.431724180937646
Biscuit_Fat_40_RandomSplit;test;0;ASLSBaseline+AreaNormalization;pls;"{""n_components"": 7}";18.13;18.760643781379855
Biscuit_Fat_40_RandomSplit;test;0;ASLSBaseline+AreaNormalization;pls;"{""n_components"": 7}";18.64;19.035774015188856
Biscuit_Fat_40_RandomSplit;test;0;ASLSBaseline+AreaNormalization;pls;"{""n_components"": 7}";20.07;20.430511513639157
Biscuit_Fat_40_RandomSplit;test;0;ASLSBaseline+AreaNormalization;pls;"{""n_components"": 7}";16.61;17.115008660863463
Biscuit_Fat_40_RandomSplit;test;0;ASLSBaseline+AreaNormalization;pls;"{""n_components"": 7}";20.91;21.284692177153655
Biscuit_Fat_40_RandomSplit;test;0;ASLSBaseline+AreaNormalization;pls;"{""n_components"": 7}";17.88;18.266999409666045
Biscuit_Fat_40_RandomSplit;test;0;ASLSBaseline+AreaNormalization;pls;"{""n_components"": 7}";17.2;17.564950433904162
Biscuit_Fat_40_RandomSplit;test;0;ASLSBaseline+AreaNormalization;pls;"{""n_components"": 7}";15.6;16.221447669714127
Biscuit_Fat_40_RandomSplit;test;0;ASLSBaseline+AreaNormalization;pls;"{""n_components"": 7}";19.14;19.109294586849998
Biscuit_Fat_40_RandomSplit;test;0;ASLSBaseline+AreaNormalization;pls;"{""n_components"": 7}";15.1;15.946086515617068
Biscuit_Fat_40_RandomSplit;test;0;ASLSBaseline+AreaNormalization;pls;"{""n_components"": 7}";21.67;21.539756780403067
Biscuit_Fat_40_RandomSplit;test;0;ASLSBaseline+AreaNormalization;pls;"{""n_components"": 7}";21.17;21.573545948871
Biscuit_Fat_40_RandomSplit;test;0;ASLSBaseline+AreaNormalization;pls;"{""n_components"": 7}";17.37;17.672232326067366
Biscuit_Fat_40_RandomSplit;test;0;ASLSBaseline+AreaNormalization;pls;"{""n_components"": 7}";19.4;19.320335332902975
Biscuit_Fat_40_RandomSplit;valid;1;ASLSBaseline+AreaNormalization;pls;"{""n_components"": 7}";18.37;18.48311463819751
Biscuit_Fat_40_RandomSplit;valid;1;ASLSBaseline+AreaNormalization;pls;"{""n_components"": 7}";21.59;21.41369501514216
Biscuit_Fat_40_RandomSplit;valid;1;ASLSBaseline+AreaNormalization;pls;"{""n_components"": 7}";21.25;21.330975635859105
Biscuit_Fat_40_RandomSplit;valid;1;ASLSBaseline+AreaNormalization;pls;"{""n_components"": 7}";20.58;20.526872568344185
Biscuit_Fat_40_RandomSplit;valid;1;ASLSBaseline+AreaNormalization;pls;"{""n_components"": 7}";19.4;19.51927735876246
Biscuit_Fat_40_RandomSplit;valid;1;ASLSBaseline+AreaNormalization;pls;"{""n_components"": 7}";16.02;15.421144732133648
Biscuit_Fat_40_RandomSplit;valid;1;ASLSBaseline+AreaNormalization;pls;"{""n_components"": 7}";19.73;19.995563629371794
Biscuit_Fat_40_RandomSplit;valid;1;ASLSBaseline+AreaNormalization;pls;"{""n_components"": 7}";15.18;15.765408711655956
Biscuit_Fat_40_RandomSplit;valid;1;ASLSBaseline+AreaNormalization;pls;"{""n_components"": 7}";19.9;19.86265444372904
Biscuit_Fat_40_RandomSplit;valid;1;ASLSBaseline+AreaNormalization;pls;"{""n_components"": 7}";17.03;16.795660273339465
Biscuit_Fat_40_RandomSplit;valid;1;ASLSBaseline+AreaNormalization;pls;"{""n_components"": 7}";17.54;18.071449584725997
Biscuit_Fat_40_RandomSplit;valid;1;ASLSBaseline+AreaNormalization;pls;"{""n_components"": 7}";20.41;20.432670531930757
Biscuit_Fat_40_RandomSplit;valid;1;ASLSBaseline+AreaNormalization;pls;"{""n_components"": 7}";18.38;18.20428015715301
Biscuit_Fat_40_RandomSplit;test;1;ASLSBaseline+AreaNormalization;pls;"{""n_components"": 7}";21.42;21.22017693928808
Biscuit_Fat_40_RandomSplit;test;1;ASLSBaseline+AreaNormalization;pls;"{""n_components"": 7}";18.38;18.231131581563957
Biscuit_Fat_40_RandomSplit;test;1;ASLSBaseline+AreaNormalization;pls;"{""n_components"": 7}";19.23;19.099556473991044
Biscuit_Fat_40_RandomSplit;test;1;ASLSBaseline+AreaNormalization;pls;"{""n_components"": 7}";17.12;17.321239741238756
Biscuit_Fat_40_RandomSplit;test;1;ASLSBaseline+AreaNormalization;pls;"{""n_components"": 7}";15.85;15.857261572214352
Biscuit_Fat_40_RandomSplit;test;1;ASLSBaseline+AreaNormalization;pls;"{""n_components"": 7}";16.36;16.628517699948016
Biscuit_Fat_40_RandomSplit;test;1;ASLSBaseline+AreaNormalization;pls;"{""n_components"": 7}";19.65;20.365001660454347
Biscuit_Fat_40_RandomSplit;test;1;ASLSBaseline+AreaNormalization;pls;"{""n_components"": 7}";16.87;18.016562198387312
Biscuit_Fat_40_RandomSplit;test;1;ASLSBaseline+AreaNormalization;pls;"{""n_components"": 7}";16.11;19.697302587546627
Biscuit_Fat_40_RandomSplit;test;1;ASLSBaseline+AreaNormalization;pls;"{""n_components"": 7}";18.89;20.668091924648817
Biscuit_Fat_40_RandomSplit;test;1;ASLSBaseline+AreaNormalization;pls;"{""n_components"": 7}";14.84;15.388562605602717
Biscuit_Fat_40_RandomSplit;test;1;ASLSBaseline+AreaNormalization;pls;"{""n_components"": 7}";20.66;21.97297181764828
Biscuit_Fat_40_RandomSplit;test;1;ASLSBaseline+AreaNormalization;pls;"{""n_components"": 7}";20.41;20.888360113391258
Biscuit_Fat_40_RandomSplit;test;1;ASLSBaseline+AreaNormalization;pls;"{""n_components"": 7}";16.53;17.714538498937657
Biscuit_Fat_40_RandomSplit;test;1;ASLSBaseline+AreaNormalization;pls;"{""n_components"": 7}";17.63;18.671275033128804
Biscuit_Fat_40_RandomSplit;test;1;ASLSBaseline+AreaNormalization;pls;"{""n_components"": 7}";15.35;16.815453042507933
Biscuit_Fat_40_RandomSplit;test;1;ASLSBaseline+AreaNormalization;pls;"{""n_components"": 7}";20.16;21.69743929574072
Biscuit_Fat_40_RandomSplit;test;1;ASLSBaseline+AreaNormalization;pls;"{""n_components"": 7}";19.9;20.727611595305085
Biscuit_Fat_40_RandomSplit;test;1;ASLSBaseline+AreaNormalization;pls;"{""n_components"": 7}";18.13;19.017348670774666
Biscuit_Fat_40_RandomSplit;test;1;ASLSBaseline+AreaNormalization;pls;"{""n_components"": 7}";18.64;19.408044655991027
Biscuit_Fat_40_RandomSplit;test;1;ASLSBaseline+AreaNormalization;pls;"{""n_components"": 7}";20.07;20.808162376779904
Biscuit_Fat_40_RandomSplit;test;1;ASLSBaseline+AreaNormalization;pls;"{""n_components"": 7}";16.61;17.66673313665121
Biscuit_Fat_40_RandomSplit;test;1;ASLSBaseline+AreaNormalization;pls;"{""n_components"": 7}";20.91;21.659364375354116
Biscuit_Fat_40_RandomSplit;test;1;ASLSBaseline+AreaNormalization;pls;"{""n_components"": 7}";17.88;19.118203800346425
Biscuit_Fat_40_RandomSplit;test;1;ASLSBaseline+AreaNormalization;pls;"{""n_components"": 7}";17.2;18.12489014976644
Biscuit_Fat_40_RandomSplit;test;1;ASLSBaseline+AreaNormalization;pls;"{""n_components"": 7}";15.6;16.82161550867651
Biscuit_Fat_40_RandomSplit;test;1;ASLSBaseline+AreaNormalization;pls;"{""n_components"": 7}";19.14;19.9210601326468
Biscuit_Fat_40_RandomSplit;test;1;ASLSBaseline+AreaNormalization;pls;"{""n_components"": 7}";15.1;16.294376511375386
Biscuit_Fat_40_RandomSplit;test;1;ASLSBaseline+AreaNormalization;pls;"{""n_components"": 7}";21.67;22.131117636790552
Biscuit_Fat_40_RandomSplit;test;1;ASLSBaseline+AreaNormalization;pls;"{""n_components"": 7}";21.17;21.79919661169022
Biscuit_Fat_40_RandomSplit;test;1;ASLSBaseline+AreaNormalization;pls;"{""n_components"": 7}";17.37;18.39733384524969
Biscuit_Fat_40_RandomSplit;test;1;ASLSBaseline+AreaNormalization;pls;"{""n_components"": 7}";19.4;19.562852124490643
Biscuit_Fat_40_RandomSplit;valid;2;ASLSBaseline+AreaNormalization;pls;"{""n_components"": 7}";21.08;20.24483285928032
Biscuit_Fat_40_RandomSplit;valid;2;ASLSBaseline+AreaNormalization;pls;"{""n_components"": 7}";18.55;18.760192474693362
Biscuit_Fat_40_RandomSplit;valid;2;ASLSBaseline+AreaNormalization;pls;"{""n_components"": 7}";16.53;15.986508624915434
Biscuit_Fat_40_RandomSplit;valid;2;ASLSBaseline+AreaNormalization;pls;"{""n_components"": 7}";15.69;15.55670632191608
Biscuit_Fat_40_RandomSplit;valid;2;ASLSBaseline+AreaNormalization;pls;"{""n_components"": 7}";18.77;18.194555063341742
Biscuit_Fat_40_RandomSplit;valid;2;ASLSBaseline+AreaNormalization;pls;"{""n_components"": 7}";15.01;14.715639623597564
Biscuit_Fat_40_RandomSplit;valid;2;ASLSBaseline+AreaNormalization;pls;"{""n_components"": 7}";18.72;19.019250504836307
Biscuit_Fat_40_RandomSplit;valid;2;ASLSBaseline+AreaNormalization;pls;"{""n_components"": 7}";20.75;20.548342525807158
Biscuit_Fat_40_RandomSplit;valid;2;ASLSBaseline+AreaNormalization;pls;"{""n_components"": 7}";20.07;20.123806003138636
Biscuit_Fat_40_RandomSplit;valid;2;ASLSBaseline+AreaNormalization;pls;"{""n_components"": 7}";15.52;15.910254062182378
Biscuit_Fat_40_RandomSplit;valid;2;ASLSBaseline+AreaNormalization;pls;"{""n_components"": 7}";16.7;17.09619541221224
Biscuit_Fat_40_RandomSplit;valid;2;ASLSBaseline+AreaNormalization;pls;"{""n_components"": 7}";19.23;19.308899963753742
Biscuit_Fat_40_RandomSplit;valid;2;ASLSBaseline+AreaNormalization;pls;"{""n_components"": 7}";17.2;16.979832917865963
Biscuit_Fat_40_RandomSplit;test;2;ASLSBaseline+AreaNormalization;pls;"{""n_components"": 7}";21.42;21.225380614911945
Biscuit_Fat_40_RandomSplit;test;2;ASLSBaseline+AreaNormalization;pls;"{""n_components"": 7}";18.38;18.379851275990198
Biscuit_Fat_40_RandomSplit;test;2;ASLSBaseline+AreaNormalization;pls;"{""n_components"": 7}";19.23;19.326343608176025
Biscuit_Fat_40_RandomSplit;test;2;ASLSBaseline+AreaNormalization;pls;"{""n_components"": 7}";17.12;17.483192355890196
Biscuit_Fat_40_RandomSplit;test;2;ASLSBaseline+AreaNormalization;pls;"{""n_components"": 7}";15.85;16.05192298932809
Biscuit_Fat_40_RandomSplit;test;2;ASLSBaseline+AreaNormalization;pls;"{""n_components"": 7}";16.36;16.753663633026562
Biscuit_Fat_40_RandomSplit;test;2;ASLSBaseline+AreaNormalization;pls;"{""n_components"": 7}";19.65;19.979728254390825
Biscuit_Fat_40_RandomSplit;test;2;ASLSBaseline+AreaNormalization;pls;"{""n_components"": 7}";16.87;17.57586498447977
Biscuit_Fat_40_RandomSplit;test;2;ASLSBaseline+AreaNormalization;pls;"{""n_components"": 7}";16.11;18.4625462673967
Biscuit_Fat_40_RandomSplit;test;2;ASLSBaseline+AreaNormalization;pls;"{""n_components"": 7}";18.89;19.993814253727738
Biscuit_Fat_40_RandomSplit;test;2;ASLSBaseline+AreaNormalization;pls;"{""n_components"": 7}";14.84;14.96592181182238
Biscuit_Fat_40_RandomSplit;test;2;ASLSBaseline+AreaNormalization;pls;"{""n_components"": 7}";20.66;21.268887938406568
Biscuit_Fat_40_RandomSplit;test;2;ASLSBaseline+AreaNormalization;pls;"{""n_components"": 7}";20.41;20.349850026765694
Biscuit_Fat_40_RandomSplit;test;2;ASLSBaseline+AreaNormalization;pls;"{""n_components"": 7}";16.53;17.059897956333447
Biscuit_Fat_40_RandomSplit;test;2;ASLSBaseline+AreaNormalization;pls;"{""n_components"": 7}";17.63;18.10896472353442
Biscuit_Fat_40_RandomSplit;test;2;ASLSBaseline+AreaNormalization;pls;"{""n_components"": 7}";15.35;16.098379939629453
Biscuit_Fat_40_RandomSplit;test;2;ASLSBaseline+AreaNormalization;pls;"{""n_components"": 7}";20.16;20.812498686383762
Biscuit_Fat_40_RandomSplit;test;2;ASLSBaseline+AreaNormalization;pls;"{""n_components"": 7}";19.9;20.351230549022976
Biscuit_Fat_40_RandomSplit;test;2;ASLSBaseline+AreaNormalization;pls;"{""n_components"": 7}";18.13;18.709591916375256
Biscuit_Fat_40_RandomSplit;test;2;ASLSBaseline+AreaNormalization;pls;"{""n_components"": 7}";18.64;18.906460065704245
Biscuit_Fat_40_RandomSplit;test;2;ASLSBaseline+AreaNormalization;pls;"{""n_components"": 7}";20.07;20.54695616178325
Biscuit_Fat_40_RandomSplit;test;2;ASLSBaseline+AreaNormalization;pls;"{""n_components"": 7}";16.61;17.370357358760458
Biscuit_Fat_40_RandomSplit;test;2;ASLSBaseline+AreaNormalization;pls;"{""n_components"": 7}";20.91;21.40278411277784
Biscuit_Fat_40_RandomSplit;test;2;ASLSBaseline+AreaNormalization;pls;"{""n_components"": 7}";17.88;18.609386365764873
Biscuit_Fat_40_RandomSplit;test;2;ASLSBaseline+AreaNormalization;pls;"{""n_components"": 7}";17.2;17.643500025788086
Biscuit_Fat_40_RandomSplit;test;2;ASLSBaseline+AreaNormalization;pls;"{""n_components"": 7}";15.6;16.42788689433385
Biscuit_Fat_40_RandomSplit;test;2;ASLSBaseline+AreaNormalization;pls;"{""n_components"": 7}";19.14;19.43127241175113
Biscuit_Fat_40_RandomSplit;test;2;ASLSBaseline+AreaNormalization;pls;"{""n_components"": 7}";15.1;15.762873328058522
Biscuit_Fat_40_RandomSplit;test;2;ASLSBaseline+AreaNormalization;pls;"{""n_components"": 7}";21.67;21.78974196806249
Biscuit_Fat_40_RandomSplit;test;2;ASLSBaseline+AreaNormalization;pls;"{""n_components"": 7}";21.17;21.495782425242638
Biscuit_Fat_40_RandomSplit;test;2;ASLSBaseline+AreaNormalization;pls;"{""n_components"": 7}";17.37;17.851961616349673
Biscuit_Fat_40_RandomSplit;test;2;ASLSBaseline+AreaNormalization;pls;"{""n_components"": 7}";19.4;19.428373550073662
Biscuit_Fat_40_RandomSplit;valid;0;SG_11_2_1;pls;"{""n_components"": 13}";15.35;15.770974866232972
Biscuit_Fat_40_RandomSplit;valid;0;SG_11_2_1;pls;"{""n_components"": 13}";17.88;18.35812051021707
Biscuit_Fat_40_RandomSplit;valid;0;SG_11_2_1;pls;"{""n_components"": 13}";16.19;18.178344047496687
Biscuit_Fat_40_RandomSplit;valid;0;SG_11_2_1;pls;"{""n_components"": 13}";15.85;15.90850053078303
Biscuit_Fat_40_RandomSplit;valid;0;SG_11_2_1;pls;"{""n_components"": 13}";18.05;17.8526265409207
Biscuit_Fat_40_RandomSplit;valid;0;SG_11_2_1;pls;"{""n_components"": 13}";18.89;18.03131844128936
Biscuit_Fat_40_RandomSplit;valid;0;SG_11_2_1;pls;"{""n_components"": 13}";21.42;21.631812644797403
Biscuit_Fat_40_RandomSplit;valid;0;SG_11_2_1;pls;"{""n_components"": 13}";20.24;19.72364106934363
Biscuit_Fat_40_RandomSplit;valid;0;SG_11_2_1;pls;"{""n_components"": 13}";19.56;20.357996243644845
Biscuit_Fat_40_RandomSplit;valid;0;SG_11_2_1;pls;"{""n_components"": 13}";17.37;17.6005081762961
Biscuit_Fat_40_RandomSplit;valid;0;SG_11_2_1;pls;"{""n_components"": 13}";20.91;20.899099342709576
Biscuit_Fat_40_RandomSplit;valid;0;SG_11_2_1;pls;"{""n_components"": 13}";17.71;17.824110157192433
Biscuit_Fat_40_RandomSplit;valid;0;SG_11_2_1;pls;"{""n_components"": 13}";19.06;19.011279852347162
Biscuit_Fat_40_RandomSplit;valid;0;SG_11_2_1;pls;"{""n_components"": 13}";16.36;16.166447198984695
Biscuit_Fat_40_RandomSplit;test;0;SG_11_2_1;pls;"{""n_components"": 13}";21.42;21.743891947203487
Biscuit_Fat_40_RandomSplit;test;0;SG_11_2_1;pls;"{""n_components"": 13}";18.38;18.695465477706914
Biscuit_Fat_40_RandomSplit;test;0;SG_11_2_1;pls;"{""n_components"": 13}";19.23;19.46905490043096
Biscuit_Fat_40_RandomSplit;test;0;SG_11_2_1;pls;"{""n_components"": 13}";17.12;17.911612029542752
Biscuit_Fat_40_RandomSplit;test;0;SG_11_2_1;pls;"{""n_components"": 13}";15.85;16.342854454939875
Biscuit_Fat_40_RandomSplit;test;0;SG_11_2_1;pls;"{""n_components"": 13}";16.36;16.74029868813654
Biscuit_Fat_40_RandomSplit;test;0;SG_11_2_1;pls;"{""n_components"": 13}";19.65;18.999424307690738
Biscuit_Fat_40_RandomSplit;test;0;SG_11_2_1;pls;"{""n_components"": 13}";16.87;16.288282983103556
Biscuit_Fat_40_RandomSplit;test;0;SG_11_2_1;pls;"{""n_components"": 13}";16.11;13.20114804507886
Biscuit_Fat_40_RandomSplit;test;0;SG_11_2_1;pls;"{""n_components"": 13}";18.89;17.495427453803284
Biscuit_Fat_40_RandomSplit;test;0;SG_11_2_1;pls;"{""n_components"": 13}";14.84;13.942888416291957
Biscuit_Fat_40_RandomSplit;test;0;SG_11_2_1;pls;"{""n_components"": 13}";20.66;19.660389273217486
Biscuit_Fat_40_RandomSplit;test;0;SG_11_2_1;pls;"{""n_components"": 13}";20.41;19.974636663376682
Biscuit_Fat_40_RandomSplit;test;0;SG_11_2_1;pls;"{""n_components"": 13}";16.53;14.865030499475974
Biscuit_Fat_40_RandomSplit;test;0;SG_11_2_1;pls;"{""n_components"": 13}";17.63;17.28660910428444
Biscuit_Fat_40_RandomSplit;test;0;SG_11_2_1;pls;"{""n_components"": 13}";15.35;14.540191206709185
Biscuit_Fat_40_RandomSplit;test;0;SG_11_2_1;pls;"{""n_components"": 13}";20.16;20.168851117257752
Biscuit_Fat_40_RandomSplit;test;0;SG_11_2_1;pls;"{""n_components"": 13}";19.9;19.87784784328901
Biscuit_Fat_40_RandomSplit;test;0;SG_11_2_1;pls;"{""n_components"": 13}";18.13;18.386116015725136
Biscuit_Fat_40_RandomSplit;test;0;SG_11_2_1;pls;"{""n_components"": 13}";18.64;18.6082817240619
Biscuit_Fat_40_RandomSplit;test;0;SG_11_2_1;pls;"{""n_components"": 13}";20.07;19.84305659400299
Biscuit_Fat_40_RandomSplit;test;0;SG_11_2_1;pls;"{""n_components"": 13}";16.61;16.32260042458375
Biscuit_Fat_40_RandomSplit;test;0;SG_11_2_1;pls;"{""n_components"": 13}";20.91;20.69911871315639
Biscuit_Fat_40_RandomSplit;test;0;SG_11_2_1;pls;"{""n_components"": 13}";17.88;17.22618568575676
Biscuit_Fat_40_RandomSplit;test;0;SG_11_2_1;pls;"{""n_components"": 13}";17.2;16.40333157158509
Biscuit_Fat_40_RandomSplit;test;0;SG_11_2_1;pls;"{""n_components"": 13}";15.6;14.986639401317088
Biscuit_Fat_40_RandomSplit;test;0;SG_11_2_1;pls;"{""n_components"": 13}";19.14;18.243340065352957
Biscuit_Fat_40_RandomSplit;test;0;SG_11_2_1;pls;"{""n_components"": 13}";15.1;15.185154320199153
Biscuit_Fat_40_RandomSplit;test;0;SG_11_2_1;pls;"{""n_components"": 13}";21.67;20.782524812873188
Biscuit_Fat_40_RandomSplit;test;0;SG_11_2_1;pls;"{""n_components"": 13}";21.17;20.97630490872656
Biscuit_Fat_40_RandomSplit;test;0;SG_11_2_1;pls;"{""n_components"": 13}";17.37;16.634753183448588
Biscuit_Fat_40_RandomSplit;test;0;SG_11_2_1;pls;"{""n_components"": 13}";19.4;19.068307660993707
Biscuit_Fat_40_RandomSplit;valid;1;SG_11_2_1;pls;"{""n_components"": 13}";18.37;18.852013926014827
Biscuit_Fat_40_RandomSplit;valid;1;SG_11_2_1;pls;"{""n_components"": 13}";21.59;20.479662395071948
Biscuit_Fat_40_RandomSplit;valid;1;SG_11_2_1;pls;"{""n_components"": 13}";21.25;21.10681267646602
Biscuit_Fat_40_RandomSplit;valid;1;SG_11_2_1;pls;"{""n_components"": 13}";20.58;20.031362980106632
Biscuit_Fat_40_RandomSplit;valid;1;SG_11_2_1;pls;"{""n_components"": 13}";19.4;19.775214823856167
Biscuit_Fat_40_RandomSplit;valid;1;SG_11_2_1;pls;"{""n_components"": 13}";16.02;14.921756281260866
Biscuit_Fat_40_RandomSplit;valid;1;SG_11_2_1;pls;"{""n_components"": 13}";19.73;19.620881219657143
Biscuit_Fat_40_RandomSplit;valid;1;SG_11_2_1;pls;"{""n_components"": 13}";15.18;15.556677486806871
Biscuit_Fat_40_RandomSplit;valid;1;SG_11_2_1;pls;"{""n_components"": 13}";19.9;19.33262304553631
Biscuit_Fat_40_RandomSplit;valid;1;SG_11_2_1;pls;"{""n_components"": 13}";17.03;16.432356659759087
Biscuit_Fat_40_RandomSplit;valid;1;SG_11_2_1;pls;"{""n_components"": 13}";17.54;17.78709119821296
Biscuit_Fat_40_RandomSplit;valid;1;SG_11_2_1;pls;"{""n_components"": 13}";20.41;20.220971139525926
Biscuit_Fat_40_RandomSplit;valid;1;SG_11_2_1;pls;"{""n_components"": 13}";18.38;18.368587984959905
Biscuit_Fat_40_RandomSplit;test;1;SG_11_2_1;pls;"{""n_components"": 13}";21.42;21.38638762924695
Biscuit_Fat_40_RandomSplit;test;1;SG_11_2_1;pls;"{""n_components"": 13}";18.38;18.440338574955295
Biscuit_Fat_40_RandomSplit;test;1;SG_11_2_1;pls;"{""n_components"": 13}";19.23;19.128433334457085
Biscuit_Fat_40_RandomSplit;test;1;SG_11_2_1;pls;"{""n_components"": 13}";17.12;17.487213315537666
Biscuit_Fat_40_RandomSplit;test;1;SG_11_2_1;pls;"{""n_components"": 13}";15.85;15.501820067333536
Biscuit_Fat_40_RandomSplit;test;1;SG_11_2_1;pls;"{""n_components"": 13}";16.36;16.693660561372127
Biscuit_Fat_40_RandomSplit;test;1;SG_11_2_1;pls;"{""n_components"": 13}";19.65;20.3101991992716
Biscuit_Fat_40_RandomSplit;test;1;SG_11_2_1;pls;"{""n_components"": 13}";16.87;18.472986948870936
Biscuit_Fat_40_RandomSplit;test;1;SG_11_2_1;pls;"{""n_components"": 13}";16.11;19.791355843046375
Biscuit_Fat_40_RandomSplit;test;1;SG_11_2_1;pls;"{""n_components"": 13}";18.89;20.649180787411904
Biscuit_Fat_40_RandomSplit;test;1;SG_11_2_1;pls;"{""n_components"": 13}";14.84;15.216302354951548
Biscuit_Fat_40_RandomSplit;test;1;SG_11_2_1;pls;"{""n_components"": 13}";20.66;21.740578918020695
Biscuit_Fat_40_RandomSplit;test;1;SG_11_2_1;pls;"{""n_components"": 13}";20.41;21.548611914294458
Biscuit_Fat_40_RandomSplit;test;1;SG_11_2_1;pls;"{""n_components"": 13}";16.53;17.221712202313434
Biscuit_Fat_40_RandomSplit;test;1;SG_11_2_1;pls;"{""n_components"": 13}";17.63;18.006857945407646
Biscuit_Fat_40_RandomSplit;test;1;SG_11_2_1;pls;"{""n_components"": 13}";15.35;15.846435823817826
Biscuit_Fat_40_RandomSplit;test;1;SG_11_2_1;pls;"{""n_components"": 13}";20.16;22.252641818632092
Biscuit_Fat_40_RandomSplit;test;1;SG_11_2_1;pls;"{""n_components"": 13}";19.9;20.829327754785247
Biscuit_Fat_40_RandomSplit;test;1;SG_11_2_1;pls;"{""n_components"": 13}";18.13;18.832917843105008
Biscuit_Fat_40_RandomSplit;test;1;SG_11_2_1;pls;"{""n_components"": 13}";18.64;19.39926826568466
Biscuit_Fat_40_RandomSplit;test;1;SG_11_2_1;pls;"{""n_components"": 13}";20.07;19.85991117835682
Biscuit_Fat_40_RandomSplit;test;1;SG_11_2_1;pls;"{""n_components"": 13}";16.61;17.0869880120474
Biscuit_Fat_40_RandomSplit;test;1;SG_11_2_1;pls;"{""n_components"": 13}";20.91;22.05637149281137
Biscuit_Fat_40_RandomSplit;test;1;SG_11_2_1;pls;"{""n_components"": 13}";17.88;19.358381092307503
Biscuit_Fat_40_RandomSplit;test;1;SG_11_2_1;pls;"{""n_components"": 13}";17.2;18.001708681556394
Biscuit_Fat_40_RandomSplit;test;1;SG_11_2_1;pls;"{""n_components"": 13}";15.6;16.87032186329342
Biscuit_Fat_40_RandomSplit;test;1;SG_11_2_1;pls;"{""n_components"": 13}";19.14;19.43316884367124
Biscuit_Fat_40_RandomSplit;test;1;SG_11_2_1;pls;"{""n_components"": 13}";15.1;16.210905959431933
Biscuit_Fat_40_RandomSplit;test;1;SG_11_2_1;pls;"{""n_components"": 13}";21.67;22.5798857590265
Biscuit_Fat_40_RandomSplit;test;1;SG_11_2_1;pls;"{""n_components"": 13}";21.17;22.124398127615986
Biscuit_Fat_40_RandomSplit;test;1;SG_11_2_1;pls;"{""n_components"": 13}";17.37;18.818042624705257
Biscuit_Fat_40_RandomSplit;test;1;SG_11_2_1;pls;"{""n_components"": 13}";19.4;18.76523227526328
Biscuit_Fat_40_RandomSplit;valid;2;SG_11_2_1;pls;"{""n_components"": 13}";21.08;20.611876122637852
Biscuit_Fat_40_RandomSplit;valid;2;SG_11_2_1;pls;"{""n_components"": 13}";18.55;18.362203709561353
Biscuit_Fat_40_RandomSplit;valid;2;SG_11_2_1;pls;"{""n_components"": 13}";16.53;16.384865882445922
Biscuit_Fat_40_RandomSplit;valid;2;SG_11_2_1;pls;"{""n_components"": 13}";15.69;15.280575591198158
Biscuit_Fat_40_RandomSplit;valid;2;SG_11_2_1;pls;"{""n_components"": 13}";18.77;17.850865956494182
Biscuit_Fat_40_RandomSplit;valid;2;SG_11_2_1;pls;"{""n_components"": 13}";15.01;14.803205716461163
Biscuit_Fat_40_RandomSplit;valid;2;SG_11_2_1;pls;"{""n_components"": 13}";18.72;19.538960552681587
Biscuit_Fat_40_RandomSplit;valid;2;SG_11_2_1;pls;"{""n_components"": 13}";20.75;20.38683784521665
Biscuit_Fat_40_RandomSplit;valid;2;SG_11_2_1;pls;"{""n_components"": 13}";20.07;19.688912003524116
Biscuit_Fat_40_RandomSplit;valid;2;SG_11_2_1;pls;"{""n_components"": 13}";15.52;16.372697491944166
Biscuit_Fat_40_RandomSplit;valid;2;SG_11_2_1;pls;"{""n_components"": 13}";16.7;16.65620669016819
Biscuit_Fat_40_RandomSplit;valid;2;SG_11_2_1;pls;"{""n_components"": 13}";19.23;19.409579882573496
Biscuit_Fat_40_RandomSplit;valid;2;SG_11_2_1;pls;"{""n_components"": 13}";17.2;17.407694474575177
Biscuit_Fat_40_RandomSplit;test;2;SG_11_2_1;pls;"{""n_components"": 13}";21.42;21.01701860071705
Biscuit_Fat_40_RandomSplit;test;2;SG_11_2_1;pls;"{""n_components"": 13}";18.38;18.33936645019149
Biscuit_Fat_40_RandomSplit;test;2;SG_11_2_1;pls;"{""n_components"": 13}";19.23;19.527761871629544
Biscuit_Fat_40_RandomSplit;test;2;SG_11_2_1;pls;"{""n_components"": 13}";17.12;17.856303018516517
Biscuit_Fat_40_RandomSplit;test;2;SG_11_2_1;pls;"{""n_components"": 13}";15.85;16.02611982200329
Biscuit_Fat_40_RandomSplit;test;2;SG_11_2_1;pls;"{""n_components"": 13}";16.36;16.631321707181062
Biscuit_Fat_40_RandomSplit;test;2;SG_11_2_1;pls;"{""n_components"": 13}";19.65;19.745190948007764
Biscuit_Fat_40_RandomSplit;test;2;SG_11_2_1;pls;"{""n_components"": 13}";16.87;16.77080808650708
Biscuit_Fat_40_RandomSplit;test;2;SG_11_2_1;pls;"{""n_components"": 13}";16.11;18.775862619745716
Biscuit_Fat_40_RandomSplit;test;2;SG_11_2_1;pls;"{""n_components"": 13}";18.89;20.426585676529935
Biscuit_Fat_40_RandomSplit;test;2;SG_11_2_1;pls;"{""n_components"": 13}";14.84;14.79894813647731
Biscuit_Fat_40_RandomSplit;test;2;SG_11_2_1;pls;"{""n_components"": 13}";20.66;21.26134423922691
Biscuit_Fat_40_RandomSplit;test;2;SG_11_2_1;pls;"{""n_components"": 13}";20.41;19.694159124085886
Biscuit_Fat_40_RandomSplit;test;2;SG_11_2_1;pls;"{""n_components"": 13}";16.53;16.388448763118664
Biscuit_Fat_40_RandomSplit;test;2;SG_11_2_1;pls;"{""n_components"": 13}";17.63;18.240490464015178
Biscuit_Fat_40_RandomSplit;test;2;SG_11_2_1;pls;"{""n_components"": 13}";15.35;15.96001342005385
Biscuit_Fat_40_RandomSplit;test;2;SG_11_2_1;pls;"{""n_components"": 13}";20.16;20.77744078684684
Biscuit_Fat_40_RandomSplit;test;2;SG_11_2_1;pls;"{""n_components"": 13}";19.9;20.418688591113522
Biscuit_Fat_40_RandomSplit;test;2;SG_11_2_1;pls;"{""n_components"": 13}";18.13;19.30491123921331
Biscuit_Fat_40_RandomSplit;test;2;SG_11_2_1;pls;"{""n_components"": 13}";18.64;18.500359873787
Biscuit_Fat_40_RandomSplit;test;2;SG_11_2_1;pls;"{""n_components"": 13}";20.07;20.634314279575182
Biscuit_Fat_40_RandomSplit;test;2;SG_11_2_1;pls;"{""n_components"": 13}";16.61;17.943771759753208
Biscuit_Fat_40_RandomSplit;test;2;SG_11_2_1;pls;"{""n_components"": 13}";20.91;21.280421027300306
Biscuit_Fat_40_RandomSplit;test;2;SG_11_2_1;pls;"{""n_components"": 13}";17.88;18.404244063442015
Biscuit_Fat_40_RandomSplit;test;2;SG_11_2_1;pls;"{""n_components"": 13}";17.2;18.041809865045085
Biscuit_Fat_40_RandomSplit;test;2;SG_11_2_1;pls;"{""n_components"": 13}";15.6;16.29170129333572
Biscuit_Fat_40_RandomSplit;test;2;SG_11_2_1;pls;"{""n_components"": 13}";19.14;19.81314600144216
Biscuit_Fat_40_RandomSplit;test;2;SG_11_2_1;pls;"{""n_components"": 13}";15.1;15.684744267021458
Biscuit_Fat_40_RandomSplit;test;2;SG_11_2_1;pls;"{""n_components"": 13}";21.67;21.410526490218263
Biscuit_Fat_40_RandomSplit;test;2;SG_11_2_1;pls;"{""n_components"": 13}";21.17;21.313523733272888
Biscuit_Fat_40_RandomSplit;test;2;SG_11_2_1;pls;"{""n_components"": 13}";17.37;17.681089209102517
Biscuit_Fat_40_RandomSplit;test;2;SG_11_2_1;pls;"{""n_components"": 13}";19.4;20.254058411906396
Biscuit_Fat_40_RandomSplit;valid;0;SG_11_2_1+Haar;pls;"{""n_components"": 10}";15.35;16.16684207107012
Biscuit_Fat_40_RandomSplit;valid;0;SG_11_2_1+Haar;pls;"{""n_components"": 10}";17.88;18.545999004935645
Biscuit_Fat_40_RandomSplit;valid;0;SG_11_2_1+Haar;pls;"{""n_components"": 10}";16.19;18.132549124245028
Biscuit_Fat_40_RandomSplit;valid;0;SG_11_2_1+Haar;pls;"{""n_components"": 10}";15.85;15.566620326059263
Biscuit_Fat_40_RandomSplit;valid;0;SG_11_2_1+Haar;pls;"{""n_components"": 10}";18.05;18.05488232732122
Biscuit_Fat_40_RandomSplit;valid;0;SG_11_2_1+Haar;pls;"{""n_components"": 10}";18.89;18.187305259129843
Biscuit_Fat_40_RandomSplit;valid;0;SG_11_2_1+Haar;pls;"{""n_components"": 10}";21.42;21.500867384620115
Biscuit_Fat_40_RandomSplit;valid;0;SG_11_2_1+Haar;pls;"{""n_components"": 10}";20.24;20.006146528932373
Biscuit_Fat_40_RandomSplit;valid;0;SG_11_2_1+Haar;pls;"{""n_components"": 10}";19.56;20.925013753974692
Biscuit_Fat_40_RandomSplit;valid;0;SG_11_2_1+Haar;pls;"{""n_components"": 10}";17.37;17.63032139379726
Biscuit_Fat_40_RandomSplit;valid;0;SG_11_2_1+Haar;pls;"{""n_components"": 10}";20.91;20.79478506402318
Biscuit_Fat_40_RandomSplit;valid;0;SG_11_2_1+Haar;pls;"{""n_components"": 10}";17.71;17.792566446171993
Biscuit_Fat_40_RandomSplit;valid;0;SG_11_2_1+Haar;pls;"{""n_components"": 10}";19.06;19.232851206456072
Biscuit_Fat_40_RandomSplit;valid;0;SG_11_2_1+Haar;pls;"{""n_components"": 10}";16.36;16.387957007171334
Biscuit_Fat_40_RandomSplit;test;0;SG_11_2_1+Haar;pls;"{""n_components"": 10}";21.42;21.39081265678479
Biscuit_Fat_40_RandomSplit;test;0;SG_11_2_1+Haar;pls;"{""n_components"": 10}";18.38;18.80341907508697
Biscuit_Fat_40_RandomSplit;test;0;SG_11_2_1+Haar;pls;"{""n_components"": 10}";19.23;19.22985330293418
Biscuit_Fat_40_RandomSplit;test;0;SG_11_2_1+Haar;pls;"{""n_components"": 10}";17.12;18.176822753799897
Biscuit_Fat_40_RandomSplit;test;0;SG_11_2_1+Haar;pls;"{""n_components"": 10}";15.85;16.501091779286607
Biscuit_Fat_40_RandomSplit;test;0;SG_11_2_1+Haar;pls;"{""n_components"": 10}";16.36;17.098537347001567
Biscuit_Fat_40_RandomSplit;test;0;SG_11_2_1+Haar;pls;"{""n_components"": 10}";19.65;19.29241228181607
Biscuit_Fat_40_RandomSplit;test;0;SG_11_2_1+Haar;pls;"{""n_components"": 10}";16.87;16.819632783581017
Biscuit_Fat_40_RandomSplit;test;0;SG_11_2_1+Haar;pls;"{""n_components"": 10}";16.11;14.333901022214029
Biscuit_Fat_40_RandomSplit;test;0;SG_11_2_1+Haar;pls;"{""n_components"": 10}";18.89;18.685243351627577
Biscuit_Fat_40_RandomSplit;test;0;SG_11_2_1+Haar;pls;"{""n_components"": 10}";14.84;14.571463373710834
Biscuit_Fat_40_RandomSplit;test;0;SG_11_2_1+Haar;pls;"{""n_components"": 10}";20.66;20.3523211930458
Biscuit_Fat_40_RandomSplit;test;0;SG_11_2_1+Haar;pls;"{""n_components"": 10}";20.41;20.39507510188102
Biscuit_Fat_40_RandomSplit;test;0;SG_11_2_1+Haar;pls;"{""n_components"": 10}";16.53;16.26096645730272
Biscuit_Fat_40_RandomSplit;test;0;SG_11_2_1+Haar;pls;"{""n_components"": 10}";17.63;18.4464147413271
Biscuit_Fat_40_RandomSplit;test;0;SG_11_2_1+Haar;pls;"{""n_components"": 10}";15.35;15.771216696044057
Biscuit_Fat_40_RandomSplit;test;0;SG_11_2_1+Haar;pls;"{""n_components"": 10}";20.16;21.143905755589575
Biscuit_Fat_40_RandomSplit;test;0;SG_11_2_1+Haar;pls;"{""n_components"": 10}";19.9;20.454526784911867
Biscuit_Fat_40_RandomSplit;test;0;SG_11_2_1+Haar;pls;"{""n_components"": 10}";18.13;19.055297583124766
Biscuit_Fat_40_RandomSplit;test;0;SG_11_2_1+Haar;pls;"{""n_components"": 10}";18.64;19.35712367731852
Biscuit_Fat_40_RandomSplit;test;0;SG_11_2_1+Haar;pls;"{""n_components"": 10}";20.07;20.909787549191716
Biscuit_Fat_40_RandomSplit;test;0;SG_11_2_1+Haar;pls;"{""n_components"": 10}";16.61;16.759690401298307
Biscuit_Fat_40_RandomSplit;test;0;SG_11_2_1+Haar;pls;"{""n_components"": 10}";20.91;20.780534768335237
Biscuit_Fat_40_RandomSplit;test;0;SG_11_2_1+Haar;pls;"{""n_components"": 10}";17.88;17.664457802576898
Biscuit_Fat_40_RandomSplit;test;0;SG_11_2_1+Haar;pls;"{""n_components"": 10}";17.2;17.009854833183397
Biscuit_Fat_40_RandomSplit;test;0;SG_11_2_1+Haar;pls;"{""n_components"": 10}";15.6;15.889510488511796
Biscuit_Fat_40_RandomSplit;test;0;SG_11_2_1+Haar;pls;"{""n_components"": 10}";19.14;19.208665167857667
Biscuit_Fat_40_RandomSplit;test;0;SG_11_2_1+Haar;pls;"{""n_components"": 10}";15.1;15.847286071333563
Biscuit_Fat_40_RandomSplit;test;0;SG_11_2_1+Haar;pls;"{""n_components"": 10}";21.67;20.46699033661007
Biscuit_Fat_40_RandomSplit;test;0;SG_11_2_1+Haar;pls;"{""n_components"": 10}";21.17;21.297823331302414
Biscuit_Fat_40_RandomSplit;test;0;SG_11_2_1+Haar;pls;"{""n_components"": 10}";17.37;17.344800034727104
Biscuit_Fat_40_RandomSplit;test;0;SG_11_2_1+Haar;pls;"{""n_components"": 10}";19.4;19.64815087775544
Biscuit_Fat_40_RandomSplit;valid;1;SG_11_2_1+Haar;pls;"{""n_components"": 10}";18.37;18.54785432172883
Biscuit_Fat_40_RandomSplit;valid;1;SG_11_2_1+Haar;pls;"{""n_components"": 10}";21.59;20.492756030223347
Biscuit_Fat_40_RandomSplit;valid;1;SG_11_2_1+Haar;pls;"{""n_components"": 10}";21.25;20.927742214991074
Biscuit_Fat_40_RandomSplit;valid;1;SG_11_2_1+Haar;pls;"{""n_components"": 10}";20.58;20.649957862703154
Biscuit_Fat_40_RandomSplit;valid;1;SG_11_2_1+Haar;pls;"{""n_components"": 10}";19.4;19.44610639589669
Biscuit_Fat_40_RandomSplit;valid;1;SG_11_2_1+Haar;pls;"{""n_components"": 10}";16.02;15.283204105289458
Biscuit_Fat_40_RandomSplit;valid;1;SG_11_2_1+Haar;pls;"{""n_components"": 10}";19.73;19.60923096808422
Biscuit_Fat_40_RandomSplit;valid;1;SG_11_2_1+Haar;pls;"{""n_components"": 10}";15.18;15.870922710081711
Biscuit_Fat_40_RandomSplit;valid;1;SG_11_2_1+Haar;pls;"{""n_components"": 10}";19.9;18.20166216480227
Biscuit_Fat_40_RandomSplit;valid;1;SG_11_2_1+Haar;pls;"{""n_components"": 10}";17.03;16.62443619103467
Biscuit_Fat_40_RandomSplit;valid;1;SG_11_2_1+Haar;pls;"{""n_components"": 10}";17.54;17.81148673868422
Biscuit_Fat_40_RandomSplit;valid;1;SG_11_2_1+Haar;pls;"{""n_components"": 10}";20.41;20.192651432474854
Biscuit_Fat_40_RandomSplit;valid;1;SG_11_2_1+Haar;pls;"{""n_components"": 10}";18.38;17.83843675211297
Biscuit_Fat_40_RandomSplit;test;1;SG_11_2_1+Haar;pls;"{""n_components"": 10}";21.42;21.377275379300325
Biscuit_Fat_40_RandomSplit;test;1;SG_11_2_1+Haar;pls;"{""n_components"": 10}";18.38;18.65603619591609
Biscuit_Fat_40_RandomSplit;test;1;SG_11_2_1+Haar;pls;"{""n_components"": 10}";19.23;19.031779217080903
Biscuit_Fat_40_RandomSplit;test;1;SG_11_2_1+Haar;pls;"{""n_components"": 10}";17.12;17.91465979915765
Biscuit_Fat_40_RandomSplit;test;1;SG_11_2_1+Haar;pls;"{""n_components"": 10}";15.85;16.300760524344934
Biscuit_Fat_40_RandomSplit;test;1;SG_11_2_1+Haar;pls;"{""n_components"": 10}";16.36;17.007509162381346
Biscuit_Fat_40_RandomSplit;test;1;SG_11_2_1+Haar;pls;"{""n_components"": 10}";19.65;19.912500406101028
Biscuit_Fat_40_RandomSplit;test;1;SG_11_2_1+Haar;pls;"{""n_components"": 10}";16.87;17.812413845579616
Biscuit_Fat_40_RandomSplit;test;1;SG_11_2_1+Haar;pls;"{""n_components"": 10}";16.11;17.33274011638598
Biscuit_Fat_40_RandomSplit;test;1;SG_11_2_1+Haar;pls;"{""n_components"": 10}";18.89;20.460363011290735
Biscuit_Fat_40_RandomSplit;test;1;SG_11_2_1+Haar;pls;"{""n_components"": 10}";14.84;15.774742604171507
Biscuit_Fat_40_RandomSplit;test;1;SG_11_2_1+Haar;pls;"{""n_components"": 10}";20.66;21.58063937017504
Biscuit_Fat_40_RandomSplit;test;1;SG_11_2_1+Haar;pls;"{""n_components"": 10}";20.41;21.39905808638372
Biscuit_Fat_40_RandomSplit;test;1;SG_11_2_1+Haar;pls;"{""n_components"": 10}";16.53;17.232486530250746
Biscuit_Fat_40_RandomSplit;test;1;SG_11_2_1+Haar;pls;"{""n_components"": 10}";17.63;18.507091447159528
Biscuit_Fat_40_RandomSplit;test;1;SG_11_2_1+Haar;pls;"{""n_components"": 10}";15.35;16.321643000351465
Biscuit_Fat_40_RandomSplit;test;1;SG_11_2_1+Haar;pls;"{""n_components"": 10}";20.16;21.978124418734
Biscuit_Fat_40_RandomSplit;test;1;SG_11_2_1+Haar;pls;"{""n_components"": 10}";19.9;20.93311301983157
Biscuit_Fat_40_RandomSplit;test;1;SG_11_2_1+Haar;pls;"{""n_components"": 10}";18.13;19.42888141953614
Biscuit_Fat_40_RandomSplit;test;1;SG_11_2_1+Haar;pls;"{""n_components"": 10}";18.64;19.81723748092896
Biscuit_Fat_40_RandomSplit;test;1;SG_11_2_1+Haar;pls;"{""n_components"": 10}";20.07;20.800629480748036
Biscuit_Fat_40_RandomSplit;test;1;SG_11_2_1+Haar;pls;"{""n_components"": 10}";16.61;17.3567005730347
Biscuit_Fat_40_RandomSplit;test;1;SG_11_2_1+Haar;pls;"{""n_components"": 10}";20.91;21.618661694958842
Biscuit_Fat_40_RandomSplit;test;1;SG_11_2_1+Haar;pls;"{""n_components"": 10}";17.88;19.526758773452723
Biscuit_Fat_40_RandomSplit;test;1;SG_11_2_1+Haar;pls;"{""n_components"": 10}";17.2;18.270160462878447
Biscuit_Fat_40_RandomSplit;test;1;SG_11_2_1+Haar;pls;"{""n_components"": 10}";15.6;16.835975684057292
Biscuit_Fat_40_RandomSplit;test;1;SG_11_2_1+Haar;pls;"{""n_components"": 10}";19.14;19.613431071379456
Biscuit_Fat_40_RandomSplit;test;1;SG_11_2_1+Haar;pls;"{""n_components"": 10}";15.1;16.241414972128755
Biscuit_Fat_40_RandomSplit;test;1;SG_11_2_1+Haar;pls;"{""n_components"": 10}";21.67;21.953788601681055
Biscuit_Fat_40_RandomSplit;test;1;SG_11_2_1+Haar;pls;"{""n_components"": 10}";21.17;22.089022684580748
Biscuit_Fat_40_RandomSplit;test;1;SG_11_2_1+Haar;pls;"{""n_components"": 10}";17.37;18.687417397932524
Biscuit_Fat_40_RandomSplit;test;1;SG_11_2_1+Haar;pls;"{""n_components"": 10}";19.4;19.37270744363496
Biscuit_Fat_40_RandomSplit;valid;2;SG_11_2_1+Haar;pls;"{""n_components"": 10}";21.08;20.339919351987277
Biscuit_Fat_40_RandomSplit;valid;2;SG_11_2_1+Haar;pls;"{""n_components"": 10}";18.55;18.78965206781591
Biscuit_Fat_40_RandomSplit;valid;2;SG_11_2_1+Haar;pls;"{""n_components"": 10}";16.53;15.662963233351961
Biscuit_Fat_40_RandomSplit;valid;2;SG_11_2_1+Haar;pls;"{""n_components"": 10}";15.69;15.680684360282067
Biscuit_Fat_40_RandomSplit;valid;2;SG_11_2_1+Haar;pls;"{""n_components"": 10}";18.77;18.539637340391565
Biscuit_Fat_40_RandomSplit;valid;2;SG_11_2_1+Haar;pls;"{""n_components"": 10}";15.01;15.67250532323693
Biscuit_Fat_40_RandomSplit;valid;2;SG_11_2_1+Haar;pls;"{""n_components"": 10}";18.72;19.486690032406436
Biscuit_Fat_40_RandomSplit;valid;2;SG_11_2_1+Haar;pls;"{""n_components"": 10}";20.75;20.238638421353293
Biscuit_Fat_40_RandomSplit;valid;2;SG_11_2_1+Haar;pls;"{""n_components"": 10}";20.07;20.066492151415574
Biscuit_Fat_40_RandomSplit;valid;2;SG_11_2_1+Haar;pls;"{""n_components"": 10}";15.52;15.788376100346168
Biscuit_Fat_40_RandomSplit;valid;2;SG_11_2_1+Haar;pls;"{""n_components"": 10}";16.7;16.68466240196792
Biscuit_Fat_40_RandomSplit;valid;2;SG_11_2_1+Haar;pls;"{""n_components"": 10}";19.23;19.66410756355605
Biscuit_Fat_40_RandomSplit;valid;2;SG_11_2_1+Haar;pls;"{""n_components"": 10}";17.2;17.635640830633772
Biscuit_Fat_40_RandomSplit;test;2;SG_11_2_1+Haar;pls;"{""n_components"": 10}";21.42;21.655878107817458
Biscuit_Fat_40_RandomSplit;test;2;SG_11_2_1+Haar;pls;"{""n_components"": 10}";18.38;18.827470170395294
Biscuit_Fat_40_RandomSplit;test;2;SG_11_2_1+Haar;pls;"{""n_components"": 10}";19.23;19.703250352774365
Biscuit_Fat_40_RandomSplit;test;2;SG_11_2_1+Haar;pls;"{""n_components"": 10}";17.12;18.19620391654347
Biscuit_Fat_40_RandomSplit;test;2;SG_11_2_1+Haar;pls;"{""n_components"": 10}";15.85;16.24517112597593
Biscuit_Fat_40_RandomSplit;test;2;SG_11_2_1+Haar;pls;"{""n_components"": 10}";16.36;17.562103502950983
Biscuit_Fat_40_RandomSplit;test;2;SG_11_2_1+Haar;pls;"{""n_components"": 10}";19.65;19.817008437391912
Biscuit_Fat_40_RandomSplit;test;2;SG_11_2_1+Haar;pls;"{""n_components"": 10}";16.87;17.219162410130355
Biscuit_Fat_40_RandomSplit;test;2;SG_11_2_1+Haar;pls;"{""n_components"": 10}";16.11;16.750635517222015
Biscuit_Fat_40_RandomSplit;test;2;SG_11_2_1+Haar;pls;"{""n_components"": 10}";18.89;20.18073781172949
Biscuit_Fat_40_RandomSplit;test;2;SG_11_2_1+Haar;pls;"{""n_components"": 10}";14.84;15.611792480749278
Biscuit_Fat_40_RandomSplit;test;2;SG_11_2_1+Haar;pls;"{""n_components"": 10}";20.66;21.323871329057013
Biscuit_Fat_40_RandomSplit;test;2;SG_11_2_1+Haar;pls;"{""n_components"": 10}";20.41;20.33085009019293
Biscuit_Fat_40_RandomSplit;test;2;SG_11_2_1+Haar;pls;"{""n_components"": 10}";16.53;17.02490269142695
Biscuit_Fat_40_RandomSplit;test;2;SG_11_2_1+Haar;pls;"{""n_components"": 10}";17.63;18.342322435478774
Biscuit_Fat_40_RandomSplit;test;2;SG_11_2_1+Haar;pls;"{""n_components"": 10}";15.35;15.2406511704731
Biscuit_Fat_40_RandomSplit;test;2;SG_11_2_1+Haar;pls;"{""n_components"": 10}";20.16;20.294337616798153
Biscuit_Fat_40_RandomSplit;test;2;SG_11_2_1+Haar;pls;"{""n_components"": 10}";19.9;20.75860017506473
Biscuit_Fat_40_RandomSplit;test;2;SG_11_2_1+Haar;pls;"{""n_components"": 10}";18.13;19.241063064013954
Biscuit_Fat_40_RandomSplit;test;2;SG_11_2_1+Haar;pls;"{""n_components"": 10}";18.64;18.94368168298427
Biscuit_Fat_40_RandomSplit;test;2;SG_11_2_1+Haar;pls;"{""n_components"": 10}";20.07;21.00777673306823
Biscuit_Fat_40_RandomSplit;test;2;SG_11_2_1+Haar;pls;"{""n_components"": 10}";16.61;17.638448997188114
Biscuit_Fat_40_RandomSplit;test;2;SG_11_2_1+Haar;pls;"{""n_components"": 10}";20.91;21.85043673786649
Biscuit_Fat_40_RandomSplit;test;2;SG_11_2_1+Haar;pls;"{""n_components"": 10}";17.88;18.704681822531693
Biscuit_Fat_40_RandomSplit;test;2;SG_11_2_1+Haar;pls;"{""n_components"": 10}";17.2;18.160390066578103
Biscuit_Fat_40_RandomSplit;test;2;SG_11_2_1+Haar;pls;"{""n_components"": 10}";15.6;16.517512928267887
Biscuit_Fat_40_RandomSplit;test;2;SG_11_2_1+Haar;pls;"{""n_components"": 10}";19.14;19.629325832796813
Biscuit_Fat_40_RandomSplit;test;2;SG_11_2_1+Haar;pls;"{""n_components"": 10}";15.1;15.652295983533783
Biscuit_Fat_40_RandomSplit;test;2;SG_11_2_1+Haar;pls;"{""n_components"": 10}";21.67;21.862477093084145
Biscuit_Fat_40_RandomSplit;test;2;SG_11_2_1+Haar;pls;"{""n_components"": 10}";21.17;21.91869084916174
Biscuit_Fat_40_RandomSplit;test;2;SG_11_2_1+Haar;pls;"{""n_components"": 10}";17.37;17.576545581122005
Biscuit_Fat_40_RandomSplit;test;2;SG_11_2_1+Haar;pls;"{""n_components"": 10}";19.4;20.142478120237676
Biscuit_Fat_40_RandomSplit;valid;0;SG_11_2_1+AreaNormalization;pls;"{""n_components"": 9}";15.35;15.67958322399679
Biscuit_Fat_40_RandomSplit;valid;0;SG_11_2_1+AreaNormalization;pls;"{""n_components"": 9}";17.88;18.61790066207863
Biscuit_Fat_40_RandomSplit;valid;0;SG_11_2_1+AreaNormalization;pls;"{""n_components"": 9}";16.19;18.195199810529772
Biscuit_Fat_40_RandomSplit;valid;0;SG_11_2_1+AreaNormalization;pls;"{""n_components"": 9}";15.85;16.320128343445866
Biscuit_Fat_40_RandomSplit;valid;0;SG_11_2_1+AreaNormalization;pls;"{""n_components"": 9}";18.05;17.909538431930912
Biscuit_Fat_40_RandomSplit;valid;0;SG_11_2_1+AreaNormalization;pls;"{""n_components"": 9}";18.89;18.16326887820634
Biscuit_Fat_40_RandomSplit;valid;0;SG_11_2_1+AreaNormalization;pls;"{""n_components"": 9}";21.42;21.59978822259778
Biscuit_Fat_40_RandomSplit;valid;0;SG_11_2_1+AreaNormalization;pls;"{""n_components"": 9}";20.24;19.49800668542215
Biscuit_Fat_40_RandomSplit;valid;0;SG_11_2_1+AreaNormalization;pls;"{""n_components"": 9}";19.56;20.226453487290403
Biscuit_Fat_40_RandomSplit;valid;0;SG_11_2_1+AreaNormalization;pls;"{""n_components"": 9}";17.37;17.376115085551536
Biscuit_Fat_40_RandomSplit;valid;0;SG_11_2_1+AreaNormalization;pls;"{""n_components"": 9}";20.91;20.802728143498722
Biscuit_Fat_40_RandomSplit;valid;0;SG_11_2_1+AreaNormalization;pls;"{""n_components"": 9}";17.71;17.93815446023957
Biscuit_Fat_40_RandomSplit;valid;0;SG_11_2_1+AreaNormalization;pls;"{""n_components"": 9}";19.06;18.949863601875553
Biscuit_Fat_40_RandomSplit;valid;0;SG_11_2_1+AreaNormalization;pls;"{""n_components"": 9}";16.36;16.382380681571846
Biscuit_Fat_40_RandomSplit;test;0;SG_11_2_1+AreaNormalization;pls;"{""n_components"": 9}";21.42;21.337879319074606
Biscuit_Fat_40_RandomSplit;test;0;SG_11_2_1+AreaNormalization;pls;"{""n_components"": 9}";18.38;18.731500683658247
Biscuit_Fat_40_RandomSplit;test;0;SG_11_2_1+AreaNormalization;pls;"{""n_components"": 9}";19.23;19.498461392187938
Biscuit_Fat_40_RandomSplit;test;0;SG_11_2_1+AreaNormalization;pls;"{""n_components"": 9}";17.12;17.83576555231297
Biscuit_Fat_40_RandomSplit;test;0;SG_11_2_1+AreaNormalization;pls;"{""n_components"": 9}";15.85;16.566585237881316
Biscuit_Fat_40_RandomSplit;test;0;SG_11_2_1+AreaNormalization;pls;"{""n_components"": 9}";16.36;16.722013386273325
Biscuit_Fat_40_RandomSplit;test;0;SG_11_2_1+AreaNormalization;pls;"{""n_components"": 9}";19.65;19.05698513948034
Biscuit_Fat_40_RandomSplit;test;0;SG_11_2_1+AreaNormalization;pls;"{""n_components"": 9}";16.87;16.847533138733223
Biscuit_Fat_40_RandomSplit;test;0;SG_11_2_1+AreaNormalization;pls;"{""n_components"": 9}";16.11;16.154193363965422
Biscuit_Fat_40_RandomSplit;test;0;SG_11_2_1+AreaNormalization;pls;"{""n_components"": 9}";18.89;18.25137609111103
Biscuit_Fat_40_RandomSplit;test;0;SG_11_2_1+AreaNormalization;pls;"{""n_components"": 9}";14.84;14.99358089607385
Biscuit_Fat_40_RandomSplit;test;0;SG_11_2_1+AreaNormalization;pls;"{""n_components"": 9}";20.66;19.674778495593188
Biscuit_Fat_40_RandomSplit;test;0;SG_11_2_1+AreaNormalization;pls;"{""n_components"": 9}";20.41;19.79267559767325
Biscuit_Fat_40_RandomSplit;test;0;SG_11_2_1+AreaNormalization;pls;"{""n_components"": 9}";16.53;16.075772094952562
Biscuit_Fat_40_RandomSplit;test;0;SG_11_2_1+AreaNormalization;pls;"{""n_components"": 9}";17.63;17.832440011268893
Biscuit_Fat_40_RandomSplit;test;0;SG_11_2_1+AreaNormalization;pls;"{""n_components"": 9}";15.35;16.101707227611147
Biscuit_Fat_40_RandomSplit;test;0;SG_11_2_1+AreaNormalization;pls;"{""n_components"": 9}";20.16;20.382033188943613
Biscuit_Fat_40_RandomSplit;test;0;SG_11_2_1+AreaNormalization;pls;"{""n_components"": 9}";19.9;19.957658629698425
Biscuit_Fat_40_RandomSplit;test;0;SG_11_2_1+AreaNormalization;pls;"{""n_components"": 9}";18.13;18.642242852403864
Biscuit_Fat_40_RandomSplit;test;0;SG_11_2_1+AreaNormalization;pls;"{""n_components"": 9}";18.64;18.68146778807051
Biscuit_Fat_40_RandomSplit;test;0;SG_11_2_1+AreaNormalization;pls;"{""n_components"": 9}";20.07;19.858873701217426
Biscuit_Fat_40_RandomSplit;test;0;SG_11_2_1+AreaNormalization;pls;"{""n_components"": 9}";16.61;16.946184971045792
Biscuit_Fat_40_RandomSplit;test;0;SG_11_2_1+AreaNormalization;pls;"{""n_components"": 9}";20.91;20.488688760347245
Biscuit_Fat_40_RandomSplit;test;0;SG_11_2_1+AreaNormalization;pls;"{""n_components"": 9}";17.88;17.85967881186844
Biscuit_Fat_40_RandomSplit;test;0;SG_11_2_1+AreaNormalization;pls;"{""n_components"": 9}";17.2;17.358977427867202
Biscuit_Fat_40_RandomSplit;test;0;SG_11_2_1+AreaNormalization;pls;"{""n_components"": 9}";15.6;16.104745660775464
Biscuit_Fat_40_RandomSplit;test;0;SG_11_2_1+AreaNormalization;pls;"{""n_components"": 9}";19.14;18.531978395740605
Biscuit_Fat_40_RandomSplit;test;0;SG_11_2_1+AreaNormalization;pls;"{""n_components"": 9}";15.1;16.120614611499292
Biscuit_Fat_40_RandomSplit;test;0;SG_11_2_1+AreaNormalization;pls;"{""n_components"": 9}";21.67;20.588060818849513
Biscuit_Fat_40_RandomSplit;test;0;SG_11_2_1+AreaNormalization;pls;"{""n_components"": 9}";21.17;20.846514636389227
Biscuit_Fat_40_RandomSplit;test;0;SG_11_2_1+AreaNormalization;pls;"{""n_components"": 9}";17.37;17.381798394009795
Biscuit_Fat_40_RandomSplit;test;0;SG_11_2_1+AreaNormalization;pls;"{""n_components"": 9}";19.4;18.927808975274306
Biscuit_Fat_40_RandomSplit;valid;1;SG_11_2_1+AreaNormalization;pls;"{""n_components"": 9}";18.37;18.687388237310447
Biscuit_Fat_40_RandomSplit;valid;1;SG_11_2_1+AreaNormalization;pls;"{""n_components"": 9}";21.59;21.005831856490897
Biscuit_Fat_40_RandomSplit;valid;1;SG_11_2_1+AreaNormalization;pls;"{""n_components"": 9}";21.25;21.19407060466913
Biscuit_Fat_40_RandomSplit;valid;1;SG_11_2_1+AreaNormalization;pls;"{""n_components"": 9}";20.58;19.85083905395393
Biscuit_Fat_40_RandomSplit;valid;1;SG_11_2_1+AreaNormalization;pls;"{""n_components"": 9}";19.4;19.44774265095648
Biscuit_Fat_40_RandomSplit;valid;1;SG_11_2_1+AreaNormalization;pls;"{""n_components"": 9}";16.02;15.087594604028599
Biscuit_Fat_40_RandomSplit;valid;1;SG_11_2_1+AreaNormalization;pls;"{""n_components"": 9}";19.73;19.554345159615455
Biscuit_Fat_40_RandomSplit;valid;1;SG_11_2_1+AreaNormalization;pls;"{""n_components"": 9}";15.18;15.562527265479568
Biscuit_Fat_40_RandomSplit;valid;1;SG_11_2_1+AreaNormalization;pls;"{""n_components"": 9}";19.9;19.31548589511785
Biscuit_Fat_40_RandomSplit;valid;1;SG_11_2_1+AreaNormalization;pls;"{""n_components"": 9}";17.03;16.484051968084337
Biscuit_Fat_40_RandomSplit;valid;1;SG_11_2_1+AreaNormalization;pls;"{""n_components"": 9}";17.54;17.944216639387623
Biscuit_Fat_40_RandomSplit;valid;1;SG_11_2_1+AreaNormalization;pls;"{""n_components"": 9}";20.41;20.259137319499885
Biscuit_Fat_40_RandomSplit;valid;1;SG_11_2_1+AreaNormalization;pls;"{""n_components"": 9}";18.38;18.304666379930428
Biscuit_Fat_40_RandomSplit;test;1;SG_11_2_1+AreaNormalization;pls;"{""n_components"": 9}";21.42;21.118986437712877
Biscuit_Fat_40_RandomSplit;test;1;SG_11_2_1+AreaNormalization;pls;"{""n_components"": 9}";18.38;18.16467562762455
Biscuit_Fat_40_RandomSplit;test;1;SG_11_2_1+AreaNormalization;pls;"{""n_components"": 9}";19.23;18.90390647421113
Biscuit_Fat_40_RandomSplit;test;1;SG_11_2_1+AreaNormalization;pls;"{""n_components"": 9}";17.12;17.559132451164828
Biscuit_Fat_40_RandomSplit;test;1;SG_11_2_1+AreaNormalization;pls;"{""n_components"": 9}";15.85;15.67902766047687
Biscuit_Fat_40_RandomSplit;test;1;SG_11_2_1+AreaNormalization;pls;"{""n_components"": 9}";16.36;16.637879955083292
Biscuit_Fat_40_RandomSplit;test;1;SG_11_2_1+AreaNormalization;pls;"{""n_components"": 9}";19.65;19.967471581128688
Biscuit_Fat_40_RandomSplit;test;1;SG_11_2_1+AreaNormalization;pls;"{""n_components"": 9}";16.87;18.121178803121378
Biscuit_Fat_40_RandomSplit;test;1;SG_11_2_1+AreaNormalization;pls;"{""n_components"": 9}";16.11;18.874893153338093
Biscuit_Fat_40_RandomSplit;test;1;SG_11_2_1+AreaNormalization;pls;"{""n_components"": 9}";18.89;20.079809958338053
Biscuit_Fat_40_RandomSplit;test;1;SG_11_2_1+AreaNormalization;pls;"{""n_components"": 9}";14.84;15.694517202884589
Biscuit_Fat_40_RandomSplit;test;1;SG_11_2_1+AreaNormalization;pls;"{""n_components"": 9}";20.66;21.072953911144584
Biscuit_Fat_40_RandomSplit;test;1;SG_11_2_1+AreaNormalization;pls;"{""n_components"": 9}";20.41;20.852715329342775
Biscuit_Fat_40_RandomSplit;test;1;SG_11_2_1+AreaNormalization;pls;"{""n_components"": 9}";16.53;17.79324652419192
Biscuit_Fat_40_RandomSplit;test;1;SG_11_2_1+AreaNormalization;pls;"{""n_components"": 9}";17.63;18.41664200026359
Biscuit_Fat_40_RandomSplit;test;1;SG_11_2_1+AreaNormalization;pls;"{""n_components"": 9}";15.35;16.48272496966419
Biscuit_Fat_40_RandomSplit;test;1;SG_11_2_1+AreaNormalization;pls;"{""n_components"": 9}";20.16;21.19729748533146
Biscuit_Fat_40_RandomSplit;test;1;SG_11_2_1+AreaNormalization;pls;"{""n_components"": 9}";19.9;20.36001034293987
Biscuit_Fat_40_RandomSplit;test;1;SG_11_2_1+AreaNormalization;pls;"{""n_components"": 9}";18.13;18.86633329178363
Biscuit_Fat_40_RandomSplit;test;1;SG_11_2_1+AreaNormalization;pls;"{""n_components"": 9}";18.64;19.049340095911713
Biscuit_Fat_40_RandomSplit;test;1;SG_11_2_1+AreaNormalization;pls;"{""n_components"": 9}";20.07;20.22914806837823
Biscuit_Fat_40_RandomSplit;test;1;SG_11_2_1+AreaNormalization;pls;"{""n_components"": 9}";16.61;17.442852789595364
Biscuit_Fat_40_RandomSplit;test;1;SG_11_2_1+AreaNormalization;pls;"{""n_components"": 9}";20.91;21.276022935474693
Biscuit_Fat_40_RandomSplit;test;1;SG_11_2_1+AreaNormalization;pls;"{""n_components"": 9}";17.88;18.924343878251005
Biscuit_Fat_40_RandomSplit;test;1;SG_11_2_1+AreaNormalization;pls;"{""n_components"": 9}";17.2;18.12075285030059
Biscuit_Fat_40_RandomSplit;test;1;SG_11_2_1+AreaNormalization;pls;"{""n_components"": 9}";15.6;17.0834560490474
Biscuit_Fat_40_RandomSplit;test;1;SG_11_2_1+AreaNormalization;pls;"{""n_components"": 9}";19.14;19.501177645057194
Biscuit_Fat_40_RandomSplit;test;1;SG_11_2_1+AreaNormalization;pls;"{""n_components"": 9}";15.1;16.604918786687698
Biscuit_Fat_40_RandomSplit;test;1;SG_11_2_1+AreaNormalization;pls;"{""n_components"": 9}";21.67;21.697341465888535
Biscuit_Fat_40_RandomSplit;test;1;SG_11_2_1+AreaNormalization;pls;"{""n_components"": 9}";21.17;21.633003801124836
Biscuit_Fat_40_RandomSplit;test;1;SG_11_2_1+AreaNormalization;pls;"{""n_components"": 9}";17.37;18.39184583550461
Biscuit_Fat_40_RandomSplit;test;1;SG_11_2_1+AreaNormalization;pls;"{""n_components"": 9}";19.4;19.148019846267974
Biscuit_Fat_40_RandomSplit;valid;2;SG_11_2_1+AreaNormalization;pls;"{""n_components"": 9}";21.08;20.59307386505095
Biscuit_Fat_40_RandomSplit;valid;2;SG_11_2_1+AreaNormalization;pls;"{""n_components"": 9}";18.55;18.723857993525318
Biscuit_Fat_40_RandomSplit;valid;2;SG_11_2_1+AreaNormalization;pls;"{""n_components"": 9}";16.53;16.21388537970888
Biscuit_Fat_40_RandomSplit;valid;2;SG_11_2_1+AreaNormalization;pls;"{""n_components"": 9}";15.69;15.338100223159227
Biscuit_Fat_40_RandomSplit;valid;2;SG_11_2_1+AreaNormalization;pls;"{""n_components"": 9}";18.77;18.240003007317977
Biscuit_Fat_40_RandomSplit;valid;2;SG_11_2_1+AreaNormalization;pls;"{""n_components"": 9}";15.01;14.994916059203454
Biscuit_Fat_40_RandomSplit;valid;2;SG_11_2_1+AreaNormalization;pls;"{""n_components"": 9}";18.72;19.40228966436501
Biscuit_Fat_40_RandomSplit;valid;2;SG_11_2_1+AreaNormalization;pls;"{""n_components"": 9}";20.75;20.40593193047923
Biscuit_Fat_40_RandomSplit;valid;2;SG_11_2_1+AreaNormalization;pls;"{""n_components"": 9}";20.07;20.03294206574577
Biscuit_Fat_40_RandomSplit;valid;2;SG_11_2_1+AreaNormalization;pls;"{""n_components"": 9}";15.52;15.959217010582616
Biscuit_Fat_40_RandomSplit;valid;2;SG_11_2_1+AreaNormalization;pls;"{""n_components"": 9}";16.7;16.962700588731536
Biscuit_Fat_40_RandomSplit;valid;2;SG_11_2_1+AreaNormalization;pls;"{""n_components"": 9}";19.23;19.493300175459265
Biscuit_Fat_40_RandomSplit;valid;2;SG_11_2_1+AreaNormalization;pls;"{""n_components"": 9}";17.2;17.54504225537994
Biscuit_Fat_40_RandomSplit;test;2;SG_11_2_1+AreaNormalization;pls;"{""n_components"": 9}";21.42;21.21695042238469
Biscuit_Fat_40_RandomSplit;test;2;SG_11_2_1+AreaNormalization;pls;"{""n_components"": 9}";18.38;18.397770032975256
Biscuit_Fat_40_RandomSplit;test;2;SG_11_2_1+AreaNormalization;pls;"{""n_components"": 9}";19.23;19.32846791061604
Biscuit_Fat_40_RandomSplit;test;2;SG_11_2_1+AreaNormalization;pls;"{""n_components"": 9}";17.12;17.624255506138166
Biscuit_Fat_40_RandomSplit;test;2;SG_11_2_1+AreaNormalization;pls;"{""n_components"": 9}";15.85;16.059994244773996
Biscuit_Fat_40_RandomSplit;test;2;SG_11_2_1+AreaNormalization;pls;"{""n_components"": 9}";16.36;16.831278530199217
Biscuit_Fat_40_RandomSplit;test;2;SG_11_2_1+AreaNormalization;pls;"{""n_components"": 9}";19.65;19.77940406446408
Biscuit_Fat_40_RandomSplit;test;2;SG_11_2_1+AreaNormalization;pls;"{""n_components"": 9}";16.87;17.49558869306384
Biscuit_Fat_40_RandomSplit;test;2;SG_11_2_1+AreaNormalization;pls;"{""n_components"": 9}";16.11;18.778137409796255
Biscuit_Fat_40_RandomSplit;test;2;SG_11_2_1+AreaNormalization;pls;"{""n_components"": 9}";18.89;19.918400738774434
Biscuit_Fat_40_RandomSplit;test;2;SG_11_2_1+AreaNormalization;pls;"{""n_components"": 9}";14.84;15.477107115015395
Biscuit_Fat_40_RandomSplit;test;2;SG_11_2_1+AreaNormalization;pls;"{""n_components"": 9}";20.66;20.913861424135593
Biscuit_Fat_40_RandomSplit;test;2;SG_11_2_1+AreaNormalization;pls;"{""n_components"": 9}";20.41;20.04588139516622
Biscuit_Fat_40_RandomSplit;test;2;SG_11_2_1+AreaNormalization;pls;"{""n_components"": 9}";16.53;17.326827787123598
Biscuit_Fat_40_RandomSplit;test;2;SG_11_2_1+AreaNormalization;pls;"{""n_components"": 9}";17.63;18.47815268430586
Biscuit_Fat_40_RandomSplit;test;2;SG_11_2_1+AreaNormalization;pls;"{""n_components"": 9}";15.35;16.612318114558146
Biscuit_Fat_40_RandomSplit;test;2;SG_11_2_1+AreaNormalization;pls;"{""n_components"": 9}";20.16;20.77164924662517
Biscuit_Fat_40_RandomSplit;test;2;SG_11_2_1+AreaNormalization;pls;"{""n_components"": 9}";19.9;20.369763897047747
Biscuit_Fat_40_RandomSplit;test;2;SG_11_2_1+AreaNormalization;pls;"{""n_components"": 9}";18.13;19.04566614318973
Biscuit_Fat_40_RandomSplit;test;2;SG_11_2_1+AreaNormalization;pls;"{""n_components"": 9}";18.64;19.014411865719048
Biscuit_Fat_40_RandomSplit;test;2;SG_11_2_1+AreaNormalization;pls;"{""n_components"": 9}";20.07;20.546161867931854
Biscuit_Fat_40_RandomSplit;test;2;SG_11_2_1+AreaNormalization;pls;"{""n_components"": 9}";16.61;17.8890159068189
Biscuit_Fat_40_RandomSplit;test;2;SG_11_2_1+AreaNormalization;pls;"{""n_components"": 9}";20.91;20.965186564077353
Biscuit_Fat_40_RandomSplit;test;2;SG_11_2_1+AreaNormalization;pls;"{""n_components"": 9}";17.88;18.631160867103933
Biscuit_Fat_40_RandomSplit;test;2;SG_11_2_1+AreaNormalization;pls;"{""n_components"": 9}";17.2;18.2141498417075
Biscuit_Fat_40_RandomSplit;test;2;SG_11_2_1+AreaNormalization;pls;"{""n_components"": 9}";15.6;17.015450175901858
Biscuit_Fat_40_RandomSplit;test;2;SG_11_2_1+AreaNormalization;pls;"{""n_components"": 9}";19.14;19.663949862987277
Biscuit_Fat_40_RandomSplit;test;2;SG_11_2_1+AreaNormalization;pls;"{""n_components"": 9}";15.1;16.31857457423331
Biscuit_Fat_40_RandomSplit;test;2;SG_11_2_1+AreaNormalization;pls;"{""n_components"": 9}";21.67;21.406061204098474
Biscuit_Fat_40_RandomSplit;test;2;SG_11_2_1+AreaNormalization;pls;"{""n_components"": 9}";21.17;21.324469800651215
Biscuit_Fat_40_RandomSplit;test;2;SG_11_2_1+AreaNormalization;pls;"{""n_components"": 9}";17.37;18.26126076096556
Biscuit_Fat_40_RandomSplit;test;2;SG_11_2_1+AreaNormalization;pls;"{""n_components"": 9}";19.4;19.609887825585165
Biscuit_Fat_40_RandomSplit;valid;0;SG_15_2_1;pls;"{""n_components"": 9}";15.35;15.86863179358346
Biscuit_Fat_40_RandomSplit;valid;0;SG_15_2_1;pls;"{""n_components"": 9}";17.88;18.804026704343645
Biscuit_Fat_40_RandomSplit;valid;0;SG_15_2_1;pls;"{""n_components"": 9}";16.19;18.141494450313854
Biscuit_Fat_40_RandomSplit;valid;0;SG_15_2_1;pls;"{""n_components"": 9}";15.85;16.238498974380494
Biscuit_Fat_40_RandomSplit;valid;0;SG_15_2_1;pls;"{""n_components"": 9}";18.05;17.874589658403774
Biscuit_Fat_40_RandomSplit;valid;0;SG_15_2_1;pls;"{""n_components"": 9}";18.89;18.346232046576777
Biscuit_Fat_40_RandomSplit;valid;0;SG_15_2_1;pls;"{""n_components"": 9}";21.42;21.59250578507147
Biscuit_Fat_40_RandomSplit;valid;0;SG_15_2_1;pls;"{""n_components"": 9}";20.24;19.897223286461468
Biscuit_Fat_40_RandomSplit;valid;0;SG_15_2_1;pls;"{""n_components"": 9}";19.56;20.217749301371516
Biscuit_Fat_40_RandomSplit;valid;0;SG_15_2_1;pls;"{""n_components"": 9}";17.37;17.41632586579971
Biscuit_Fat_40_RandomSplit;valid;0;SG_15_2_1;pls;"{""n_components"": 9}";20.91;20.998087441011553
Biscuit_Fat_40_RandomSplit;valid;0;SG_15_2_1;pls;"{""n_components"": 9}";17.71;18.00242631401001
Biscuit_Fat_40_RandomSplit;valid;0;SG_15_2_1;pls;"{""n_components"": 9}";19.06;18.99027129652804
Biscuit_Fat_40_RandomSplit;valid;0;SG_15_2_1;pls;"{""n_components"": 9}";16.36;16.347608701887555
Biscuit_Fat_40_RandomSplit;test;0;SG_15_2_1;pls;"{""n_components"": 9}";21.42;21.480768222118506
Biscuit_Fat_40_RandomSplit;test;0;SG_15_2_1;pls;"{""n_components"": 9}";18.38;18.82619396340184
Biscuit_Fat_40_RandomSplit;test;0;SG_15_2_1;pls;"{""n_components"": 9}";19.23;19.55425441438681
Biscuit_Fat_40_RandomSplit;test;0;SG_15_2_1;pls;"{""n_components"": 9}";17.12;17.950436668892713
Biscuit_Fat_40_RandomSplit;test;0;SG_15_2_1;pls;"{""n_components"": 9}";15.85;16.39156210178302
Biscuit_Fat_40_RandomSplit;test;0;SG_15_2_1;pls;"{""n_components"": 9}";16.36;16.837842927476004
Biscuit_Fat_40_RandomSplit;test;0;SG_15_2_1;pls;"{""n_components"": 9}";19.65;19.09279680042943
Biscuit_Fat_40_RandomSplit;test;0;SG_15_2_1;pls;"{""n_components"": 9}";16.87;16.15182115807253
Biscuit_Fat_40_RandomSplit;test;0;SG_15_2_1;pls;"{""n_components"": 9}";16.11;13.91481110164251
Biscuit_Fat_40_RandomSplit;test;0;SG_15_2_1;pls;"{""n_components"": 9}";18.89;17.92942463671414
Biscuit_Fat_40_RandomSplit;test;0;SG_15_2_1;pls;"{""n_components"": 9}";14.84;13.97239577075478
Biscuit_Fat_40_RandomSplit;test;0;SG_15_2_1;pls;"{""n_components"": 9}";20.66;19.94914768569035
Biscuit_Fat_40_RandomSplit;test;0;SG_15_2_1;pls;"{""n_components"": 9}";20.41;19.814514588007285
Biscuit_Fat_40_RandomSplit;test;0;SG_15_2_1;pls;"{""n_components"": 9}";16.53;14.761253052408318
Biscuit_Fat_40_RandomSplit;test;0;SG_15_2_1;pls;"{""n_components"": 9}";17.63;17.14897361638854
Biscuit_Fat_40_RandomSplit;test;0;SG_15_2_1;pls;"{""n_components"": 9}";15.35;14.677465393267683
Biscuit_Fat_40_RandomSplit;test;0;SG_15_2_1;pls;"{""n_components"": 9}";20.16;19.8839230301454
Biscuit_Fat_40_RandomSplit;test;0;SG_15_2_1;pls;"{""n_components"": 9}";19.9;20.10099883464523
Biscuit_Fat_40_RandomSplit;test;0;SG_15_2_1;pls;"{""n_components"": 9}";18.13;18.44220171273957
Biscuit_Fat_40_RandomSplit;test;0;SG_15_2_1;pls;"{""n_components"": 9}";18.64;18.549653653299796
Biscuit_Fat_40_RandomSplit;test;0;SG_15_2_1;pls;"{""n_components"": 9}";20.07;19.81516348021333
Biscuit_Fat_40_RandomSplit;test;0;SG_15_2_1;pls;"{""n_components"": 9}";16.61;16.592217099943582
Biscuit_Fat_40_RandomSplit;test;0;SG_15_2_1;pls;"{""n_components"": 9}";20.91;21.03723504378582
Biscuit_Fat_40_RandomSplit;test;0;SG_15_2_1;pls;"{""n_components"": 9}";17.88;17.345844280930987
Biscuit_Fat_40_RandomSplit;test;0;SG_15_2_1;pls;"{""n_components"": 9}";17.2;16.50070990586166
Biscuit_Fat_40_RandomSplit;test;0;SG_15_2_1;pls;"{""n_components"": 9}";15.6;15.10339729565282
Biscuit_Fat_40_RandomSplit;test;0;SG_15_2_1;pls;"{""n_components"": 9}";19.14;18.40379265486136
Biscuit_Fat_40_RandomSplit;test;0;SG_15_2_1;pls;"{""n_components"": 9}";15.1;15.254319452237493
Biscuit_Fat_40_RandomSplit;test;0;SG_15_2_1;pls;"{""n_components"": 9}";21.67;20.953912327405938
Biscuit_Fat_40_RandomSplit;test;0;SG_15_2_1;pls;"{""n_components"": 9}";21.17;21.15295266768235
Biscuit_Fat_40_RandomSplit;test;0;SG_15_2_1;pls;"{""n_components"": 9}";17.37;16.541492285788117
Biscuit_Fat_40_RandomSplit;test;0;SG_15_2_1;pls;"{""n_components"": 9}";19.4;19.41308200524315
Biscuit_Fat_40_RandomSplit;valid;1;SG_15_2_1;pls;"{""n_components"": 9}";18.37;18.414755903962998
Biscuit_Fat_40_RandomSplit;valid;1;SG_15_2_1;pls;"{""n_components"": 9}";21.59;20.704541337063137
Biscuit_Fat_40_RandomSplit;valid;1;SG_15_2_1;pls;"{""n_components"": 9}";21.25;20.679108970592278
Biscuit_Fat_40_RandomSplit;valid;1;SG_15_2_1;pls;"{""n_components"": 9}";20.58;20.217364038605666
Biscuit_Fat_40_RandomSplit;valid;1;SG_15_2_1;pls;"{""n_components"": 9}";19.4;19.50401777251619
Biscuit_Fat_40_RandomSplit;valid;1;SG_15_2_1;pls;"{""n_components"": 9}";16.02;15.304085948903715
Biscuit_Fat_40_RandomSplit;valid;1;SG_15_2_1;pls;"{""n_components"": 9}";19.73;19.56723342615282
Biscuit_Fat_40_RandomSplit;valid;1;SG_15_2_1;pls;"{""n_components"": 9}";15.18;15.41190274182595
Biscuit_Fat_40_RandomSplit;valid;1;SG_15_2_1;pls;"{""n_components"": 9}";19.9;19.260098126152666
Biscuit_Fat_40_RandomSplit;valid;1;SG_15_2_1;pls;"{""n_components"": 9}";17.03;16.61512894363447
Biscuit_Fat_40_RandomSplit;valid;1;SG_15_2_1;pls;"{""n_components"": 9}";17.54;18.06036701169502
Biscuit_Fat_40_RandomSplit;valid;1;SG_15_2_1;pls;"{""n_components"": 9}";20.41;20.49939251397042
Biscuit_Fat_40_RandomSplit;valid;1;SG_15_2_1;pls;"{""n_components"": 9}";18.38;18.07629211612006
Biscuit_Fat_40_RandomSplit;test;1;SG_15_2_1;pls;"{""n_components"": 9}";21.42;21.45671532079283
Biscuit_Fat_40_RandomSplit;test;1;SG_15_2_1;pls;"{""n_components"": 9}";18.38;18.455318182338754
Biscuit_Fat_40_RandomSplit;test;1;SG_15_2_1;pls;"{""n_components"": 9}";19.23;19.240846160709797
Biscuit_Fat_40_RandomSplit;test;1;SG_15_2_1;pls;"{""n_components"": 9}";17.12;17.803899850060926
Biscuit_Fat_40_RandomSplit;test;1;SG_15_2_1;pls;"{""n_components"": 9}";15.85;15.99892407374659
Biscuit_Fat_40_RandomSplit;test;1;SG_15_2_1;pls;"{""n_components"": 9}";16.36;16.76457369461723
Biscuit_Fat_40_RandomSplit;test;1;SG_15_2_1;pls;"{""n_components"": 9}";19.65;19.732878984606437
Biscuit_Fat_40_RandomSplit;test;1;SG_15_2_1;pls;"{""n_components"": 9}";16.87;17.601445187086362
Biscuit_Fat_40_RandomSplit;test;1;SG_15_2_1;pls;"{""n_components"": 9}";16.11;17.261453283075838
Biscuit_Fat_40_RandomSplit;test;1;SG_15_2_1;pls;"{""n_components"": 9}";18.89;19.47881967240388
Biscuit_Fat_40_RandomSplit;test;1;SG_15_2_1;pls;"{""n_components"": 9}";14.84;14.746767513638822
Biscuit_Fat_40_RandomSplit;test;1;SG_15_2_1;pls;"{""n_components"": 9}";20.66;20.649103209638753
Biscuit_Fat_40_RandomSplit;test;1;SG_15_2_1;pls;"{""n_components"": 9}";20.41;20.954592303422295
Biscuit_Fat_40_RandomSplit;test;1;SG_15_2_1;pls;"{""n_components"": 9}";16.53;16.12814657626386
Biscuit_Fat_40_RandomSplit;test;1;SG_15_2_1;pls;"{""n_components"": 9}";17.63;17.769334541293546
Biscuit_Fat_40_RandomSplit;test;1;SG_15_2_1;pls;"{""n_components"": 9}";15.35;15.65758007860619
Biscuit_Fat_40_RandomSplit;test;1;SG_15_2_1;pls;"{""n_components"": 9}";20.16;21.612084993170047
Biscuit_Fat_40_RandomSplit;test;1;SG_15_2_1;pls;"{""n_components"": 9}";19.9;20.404407616856265
Biscuit_Fat_40_RandomSplit;test;1;SG_15_2_1;pls;"{""n_components"": 9}";18.13;18.683965908514267
Biscuit_Fat_40_RandomSplit;test;1;SG_15_2_1;pls;"{""n_components"": 9}";18.64;19.14008441354143
Biscuit_Fat_40_RandomSplit;test;1;SG_15_2_1;pls;"{""n_components"": 9}";20.07;19.926199266782433
Biscuit_Fat_40_RandomSplit;test;1;SG_15_2_1;pls;"{""n_components"": 9}";16.61;16.75206686923869
Biscuit_Fat_40_RandomSplit;test;1;SG_15_2_1;pls;"{""n_components"": 9}";20.91;21.458999186873143
Biscuit_Fat_40_RandomSplit;test;1;SG_15_2_1;pls;"{""n_components"": 9}";17.88;18.88247069557105
Biscuit_Fat_40_RandomSplit;test;1;SG_15_2_1;pls;"{""n_components"": 9}";17.2;17.41423853755897
Biscuit_Fat_40_RandomSplit;test;1;SG_15_2_1;pls;"{""n_components"": 9}";15.6;16.382257203166994
Biscuit_Fat_40_RandomSplit;test;1;SG_15_2_1;pls;"{""n_components"": 9}";19.14;18.87182387716813
Biscuit_Fat_40_RandomSplit;test;1;SG_15_2_1;pls;"{""n_components"": 9}";15.1;15.971849127440759
Biscuit_Fat_40_RandomSplit;test;1;SG_15_2_1;pls;"{""n_components"": 9}";21.67;21.849359086874657
Biscuit_Fat_40_RandomSplit;test;1;SG_15_2_1;pls;"{""n_components"": 9}";21.17;21.446475742358448
Biscuit_Fat_40_RandomSplit;test;1;SG_15_2_1;pls;"{""n_components"": 9}";17.37;18.095035268826727
Biscuit_Fat_40_RandomSplit;test;1;SG_15_2_1;pls;"{""n_components"": 9}";19.4;18.64966988375642
Biscuit_Fat_40_RandomSplit;valid;2;SG_15_2_1;pls;"{""n_components"": 9}";21.08;20.371075764717105
Biscuit_Fat_40_RandomSplit;valid;2;SG_15_2_1;pls;"{""n_components"": 9}";18.55;18.31976310702848
Biscuit_Fat_40_RandomSplit;valid;2;SG_15_2_1;pls;"{""n_components"": 9}";16.53;16.15653442650494
Biscuit_Fat_40_RandomSplit;valid;2;SG_15_2_1;pls;"{""n_components"": 9}";15.69;15.28521690239145
Biscuit_Fat_40_RandomSplit;valid;2;SG_15_2_1;pls;"{""n_components"": 9}";18.77;17.88346194884031
Biscuit_Fat_40_RandomSplit;valid;2;SG_15_2_1;pls;"{""n_components"": 9}";15.01;14.244006261122001
Biscuit_Fat_40_RandomSplit;valid;2;SG_15_2_1;pls;"{""n_components"": 9}";18.72;19.27891201532079
Biscuit_Fat_40_RandomSplit;valid;2;SG_15_2_1;pls;"{""n_components"": 9}";20.75;20.327659937618687
Biscuit_Fat_40_RandomSplit;valid;2;SG_15_2_1;pls;"{""n_components"": 9}";20.07;19.492109488633638
Biscuit_Fat_40_RandomSplit;valid;2;SG_15_2_1;pls;"{""n_components"": 9}";15.52;15.963849573615118
Biscuit_Fat_40_RandomSplit;valid;2;SG_15_2_1;pls;"{""n_components"": 9}";16.7;16.794379155776756
Biscuit_Fat_40_RandomSplit;valid;2;SG_15_2_1;pls;"{""n_components"": 9}";19.23;19.240570431960965
Biscuit_Fat_40_RandomSplit;valid;2;SG_15_2_1;pls;"{""n_components"": 9}";17.2;17.502840632324403
Biscuit_Fat_40_RandomSplit;test;2;SG_15_2_1;pls;"{""n_components"": 9}";21.42;21.279170000567152
Biscuit_Fat_40_RandomSplit;test;2;SG_15_2_1;pls;"{""n_components"": 9}";18.38;18.155423295532533
Biscuit_Fat_40_RandomSplit;test;2;SG_15_2_1;pls;"{""n_components"": 9}";19.23;19.34219245500618
Biscuit_Fat_40_RandomSplit;test;2;SG_15_2_1;pls;"{""n_components"": 9}";17.12;17.732448453445944
Biscuit_Fat_40_RandomSplit;test;2;SG_15_2_1;pls;"{""n_components"": 9}";15.85;15.945787895746385
Biscuit_Fat_40_RandomSplit;test;2;SG_15_2_1;pls;"{""n_components"": 9}";16.36;16.834654830900156
Biscuit_Fat_40_RandomSplit;test;2;SG_15_2_1;pls;"{""n_components"": 9}";19.65;20.346420076560705
Biscuit_Fat_40_RandomSplit;test;2;SG_15_2_1;pls;"{""n_components"": 9}";16.87;17.369420296139385
Biscuit_Fat_40_RandomSplit;test;2;SG_15_2_1;pls;"{""n_components"": 9}";16.11;18.778358135132567
Biscuit_Fat_40_RandomSplit;test;2;SG_15_2_1;pls;"{""n_components"": 9}";18.89;20.389131423386385
Biscuit_Fat_40_RandomSplit;test;2;SG_15_2_1;pls;"{""n_components"": 9}";14.84;14.54783002802613
Biscuit_Fat_40_RandomSplit;test;2;SG_15_2_1;pls;"{""n_components"": 9}";20.66;21.90476249357383
Biscuit_Fat_40_RandomSplit;test;2;SG_15_2_1;pls;"{""n_components"": 9}";20.41;20.132422324389744
Biscuit_Fat_40_RandomSplit;test;2;SG_15_2_1;pls;"{""n_components"": 9}";16.53;16.971112477859833
Biscuit_Fat_40_RandomSplit;test;2;SG_15_2_1;pls;"{""n_components"": 9}";17.63;18.493469096692067
Biscuit_Fat_40_RandomSplit;test;2;SG_15_2_1;pls;"{""n_components"": 9}";15.35;15.955116749833408
Biscuit_Fat_40_RandomSplit;test;2;SG_15_2_1;pls;"{""n_components"": 9}";20.16;20.92196113742387
Biscuit_Fat_40_RandomSplit;test;2;SG_15_2_1;pls;"{""n_components"": 9}";19.9;20.566712754094805
Biscuit_Fat_40_RandomSplit;test;2;SG_15_2_1;pls;"{""n_components"": 9}";18.13;19.298037442557792
Biscuit_Fat_40_RandomSplit;test;2;SG_15_2_1;pls;"{""n_components"": 9}";18.64;19.102332115531347
Biscuit_Fat_40_RandomSplit;test;2;SG_15_2_1;pls;"{""n_components"": 9}";20.07;20.989507847105006
Biscuit_Fat_40_RandomSplit;test;2;SG_15_2_1;pls;"{""n_components"": 9}";16.61;17.80304955048614
Biscuit_Fat_40_RandomSplit;test;2;SG_15_2_1;pls;"{""n_components"": 9}";20.91;21.517939019709374
Biscuit_Fat_40_RandomSplit;test;2;SG_15_2_1;pls;"{""n_components"": 9}";17.88;18.405973137425335
Biscuit_Fat_40_RandomSplit;test;2;SG_15_2_1;pls;"{""n_components"": 9}";17.2;17.624859392050332
Biscuit_Fat_40_RandomSplit;test;2;SG_15_2_1;pls;"{""n_components"": 9}";15.6;16.470273198694617
Biscuit_Fat_40_RandomSplit;test;2;SG_15_2_1;pls;"{""n_components"": 9}";19.14;20.107937513483165
Biscuit_Fat_40_RandomSplit;test;2;SG_15_2_1;pls;"{""n_components"": 9}";15.1;15.786489251277064
Biscuit_Fat_40_RandomSplit;test;2;SG_15_2_1;pls;"{""n_components"": 9}";21.67;21.773218750596964
Biscuit_Fat_40_RandomSplit;test;2;SG_15_2_1;pls;"{""n_components"": 9}";21.17;21.60414137637164
Biscuit_Fat_40_RandomSplit;test;2;SG_15_2_1;pls;"{""n_components"": 9}";17.37;17.92855195446866
Biscuit_Fat_40_RandomSplit;test;2;SG_15_2_1;pls;"{""n_components"": 9}";19.4;20.46516049830285
Biscuit_Fat_40_RandomSplit;valid;0;SG_15_2_1+Haar;pls;"{""n_components"": 10}";15.35;15.950847418257549
Biscuit_Fat_40_RandomSplit;valid;0;SG_15_2_1+Haar;pls;"{""n_components"": 10}";17.88;18.706904667891273
Biscuit_Fat_40_RandomSplit;valid;0;SG_15_2_1+Haar;pls;"{""n_components"": 10}";16.19;18.37588118474648
Biscuit_Fat_40_RandomSplit;valid;0;SG_15_2_1+Haar;pls;"{""n_components"": 10}";15.85;15.70056555232837
Biscuit_Fat_40_RandomSplit;valid;0;SG_15_2_1+Haar;pls;"{""n_components"": 10}";18.05;18.40771907071323
Biscuit_Fat_40_RandomSplit;valid;0;SG_15_2_1+Haar;pls;"{""n_components"": 10}";18.89;17.907064561522706
Biscuit_Fat_40_RandomSplit;valid;0;SG_15_2_1+Haar;pls;"{""n_components"": 10}";21.42;21.68014019914118
Biscuit_Fat_40_RandomSplit;valid;0;SG_15_2_1+Haar;pls;"{""n_components"": 10}";20.24;20.23189780740863
Biscuit_Fat_40_RandomSplit;valid;0;SG_15_2_1+Haar;pls;"{""n_components"": 10}";19.56;20.719408326432998
Biscuit_Fat_40_RandomSplit;valid;0;SG_15_2_1+Haar;pls;"{""n_components"": 10}";17.37;17.64934786216412
Biscuit_Fat_40_RandomSplit;valid;0;SG_15_2_1+Haar;pls;"{""n_components"": 10}";20.91;21.25328358493902
Biscuit_Fat_40_RandomSplit;valid;0;SG_15_2_1+Haar;pls;"{""n_components"": 10}";17.71;17.951180334788333
Biscuit_Fat_40_RandomSplit;valid;0;SG_15_2_1+Haar;pls;"{""n_components"": 10}";19.06;18.89894582122205
Biscuit_Fat_40_RandomSplit;valid;0;SG_15_2_1+Haar;pls;"{""n_components"": 10}";16.36;16.393201857714118
Biscuit_Fat_40_RandomSplit;test;0;SG_15_2_1+Haar;pls;"{""n_components"": 10}";21.42;21.462894903573048
Biscuit_Fat_40_RandomSplit;test;0;SG_15_2_1+Haar;pls;"{""n_components"": 10}";18.38;18.724742702678398
Biscuit_Fat_40_RandomSplit;test;0;SG_15_2_1+Haar;pls;"{""n_components"": 10}";19.23;19.36741514048934
Biscuit_Fat_40_RandomSplit;test;0;SG_15_2_1+Haar;pls;"{""n_components"": 10}";17.12;18.251807777254893
Biscuit_Fat_40_RandomSplit;test;0;SG_15_2_1+Haar;pls;"{""n_components"": 10}";15.85;16.691740002918486
Biscuit_Fat_40_RandomSplit;test;0;SG_15_2_1+Haar;pls;"{""n_components"": 10}";16.36;16.950082966842974
Biscuit_Fat_40_RandomSplit;test;0;SG_15_2_1+Haar;pls;"{""n_components"": 10}";19.65;19.55079403150808
Biscuit_Fat_40_RandomSplit;test;0;SG_15_2_1+Haar;pls;"{""n_components"": 10}";16.87;16.579453243761442
Biscuit_Fat_40_RandomSplit;test;0;SG_15_2_1+Haar;pls;"{""n_components"": 10}";16.11;14.20871903251315
Biscuit_Fat_40_RandomSplit;test;0;SG_15_2_1+Haar;pls;"{""n_components"": 10}";18.89;18.78632406852446
Biscuit_Fat_40_RandomSplit;test;0;SG_15_2_1+Haar;pls;"{""n_components"": 10}";14.84;14.376036683216038
Biscuit_Fat_40_RandomSplit;test;0;SG_15_2_1+Haar;pls;"{""n_components"": 10}";20.66;20.72847685995863
Biscuit_Fat_40_RandomSplit;test;0;SG_15_2_1+Haar;pls;"{""n_components"": 10}";20.41;20.414697165172996
Biscuit_Fat_40_RandomSplit;test;0;SG_15_2_1+Haar;pls;"{""n_components"": 10}";16.53;16.00503465162935
Biscuit_Fat_40_RandomSplit;test;0;SG_15_2_1+Haar;pls;"{""n_components"": 10}";17.63;18.416780368265286
Biscuit_Fat_40_RandomSplit;test;0;SG_15_2_1+Haar;pls;"{""n_components"": 10}";15.35;15.926073054259096
Biscuit_Fat_40_RandomSplit;test;0;SG_15_2_1+Haar;pls;"{""n_components"": 10}";20.16;21.22443974430388
Biscuit_Fat_40_RandomSplit;test;0;SG_15_2_1+Haar;pls;"{""n_components"": 10}";19.9;20.283625014909312
Biscuit_Fat_40_RandomSplit;test;0;SG_15_2_1+Haar;pls;"{""n_components"": 10}";18.13;19.102254116912064
Biscuit_Fat_40_RandomSplit;test;0;SG_15_2_1+Haar;pls;"{""n_components"": 10}";18.64;19.39665200059303
Biscuit_Fat_40_RandomSplit;test;0;SG_15_2_1+Haar;pls;"{""n_components"": 10}";20.07;20.850644393421153
Biscuit_Fat_40_RandomSplit;test;0;SG_15_2_1+Haar;pls;"{""n_components"": 10}";16.61;16.975701615803626
Biscuit_Fat_40_RandomSplit;test;0;SG_15_2_1+Haar;pls;"{""n_components"": 10}";20.91;20.878430739823
Biscuit_Fat_40_RandomSplit;test;0;SG_15_2_1+Haar;pls;"{""n_components"": 10}";17.88;17.778754465205367
Biscuit_Fat_40_RandomSplit;test;0;SG_15_2_1+Haar;pls;"{""n_components"": 10}";17.2;17.24199955464154
Biscuit_Fat_40_RandomSplit;test;0;SG_15_2_1+Haar;pls;"{""n_components"": 10}";15.6;15.894902034362445
Biscuit_Fat_40_RandomSplit;test;0;SG_15_2_1+Haar;pls;"{""n_components"": 10}";19.14;19.313463332291562
Biscuit_Fat_40_RandomSplit;test;0;SG_15_2_1+Haar;pls;"{""n_components"": 10}";15.1;15.768476440849046
Biscuit_Fat_40_RandomSplit;test;0;SG_15_2_1+Haar;pls;"{""n_components"": 10}";21.67;20.907606850957375
Biscuit_Fat_40_RandomSplit;test;0;SG_15_2_1+Haar;pls;"{""n_components"": 10}";21.17;21.281067955000108
Biscuit_Fat_40_RandomSplit;test;0;SG_15_2_1+Haar;pls;"{""n_components"": 10}";17.37;17.450724193780136
Biscuit_Fat_40_RandomSplit;test;0;SG_15_2_1+Haar;pls;"{""n_components"": 10}";19.4;19.531736178736264
Biscuit_Fat_40_RandomSplit;valid;1;SG_15_2_1+Haar;pls;"{""n_components"": 10}";18.37;18.708649281511416
Biscuit_Fat_40_RandomSplit;valid;1;SG_15_2_1+Haar;pls;"{""n_components"": 10}";21.59;20.321561620345346
Biscuit_Fat_40_RandomSplit;valid;1;SG_15_2_1+Haar;pls;"{""n_components"": 10}";21.25;20.55328047088477
Biscuit_Fat_40_RandomSplit;valid;1;SG_15_2_1+Haar;pls;"{""n_components"": 10}";20.58;20.379342648414905
Biscuit_Fat_40_RandomSplit;valid;1;SG_15_2_1+Haar;pls;"{""n_components"": 10}";19.4;19.383320546836842
Biscuit_Fat_40_RandomSplit;valid;1;SG_15_2_1+Haar;pls;"{""n_components"": 10}";16.02;15.102199134514406
Biscuit_Fat_40_RandomSplit;valid;1;SG_15_2_1+Haar;pls;"{""n_components"": 10}";19.73;19.449693507213464
Biscuit_Fat_40_RandomSplit;valid;1;SG_15_2_1+Haar;pls;"{""n_components"": 10}";15.18;15.643073023972146
Biscuit_Fat_40_RandomSplit;valid;1;SG_15_2_1+Haar;pls;"{""n_components"": 10}";19.9;18.481503178181384
Biscuit_Fat_40_RandomSplit;valid;1;SG_15_2_1+Haar;pls;"{""n_components"": 10}";17.03;16.478918097138756
Biscuit_Fat_40_RandomSplit;valid;1;SG_15_2_1+Haar;pls;"{""n_components"": 10}";17.54;17.837084957028125
Biscuit_Fat_40_RandomSplit;valid;1;SG_15_2_1+Haar;pls;"{""n_components"": 10}";20.41;20.42396803056469
Biscuit_Fat_40_RandomSplit;valid;1;SG_15_2_1+Haar;pls;"{""n_components"": 10}";18.38;17.787783162451518
Biscuit_Fat_40_RandomSplit;test;1;SG_15_2_1+Haar;pls;"{""n_components"": 10}";21.42;21.524580600511772
Biscuit_Fat_40_RandomSplit;test;1;SG_15_2_1+Haar;pls;"{""n_components"": 10}";18.38;18.751918675180466
Biscuit_Fat_40_RandomSplit;test;1;SG_15_2_1+Haar;pls;"{""n_components"": 10}";19.23;19.242347832480423
Biscuit_Fat_40_RandomSplit;test;1;SG_15_2_1+Haar;pls;"{""n_components"": 10}";17.12;17.859615202045365
Biscuit_Fat_40_RandomSplit;test;1;SG_15_2_1+Haar;pls;"{""n_components"": 10}";15.85;16.460765228191743
Biscuit_Fat_40_RandomSplit;test;1;SG_15_2_1+Haar;pls;"{""n_components"": 10}";16.36;16.953355359506922
Biscuit_Fat_40_RandomSplit;test;1;SG_15_2_1+Haar;pls;"{""n_components"": 10}";19.65;20.16524127163726
Biscuit_Fat_40_RandomSplit;test;1;SG_15_2_1+Haar;pls;"{""n_components"": 10}";16.87;18.001074138506198
Biscuit_Fat_40_RandomSplit;test;1;SG_15_2_1+Haar;pls;"{""n_components"": 10}";16.11;17.767888072634435
Biscuit_Fat_40_RandomSplit;test;1;SG_15_2_1+Haar;pls;"{""n_components"": 10}";18.89;20.143702477937484
Biscuit_Fat_40_RandomSplit;test;1;SG_15_2_1+Haar;pls;"{""n_components"": 10}";14.84;15.409734835653042
Biscuit_Fat_40_RandomSplit;test;1;SG_15_2_1+Haar;pls;"{""n_components"": 10}";20.66;21.33846948282779
Biscuit_Fat_40_RandomSplit;test;1;SG_15_2_1+Haar;pls;"{""n_components"": 10}";20.41;21.580264590853048
Biscuit_Fat_40_RandomSplit;test;1;SG_15_2_1+Haar;pls;"{""n_components"": 10}";16.53;16.64417196326599
Biscuit_Fat_40_RandomSplit;test;1;SG_15_2_1+Haar;pls;"{""n_components"": 10}";17.63;18.3379806339604
Biscuit_Fat_40_RandomSplit;test;1;SG_15_2_1+Haar;pls;"{""n_components"": 10}";15.35;16.59780143833421
Biscuit_Fat_40_RandomSplit;test;1;SG_15_2_1+Haar;pls;"{""n_components"": 10}";20.16;22.43404534870012
Biscuit_Fat_40_RandomSplit;test;1;SG_15_2_1+Haar;pls;"{""n_components"": 10}";19.9;20.772056663066003
Biscuit_Fat_40_RandomSplit;test;1;SG_15_2_1+Haar;pls;"{""n_components"": 10}";18.13;19.27870638388426
Biscuit_Fat_40_RandomSplit;test;1;SG_15_2_1+Haar;pls;"{""n_components"": 10}";18.64;19.960050361211902
Biscuit_Fat_40_RandomSplit;test;1;SG_15_2_1+Haar;pls;"{""n_components"": 10}";20.07;20.424620459914333
Biscuit_Fat_40_RandomSplit;test;1;SG_15_2_1+Haar;pls;"{""n_components"": 10}";16.61;17.40494143059732
Biscuit_Fat_40_RandomSplit;test;1;SG_15_2_1+Haar;pls;"{""n_components"": 10}";20.91;21.56841376384796
Biscuit_Fat_40_RandomSplit;test;1;SG_15_2_1+Haar;pls;"{""n_components"": 10}";17.88;19.618442533764973
Biscuit_Fat_40_RandomSplit;test;1;SG_15_2_1+Haar;pls;"{""n_components"": 10}";17.2;18.25118553247361
Biscuit_Fat_40_RandomSplit;test;1;SG_15_2_1+Haar;pls;"{""n_components"": 10}";15.6;16.9007108478973
Biscuit_Fat_40_RandomSplit;test;1;SG_15_2_1+Haar;pls;"{""n_components"": 10}";19.14;19.34612964751431
Biscuit_Fat_40_RandomSplit;test;1;SG_15_2_1+Haar;pls;"{""n_components"": 10}";15.1;16.48817987737594
Biscuit_Fat_40_RandomSplit;test;1;SG_15_2_1+Haar;pls;"{""n_components"": 10}";21.67;22.445314110567903
Biscuit_Fat_40_RandomSplit;test;1;SG_15_2_1+Haar;pls;"{""n_components"": 10}";21.17;21.919067402251937
Biscuit_Fat_40_RandomSplit;test;1;SG_15_2_1+Haar;pls;"{""n_components"": 10}";17.37;18.870564122839735
Biscuit_Fat_40_RandomSplit;test;1;SG_15_2_1+Haar;pls;"{""n_components"": 10}";19.4;18.905284272140648
Biscuit_Fat_40_RandomSplit;valid;2;SG_15_2_1+Haar;pls;"{""n_components"": 10}";21.08;20.448966171153618
Biscuit_Fat_40_RandomSplit;valid;2;SG_15_2_1+Haar;pls;"{""n_components"": 10}";18.55;18.86923326085987
Biscuit_Fat_40_RandomSplit;valid;2;SG_15_2_1+Haar;pls;"{""n_components"": 10}";16.53;15.830423216988509
Biscuit_Fat_40_RandomSplit;valid;2;SG_15_2_1+Haar;pls;"{""n_components"": 10}";15.69;15.816349093921986
Biscuit_Fat_40_RandomSplit;valid;2;SG_15_2_1+Haar;pls;"{""n_components"": 10}";18.77;18.75019365264192
Biscuit_Fat_40_RandomSplit;valid;2;SG_15_2_1+Haar;pls;"{""n_components"": 10}";15.01;15.494381035724038
Biscuit_Fat_40_RandomSplit;valid;2;SG_15_2_1+Haar;pls;"{""n_components"": 10}";18.72;19.5070909922858
Biscuit_Fat_40_RandomSplit;valid;2;SG_15_2_1+Haar;pls;"{""n_components"": 10}";20.75;20.210149561179673
Biscuit_Fat_40_RandomSplit;valid;2;SG_15_2_1+Haar;pls;"{""n_components"": 10}";20.07;20.074735773473996
Biscuit_Fat_40_RandomSplit;valid;2;SG_15_2_1+Haar;pls;"{""n_components"": 10}";15.52;15.595365188397633
Biscuit_Fat_40_RandomSplit;valid;2;SG_15_2_1+Haar;pls;"{""n_components"": 10}";16.7;16.50449737587898
Biscuit_Fat_40_RandomSplit;valid;2;SG_15_2_1+Haar;pls;"{""n_components"": 10}";19.23;19.401491966263418
Biscuit_Fat_40_RandomSplit;valid;2;SG_15_2_1+Haar;pls;"{""n_components"": 10}";17.2;17.407717704189885
Biscuit_Fat_40_RandomSplit;test;2;SG_15_2_1+Haar;pls;"{""n_components"": 10}";21.42;21.562337326031574
Biscuit_Fat_40_RandomSplit;test;2;SG_15_2_1+Haar;pls;"{""n_components"": 10}";18.38;18.69481538657319
Biscuit_Fat_40_RandomSplit;test;2;SG_15_2_1+Haar;pls;"{""n_components"": 10}";19.23;19.663804799714647
Biscuit_Fat_40_RandomSplit;test;2;SG_15_2_1+Haar;pls;"{""n_components"": 10}";17.12;18.08871137784926
Biscuit_Fat_40_RandomSplit;test;2;SG_15_2_1+Haar;pls;"{""n_components"": 10}";15.85;16.43315230845793
Biscuit_Fat_40_RandomSplit;test;2;SG_15_2_1+Haar;pls;"{""n_components"": 10}";16.36;17.311080493962546
Biscuit_Fat_40_RandomSplit;test;2;SG_15_2_1+Haar;pls;"{""n_components"": 10}";19.65;19.978321007184523
Biscuit_Fat_40_RandomSplit;test;2;SG_15_2_1+Haar;pls;"{""n_components"": 10}";16.87;17.336700999258653
Biscuit_Fat_40_RandomSplit;test;2;SG_15_2_1+Haar;pls;"{""n_components"": 10}";16.11;16.90920106507929
Biscuit_Fat_40_RandomSplit;test;2;SG_15_2_1+Haar;pls;"{""n_components"": 10}";18.89;20.01022174056014
Biscuit_Fat_40_RandomSplit;test;2;SG_15_2_1+Haar;pls;"{""n_components"": 10}";14.84;15.43405612476819
Biscuit_Fat_40_RandomSplit;test;2;SG_15_2_1+Haar;pls;"{""n_components"": 10}";20.66;21.304084688458886
Biscuit_Fat_40_RandomSplit;test;2;SG_15_2_1+Haar;pls;"{""n_components"": 10}";20.41;20.549892139503175
Biscuit_Fat_40_RandomSplit;test;2;SG_15_2_1+Haar;pls;"{""n_components"": 10}";16.53;16.44330614879436
Biscuit_Fat_40_RandomSplit;test;2;SG_15_2_1+Haar;pls;"{""n_components"": 10}";17.63;18.00770609727305
Biscuit_Fat_40_RandomSplit;test;2;SG_15_2_1+Haar;pls;"{""n_components"": 10}";15.35;15.466655282200023
Biscuit_Fat_40_RandomSplit;test;2;SG_15_2_1+Haar;pls;"{""n_components"": 10}";20.16;20.683646252450018
Biscuit_Fat_40_RandomSplit;test;2;SG_15_2_1+Haar;pls;"{""n_components"": 10}";19.9;20.633847145242058
Biscuit_Fat_40_RandomSplit;test;2;SG_15_2_1+Haar;pls;"{""n_components"": 10}";18.13;19.32643854099608
Biscuit_Fat_40_RandomSplit;test;2;SG_15_2_1+Haar;pls;"{""n_components"": 10}";18.64;18.937838230586163
Biscuit_Fat_40_RandomSplit;test;2;SG_15_2_1+Haar;pls;"{""n_components"": 10}";20.07;20.949983317359
Biscuit_Fat_40_RandomSplit;test;2;SG_15_2_1+Haar;pls;"{""n_components"": 10}";16.61;17.68067681404801
Biscuit_Fat_40_RandomSplit;test;2;SG_15_2_1+Haar;pls;"{""n_components"": 10}";20.91;21.754279640267235
Biscuit_Fat_40_RandomSplit;test;2;SG_15_2_1+Haar;pls;"{""n_components"": 10}";17.88;18.891111171316496
Biscuit_Fat_40_RandomSplit;test;2;SG_15_2_1+Haar;pls;"{""n_components"": 10}";17.2;17.923407480716023
Biscuit_Fat_40_RandomSplit;test;2;SG_15_2_1+Haar;pls;"{""n_components"": 10}";15.6;16.326517107748042
Biscuit_Fat_40_RandomSplit;test;2;SG_15_2_1+Haar;pls;"{""n_components"": 10}";19.14;19.699131920998177
Biscuit_Fat_40_RandomSplit;test;2;SG_15_2_1+Haar;pls;"{""n_components"": 10}";15.1;15.414019071352751
Biscuit_Fat_40_RandomSplit;test;2;SG_15_2_1+Haar;pls;"{""n_components"": 10}";21.67;22.204309023551318
Biscuit_Fat_40_RandomSplit;test;2;SG_15_2_1+Haar;pls;"{""n_components"": 10}";21.17;21.86146160856461
Biscuit_Fat_40_RandomSplit;test;2;SG_15_2_1+Haar;pls;"{""n_components"": 10}";17.37;17.642236039164764
Biscuit_Fat_40_RandomSplit;test;2;SG_15_2_1+Haar;pls;"{""n_components"": 10}";19.4;20.066423509104595
Biscuit_Fat_40_RandomSplit;valid;0;SG_15_2_1+AreaNormalization;pls;"{""n_components"": 9}";15.35;15.564389394608803
Biscuit_Fat_40_RandomSplit;valid;0;SG_15_2_1+AreaNormalization;pls;"{""n_components"": 9}";17.88;18.547284067687297
Biscuit_Fat_40_RandomSplit;valid;0;SG_15_2_1+AreaNormalization;pls;"{""n_components"": 9}";16.19;17.90181189676068
Biscuit_Fat_40_RandomSplit;valid;0;SG_15_2_1+AreaNormalization;pls;"{""n_components"": 9}";15.85;16.17508605468644
Biscuit_Fat_40_RandomSplit;valid;0;SG_15_2_1+AreaNormalization;pls;"{""n_components"": 9}";18.05;17.784778974152456
Biscuit_Fat_40_RandomSplit;valid;0;SG_15_2_1+AreaNormalization;pls;"{""n_components"": 9}";18.89;18.265364428240453
Biscuit_Fat_40_RandomSplit;valid;0;SG_15_2_1+AreaNormalization;pls;"{""n_components"": 9}";21.42;21.66001104314629
Biscuit_Fat_40_RandomSplit;valid;0;SG_15_2_1+AreaNormalization;pls;"{""n_components"": 9}";20.24;19.458494314897692
Biscuit_Fat_40_RandomSplit;valid;0;SG_15_2_1+AreaNormalization;pls;"{""n_components"": 9}";19.56;20.10183732136894
Biscuit_Fat_40_RandomSplit;valid;0;SG_15_2_1+AreaNormalization;pls;"{""n_components"": 9}";17.37;17.44088428896013
Biscuit_Fat_40_RandomSplit;valid;0;SG_15_2_1+AreaNormalization;pls;"{""n_components"": 9}";20.91;20.789838369055012
Biscuit_Fat_40_RandomSplit;valid;0;SG_15_2_1+AreaNormalization;pls;"{""n_components"": 9}";17.71;17.933142114978665
Biscuit_Fat_40_RandomSplit;valid;0;SG_15_2_1+AreaNormalization;pls;"{""n_components"": 9}";19.06;19.06562972292883
Biscuit_Fat_40_RandomSplit;valid;0;SG_15_2_1+AreaNormalization;pls;"{""n_components"": 9}";16.36;16.35902904664777
Biscuit_Fat_40_RandomSplit;test;0;SG_15_2_1+AreaNormalization;pls;"{""n_components"": 9}";21.42;21.43513637199534
Biscuit_Fat_40_RandomSplit;test;0;SG_15_2_1+AreaNormalization;pls;"{""n_components"": 9}";18.38;18.73239191110193
Biscuit_Fat_40_RandomSplit;test;0;SG_15_2_1+AreaNormalization;pls;"{""n_components"": 9}";19.23;19.53875366457917
Biscuit_Fat_40_RandomSplit;test;0;SG_15_2_1+AreaNormalization;pls;"{""n_components"": 9}";17.12;17.799593905887047
Biscuit_Fat_40_RandomSplit;test;0;SG_15_2_1+AreaNormalization;pls;"{""n_components"": 9}";15.85;16.419015012955626
Biscuit_Fat_40_RandomSplit;test;0;SG_15_2_1+AreaNormalization;pls;"{""n_components"": 9}";16.36;16.75154185634956
Biscuit_Fat_40_RandomSplit;test;0;SG_15_2_1+AreaNormalization;pls;"{""n_components"": 9}";19.65;19.03106174504027
Biscuit_Fat_40_RandomSplit;test;0;SG_15_2_1+AreaNormalization;pls;"{""n_components"": 9}";16.87;16.79636840332197
Biscuit_Fat_40_RandomSplit;test;0;SG_15_2_1+AreaNormalization;pls;"{""n_components"": 9}";16.11;16.201341664400527
Biscuit_Fat_40_RandomSplit;test;0;SG_15_2_1+AreaNormalization;pls;"{""n_components"": 9}";18.89;18.246398856589813
Biscuit_Fat_40_RandomSplit;test;0;SG_15_2_1+AreaNormalization;pls;"{""n_components"": 9}";14.84;14.884043945133836
Biscuit_Fat_40_RandomSplit;test;0;SG_15_2_1+AreaNormalization;pls;"{""n_components"": 9}";20.66;19.580280784981348
Biscuit_Fat_40_RandomSplit;test;0;SG_15_2_1+AreaNormalization;pls;"{""n_components"": 9}";20.41;19.800517313349523
Biscuit_Fat_40_RandomSplit;test;0;SG_15_2_1+AreaNormalization;pls;"{""n_components"": 9}";16.53;16.000053903561756
Biscuit_Fat_40_RandomSplit;test;0;SG_15_2_1+AreaNormalization;pls;"{""n_components"": 9}";17.63;17.63774341956646
Biscuit_Fat_40_RandomSplit;test;0;SG_15_2_1+AreaNormalization;pls;"{""n_components"": 9}";15.35;15.89177440229993
Biscuit_Fat_40_RandomSplit;test;0;SG_15_2_1+AreaNormalization;pls;"{""n_components"": 9}";20.16;20.17223597730676
Biscuit_Fat_40_RandomSplit;test;0;SG_15_2_1+AreaNormalization;pls;"{""n_components"": 9}";19.9;19.871983076753605
Biscuit_Fat_40_RandomSplit;test;0;SG_15_2_1+AreaNormalization;pls;"{""n_components"": 9}";18.13;18.433214998245276
Biscuit_Fat_40_RandomSplit;test;0;SG_15_2_1+AreaNormalization;pls;"{""n_components"": 9}";18.64;18.527454667083422
Biscuit_Fat_40_RandomSplit;test;0;SG_15_2_1+AreaNormalization;pls;"{""n_components"": 9}";20.07;19.58935910183804
Biscuit_Fat_40_RandomSplit;test;0;SG_15_2_1+AreaNormalization;pls;"{""n_components"": 9}";16.61;16.752145572750916
Biscuit_Fat_40_RandomSplit;test;0;SG_15_2_1+AreaNormalization;pls;"{""n_components"": 9}";20.91;20.506372217812658
Biscuit_Fat_40_RandomSplit;test;0;SG_15_2_1+AreaNormalization;pls;"{""n_components"": 9}";17.88;17.80841973069424
Biscuit_Fat_40_RandomSplit;test;0;SG_15_2_1+AreaNormalization;pls;"{""n_components"": 9}";17.2;17.302721796342
Biscuit_Fat_40_RandomSplit;test;0;SG_15_2_1+AreaNormalization;pls;"{""n_components"": 9}";15.6;15.934167864729645
Biscuit_Fat_40_RandomSplit;test;0;SG_15_2_1+AreaNormalization;pls;"{""n_components"": 9}";19.14;18.509398805707594
Biscuit_Fat_40_RandomSplit;test;0;SG_15_2_1+AreaNormalization;pls;"{""n_components"": 9}";15.1;16.061151655994955
Biscuit_Fat_40_RandomSplit;test;0;SG_15_2_1+AreaNormalization;pls;"{""n_components"": 9}";21.67;20.612092691223594
Biscuit_Fat_40_RandomSplit;test;0;SG_15_2_1+AreaNormalization;pls;"{""n_components"": 9}";21.17;20.86684002058125
Biscuit_Fat_40_RandomSplit;test;0;SG_15_2_1+AreaNormalization;pls;"{""n_components"": 9}";17.37;17.284360167266943
Biscuit_Fat_40_RandomSplit;test;0;SG_15_2_1+AreaNormalization;pls;"{""n_components"": 9}";19.4;18.745648852044134
Biscuit_Fat_40_RandomSplit;valid;1;SG_15_2_1+AreaNormalization;pls;"{""n_components"": 9}";18.37;18.633379462792508
Biscuit_Fat_40_RandomSplit;valid;1;SG_15_2_1+AreaNormalization;pls;"{""n_components"": 9}";21.59;21.03460679128803
Biscuit_Fat_40_RandomSplit;valid;1;SG_15_2_1+AreaNormalization;pls;"{""n_components"": 9}";21.25;20.893546774324783
Biscuit_Fat_40_RandomSplit;valid;1;SG_15_2_1+AreaNormalization;pls;"{""n_components"": 9}";20.58;19.901279270684732
Biscuit_Fat_40_RandomSplit;valid;1;SG_15_2_1+AreaNormalization;pls;"{""n_components"": 9}";19.4;19.30073452022957
Biscuit_Fat_40_RandomSplit;valid;1;SG_15_2_1+AreaNormalization;pls;"{""n_components"": 9}";16.02;15.23265233161224
Biscuit_Fat_40_RandomSplit;valid;1;SG_15_2_1+AreaNormalization;pls;"{""n_components"": 9}";19.73;19.776914014423667
Biscuit_Fat_40_RandomSplit;valid;1;SG_15_2_1+AreaNormalization;pls;"{""n_components"": 9}";15.18;15.84353932103872
Biscuit_Fat_40_RandomSplit;valid;1;SG_15_2_1+AreaNormalization;pls;"{""n_components"": 9}";19.9;19.641295215982378
Biscuit_Fat_40_RandomSplit;valid;1;SG_15_2_1+AreaNormalization;pls;"{""n_components"": 9}";17.03;16.51773695081346
Biscuit_Fat_40_RandomSplit;valid;1;SG_15_2_1+AreaNormalization;pls;"{""n_components"": 9}";17.54;17.846399457568623
Biscuit_Fat_40_RandomSplit;valid;1;SG_15_2_1+AreaNormalization;pls;"{""n_components"": 9}";20.41;20.31752055423821
Biscuit_Fat_40_RandomSplit;valid;1;SG_15_2_1+AreaNormalization;pls;"{""n_components"": 9}";18.38;18.31932380905795
Biscuit_Fat_40_RandomSplit;test;1;SG_15_2_1+AreaNormalization;pls;"{""n_components"": 9}";21.42;21.10316383332349
Biscuit_Fat_40_RandomSplit;test;1;SG_15_2_1+AreaNormalization;pls;"{""n_components"": 9}";18.38;18.208928110968603
Biscuit_Fat_40_RandomSplit;test;1;SG_15_2_1+AreaNormalization;pls;"{""n_components"": 9}";19.23;18.93081352271333
Biscuit_Fat_40_RandomSplit;test;1;SG_15_2_1+AreaNormalization;pls;"{""n_components"": 9}";17.12;17.40039357649489
Biscuit_Fat_40_RandomSplit;test;1;SG_15_2_1+AreaNormalization;pls;"{""n_components"": 9}";15.85;15.635464981575385
Biscuit_Fat_40_RandomSplit;test;1;SG_15_2_1+AreaNormalization;pls;"{""n_components"": 9}";16.36;16.553586849085335
Biscuit_Fat_40_RandomSplit;test;1;SG_15_2_1+AreaNormalization;pls;"{""n_components"": 9}";19.65;19.88188356587308
Biscuit_Fat_40_RandomSplit;test;1;SG_15_2_1+AreaNormalization;pls;"{""n_components"": 9}";16.87;18.12140013289453
Biscuit_Fat_40_RandomSplit;test;1;SG_15_2_1+AreaNormalization;pls;"{""n_components"": 9}";16.11;18.83015229671348
Biscuit_Fat_40_RandomSplit;test;1;SG_15_2_1+AreaNormalization;pls;"{""n_components"": 9}";18.89;19.675738249397476
Biscuit_Fat_40_RandomSplit;test;1;SG_15_2_1+AreaNormalization;pls;"{""n_components"": 9}";14.84;15.466828833100818
Biscuit_Fat_40_RandomSplit;test;1;SG_15_2_1+AreaNormalization;pls;"{""n_components"": 9}";20.66;20.890701744897612
Biscuit_Fat_40_RandomSplit;test;1;SG_15_2_1+AreaNormalization;pls;"{""n_components"": 9}";20.41;20.82767942368022
Biscuit_Fat_40_RandomSplit;test;1;SG_15_2_1+AreaNormalization;pls;"{""n_components"": 9}";16.53;17.43951717467722
Biscuit_Fat_40_RandomSplit;test;1;SG_15_2_1+AreaNormalization;pls;"{""n_components"": 9}";17.63;18.329902769730758
Biscuit_Fat_40_RandomSplit;test;1;SG_15_2_1+AreaNormalization;pls;"{""n_components"": 9}";15.35;16.44381759207222
Biscuit_Fat_40_RandomSplit;test;1;SG_15_2_1+AreaNormalization;pls;"{""n_components"": 9}";20.16;21.250842383485008
Biscuit_Fat_40_RandomSplit;test;1;SG_15_2_1+AreaNormalization;pls;"{""n_components"": 9}";19.9;20.25944798986731
Biscuit_Fat_40_RandomSplit;test;1;SG_15_2_1+AreaNormalization;pls;"{""n_components"": 9}";18.13;18.642865148944153
Biscuit_Fat_40_RandomSplit;test;1;SG_15_2_1+AreaNormalization;pls;"{""n_components"": 9}";18.64;19.05710412623344
Biscuit_Fat_40_RandomSplit;test;1;SG_15_2_1+AreaNormalization;pls;"{""n_components"": 9}";20.07;19.803686219811365
Biscuit_Fat_40_RandomSplit;test;1;SG_15_2_1+AreaNormalization;pls;"{""n_components"": 9}";16.61;17.229253934068705
Biscuit_Fat_40_RandomSplit;test;1;SG_15_2_1+AreaNormalization;pls;"{""n_components"": 9}";20.91;21.215523410072134
Biscuit_Fat_40_RandomSplit;test;1;SG_15_2_1+AreaNormalization;pls;"{""n_components"": 9}";17.88;18.89367543975753
Biscuit_Fat_40_RandomSplit;test;1;SG_15_2_1+AreaNormalization;pls;"{""n_components"": 9}";17.2;18.018485739231146
Biscuit_Fat_40_RandomSplit;test;1;SG_15_2_1+AreaNormalization;pls;"{""n_components"": 9}";15.6;16.952871639432928
Biscuit_Fat_40_RandomSplit;test;1;SG_15_2_1+AreaNormalization;pls;"{""n_components"": 9}";19.14;19.33841844050627
Biscuit_Fat_40_RandomSplit;test;1;SG_15_2_1+AreaNormalization;pls;"{""n_components"": 9}";15.1;16.671731657392957
Biscuit_Fat_40_RandomSplit;test;1;SG_15_2_1+AreaNormalization;pls;"{""n_components"": 9}";21.67;21.67612331388292
Biscuit_Fat_40_RandomSplit;test;1;SG_15_2_1+AreaNormalization;pls;"{""n_components"": 9}";21.17;21.2697318450318
Biscuit_Fat_40_RandomSplit;test;1;SG_15_2_1+AreaNormalization;pls;"{""n_components"": 9}";17.37;18.39179062703971
Biscuit_Fat_40_RandomSplit;test;1;SG_15_2_1+AreaNormalization;pls;"{""n_components"": 9}";19.4;18.76780314073664
Biscuit_Fat_40_RandomSplit;valid;2;SG_15_2_1+AreaNormalization;pls;"{""n_components"": 9}";21.08;20.621563101260016
Biscuit_Fat_40_RandomSplit;valid;2;SG_15_2_1+AreaNormalization;pls;"{""n_components"": 9}";18.55;18.60411721431133
Biscuit_Fat_40_RandomSplit;valid;2;SG_15_2_1+AreaNormalization;pls;"{""n_components"": 9}";16.53;16.472521194418036
Biscuit_Fat_40_RandomSplit;valid;2;SG_15_2_1+AreaNormalization;pls;"{""n_components"": 9}";15.69;15.229166729993697
Biscuit_Fat_40_RandomSplit;valid;2;SG_15_2_1+AreaNormalization;pls;"{""n_components"": 9}";18.77;18.265584782453097
Biscuit_Fat_40_RandomSplit;valid;2;SG_15_2_1+AreaNormalization;pls;"{""n_components"": 9}";15.01;14.826741315664677
Biscuit_Fat_40_RandomSplit;valid;2;SG_15_2_1+AreaNormalization;pls;"{""n_components"": 9}";18.72;19.31094471326236
Biscuit_Fat_40_RandomSplit;valid;2;SG_15_2_1+AreaNormalization;pls;"{""n_components"": 9}";20.75;20.25773358613007
Biscuit_Fat_40_RandomSplit;valid;2;SG_15_2_1+AreaNormalization;pls;"{""n_components"": 9}";20.07;19.88800164915494
Biscuit_Fat_40_RandomSplit;valid;2;SG_15_2_1+AreaNormalization;pls;"{""n_components"": 9}";15.52;16.061272791505395
Biscuit_Fat_40_RandomSplit;valid;2;SG_15_2_1+AreaNormalization;pls;"{""n_components"": 9}";16.7;16.991988992773607
Biscuit_Fat_40_RandomSplit;valid;2;SG_15_2_1+AreaNormalization;pls;"{""n_components"": 9}";19.23;19.287465271083974
Biscuit_Fat_40_RandomSplit;valid;2;SG_15_2_1+AreaNormalization;pls;"{""n_components"": 9}";17.2;17.417133160188534
Biscuit_Fat_40_RandomSplit;test;2;SG_15_2_1+AreaNormalization;pls;"{""n_components"": 9}";21.42;21.15431438389928
Biscuit_Fat_40_RandomSplit;test;2;SG_15_2_1+AreaNormalization;pls;"{""n_components"": 9}";18.38;18.221116327292012
Biscuit_Fat_40_RandomSplit;test;2;SG_15_2_1+AreaNormalization;pls;"{""n_components"": 9}";19.23;19.190539115953754
Biscuit_Fat_40_RandomSplit;test;2;SG_15_2_1+AreaNormalization;pls;"{""n_components"": 9}";17.12;17.366811705566587
Biscuit_Fat_40_RandomSplit;test;2;SG_15_2_1+AreaNormalization;pls;"{""n_components"": 9}";15.85;15.919075562939334
Biscuit_Fat_40_RandomSplit;test;2;SG_15_2_1+AreaNormalization;pls;"{""n_components"": 9}";16.36;16.640135720997655
Biscuit_Fat_40_RandomSplit;test;2;SG_15_2_1+AreaNormalization;pls;"{""n_components"": 9}";19.65;19.93776581255938
Biscuit_Fat_40_RandomSplit;test;2;SG_15_2_1+AreaNormalization;pls;"{""n_components"": 9}";16.87;17.73708331959412
Biscuit_Fat_40_RandomSplit;test;2;SG_15_2_1+AreaNormalization;pls;"{""n_components"": 9}";16.11;19.37521982939092
Biscuit_Fat_40_RandomSplit;test;2;SG_15_2_1+AreaNormalization;pls;"{""n_components"": 9}";18.89;20.147347481985346
Biscuit_Fat_40_RandomSplit;test;2;SG_15_2_1+AreaNormalization;pls;"{""n_components"": 9}";14.84;15.38264267034343
Biscuit_Fat_40_RandomSplit;test;2;SG_15_2_1+AreaNormalization;pls;"{""n_components"": 9}";20.66;21.225703383974768
Biscuit_Fat_40_RandomSplit;test;2;SG_15_2_1+AreaNormalization;pls;"{""n_components"": 9}";20.41;20.207608767418677
Biscuit_Fat_40_RandomSplit;test;2;SG_15_2_1+AreaNormalization;pls;"{""n_components"": 9}";16.53;17.555028778089426
Biscuit_Fat_40_RandomSplit;test;2;SG_15_2_1+AreaNormalization;pls;"{""n_components"": 9}";17.63;18.624878643225994
Biscuit_Fat_40_RandomSplit;test;2;SG_15_2_1+AreaNormalization;pls;"{""n_components"": 9}";15.35;16.83470602392761
Biscuit_Fat_40_RandomSplit;test;2;SG_15_2_1+AreaNormalization;pls;"{""n_components"": 9}";20.16;20.98831075231814
Biscuit_Fat_40_RandomSplit;test;2;SG_15_2_1+AreaNormalization;pls;"{""n_components"": 9}";19.9;20.414324449480056
Biscuit_Fat_40_RandomSplit;test;2;SG_15_2_1+AreaNormalization;pls;"{""n_components"": 9}";18.13;19.08738937140558
Biscuit_Fat_40_RandomSplit;test;2;SG_15_2_1+AreaNormalization;pls;"{""n_components"": 9}";18.64;19.260604676151175
Biscuit_Fat_40_RandomSplit;test;2;SG_15_2_1+AreaNormalization;pls;"{""n_components"": 9}";20.07;20.586604555227787
Biscuit_Fat_40_RandomSplit;test;2;SG_15_2_1+AreaNormalization;pls;"{""n_components"": 9}";16.61;17.990960504073655
Biscuit_Fat_40_RandomSplit;test;2;SG_15_2_1+AreaNormalization;pls;"{""n_components"": 9}";20.91;20.91432280145309
Biscuit_Fat_40_RandomSplit;test;2;SG_15_2_1+AreaNormalization;pls;"{""n_components"": 9}";17.88;18.653975515446284
Biscuit_Fat_40_RandomSplit;test;2;SG_15_2_1+AreaNormalization;pls;"{""n_components"": 9}";17.2;18.26605489833385
Biscuit_Fat_40_RandomSplit;test;2;SG_15_2_1+AreaNormalization;pls;"{""n_components"": 9}";15.6;17.083467421075753
Biscuit_Fat_40_RandomSplit;test;2;SG_15_2_1+AreaNormalization;pls;"{""n_components"": 9}";19.14;19.909611698066747
Biscuit_Fat_40_RandomSplit;test;2;SG_15_2_1+AreaNormalization;pls;"{""n_components"": 9}";15.1;16.4752052847682
Biscuit_Fat_40_RandomSplit;test;2;SG_15_2_1+AreaNormalization;pls;"{""n_components"": 9}";21.67;21.55504422304615
Biscuit_Fat_40_RandomSplit;test;2;SG_15_2_1+AreaNormalization;pls;"{""n_components"": 9}";21.17;21.382713311958852
Biscuit_Fat_40_RandomSplit;test;2;SG_15_2_1+AreaNormalization;pls;"{""n_components"": 9}";17.37;18.428894975966244
Biscuit_Fat_40_RandomSplit;test;2;SG_15_2_1+AreaNormalization;pls;"{""n_components"": 9}";19.4;19.696731678886028
Biscuit_Fat_40_RandomSplit;valid;0;SG_21_2_1;pls;"{""n_components"": 10}";15.35;15.819579434859303
Biscuit_Fat_40_RandomSplit;valid;0;SG_21_2_1;pls;"{""n_components"": 10}";17.88;18.662744915947854
Biscuit_Fat_40_RandomSplit;valid;0;SG_21_2_1;pls;"{""n_components"": 10}";16.19;17.779909668407925
Biscuit_Fat_40_RandomSplit;valid;0;SG_21_2_1;pls;"{""n_components"": 10}";15.85;16.14915119170155
Biscuit_Fat_40_RandomSplit;valid;0;SG_21_2_1;pls;"{""n_components"": 10}";18.05;17.543676834962852
Biscuit_Fat_40_RandomSplit;valid;0;SG_21_2_1;pls;"{""n_components"": 10}";18.89;18.467389671655955
Biscuit_Fat_40_RandomSplit;valid;0;SG_21_2_1;pls;"{""n_components"": 10}";21.42;21.655049594829293
Biscuit_Fat_40_RandomSplit;valid;0;SG_21_2_1;pls;"{""n_components"": 10}";20.24;19.703389788920987
Biscuit_Fat_40_RandomSplit;valid;0;SG_21_2_1;pls;"{""n_components"": 10}";19.56;20.016619088123743
Biscuit_Fat_40_RandomSplit;valid;0;SG_21_2_1;pls;"{""n_components"": 10}";17.37;17.467902324843195
Biscuit_Fat_40_RandomSplit;valid;0;SG_21_2_1;pls;"{""n_components"": 10}";20.91;20.704046461044257
Biscuit_Fat_40_RandomSplit;valid;0;SG_21_2_1;pls;"{""n_components"": 10}";17.71;17.87088930002709
Biscuit_Fat_40_RandomSplit;valid;0;SG_21_2_1;pls;"{""n_components"": 10}";19.06;19.03254237900206
Biscuit_Fat_40_RandomSplit;valid;0;SG_21_2_1;pls;"{""n_components"": 10}";16.36;16.133530051944607
Biscuit_Fat_40_RandomSplit;test;0;SG_21_2_1;pls;"{""n_components"": 10}";21.42;21.781799661501445
Biscuit_Fat_40_RandomSplit;test;0;SG_21_2_1;pls;"{""n_components"": 10}";18.38;18.91355817524362
Biscuit_Fat_40_RandomSplit;test;0;SG_21_2_1;pls;"{""n_components"": 10}";19.23;19.677275590278356
Biscuit_Fat_40_RandomSplit;test;0;SG_21_2_1;pls;"{""n_components"": 10}";17.12;17.92609196583957
Biscuit_Fat_40_RandomSplit;test;0;SG_21_2_1;pls;"{""n_components"": 10}";15.85;16.163247999681225
Biscuit_Fat_40_RandomSplit;test;0;SG_21_2_1;pls;"{""n_components"": 10}";16.36;16.898690487574306
Biscuit_Fat_40_RandomSplit;test;0;SG_21_2_1;pls;"{""n_components"": 10}";19.65;18.945820840775557
Biscuit_Fat_40_RandomSplit;test;0;SG_21_2_1;pls;"{""n_components"": 10}";16.87;16.106607172174748
Biscuit_Fat_40_RandomSplit;test;0;SG_21_2_1;pls;"{""n_components"": 10}";16.11;13.243752103641393
Biscuit_Fat_40_RandomSplit;test;0;SG_21_2_1;pls;"{""n_components"": 10}";18.89;17.109480960570224
Biscuit_Fat_40_RandomSplit;test;0;SG_21_2_1;pls;"{""n_components"": 10}";14.84;13.731100003484947
Biscuit_Fat_40_RandomSplit;test;0;SG_21_2_1;pls;"{""n_components"": 10}";20.66;19.464633107397177
Biscuit_Fat_40_RandomSplit;test;0;SG_21_2_1;pls;"{""n_components"": 10}";20.41;19.79055772620306
Biscuit_Fat_40_RandomSplit;test;0;SG_21_2_1;pls;"{""n_components"": 10}";16.53;14.45059961956958
Biscuit_Fat_40_RandomSplit;test;0;SG_21_2_1;pls;"{""n_components"": 10}";17.63;16.484644639941134
Biscuit_Fat_40_RandomSplit;test;0;SG_21_2_1;pls;"{""n_components"": 10}";15.35;13.7831539979374
Biscuit_Fat_40_RandomSplit;test;0;SG_21_2_1;pls;"{""n_components"": 10}";20.16;19.16184146864128
Biscuit_Fat_40_RandomSplit;test;0;SG_21_2_1;pls;"{""n_components"": 10}";19.9;19.731523677802137
Biscuit_Fat_40_RandomSplit;test;0;SG_21_2_1;pls;"{""n_components"": 10}";18.13;17.771463268533573
Biscuit_Fat_40_RandomSplit;test;0;SG_21_2_1;pls;"{""n_components"": 10}";18.64;18.167807359399866
Biscuit_Fat_40_RandomSplit;test;0;SG_21_2_1;pls;"{""n_components"": 10}";20.07;18.99938611602233
Biscuit_Fat_40_RandomSplit;test;0;SG_21_2_1;pls;"{""n_components"": 10}";16.61;16.068375403442012
Biscuit_Fat_40_RandomSplit;test;0;SG_21_2_1;pls;"{""n_components"": 10}";20.91;20.936281999941542
Biscuit_Fat_40_RandomSplit;test;0;SG_21_2_1;pls;"{""n_components"": 10}";17.88;16.935399749569157
Biscuit_Fat_40_RandomSplit;test;0;SG_21_2_1;pls;"{""n_components"": 10}";17.2;16.3057496433198
Biscuit_Fat_40_RandomSplit;test;0;SG_21_2_1;pls;"{""n_components"": 10}";15.6;14.43091199760271
Biscuit_Fat_40_RandomSplit;test;0;SG_21_2_1;pls;"{""n_components"": 10}";19.14;17.923864669735213
Biscuit_Fat_40_RandomSplit;test;0;SG_21_2_1;pls;"{""n_components"": 10}";15.1;14.900464951748814
Biscuit_Fat_40_RandomSplit;test;0;SG_21_2_1;pls;"{""n_components"": 10}";21.67;20.987756881464847
Biscuit_Fat_40_RandomSplit;test;0;SG_21_2_1;pls;"{""n_components"": 10}";21.17;21.029976184343813
Biscuit_Fat_40_RandomSplit;test;0;SG_21_2_1;pls;"{""n_components"": 10}";17.37;16.07103523059659
Biscuit_Fat_40_RandomSplit;test;0;SG_21_2_1;pls;"{""n_components"": 10}";19.4;18.952539706430723
Biscuit_Fat_40_RandomSplit;valid;1;SG_21_2_1;pls;"{""n_components"": 10}";18.37;18.587202144197512
Biscuit_Fat_40_RandomSplit;valid;1;SG_21_2_1;pls;"{""n_components"": 10}";21.59;20.928307247163925
Biscuit_Fat_40_RandomSplit;valid;1;SG_21_2_1;pls;"{""n_components"": 10}";21.25;20.95256372286182
Biscuit_Fat_40_RandomSplit;valid;1;SG_21_2_1;pls;"{""n_components"": 10}";20.58;20.271028524479846
Biscuit_Fat_40_RandomSplit;valid;1;SG_21_2_1;pls;"{""n_components"": 10}";19.4;19.6214730725326
Biscuit_Fat_40_RandomSplit;valid;1;SG_21_2_1;pls;"{""n_components"": 10}";16.02;15.362905671056865
Biscuit_Fat_40_RandomSplit;valid;1;SG_21_2_1;pls;"{""n_components"": 10}";19.73;19.81864418829505
Biscuit_Fat_40_RandomSplit;valid;1;SG_21_2_1;pls;"{""n_components"": 10}";15.18;15.709293374543098
Biscuit_Fat_40_RandomSplit;valid;1;SG_21_2_1;pls;"{""n_components"": 10}";19.9;19.64195277907606
Biscuit_Fat_40_RandomSplit;valid;1;SG_21_2_1;pls;"{""n_components"": 10}";17.03;16.60117482270086
Biscuit_Fat_40_RandomSplit;valid;1;SG_21_2_1;pls;"{""n_components"": 10}";17.54;17.918931983930655
Biscuit_Fat_40_RandomSplit;valid;1;SG_21_2_1;pls;"{""n_components"": 10}";20.41;20.3088920479943
Biscuit_Fat_40_RandomSplit;valid;1;SG_21_2_1;pls;"{""n_components"": 10}";18.38;18.472982753397744
Biscuit_Fat_40_RandomSplit;test;1;SG_21_2_1;pls;"{""n_components"": 10}";21.42;21.667843968643602
Biscuit_Fat_40_RandomSplit;test;1;SG_21_2_1;pls;"{""n_components"": 10}";18.38;18.487229696597293
Biscuit_Fat_40_RandomSplit;test;1;SG_21_2_1;pls;"{""n_components"": 10}";19.23;19.289016448824395
Biscuit_Fat_40_RandomSplit;test;1;SG_21_2_1;pls;"{""n_components"": 10}";17.12;17.560329228124665
Biscuit_Fat_40_RandomSplit;test;1;SG_21_2_1;pls;"{""n_components"": 10}";15.85;15.528286703393327
Biscuit_Fat_40_RandomSplit;test;1;SG_21_2_1;pls;"{""n_components"": 10}";16.36;16.653796539090866
Biscuit_Fat_40_RandomSplit;test;1;SG_21_2_1;pls;"{""n_components"": 10}";19.65;20.055054105298858
Biscuit_Fat_40_RandomSplit;test;1;SG_21_2_1;pls;"{""n_components"": 10}";16.87;18.094997036204852
Biscuit_Fat_40_RandomSplit;test;1;SG_21_2_1;pls;"{""n_components"": 10}";16.11;18.305267982186
Biscuit_Fat_40_RandomSplit;test;1;SG_21_2_1;pls;"{""n_components"": 10}";18.89;19.495770065441516
Biscuit_Fat_40_RandomSplit;test;1;SG_21_2_1;pls;"{""n_components"": 10}";14.84;14.719215079886684
Biscuit_Fat_40_RandomSplit;test;1;SG_21_2_1;pls;"{""n_components"": 10}";20.66;21.277550368657742
Biscuit_Fat_40_RandomSplit;test;1;SG_21_2_1;pls;"{""n_components"": 10}";20.41;21.15034405977084
Biscuit_Fat_40_RandomSplit;test;1;SG_21_2_1;pls;"{""n_components"": 10}";16.53;16.6675759006194
Biscuit_Fat_40_RandomSplit;test;1;SG_21_2_1;pls;"{""n_components"": 10}";17.63;17.64676243103639
Biscuit_Fat_40_RandomSplit;test;1;SG_21_2_1;pls;"{""n_components"": 10}";15.35;15.188819553450715
Biscuit_Fat_40_RandomSplit;test;1;SG_21_2_1;pls;"{""n_components"": 10}";20.16;21.32466378268686
Biscuit_Fat_40_RandomSplit;test;1;SG_21_2_1;pls;"{""n_components"": 10}";19.9;20.48206830743828
Biscuit_Fat_40_RandomSplit;test;1;SG_21_2_1;pls;"{""n_components"": 10}";18.13;18.31300554117091
Biscuit_Fat_40_RandomSplit;test;1;SG_21_2_1;pls;"{""n_components"": 10}";18.64;19.073743134153563
Biscuit_Fat_40_RandomSplit;test;1;SG_21_2_1;pls;"{""n_components"": 10}";20.07;19.46295893574033
Biscuit_Fat_40_RandomSplit;test;1;SG_21_2_1;pls;"{""n_components"": 10}";16.61;16.735400195986326
Biscuit_Fat_40_RandomSplit;test;1;SG_21_2_1;pls;"{""n_components"": 10}";20.91;21.868371848354812
Biscuit_Fat_40_RandomSplit;test;1;SG_21_2_1;pls;"{""n_components"": 10}";17.88;18.735234268978573
Biscuit_Fat_40_RandomSplit;test;1;SG_21_2_1;pls;"{""n_components"": 10}";17.2;17.58526053845959
Biscuit_Fat_40_RandomSplit;test;1;SG_21_2_1;pls;"{""n_components"": 10}";15.6;16.168194100008304
Biscuit_Fat_40_RandomSplit;test;1;SG_21_2_1;pls;"{""n_components"": 10}";19.14;19.077557127882702
Biscuit_Fat_40_RandomSplit;test;1;SG_21_2_1;pls;"{""n_components"": 10}";15.1;15.990971665122268
Biscuit_Fat_40_RandomSplit;test;1;SG_21_2_1;pls;"{""n_components"": 10}";21.67;22.323487770950635
Biscuit_Fat_40_RandomSplit;test;1;SG_21_2_1;pls;"{""n_components"": 10}";21.17;21.66533660831542
Biscuit_Fat_40_RandomSplit;test;1;SG_21_2_1;pls;"{""n_components"": 10}";17.37;18.101187345128363
Biscuit_Fat_40_RandomSplit;test;1;SG_21_2_1;pls;"{""n_components"": 10}";19.4;18.713219679024263
Biscuit_Fat_40_RandomSplit;valid;2;SG_21_2_1;pls;"{""n_components"": 10}";21.08;20.462702367529587
Biscuit_Fat_40_RandomSplit;valid;2;SG_21_2_1;pls;"{""n_components"": 10}";18.55;18.07200082298554
Biscuit_Fat_40_RandomSplit;valid;2;SG_21_2_1;pls;"{""n_components"": 10}";16.53;16.518097114633974
Biscuit_Fat_40_RandomSplit;valid;2;SG_21_2_1;pls;"{""n_components"": 10}";15.69;14.968088184703063
Biscuit_Fat_40_RandomSplit;valid;2;SG_21_2_1;pls;"{""n_components"": 10}";18.77;17.667273604229365
Biscuit_Fat_40_RandomSplit;valid;2;SG_21_2_1;pls;"{""n_components"": 10}";15.01;14.113412197714844
Biscuit_Fat_40_RandomSplit;valid;2;SG_21_2_1;pls;"{""n_components"": 10}";18.72;19.228605432797593
Biscuit_Fat_40_RandomSplit;valid;2;SG_21_2_1;pls;"{""n_components"": 10}";20.75;20.28728135037425
Biscuit_Fat_40_RandomSplit;valid;2;SG_21_2_1;pls;"{""n_components"": 10}";20.07;19.364794349315748
Biscuit_Fat_40_RandomSplit;valid;2;SG_21_2_1;pls;"{""n_components"": 10}";15.52;16.137106853233327
Biscuit_Fat_40_RandomSplit;valid;2;SG_21_2_1;pls;"{""n_components"": 10}";16.7;16.89955036330568
Biscuit_Fat_40_RandomSplit;valid;2;SG_21_2_1;pls;"{""n_components"": 10}";19.23;19.08502358531662
Biscuit_Fat_40_RandomSplit;valid;2;SG_21_2_1;pls;"{""n_components"": 10}";17.2;17.291285515285225
Biscuit_Fat_40_RandomSplit;test;2;SG_21_2_1;pls;"{""n_components"": 10}";21.42;21.295122229846186
Biscuit_Fat_40_RandomSplit;test;2;SG_21_2_1;pls;"{""n_components"": 10}";18.38;17.981623244635617
Biscuit_Fat_40_RandomSplit;test;2;SG_21_2_1;pls;"{""n_components"": 10}";19.23;19.260481393425888
Biscuit_Fat_40_RandomSplit;test;2;SG_21_2_1;pls;"{""n_components"": 10}";17.12;17.417457268675047
Biscuit_Fat_40_RandomSplit;test;2;SG_21_2_1;pls;"{""n_components"": 10}";15.85;15.766733400781794
Biscuit_Fat_40_RandomSplit;test;2;SG_21_2_1;pls;"{""n_components"": 10}";16.36;16.441823989211294
Biscuit_Fat_40_RandomSplit;test;2;SG_21_2_1;pls;"{""n_components"": 10}";19.65;20.439617598751454
Biscuit_Fat_40_RandomSplit;test;2;SG_21_2_1;pls;"{""n_components"": 10}";16.87;17.638984289211027
Biscuit_Fat_40_RandomSplit;test;2;SG_21_2_1;pls;"{""n_components"": 10}";16.11;19.77306691033656
Biscuit_Fat_40_RandomSplit;test;2;SG_21_2_1;pls;"{""n_components"": 10}";18.89;20.722375983593793
Biscuit_Fat_40_RandomSplit;test;2;SG_21_2_1;pls;"{""n_components"": 10}";14.84;14.408194690248209
Biscuit_Fat_40_RandomSplit;test;2;SG_21_2_1;pls;"{""n_components"": 10}";20.66;22.322581968637262
Biscuit_Fat_40_RandomSplit;test;2;SG_21_2_1;pls;"{""n_components"": 10}";20.41;20.364463146151095
Biscuit_Fat_40_RandomSplit;test;2;SG_21_2_1;pls;"{""n_components"": 10}";16.53;17.24653279442767
Biscuit_Fat_40_RandomSplit;test;2;SG_21_2_1;pls;"{""n_components"": 10}";17.63;18.664203439270803
Biscuit_Fat_40_RandomSplit;test;2;SG_21_2_1;pls;"{""n_components"": 10}";15.35;16.42548957362422
Biscuit_Fat_40_RandomSplit;test;2;SG_21_2_1;pls;"{""n_components"": 10}";20.16;21.374592746965345
Biscuit_Fat_40_RandomSplit;test;2;SG_21_2_1;pls;"{""n_components"": 10}";19.9;20.74333992820111
Biscuit_Fat_40_RandomSplit;test;2;SG_21_2_1;pls;"{""n_components"": 10}";18.13;19.431204539981742
Biscuit_Fat_40_RandomSplit;test;2;SG_21_2_1;pls;"{""n_components"": 10}";18.64;19.45757404696842
Biscuit_Fat_40_RandomSplit;test;2;SG_21_2_1;pls;"{""n_components"": 10}";20.07;21.04863207773624
Biscuit_Fat_40_RandomSplit;test;2;SG_21_2_1;pls;"{""n_components"": 10}";16.61;18.046630660480293
Biscuit_Fat_40_RandomSplit;test;2;SG_21_2_1;pls;"{""n_components"": 10}";20.91;21.494479225065056
Biscuit_Fat_40_RandomSplit;test;2;SG_21_2_1;pls;"{""n_components"": 10}";17.88;18.536338987275137
Biscuit_Fat_40_RandomSplit;test;2;SG_21_2_1;pls;"{""n_components"": 10}";17.2;17.855049196007695
Biscuit_Fat_40_RandomSplit;test;2;SG_21_2_1;pls;"{""n_components"": 10}";15.6;16.66898296811029
Biscuit_Fat_40_RandomSplit;test;2;SG_21_2_1;pls;"{""n_components"": 10}";19.14;20.37266876947612
Biscuit_Fat_40_RandomSplit;test;2;SG_21_2_1;pls;"{""n_components"": 10}";15.1;16.119045760701717
Biscuit_Fat_40_RandomSplit;test;2;SG_21_2_1;pls;"{""n_components"": 10}";21.67;21.955167829786017
Biscuit_Fat_40_RandomSplit;test;2;SG_21_2_1;pls;"{""n_components"": 10}";21.17;21.67332651986378
Biscuit_Fat_40_RandomSplit;test;2;SG_21_2_1;pls;"{""n_components"": 10}";17.37;18.30860393097339
Biscuit_Fat_40_RandomSplit;test;2;SG_21_2_1;pls;"{""n_components"": 10}";19.4;20.49592011625724
Biscuit_Fat_40_RandomSplit;valid;0;SG_21_2_1+Haar;pls;"{""n_components"": 9}";15.35;16.00421235616502
Biscuit_Fat_40_RandomSplit;valid;0;SG_21_2_1+Haar;pls;"{""n_components"": 9}";17.88;18.850577412696133
Biscuit_Fat_40_RandomSplit;valid;0;SG_21_2_1+Haar;pls;"{""n_components"": 9}";16.19;18.317267274918276
Biscuit_Fat_40_RandomSplit;valid;0;SG_21_2_1+Haar;pls;"{""n_components"": 9}";15.85;15.855213725461612
Biscuit_Fat_40_RandomSplit;valid;0;SG_21_2_1+Haar;pls;"{""n_components"": 9}";18.05;18.099586633291555
Biscuit_Fat_40_RandomSplit;valid;0;SG_21_2_1+Haar;pls;"{""n_components"": 9}";18.89;18.335413530676433
Biscuit_Fat_40_RandomSplit;valid;0;SG_21_2_1+Haar;pls;"{""n_components"": 9}";21.42;21.70011691718625
Biscuit_Fat_40_RandomSplit;valid;0;SG_21_2_1+Haar;pls;"{""n_components"": 9}";20.24;19.873801729276607
Biscuit_Fat_40_RandomSplit;valid;0;SG_21_2_1+Haar;pls;"{""n_components"": 9}";19.56;20.636460344770402
Biscuit_Fat_40_RandomSplit;valid;0;SG_21_2_1+Haar;pls;"{""n_components"": 9}";17.37;17.450236480193468
Biscuit_Fat_40_RandomSplit;valid;0;SG_21_2_1+Haar;pls;"{""n_components"": 9}";20.91;21.096170983501693
Biscuit_Fat_40_RandomSplit;valid;0;SG_21_2_1+Haar;pls;"{""n_components"": 9}";17.71;17.910257946944775
Biscuit_Fat_40_RandomSplit;valid;0;SG_21_2_1+Haar;pls;"{""n_components"": 9}";19.06;18.898230849167877
Biscuit_Fat_40_RandomSplit;valid;0;SG_21_2_1+Haar;pls;"{""n_components"": 9}";16.36;16.352689412500165
Biscuit_Fat_40_RandomSplit;test;0;SG_21_2_1+Haar;pls;"{""n_components"": 9}";21.42;21.51671147797313
Biscuit_Fat_40_RandomSplit;test;0;SG_21_2_1+Haar;pls;"{""n_components"": 9}";18.38;18.89616095958541
Biscuit_Fat_40_RandomSplit;test;0;SG_21_2_1+Haar;pls;"{""n_components"": 9}";19.23;19.613728209282495
Biscuit_Fat_40_RandomSplit;test;0;SG_21_2_1+Haar;pls;"{""n_components"": 9}";17.12;18.267177110423486
Biscuit_Fat_40_RandomSplit;test;0;SG_21_2_1+Haar;pls;"{""n_components"": 9}";15.85;16.51205841036166
Biscuit_Fat_40_RandomSplit;test;0;SG_21_2_1+Haar;pls;"{""n_components"": 9}";16.36;17.08780445290645
Biscuit_Fat_40_RandomSplit;test;0;SG_21_2_1+Haar;pls;"{""n_components"": 9}";19.65;19.509695637202626
Biscuit_Fat_40_RandomSplit;test;0;SG_21_2_1+Haar;pls;"{""n_components"": 9}";16.87;16.493540581035084
Biscuit_Fat_40_RandomSplit;test;0;SG_21_2_1+Haar;pls;"{""n_components"": 9}";16.11;14.112586168491331
Biscuit_Fat_40_RandomSplit;test;0;SG_21_2_1+Haar;pls;"{""n_components"": 9}";18.89;18.469527007266414
Biscuit_Fat_40_RandomSplit;test;0;SG_21_2_1+Haar;pls;"{""n_components"": 9}";14.84;14.238812744608534
Biscuit_Fat_40_RandomSplit;test;0;SG_21_2_1+Haar;pls;"{""n_components"": 9}";20.66;20.48391752606274
Biscuit_Fat_40_RandomSplit;test;0;SG_21_2_1+Haar;pls;"{""n_components"": 9}";20.41;20.02949015405199
Biscuit_Fat_40_RandomSplit;test;0;SG_21_2_1+Haar;pls;"{""n_components"": 9}";16.53;15.834909205123882
Biscuit_Fat_40_RandomSplit;test;0;SG_21_2_1+Haar;pls;"{""n_components"": 9}";17.63;17.871322347287048
Biscuit_Fat_40_RandomSplit;test;0;SG_21_2_1+Haar;pls;"{""n_components"": 9}";15.35;15.060913888532305
Biscuit_Fat_40_RandomSplit;test;0;SG_21_2_1+Haar;pls;"{""n_components"": 9}";20.16;20.018499800197688
Biscuit_Fat_40_RandomSplit;test;0;SG_21_2_1+Haar;pls;"{""n_components"": 9}";19.9;20.30723941980902
Biscuit_Fat_40_RandomSplit;test;0;SG_21_2_1+Haar;pls;"{""n_components"": 9}";18.13;18.53424350383132
Biscuit_Fat_40_RandomSplit;test;0;SG_21_2_1+Haar;pls;"{""n_components"": 9}";18.64;19.015353442457172
Biscuit_Fat_40_RandomSplit;test;0;SG_21_2_1+Haar;pls;"{""n_components"": 9}";20.07;20.240588885565998
Biscuit_Fat_40_RandomSplit;test;0;SG_21_2_1+Haar;pls;"{""n_components"": 9}";16.61;16.88266168410473
Biscuit_Fat_40_RandomSplit;test;0;SG_21_2_1+Haar;pls;"{""n_components"": 9}";20.91;20.95390959308523
Biscuit_Fat_40_RandomSplit;test;0;SG_21_2_1+Haar;pls;"{""n_components"": 9}";17.88;17.55629196798902
Biscuit_Fat_40_RandomSplit;test;0;SG_21_2_1+Haar;pls;"{""n_components"": 9}";17.2;17.002367639116944
Biscuit_Fat_40_RandomSplit;test;0;SG_21_2_1+Haar;pls;"{""n_components"": 9}";15.6;15.457716468928483
Biscuit_Fat_40_RandomSplit;test;0;SG_21_2_1+Haar;pls;"{""n_components"": 9}";19.14;18.98586495729242
Biscuit_Fat_40_RandomSplit;test;0;SG_21_2_1+Haar;pls;"{""n_components"": 9}";15.1;15.405046601434357
Biscuit_Fat_40_RandomSplit;test;0;SG_21_2_1+Haar;pls;"{""n_components"": 9}";21.67;20.973907560204875
Biscuit_Fat_40_RandomSplit;test;0;SG_21_2_1+Haar;pls;"{""n_components"": 9}";21.17;21.384536167100826
Biscuit_Fat_40_RandomSplit;test;0;SG_21_2_1+Haar;pls;"{""n_components"": 9}";17.37;16.739360911740174
Biscuit_Fat_40_RandomSplit;test;0;SG_21_2_1+Haar;pls;"{""n_components"": 9}";19.4;19.748958043082293
Biscuit_Fat_40_RandomSplit;valid;1;SG_21_2_1+Haar;pls;"{""n_components"": 9}";18.37;18.675091345080833
Biscuit_Fat_40_RandomSplit;valid;1;SG_21_2_1+Haar;pls;"{""n_components"": 9}";21.59;20.48000224350573
Biscuit_Fat_40_RandomSplit;valid;1;SG_21_2_1+Haar;pls;"{""n_components"": 9}";21.25;20.722350422558645
Biscuit_Fat_40_RandomSplit;valid;1;SG_21_2_1+Haar;pls;"{""n_components"": 9}";20.58;20.31637034244869
Biscuit_Fat_40_RandomSplit;valid;1;SG_21_2_1+Haar;pls;"{""n_components"": 9}";19.4;19.425199367952935
Biscuit_Fat_40_RandomSplit;valid;1;SG_21_2_1+Haar;pls;"{""n_components"": 9}";16.02;15.122945058529657
Biscuit_Fat_40_RandomSplit;valid;1;SG_21_2_1+Haar;pls;"{""n_components"": 9}";19.73;19.613094315292074
Biscuit_Fat_40_RandomSplit;valid;1;SG_21_2_1+Haar;pls;"{""n_components"": 9}";15.18;15.666530158096434
Biscuit_Fat_40_RandomSplit;valid;1;SG_21_2_1+Haar;pls;"{""n_components"": 9}";19.9;18.741982395169273
Biscuit_Fat_40_RandomSplit;valid;1;SG_21_2_1+Haar;pls;"{""n_components"": 9}";17.03;16.47758238249074
Biscuit_Fat_40_RandomSplit;valid;1;SG_21_2_1+Haar;pls;"{""n_components"": 9}";17.54;17.81481834115892
Biscuit_Fat_40_RandomSplit;valid;1;SG_21_2_1+Haar;pls;"{""n_components"": 9}";20.41;20.34465462179528
Biscuit_Fat_40_RandomSplit;valid;1;SG_21_2_1+Haar;pls;"{""n_components"": 9}";18.38;18.312643272630005
Biscuit_Fat_40_RandomSplit;test;1;SG_21_2_1+Haar;pls;"{""n_components"": 9}";21.42;21.86349883009528
Biscuit_Fat_40_RandomSplit;test;1;SG_21_2_1+Haar;pls;"{""n_components"": 9}";18.38;18.678838552987994
Biscuit_Fat_40_RandomSplit;test;1;SG_21_2_1+Haar;pls;"{""n_components"": 9}";19.23;19.35802745912177
Biscuit_Fat_40_RandomSplit;test;1;SG_21_2_1+Haar;pls;"{""n_components"": 9}";17.12;17.980034294261408
Biscuit_Fat_40_RandomSplit;test;1;SG_21_2_1+Haar;pls;"{""n_components"": 9}";15.85;16.1049440792575
Biscuit_Fat_40_RandomSplit;test;1;SG_21_2_1+Haar;pls;"{""n_components"": 9}";16.36;17.070695972964877
Biscuit_Fat_40_RandomSplit;test;1;SG_21_2_1+Haar;pls;"{""n_components"": 9}";19.65;20.341861134574625
Biscuit_Fat_40_RandomSplit;test;1;SG_21_2_1+Haar;pls;"{""n_components"": 9}";16.87;18.239406220279513
Biscuit_Fat_40_RandomSplit;test;1;SG_21_2_1+Haar;pls;"{""n_components"": 9}";16.11;17.720313832176217
Biscuit_Fat_40_RandomSplit;test;1;SG_21_2_1+Haar;pls;"{""n_components"": 9}";18.89;20.003614334072193
Biscuit_Fat_40_RandomSplit;test;1;SG_21_2_1+Haar;pls;"{""n_components"": 9}";14.84;15.072332829613092
Biscuit_Fat_40_RandomSplit;test;1;SG_21_2_1+Haar;pls;"{""n_components"": 9}";20.66;21.48771121213976
Biscuit_Fat_40_RandomSplit;test;1;SG_21_2_1+Haar;pls;"{""n_components"": 9}";20.41;21.38416017029728
Biscuit_Fat_40_RandomSplit;test;1;SG_21_2_1+Haar;pls;"{""n_components"": 9}";16.53;17.143983379223258
Biscuit_Fat_40_RandomSplit;test;1;SG_21_2_1+Haar;pls;"{""n_components"": 9}";17.63;18.27107067370842
Biscuit_Fat_40_RandomSplit;test;1;SG_21_2_1+Haar;pls;"{""n_components"": 9}";15.35;15.712813336091322
Biscuit_Fat_40_RandomSplit;test;1;SG_21_2_1+Haar;pls;"{""n_components"": 9}";20.16;21.90213548456063
Biscuit_Fat_40_RandomSplit;test;1;SG_21_2_1+Haar;pls;"{""n_components"": 9}";19.9;20.701325382080668
Biscuit_Fat_40_RandomSplit;test;1;SG_21_2_1+Haar;pls;"{""n_components"": 9}";18.13;18.800808103729242
Biscuit_Fat_40_RandomSplit;test;1;SG_21_2_1+Haar;pls;"{""n_components"": 9}";18.64;19.636723876744387
Biscuit_Fat_40_RandomSplit;test;1;SG_21_2_1+Haar;pls;"{""n_components"": 9}";20.07;20.195139560446403
Biscuit_Fat_40_RandomSplit;test;1;SG_21_2_1+Haar;pls;"{""n_components"": 9}";16.61;17.141997751532116
Biscuit_Fat_40_RandomSplit;test;1;SG_21_2_1+Haar;pls;"{""n_components"": 9}";20.91;21.752833017507143
Biscuit_Fat_40_RandomSplit;test;1;SG_21_2_1+Haar;pls;"{""n_components"": 9}";17.88;19.26432594542001
Biscuit_Fat_40_RandomSplit;test;1;SG_21_2_1+Haar;pls;"{""n_components"": 9}";17.2;18.185656677421626
Biscuit_Fat_40_RandomSplit;test;1;SG_21_2_1+Haar;pls;"{""n_components"": 9}";15.6;16.573417057414176
Biscuit_Fat_40_RandomSplit;test;1;SG_21_2_1+Haar;pls;"{""n_components"": 9}";19.14;19.43925703683162
Biscuit_Fat_40_RandomSplit;test;1;SG_21_2_1+Haar;pls;"{""n_components"": 9}";15.1;16.205902599910555
Biscuit_Fat_40_RandomSplit;test;1;SG_21_2_1+Haar;pls;"{""n_components"": 9}";21.67;22.427996039556135
Biscuit_Fat_40_RandomSplit;test;1;SG_21_2_1+Haar;pls;"{""n_components"": 9}";21.17;21.814201214318253
Biscuit_Fat_40_RandomSplit;test;1;SG_21_2_1+Haar;pls;"{""n_components"": 9}";17.37;18.413029157983882
Biscuit_Fat_40_RandomSplit;test;1;SG_21_2_1+Haar;pls;"{""n_components"": 9}";19.4;18.997816893645354
Biscuit_Fat_40_RandomSplit;valid;2;SG_21_2_1+Haar;pls;"{""n_components"": 9}";21.08;20.552557823934745
Biscuit_Fat_40_RandomSplit;valid;2;SG_21_2_1+Haar;pls;"{""n_components"": 9}";18.55;18.65885966275586
Biscuit_Fat_40_RandomSplit;valid;2;SG_21_2_1+Haar;pls;"{""n_components"": 9}";16.53;16.049038120132792
Biscuit_Fat_40_RandomSplit;valid;2;SG_21_2_1+Haar;pls;"{""n_components"": 9}";15.69;15.742227754656227
Biscuit_Fat_40_RandomSplit;valid;2;SG_21_2_1+Haar;pls;"{""n_components"": 9}";18.77;18.543072117827897
Biscuit_Fat_40_RandomSplit;valid;2;SG_21_2_1+Haar;pls;"{""n_components"": 9}";15.01;15.109674373567339
Biscuit_Fat_40_RandomSplit;valid;2;SG_21_2_1+Haar;pls;"{""n_components"": 9}";18.72;19.1513078819164
Biscuit_Fat_40_RandomSplit;valid;2;SG_21_2_1+Haar;pls;"{""n_components"": 9}";20.75;20.000409018857223
Biscuit_Fat_40_RandomSplit;valid;2;SG_21_2_1+Haar;pls;"{""n_components"": 9}";20.07;19.874414918506883
Biscuit_Fat_40_RandomSplit;valid;2;SG_21_2_1+Haar;pls;"{""n_components"": 9}";15.52;15.856336814208987
Biscuit_Fat_40_RandomSplit;valid;2;SG_21_2_1+Haar;pls;"{""n_components"": 9}";16.7;16.68864959252268
Biscuit_Fat_40_RandomSplit;valid;2;SG_21_2_1+Haar;pls;"{""n_components"": 9}";19.23;19.364756634316976
Biscuit_Fat_40_RandomSplit;valid;2;SG_21_2_1+Haar;pls;"{""n_components"": 9}";17.2;17.46133048422898
Biscuit_Fat_40_RandomSplit;test;2;SG_21_2_1+Haar;pls;"{""n_components"": 9}";21.42;21.661585969511762
Biscuit_Fat_40_RandomSplit;test;2;SG_21_2_1+Haar;pls;"{""n_components"": 9}";18.38;18.673670565539016
Biscuit_Fat_40_RandomSplit;test;2;SG_21_2_1+Haar;pls;"{""n_components"": 9}";19.23;19.737864308856047
Biscuit_Fat_40_RandomSplit;test;2;SG_21_2_1+Haar;pls;"{""n_components"": 9}";17.12;18.06491962062998
Biscuit_Fat_40_RandomSplit;test;2;SG_21_2_1+Haar;pls;"{""n_components"": 9}";15.85;16.468802282406863
Biscuit_Fat_40_RandomSplit;test;2;SG_21_2_1+Haar;pls;"{""n_components"": 9}";16.36;17.429425094852373
Biscuit_Fat_40_RandomSplit;test;2;SG_21_2_1+Haar;pls;"{""n_components"": 9}";19.65;20.28671867900018
Biscuit_Fat_40_RandomSplit;test;2;SG_21_2_1+Haar;pls;"{""n_components"": 9}";16.87;17.43258314949406
Biscuit_Fat_40_RandomSplit;test;2;SG_21_2_1+Haar;pls;"{""n_components"": 9}";16.11;17.332199421606695
Biscuit_Fat_40_RandomSplit;test;2;SG_21_2_1+Haar;pls;"{""n_components"": 9}";18.89;19.90916691175102
Biscuit_Fat_40_RandomSplit;test;2;SG_21_2_1+Haar;pls;"{""n_components"": 9}";14.84;15.16767427113726
Biscuit_Fat_40_RandomSplit;test;2;SG_21_2_1+Haar;pls;"{""n_components"": 9}";20.66;21.09693798069927
Biscuit_Fat_40_RandomSplit;test;2;SG_21_2_1+Haar;pls;"{""n_components"": 9}";20.41;20.295291463815488
Biscuit_Fat_40_RandomSplit;test;2;SG_21_2_1+Haar;pls;"{""n_components"": 9}";16.53;16.539897234507674
Biscuit_Fat_40_RandomSplit;test;2;SG_21_2_1+Haar;pls;"{""n_components"": 9}";17.63;18.316326948113606
Biscuit_Fat_40_RandomSplit;test;2;SG_21_2_1+Haar;pls;"{""n_components"": 9}";15.35;15.476246227132743
Biscuit_Fat_40_RandomSplit;test;2;SG_21_2_1+Haar;pls;"{""n_components"": 9}";20.16;20.8009537324022
Biscuit_Fat_40_RandomSplit;test;2;SG_21_2_1+Haar;pls;"{""n_components"": 9}";19.9;20.516670103987792
Biscuit_Fat_40_RandomSplit;test;2;SG_21_2_1+Haar;pls;"{""n_components"": 9}";18.13;19.288858892760796
Biscuit_Fat_40_RandomSplit;test;2;SG_21_2_1+Haar;pls;"{""n_components"": 9}";18.64;18.9302728757716
Biscuit_Fat_40_RandomSplit;test;2;SG_21_2_1+Haar;pls;"{""n_components"": 9}";20.07;20.880099504185484
Biscuit_Fat_40_RandomSplit;test;2;SG_21_2_1+Haar;pls;"{""n_components"": 9}";16.61;17.51828225862732
Biscuit_Fat_40_RandomSplit;test;2;SG_21_2_1+Haar;pls;"{""n_components"": 9}";20.91;21.5972012230365
Biscuit_Fat_40_RandomSplit;test;2;SG_21_2_1+Haar;pls;"{""n_components"": 9}";17.88;18.525734389564242
Biscuit_Fat_40_RandomSplit;test;2;SG_21_2_1+Haar;pls;"{""n_components"": 9}";17.2;17.85634275022217
Biscuit_Fat_40_RandomSplit;test;2;SG_21_2_1+Haar;pls;"{""n_components"": 9}";15.6;16.17087221900401
Biscuit_Fat_40_RandomSplit;test;2;SG_21_2_1+Haar;pls;"{""n_components"": 9}";19.14;19.716615220900575
Biscuit_Fat_40_RandomSplit;test;2;SG_21_2_1+Haar;pls;"{""n_components"": 9}";15.1;15.87771530986727
Biscuit_Fat_40_RandomSplit;test;2;SG_21_2_1+Haar;pls;"{""n_components"": 9}";21.67;21.98299128096452
Biscuit_Fat_40_RandomSplit;test;2;SG_21_2_1+Haar;pls;"{""n_components"": 9}";21.17;21.863659903046944
Biscuit_Fat_40_RandomSplit;test;2;SG_21_2_1+Haar;pls;"{""n_components"": 9}";17.37;17.657435974235813
Biscuit_Fat_40_RandomSplit;test;2;SG_21_2_1+Haar;pls;"{""n_components"": 9}";19.4;20.16930487476029
Biscuit_Fat_40_RandomSplit;valid;0;SG_21_2_1+AreaNormalization;pls;"{""n_components"": 8}";15.35;15.536191347820532
Biscuit_Fat_40_RandomSplit;valid;0;SG_21_2_1+AreaNormalization;pls;"{""n_components"": 8}";17.88;18.319475450581585
Biscuit_Fat_40_RandomSplit;valid;0;SG_21_2_1+AreaNormalization;pls;"{""n_components"": 8}";16.19;17.502077158211385
Biscuit_Fat_40_RandomSplit;valid;0;SG_21_2_1+AreaNormalization;pls;"{""n_components"": 8}";15.85;16.31619604148919
Biscuit_Fat_40_RandomSplit;valid;0;SG_21_2_1+AreaNormalization;pls;"{""n_components"": 8}";18.05;17.70957820403419
Biscuit_Fat_40_RandomSplit;valid;0;SG_21_2_1+AreaNormalization;pls;"{""n_components"": 8}";18.89;18.587073423281137
Biscuit_Fat_40_RandomSplit;valid;0;SG_21_2_1+AreaNormalization;pls;"{""n_components"": 8}";21.42;21.644998565473
Biscuit_Fat_40_RandomSplit;valid;0;SG_21_2_1+AreaNormalization;pls;"{""n_components"": 8}";20.24;19.752395231696575
Biscuit_Fat_40_RandomSplit;valid;0;SG_21_2_1+AreaNormalization;pls;"{""n_components"": 8}";19.56;19.918937512700246
Biscuit_Fat_40_RandomSplit;valid;0;SG_21_2_1+AreaNormalization;pls;"{""n_components"": 8}";17.37;17.333253309680657
Biscuit_Fat_40_RandomSplit;valid;0;SG_21_2_1+AreaNormalization;pls;"{""n_components"": 8}";20.91;20.83367440549469
Biscuit_Fat_40_RandomSplit;valid;0;SG_21_2_1+AreaNormalization;pls;"{""n_components"": 8}";17.71;17.915897101257862
Biscuit_Fat_40_RandomSplit;valid;0;SG_21_2_1+AreaNormalization;pls;"{""n_components"": 8}";19.06;19.19091889096797
Biscuit_Fat_40_RandomSplit;valid;0;SG_21_2_1+AreaNormalization;pls;"{""n_components"": 8}";16.36;16.26493128013598
Biscuit_Fat_40_RandomSplit;test;0;SG_21_2_1+AreaNormalization;pls;"{""n_components"": 8}";21.42;21.406609851596933
Biscuit_Fat_40_RandomSplit;test;0;SG_21_2_1+AreaNormalization;pls;"{""n_components"": 8}";18.38;18.65313154961295
Biscuit_Fat_40_RandomSplit;test;0;SG_21_2_1+AreaNormalization;pls;"{""n_components"": 8}";19.23;19.501204557371445
Biscuit_Fat_40_RandomSplit;test;0;SG_21_2_1+AreaNormalization;pls;"{""n_components"": 8}";17.12;17.657714277700986
Biscuit_Fat_40_RandomSplit;test;0;SG_21_2_1+AreaNormalization;pls;"{""n_components"": 8}";15.85;16.10149167153079
Biscuit_Fat_40_RandomSplit;test;0;SG_21_2_1+AreaNormalization;pls;"{""n_components"": 8}";16.36;16.816511850045874
Biscuit_Fat_40_RandomSplit;test;0;SG_21_2_1+AreaNormalization;pls;"{""n_components"": 8}";19.65;19.41523772390339
Biscuit_Fat_40_RandomSplit;test;0;SG_21_2_1+AreaNormalization;pls;"{""n_components"": 8}";16.87;17.08785768963456
Biscuit_Fat_40_RandomSplit;test;0;SG_21_2_1+AreaNormalization;pls;"{""n_components"": 8}";16.11;17.303096602042693
Biscuit_Fat_40_RandomSplit;test;0;SG_21_2_1+AreaNormalization;pls;"{""n_components"": 8}";18.89;18.868671985027262
Biscuit_Fat_40_RandomSplit;test;0;SG_21_2_1+AreaNormalization;pls;"{""n_components"": 8}";14.84;15.073323255132019
Biscuit_Fat_40_RandomSplit;test;0;SG_21_2_1+AreaNormalization;pls;"{""n_components"": 8}";20.66;20.140106106277287
Biscuit_Fat_40_RandomSplit;test;0;SG_21_2_1+AreaNormalization;pls;"{""n_components"": 8}";20.41;19.79186119802001
Biscuit_Fat_40_RandomSplit;test;0;SG_21_2_1+AreaNormalization;pls;"{""n_components"": 8}";16.53;16.44753985811904
Biscuit_Fat_40_RandomSplit;test;0;SG_21_2_1+AreaNormalization;pls;"{""n_components"": 8}";17.63;17.74242161652332
Biscuit_Fat_40_RandomSplit;test;0;SG_21_2_1+AreaNormalization;pls;"{""n_components"": 8}";15.35;15.920203782661464
Biscuit_Fat_40_RandomSplit;test;0;SG_21_2_1+AreaNormalization;pls;"{""n_components"": 8}";20.16;20.087488703002737
Biscuit_Fat_40_RandomSplit;test;0;SG_21_2_1+AreaNormalization;pls;"{""n_components"": 8}";19.9;19.97880579243961
Biscuit_Fat_40_RandomSplit;test;0;SG_21_2_1+AreaNormalization;pls;"{""n_components"": 8}";18.13;18.432489015708093
Biscuit_Fat_40_RandomSplit;test;0;SG_21_2_1+AreaNormalization;pls;"{""n_components"": 8}";18.64;18.57107792206972
Biscuit_Fat_40_RandomSplit;test;0;SG_21_2_1+AreaNormalization;pls;"{""n_components"": 8}";20.07;19.72159455301098
Biscuit_Fat_40_RandomSplit;test;0;SG_21_2_1+AreaNormalization;pls;"{""n_components"": 8}";16.61;17.03966850462605
Biscuit_Fat_40_RandomSplit;test;0;SG_21_2_1+AreaNormalization;pls;"{""n_components"": 8}";20.91;20.84614927628686
Biscuit_Fat_40_RandomSplit;test;0;SG_21_2_1+AreaNormalization;pls;"{""n_components"": 8}";17.88;17.971046789090195
Biscuit_Fat_40_RandomSplit;test;0;SG_21_2_1+AreaNormalization;pls;"{""n_components"": 8}";17.2;17.566884525246586
Biscuit_Fat_40_RandomSplit;test;0;SG_21_2_1+AreaNormalization;pls;"{""n_components"": 8}";15.6;16.0623682563201
Biscuit_Fat_40_RandomSplit;test;0;SG_21_2_1+AreaNormalization;pls;"{""n_components"": 8}";19.14;18.88717538832078
Biscuit_Fat_40_RandomSplit;test;0;SG_21_2_1+AreaNormalization;pls;"{""n_components"": 8}";15.1;16.052316711683538
Biscuit_Fat_40_RandomSplit;test;0;SG_21_2_1+AreaNormalization;pls;"{""n_components"": 8}";21.67;21.06795924878162
Biscuit_Fat_40_RandomSplit;test;0;SG_21_2_1+AreaNormalization;pls;"{""n_components"": 8}";21.17;21.180203963437794
Biscuit_Fat_40_RandomSplit;test;0;SG_21_2_1+AreaNormalization;pls;"{""n_components"": 8}";17.37;17.413382008460633
Biscuit_Fat_40_RandomSplit;test;0;SG_21_2_1+AreaNormalization;pls;"{""n_components"": 8}";19.4;19.04163494745191
Biscuit_Fat_40_RandomSplit;valid;1;SG_21_2_1+AreaNormalization;pls;"{""n_components"": 8}";18.37;18.809181682855016
Biscuit_Fat_40_RandomSplit;valid;1;SG_21_2_1+AreaNormalization;pls;"{""n_components"": 8}";21.59;21.111961574792044
Biscuit_Fat_40_RandomSplit;valid;1;SG_21_2_1+AreaNormalization;pls;"{""n_components"": 8}";21.25;21.376949132224155
Biscuit_Fat_40_RandomSplit;valid;1;SG_21_2_1+AreaNormalization;pls;"{""n_components"": 8}";20.58;19.99150855562911
Biscuit_Fat_40_RandomSplit;valid;1;SG_21_2_1+AreaNormalization;pls;"{""n_components"": 8}";19.4;19.548015828345324
Biscuit_Fat_40_RandomSplit;valid;1;SG_21_2_1+AreaNormalization;pls;"{""n_components"": 8}";16.02;14.812156191574342
Biscuit_Fat_40_RandomSplit;valid;1;SG_21_2_1+AreaNormalization;pls;"{""n_components"": 8}";19.73;19.60875239287422
Biscuit_Fat_40_RandomSplit;valid;1;SG_21_2_1+AreaNormalization;pls;"{""n_components"": 8}";15.18;15.75098146188857
Biscuit_Fat_40_RandomSplit;valid;1;SG_21_2_1+AreaNormalization;pls;"{""n_components"": 8}";19.9;19.36059026783945
Biscuit_Fat_40_RandomSplit;valid;1;SG_21_2_1+AreaNormalization;pls;"{""n_components"": 8}";17.03;16.23386082511827
Biscuit_Fat_40_RandomSplit;valid;1;SG_21_2_1+AreaNormalization;pls;"{""n_components"": 8}";17.54;17.763329724661475
Biscuit_Fat_40_RandomSplit;valid;1;SG_21_2_1+AreaNormalization;pls;"{""n_components"": 8}";20.41;20.199516073020625
Biscuit_Fat_40_RandomSplit;valid;1;SG_21_2_1+AreaNormalization;pls;"{""n_components"": 8}";18.38;18.231828061929072
Biscuit_Fat_40_RandomSplit;test;1;SG_21_2_1+AreaNormalization;pls;"{""n_components"": 8}";21.42;21.368999236086253
Biscuit_Fat_40_RandomSplit;test;1;SG_21_2_1+AreaNormalization;pls;"{""n_components"": 8}";18.38;18.33419299273309
Biscuit_Fat_40_RandomSplit;test;1;SG_21_2_1+AreaNormalization;pls;"{""n_components"": 8}";19.23;19.152200217182532
Biscuit_Fat_40_RandomSplit;test;1;SG_21_2_1+AreaNormalization;pls;"{""n_components"": 8}";17.12;17.459033130758954
Biscuit_Fat_40_RandomSplit;test;1;SG_21_2_1+AreaNormalization;pls;"{""n_components"": 8}";15.85;15.534747243246539
Biscuit_Fat_40_RandomSplit;test;1;SG_21_2_1+AreaNormalization;pls;"{""n_components"": 8}";16.36;16.52604920064957
Biscuit_Fat_40_RandomSplit;test;1;SG_21_2_1+AreaNormalization;pls;"{""n_components"": 8}";19.65;19.900108209878347
Biscuit_Fat_40_RandomSplit;test;1;SG_21_2_1+AreaNormalization;pls;"{""n_components"": 8}";16.87;18.05971289932317
Biscuit_Fat_40_RandomSplit;test;1;SG_21_2_1+AreaNormalization;pls;"{""n_components"": 8}";16.11;19.441789379093667
Biscuit_Fat_40_RandomSplit;test;1;SG_21_2_1+AreaNormalization;pls;"{""n_components"": 8}";18.89;20.12704066187322
Biscuit_Fat_40_RandomSplit;test;1;SG_21_2_1+AreaNormalization;pls;"{""n_components"": 8}";14.84;15.614055522094835
Biscuit_Fat_40_RandomSplit;test;1;SG_21_2_1+AreaNormalization;pls;"{""n_components"": 8}";20.66;21.117195099338716
Biscuit_Fat_40_RandomSplit;test;1;SG_21_2_1+AreaNormalization;pls;"{""n_components"": 8}";20.41;20.288176833963632
Biscuit_Fat_40_RandomSplit;test;1;SG_21_2_1+AreaNormalization;pls;"{""n_components"": 8}";16.53;17.30596947904003
Biscuit_Fat_40_RandomSplit;test;1;SG_21_2_1+AreaNormalization;pls;"{""n_components"": 8}";17.63;18.268829842120986
Biscuit_Fat_40_RandomSplit;test;1;SG_21_2_1+AreaNormalization;pls;"{""n_components"": 8}";15.35;16.371430525633798
Biscuit_Fat_40_RandomSplit;test;1;SG_21_2_1+AreaNormalization;pls;"{""n_components"": 8}";20.16;21.177271472413548
Biscuit_Fat_40_RandomSplit;test;1;SG_21_2_1+AreaNormalization;pls;"{""n_components"": 8}";19.9;20.40397582741631
Biscuit_Fat_40_RandomSplit;test;1;SG_21_2_1+AreaNormalization;pls;"{""n_components"": 8}";18.13;18.854121459875046
Biscuit_Fat_40_RandomSplit;test;1;SG_21_2_1+AreaNormalization;pls;"{""n_components"": 8}";18.64;18.816908391205413
Biscuit_Fat_40_RandomSplit;test;1;SG_21_2_1+AreaNormalization;pls;"{""n_components"": 8}";20.07;19.97228363215194
Biscuit_Fat_40_RandomSplit;test;1;SG_21_2_1+AreaNormalization;pls;"{""n_components"": 8}";16.61;17.412590966963513
Biscuit_Fat_40_RandomSplit;test;1;SG_21_2_1+AreaNormalization;pls;"{""n_components"": 8}";20.91;21.534869831350935
Biscuit_Fat_40_RandomSplit;test;1;SG_21_2_1+AreaNormalization;pls;"{""n_components"": 8}";17.88;18.924702600405308
Biscuit_Fat_40_RandomSplit;test;1;SG_21_2_1+AreaNormalization;pls;"{""n_components"": 8}";17.2;18.176487645724997
Biscuit_Fat_40_RandomSplit;test;1;SG_21_2_1+AreaNormalization;pls;"{""n_components"": 8}";15.6;16.83170365615984
Biscuit_Fat_40_RandomSplit;test;1;SG_21_2_1+AreaNormalization;pls;"{""n_components"": 8}";19.14;19.39726335947227
Biscuit_Fat_40_RandomSplit;test;1;SG_21_2_1+AreaNormalization;pls;"{""n_components"": 8}";15.1;16.582856694904688
Biscuit_Fat_40_RandomSplit;test;1;SG_21_2_1+AreaNormalization;pls;"{""n_components"": 8}";21.67;21.94592514590061
Biscuit_Fat_40_RandomSplit;test;1;SG_21_2_1+AreaNormalization;pls;"{""n_components"": 8}";21.17;21.617227655535274
Biscuit_Fat_40_RandomSplit;test;1;SG_21_2_1+AreaNormalization;pls;"{""n_components"": 8}";17.37;18.263645550998614
Biscuit_Fat_40_RandomSplit;test;1;SG_21_2_1+AreaNormalization;pls;"{""n_components"": 8}";19.4;19.030173110843776
Biscuit_Fat_40_RandomSplit;valid;2;SG_21_2_1+AreaNormalization;pls;"{""n_components"": 8}";21.08;20.405111875237786
Biscuit_Fat_40_RandomSplit;valid;2;SG_21_2_1+AreaNormalization;pls;"{""n_components"": 8}";18.55;18.70889461603496
Biscuit_Fat_40_RandomSplit;valid;2;SG_21_2_1+AreaNormalization;pls;"{""n_components"": 8}";16.53;16.085591256440228
Biscuit_Fat_40_RandomSplit;valid;2;SG_21_2_1+AreaNormalization;pls;"{""n_components"": 8}";15.69;15.549412456334684
Biscuit_Fat_40_RandomSplit;valid;2;SG_21_2_1+AreaNormalization;pls;"{""n_components"": 8}";18.77;18.390678275111703
Biscuit_Fat_40_RandomSplit;valid;2;SG_21_2_1+AreaNormalization;pls;"{""n_components"": 8}";15.01;14.882834742640625
Biscuit_Fat_40_RandomSplit;valid;2;SG_21_2_1+AreaNormalization;pls;"{""n_components"": 8}";18.72;19.097106757607424
Biscuit_Fat_40_RandomSplit;valid;2;SG_21_2_1+AreaNormalization;pls;"{""n_components"": 8}";20.75;20.28032447326397
Biscuit_Fat_40_RandomSplit;valid;2;SG_21_2_1+AreaNormalization;pls;"{""n_components"": 8}";20.07;19.989111922565506
Biscuit_Fat_40_RandomSplit;valid;2;SG_21_2_1+AreaNormalization;pls;"{""n_components"": 8}";15.52;15.994102260947551
Biscuit_Fat_40_RandomSplit;valid;2;SG_21_2_1+AreaNormalization;pls;"{""n_components"": 8}";16.7;16.942401677373542
Biscuit_Fat_40_RandomSplit;valid;2;SG_21_2_1+AreaNormalization;pls;"{""n_components"": 8}";19.23;19.2177908335264
Biscuit_Fat_40_RandomSplit;valid;2;SG_21_2_1+AreaNormalization;pls;"{""n_components"": 8}";17.2;17.21657218927621
Biscuit_Fat_40_RandomSplit;test;2;SG_21_2_1+AreaNormalization;pls;"{""n_components"": 8}";21.42;21.076847480951148
Biscuit_Fat_40_RandomSplit;test;2;SG_21_2_1+AreaNormalization;pls;"{""n_components"": 8}";18.38;18.36231457198272
Biscuit_Fat_40_RandomSplit;test;2;SG_21_2_1+AreaNormalization;pls;"{""n_components"": 8}";19.23;19.303244709927935
Biscuit_Fat_40_RandomSplit;test;2;SG_21_2_1+AreaNormalization;pls;"{""n_components"": 8}";17.12;17.457681783999607
Biscuit_Fat_40_RandomSplit;test;2;SG_21_2_1+AreaNormalization;pls;"{""n_components"": 8}";15.85;16.046511727038123
Biscuit_Fat_40_RandomSplit;test;2;SG_21_2_1+AreaNormalization;pls;"{""n_components"": 8}";16.36;16.87627022952842
Biscuit_Fat_40_RandomSplit;test;2;SG_21_2_1+AreaNormalization;pls;"{""n_components"": 8}";19.65;19.91096753513427
Biscuit_Fat_40_RandomSplit;test;2;SG_21_2_1+AreaNormalization;pls;"{""n_components"": 8}";16.87;17.660271467967473
Biscuit_Fat_40_RandomSplit;test;2;SG_21_2_1+AreaNormalization;pls;"{""n_components"": 8}";16.11;18.672284412711406
Biscuit_Fat_40_RandomSplit;test;2;SG_21_2_1+AreaNormalization;pls;"{""n_components"": 8}";18.89;19.942439712192645
Biscuit_Fat_40_RandomSplit;test;2;SG_21_2_1+AreaNormalization;pls;"{""n_components"": 8}";14.84;15.596130005073052
Biscuit_Fat_40_RandomSplit;test;2;SG_21_2_1+AreaNormalization;pls;"{""n_components"": 8}";20.66;21.00947571011415
Biscuit_Fat_40_RandomSplit;test;2;SG_21_2_1+AreaNormalization;pls;"{""n_components"": 8}";20.41;20.13264303103222
Biscuit_Fat_40_RandomSplit;test;2;SG_21_2_1+AreaNormalization;pls;"{""n_components"": 8}";16.53;17.373903982904483
Biscuit_Fat_40_RandomSplit;test;2;SG_21_2_1+AreaNormalization;pls;"{""n_components"": 8}";17.63;18.49120677359438
Biscuit_Fat_40_RandomSplit;test;2;SG_21_2_1+AreaNormalization;pls;"{""n_components"": 8}";15.35;16.61005718616455
Biscuit_Fat_40_RandomSplit;test;2;SG_21_2_1+AreaNormalization;pls;"{""n_components"": 8}";20.16;20.69430770401371
Biscuit_Fat_40_RandomSplit;test;2;SG_21_2_1+AreaNormalization;pls;"{""n_components"": 8}";19.9;20.281301909717538
Biscuit_Fat_40_RandomSplit;test;2;SG_21_2_1+AreaNormalization;pls;"{""n_components"": 8}";18.13;18.88794036754611
Biscuit_Fat_40_RandomSplit;test;2;SG_21_2_1+AreaNormalization;pls;"{""n_components"": 8}";18.64;18.9881453778661
Biscuit_Fat_40_RandomSplit;test;2;SG_21_2_1+AreaNormalization;pls;"{""n_components"": 8}";20.07;20.42642465579152
Biscuit_Fat_40_RandomSplit;test;2;SG_21_2_1+AreaNormalization;pls;"{""n_components"": 8}";16.61;17.621095308524716
Biscuit_Fat_40_RandomSplit;test;2;SG_21_2_1+AreaNormalization;pls;"{""n_components"": 8}";20.91;21.049543330444124
Biscuit_Fat_40_RandomSplit;test;2;SG_21_2_1+AreaNormalization;pls;"{""n_components"": 8}";17.88;18.647857682325043
Biscuit_Fat_40_RandomSplit;test;2;SG_21_2_1+AreaNormalization;pls;"{""n_components"": 8}";17.2;17.882419928947733
Biscuit_Fat_40_RandomSplit;test;2;SG_21_2_1+AreaNormalization;pls;"{""n_components"": 8}";15.6;16.74538834635764
Biscuit_Fat_40_RandomSplit;test;2;SG_21_2_1+AreaNormalization;pls;"{""n_components"": 8}";19.14;19.559432107219138
Biscuit_Fat_40_RandomSplit;test;2;SG_21_2_1+AreaNormalization;pls;"{""n_components"": 8}";15.1;16.307690115810175
Biscuit_Fat_40_RandomSplit;test;2;SG_21_2_1+AreaNormalization;pls;"{""n_components"": 8}";21.67;21.464364396269417
Biscuit_Fat_40_RandomSplit;test;2;SG_21_2_1+AreaNormalization;pls;"{""n_components"": 8}";21.17;21.381464799723037
Biscuit_Fat_40_RandomSplit;test;2;SG_21_2_1+AreaNormalization;pls;"{""n_components"": 8}";17.37;18.01089142068067
Biscuit_Fat_40_RandomSplit;test;2;SG_21_2_1+AreaNormalization;pls;"{""n_components"": 8}";19.4;19.571163582447763
Biscuit_Fat_40_RandomSplit;valid;0;SG_15_3_2;pls;"{""n_components"": 11}";15.35;16.057731882237047
Biscuit_Fat_40_RandomSplit;valid;0;SG_15_3_2;pls;"{""n_components"": 11}";17.88;18.321565328058206
Biscuit_Fat_40_RandomSplit;valid;0;SG_15_3_2;pls;"{""n_components"": 11}";16.19;17.98371876029158
Biscuit_Fat_40_RandomSplit;valid;0;SG_15_3_2;pls;"{""n_components"": 11}";15.85;15.410443030595275
Biscuit_Fat_40_RandomSplit;valid;0;SG_15_3_2;pls;"{""n_components"": 11}";18.05;18.147869592667167
Biscuit_Fat_40_RandomSplit;valid;0;SG_15_3_2;pls;"{""n_components"": 11}";18.89;18.038596756214382
Biscuit_Fat_40_RandomSplit;valid;0;SG_15_3_2;pls;"{""n_components"": 11}";21.42;21.720403952415836
Biscuit_Fat_40_RandomSplit;valid;0;SG_15_3_2;pls;"{""n_components"": 11}";20.24;20.137967157946665
Biscuit_Fat_40_RandomSplit;valid;0;SG_15_3_2;pls;"{""n_components"": 11}";19.56;20.728879534308533
Biscuit_Fat_40_RandomSplit;valid;0;SG_15_3_2;pls;"{""n_components"": 11}";17.37;17.81345519721815
Biscuit_Fat_40_RandomSplit;valid;0;SG_15_3_2;pls;"{""n_components"": 11}";20.91;21.084130525516706
Biscuit_Fat_40_RandomSplit;valid;0;SG_15_3_2;pls;"{""n_components"": 11}";17.71;17.894276695302587
Biscuit_Fat_40_RandomSplit;valid;0;SG_15_3_2;pls;"{""n_components"": 11}";19.06;19.268959971491952
Biscuit_Fat_40_RandomSplit;valid;0;SG_15_3_2;pls;"{""n_components"": 11}";16.36;16.426449964804288
Biscuit_Fat_40_RandomSplit;test;0;SG_15_3_2;pls;"{""n_components"": 11}";21.42;21.499968624815292
Biscuit_Fat_40_RandomSplit;test;0;SG_15_3_2;pls;"{""n_components"": 11}";18.38;18.745850216373913
Biscuit_Fat_40_RandomSplit;test;0;SG_15_3_2;pls;"{""n_components"": 11}";19.23;19.32400694272283
Biscuit_Fat_40_RandomSplit;test;0;SG_15_3_2;pls;"{""n_components"": 11}";17.12;18.219942724940804
Biscuit_Fat_40_RandomSplit;test;0;SG_15_3_2;pls;"{""n_components"": 11}";15.85;16.332762720471873
Biscuit_Fat_40_RandomSplit;test;0;SG_15_3_2;pls;"{""n_components"": 11}";16.36;17.06348949046352
Biscuit_Fat_40_RandomSplit;test;0;SG_15_3_2;pls;"{""n_components"": 11}";19.65;19.2773015575524
Biscuit_Fat_40_RandomSplit;test;0;SG_15_3_2;pls;"{""n_components"": 11}";16.87;16.876801840135336
Biscuit_Fat_40_RandomSplit;test;0;SG_15_3_2;pls;"{""n_components"": 11}";16.11;14.403520305306612
Biscuit_Fat_40_RandomSplit;test;0;SG_15_3_2;pls;"{""n_components"": 11}";18.89;18.85751778812737
Biscuit_Fat_40_RandomSplit;test;0;SG_15_3_2;pls;"{""n_components"": 11}";14.84;14.306590709371171
Biscuit_Fat_40_RandomSplit;test;0;SG_15_3_2;pls;"{""n_components"": 11}";20.66;20.594902201316117
Biscuit_Fat_40_RandomSplit;test;0;SG_15_3_2;pls;"{""n_components"": 11}";20.41;20.478221022370917
Biscuit_Fat_40_RandomSplit;test;0;SG_15_3_2;pls;"{""n_components"": 11}";16.53;16.089203516067993
Biscuit_Fat_40_RandomSplit;test;0;SG_15_3_2;pls;"{""n_components"": 11}";17.63;18.363975772716394
Biscuit_Fat_40_RandomSplit;test;0;SG_15_3_2;pls;"{""n_components"": 11}";15.35;15.483531237229016
Biscuit_Fat_40_RandomSplit;test;0;SG_15_3_2;pls;"{""n_components"": 11}";20.16;20.841910529252836
Biscuit_Fat_40_RandomSplit;test;0;SG_15_3_2;pls;"{""n_components"": 11}";19.9;20.58472158864693
Biscuit_Fat_40_RandomSplit;test;0;SG_15_3_2;pls;"{""n_components"": 11}";18.13;19.018993177439818
Biscuit_Fat_40_RandomSplit;test;0;SG_15_3_2;pls;"{""n_components"": 11}";18.64;19.29059766773338
Biscuit_Fat_40_RandomSplit;test;0;SG_15_3_2;pls;"{""n_components"": 11}";20.07;20.82079253416971
Biscuit_Fat_40_RandomSplit;test;0;SG_15_3_2;pls;"{""n_components"": 11}";16.61;16.769140245489126
Biscuit_Fat_40_RandomSplit;test;0;SG_15_3_2;pls;"{""n_components"": 11}";20.91;20.943072433339367
Biscuit_Fat_40_RandomSplit;test;0;SG_15_3_2;pls;"{""n_components"": 11}";17.88;17.971666591597366
Biscuit_Fat_40_RandomSplit;test;0;SG_15_3_2;pls;"{""n_components"": 11}";17.2;16.91428113882506
Biscuit_Fat_40_RandomSplit;test;0;SG_15_3_2;pls;"{""n_components"": 11}";15.6;16.041371007450365
Biscuit_Fat_40_RandomSplit;test;0;SG_15_3_2;pls;"{""n_components"": 11}";19.14;19.238582416835854
Biscuit_Fat_40_RandomSplit;test;0;SG_15_3_2;pls;"{""n_components"": 11}";15.1;16.00152593986981
Biscuit_Fat_40_RandomSplit;test;0;SG_15_3_2;pls;"{""n_components"": 11}";21.67;20.793314423379066
Biscuit_Fat_40_RandomSplit;test;0;SG_15_3_2;pls;"{""n_components"": 11}";21.17;21.329010784134326
Biscuit_Fat_40_RandomSplit;test;0;SG_15_3_2;pls;"{""n_components"": 11}";17.37;17.366039191513615
Biscuit_Fat_40_RandomSplit;test;0;SG_15_3_2;pls;"{""n_components"": 11}";19.4;19.46600077265737
Biscuit_Fat_40_RandomSplit;valid;1;SG_15_3_2;pls;"{""n_components"": 11}";18.37;18.709347559981413
Biscuit_Fat_40_RandomSplit;valid;1;SG_15_3_2;pls;"{""n_components"": 11}";21.59;20.35879130374001
Biscuit_Fat_40_RandomSplit;valid;1;SG_15_3_2;pls;"{""n_components"": 11}";21.25;20.804155573862083
Biscuit_Fat_40_RandomSplit;valid;1;SG_15_3_2;pls;"{""n_components"": 11}";20.58;20.41702836686295
Biscuit_Fat_40_RandomSplit;valid;1;SG_15_3_2;pls;"{""n_components"": 11}";19.4;19.31645514867079
Biscuit_Fat_40_RandomSplit;valid;1;SG_15_3_2;pls;"{""n_components"": 11}";16.02;15.028344358374135
Biscuit_Fat_40_RandomSplit;valid;1;SG_15_3_2;pls;"{""n_components"": 11}";19.73;19.573605675392646
Biscuit_Fat_40_RandomSplit;valid;1;SG_15_3_2;pls;"{""n_components"": 11}";15.18;15.631361809307615
Biscuit_Fat_40_RandomSplit;valid;1;SG_15_3_2;pls;"{""n_components"": 11}";19.9;18.425946603069146
Biscuit_Fat_40_RandomSplit;valid;1;SG_15_3_2;pls;"{""n_components"": 11}";17.03;16.310394590667386
Biscuit_Fat_40_RandomSplit;valid;1;SG_15_3_2;pls;"{""n_components"": 11}";17.54;17.7811299066495
Biscuit_Fat_40_RandomSplit;valid;1;SG_15_3_2;pls;"{""n_components"": 11}";20.41;20.16858627830773
Biscuit_Fat_40_RandomSplit;valid;1;SG_15_3_2;pls;"{""n_components"": 11}";18.38;17.7830985106173
Biscuit_Fat_40_RandomSplit;test;1;SG_15_3_2;pls;"{""n_components"": 11}";21.42;21.39915817482314
Biscuit_Fat_40_RandomSplit;test;1;SG_15_3_2;pls;"{""n_components"": 11}";18.38;18.75040480356874
Biscuit_Fat_40_RandomSplit;test;1;SG_15_3_2;pls;"{""n_components"": 11}";19.23;19.162484607705736
Biscuit_Fat_40_RandomSplit;test;1;SG_15_3_2;pls;"{""n_components"": 11}";17.12;17.887549084353033
Biscuit_Fat_40_RandomSplit;test;1;SG_15_3_2;pls;"{""n_components"": 11}";15.85;16.122017967853424
Biscuit_Fat_40_RandomSplit;test;1;SG_15_3_2;pls;"{""n_components"": 11}";16.36;16.93861298743094
Biscuit_Fat_40_RandomSplit;test;1;SG_15_3_2;pls;"{""n_components"": 11}";19.65;20.069044077967845
Biscuit_Fat_40_RandomSplit;test;1;SG_15_3_2;pls;"{""n_components"": 11}";16.87;18.281864169060384
Biscuit_Fat_40_RandomSplit;test;1;SG_15_3_2;pls;"{""n_components"": 11}";16.11;17.655844923516423
Biscuit_Fat_40_RandomSplit;test;1;SG_15_3_2;pls;"{""n_components"": 11}";18.89;20.683950493573427
Biscuit_Fat_40_RandomSplit;test;1;SG_15_3_2;pls;"{""n_components"": 11}";14.84;15.358789993238151
Biscuit_Fat_40_RandomSplit;test;1;SG_15_3_2;pls;"{""n_components"": 11}";20.66;21.682509402509215
Biscuit_Fat_40_RandomSplit;test;1;SG_15_3_2;pls;"{""n_components"": 11}";20.41;21.522386020590638
Biscuit_Fat_40_RandomSplit;test;1;SG_15_3_2;pls;"{""n_components"": 11}";16.53;16.978408320555467
Biscuit_Fat_40_RandomSplit;test;1;SG_15_3_2;pls;"{""n_components"": 11}";17.63;18.41973435225419
Biscuit_Fat_40_RandomSplit;test;1;SG_15_3_2;pls;"{""n_components"": 11}";15.35;16.306206658228625
Biscuit_Fat_40_RandomSplit;test;1;SG_15_3_2;pls;"{""n_components"": 11}";20.16;22.28448333679394
Biscuit_Fat_40_RandomSplit;test;1;SG_15_3_2;pls;"{""n_components"": 11}";19.9;21.124920771356592
Biscuit_Fat_40_RandomSplit;test;1;SG_15_3_2;pls;"{""n_components"": 11}";18.13;19.243739028406935
Biscuit_Fat_40_RandomSplit;test;1;SG_15_3_2;pls;"{""n_components"": 11}";18.64;19.95603213365052
Biscuit_Fat_40_RandomSplit;test;1;SG_15_3_2;pls;"{""n_components"": 11}";20.07;20.633815735133155
Biscuit_Fat_40_RandomSplit;test;1;SG_15_3_2;pls;"{""n_components"": 11}";16.61;17.529285350330255
Biscuit_Fat_40_RandomSplit;test;1;SG_15_3_2;pls;"{""n_components"": 11}";20.91;21.891131171510807
Biscuit_Fat_40_RandomSplit;test;1;SG_15_3_2;pls;"{""n_components"": 11}";17.88;19.77741169239654
Biscuit_Fat_40_RandomSplit;test;1;SG_15_3_2;pls;"{""n_components"": 11}";17.2;18.292351338653525
Biscuit_Fat_40_RandomSplit;test;1;SG_15_3_2;pls;"{""n_components"": 11}";15.6;17.0758232616527
Biscuit_Fat_40_RandomSplit;test;1;SG_15_3_2;pls;"{""n_components"": 11}";19.14;19.581814069950966
Biscuit_Fat_40_RandomSplit;test;1;SG_15_3_2;pls;"{""n_components"": 11}";15.1;16.38218478626629
Biscuit_Fat_40_RandomSplit;test;1;SG_15_3_2;pls;"{""n_components"": 11}";21.67;22.53967528020604
Biscuit_Fat_40_RandomSplit;test;1;SG_15_3_2;pls;"{""n_components"": 11}";21.17;22.11368734648115
Biscuit_Fat_40_RandomSplit;test;1;SG_15_3_2;pls;"{""n_components"": 11}";17.37;18.77235892627828
Biscuit_Fat_40_RandomSplit;test;1;SG_15_3_2;pls;"{""n_components"": 11}";19.4;19.0976949838559
Biscuit_Fat_40_RandomSplit;valid;2;SG_15_3_2;pls;"{""n_components"": 11}";21.08;20.56152766484302
Biscuit_Fat_40_RandomSplit;valid;2;SG_15_3_2;pls;"{""n_components"": 11}";18.55;18.742127419170966
Biscuit_Fat_40_RandomSplit;valid;2;SG_15_3_2;pls;"{""n_components"": 11}";16.53;15.832342303311199
Biscuit_Fat_40_RandomSplit;valid;2;SG_15_3_2;pls;"{""n_components"": 11}";15.69;15.594736823047505
Biscuit_Fat_40_RandomSplit;valid;2;SG_15_3_2;pls;"{""n_components"": 11}";18.77;18.429461540002933
Biscuit_Fat_40_RandomSplit;valid;2;SG_15_3_2;pls;"{""n_components"": 11}";15.01;15.764540870896903
Biscuit_Fat_40_RandomSplit;valid;2;SG_15_3_2;pls;"{""n_components"": 11}";18.72;19.63803403466017
Biscuit_Fat_40_RandomSplit;valid;2;SG_15_3_2;pls;"{""n_components"": 11}";20.75;20.29372586505435
Biscuit_Fat_40_RandomSplit;valid;2;SG_15_3_2;pls;"{""n_components"": 11}";20.07;20.152220085431715
Biscuit_Fat_40_RandomSplit;valid;2;SG_15_3_2;pls;"{""n_components"": 11}";15.52;15.881117712043853
Biscuit_Fat_40_RandomSplit;valid;2;SG_15_3_2;pls;"{""n_components"": 11}";16.7;16.556347961387793
Biscuit_Fat_40_RandomSplit;valid;2;SG_15_3_2;pls;"{""n_components"": 11}";19.23;19.509991919702472
Biscuit_Fat_40_RandomSplit;valid;2;SG_15_3_2;pls;"{""n_components"": 11}";17.2;17.584367722823306
Biscuit_Fat_40_RandomSplit;test;2;SG_15_3_2;pls;"{""n_components"": 11}";21.42;21.5399443000123
Biscuit_Fat_40_RandomSplit;test;2;SG_15_3_2;pls;"{""n_components"": 11}";18.38;18.834173920394623
Biscuit_Fat_40_RandomSplit;test;2;SG_15_3_2;pls;"{""n_components"": 11}";19.23;19.71609964020306
Biscuit_Fat_40_RandomSplit;test;2;SG_15_3_2;pls;"{""n_components"": 11}";17.12;18.139456633029596
Biscuit_Fat_40_RandomSplit;test;2;SG_15_3_2;pls;"{""n_components"": 11}";15.85;16.269209592185707
Biscuit_Fat_40_RandomSplit;test;2;SG_15_3_2;pls;"{""n_components"": 11}";16.36;17.47403828876435
Biscuit_Fat_40_RandomSplit;test;2;SG_15_3_2;pls;"{""n_components"": 11}";19.65;19.61766856711952
Biscuit_Fat_40_RandomSplit;test;2;SG_15_3_2;pls;"{""n_components"": 11}";16.87;16.938466509166737
Biscuit_Fat_40_RandomSplit;test;2;SG_15_3_2;pls;"{""n_components"": 11}";16.11;16.51700938998787
Biscuit_Fat_40_RandomSplit;test;2;SG_15_3_2;pls;"{""n_components"": 11}";18.89;20.077105831922406
Biscuit_Fat_40_RandomSplit;test;2;SG_15_3_2;pls;"{""n_components"": 11}";14.84;15.620963110558906
Biscuit_Fat_40_RandomSplit;test;2;SG_15_3_2;pls;"{""n_components"": 11}";20.66;21.072589077952436
Biscuit_Fat_40_RandomSplit;test;2;SG_15_3_2;pls;"{""n_components"": 11}";20.41;20.213060244269354
Biscuit_Fat_40_RandomSplit;test;2;SG_15_3_2;pls;"{""n_components"": 11}";16.53;16.589479784057957
Biscuit_Fat_40_RandomSplit;test;2;SG_15_3_2;pls;"{""n_components"": 11}";17.63;17.974621721961
Biscuit_Fat_40_RandomSplit;test;2;SG_15_3_2;pls;"{""n_components"": 11}";15.35;15.267525239619843
Biscuit_Fat_40_RandomSplit;test;2;SG_15_3_2;pls;"{""n_components"": 11}";20.16;20.28789433703669
Biscuit_Fat_40_RandomSplit;test;2;SG_15_3_2;pls;"{""n_components"": 11}";19.9;20.79782746930173
Biscuit_Fat_40_RandomSplit;test;2;SG_15_3_2;pls;"{""n_components"": 11}";18.13;19.30370702871313
Biscuit_Fat_40_RandomSplit;test;2;SG_15_3_2;pls;"{""n_components"": 11}";18.64;18.785212864929235
Biscuit_Fat_40_RandomSplit;test;2;SG_15_3_2;pls;"{""n_components"": 11}";20.07;20.903221023768644
Biscuit_Fat_40_RandomSplit;test;2;SG_15_3_2;pls;"{""n_components"": 11}";16.61;17.538654958110556
Biscuit_Fat_40_RandomSplit;test;2;SG_15_3_2;pls;"{""n_components"": 11}";20.91;21.66228726724564
Biscuit_Fat_40_RandomSplit;test;2;SG_15_3_2;pls;"{""n_components"": 11}";17.88;18.629234940706272
Biscuit_Fat_40_RandomSplit;test;2;SG_15_3_2;pls;"{""n_components"": 11}";17.2;17.978785669830188
Biscuit_Fat_40_RandomSplit;test;2;SG_15_3_2;pls;"{""n_components"": 11}";15.6;16.4108798688037
Biscuit_Fat_40_RandomSplit;test;2;SG_15_3_2;pls;"{""n_components"": 11}";19.14;19.500333968325187
Biscuit_Fat_40_RandomSplit;test;2;SG_15_3_2;pls;"{""n_components"": 11}";15.1;15.71699570771884
Biscuit_Fat_40_RandomSplit;test;2;SG_15_3_2;pls;"{""n_components"": 11}";21.67;21.648645133910424
Biscuit_Fat_40_RandomSplit;test;2;SG_15_3_2;pls;"{""n_components"": 11}";21.17;21.813820546111284
Biscuit_Fat_40_RandomSplit;test;2;SG_15_3_2;pls;"{""n_components"": 11}";17.37;17.518232498443624
Biscuit_Fat_40_RandomSplit;test;2;SG_15_3_2;pls;"{""n_components"": 11}";19.4;20.08273275139698
Biscuit_Fat_40_RandomSplit;valid;0;SG_15_3_2+Haar;pls;"{""n_components"": 8}";15.35;16.281485564035343
Biscuit_Fat_40_RandomSplit;valid;0;SG_15_3_2+Haar;pls;"{""n_components"": 8}";17.88;18.462369095421796
Biscuit_Fat_40_RandomSplit;valid;0;SG_15_3_2+Haar;pls;"{""n_components"": 8}";16.19;17.117706660043577
Biscuit_Fat_40_RandomSplit;valid;0;SG_15_3_2+Haar;pls;"{""n_components"": 8}";15.85;15.848497285746568
Biscuit_Fat_40_RandomSplit;valid;0;SG_15_3_2+Haar;pls;"{""n_components"": 8}";18.05;17.796695034785365
Biscuit_Fat_40_RandomSplit;valid;0;SG_15_3_2+Haar;pls;"{""n_components"": 8}";18.89;18.42417764732905
Biscuit_Fat_40_RandomSplit;valid;0;SG_15_3_2+Haar;pls;"{""n_components"": 8}";21.42;21.299307117628434
Biscuit_Fat_40_RandomSplit;valid;0;SG_15_3_2+Haar;pls;"{""n_components"": 8}";20.24;20.085771357206873
Biscuit_Fat_40_RandomSplit;valid;0;SG_15_3_2+Haar;pls;"{""n_components"": 8}";19.56;20.195731341129495
Biscuit_Fat_40_RandomSplit;valid;0;SG_15_3_2+Haar;pls;"{""n_components"": 8}";17.37;17.522159296514257
Biscuit_Fat_40_RandomSplit;valid;0;SG_15_3_2+Haar;pls;"{""n_components"": 8}";20.91;20.615190231779422
Biscuit_Fat_40_RandomSplit;valid;0;SG_15_3_2+Haar;pls;"{""n_components"": 8}";17.71;17.760184792206932
Biscuit_Fat_40_RandomSplit;valid;0;SG_15_3_2+Haar;pls;"{""n_components"": 8}";19.06;19.373101198234078
Biscuit_Fat_40_RandomSplit;valid;0;SG_15_3_2+Haar;pls;"{""n_components"": 8}";16.36;16.02897716117857
Biscuit_Fat_40_RandomSplit;test;0;SG_15_3_2+Haar;pls;"{""n_components"": 8}";21.42;21.046289144234596
Biscuit_Fat_40_RandomSplit;test;0;SG_15_3_2+Haar;pls;"{""n_components"": 8}";18.38;18.766389132994426
Biscuit_Fat_40_RandomSplit;test;0;SG_15_3_2+Haar;pls;"{""n_components"": 8}";19.23;19.1944243479213
Biscuit_Fat_40_RandomSplit;test;0;SG_15_3_2+Haar;pls;"{""n_components"": 8}";17.12;18.03966207678124
Biscuit_Fat_40_RandomSplit;test;0;SG_15_3_2+Haar;pls;"{""n_components"": 8}";15.85;16.80979444007456
Biscuit_Fat_40_RandomSplit;test;0;SG_15_3_2+Haar;pls;"{""n_components"": 8}";16.36;17.156457463338754
Biscuit_Fat_40_RandomSplit;test;0;SG_15_3_2+Haar;pls;"{""n_components"": 8}";19.65;19.7313025925795
Biscuit_Fat_40_RandomSplit;test;0;SG_15_3_2+Haar;pls;"{""n_components"": 8}";16.87;17.01789330148405
Biscuit_Fat_40_RandomSplit;test;0;SG_15_3_2+Haar;pls;"{""n_components"": 8}";16.11;14.765591062570973
Biscuit_Fat_40_RandomSplit;test;0;SG_15_3_2+Haar;pls;"{""n_components"": 8}";18.89;19.46088783505912
Biscuit_Fat_40_RandomSplit;test;0;SG_15_3_2+Haar;pls;"{""n_components"": 8}";14.84;14.816517539127982
Biscuit_Fat_40_RandomSplit;test;0;SG_15_3_2+Haar;pls;"{""n_components"": 8}";20.66;20.419319935643045
Biscuit_Fat_40_RandomSplit;test;0;SG_15_3_2+Haar;pls;"{""n_components"": 8}";20.41;20.80702463648615
Biscuit_Fat_40_RandomSplit;test;0;SG_15_3_2+Haar;pls;"{""n_components"": 8}";16.53;16.83703049021578
Biscuit_Fat_40_RandomSplit;test;0;SG_15_3_2+Haar;pls;"{""n_components"": 8}";17.63;19.069675284815812
Biscuit_Fat_40_RandomSplit;test;0;SG_15_3_2+Haar;pls;"{""n_components"": 8}";15.35;16.46672164786934
Biscuit_Fat_40_RandomSplit;test;0;SG_15_3_2+Haar;pls;"{""n_components"": 8}";20.16;21.781863103755022
Biscuit_Fat_40_RandomSplit;test;0;SG_15_3_2+Haar;pls;"{""n_components"": 8}";19.9;20.826993305700242
Biscuit_Fat_40_RandomSplit;test;0;SG_15_3_2+Haar;pls;"{""n_components"": 8}";18.13;19.421569434091435
Biscuit_Fat_40_RandomSplit;test;0;SG_15_3_2+Haar;pls;"{""n_components"": 8}";18.64;19.679690436709087
Biscuit_Fat_40_RandomSplit;test;0;SG_15_3_2+Haar;pls;"{""n_components"": 8}";20.07;21.23135836649069
Biscuit_Fat_40_RandomSplit;test;0;SG_15_3_2+Haar;pls;"{""n_components"": 8}";16.61;17.55266836003213
Biscuit_Fat_40_RandomSplit;test;0;SG_15_3_2+Haar;pls;"{""n_components"": 8}";20.91;20.55709755057704
Biscuit_Fat_40_RandomSplit;test;0;SG_15_3_2+Haar;pls;"{""n_components"": 8}";17.88;18.264604376733693
Biscuit_Fat_40_RandomSplit;test;0;SG_15_3_2+Haar;pls;"{""n_components"": 8}";17.2;17.40248516569015
Biscuit_Fat_40_RandomSplit;test;0;SG_15_3_2+Haar;pls;"{""n_components"": 8}";15.6;16.18204548476574
Biscuit_Fat_40_RandomSplit;test;0;SG_15_3_2+Haar;pls;"{""n_components"": 8}";19.14;19.409179939089015
Biscuit_Fat_40_RandomSplit;test;0;SG_15_3_2+Haar;pls;"{""n_components"": 8}";15.1;15.850097370518094
Biscuit_Fat_40_RandomSplit;test;0;SG_15_3_2+Haar;pls;"{""n_components"": 8}";21.67;20.804295699899747
Biscuit_Fat_40_RandomSplit;test;0;SG_15_3_2+Haar;pls;"{""n_components"": 8}";21.17;21.551103482509724
Biscuit_Fat_40_RandomSplit;test;0;SG_15_3_2+Haar;pls;"{""n_components"": 8}";17.37;17.653297363409035
Biscuit_Fat_40_RandomSplit;test;0;SG_15_3_2+Haar;pls;"{""n_components"": 8}";19.4;19.58508299330292
Biscuit_Fat_40_RandomSplit;valid;1;SG_15_3_2+Haar;pls;"{""n_components"": 8}";18.37;18.507283593586887
Biscuit_Fat_40_RandomSplit;valid;1;SG_15_3_2+Haar;pls;"{""n_components"": 8}";21.59;20.592871952395623
Biscuit_Fat_40_RandomSplit;valid;1;SG_15_3_2+Haar;pls;"{""n_components"": 8}";21.25;20.789532942932187
Biscuit_Fat_40_RandomSplit;valid;1;SG_15_3_2+Haar;pls;"{""n_components"": 8}";20.58;20.71729233828425
Biscuit_Fat_40_RandomSplit;valid;1;SG_15_3_2+Haar;pls;"{""n_components"": 8}";19.4;19.344944126966467
Biscuit_Fat_40_RandomSplit;valid;1;SG_15_3_2+Haar;pls;"{""n_components"": 8}";16.02;15.633124379220469
Biscuit_Fat_40_RandomSplit;valid;1;SG_15_3_2+Haar;pls;"{""n_components"": 8}";19.73;19.763259094775933
Biscuit_Fat_40_RandomSplit;valid;1;SG_15_3_2+Haar;pls;"{""n_components"": 8}";15.18;15.891991138696406
Biscuit_Fat_40_RandomSplit;valid;1;SG_15_3_2+Haar;pls;"{""n_components"": 8}";19.9;17.993165922709018
Biscuit_Fat_40_RandomSplit;valid;1;SG_15_3_2+Haar;pls;"{""n_components"": 8}";17.03;16.73871011224554
Biscuit_Fat_40_RandomSplit;valid;1;SG_15_3_2+Haar;pls;"{""n_components"": 8}";17.54;17.73241667868275
Biscuit_Fat_40_RandomSplit;valid;1;SG_15_3_2+Haar;pls;"{""n_components"": 8}";20.41;20.34270647934072
Biscuit_Fat_40_RandomSplit;valid;1;SG_15_3_2+Haar;pls;"{""n_components"": 8}";18.38;17.666622461835022
Biscuit_Fat_40_RandomSplit;test;1;SG_15_3_2+Haar;pls;"{""n_components"": 8}";21.42;21.346452103039578
Biscuit_Fat_40_RandomSplit;test;1;SG_15_3_2+Haar;pls;"{""n_components"": 8}";18.38;18.457926234030584
Biscuit_Fat_40_RandomSplit;test;1;SG_15_3_2+Haar;pls;"{""n_components"": 8}";19.23;18.920993787294126
Biscuit_Fat_40_RandomSplit;test;1;SG_15_3_2+Haar;pls;"{""n_components"": 8}";17.12;18.091438535657506
Biscuit_Fat_40_RandomSplit;test;1;SG_15_3_2+Haar;pls;"{""n_components"": 8}";15.85;16.73335221088861
Biscuit_Fat_40_RandomSplit;test;1;SG_15_3_2+Haar;pls;"{""n_components"": 8}";16.36;16.972020865380806
Biscuit_Fat_40_RandomSplit;test;1;SG_15_3_2+Haar;pls;"{""n_components"": 8}";19.65;20.046147383124197
Biscuit_Fat_40_RandomSplit;test;1;SG_15_3_2+Haar;pls;"{""n_components"": 8}";16.87;17.975972762014344
Biscuit_Fat_40_RandomSplit;test;1;SG_15_3_2+Haar;pls;"{""n_components"": 8}";16.11;17.035637276453155
Biscuit_Fat_40_RandomSplit;test;1;SG_15_3_2+Haar;pls;"{""n_components"": 8}";18.89;20.569164366623767
Biscuit_Fat_40_RandomSplit;test;1;SG_15_3_2+Haar;pls;"{""n_components"": 8}";14.84;15.667882897607264
Biscuit_Fat_40_RandomSplit;test;1;SG_15_3_2+Haar;pls;"{""n_components"": 8}";20.66;21.189925351319467
Biscuit_Fat_40_RandomSplit;test;1;SG_15_3_2+Haar;pls;"{""n_components"": 8}";20.41;21.439979855681027
Biscuit_Fat_40_RandomSplit;test;1;SG_15_3_2+Haar;pls;"{""n_components"": 8}";16.53;17.6699115191627
Biscuit_Fat_40_RandomSplit;test;1;SG_15_3_2+Haar;pls;"{""n_components"": 8}";17.63;18.9740489145122
Biscuit_Fat_40_RandomSplit;test;1;SG_15_3_2+Haar;pls;"{""n_components"": 8}";15.35;16.62205328648274
Biscuit_Fat_40_RandomSplit;test;1;SG_15_3_2+Haar;pls;"{""n_components"": 8}";20.16;22.36471444681883
Biscuit_Fat_40_RandomSplit;test;1;SG_15_3_2+Haar;pls;"{""n_components"": 8}";19.9;20.970904861504515
Biscuit_Fat_40_RandomSplit;test;1;SG_15_3_2+Haar;pls;"{""n_components"": 8}";18.13;19.877637856972132
Biscuit_Fat_40_RandomSplit;test;1;SG_15_3_2+Haar;pls;"{""n_components"": 8}";18.64;19.789680125364058
Biscuit_Fat_40_RandomSplit;test;1;SG_15_3_2+Haar;pls;"{""n_components"": 8}";20.07;21.42967178985779
Biscuit_Fat_40_RandomSplit;test;1;SG_15_3_2+Haar;pls;"{""n_components"": 8}";16.61;17.98517965336371
Biscuit_Fat_40_RandomSplit;test;1;SG_15_3_2+Haar;pls;"{""n_components"": 8}";20.91;21.1266009790816
Biscuit_Fat_40_RandomSplit;test;1;SG_15_3_2+Haar;pls;"{""n_components"": 8}";17.88;19.62687982983232
Biscuit_Fat_40_RandomSplit;test;1;SG_15_3_2+Haar;pls;"{""n_components"": 8}";17.2;18.784294448321074
Biscuit_Fat_40_RandomSplit;test;1;SG_15_3_2+Haar;pls;"{""n_components"": 8}";15.6;17.230602825123935
Biscuit_Fat_40_RandomSplit;test;1;SG_15_3_2+Haar;pls;"{""n_components"": 8}";19.14;19.638852918856404
Biscuit_Fat_40_RandomSplit;test;1;SG_15_3_2+Haar;pls;"{""n_components"": 8}";15.1;16.34863410208338
Biscuit_Fat_40_RandomSplit;test;1;SG_15_3_2+Haar;pls;"{""n_components"": 8}";21.67;21.92575312869813
Biscuit_Fat_40_RandomSplit;test;1;SG_15_3_2+Haar;pls;"{""n_components"": 8}";21.17;22.190033657632597
Biscuit_Fat_40_RandomSplit;test;1;SG_15_3_2+Haar;pls;"{""n_components"": 8}";17.37;18.812728480244694
Biscuit_Fat_40_RandomSplit;test;1;SG_15_3_2+Haar;pls;"{""n_components"": 8}";19.4;19.523411547411307
Biscuit_Fat_40_RandomSplit;valid;2;SG_15_3_2+Haar;pls;"{""n_components"": 8}";21.08;20.3903933365406
Biscuit_Fat_40_RandomSplit;valid;2;SG_15_3_2+Haar;pls;"{""n_components"": 8}";18.55;19.014126010571495
Biscuit_Fat_40_RandomSplit;valid;2;SG_15_3_2+Haar;pls;"{""n_components"": 8}";16.53;15.530185900396326
Biscuit_Fat_40_RandomSplit;valid;2;SG_15_3_2+Haar;pls;"{""n_components"": 8}";15.69;15.564420846192409
Biscuit_Fat_40_RandomSplit;valid;2;SG_15_3_2+Haar;pls;"{""n_components"": 8}";18.77;18.505462353221017
Biscuit_Fat_40_RandomSplit;valid;2;SG_15_3_2+Haar;pls;"{""n_components"": 8}";15.01;15.824762139233485
Biscuit_Fat_40_RandomSplit;valid;2;SG_15_3_2+Haar;pls;"{""n_components"": 8}";18.72;19.541935953120262
Biscuit_Fat_40_RandomSplit;valid;2;SG_15_3_2+Haar;pls;"{""n_components"": 8}";20.75;20.524726072238526
Biscuit_Fat_40_RandomSplit;valid;2;SG_15_3_2+Haar;pls;"{""n_components"": 8}";20.07;20.191828923930835
Biscuit_Fat_40_RandomSplit;valid;2;SG_15_3_2+Haar;pls;"{""n_components"": 8}";15.52;16.068815465033357
Biscuit_Fat_40_RandomSplit;valid;2;SG_15_3_2+Haar;pls;"{""n_components"": 8}";16.7;16.6804128122885
Biscuit_Fat_40_RandomSplit;valid;2;SG_15_3_2+Haar;pls;"{""n_components"": 8}";19.23;19.769264476420187
Biscuit_Fat_40_RandomSplit;valid;2;SG_15_3_2+Haar;pls;"{""n_components"": 8}";17.2;17.61607542522995
Biscuit_Fat_40_RandomSplit;test;2;SG_15_3_2+Haar;pls;"{""n_components"": 8}";21.42;21.50277577533179
Biscuit_Fat_40_RandomSplit;test;2;SG_15_3_2+Haar;pls;"{""n_components"": 8}";18.38;19.00160212421278
Biscuit_Fat_40_RandomSplit;test;2;SG_15_3_2+Haar;pls;"{""n_components"": 8}";19.23;19.516450692128572
Biscuit_Fat_40_RandomSplit;test;2;SG_15_3_2+Haar;pls;"{""n_components"": 8}";17.12;18.129994485645106
Biscuit_Fat_40_RandomSplit;test;2;SG_15_3_2+Haar;pls;"{""n_components"": 8}";15.85;16.60996845222484
Biscuit_Fat_40_RandomSplit;test;2;SG_15_3_2+Haar;pls;"{""n_components"": 8}";16.36;17.47701968562833
Biscuit_Fat_40_RandomSplit;test;2;SG_15_3_2+Haar;pls;"{""n_components"": 8}";19.65;19.74232029389938
Biscuit_Fat_40_RandomSplit;test;2;SG_15_3_2+Haar;pls;"{""n_components"": 8}";16.87;16.85508114755535
Biscuit_Fat_40_RandomSplit;test;2;SG_15_3_2+Haar;pls;"{""n_components"": 8}";16.11;16.2984300639102
Biscuit_Fat_40_RandomSplit;test;2;SG_15_3_2+Haar;pls;"{""n_components"": 8}";18.89;19.93249634771204
Biscuit_Fat_40_RandomSplit;test;2;SG_15_3_2+Haar;pls;"{""n_components"": 8}";14.84;15.55715960061126
Biscuit_Fat_40_RandomSplit;test;2;SG_15_3_2+Haar;pls;"{""n_components"": 8}";20.66;20.812902603568006
Biscuit_Fat_40_RandomSplit;test;2;SG_15_3_2+Haar;pls;"{""n_components"": 8}";20.41;20.44478581988249
Biscuit_Fat_40_RandomSplit;test;2;SG_15_3_2+Haar;pls;"{""n_components"": 8}";16.53;16.700126302297747
Biscuit_Fat_40_RandomSplit;test;2;SG_15_3_2+Haar;pls;"{""n_components"": 8}";17.63;18.56686653375356
Biscuit_Fat_40_RandomSplit;test;2;SG_15_3_2+Haar;pls;"{""n_components"": 8}";15.35;15.534781285522646
Biscuit_Fat_40_RandomSplit;test;2;SG_15_3_2+Haar;pls;"{""n_components"": 8}";20.16;20.75284317643831
Biscuit_Fat_40_RandomSplit;test;2;SG_15_3_2+Haar;pls;"{""n_components"": 8}";19.9;20.78322217333328
Biscuit_Fat_40_RandomSplit;test;2;SG_15_3_2+Haar;pls;"{""n_components"": 8}";18.13;19.33861033333023
Biscuit_Fat_40_RandomSplit;test;2;SG_15_3_2+Haar;pls;"{""n_components"": 8}";18.64;18.867446044683607
Biscuit_Fat_40_RandomSplit;test;2;SG_15_3_2+Haar;pls;"{""n_components"": 8}";20.07;20.892365349280087
Biscuit_Fat_40_RandomSplit;test;2;SG_15_3_2+Haar;pls;"{""n_components"": 8}";16.61;17.710494324491172
Biscuit_Fat_40_RandomSplit;test;2;SG_15_3_2+Haar;pls;"{""n_components"": 8}";20.91;21.49076713667365
Biscuit_Fat_40_RandomSplit;test;2;SG_15_3_2+Haar;pls;"{""n_components"": 8}";17.88;18.66497905813553
Biscuit_Fat_40_RandomSplit;test;2;SG_15_3_2+Haar;pls;"{""n_components"": 8}";17.2;18.350950329909697
Biscuit_Fat_40_RandomSplit;test;2;SG_15_3_2+Haar;pls;"{""n_components"": 8}";15.6;16.49596216448326
Biscuit_Fat_40_RandomSplit;test;2;SG_15_3_2+Haar;pls;"{""n_components"": 8}";19.14;19.359257356522516
Biscuit_Fat_40_RandomSplit;test;2;SG_15_3_2+Haar;pls;"{""n_components"": 8}";15.1;15.829342057062657
Biscuit_Fat_40_RandomSplit;test;2;SG_15_3_2+Haar;pls;"{""n_components"": 8}";21.67;21.337147863905102
Biscuit_Fat_40_RandomSplit;test;2;SG_15_3_2+Haar;pls;"{""n_components"": 8}";21.17;21.814969244338727
Biscuit_Fat_40_RandomSplit;test;2;SG_15_3_2+Haar;pls;"{""n_components"": 8}";17.37;17.55499687758692
Biscuit_Fat_40_RandomSplit;test;2;SG_15_3_2+Haar;pls;"{""n_components"": 8}";19.4;19.51593276428943
Biscuit_Fat_40_RandomSplit;valid;0;SG_15_3_2+AreaNormalization;pls;"{""n_components"": 2}";15.35;18.973656121967814
Biscuit_Fat_40_RandomSplit;valid;0;SG_15_3_2+AreaNormalization;pls;"{""n_components"": 2}";17.88;18.622395331913218
Biscuit_Fat_40_RandomSplit;valid;0;SG_15_3_2+AreaNormalization;pls;"{""n_components"": 2}";16.19;18.353312365556707
Biscuit_Fat_40_RandomSplit;valid;0;SG_15_3_2+AreaNormalization;pls;"{""n_components"": 2}";15.85;18.558518693505757
Biscuit_Fat_40_RandomSplit;valid;0;SG_15_3_2+AreaNormalization;pls;"{""n_components"": 2}";18.05;18.73614149998959
Biscuit_Fat_40_RandomSplit;valid;0;SG_15_3_2+AreaNormalization;pls;"{""n_components"": 2}";18.89;18.230753403724364
Biscuit_Fat_40_RandomSplit;valid;0;SG_15_3_2+AreaNormalization;pls;"{""n_components"": 2}";21.42;21.052443338456385
Biscuit_Fat_40_RandomSplit;valid;0;SG_15_3_2+AreaNormalization;pls;"{""n_components"": 2}";20.24;18.570891203008053
Biscuit_Fat_40_RandomSplit;valid;0;SG_15_3_2+AreaNormalization;pls;"{""n_components"": 2}";19.56;19.048260428801854
Biscuit_Fat_40_RandomSplit;valid;0;SG_15_3_2+AreaNormalization;pls;"{""n_components"": 2}";17.37;18.327275776539974
Biscuit_Fat_40_RandomSplit;valid;0;SG_15_3_2+AreaNormalization;pls;"{""n_components"": 2}";20.91;19.75891922898975
Biscuit_Fat_40_RandomSplit;valid;0;SG_15_3_2+AreaNormalization;pls;"{""n_components"": 2}";17.71;18.230204825024295
Biscuit_Fat_40_RandomSplit;valid;0;SG_15_3_2+AreaNormalization;pls;"{""n_components"": 2}";19.06;18.310802151422966
Biscuit_Fat_40_RandomSplit;valid;0;SG_15_3_2+AreaNormalization;pls;"{""n_components"": 2}";16.36;18.319218347507274
Biscuit_Fat_40_RandomSplit;test;0;SG_15_3_2+AreaNormalization;pls;"{""n_components"": 2}";21.42;17.752109022273846
Biscuit_Fat_40_RandomSplit;test;0;SG_15_3_2+AreaNormalization;pls;"{""n_components"": 2}";18.38;18.86983115863994
Biscuit_Fat_40_RandomSplit;test;0;SG_15_3_2+AreaNormalization;pls;"{""n_components"": 2}";19.23;18.789570102922
Biscuit_Fat_40_RandomSplit;test;0;SG_15_3_2+AreaNormalization;pls;"{""n_components"": 2}";17.12;18.78308074915389
Biscuit_Fat_40_RandomSplit;test;0;SG_15_3_2+AreaNormalization;pls;"{""n_components"": 2}";15.85;18.562888887388294
Biscuit_Fat_40_RandomSplit;test;0;SG_15_3_2+AreaNormalization;pls;"{""n_components"": 2}";16.36;18.169738411244484
Biscuit_Fat_40_RandomSplit;test;0;SG_15_3_2+AreaNormalization;pls;"{""n_components"": 2}";19.65;18.30404657440919
Biscuit_Fat_40_RandomSplit;test;0;SG_15_3_2+AreaNormalization;pls;"{""n_components"": 2}";16.87;18.403674836233797
Biscuit_Fat_40_RandomSplit;test;0;SG_15_3_2+AreaNormalization;pls;"{""n_components"": 2}";16.11;18.387063136484016
Biscuit_Fat_40_RandomSplit;test;0;SG_15_3_2+AreaNormalization;pls;"{""n_components"": 2}";18.89;18.340950463002546
Biscuit_Fat_40_RandomSplit;test;0;SG_15_3_2+AreaNormalization;pls;"{""n_components"": 2}";14.84;18.448355385261777
Biscuit_Fat_40_RandomSplit;test;0;SG_15_3_2+AreaNormalization;pls;"{""n_components"": 2}";20.66;18.3246210417289
Biscuit_Fat_40_RandomSplit;test;0;SG_15_3_2+AreaNormalization;pls;"{""n_components"": 2}";20.41;18.320315469295853
Biscuit_Fat_40_RandomSplit;test;0;SG_15_3_2+AreaNormalization;pls;"{""n_components"": 2}";16.53;18.389553685520294
Biscuit_Fat_40_RandomSplit;test;0;SG_15_3_2+AreaNormalization;pls;"{""n_components"": 2}";17.63;17.959883496923425
Biscuit_Fat_40_RandomSplit;test;0;SG_15_3_2+AreaNormalization;pls;"{""n_components"": 2}";15.35;19.498662161121672
Biscuit_Fat_40_RandomSplit;test;0;SG_15_3_2+AreaNormalization;pls;"{""n_components"": 2}";20.16;21.72961562406177
Biscuit_Fat_40_RandomSplit;test;0;SG_15_3_2+AreaNormalization;pls;"{""n_components"": 2}";19.9;17.905614082201023
Biscuit_Fat_40_RandomSplit;test;0;SG_15_3_2+AreaNormalization;pls;"{""n_components"": 2}";18.13;17.743040291213106
Biscuit_Fat_40_RandomSplit;test;0;SG_15_3_2+AreaNormalization;pls;"{""n_components"": 2}";18.64;18.124051430520996
Biscuit_Fat_40_RandomSplit;test;0;SG_15_3_2+AreaNormalization;pls;"{""n_components"": 2}";20.07;18.080567272937365
Biscuit_Fat_40_RandomSplit;test;0;SG_15_3_2+AreaNormalization;pls;"{""n_components"": 2}";16.61;18.147044134463197
Biscuit_Fat_40_RandomSplit;test;0;SG_15_3_2+AreaNormalization;pls;"{""n_components"": 2}";20.91;18.32802441128707
Biscuit_Fat_40_RandomSplit;test;0;SG_15_3_2+AreaNormalization;pls;"{""n_components"": 2}";17.88;18.30329055211876
Biscuit_Fat_40_RandomSplit;test;0;SG_15_3_2+AreaNormalization;pls;"{""n_components"": 2}";17.2;18.11478465996774
Biscuit_Fat_40_RandomSplit;test;0;SG_15_3_2+AreaNormalization;pls;"{""n_components"": 2}";15.6;18.373225349303937
Biscuit_Fat_40_RandomSplit;test;0;SG_15_3_2+AreaNormalization;pls;"{""n_components"": 2}";19.14;18.30676085219581
Biscuit_Fat_40_RandomSplit;test;0;SG_15_3_2+AreaNormalization;pls;"{""n_components"": 2}";15.1;18.364450310066026
Biscuit_Fat_40_RandomSplit;test;0;SG_15_3_2+AreaNormalization;pls;"{""n_components"": 2}";21.67;18.250744943335
Biscuit_Fat_40_RandomSplit;test;0;SG_15_3_2+AreaNormalization;pls;"{""n_components"": 2}";21.17;18.218006157386277
Biscuit_Fat_40_RandomSplit;test;0;SG_15_3_2+AreaNormalization;pls;"{""n_components"": 2}";17.37;18.312437677848404
Biscuit_Fat_40_RandomSplit;test;0;SG_15_3_2+AreaNormalization;pls;"{""n_components"": 2}";19.4;18.192520703816164
Biscuit_Fat_40_RandomSplit;valid;1;SG_15_3_2+AreaNormalization;pls;"{""n_components"": 2}";18.37;17.259050284002054
Biscuit_Fat_40_RandomSplit;valid;1;SG_15_3_2+AreaNormalization;pls;"{""n_components"": 2}";21.59;18.820809698151578
Biscuit_Fat_40_RandomSplit;valid;1;SG_15_3_2+AreaNormalization;pls;"{""n_components"": 2}";21.25;18.440936290540417
Biscuit_Fat_40_RandomSplit;valid;1;SG_15_3_2+AreaNormalization;pls;"{""n_components"": 2}";20.58;16.635792132071053
Biscuit_Fat_40_RandomSplit;valid;1;SG_15_3_2+AreaNormalization;pls;"{""n_components"": 2}";19.4;18.446428671847116
Biscuit_Fat_40_RandomSplit;valid;1;SG_15_3_2+AreaNormalization;pls;"{""n_components"": 2}";16.02;18.051241863643963
Biscuit_Fat_40_RandomSplit;valid;1;SG_15_3_2+AreaNormalization;pls;"{""n_components"": 2}";19.73;19.207114422757094
Biscuit_Fat_40_RandomSplit;valid;1;SG_15_3_2+AreaNormalization;pls;"{""n_components"": 2}";15.18;17.905596018264447
Biscuit_Fat_40_RandomSplit;valid;1;SG_15_3_2+AreaNormalization;pls;"{""n_components"": 2}";19.9;17.511615350794905
Biscuit_Fat_40_RandomSplit;valid;1;SG_15_3_2+AreaNormalization;pls;"{""n_components"": 2}";17.03;16.921519532437042
Biscuit_Fat_40_RandomSplit;valid;1;SG_15_3_2+AreaNormalization;pls;"{""n_components"": 2}";17.54;19.25099381011185
Biscuit_Fat_40_RandomSplit;valid;1;SG_15_3_2+AreaNormalization;pls;"{""n_components"": 2}";20.41;17.379756334512127
Biscuit_Fat_40_RandomSplit;valid;1;SG_15_3_2+AreaNormalization;pls;"{""n_components"": 2}";18.38;17.77405380638725
Biscuit_Fat_40_RandomSplit;test;1;SG_15_3_2+AreaNormalization;pls;"{""n_components"": 2}";21.42;17.028503955795568
Biscuit_Fat_40_RandomSplit;test;1;SG_15_3_2+AreaNormalization;pls;"{""n_components"": 2}";18.38;18.317002454024088
Biscuit_Fat_40_RandomSplit;test;1;SG_15_3_2+AreaNormalization;pls;"{""n_components"": 2}";19.23;18.39174027626511
Biscuit_Fat_40_RandomSplit;test;1;SG_15_3_2+AreaNormalization;pls;"{""n_components"": 2}";17.12;18.389888862580797
Biscuit_Fat_40_RandomSplit;test;1;SG_15_3_2+AreaNormalization;pls;"{""n_components"": 2}";15.85;18.007052372538563
Biscuit_Fat_40_RandomSplit;test;1;SG_15_3_2+AreaNormalization;pls;"{""n_components"": 2}";16.36;17.551754077002464
Biscuit_Fat_40_RandomSplit;test;1;SG_15_3_2+AreaNormalization;pls;"{""n_components"": 2}";19.65;17.758358657954872
Biscuit_Fat_40_RandomSplit;test;1;SG_15_3_2+AreaNormalization;pls;"{""n_components"": 2}";16.87;17.86802171036561
Biscuit_Fat_40_RandomSplit;test;1;SG_15_3_2+AreaNormalization;pls;"{""n_components"": 2}";16.11;17.834005379996153
Biscuit_Fat_40_RandomSplit;test;1;SG_15_3_2+AreaNormalization;pls;"{""n_components"": 2}";18.89;17.75771782989976
Biscuit_Fat_40_RandomSplit;test;1;SG_15_3_2+AreaNormalization;pls;"{""n_components"": 2}";14.84;17.93641492628089
Biscuit_Fat_40_RandomSplit;test;1;SG_15_3_2+AreaNormalization;pls;"{""n_components"": 2}";20.66;17.779496049425482
Biscuit_Fat_40_RandomSplit;test;1;SG_15_3_2+AreaNormalization;pls;"{""n_components"": 2}";20.41;17.78809748571646
Biscuit_Fat_40_RandomSplit;test;1;SG_15_3_2+AreaNormalization;pls;"{""n_components"": 2}";16.53;17.860068983410827
Biscuit_Fat_40_RandomSplit;test;1;SG_15_3_2+AreaNormalization;pls;"{""n_components"": 2}";17.63;17.51199772901924
Biscuit_Fat_40_RandomSplit;test;1;SG_15_3_2+AreaNormalization;pls;"{""n_components"": 2}";15.35;18.98180349707018
Biscuit_Fat_40_RandomSplit;test;1;SG_15_3_2+AreaNormalization;pls;"{""n_components"": 2}";20.16;21.097220302156053
Biscuit_Fat_40_RandomSplit;test;1;SG_15_3_2+AreaNormalization;pls;"{""n_components"": 2}";19.9;17.343729196141858
Biscuit_Fat_40_RandomSplit;test;1;SG_15_3_2+AreaNormalization;pls;"{""n_components"": 2}";18.13;16.910151138901462
Biscuit_Fat_40_RandomSplit;test;1;SG_15_3_2+AreaNormalization;pls;"{""n_components"": 2}";18.64;17.53033445758415
Biscuit_Fat_40_RandomSplit;test;1;SG_15_3_2+AreaNormalization;pls;"{""n_components"": 2}";20.07;17.439307041913825
Biscuit_Fat_40_RandomSplit;test;1;SG_15_3_2+AreaNormalization;pls;"{""n_components"": 2}";16.61;17.593336780632352
Biscuit_Fat_40_RandomSplit;test;1;SG_15_3_2+AreaNormalization;pls;"{""n_components"": 2}";20.91;17.77275009301215
Biscuit_Fat_40_RandomSplit;test;1;SG_15_3_2+AreaNormalization;pls;"{""n_components"": 2}";17.88;17.76006333441441
Biscuit_Fat_40_RandomSplit;test;1;SG_15_3_2+AreaNormalization;pls;"{""n_components"": 2}";17.2;17.574303235285534
Biscuit_Fat_40_RandomSplit;test;1;SG_15_3_2+AreaNormalization;pls;"{""n_components"": 2}";15.6;17.82372760210417
Biscuit_Fat_40_RandomSplit;test;1;SG_15_3_2+AreaNormalization;pls;"{""n_components"": 2}";19.14;17.757106540016842
Biscuit_Fat_40_RandomSplit;test;1;SG_15_3_2+AreaNormalization;pls;"{""n_components"": 2}";15.1;17.810661852090213
Biscuit_Fat_40_RandomSplit;test;1;SG_15_3_2+AreaNormalization;pls;"{""n_components"": 2}";21.67;17.67885965945004
Biscuit_Fat_40_RandomSplit;test;1;SG_15_3_2+AreaNormalization;pls;"{""n_components"": 2}";21.17;17.64998975882841
Biscuit_Fat_40_RandomSplit;test;1;SG_15_3_2+AreaNormalization;pls;"{""n_components"": 2}";17.37;17.747528157283078
Biscuit_Fat_40_RandomSplit;test;1;SG_15_3_2+AreaNormalization;pls;"{""n_components"": 2}";19.4;17.575808378167647
Biscuit_Fat_40_RandomSplit;valid;2;SG_15_3_2+AreaNormalization;pls;"{""n_components"": 2}";21.08;18.867251250985724
Biscuit_Fat_40_RandomSplit;valid;2;SG_15_3_2+AreaNormalization;pls;"{""n_components"": 2}";18.55;18.44842421865924
Biscuit_Fat_40_RandomSplit;valid;2;SG_15_3_2+AreaNormalization;pls;"{""n_components"": 2}";16.53;18.211508181979706
Biscuit_Fat_40_RandomSplit;valid;2;SG_15_3_2+AreaNormalization;pls;"{""n_components"": 2}";15.69;17.444943392418555
Biscuit_Fat_40_RandomSplit;valid;2;SG_15_3_2+AreaNormalization;pls;"{""n_components"": 2}";18.77;18.826062795266925
Biscuit_Fat_40_RandomSplit;valid;2;SG_15_3_2+AreaNormalization;pls;"{""n_components"": 2}";15.01;17.901565519864914
Biscuit_Fat_40_RandomSplit;valid;2;SG_15_3_2+AreaNormalization;pls;"{""n_components"": 2}";18.72;17.93538669849868
Biscuit_Fat_40_RandomSplit;valid;2;SG_15_3_2+AreaNormalization;pls;"{""n_components"": 2}";20.75;18.87074509527732
Biscuit_Fat_40_RandomSplit;valid;2;SG_15_3_2+AreaNormalization;pls;"{""n_components"": 2}";20.07;18.57304096825531
Biscuit_Fat_40_RandomSplit;valid;2;SG_15_3_2+AreaNormalization;pls;"{""n_components"": 2}";15.52;18.43491014885505
Biscuit_Fat_40_RandomSplit;valid;2;SG_15_3_2+AreaNormalization;pls;"{""n_components"": 2}";16.7;18.27947270263695
Biscuit_Fat_40_RandomSplit;valid;2;SG_15_3_2+AreaNormalization;pls;"{""n_components"": 2}";19.23;18.796739663343544
Biscuit_Fat_40_RandomSplit;valid;2;SG_15_3_2+AreaNormalization;pls;"{""n_components"": 2}";17.2;18.736605130000758
Biscuit_Fat_40_RandomSplit;test;2;SG_15_3_2+AreaNormalization;pls;"{""n_components"": 2}";21.42;17.5891711702934
Biscuit_Fat_40_RandomSplit;test;2;SG_15_3_2+AreaNormalization;pls;"{""n_components"": 2}";18.38;18.754217343284758
Biscuit_Fat_40_RandomSplit;test;2;SG_15_3_2+AreaNormalization;pls;"{""n_components"": 2}";19.23;18.78334035669514
Biscuit_Fat_40_RandomSplit;test;2;SG_15_3_2+AreaNormalization;pls;"{""n_components"": 2}";17.12;18.751452092358598
Biscuit_Fat_40_RandomSplit;test;2;SG_15_3_2+AreaNormalization;pls;"{""n_components"": 2}";15.85;18.405809966269484
Biscuit_Fat_40_RandomSplit;test;2;SG_15_3_2+AreaNormalization;pls;"{""n_components"": 2}";16.36;18.15158224182147
Biscuit_Fat_40_RandomSplit;test;2;SG_15_3_2+AreaNormalization;pls;"{""n_components"": 2}";19.65;18.25381404319707
Biscuit_Fat_40_RandomSplit;test;2;SG_15_3_2+AreaNormalization;pls;"{""n_components"": 2}";16.87;18.306964221370475
Biscuit_Fat_40_RandomSplit;test;2;SG_15_3_2+AreaNormalization;pls;"{""n_components"": 2}";16.11;18.30071271871216
Biscuit_Fat_40_RandomSplit;test;2;SG_15_3_2+AreaNormalization;pls;"{""n_components"": 2}";18.89;18.250177700239554
Biscuit_Fat_40_RandomSplit;test;2;SG_15_3_2+AreaNormalization;pls;"{""n_components"": 2}";14.84;18.403361307858745
Biscuit_Fat_40_RandomSplit;test;2;SG_15_3_2+AreaNormalization;pls;"{""n_components"": 2}";20.66;18.247496756577323
Biscuit_Fat_40_RandomSplit;test;2;SG_15_3_2+AreaNormalization;pls;"{""n_components"": 2}";20.41;18.270884106518974
Biscuit_Fat_40_RandomSplit;test;2;SG_15_3_2+AreaNormalization;pls;"{""n_components"": 2}";16.53;18.32354498860082
Biscuit_Fat_40_RandomSplit;test;2;SG_15_3_2+AreaNormalization;pls;"{""n_components"": 2}";17.63;18.106428855829762
Biscuit_Fat_40_RandomSplit;test;2;SG_15_3_2+AreaNormalization;pls;"{""n_components"": 2}";15.35;18.523435071489935
Biscuit_Fat_40_RandomSplit;test;2;SG_15_3_2+AreaNormalization;pls;"{""n_components"": 2}";20.16;20.21104926940214
Biscuit_Fat_40_RandomSplit;test;2;SG_15_3_2+AreaNormalization;pls;"{""n_components"": 2}";19.9;17.926574794996224
Biscuit_Fat_40_RandomSplit;test;2;SG_15_3_2+AreaNormalization;pls;"{""n_components"": 2}";18.13;17.660774033516244
Biscuit_Fat_40_RandomSplit;test;2;SG_15_3_2+AreaNormalization;pls;"{""n_components"": 2}";18.64;18.154226097003487
Biscuit_Fat_40_RandomSplit;test;2;SG_15_3_2+AreaNormalization;pls;"{""n_components"": 2}";20.07;18.06172622151078
Biscuit_Fat_40_RandomSplit;test;2;SG_15_3_2+AreaNormalization;pls;"{""n_components"": 2}";16.61;18.097926679269964
Biscuit_Fat_40_RandomSplit;test;2;SG_15_3_2+AreaNormalization;pls;"{""n_components"": 2}";20.91;18.2011601463378
Biscuit_Fat_40_RandomSplit;test;2;SG_15_3_2+AreaNormalization;pls;"{""n_components"": 2}";17.88;18.237410600686417
Biscuit_Fat_40_RandomSplit;test;2;SG_15_3_2+AreaNormalization;pls;"{""n_components"": 2}";17.2;18.077468405286435
Biscuit_Fat_40_RandomSplit;test;2;SG_15_3_2+AreaNormalization;pls;"{""n_components"": 2}";15.6;18.312397424251902
Biscuit_Fat_40_RandomSplit;test;2;SG_15_3_2+AreaNormalization;pls;"{""n_components"": 2}";19.14;18.246579630769435
Biscuit_Fat_40_RandomSplit;test;2;SG_15_3_2+AreaNormalization;pls;"{""n_components"": 2}";15.1;18.295640325138695
Biscuit_Fat_40_RandomSplit;test;2;SG_15_3_2+AreaNormalization;pls;"{""n_components"": 2}";21.67;18.123099494732234
Biscuit_Fat_40_RandomSplit;test;2;SG_15_3_2+AreaNormalization;pls;"{""n_components"": 2}";21.17;18.113628522436645
Biscuit_Fat_40_RandomSplit;test;2;SG_15_3_2+AreaNormalization;pls;"{""n_components"": 2}";17.37;18.25773437099554
Biscuit_Fat_40_RandomSplit;test;2;SG_15_3_2+AreaNormalization;pls;"{""n_components"": 2}";19.4;18.12810397462818
Biscuit_Fat_40_RandomSplit;valid;0;SG_21_3_2;pls;"{""n_components"": 10}";15.35;15.886147781026185
Biscuit_Fat_40_RandomSplit;valid;0;SG_21_3_2;pls;"{""n_components"": 10}";17.88;18.58053544018691
Biscuit_Fat_40_RandomSplit;valid;0;SG_21_3_2;pls;"{""n_components"": 10}";16.19;18.665649277449695
Biscuit_Fat_40_RandomSplit;valid;0;SG_21_3_2;pls;"{""n_components"": 10}";15.85;15.817015075987017
Biscuit_Fat_40_RandomSplit;valid;0;SG_21_3_2;pls;"{""n_components"": 10}";18.05;18.380414914718518
Biscuit_Fat_40_RandomSplit;valid;0;SG_21_3_2;pls;"{""n_components"": 10}";18.89;17.969641571808065
Biscuit_Fat_40_RandomSplit;valid;0;SG_21_3_2;pls;"{""n_components"": 10}";21.42;21.701763465736278
Biscuit_Fat_40_RandomSplit;valid;0;SG_21_3_2;pls;"{""n_components"": 10}";20.24;20.095680767537807
Biscuit_Fat_40_RandomSplit;valid;0;SG_21_3_2;pls;"{""n_components"": 10}";19.56;21.00467186980263
Biscuit_Fat_40_RandomSplit;valid;0;SG_21_3_2;pls;"{""n_components"": 10}";17.37;17.669894176099014
Biscuit_Fat_40_RandomSplit;valid;0;SG_21_3_2;pls;"{""n_components"": 10}";20.91;21.125084694541567
Biscuit_Fat_40_RandomSplit;valid;0;SG_21_3_2;pls;"{""n_components"": 10}";17.71;18.0823556557362
Biscuit_Fat_40_RandomSplit;valid;0;SG_21_3_2;pls;"{""n_components"": 10}";19.06;18.993739508624884
Biscuit_Fat_40_RandomSplit;valid;0;SG_21_3_2;pls;"{""n_components"": 10}";16.36;16.46693191663949
Biscuit_Fat_40_RandomSplit;test;0;SG_21_3_2;pls;"{""n_components"": 10}";21.42;21.494149424034255
Biscuit_Fat_40_RandomSplit;test;0;SG_21_3_2;pls;"{""n_components"": 10}";18.38;18.73708252285521
Biscuit_Fat_40_RandomSplit;test;0;SG_21_3_2;pls;"{""n_components"": 10}";19.23;19.50191595054121
Biscuit_Fat_40_RandomSplit;test;0;SG_21_3_2;pls;"{""n_components"": 10}";17.12;18.17844049951244
Biscuit_Fat_40_RandomSplit;test;0;SG_21_3_2;pls;"{""n_components"": 10}";15.85;16.679800146960286
Biscuit_Fat_40_RandomSplit;test;0;SG_21_3_2;pls;"{""n_components"": 10}";16.36;16.841588316615805
Biscuit_Fat_40_RandomSplit;test;0;SG_21_3_2;pls;"{""n_components"": 10}";19.65;19.33804469356778
Biscuit_Fat_40_RandomSplit;test;0;SG_21_3_2;pls;"{""n_components"": 10}";16.87;16.387908660587193
Biscuit_Fat_40_RandomSplit;test;0;SG_21_3_2;pls;"{""n_components"": 10}";16.11;14.285064688893689
Biscuit_Fat_40_RandomSplit;test;0;SG_21_3_2;pls;"{""n_components"": 10}";18.89;18.549030624826266
Biscuit_Fat_40_RandomSplit;test;0;SG_21_3_2;pls;"{""n_components"": 10}";14.84;14.042908576012774
Biscuit_Fat_40_RandomSplit;test;0;SG_21_3_2;pls;"{""n_components"": 10}";20.66;20.322889433782777
Biscuit_Fat_40_RandomSplit;test;0;SG_21_3_2;pls;"{""n_components"": 10}";20.41;20.397770798472905
Biscuit_Fat_40_RandomSplit;test;0;SG_21_3_2;pls;"{""n_components"": 10}";16.53;15.564526462581696
Biscuit_Fat_40_RandomSplit;test;0;SG_21_3_2;pls;"{""n_components"": 10}";17.63;18.090825097949086
Biscuit_Fat_40_RandomSplit;test;0;SG_21_3_2;pls;"{""n_components"": 10}";15.35;15.70266214763464
Biscuit_Fat_40_RandomSplit;test;0;SG_21_3_2;pls;"{""n_components"": 10}";20.16;21.043071837046178
Biscuit_Fat_40_RandomSplit;test;0;SG_21_3_2;pls;"{""n_components"": 10}";19.9;20.380229538121903
Biscuit_Fat_40_RandomSplit;test;0;SG_21_3_2;pls;"{""n_components"": 10}";18.13;19.143542277731022
Biscuit_Fat_40_RandomSplit;test;0;SG_21_3_2;pls;"{""n_components"": 10}";18.64;19.26323692494836
Biscuit_Fat_40_RandomSplit;test;0;SG_21_3_2;pls;"{""n_components"": 10}";20.07;20.740531312576625
Biscuit_Fat_40_RandomSplit;test;0;SG_21_3_2;pls;"{""n_components"": 10}";16.61;16.99488004725802
Biscuit_Fat_40_RandomSplit;test;0;SG_21_3_2;pls;"{""n_components"": 10}";20.91;20.841778624800092
Biscuit_Fat_40_RandomSplit;test;0;SG_21_3_2;pls;"{""n_components"": 10}";17.88;17.81904155530886
Biscuit_Fat_40_RandomSplit;test;0;SG_21_3_2;pls;"{""n_components"": 10}";17.2;17.08148884967908
Biscuit_Fat_40_RandomSplit;test;0;SG_21_3_2;pls;"{""n_components"": 10}";15.6;15.998024245872069
Biscuit_Fat_40_RandomSplit;test;0;SG_21_3_2;pls;"{""n_components"": 10}";19.14;18.919417486143228
Biscuit_Fat_40_RandomSplit;test;0;SG_21_3_2;pls;"{""n_components"": 10}";15.1;15.800859133612002
Biscuit_Fat_40_RandomSplit;test;0;SG_21_3_2;pls;"{""n_components"": 10}";21.67;20.91197591779533
Biscuit_Fat_40_RandomSplit;test;0;SG_21_3_2;pls;"{""n_components"": 10}";21.17;21.19394637317123
Biscuit_Fat_40_RandomSplit;test;0;SG_21_3_2;pls;"{""n_components"": 10}";17.37;17.478641951952675
Biscuit_Fat_40_RandomSplit;test;0;SG_21_3_2;pls;"{""n_components"": 10}";19.4;19.487684773802737
Biscuit_Fat_40_RandomSplit;valid;1;SG_21_3_2;pls;"{""n_components"": 10}";18.37;18.63284952247467
Biscuit_Fat_40_RandomSplit;valid;1;SG_21_3_2;pls;"{""n_components"": 10}";21.59;20.3251255283557
Biscuit_Fat_40_RandomSplit;valid;1;SG_21_3_2;pls;"{""n_components"": 10}";21.25;20.476870115974553
Biscuit_Fat_40_RandomSplit;valid;1;SG_21_3_2;pls;"{""n_components"": 10}";20.58;20.272311002842642
Biscuit_Fat_40_RandomSplit;valid;1;SG_21_3_2;pls;"{""n_components"": 10}";19.4;19.569923672716385
Biscuit_Fat_40_RandomSplit;valid;1;SG_21_3_2;pls;"{""n_components"": 10}";16.02;15.176238568242098
Biscuit_Fat_40_RandomSplit;valid;1;SG_21_3_2;pls;"{""n_components"": 10}";19.73;19.5069555682529
Biscuit_Fat_40_RandomSplit;valid;1;SG_21_3_2;pls;"{""n_components"": 10}";15.18;15.533513995955609
Biscuit_Fat_40_RandomSplit;valid;1;SG_21_3_2;pls;"{""n_components"": 10}";19.9;18.766204010363804
Biscuit_Fat_40_RandomSplit;valid;1;SG_21_3_2;pls;"{""n_components"": 10}";17.03;16.51425658997263
Biscuit_Fat_40_RandomSplit;valid;1;SG_21_3_2;pls;"{""n_components"": 10}";17.54;17.959673683540796
Biscuit_Fat_40_RandomSplit;valid;1;SG_21_3_2;pls;"{""n_components"": 10}";20.41;20.439335434541373
Biscuit_Fat_40_RandomSplit;valid;1;SG_21_3_2;pls;"{""n_components"": 10}";18.38;17.901476098203773
Biscuit_Fat_40_RandomSplit;test;1;SG_21_3_2;pls;"{""n_components"": 10}";21.42;21.502764200619488
Biscuit_Fat_40_RandomSplit;test;1;SG_21_3_2;pls;"{""n_components"": 10}";18.38;18.725647191319556
Biscuit_Fat_40_RandomSplit;test;1;SG_21_3_2;pls;"{""n_components"": 10}";19.23;19.357558367961925
Biscuit_Fat_40_RandomSplit;test;1;SG_21_3_2;pls;"{""n_components"": 10}";17.12;17.856381913637215
Biscuit_Fat_40_RandomSplit;test;1;SG_21_3_2;pls;"{""n_components"": 10}";15.85;16.332171844035493
Biscuit_Fat_40_RandomSplit;test;1;SG_21_3_2;pls;"{""n_components"": 10}";16.36;16.943175846282323
Biscuit_Fat_40_RandomSplit;test;1;SG_21_3_2;pls;"{""n_components"": 10}";19.65;19.977432781397194
Biscuit_Fat_40_RandomSplit;test;1;SG_21_3_2;pls;"{""n_components"": 10}";16.87;17.963413985652394
Biscuit_Fat_40_RandomSplit;test;1;SG_21_3_2;pls;"{""n_components"": 10}";16.11;17.39131243906791
Biscuit_Fat_40_RandomSplit;test;1;SG_21_3_2;pls;"{""n_components"": 10}";18.89;19.889349330023546
Biscuit_Fat_40_RandomSplit;test;1;SG_21_3_2;pls;"{""n_components"": 10}";14.84;15.070962095288193
Biscuit_Fat_40_RandomSplit;test;1;SG_21_3_2;pls;"{""n_components"": 10}";20.66;20.89630487119827
Biscuit_Fat_40_RandomSplit;test;1;SG_21_3_2;pls;"{""n_components"": 10}";20.41;21.59959330971799
Biscuit_Fat_40_RandomSplit;test;1;SG_21_3_2;pls;"{""n_components"": 10}";16.53;16.543092215539016
Biscuit_Fat_40_RandomSplit;test;1;SG_21_3_2;pls;"{""n_components"": 10}";17.63;18.118882217506105
Biscuit_Fat_40_RandomSplit;test;1;SG_21_3_2;pls;"{""n_components"": 10}";15.35;16.400620250513345
Biscuit_Fat_40_RandomSplit;test;1;SG_21_3_2;pls;"{""n_components"": 10}";20.16;22.373478316839865
Biscuit_Fat_40_RandomSplit;test;1;SG_21_3_2;pls;"{""n_components"": 10}";19.9;20.67331628762208
Biscuit_Fat_40_RandomSplit;test;1;SG_21_3_2;pls;"{""n_components"": 10}";18.13;19.045161146752903
Biscuit_Fat_40_RandomSplit;test;1;SG_21_3_2;pls;"{""n_components"": 10}";18.64;19.917216266262095
Biscuit_Fat_40_RandomSplit;test;1;SG_21_3_2;pls;"{""n_components"": 10}";20.07;20.193122360857583
Biscuit_Fat_40_RandomSplit;test;1;SG_21_3_2;pls;"{""n_components"": 10}";16.61;17.009078027840932
Biscuit_Fat_40_RandomSplit;test;1;SG_21_3_2;pls;"{""n_components"": 10}";20.91;21.383298722008696
Biscuit_Fat_40_RandomSplit;test;1;SG_21_3_2;pls;"{""n_components"": 10}";17.88;19.33960478088362
Biscuit_Fat_40_RandomSplit;test;1;SG_21_3_2;pls;"{""n_components"": 10}";17.2;17.88513927160248
Biscuit_Fat_40_RandomSplit;test;1;SG_21_3_2;pls;"{""n_components"": 10}";15.6;16.858541189515048
Biscuit_Fat_40_RandomSplit;test;1;SG_21_3_2;pls;"{""n_components"": 10}";19.14;18.99586224221251
Biscuit_Fat_40_RandomSplit;test;1;SG_21_3_2;pls;"{""n_components"": 10}";15.1;16.36383190523481
Biscuit_Fat_40_RandomSplit;test;1;SG_21_3_2;pls;"{""n_components"": 10}";21.67;22.190351901589924
Biscuit_Fat_40_RandomSplit;test;1;SG_21_3_2;pls;"{""n_components"": 10}";21.17;21.54259107569293
Biscuit_Fat_40_RandomSplit;test;1;SG_21_3_2;pls;"{""n_components"": 10}";17.37;18.754374859881754
Biscuit_Fat_40_RandomSplit;test;1;SG_21_3_2;pls;"{""n_components"": 10}";19.4;18.584060426485202
Biscuit_Fat_40_RandomSplit;valid;2;SG_21_3_2;pls;"{""n_components"": 10}";21.08;20.62006946745806
Biscuit_Fat_40_RandomSplit;valid;2;SG_21_3_2;pls;"{""n_components"": 10}";18.55;18.665953236013372
Biscuit_Fat_40_RandomSplit;valid;2;SG_21_3_2;pls;"{""n_components"": 10}";16.53;16.038547300677795
Biscuit_Fat_40_RandomSplit;valid;2;SG_21_3_2;pls;"{""n_components"": 10}";15.69;15.602292603277368
Biscuit_Fat_40_RandomSplit;valid;2;SG_21_3_2;pls;"{""n_components"": 10}";18.77;18.53675662833242
Biscuit_Fat_40_RandomSplit;valid;2;SG_21_3_2;pls;"{""n_components"": 10}";15.01;15.178069497500884
Biscuit_Fat_40_RandomSplit;valid;2;SG_21_3_2;pls;"{""n_components"": 10}";18.72;19.4959047870588
Biscuit_Fat_40_RandomSplit;valid;2;SG_21_3_2;pls;"{""n_components"": 10}";20.75;20.228328099323114
Biscuit_Fat_40_RandomSplit;valid;2;SG_21_3_2;pls;"{""n_components"": 10}";20.07;19.96512809279014
Biscuit_Fat_40_RandomSplit;valid;2;SG_21_3_2;pls;"{""n_components"": 10}";15.52;15.696931556268202
Biscuit_Fat_40_RandomSplit;valid;2;SG_21_3_2;pls;"{""n_components"": 10}";16.7;16.533925447165267
Biscuit_Fat_40_RandomSplit;valid;2;SG_21_3_2;pls;"{""n_components"": 10}";19.23;19.29097792601103
Biscuit_Fat_40_RandomSplit;valid;2;SG_21_3_2;pls;"{""n_components"": 10}";17.2;17.310288594751327
Biscuit_Fat_40_RandomSplit;test;2;SG_21_3_2;pls;"{""n_components"": 10}";21.42;21.451834071285496
Biscuit_Fat_40_RandomSplit;test;2;SG_21_3_2;pls;"{""n_components"": 10}";18.38;18.751175117701457
Biscuit_Fat_40_RandomSplit;test;2;SG_21_3_2;pls;"{""n_components"": 10}";19.23;19.791772836580915
Biscuit_Fat_40_RandomSplit;test;2;SG_21_3_2;pls;"{""n_components"": 10}";17.12;18.041132163518796
Biscuit_Fat_40_RandomSplit;test;2;SG_21_3_2;pls;"{""n_components"": 10}";15.85;16.51655656613155
Biscuit_Fat_40_RandomSplit;test;2;SG_21_3_2;pls;"{""n_components"": 10}";16.36;17.26069970433721
Biscuit_Fat_40_RandomSplit;test;2;SG_21_3_2;pls;"{""n_components"": 10}";19.65;19.9867212383189
Biscuit_Fat_40_RandomSplit;test;2;SG_21_3_2;pls;"{""n_components"": 10}";16.87;17.144573348647697
Biscuit_Fat_40_RandomSplit;test;2;SG_21_3_2;pls;"{""n_components"": 10}";16.11;16.93694845084923
Biscuit_Fat_40_RandomSplit;test;2;SG_21_3_2;pls;"{""n_components"": 10}";18.89;19.896188837812748
Biscuit_Fat_40_RandomSplit;test;2;SG_21_3_2;pls;"{""n_components"": 10}";14.84;15.212732744615302
Biscuit_Fat_40_RandomSplit;test;2;SG_21_3_2;pls;"{""n_components"": 10}";20.66;21.155789427611282
Biscuit_Fat_40_RandomSplit;test;2;SG_21_3_2;pls;"{""n_components"": 10}";20.41;20.489400172253454
Biscuit_Fat_40_RandomSplit;test;2;SG_21_3_2;pls;"{""n_components"": 10}";16.53;16.260894377324398
Biscuit_Fat_40_RandomSplit;test;2;SG_21_3_2;pls;"{""n_components"": 10}";17.63;18.09608934787167
Biscuit_Fat_40_RandomSplit;test;2;SG_21_3_2;pls;"{""n_components"": 10}";15.35;15.674256909459118
Biscuit_Fat_40_RandomSplit;test;2;SG_21_3_2;pls;"{""n_components"": 10}";20.16;20.924183902768153
Biscuit_Fat_40_RandomSplit;test;2;SG_21_3_2;pls;"{""n_components"": 10}";19.9;20.665516358296596
Biscuit_Fat_40_RandomSplit;test;2;SG_21_3_2;pls;"{""n_components"": 10}";18.13;19.45973535475712
Biscuit_Fat_40_RandomSplit;test;2;SG_21_3_2;pls;"{""n_components"": 10}";18.64;18.868737502893214
Biscuit_Fat_40_RandomSplit;test;2;SG_21_3_2;pls;"{""n_components"": 10}";20.07;20.961204289910096
Biscuit_Fat_40_RandomSplit;test;2;SG_21_3_2;pls;"{""n_components"": 10}";16.61;17.91690588036129
Biscuit_Fat_40_RandomSplit;test;2;SG_21_3_2;pls;"{""n_components"": 10}";20.91;21.52844636158716
Biscuit_Fat_40_RandomSplit;test;2;SG_21_3_2;pls;"{""n_components"": 10}";17.88;18.634910450486338
Biscuit_Fat_40_RandomSplit;test;2;SG_21_3_2;pls;"{""n_components"": 10}";17.2;17.941236229233233
Biscuit_Fat_40_RandomSplit;test;2;SG_21_3_2;pls;"{""n_components"": 10}";15.6;16.386204519516227
Biscuit_Fat_40_RandomSplit;test;2;SG_21_3_2;pls;"{""n_components"": 10}";19.14;19.655932606490985
Biscuit_Fat_40_RandomSplit;test;2;SG_21_3_2;pls;"{""n_components"": 10}";15.1;15.433770967239983
Biscuit_Fat_40_RandomSplit;test;2;SG_21_3_2;pls;"{""n_components"": 10}";21.67;22.11423437902732
Biscuit_Fat_40_RandomSplit;test;2;SG_21_3_2;pls;"{""n_components"": 10}";21.17;21.7604901575582
Biscuit_Fat_40_RandomSplit;test;2;SG_21_3_2;pls;"{""n_components"": 10}";17.37;17.781290257112094
Biscuit_Fat_40_RandomSplit;test;2;SG_21_3_2;pls;"{""n_components"": 10}";19.4;20.108615126211575
Biscuit_Fat_40_RandomSplit;valid;0;SG_21_3_2+Haar;pls;"{""n_components"": 6}";15.35;15.854985436720685
Biscuit_Fat_40_RandomSplit;valid;0;SG_21_3_2+Haar;pls;"{""n_components"": 6}";17.88;18.649499885475674
Biscuit_Fat_40_RandomSplit;valid;0;SG_21_3_2+Haar;pls;"{""n_components"": 6}";16.19;17.790391258034255
Biscuit_Fat_40_RandomSplit;valid;0;SG_21_3_2+Haar;pls;"{""n_components"": 6}";15.85;15.580854080454504
Biscuit_Fat_40_RandomSplit;valid;0;SG_21_3_2+Haar;pls;"{""n_components"": 6}";18.05;18.396277619264534
Biscuit_Fat_40_RandomSplit;valid;0;SG_21_3_2+Haar;pls;"{""n_components"": 6}";18.89;18.269122104107467
Biscuit_Fat_40_RandomSplit;valid;0;SG_21_3_2+Haar;pls;"{""n_components"": 6}";21.42;21.653014361786248
Biscuit_Fat_40_RandomSplit;valid;0;SG_21_3_2+Haar;pls;"{""n_components"": 6}";20.24;20.245687776736986
Biscuit_Fat_40_RandomSplit;valid;0;SG_21_3_2+Haar;pls;"{""n_components"": 6}";19.56;20.535771799852586
Biscuit_Fat_40_RandomSplit;valid;0;SG_21_3_2+Haar;pls;"{""n_components"": 6}";17.37;17.545974119959823
Biscuit_Fat_40_RandomSplit;valid;0;SG_21_3_2+Haar;pls;"{""n_components"": 6}";20.91;21.209242967951354
Biscuit_Fat_40_RandomSplit;valid;0;SG_21_3_2+Haar;pls;"{""n_components"": 6}";17.71;17.91395860458961
Biscuit_Fat_40_RandomSplit;valid;0;SG_21_3_2+Haar;pls;"{""n_components"": 6}";19.06;19.221887790174097
Biscuit_Fat_40_RandomSplit;valid;0;SG_21_3_2+Haar;pls;"{""n_components"": 6}";16.36;16.29591235549261
Biscuit_Fat_40_RandomSplit;test;0;SG_21_3_2+Haar;pls;"{""n_components"": 6}";21.42;21.508433107156776
Biscuit_Fat_40_RandomSplit;test;0;SG_21_3_2+Haar;pls;"{""n_components"": 6}";18.38;18.812737299843935
Biscuit_Fat_40_RandomSplit;test;0;SG_21_3_2+Haar;pls;"{""n_components"": 6}";19.23;19.429647544352335
Biscuit_Fat_40_RandomSplit;test;0;SG_21_3_2+Haar;pls;"{""n_components"": 6}";17.12;18.083280427250013
Biscuit_Fat_40_RandomSplit;test;0;SG_21_3_2+Haar;pls;"{""n_components"": 6}";15.85;16.75913314782181
Biscuit_Fat_40_RandomSplit;test;0;SG_21_3_2+Haar;pls;"{""n_components"": 6}";16.36;16.87623513293558
Biscuit_Fat_40_RandomSplit;test;0;SG_21_3_2+Haar;pls;"{""n_components"": 6}";19.65;19.613487891303723
Biscuit_Fat_40_RandomSplit;test;0;SG_21_3_2+Haar;pls;"{""n_components"": 6}";16.87;16.666213151016333
Biscuit_Fat_40_RandomSplit;test;0;SG_21_3_2+Haar;pls;"{""n_components"": 6}";16.11;15.031249116836875
Biscuit_Fat_40_RandomSplit;test;0;SG_21_3_2+Haar;pls;"{""n_components"": 6}";18.89;19.009684928304615
Biscuit_Fat_40_RandomSplit;test;0;SG_21_3_2+Haar;pls;"{""n_components"": 6}";14.84;14.621043463741065
Biscuit_Fat_40_RandomSplit;test;0;SG_21_3_2+Haar;pls;"{""n_components"": 6}";20.66;20.705747440005393
Biscuit_Fat_40_RandomSplit;test;0;SG_21_3_2+Haar;pls;"{""n_components"": 6}";20.41;20.67106397181308
Biscuit_Fat_40_RandomSplit;test;0;SG_21_3_2+Haar;pls;"{""n_components"": 6}";16.53;16.25730263154953
Biscuit_Fat_40_RandomSplit;test;0;SG_21_3_2+Haar;pls;"{""n_components"": 6}";17.63;18.576568511860845
Biscuit_Fat_40_RandomSplit;test;0;SG_21_3_2+Haar;pls;"{""n_components"": 6}";15.35;16.38035820628447
Biscuit_Fat_40_RandomSplit;test;0;SG_21_3_2+Haar;pls;"{""n_components"": 6}";20.16;21.288232062520287
Biscuit_Fat_40_RandomSplit;test;0;SG_21_3_2+Haar;pls;"{""n_components"": 6}";19.9;20.815744346534245
Biscuit_Fat_40_RandomSplit;test;0;SG_21_3_2+Haar;pls;"{""n_components"": 6}";18.13;19.20469511960815
Biscuit_Fat_40_RandomSplit;test;0;SG_21_3_2+Haar;pls;"{""n_components"": 6}";18.64;19.495197220409242
Biscuit_Fat_40_RandomSplit;test;0;SG_21_3_2+Haar;pls;"{""n_components"": 6}";20.07;21.17109488656504
Biscuit_Fat_40_RandomSplit;test;0;SG_21_3_2+Haar;pls;"{""n_components"": 6}";16.61;17.340557620070157
Biscuit_Fat_40_RandomSplit;test;0;SG_21_3_2+Haar;pls;"{""n_components"": 6}";20.91;20.904125297416925
Biscuit_Fat_40_RandomSplit;test;0;SG_21_3_2+Haar;pls;"{""n_components"": 6}";17.88;18.292048522244055
Biscuit_Fat_40_RandomSplit;test;0;SG_21_3_2+Haar;pls;"{""n_components"": 6}";17.2;17.37854829665101
Biscuit_Fat_40_RandomSplit;test;0;SG_21_3_2+Haar;pls;"{""n_components"": 6}";15.6;16.38415426712283
Biscuit_Fat_40_RandomSplit;test;0;SG_21_3_2+Haar;pls;"{""n_components"": 6}";19.14;19.32276626865525
Biscuit_Fat_40_RandomSplit;test;0;SG_21_3_2+Haar;pls;"{""n_components"": 6}";15.1;15.758742048390182
Biscuit_Fat_40_RandomSplit;test;0;SG_21_3_2+Haar;pls;"{""n_components"": 6}";21.67;21.40754915304386
Biscuit_Fat_40_RandomSplit;test;0;SG_21_3_2+Haar;pls;"{""n_components"": 6}";21.17;21.60508377099894
Biscuit_Fat_40_RandomSplit;test;0;SG_21_3_2+Haar;pls;"{""n_components"": 6}";17.37;17.933639303044874
Biscuit_Fat_40_RandomSplit;test;0;SG_21_3_2+Haar;pls;"{""n_components"": 6}";19.4;19.34940756859994
Biscuit_Fat_40_RandomSplit;valid;1;SG_21_3_2+Haar;pls;"{""n_components"": 6}";18.37;18.72785828532198
Biscuit_Fat_40_RandomSplit;valid;1;SG_21_3_2+Haar;pls;"{""n_components"": 6}";21.59;20.7664651615652
Biscuit_Fat_40_RandomSplit;valid;1;SG_21_3_2+Haar;pls;"{""n_components"": 6}";21.25;20.959228851613624
Biscuit_Fat_40_RandomSplit;valid;1;SG_21_3_2+Haar;pls;"{""n_components"": 6}";20.58;20.628687554119644
Biscuit_Fat_40_RandomSplit;valid;1;SG_21_3_2+Haar;pls;"{""n_components"": 6}";19.4;19.294366967764063
Biscuit_Fat_40_RandomSplit;valid;1;SG_21_3_2+Haar;pls;"{""n_components"": 6}";16.02;15.32408069929183
Biscuit_Fat_40_RandomSplit;valid;1;SG_21_3_2+Haar;pls;"{""n_components"": 6}";19.73;19.245649660386928
Biscuit_Fat_40_RandomSplit;valid;1;SG_21_3_2+Haar;pls;"{""n_components"": 6}";15.18;15.603686181132773
Biscuit_Fat_40_RandomSplit;valid;1;SG_21_3_2+Haar;pls;"{""n_components"": 6}";19.9;17.62919161478256
Biscuit_Fat_40_RandomSplit;valid;1;SG_21_3_2+Haar;pls;"{""n_components"": 6}";17.03;16.7643696959383
Biscuit_Fat_40_RandomSplit;valid;1;SG_21_3_2+Haar;pls;"{""n_components"": 6}";17.54;17.757365494484564
Biscuit_Fat_40_RandomSplit;valid;1;SG_21_3_2+Haar;pls;"{""n_components"": 6}";20.41;20.438543403496165
Biscuit_Fat_40_RandomSplit;valid;1;SG_21_3_2+Haar;pls;"{""n_components"": 6}";18.38;17.780941375924908
Biscuit_Fat_40_RandomSplit;test;1;SG_21_3_2+Haar;pls;"{""n_components"": 6}";21.42;21.602507315208392
Biscuit_Fat_40_RandomSplit;test;1;SG_21_3_2+Haar;pls;"{""n_components"": 6}";18.38;18.383415961099207
Biscuit_Fat_40_RandomSplit;test;1;SG_21_3_2+Haar;pls;"{""n_components"": 6}";19.23;19.25329947594903
Biscuit_Fat_40_RandomSplit;test;1;SG_21_3_2+Haar;pls;"{""n_components"": 6}";17.12;18.052488668884987
Biscuit_Fat_40_RandomSplit;test;1;SG_21_3_2+Haar;pls;"{""n_components"": 6}";15.85;16.57910827729159
Biscuit_Fat_40_RandomSplit;test;1;SG_21_3_2+Haar;pls;"{""n_components"": 6}";16.36;16.772963885891897
Biscuit_Fat_40_RandomSplit;test;1;SG_21_3_2+Haar;pls;"{""n_components"": 6}";19.65;19.948070191453002
Biscuit_Fat_40_RandomSplit;test;1;SG_21_3_2+Haar;pls;"{""n_components"": 6}";16.87;17.52352428855808
Biscuit_Fat_40_RandomSplit;test;1;SG_21_3_2+Haar;pls;"{""n_components"": 6}";16.11;16.91981728483566
Biscuit_Fat_40_RandomSplit;test;1;SG_21_3_2+Haar;pls;"{""n_components"": 6}";18.89;20.22310131654258
Biscuit_Fat_40_RandomSplit;test;1;SG_21_3_2+Haar;pls;"{""n_components"": 6}";14.84;15.238359340666971
Biscuit_Fat_40_RandomSplit;test;1;SG_21_3_2+Haar;pls;"{""n_components"": 6}";20.66;21.072611055070926
Biscuit_Fat_40_RandomSplit;test;1;SG_21_3_2+Haar;pls;"{""n_components"": 6}";20.41;21.094112637564155
Biscuit_Fat_40_RandomSplit;test;1;SG_21_3_2+Haar;pls;"{""n_components"": 6}";16.53;17.13964699795936
Biscuit_Fat_40_RandomSplit;test;1;SG_21_3_2+Haar;pls;"{""n_components"": 6}";17.63;18.334963053538356
Biscuit_Fat_40_RandomSplit;test;1;SG_21_3_2+Haar;pls;"{""n_components"": 6}";15.35;16.42221195869495
Biscuit_Fat_40_RandomSplit;test;1;SG_21_3_2+Haar;pls;"{""n_components"": 6}";20.16;21.776713467238366
Biscuit_Fat_40_RandomSplit;test;1;SG_21_3_2+Haar;pls;"{""n_components"": 6}";19.9;20.61912079803018
Biscuit_Fat_40_RandomSplit;test;1;SG_21_3_2+Haar;pls;"{""n_components"": 6}";18.13;19.632505464813978
Biscuit_Fat_40_RandomSplit;test;1;SG_21_3_2+Haar;pls;"{""n_components"": 6}";18.64;19.315665760259417
Biscuit_Fat_40_RandomSplit;test;1;SG_21_3_2+Haar;pls;"{""n_components"": 6}";20.07;21.475991790769015
Biscuit_Fat_40_RandomSplit;test;1;SG_21_3_2+Haar;pls;"{""n_components"": 6}";16.61;17.758450128980073
Biscuit_Fat_40_RandomSplit;test;1;SG_21_3_2+Haar;pls;"{""n_components"": 6}";20.91;21.01803297689697
Biscuit_Fat_40_RandomSplit;test;1;SG_21_3_2+Haar;pls;"{""n_components"": 6}";17.88;18.85398406801768
Biscuit_Fat_40_RandomSplit;test;1;SG_21_3_2+Haar;pls;"{""n_components"": 6}";17.2;18.23106399796255
Biscuit_Fat_40_RandomSplit;test;1;SG_21_3_2+Haar;pls;"{""n_components"": 6}";15.6;16.893771220853523
Biscuit_Fat_40_RandomSplit;test;1;SG_21_3_2+Haar;pls;"{""n_components"": 6}";19.14;19.49129406606956
Biscuit_Fat_40_RandomSplit;test;1;SG_21_3_2+Haar;pls;"{""n_components"": 6}";15.1;15.964170440126939
Biscuit_Fat_40_RandomSplit;test;1;SG_21_3_2+Haar;pls;"{""n_components"": 6}";21.67;22.27476064283691
Biscuit_Fat_40_RandomSplit;test;1;SG_21_3_2+Haar;pls;"{""n_components"": 6}";21.17;21.992015299316698
Biscuit_Fat_40_RandomSplit;test;1;SG_21_3_2+Haar;pls;"{""n_components"": 6}";17.37;18.420453938685778
Biscuit_Fat_40_RandomSplit;test;1;SG_21_3_2+Haar;pls;"{""n_components"": 6}";19.4;19.5129547760546
Biscuit_Fat_40_RandomSplit;valid;2;SG_21_3_2+Haar;pls;"{""n_components"": 6}";21.08;20.344107140481682
Biscuit_Fat_40_RandomSplit;valid;2;SG_21_3_2+Haar;pls;"{""n_components"": 6}";18.55;19.06097033867579
Biscuit_Fat_40_RandomSplit;valid;2;SG_21_3_2+Haar;pls;"{""n_components"": 6}";16.53;15.645443947784539
Biscuit_Fat_40_RandomSplit;valid;2;SG_21_3_2+Haar;pls;"{""n_components"": 6}";15.69;15.961652755083621
Biscuit_Fat_40_RandomSplit;valid;2;SG_21_3_2+Haar;pls;"{""n_components"": 6}";18.77;19.186189713253427
Biscuit_Fat_40_RandomSplit;valid;2;SG_21_3_2+Haar;pls;"{""n_components"": 6}";15.01;15.695516862878966
Biscuit_Fat_40_RandomSplit;valid;2;SG_21_3_2+Haar;pls;"{""n_components"": 6}";18.72;19.54668211439083
Biscuit_Fat_40_RandomSplit;valid;2;SG_21_3_2+Haar;pls;"{""n_components"": 6}";20.75;20.427943420594964
Biscuit_Fat_40_RandomSplit;valid;2;SG_21_3_2+Haar;pls;"{""n_components"": 6}";20.07;20.127848299727475
Biscuit_Fat_40_RandomSplit;valid;2;SG_21_3_2+Haar;pls;"{""n_components"": 6}";15.52;15.568321146389879
Biscuit_Fat_40_RandomSplit;valid;2;SG_21_3_2+Haar;pls;"{""n_components"": 6}";16.7;16.576766007710788
Biscuit_Fat_40_RandomSplit;valid;2;SG_21_3_2+Haar;pls;"{""n_components"": 6}";19.23;19.71410553056806
Biscuit_Fat_40_RandomSplit;valid;2;SG_21_3_2+Haar;pls;"{""n_components"": 6}";17.2;17.353998166700627
Biscuit_Fat_40_RandomSplit;test;2;SG_21_3_2+Haar;pls;"{""n_components"": 6}";21.42;21.70506608462547
Biscuit_Fat_40_RandomSplit;test;2;SG_21_3_2+Haar;pls;"{""n_components"": 6}";18.38;18.69728810503745
Biscuit_Fat_40_RandomSplit;test;2;SG_21_3_2+Haar;pls;"{""n_components"": 6}";19.23;19.412593302862987
Biscuit_Fat_40_RandomSplit;test;2;SG_21_3_2+Haar;pls;"{""n_components"": 6}";17.12;18.087279424899407
Biscuit_Fat_40_RandomSplit;test;2;SG_21_3_2+Haar;pls;"{""n_components"": 6}";15.85;16.58715072170961
Biscuit_Fat_40_RandomSplit;test;2;SG_21_3_2+Haar;pls;"{""n_components"": 6}";16.36;17.242379765236972
Biscuit_Fat_40_RandomSplit;test;2;SG_21_3_2+Haar;pls;"{""n_components"": 6}";19.65;19.994915100513214
Biscuit_Fat_40_RandomSplit;test;2;SG_21_3_2+Haar;pls;"{""n_components"": 6}";16.87;17.386917089414656
Biscuit_Fat_40_RandomSplit;test;2;SG_21_3_2+Haar;pls;"{""n_components"": 6}";16.11;16.37313018819291
Biscuit_Fat_40_RandomSplit;test;2;SG_21_3_2+Haar;pls;"{""n_components"": 6}";18.89;19.58072991422495
Biscuit_Fat_40_RandomSplit;test;2;SG_21_3_2+Haar;pls;"{""n_components"": 6}";14.84;15.650825347097015
Biscuit_Fat_40_RandomSplit;test;2;SG_21_3_2+Haar;pls;"{""n_components"": 6}";20.66;20.81383482764408
Biscuit_Fat_40_RandomSplit;test;2;SG_21_3_2+Haar;pls;"{""n_components"": 6}";20.41;20.652721937171208
Biscuit_Fat_40_RandomSplit;test;2;SG_21_3_2+Haar;pls;"{""n_components"": 6}";16.53;16.74759299279328
Biscuit_Fat_40_RandomSplit;test;2;SG_21_3_2+Haar;pls;"{""n_components"": 6}";17.63;18.215251641545965
Biscuit_Fat_40_RandomSplit;test;2;SG_21_3_2+Haar;pls;"{""n_components"": 6}";15.35;15.655224109851634
Biscuit_Fat_40_RandomSplit;test;2;SG_21_3_2+Haar;pls;"{""n_components"": 6}";20.16;21.054734146902007
Biscuit_Fat_40_RandomSplit;test;2;SG_21_3_2+Haar;pls;"{""n_components"": 6}";19.9;20.578137045400783
Biscuit_Fat_40_RandomSplit;test;2;SG_21_3_2+Haar;pls;"{""n_components"": 6}";18.13;19.062702854697637
Biscuit_Fat_40_RandomSplit;test;2;SG_21_3_2+Haar;pls;"{""n_components"": 6}";18.64;18.818567019671733
Biscuit_Fat_40_RandomSplit;test;2;SG_21_3_2+Haar;pls;"{""n_components"": 6}";20.07;21.074202308760174
Biscuit_Fat_40_RandomSplit;test;2;SG_21_3_2+Haar;pls;"{""n_components"": 6}";16.61;17.38108807705545
Biscuit_Fat_40_RandomSplit;test;2;SG_21_3_2+Haar;pls;"{""n_components"": 6}";20.91;21.343561253219683
Biscuit_Fat_40_RandomSplit;test;2;SG_21_3_2+Haar;pls;"{""n_components"": 6}";17.88;18.35886556642085
Biscuit_Fat_40_RandomSplit;test;2;SG_21_3_2+Haar;pls;"{""n_components"": 6}";17.2;17.907679210026558
Biscuit_Fat_40_RandomSplit;test;2;SG_21_3_2+Haar;pls;"{""n_components"": 6}";15.6;16.14662217142221
Biscuit_Fat_40_RandomSplit;test;2;SG_21_3_2+Haar;pls;"{""n_components"": 6}";19.14;19.528752601470547
Biscuit_Fat_40_RandomSplit;test;2;SG_21_3_2+Haar;pls;"{""n_components"": 6}";15.1;15.550499141682018
Biscuit_Fat_40_RandomSplit;test;2;SG_21_3_2+Haar;pls;"{""n_components"": 6}";21.67;22.02459849679572
Biscuit_Fat_40_RandomSplit;test;2;SG_21_3_2+Haar;pls;"{""n_components"": 6}";21.17;21.977980886644485
Biscuit_Fat_40_RandomSplit;test;2;SG_21_3_2+Haar;pls;"{""n_components"": 6}";17.37;17.47117124992694
Biscuit_Fat_40_RandomSplit;test;2;SG_21_3_2+Haar;pls;"{""n_components"": 6}";19.4;19.600311523334685
Biscuit_Fat_40_RandomSplit;valid;0;SG_21_3_2+AreaNormalization;pls;"{""n_components"": 1}";15.35;19.195695629775827
Biscuit_Fat_40_RandomSplit;valid;0;SG_21_3_2+AreaNormalization;pls;"{""n_components"": 1}";17.88;18.559766315489068
Biscuit_Fat_40_RandomSplit;valid;0;SG_21_3_2+AreaNormalization;pls;"{""n_components"": 1}";16.19;18.45927351933297
Biscuit_Fat_40_RandomSplit;valid;0;SG_21_3_2+AreaNormalization;pls;"{""n_components"": 1}";15.85;18.522700753974235
Biscuit_Fat_40_RandomSplit;valid;0;SG_21_3_2+AreaNormalization;pls;"{""n_components"": 1}";18.05;18.559565228903065
Biscuit_Fat_40_RandomSplit;valid;0;SG_21_3_2+AreaNormalization;pls;"{""n_components"": 1}";18.89;17.783903201215796
Biscuit_Fat_40_RandomSplit;valid;0;SG_21_3_2+AreaNormalization;pls;"{""n_components"": 1}";21.42;18.52818102738773
Biscuit_Fat_40_RandomSplit;valid;0;SG_21_3_2+AreaNormalization;pls;"{""n_components"": 1}";20.24;18.437126109514725
Biscuit_Fat_40_RandomSplit;valid;0;SG_21_3_2+AreaNormalization;pls;"{""n_components"": 1}";19.56;18.56879836866185
Biscuit_Fat_40_RandomSplit;valid;0;SG_21_3_2+AreaNormalization;pls;"{""n_components"": 1}";17.37;16.509215253982788
Biscuit_Fat_40_RandomSplit;valid;0;SG_21_3_2+AreaNormalization;pls;"{""n_components"": 1}";20.91;18.068357811363537
Biscuit_Fat_40_RandomSplit;valid;0;SG_21_3_2+AreaNormalization;pls;"{""n_components"": 1}";17.71;19.068061436480072
Biscuit_Fat_40_RandomSplit;valid;0;SG_21_3_2+AreaNormalization;pls;"{""n_components"": 1}";19.06;18.255461945912145
Biscuit_Fat_40_RandomSplit;valid;0;SG_21_3_2+AreaNormalization;pls;"{""n_components"": 1}";16.36;18.64162827573038
Biscuit_Fat_40_RandomSplit;test;0;SG_21_3_2+AreaNormalization;pls;"{""n_components"": 1}";21.42;16.596656601672095
Biscuit_Fat_40_RandomSplit;test;0;SG_21_3_2+AreaNormalization;pls;"{""n_components"": 1}";18.38;18.560258510543353
Biscuit_Fat_40_RandomSplit;test;0;SG_21_3_2+AreaNormalization;pls;"{""n_components"": 1}";19.23;18.559980462100878
Biscuit_Fat_40_RandomSplit;test;0;SG_21_3_2+AreaNormalization;pls;"{""n_components"": 1}";17.12;18.533482380883253
Biscuit_Fat_40_RandomSplit;test;0;SG_21_3_2+AreaNormalization;pls;"{""n_components"": 1}";15.85;18.530775240043162
Biscuit_Fat_40_RandomSplit;test;0;SG_21_3_2+AreaNormalization;pls;"{""n_components"": 1}";16.36;18.152483503053748
Biscuit_Fat_40_RandomSplit;test;0;SG_21_3_2+AreaNormalization;pls;"{""n_components"": 1}";19.65;18.311988617979864
Biscuit_Fat_40_RandomSplit;test;0;SG_21_3_2+AreaNormalization;pls;"{""n_components"": 1}";16.87;18.308564449619727
Biscuit_Fat_40_RandomSplit;test;0;SG_21_3_2+AreaNormalization;pls;"{""n_components"": 1}";16.11;18.316762762620677
Biscuit_Fat_40_RandomSplit;test;0;SG_21_3_2+AreaNormalization;pls;"{""n_components"": 1}";18.89;18.249396276075093
Biscuit_Fat_40_RandomSplit;test;0;SG_21_3_2+AreaNormalization;pls;"{""n_components"": 1}";14.84;18.23943890488892
Biscuit_Fat_40_RandomSplit;test;0;SG_21_3_2+AreaNormalization;pls;"{""n_components"": 1}";20.66;18.32298794459688
Biscuit_Fat_40_RandomSplit;test;0;SG_21_3_2+AreaNormalization;pls;"{""n_components"": 1}";20.41;18.312365109170063
Biscuit_Fat_40_RandomSplit;test;0;SG_21_3_2+AreaNormalization;pls;"{""n_components"": 1}";16.53;18.334325374045132
Biscuit_Fat_40_RandomSplit;test;0;SG_21_3_2+AreaNormalization;pls;"{""n_components"": 1}";17.63;18.291872978477315
Biscuit_Fat_40_RandomSplit;test;0;SG_21_3_2+AreaNormalization;pls;"{""n_components"": 1}";15.35;18.140178406255192
Biscuit_Fat_40_RandomSplit;test;0;SG_21_3_2+AreaNormalization;pls;"{""n_components"": 1}";20.16;28.465251117023953
Biscuit_Fat_40_RandomSplit;test;0;SG_21_3_2+AreaNormalization;pls;"{""n_components"": 1}";19.9;17.82175239355501
Biscuit_Fat_40_RandomSplit;test;0;SG_21_3_2+AreaNormalization;pls;"{""n_components"": 1}";18.13;18.533434566032877
Biscuit_Fat_40_RandomSplit;test;0;SG_21_3_2+AreaNormalization;pls;"{""n_components"": 1}";18.64;18.226834025165292
Biscuit_Fat_40_RandomSplit;test;0;SG_21_3_2+AreaNormalization;pls;"{""n_components"": 1}";20.07;18.214597070167883
Biscuit_Fat_40_RandomSplit;test;0;SG_21_3_2+AreaNormalization;pls;"{""n_components"": 1}";16.61;18.218479058095006
Biscuit_Fat_40_RandomSplit;test;0;SG_21_3_2+AreaNormalization;pls;"{""n_components"": 1}";20.91;18.169192230661828
Biscuit_Fat_40_RandomSplit;test;0;SG_21_3_2+AreaNormalization;pls;"{""n_components"": 1}";17.88;17.58940266182493
Biscuit_Fat_40_RandomSplit;test;0;SG_21_3_2+AreaNormalization;pls;"{""n_components"": 1}";17.2;18.240211777029806
Biscuit_Fat_40_RandomSplit;test;0;SG_21_3_2+AreaNormalization;pls;"{""n_components"": 1}";15.6;18.238475298274512
Biscuit_Fat_40_RandomSplit;test;0;SG_21_3_2+AreaNormalization;pls;"{""n_components"": 1}";19.14;18.31199358683814
Biscuit_Fat_40_RandomSplit;test;0;SG_21_3_2+AreaNormalization;pls;"{""n_components"": 1}";15.1;18.065871593099693
Biscuit_Fat_40_RandomSplit;test;0;SG_21_3_2+AreaNormalization;pls;"{""n_components"": 1}";21.67;18.25727289191955
Biscuit_Fat_40_RandomSplit;test;0;SG_21_3_2+AreaNormalization;pls;"{""n_components"": 1}";21.17;18.17632909041304
Biscuit_Fat_40_RandomSplit;test;0;SG_21_3_2+AreaNormalization;pls;"{""n_components"": 1}";17.37;18.245195567460474
Biscuit_Fat_40_RandomSplit;test;0;SG_21_3_2+AreaNormalization;pls;"{""n_components"": 1}";19.4;18.27325408724618
Biscuit_Fat_40_RandomSplit;valid;1;SG_21_3_2+AreaNormalization;pls;"{""n_components"": 1}";18.37;18.066816724052888
Biscuit_Fat_40_RandomSplit;valid;1;SG_21_3_2+AreaNormalization;pls;"{""n_components"": 1}";21.59;17.930881705185932
Biscuit_Fat_40_RandomSplit;valid;1;SG_21_3_2+AreaNormalization;pls;"{""n_components"": 1}";21.25;18.081832261688053
Biscuit_Fat_40_RandomSplit;valid;1;SG_21_3_2+AreaNormalization;pls;"{""n_components"": 1}";20.58;18.12331601380512
Biscuit_Fat_40_RandomSplit;valid;1;SG_21_3_2+AreaNormalization;pls;"{""n_components"": 1}";19.4;18.087781848602237
Biscuit_Fat_40_RandomSplit;valid;1;SG_21_3_2+AreaNormalization;pls;"{""n_components"": 1}";16.02;18.122145642507487
Biscuit_Fat_40_RandomSplit;valid;1;SG_21_3_2+AreaNormalization;pls;"{""n_components"": 1}";19.73;18.110752765180738
Biscuit_Fat_40_RandomSplit;valid;1;SG_21_3_2+AreaNormalization;pls;"{""n_components"": 1}";15.18;18.118540119522436
Biscuit_Fat_40_RandomSplit;valid;1;SG_21_3_2+AreaNormalization;pls;"{""n_components"": 1}";19.9;18.173821598182553
Biscuit_Fat_40_RandomSplit;valid;1;SG_21_3_2+AreaNormalization;pls;"{""n_components"": 1}";17.03;18.110630862551716
Biscuit_Fat_40_RandomSplit;valid;1;SG_21_3_2+AreaNormalization;pls;"{""n_components"": 1}";17.54;18.076005195395865
Biscuit_Fat_40_RandomSplit;valid;1;SG_21_3_2+AreaNormalization;pls;"{""n_components"": 1}";20.41;18.12548007030973
Biscuit_Fat_40_RandomSplit;valid;1;SG_21_3_2+AreaNormalization;pls;"{""n_components"": 1}";18.38;18.10698358839496
Biscuit_Fat_40_RandomSplit;test;1;SG_21_3_2+AreaNormalization;pls;"{""n_components"": 1}";21.42;18.21914133274421
Biscuit_Fat_40_RandomSplit;test;1;SG_21_3_2+AreaNormalization;pls;"{""n_components"": 1}";18.38;18.084776181576647
Biscuit_Fat_40_RandomSplit;test;1;SG_21_3_2+AreaNormalization;pls;"{""n_components"": 1}";19.23;18.085346474619175
Biscuit_Fat_40_RandomSplit;test;1;SG_21_3_2+AreaNormalization;pls;"{""n_components"": 1}";17.12;18.08689736342385
Biscuit_Fat_40_RandomSplit;test;1;SG_21_3_2+AreaNormalization;pls;"{""n_components"": 1}";15.85;18.086369605989013
Biscuit_Fat_40_RandomSplit;test;1;SG_21_3_2+AreaNormalization;pls;"{""n_components"": 1}";16.36;18.117770452606678
Biscuit_Fat_40_RandomSplit;test;1;SG_21_3_2+AreaNormalization;pls;"{""n_components"": 1}";19.65;18.104183818103202
Biscuit_Fat_40_RandomSplit;test;1;SG_21_3_2+AreaNormalization;pls;"{""n_components"": 1}";16.87;18.104789859285393
Biscuit_Fat_40_RandomSplit;test;1;SG_21_3_2+AreaNormalization;pls;"{""n_components"": 1}";16.11;18.103919970916216
Biscuit_Fat_40_RandomSplit;test;1;SG_21_3_2+AreaNormalization;pls;"{""n_components"": 1}";18.89;18.108667775038512
Biscuit_Fat_40_RandomSplit;test;1;SG_21_3_2+AreaNormalization;pls;"{""n_components"": 1}";14.84;18.111714892265894
Biscuit_Fat_40_RandomSplit;test;1;SG_21_3_2+AreaNormalization;pls;"{""n_components"": 1}";20.66;18.10315763235133
Biscuit_Fat_40_RandomSplit;test;1;SG_21_3_2+AreaNormalization;pls;"{""n_components"": 1}";20.41;18.104178202843908
Biscuit_Fat_40_RandomSplit;test;1;SG_21_3_2+AreaNormalization;pls;"{""n_components"": 1}";16.53;18.102657103243697
Biscuit_Fat_40_RandomSplit;test;1;SG_21_3_2+AreaNormalization;pls;"{""n_components"": 1}";17.63;18.10586003265563
Biscuit_Fat_40_RandomSplit;test;1;SG_21_3_2+AreaNormalization;pls;"{""n_components"": 1}";15.35;18.118708918234198
Biscuit_Fat_40_RandomSplit;test;1;SG_21_3_2+AreaNormalization;pls;"{""n_components"": 1}";20.16;17.384076332921808
Biscuit_Fat_40_RandomSplit;test;1;SG_21_3_2+AreaNormalization;pls;"{""n_components"": 1}";19.9;18.139197273239198
Biscuit_Fat_40_RandomSplit;test;1;SG_21_3_2+AreaNormalization;pls;"{""n_components"": 1}";18.13;18.08800571075876
Biscuit_Fat_40_RandomSplit;test;1;SG_21_3_2+AreaNormalization;pls;"{""n_components"": 1}";18.64;18.11047644014173
Biscuit_Fat_40_RandomSplit;test;1;SG_21_3_2+AreaNormalization;pls;"{""n_components"": 1}";20.07;18.110526337378314
Biscuit_Fat_40_RandomSplit;test;1;SG_21_3_2+AreaNormalization;pls;"{""n_components"": 1}";16.61;18.111447526237626
Biscuit_Fat_40_RandomSplit;test;1;SG_21_3_2+AreaNormalization;pls;"{""n_components"": 1}";20.91;18.114957820605557
Biscuit_Fat_40_RandomSplit;test;1;SG_21_3_2+AreaNormalization;pls;"{""n_components"": 1}";17.88;18.162535730023347
Biscuit_Fat_40_RandomSplit;test;1;SG_21_3_2+AreaNormalization;pls;"{""n_components"": 1}";17.2;18.109877856600338
Biscuit_Fat_40_RandomSplit;test;1;SG_21_3_2+AreaNormalization;pls;"{""n_components"": 1}";15.6;18.110604132243846
Biscuit_Fat_40_RandomSplit;test;1;SG_21_3_2+AreaNormalization;pls;"{""n_components"": 1}";19.14;18.104073149544693
Biscuit_Fat_40_RandomSplit;test;1;SG_21_3_2+AreaNormalization;pls;"{""n_components"": 1}";15.1;18.12537989319736
Biscuit_Fat_40_RandomSplit;test;1;SG_21_3_2+AreaNormalization;pls;"{""n_components"": 1}";21.67;18.107719861809667
Biscuit_Fat_40_RandomSplit;test;1;SG_21_3_2+AreaNormalization;pls;"{""n_components"": 1}";21.17;18.113380184335785
Biscuit_Fat_40_RandomSplit;test;1;SG_21_3_2+AreaNormalization;pls;"{""n_components"": 1}";17.37;18.109639600150636
Biscuit_Fat_40_RandomSplit;test;1;SG_21_3_2+AreaNormalization;pls;"{""n_components"": 1}";19.4;18.106720382202454
Biscuit_Fat_40_RandomSplit;valid;2;SG_21_3_2+AreaNormalization;pls;"{""n_components"": 1}";21.08;18.52746050324138
Biscuit_Fat_40_RandomSplit;valid;2;SG_21_3_2+AreaNormalization;pls;"{""n_components"": 1}";18.55;18.546101624229003
Biscuit_Fat_40_RandomSplit;valid;2;SG_21_3_2+AreaNormalization;pls;"{""n_components"": 1}";16.53;18.613055036538423
Biscuit_Fat_40_RandomSplit;valid;2;SG_21_3_2+AreaNormalization;pls;"{""n_components"": 1}";15.69;18.554548019534202
Biscuit_Fat_40_RandomSplit;valid;2;SG_21_3_2+AreaNormalization;pls;"{""n_components"": 1}";18.77;18.57958771542014
Biscuit_Fat_40_RandomSplit;valid;2;SG_21_3_2+AreaNormalization;pls;"{""n_components"": 1}";15.01;18.533897337241918
Biscuit_Fat_40_RandomSplit;valid;2;SG_21_3_2+AreaNormalization;pls;"{""n_components"": 1}";18.72;18.622387715678833
Biscuit_Fat_40_RandomSplit;valid;2;SG_21_3_2+AreaNormalization;pls;"{""n_components"": 1}";20.75;18.589159088706822
Biscuit_Fat_40_RandomSplit;valid;2;SG_21_3_2+AreaNormalization;pls;"{""n_components"": 1}";20.07;18.555001495917352
Biscuit_Fat_40_RandomSplit;valid;2;SG_21_3_2+AreaNormalization;pls;"{""n_components"": 1}";15.52;18.528769428177036
Biscuit_Fat_40_RandomSplit;valid;2;SG_21_3_2+AreaNormalization;pls;"{""n_components"": 1}";16.7;18.090423944259964
Biscuit_Fat_40_RandomSplit;valid;2;SG_21_3_2+AreaNormalization;pls;"{""n_components"": 1}";19.23;18.595189794349693
Biscuit_Fat_40_RandomSplit;valid;2;SG_21_3_2+AreaNormalization;pls;"{""n_components"": 1}";17.2;18.425608410443235
Biscuit_Fat_40_RandomSplit;test;2;SG_21_3_2+AreaNormalization;pls;"{""n_components"": 1}";21.42;17.88258093797543
Biscuit_Fat_40_RandomSplit;test;2;SG_21_3_2+AreaNormalization;pls;"{""n_components"": 1}";18.38;18.575107063521564
Biscuit_Fat_40_RandomSplit;test;2;SG_21_3_2+AreaNormalization;pls;"{""n_components"": 1}";19.23;18.576832641210412
Biscuit_Fat_40_RandomSplit;test;2;SG_21_3_2+AreaNormalization;pls;"{""n_components"": 1}";17.12;18.566811370666322
Biscuit_Fat_40_RandomSplit;test;2;SG_21_3_2+AreaNormalization;pls;"{""n_components"": 1}";15.85;18.56485321080071
Biscuit_Fat_40_RandomSplit;test;2;SG_21_3_2+AreaNormalization;pls;"{""n_components"": 1}";16.36;18.43507074631626
Biscuit_Fat_40_RandomSplit;test;2;SG_21_3_2+AreaNormalization;pls;"{""n_components"": 1}";19.65;18.490091571164264
Biscuit_Fat_40_RandomSplit;test;2;SG_21_3_2+AreaNormalization;pls;"{""n_components"": 1}";16.87;18.48935481218579
Biscuit_Fat_40_RandomSplit;test;2;SG_21_3_2+AreaNormalization;pls;"{""n_components"": 1}";16.11;18.49199401510872
Biscuit_Fat_40_RandomSplit;test;2;SG_21_3_2+AreaNormalization;pls;"{""n_components"": 1}";18.89;18.468049242753178
Biscuit_Fat_40_RandomSplit;test;2;SG_21_3_2+AreaNormalization;pls;"{""n_components"": 1}";14.84;18.467222168602735
Biscuit_Fat_40_RandomSplit;test;2;SG_21_3_2+AreaNormalization;pls;"{""n_components"": 1}";20.66;18.49376923355661
Biscuit_Fat_40_RandomSplit;test;2;SG_21_3_2+AreaNormalization;pls;"{""n_components"": 1}";20.41;18.49034410517636
Biscuit_Fat_40_RandomSplit;test;2;SG_21_3_2+AreaNormalization;pls;"{""n_components"": 1}";16.53;18.498033353507115
Biscuit_Fat_40_RandomSplit;test;2;SG_21_3_2+AreaNormalization;pls;"{""n_components"": 1}";17.63;18.483443792686145
Biscuit_Fat_40_RandomSplit;test;2;SG_21_3_2+AreaNormalization;pls;"{""n_components"": 1}";15.35;18.43137587393416
Biscuit_Fat_40_RandomSplit;test;2;SG_21_3_2+AreaNormalization;pls;"{""n_components"": 1}";20.16;21.9637365305447
Biscuit_Fat_40_RandomSplit;test;2;SG_21_3_2+AreaNormalization;pls;"{""n_components"": 1}";19.9;18.320446625799807
Biscuit_Fat_40_RandomSplit;test;2;SG_21_3_2+AreaNormalization;pls;"{""n_components"": 1}";18.13;18.568064289227937
Biscuit_Fat_40_RandomSplit;test;2;SG_21_3_2+AreaNormalization;pls;"{""n_components"": 1}";18.64;18.459923750069372
Biscuit_Fat_40_RandomSplit;test;2;SG_21_3_2+AreaNormalization;pls;"{""n_components"": 1}";20.07;18.454911249358986
Biscuit_Fat_40_RandomSplit;test;2;SG_21_3_2+AreaNormalization;pls;"{""n_components"": 1}";16.61;18.457724591510384
Biscuit_Fat_40_RandomSplit;test;2;SG_21_3_2+AreaNormalization;pls;"{""n_components"": 1}";20.91;18.44150967668352
Biscuit_Fat_40_RandomSplit;test;2;SG_21_3_2+AreaNormalization;pls;"{""n_components"": 1}";17.88;18.246241810111144
Biscuit_Fat_40_RandomSplit;test;2;SG_21_3_2+AreaNormalization;pls;"{""n_components"": 1}";17.2;18.465621509011836
Biscuit_Fat_40_RandomSplit;test;2;SG_21_3_2+AreaNormalization;pls;"{""n_components"": 1}";15.6;18.465581049085145
Biscuit_Fat_40_RandomSplit;test;2;SG_21_3_2+AreaNormalization;pls;"{""n_components"": 1}";19.14;18.489971172236345
Biscuit_Fat_40_RandomSplit;test;2;SG_21_3_2+AreaNormalization;pls;"{""n_components"": 1}";15.1;18.406928162309324
Biscuit_Fat_40_RandomSplit;test;2;SG_21_3_2+AreaNormalization;pls;"{""n_components"": 1}";21.67;18.47072765071906
Biscuit_Fat_40_RandomSplit;test;2;SG_21_3_2+AreaNormalization;pls;"{""n_components"": 1}";21.17;18.443074732814104
Biscuit_Fat_40_RandomSplit;test;2;SG_21_3_2+AreaNormalization;pls;"{""n_components"": 1}";17.37;18.467271792625407
Biscuit_Fat_40_RandomSplit;test;2;SG_21_3_2+AreaNormalization;pls;"{""n_components"": 1}";19.4;18.475537537608385
Biscuit_Fat_40_RandomSplit;valid;0;Gaussian_1_2;pls;"{""n_components"": 13}";15.35;15.83237266628661
Biscuit_Fat_40_RandomSplit;valid;0;Gaussian_1_2;pls;"{""n_components"": 13}";17.88;18.470397294543194
Biscuit_Fat_40_RandomSplit;valid;0;Gaussian_1_2;pls;"{""n_components"": 13}";16.19;18.060020115423026
Biscuit_Fat_40_RandomSplit;valid;0;Gaussian_1_2;pls;"{""n_components"": 13}";15.85;15.81005395669797
Biscuit_Fat_40_RandomSplit;valid;0;Gaussian_1_2;pls;"{""n_components"": 13}";18.05;17.834959409204
Biscuit_Fat_40_RandomSplit;valid;0;Gaussian_1_2;pls;"{""n_components"": 13}";18.89;17.99357293125657
Biscuit_Fat_40_RandomSplit;valid;0;Gaussian_1_2;pls;"{""n_components"": 13}";21.42;21.56896816175479
Biscuit_Fat_40_RandomSplit;valid;0;Gaussian_1_2;pls;"{""n_components"": 13}";20.24;19.73498393765311
Biscuit_Fat_40_RandomSplit;valid;0;Gaussian_1_2;pls;"{""n_components"": 13}";19.56;20.363510318345945
Biscuit_Fat_40_RandomSplit;valid;0;Gaussian_1_2;pls;"{""n_components"": 13}";17.37;17.610507176168905
Biscuit_Fat_40_RandomSplit;valid;0;Gaussian_1_2;pls;"{""n_components"": 13}";20.91;20.920657917159573
Biscuit_Fat_40_RandomSplit;valid;0;Gaussian_1_2;pls;"{""n_components"": 13}";17.71;17.85118785394385
Biscuit_Fat_40_RandomSplit;valid;0;Gaussian_1_2;pls;"{""n_components"": 13}";19.06;19.030328915110353
Biscuit_Fat_40_RandomSplit;valid;0;Gaussian_1_2;pls;"{""n_components"": 13}";16.36;16.309076648847224
Biscuit_Fat_40_RandomSplit;test;0;Gaussian_1_2;pls;"{""n_components"": 13}";21.42;21.58499407870285
Biscuit_Fat_40_RandomSplit;test;0;Gaussian_1_2;pls;"{""n_components"": 13}";18.38;18.77393671034781
Biscuit_Fat_40_RandomSplit;test;0;Gaussian_1_2;pls;"{""n_components"": 13}";19.23;19.414383697764837
Biscuit_Fat_40_RandomSplit;test;0;Gaussian_1_2;pls;"{""n_components"": 13}";17.12;17.991235511695834
Biscuit_Fat_40_RandomSplit;test;0;Gaussian_1_2;pls;"{""n_components"": 13}";15.85;16.369897607390925
Biscuit_Fat_40_RandomSplit;test;0;Gaussian_1_2;pls;"{""n_components"": 13}";16.36;16.78105274641811
Biscuit_Fat_40_RandomSplit;test;0;Gaussian_1_2;pls;"{""n_components"": 13}";19.65;18.98332650407122
Biscuit_Fat_40_RandomSplit;test;0;Gaussian_1_2;pls;"{""n_components"": 13}";16.87;16.23601411219628
Biscuit_Fat_40_RandomSplit;test;0;Gaussian_1_2;pls;"{""n_components"": 13}";16.11;12.81545580583408
Biscuit_Fat_40_RandomSplit;test;0;Gaussian_1_2;pls;"{""n_components"": 13}";18.89;17.626896101675637
Biscuit_Fat_40_RandomSplit;test;0;Gaussian_1_2;pls;"{""n_components"": 13}";14.84;14.0875519013933
Biscuit_Fat_40_RandomSplit;test;0;Gaussian_1_2;pls;"{""n_components"": 13}";20.66;19.556882066287685
Biscuit_Fat_40_RandomSplit;test;0;Gaussian_1_2;pls;"{""n_components"": 13}";20.41;19.756139563427965
Biscuit_Fat_40_RandomSplit;test;0;Gaussian_1_2;pls;"{""n_components"": 13}";16.53;14.78540143490309
Biscuit_Fat_40_RandomSplit;test;0;Gaussian_1_2;pls;"{""n_components"": 13}";17.63;17.28570059381848
Biscuit_Fat_40_RandomSplit;test;0;Gaussian_1_2;pls;"{""n_components"": 13}";15.35;14.504153069371988
Biscuit_Fat_40_RandomSplit;test;0;Gaussian_1_2;pls;"{""n_components"": 13}";20.16;19.89326140743459
Biscuit_Fat_40_RandomSplit;test;0;Gaussian_1_2;pls;"{""n_components"": 13}";19.9;19.88695217877328
Biscuit_Fat_40_RandomSplit;test;0;Gaussian_1_2;pls;"{""n_components"": 13}";18.13;18.383498233587332
Biscuit_Fat_40_RandomSplit;test;0;Gaussian_1_2;pls;"{""n_components"": 13}";18.64;18.52087694391585
Biscuit_Fat_40_RandomSplit;test;0;Gaussian_1_2;pls;"{""n_components"": 13}";20.07;19.80707914244626
Biscuit_Fat_40_RandomSplit;test;0;Gaussian_1_2;pls;"{""n_components"": 13}";16.61;16.224534393503326
Biscuit_Fat_40_RandomSplit;test;0;Gaussian_1_2;pls;"{""n_components"": 13}";20.91;20.653287820488675
Biscuit_Fat_40_RandomSplit;test;0;Gaussian_1_2;pls;"{""n_components"": 13}";17.88;17.1559955771513
Biscuit_Fat_40_RandomSplit;test;0;Gaussian_1_2;pls;"{""n_components"": 13}";17.2;16.261066204727726
Biscuit_Fat_40_RandomSplit;test;0;Gaussian_1_2;pls;"{""n_components"": 13}";15.6;14.982402934736285
Biscuit_Fat_40_RandomSplit;test;0;Gaussian_1_2;pls;"{""n_components"": 13}";19.14;18.306854998842834
Biscuit_Fat_40_RandomSplit;test;0;Gaussian_1_2;pls;"{""n_components"": 13}";15.1;15.061228987305308
Biscuit_Fat_40_RandomSplit;test;0;Gaussian_1_2;pls;"{""n_components"": 13}";21.67;20.53061388208647
Biscuit_Fat_40_RandomSplit;test;0;Gaussian_1_2;pls;"{""n_components"": 13}";21.17;20.96951695306892
Biscuit_Fat_40_RandomSplit;test;0;Gaussian_1_2;pls;"{""n_components"": 13}";17.37;16.470633072961622
Biscuit_Fat_40_RandomSplit;test;0;Gaussian_1_2;pls;"{""n_components"": 13}";19.4;19.085659877946878
Biscuit_Fat_40_RandomSplit;valid;1;Gaussian_1_2;pls;"{""n_components"": 13}";18.37;18.75759096315373
Biscuit_Fat_40_RandomSplit;valid;1;Gaussian_1_2;pls;"{""n_components"": 13}";21.59;20.45771619305267
Biscuit_Fat_40_RandomSplit;valid;1;Gaussian_1_2;pls;"{""n_components"": 13}";21.25;21.033524842077664
Biscuit_Fat_40_RandomSplit;valid;1;Gaussian_1_2;pls;"{""n_components"": 13}";20.58;20.18697752120909
Biscuit_Fat_40_RandomSplit;valid;1;Gaussian_1_2;pls;"{""n_components"": 13}";19.4;19.676746639990174
Biscuit_Fat_40_RandomSplit;valid;1;Gaussian_1_2;pls;"{""n_components"": 13}";16.02;14.856240594627714
Biscuit_Fat_40_RandomSplit;valid;1;Gaussian_1_2;pls;"{""n_components"": 13}";19.73;19.61772065947528
Biscuit_Fat_40_RandomSplit;valid;1;Gaussian_1_2;pls;"{""n_components"": 13}";15.18;15.649327254893025
Biscuit_Fat_40_RandomSplit;valid;1;Gaussian_1_2;pls;"{""n_components"": 13}";19.9;19.154361573839086
Biscuit_Fat_40_RandomSplit;valid;1;Gaussian_1_2;pls;"{""n_components"": 13}";17.03;16.450154751874912
Biscuit_Fat_40_RandomSplit;valid;1;Gaussian_1_2;pls;"{""n_components"": 13}";17.54;17.721653700801777
Biscuit_Fat_40_RandomSplit;valid;1;Gaussian_1_2;pls;"{""n_components"": 13}";20.41;20.29492937041385
Biscuit_Fat_40_RandomSplit;valid;1;Gaussian_1_2;pls;"{""n_components"": 13}";18.38;18.233348914780006
Biscuit_Fat_40_RandomSplit;test;1;Gaussian_1_2;pls;"{""n_components"": 13}";21.42;21.35733535753714
Biscuit_Fat_40_RandomSplit;test;1;Gaussian_1_2;pls;"{""n_components"": 13}";18.38;18.477605372884987
Biscuit_Fat_40_RandomSplit;test;1;Gaussian_1_2;pls;"{""n_components"": 13}";19.23;19.085912361832897
Biscuit_Fat_40_RandomSplit;test;1;Gaussian_1_2;pls;"{""n_components"": 13}";17.12;17.533240024370006
Biscuit_Fat_40_RandomSplit;test;1;Gaussian_1_2;pls;"{""n_components"": 13}";15.85;15.722204859384483
Biscuit_Fat_40_RandomSplit;test;1;Gaussian_1_2;pls;"{""n_components"": 13}";16.36;16.6929665735106
Biscuit_Fat_40_RandomSplit;test;1;Gaussian_1_2;pls;"{""n_components"": 13}";19.65;20.361266134722978
Biscuit_Fat_40_RandomSplit;test;1;Gaussian_1_2;pls;"{""n_components"": 13}";16.87;18.375715734723272
Biscuit_Fat_40_RandomSplit;test;1;Gaussian_1_2;pls;"{""n_components"": 13}";16.11;19.279519091974407
Biscuit_Fat_40_RandomSplit;test;1;Gaussian_1_2;pls;"{""n_components"": 13}";18.89;20.780622718929227
Biscuit_Fat_40_RandomSplit;test;1;Gaussian_1_2;pls;"{""n_components"": 13}";14.84;15.306935210100363
Biscuit_Fat_40_RandomSplit;test;1;Gaussian_1_2;pls;"{""n_components"": 13}";20.66;21.644827254057265
Biscuit_Fat_40_RandomSplit;test;1;Gaussian_1_2;pls;"{""n_components"": 13}";20.41;21.232426673380456
Biscuit_Fat_40_RandomSplit;test;1;Gaussian_1_2;pls;"{""n_components"": 13}";16.53;16.889511699279392
Biscuit_Fat_40_RandomSplit;test;1;Gaussian_1_2;pls;"{""n_components"": 13}";17.63;18.160226747056438
Biscuit_Fat_40_RandomSplit;test;1;Gaussian_1_2;pls;"{""n_components"": 13}";15.35;16.043710704232844
Biscuit_Fat_40_RandomSplit;test;1;Gaussian_1_2;pls;"{""n_components"": 13}";20.16;22.203695194167594
Biscuit_Fat_40_RandomSplit;test;1;Gaussian_1_2;pls;"{""n_components"": 13}";19.9;20.816555216833972
Biscuit_Fat_40_RandomSplit;test;1;Gaussian_1_2;pls;"{""n_components"": 13}";18.13;19.03355174687979
Biscuit_Fat_40_RandomSplit;test;1;Gaussian_1_2;pls;"{""n_components"": 13}";18.64;19.478928718117864
Biscuit_Fat_40_RandomSplit;test;1;Gaussian_1_2;pls;"{""n_components"": 13}";20.07;20.062042737465497
Biscuit_Fat_40_RandomSplit;test;1;Gaussian_1_2;pls;"{""n_components"": 13}";16.61;17.1153791195721
Biscuit_Fat_40_RandomSplit;test;1;Gaussian_1_2;pls;"{""n_components"": 13}";20.91;21.9069263844078
Biscuit_Fat_40_RandomSplit;test;1;Gaussian_1_2;pls;"{""n_components"": 13}";17.88;19.382661598931016
Biscuit_Fat_40_RandomSplit;test;1;Gaussian_1_2;pls;"{""n_components"": 13}";17.2;17.950269123334778
Biscuit_Fat_40_RandomSplit;test;1;Gaussian_1_2;pls;"{""n_components"": 13}";15.6;16.79489679782837
Biscuit_Fat_40_RandomSplit;test;1;Gaussian_1_2;pls;"{""n_components"": 13}";19.14;19.51601912756756
Biscuit_Fat_40_RandomSplit;test;1;Gaussian_1_2;pls;"{""n_components"": 13}";15.1;16.119433595026404
Biscuit_Fat_40_RandomSplit;test;1;Gaussian_1_2;pls;"{""n_components"": 13}";21.67;22.439206007773596
Biscuit_Fat_40_RandomSplit;test;1;Gaussian_1_2;pls;"{""n_components"": 13}";21.17;22.08808665169296
Biscuit_Fat_40_RandomSplit;test;1;Gaussian_1_2;pls;"{""n_components"": 13}";17.37;18.67888329840296
Biscuit_Fat_40_RandomSplit;test;1;Gaussian_1_2;pls;"{""n_components"": 13}";19.4;18.88248630277206
Biscuit_Fat_40_RandomSplit;valid;2;Gaussian_1_2;pls;"{""n_components"": 13}";21.08;20.53990296069853
Biscuit_Fat_40_RandomSplit;valid;2;Gaussian_1_2;pls;"{""n_components"": 13}";18.55;18.446575205523175
Biscuit_Fat_40_RandomSplit;valid;2;Gaussian_1_2;pls;"{""n_components"": 13}";16.53;16.232329347101874
Biscuit_Fat_40_RandomSplit;valid;2;Gaussian_1_2;pls;"{""n_components"": 13}";15.69;15.469694911379234
Biscuit_Fat_40_RandomSplit;valid;2;Gaussian_1_2;pls;"{""n_components"": 13}";18.77;17.93401600020152
Biscuit_Fat_40_RandomSplit;valid;2;Gaussian_1_2;pls;"{""n_components"": 13}";15.01;14.809829058329193
Biscuit_Fat_40_RandomSplit;valid;2;Gaussian_1_2;pls;"{""n_components"": 13}";18.72;19.4814832281806
Biscuit_Fat_40_RandomSplit;valid;2;Gaussian_1_2;pls;"{""n_components"": 13}";20.75;20.399614534958094
Biscuit_Fat_40_RandomSplit;valid;2;Gaussian_1_2;pls;"{""n_components"": 13}";20.07;19.720745739785283
Biscuit_Fat_40_RandomSplit;valid;2;Gaussian_1_2;pls;"{""n_components"": 13}";15.52;16.214540231738752
Biscuit_Fat_40_RandomSplit;valid;2;Gaussian_1_2;pls;"{""n_components"": 13}";16.7;16.725228026990408
Biscuit_Fat_40_RandomSplit;valid;2;Gaussian_1_2;pls;"{""n_components"": 13}";19.23;19.501937298683625
Biscuit_Fat_40_RandomSplit;valid;2;Gaussian_1_2;pls;"{""n_components"": 13}";17.2;17.4246309404479
Biscuit_Fat_40_RandomSplit;test;2;Gaussian_1_2;pls;"{""n_components"": 13}";21.42;21.192089092258488
Biscuit_Fat_40_RandomSplit;test;2;Gaussian_1_2;pls;"{""n_components"": 13}";18.38;18.467143048570154
Biscuit_Fat_40_RandomSplit;test;2;Gaussian_1_2;pls;"{""n_components"": 13}";19.23;19.568034266687555
Biscuit_Fat_40_RandomSplit;test;2;Gaussian_1_2;pls;"{""n_components"": 13}";17.12;17.96978190189357
Biscuit_Fat_40_RandomSplit;test;2;Gaussian_1_2;pls;"{""n_components"": 13}";15.85;16.126324986895924
Biscuit_Fat_40_RandomSplit;test;2;Gaussian_1_2;pls;"{""n_components"": 13}";16.36;16.793007886807768
Biscuit_Fat_40_RandomSplit;test;2;Gaussian_1_2;pls;"{""n_components"": 13}";19.65;19.626484430531494
Biscuit_Fat_40_RandomSplit;test;2;Gaussian_1_2;pls;"{""n_components"": 13}";16.87;16.50188454099001
Biscuit_Fat_40_RandomSplit;test;2;Gaussian_1_2;pls;"{""n_components"": 13}";16.11;17.618613425333116
Biscuit_Fat_40_RandomSplit;test;2;Gaussian_1_2;pls;"{""n_components"": 13}";18.89;20.278530808048984
Biscuit_Fat_40_RandomSplit;test;2;Gaussian_1_2;pls;"{""n_components"": 13}";14.84;14.773104159343518
Biscuit_Fat_40_RandomSplit;test;2;Gaussian_1_2;pls;"{""n_components"": 13}";20.66;20.95897620893694
Biscuit_Fat_40_RandomSplit;test;2;Gaussian_1_2;pls;"{""n_components"": 13}";20.41;19.442881220412474
Biscuit_Fat_40_RandomSplit;test;2;Gaussian_1_2;pls;"{""n_components"": 13}";16.53;16.22276856629905
Biscuit_Fat_40_RandomSplit;test;2;Gaussian_1_2;pls;"{""n_components"": 13}";17.63;18.103997936243047
Biscuit_Fat_40_RandomSplit;test;2;Gaussian_1_2;pls;"{""n_components"": 13}";15.35;15.689023444260407
Biscuit_Fat_40_RandomSplit;test;2;Gaussian_1_2;pls;"{""n_components"": 13}";20.16;20.358466024670072
Biscuit_Fat_40_RandomSplit;test;2;Gaussian_1_2;pls;"{""n_components"": 13}";19.9;20.401855315014775
Biscuit_Fat_40_RandomSplit;test;2;Gaussian_1_2;pls;"{""n_components"": 13}";18.13;19.24690223512509
Biscuit_Fat_40_RandomSplit;test;2;Gaussian_1_2;pls;"{""n_components"": 13}";18.64;18.443932588807638
Biscuit_Fat_40_RandomSplit;test;2;Gaussian_1_2;pls;"{""n_components"": 13}";20.07;20.60388873403404
Biscuit_Fat_40_RandomSplit;test;2;Gaussian_1_2;pls;"{""n_components"": 13}";16.61;17.750763553021464
Biscuit_Fat_40_RandomSplit;test;2;Gaussian_1_2;pls;"{""n_components"": 13}";20.91;21.236136617757026
Biscuit_Fat_40_RandomSplit;test;2;Gaussian_1_2;pls;"{""n_components"": 13}";17.88;18.287409517147506
Biscuit_Fat_40_RandomSplit;test;2;Gaussian_1_2;pls;"{""n_components"": 13}";17.2;17.78097820253451
Biscuit_Fat_40_RandomSplit;test;2;Gaussian_1_2;pls;"{""n_components"": 13}";15.6;16.18460530842821
Biscuit_Fat_40_RandomSplit;test;2;Gaussian_1_2;pls;"{""n_components"": 13}";19.14;19.516950952814444
Biscuit_Fat_40_RandomSplit;test;2;Gaussian_1_2;pls;"{""n_components"": 13}";15.1;15.571150375961142
Biscuit_Fat_40_RandomSplit;test;2;Gaussian_1_2;pls;"{""n_components"": 13}";21.67;21.258208215615966
Biscuit_Fat_40_RandomSplit;test;2;Gaussian_1_2;pls;"{""n_components"": 13}";21.17;21.348224314962295
Biscuit_Fat_40_RandomSplit;test;2;Gaussian_1_2;pls;"{""n_components"": 13}";17.37;17.45904413145796
Biscuit_Fat_40_RandomSplit;test;2;Gaussian_1_2;pls;"{""n_components"": 13}";19.4;20.21205844708947
Biscuit_Fat_40_RandomSplit;valid;0;Gaussian_1_2+Haar;pls;"{""n_components"": 24}";15.35;15.959530600630645
Biscuit_Fat_40_RandomSplit;valid;0;Gaussian_1_2+Haar;pls;"{""n_components"": 24}";17.88;18.989102550303635
Biscuit_Fat_40_RandomSplit;valid;0;Gaussian_1_2+Haar;pls;"{""n_components"": 24}";16.19;17.85570912253123
Biscuit_Fat_40_RandomSplit;valid;0;Gaussian_1_2+Haar;pls;"{""n_components"": 24}";15.85;15.535392520285683
Biscuit_Fat_40_RandomSplit;valid;0;Gaussian_1_2+Haar;pls;"{""n_components"": 24}";18.05;18.12914875591932
Biscuit_Fat_40_RandomSplit;valid;0;Gaussian_1_2+Haar;pls;"{""n_components"": 24}";18.89;17.699499147914562
Biscuit_Fat_40_RandomSplit;valid;0;Gaussian_1_2+Haar;pls;"{""n_components"": 24}";21.42;21.129484675670287
Biscuit_Fat_40_RandomSplit;valid;0;Gaussian_1_2+Haar;pls;"{""n_components"": 24}";20.24;20.232618873463487
Biscuit_Fat_40_RandomSplit;valid;0;Gaussian_1_2+Haar;pls;"{""n_components"": 24}";19.56;20.439979706097894
Biscuit_Fat_40_RandomSplit;valid;0;Gaussian_1_2+Haar;pls;"{""n_components"": 24}";17.37;17.499871931209274
Biscuit_Fat_40_RandomSplit;valid;0;Gaussian_1_2+Haar;pls;"{""n_components"": 24}";20.91;20.88715387732161
Biscuit_Fat_40_RandomSplit;valid;0;Gaussian_1_2+Haar;pls;"{""n_components"": 24}";17.71;17.910377879034126
Biscuit_Fat_40_RandomSplit;valid;0;Gaussian_1_2+Haar;pls;"{""n_components"": 24}";19.06;19.0545245474739
Biscuit_Fat_40_RandomSplit;valid;0;Gaussian_1_2+Haar;pls;"{""n_components"": 24}";16.36;16.533177507047686
Biscuit_Fat_40_RandomSplit;test;0;Gaussian_1_2+Haar;pls;"{""n_components"": 24}";21.42;21.024904753473017
Biscuit_Fat_40_RandomSplit;test;0;Gaussian_1_2+Haar;pls;"{""n_components"": 24}";18.38;19.023289292199983
Biscuit_Fat_40_RandomSplit;test;0;Gaussian_1_2+Haar;pls;"{""n_components"": 24}";19.23;19.109711261808663
Biscuit_Fat_40_RandomSplit;test;0;Gaussian_1_2+Haar;pls;"{""n_components"": 24}";17.12;18.26782643344902
Biscuit_Fat_40_RandomSplit;test;0;Gaussian_1_2+Haar;pls;"{""n_components"": 24}";15.85;17.042714593016097
Biscuit_Fat_40_RandomSplit;test;0;Gaussian_1_2+Haar;pls;"{""n_components"": 24}";16.36;17.089844449965177
Biscuit_Fat_40_RandomSplit;test;0;Gaussian_1_2+Haar;pls;"{""n_components"": 24}";19.65;19.80618742090404
Biscuit_Fat_40_RandomSplit;test;0;Gaussian_1_2+Haar;pls;"{""n_components"": 24}";16.87;15.928809975960895
Biscuit_Fat_40_RandomSplit;test;0;Gaussian_1_2+Haar;pls;"{""n_components"": 24}";16.11;12.568713904379738
Biscuit_Fat_40_RandomSplit;test;0;Gaussian_1_2+Haar;pls;"{""n_components"": 24}";18.89;18.5635216316701
Biscuit_Fat_40_RandomSplit;test;0;Gaussian_1_2+Haar;pls;"{""n_components"": 24}";14.84;14.77370385672541
Biscuit_Fat_40_RandomSplit;test;0;Gaussian_1_2+Haar;pls;"{""n_components"": 24}";20.66;19.89128464984891
Biscuit_Fat_40_RandomSplit;test;0;Gaussian_1_2+Haar;pls;"{""n_components"": 24}";20.41;19.766044178457395
Biscuit_Fat_40_RandomSplit;test;0;Gaussian_1_2+Haar;pls;"{""n_components"": 24}";16.53;16.02645065417395
Biscuit_Fat_40_RandomSplit;test;0;Gaussian_1_2+Haar;pls;"{""n_components"": 24}";17.63;18.535557106954183
Biscuit_Fat_40_RandomSplit;test;0;Gaussian_1_2+Haar;pls;"{""n_components"": 24}";15.35;15.908844708925788
Biscuit_Fat_40_RandomSplit;test;0;Gaussian_1_2+Haar;pls;"{""n_components"": 24}";20.16;20.34945234806308
Biscuit_Fat_40_RandomSplit;test;0;Gaussian_1_2+Haar;pls;"{""n_components"": 24}";19.9;20.461358767549488
Biscuit_Fat_40_RandomSplit;test;0;Gaussian_1_2+Haar;pls;"{""n_components"": 24}";18.13;18.97130987055654
Biscuit_Fat_40_RandomSplit;test;0;Gaussian_1_2+Haar;pls;"{""n_components"": 24}";18.64;19.21603350449136
Biscuit_Fat_40_RandomSplit;test;0;Gaussian_1_2+Haar;pls;"{""n_components"": 24}";20.07;20.705378569403692
Biscuit_Fat_40_RandomSplit;test;0;Gaussian_1_2+Haar;pls;"{""n_components"": 24}";16.61;16.737829910102498
Biscuit_Fat_40_RandomSplit;test;0;Gaussian_1_2+Haar;pls;"{""n_components"": 24}";20.91;20.14476899884881
Biscuit_Fat_40_RandomSplit;test;0;Gaussian_1_2+Haar;pls;"{""n_components"": 24}";17.88;17.781572633398124
Biscuit_Fat_40_RandomSplit;test;0;Gaussian_1_2+Haar;pls;"{""n_components"": 24}";17.2;17.016245135871223
Biscuit_Fat_40_RandomSplit;test;0;Gaussian_1_2+Haar;pls;"{""n_components"": 24}";15.6;15.667658572957269
Biscuit_Fat_40_RandomSplit;test;0;Gaussian_1_2+Haar;pls;"{""n_components"": 24}";19.14;19.22697941827165
Biscuit_Fat_40_RandomSplit;test;0;Gaussian_1_2+Haar;pls;"{""n_components"": 24}";15.1;15.189811981937035
Biscuit_Fat_40_RandomSplit;test;0;Gaussian_1_2+Haar;pls;"{""n_components"": 24}";21.67;20.144194728018523
Biscuit_Fat_40_RandomSplit;test;0;Gaussian_1_2+Haar;pls;"{""n_components"": 24}";21.17;21.133070277263982
Biscuit_Fat_40_RandomSplit;test;0;Gaussian_1_2+Haar;pls;"{""n_components"": 24}";17.37;16.72086761688352
Biscuit_Fat_40_RandomSplit;test;0;Gaussian_1_2+Haar;pls;"{""n_components"": 24}";19.4;19.31080571578672
Biscuit_Fat_40_RandomSplit;valid;1;Gaussian_1_2+Haar;pls;"{""n_components"": 24}";18.37;18.892953885369987
Biscuit_Fat_40_RandomSplit;valid;1;Gaussian_1_2+Haar;pls;"{""n_components"": 24}";21.59;20.77387100317576
Biscuit_Fat_40_RandomSplit;valid;1;Gaussian_1_2+Haar;pls;"{""n_components"": 24}";21.25;21.148567656702863
Biscuit_Fat_40_RandomSplit;valid;1;Gaussian_1_2+Haar;pls;"{""n_components"": 24}";20.58;20.82669824406374
Biscuit_Fat_40_RandomSplit;valid;1;Gaussian_1_2+Haar;pls;"{""n_components"": 24}";19.4;19.305092725775264
Biscuit_Fat_40_RandomSplit;valid;1;Gaussian_1_2+Haar;pls;"{""n_components"": 24}";16.02;15.306931584595928
Biscuit_Fat_40_RandomSplit;valid;1;Gaussian_1_2+Haar;pls;"{""n_components"": 24}";19.73;19.69515327757182
Biscuit_Fat_40_RandomSplit;valid;1;Gaussian_1_2+Haar;pls;"{""n_components"": 24}";15.18;16.06280635482263
Biscuit_Fat_40_RandomSplit;valid;1;Gaussian_1_2+Haar;pls;"{""n_components"": 24}";19.9;18.241290072474936
Biscuit_Fat_40_RandomSplit;valid;1;Gaussian_1_2+Haar;pls;"{""n_components"": 24}";17.03;16.709366547403583
Biscuit_Fat_40_RandomSplit;valid;1;Gaussian_1_2+Haar;pls;"{""n_components"": 24}";17.54;17.49303356361826
Biscuit_Fat_40_RandomSplit;valid;1;Gaussian_1_2+Haar;pls;"{""n_components"": 24}";20.41;20.093557109604493
Biscuit_Fat_40_RandomSplit;valid;1;Gaussian_1_2+Haar;pls;"{""n_components"": 24}";18.38;17.836757999657966
Biscuit_Fat_40_RandomSplit;test;1;Gaussian_1_2+Haar;pls;"{""n_components"": 24}";21.42;21.440176581096026
Biscuit_Fat_40_RandomSplit;test;1;Gaussian_1_2+Haar;pls;"{""n_components"": 24}";18.38;18.558848691908384
Biscuit_Fat_40_RandomSplit;test;1;Gaussian_1_2+Haar;pls;"{""n_components"": 24}";19.23;19.09497159159076
Biscuit_Fat_40_RandomSplit;test;1;Gaussian_1_2+Haar;pls;"{""n_components"": 24}";17.12;17.935883777030977
Biscuit_Fat_40_RandomSplit;test;1;Gaussian_1_2+Haar;pls;"{""n_components"": 24}";15.85;16.462282512796513
Biscuit_Fat_40_RandomSplit;test;1;Gaussian_1_2+Haar;pls;"{""n_components"": 24}";16.36;17.03403998912257
Biscuit_Fat_40_RandomSplit;test;1;Gaussian_1_2+Haar;pls;"{""n_components"": 24}";19.65;20.404510489767603
Biscuit_Fat_40_RandomSplit;test;1;Gaussian_1_2+Haar;pls;"{""n_components"": 24}";16.87;17.51102486867594
Biscuit_Fat_40_RandomSplit;test;1;Gaussian_1_2+Haar;pls;"{""n_components"": 24}";16.11;16.69665386481889
Biscuit_Fat_40_RandomSplit;test;1;Gaussian_1_2+Haar;pls;"{""n_components"": 24}";18.89;21.223193936600367
Biscuit_Fat_40_RandomSplit;test;1;Gaussian_1_2+Haar;pls;"{""n_components"": 24}";14.84;15.653622301345294
Biscuit_Fat_40_RandomSplit;test;1;Gaussian_1_2+Haar;pls;"{""n_components"": 24}";20.66;21.716711332104286
Biscuit_Fat_40_RandomSplit;test;1;Gaussian_1_2+Haar;pls;"{""n_components"": 24}";20.41;20.675151993879098
Biscuit_Fat_40_RandomSplit;test;1;Gaussian_1_2+Haar;pls;"{""n_components"": 24}";16.53;17.621793840349515
Biscuit_Fat_40_RandomSplit;test;1;Gaussian_1_2+Haar;pls;"{""n_components"": 24}";17.63;18.83202468834872
Biscuit_Fat_40_RandomSplit;test;1;Gaussian_1_2+Haar;pls;"{""n_components"": 24}";15.35;16.57845541709925
Biscuit_Fat_40_RandomSplit;test;1;Gaussian_1_2+Haar;pls;"{""n_components"": 24}";20.16;21.381063212926836
Biscuit_Fat_40_RandomSplit;test;1;Gaussian_1_2+Haar;pls;"{""n_components"": 24}";19.9;20.889372292770556
Biscuit_Fat_40_RandomSplit;test;1;Gaussian_1_2+Haar;pls;"{""n_components"": 24}";18.13;19.68837869349389
Biscuit_Fat_40_RandomSplit;test;1;Gaussian_1_2+Haar;pls;"{""n_components"": 24}";18.64;19.586797017129832
Biscuit_Fat_40_RandomSplit;test;1;Gaussian_1_2+Haar;pls;"{""n_components"": 24}";20.07;21.001511617388793
Biscuit_Fat_40_RandomSplit;test;1;Gaussian_1_2+Haar;pls;"{""n_components"": 24}";16.61;17.53217770653366
Biscuit_Fat_40_RandomSplit;test;1;Gaussian_1_2+Haar;pls;"{""n_components"": 24}";20.91;21.039208637405892
Biscuit_Fat_40_RandomSplit;test;1;Gaussian_1_2+Haar;pls;"{""n_components"": 24}";17.88;19.15594258463968
Biscuit_Fat_40_RandomSplit;test;1;Gaussian_1_2+Haar;pls;"{""n_components"": 24}";17.2;18.353032361041485
Biscuit_Fat_40_RandomSplit;test;1;Gaussian_1_2+Haar;pls;"{""n_components"": 24}";15.6;16.48345927048021
Biscuit_Fat_40_RandomSplit;test;1;Gaussian_1_2+Haar;pls;"{""n_components"": 24}";19.14;19.918689282034247
Biscuit_Fat_40_RandomSplit;test;1;Gaussian_1_2+Haar;pls;"{""n_components"": 24}";15.1;15.892131654702009
Biscuit_Fat_40_RandomSplit;test;1;Gaussian_1_2+Haar;pls;"{""n_components"": 24}";21.67;21.95729444881013
Biscuit_Fat_40_RandomSplit;test;1;Gaussian_1_2+Haar;pls;"{""n_components"": 24}";21.17;22.27556657745273
Biscuit_Fat_40_RandomSplit;test;1;Gaussian_1_2+Haar;pls;"{""n_components"": 24}";17.37;18.492017789638908
Biscuit_Fat_40_RandomSplit;test;1;Gaussian_1_2+Haar;pls;"{""n_components"": 24}";19.4;19.713075260694318
Biscuit_Fat_40_RandomSplit;valid;2;Gaussian_1_2+Haar;pls;"{""n_components"": 24}";21.08;20.5295898966168
Biscuit_Fat_40_RandomSplit;valid;2;Gaussian_1_2+Haar;pls;"{""n_components"": 24}";18.55;18.601730996844353
Biscuit_Fat_40_RandomSplit;valid;2;Gaussian_1_2+Haar;pls;"{""n_components"": 24}";16.53;16.114191534066524
Biscuit_Fat_40_RandomSplit;valid;2;Gaussian_1_2+Haar;pls;"{""n_components"": 24}";15.69;15.99473919089761
Biscuit_Fat_40_RandomSplit;valid;2;Gaussian_1_2+Haar;pls;"{""n_components"": 24}";18.77;18.603767771707815
Biscuit_Fat_40_RandomSplit;valid;2;Gaussian_1_2+Haar;pls;"{""n_components"": 24}";15.01;15.52420150920701
Biscuit_Fat_40_RandomSplit;valid;2;Gaussian_1_2+Haar;pls;"{""n_components"": 24}";18.72;19.52913515488698
Biscuit_Fat_40_RandomSplit;valid;2;Gaussian_1_2+Haar;pls;"{""n_components"": 24}";20.75;20.241116796082917
Biscuit_Fat_40_RandomSplit;valid;2;Gaussian_1_2+Haar;pls;"{""n_components"": 24}";20.07;19.991441141275303
Biscuit_Fat_40_RandomSplit;valid;2;Gaussian_1_2+Haar;pls;"{""n_components"": 24}";15.52;15.897094704695274
Biscuit_Fat_40_RandomSplit;valid;2;Gaussian_1_2+Haar;pls;"{""n_components"": 24}";16.7;16.997403552423204
Biscuit_Fat_40_RandomSplit;valid;2;Gaussian_1_2+Haar;pls;"{""n_components"": 24}";19.23;19.812179960161583
Biscuit_Fat_40_RandomSplit;valid;2;Gaussian_1_2+Haar;pls;"{""n_components"": 24}";17.2;17.827237952933977
Biscuit_Fat_40_RandomSplit;test;2;Gaussian_1_2+Haar;pls;"{""n_components"": 24}";21.42;21.70938322868798
Biscuit_Fat_40_RandomSplit;test;2;Gaussian_1_2+Haar;pls;"{""n_components"": 24}";18.38;18.925338482240534
Biscuit_Fat_40_RandomSplit;test;2;Gaussian_1_2+Haar;pls;"{""n_components"": 24}";19.23;19.620169144533453
Biscuit_Fat_40_RandomSplit;test;2;Gaussian_1_2+Haar;pls;"{""n_components"": 24}";17.12;18.33614925328041
Biscuit_Fat_40_RandomSplit;test;2;Gaussian_1_2+Haar;pls;"{""n_components"": 24}";15.85;16.675870592997537
Biscuit_Fat_40_RandomSplit;test;2;Gaussian_1_2+Haar;pls;"{""n_components"": 24}";16.36;17.563546428049666
Biscuit_Fat_40_RandomSplit;test;2;Gaussian_1_2+Haar;pls;"{""n_components"": 24}";19.65;20.09818000682788
Biscuit_Fat_40_RandomSplit;test;2;Gaussian_1_2+Haar;pls;"{""n_components"": 24}";16.87;16.685277226733763
Biscuit_Fat_40_RandomSplit;test;2;Gaussian_1_2+Haar;pls;"{""n_components"": 24}";16.11;16.07872760304673
Biscuit_Fat_40_RandomSplit;test;2;Gaussian_1_2+Haar;pls;"{""n_components"": 24}";18.89;20.47534404964708
Biscuit_Fat_40_RandomSplit;test;2;Gaussian_1_2+Haar;pls;"{""n_components"": 24}";14.84;15.722783819307196
Biscuit_Fat_40_RandomSplit;test;2;Gaussian_1_2+Haar;pls;"{""n_components"": 24}";20.66;20.82643499165002
Biscuit_Fat_40_RandomSplit;test;2;Gaussian_1_2+Haar;pls;"{""n_components"": 24}";20.41;19.883733095703548
Biscuit_Fat_40_RandomSplit;test;2;Gaussian_1_2+Haar;pls;"{""n_components"": 24}";16.53;17.005745526668793
Biscuit_Fat_40_RandomSplit;test;2;Gaussian_1_2+Haar;pls;"{""n_components"": 24}";17.63;18.59926095926329
Biscuit_Fat_40_RandomSplit;test;2;Gaussian_1_2+Haar;pls;"{""n_components"": 24}";15.35;15.822229800568604
Biscuit_Fat_40_RandomSplit;test;2;Gaussian_1_2+Haar;pls;"{""n_components"": 24}";20.16;20.072719674025294
Biscuit_Fat_40_RandomSplit;test;2;Gaussian_1_2+Haar;pls;"{""n_components"": 24}";19.9;20.97183676102445
Biscuit_Fat_40_RandomSplit;test;2;Gaussian_1_2+Haar;pls;"{""n_components"": 24}";18.13;19.454212201458816
Biscuit_Fat_40_RandomSplit;test;2;Gaussian_1_2+Haar;pls;"{""n_components"": 24}";18.64;19.035947976948687
Biscuit_Fat_40_RandomSplit;test;2;Gaussian_1_2+Haar;pls;"{""n_components"": 24}";20.07;21.231114799988788
Biscuit_Fat_40_RandomSplit;test;2;Gaussian_1_2+Haar;pls;"{""n_components"": 24}";16.61;17.603959164905586
Biscuit_Fat_40_RandomSplit;test;2;Gaussian_1_2+Haar;pls;"{""n_components"": 24}";20.91;21.22332666405379
Biscuit_Fat_40_RandomSplit;test;2;Gaussian_1_2+Haar;pls;"{""n_components"": 24}";17.88;18.611755512420714
Biscuit_Fat_40_RandomSplit;test;2;Gaussian_1_2+Haar;pls;"{""n_components"": 24}";17.2;18.233510171236333
Biscuit_Fat_40_RandomSplit;test;2;Gaussian_1_2+Haar;pls;"{""n_components"": 24}";15.6;16.556410217810622
Biscuit_Fat_40_RandomSplit;test;2;Gaussian_1_2+Haar;pls;"{""n_components"": 24}";19.14;19.803099001886793
Biscuit_Fat_40_RandomSplit;test;2;Gaussian_1_2+Haar;pls;"{""n_components"": 24}";15.1;16.009619445946576
Biscuit_Fat_40_RandomSplit;test;2;Gaussian_1_2+Haar;pls;"{""n_components"": 24}";21.67;21.357857713757358
Biscuit_Fat_40_RandomSplit;test;2;Gaussian_1_2+Haar;pls;"{""n_components"": 24}";21.17;22.014225487217132
Biscuit_Fat_40_RandomSplit;test;2;Gaussian_1_2+Haar;pls;"{""n_components"": 24}";17.37;17.566721144808152
Biscuit_Fat_40_RandomSplit;test;2;Gaussian_1_2+Haar;pls;"{""n_components"": 24}";19.4;20.26401419673562
Biscuit_Fat_40_RandomSplit;valid;0;Gaussian_1_2+AreaNormalization;pls;"{""n_components"": 8}";15.35;15.625791905564439
Biscuit_Fat_40_RandomSplit;valid;0;Gaussian_1_2+AreaNormalization;pls;"{""n_components"": 8}";17.88;18.729553645297933
Biscuit_Fat_40_RandomSplit;valid;0;Gaussian_1_2+AreaNormalization;pls;"{""n_components"": 8}";16.19;17.850259617307998
Biscuit_Fat_40_RandomSplit;valid;0;Gaussian_1_2+AreaNormalization;pls;"{""n_components"": 8}";15.85;16.256010490782295
Biscuit_Fat_40_RandomSplit;valid;0;Gaussian_1_2+AreaNormalization;pls;"{""n_components"": 8}";18.05;18.03257095670738
Biscuit_Fat_40_RandomSplit;valid;0;Gaussian_1_2+AreaNormalization;pls;"{""n_components"": 8}";18.89;18.221721449481613
Biscuit_Fat_40_RandomSplit;valid;0;Gaussian_1_2+AreaNormalization;pls;"{""n_components"": 8}";21.42;21.591051503039758
Biscuit_Fat_40_RandomSplit;valid;0;Gaussian_1_2+AreaNormalization;pls;"{""n_components"": 8}";20.24;19.687436091799313
Biscuit_Fat_40_RandomSplit;valid;0;Gaussian_1_2+AreaNormalization;pls;"{""n_components"": 8}";19.56;19.97225862673781
Biscuit_Fat_40_RandomSplit;valid;0;Gaussian_1_2+AreaNormalization;pls;"{""n_components"": 8}";17.37;17.26665120079867
Biscuit_Fat_40_RandomSplit;valid;0;Gaussian_1_2+AreaNormalization;pls;"{""n_components"": 8}";20.91;21.01713717137067
Biscuit_Fat_40_RandomSplit;valid;0;Gaussian_1_2+AreaNormalization;pls;"{""n_components"": 8}";17.71;17.93612039613482
Biscuit_Fat_40_RandomSplit;valid;0;Gaussian_1_2+AreaNormalization;pls;"{""n_components"": 8}";19.06;19.032111269732116
Biscuit_Fat_40_RandomSplit;valid;0;Gaussian_1_2+AreaNormalization;pls;"{""n_components"": 8}";16.36;16.373501912668818
Biscuit_Fat_40_RandomSplit;test;0;Gaussian_1_2+AreaNormalization;pls;"{""n_components"": 8}";21.42;21.167067282329732
Biscuit_Fat_40_RandomSplit;test;0;Gaussian_1_2+AreaNormalization;pls;"{""n_components"": 8}";18.38;18.79798048061807
Biscuit_Fat_40_RandomSplit;test;0;Gaussian_1_2+AreaNormalization;pls;"{""n_components"": 8}";19.23;19.420076410541082
Biscuit_Fat_40_RandomSplit;test;0;Gaussian_1_2+AreaNormalization;pls;"{""n_components"": 8}";17.12;17.884267428141282
Biscuit_Fat_40_RandomSplit;test;0;Gaussian_1_2+AreaNormalization;pls;"{""n_components"": 8}";15.85;16.565401653702384
Biscuit_Fat_40_RandomSplit;test;0;Gaussian_1_2+AreaNormalization;pls;"{""n_components"": 8}";16.36;16.90161095453861
Biscuit_Fat_40_RandomSplit;test;0;Gaussian_1_2+AreaNormalization;pls;"{""n_components"": 8}";19.65;19.241059642806395
Biscuit_Fat_40_RandomSplit;test;0;Gaussian_1_2+AreaNormalization;pls;"{""n_components"": 8}";16.87;16.899839491318527
Biscuit_Fat_40_RandomSplit;test;0;Gaussian_1_2+AreaNormalization;pls;"{""n_components"": 8}";16.11;16.350451375561153
Biscuit_Fat_40_RandomSplit;test;0;Gaussian_1_2+AreaNormalization;pls;"{""n_components"": 8}";18.89;18.77625680923953
Biscuit_Fat_40_RandomSplit;test;0;Gaussian_1_2+AreaNormalization;pls;"{""n_components"": 8}";14.84;15.21738843920968
Biscuit_Fat_40_RandomSplit;test;0;Gaussian_1_2+AreaNormalization;pls;"{""n_components"": 8}";20.66;20.005131577445233
Biscuit_Fat_40_RandomSplit;test;0;Gaussian_1_2+AreaNormalization;pls;"{""n_components"": 8}";20.41;19.82706100169422
Biscuit_Fat_40_RandomSplit;test;0;Gaussian_1_2+AreaNormalization;pls;"{""n_components"": 8}";16.53;16.35460186699553
Biscuit_Fat_40_RandomSplit;test;0;Gaussian_1_2+AreaNormalization;pls;"{""n_components"": 8}";17.63;18.12474647015236
Biscuit_Fat_40_RandomSplit;test;0;Gaussian_1_2+AreaNormalization;pls;"{""n_components"": 8}";15.35;16.341127913087135
Biscuit_Fat_40_RandomSplit;test;0;Gaussian_1_2+AreaNormalization;pls;"{""n_components"": 8}";20.16;20.40374898698312
Biscuit_Fat_40_RandomSplit;test;0;Gaussian_1_2+AreaNormalization;pls;"{""n_components"": 8}";19.9;20.197831908979975
Biscuit_Fat_40_RandomSplit;test;0;Gaussian_1_2+AreaNormalization;pls;"{""n_components"": 8}";18.13;18.794318515204548
Biscuit_Fat_40_RandomSplit;test;0;Gaussian_1_2+AreaNormalization;pls;"{""n_components"": 8}";18.64;18.907368913321083
Biscuit_Fat_40_RandomSplit;test;0;Gaussian_1_2+AreaNormalization;pls;"{""n_components"": 8}";20.07;20.156673946348175
Biscuit_Fat_40_RandomSplit;test;0;Gaussian_1_2+AreaNormalization;pls;"{""n_components"": 8}";16.61;17.149573980750667
Biscuit_Fat_40_RandomSplit;test;0;Gaussian_1_2+AreaNormalization;pls;"{""n_components"": 8}";20.91;20.594583590005698
Biscuit_Fat_40_RandomSplit;test;0;Gaussian_1_2+AreaNormalization;pls;"{""n_components"": 8}";17.88;18.103150627089043
Biscuit_Fat_40_RandomSplit;test;0;Gaussian_1_2+AreaNormalization;pls;"{""n_components"": 8}";17.2;17.380177632205903
Biscuit_Fat_40_RandomSplit;test;0;Gaussian_1_2+AreaNormalization;pls;"{""n_components"": 8}";15.6;16.318973366505595
Biscuit_Fat_40_RandomSplit;test;0;Gaussian_1_2+AreaNormalization;pls;"{""n_components"": 8}";19.14;18.860265664964505
Biscuit_Fat_40_RandomSplit;test;0;Gaussian_1_2+AreaNormalization;pls;"{""n_components"": 8}";15.1;16.157589572216157
Biscuit_Fat_40_RandomSplit;test;0;Gaussian_1_2+AreaNormalization;pls;"{""n_components"": 8}";21.67;20.61866881711291
Biscuit_Fat_40_RandomSplit;test;0;Gaussian_1_2+AreaNormalization;pls;"{""n_components"": 8}";21.17;21.08126080786979
Biscuit_Fat_40_RandomSplit;test;0;Gaussian_1_2+AreaNormalization;pls;"{""n_components"": 8}";17.37;17.486086824611135
Biscuit_Fat_40_RandomSplit;test;0;Gaussian_1_2+AreaNormalization;pls;"{""n_components"": 8}";19.4;19.1808713933009
Biscuit_Fat_40_RandomSplit;valid;1;Gaussian_1_2+AreaNormalization;pls;"{""n_components"": 8}";18.37;18.70174685953271
Biscuit_Fat_40_RandomSplit;valid;1;Gaussian_1_2+AreaNormalization;pls;"{""n_components"": 8}";21.59;21.02974364754653
Biscuit_Fat_40_RandomSplit;valid;1;Gaussian_1_2+AreaNormalization;pls;"{""n_components"": 8}";21.25;21.271394147004
Biscuit_Fat_40_RandomSplit;valid;1;Gaussian_1_2+AreaNormalization;pls;"{""n_components"": 8}";20.58;19.9024848166804
Biscuit_Fat_40_RandomSplit;valid;1;Gaussian_1_2+AreaNormalization;pls;"{""n_components"": 8}";19.4;19.49413356429641
Biscuit_Fat_40_RandomSplit;valid;1;Gaussian_1_2+AreaNormalization;pls;"{""n_components"": 8}";16.02;14.982454300944092
Biscuit_Fat_40_RandomSplit;valid;1;Gaussian_1_2+AreaNormalization;pls;"{""n_components"": 8}";19.73;19.30440233642388
Biscuit_Fat_40_RandomSplit;valid;1;Gaussian_1_2+AreaNormalization;pls;"{""n_components"": 8}";15.18;15.424897539518916
Biscuit_Fat_40_RandomSplit;valid;1;Gaussian_1_2+AreaNormalization;pls;"{""n_components"": 8}";19.9;18.9576023572951
Biscuit_Fat_40_RandomSplit;valid;1;Gaussian_1_2+AreaNormalization;pls;"{""n_components"": 8}";17.03;16.381804695799918
Biscuit_Fat_40_RandomSplit;valid;1;Gaussian_1_2+AreaNormalization;pls;"{""n_components"": 8}";17.54;17.93074906132132
Biscuit_Fat_40_RandomSplit;valid;1;Gaussian_1_2+AreaNormalization;pls;"{""n_components"": 8}";20.41;20.330646916869068
Biscuit_Fat_40_RandomSplit;valid;1;Gaussian_1_2+AreaNormalization;pls;"{""n_components"": 8}";18.38;18.090213381932454
Biscuit_Fat_40_RandomSplit;test;1;Gaussian_1_2+AreaNormalization;pls;"{""n_components"": 8}";21.42;21.18249790083881
Biscuit_Fat_40_RandomSplit;test;1;Gaussian_1_2+AreaNormalization;pls;"{""n_components"": 8}";18.38;18.253860826549847
Biscuit_Fat_40_RandomSplit;test;1;Gaussian_1_2+AreaNormalization;pls;"{""n_components"": 8}";19.23;18.99494274718186
Biscuit_Fat_40_RandomSplit;test;1;Gaussian_1_2+AreaNormalization;pls;"{""n_components"": 8}";17.12;17.757786501656668
Biscuit_Fat_40_RandomSplit;test;1;Gaussian_1_2+AreaNormalization;pls;"{""n_components"": 8}";15.85;15.91953591655511
Biscuit_Fat_40_RandomSplit;test;1;Gaussian_1_2+AreaNormalization;pls;"{""n_components"": 8}";16.36;16.629121714573778
Biscuit_Fat_40_RandomSplit;test;1;Gaussian_1_2+AreaNormalization;pls;"{""n_components"": 8}";19.65;19.790201355233226
Biscuit_Fat_40_RandomSplit;test;1;Gaussian_1_2+AreaNormalization;pls;"{""n_components"": 8}";16.87;17.761329219969703
Biscuit_Fat_40_RandomSplit;test;1;Gaussian_1_2+AreaNormalization;pls;"{""n_components"": 8}";16.11;18.364042102535766
Biscuit_Fat_40_RandomSplit;test;1;Gaussian_1_2+AreaNormalization;pls;"{""n_components"": 8}";18.89;20.079010040930335
Biscuit_Fat_40_RandomSplit;test;1;Gaussian_1_2+AreaNormalization;pls;"{""n_components"": 8}";14.84;15.62664232163981
Biscuit_Fat_40_RandomSplit;test;1;Gaussian_1_2+AreaNormalization;pls;"{""n_components"": 8}";20.66;20.772750214326905
Biscuit_Fat_40_RandomSplit;test;1;Gaussian_1_2+AreaNormalization;pls;"{""n_components"": 8}";20.41;20.331424904016224
Biscuit_Fat_40_RandomSplit;test;1;Gaussian_1_2+AreaNormalization;pls;"{""n_components"": 8}";16.53;17.337570314608868
Biscuit_Fat_40_RandomSplit;test;1;Gaussian_1_2+AreaNormalization;pls;"{""n_components"": 8}";17.63;18.306188757240324
Biscuit_Fat_40_RandomSplit;test;1;Gaussian_1_2+AreaNormalization;pls;"{""n_components"": 8}";15.35;16.49830173673216
Biscuit_Fat_40_RandomSplit;test;1;Gaussian_1_2+AreaNormalization;pls;"{""n_components"": 8}";20.16;20.965189333108913
Biscuit_Fat_40_RandomSplit;test;1;Gaussian_1_2+AreaNormalization;pls;"{""n_components"": 8}";19.9;20.334331438379685
Biscuit_Fat_40_RandomSplit;test;1;Gaussian_1_2+AreaNormalization;pls;"{""n_components"": 8}";18.13;19.07885829070536
Biscuit_Fat_40_RandomSplit;test;1;Gaussian_1_2+AreaNormalization;pls;"{""n_components"": 8}";18.64;18.91826990363305
Biscuit_Fat_40_RandomSplit;test;1;Gaussian_1_2+AreaNormalization;pls;"{""n_components"": 8}";20.07;20.46734162449057
Biscuit_Fat_40_RandomSplit;test;1;Gaussian_1_2+AreaNormalization;pls;"{""n_components"": 8}";16.61;17.528319191602748
Biscuit_Fat_40_RandomSplit;test;1;Gaussian_1_2+AreaNormalization;pls;"{""n_components"": 8}";20.91;21.127731588066162
Biscuit_Fat_40_RandomSplit;test;1;Gaussian_1_2+AreaNormalization;pls;"{""n_components"": 8}";17.88;18.817151048225124
Biscuit_Fat_40_RandomSplit;test;1;Gaussian_1_2+AreaNormalization;pls;"{""n_components"": 8}";17.2;17.98379371119315
Biscuit_Fat_40_RandomSplit;test;1;Gaussian_1_2+AreaNormalization;pls;"{""n_components"": 8}";15.6;16.991433748151056
Biscuit_Fat_40_RandomSplit;test;1;Gaussian_1_2+AreaNormalization;pls;"{""n_components"": 8}";19.14;19.35818167931704
Biscuit_Fat_40_RandomSplit;test;1;Gaussian_1_2+AreaNormalization;pls;"{""n_components"": 8}";15.1;16.37456328079124
Biscuit_Fat_40_RandomSplit;test;1;Gaussian_1_2+AreaNormalization;pls;"{""n_components"": 8}";21.67;21.545637764955245
Biscuit_Fat_40_RandomSplit;test;1;Gaussian_1_2+AreaNormalization;pls;"{""n_components"": 8}";21.17;21.644321593635574
Biscuit_Fat_40_RandomSplit;test;1;Gaussian_1_2+AreaNormalization;pls;"{""n_components"": 8}";17.37;18.201099115880893
Biscuit_Fat_40_RandomSplit;test;1;Gaussian_1_2+AreaNormalization;pls;"{""n_components"": 8}";19.4;19.309086470889117
Biscuit_Fat_40_RandomSplit;valid;2;Gaussian_1_2+AreaNormalization;pls;"{""n_components"": 8}";21.08;20.403523659441504
Biscuit_Fat_40_RandomSplit;valid;2;Gaussian_1_2+AreaNormalization;pls;"{""n_components"": 8}";18.55;18.697812285879944
Biscuit_Fat_40_RandomSplit;valid;2;Gaussian_1_2+AreaNormalization;pls;"{""n_components"": 8}";16.53;16.104721598139847
Biscuit_Fat_40_RandomSplit;valid;2;Gaussian_1_2+AreaNormalization;pls;"{""n_components"": 8}";15.69;15.542871028493813
Biscuit_Fat_40_RandomSplit;valid;2;Gaussian_1_2+AreaNormalization;pls;"{""n_components"": 8}";18.77;18.340854143567537
Biscuit_Fat_40_RandomSplit;valid;2;Gaussian_1_2+AreaNormalization;pls;"{""n_components"": 8}";15.01;15.103237227136809
Biscuit_Fat_40_RandomSplit;valid;2;Gaussian_1_2+AreaNormalization;pls;"{""n_components"": 8}";18.72;19.346562605755906
Biscuit_Fat_40_RandomSplit;valid;2;Gaussian_1_2+AreaNormalization;pls;"{""n_components"": 8}";20.75;20.445347485404262
Biscuit_Fat_40_RandomSplit;valid;2;Gaussian_1_2+AreaNormalization;pls;"{""n_components"": 8}";20.07;19.937131475035663
Biscuit_Fat_40_RandomSplit;valid;2;Gaussian_1_2+AreaNormalization;pls;"{""n_components"": 8}";15.52;15.936789972082462
Biscuit_Fat_40_RandomSplit;valid;2;Gaussian_1_2+AreaNormalization;pls;"{""n_components"": 8}";16.7;16.96648890835999
Biscuit_Fat_40_RandomSplit;valid;2;Gaussian_1_2+AreaNormalization;pls;"{""n_components"": 8}";19.23;19.48072620792726
Biscuit_Fat_40_RandomSplit;valid;2;Gaussian_1_2+AreaNormalization;pls;"{""n_components"": 8}";17.2;17.43702562809252
Biscuit_Fat_40_RandomSplit;test;2;Gaussian_1_2+AreaNormalization;pls;"{""n_components"": 8}";21.42;21.190254986792358
Biscuit_Fat_40_RandomSplit;test;2;Gaussian_1_2+AreaNormalization;pls;"{""n_components"": 8}";18.38;18.440848809604926
Biscuit_Fat_40_RandomSplit;test;2;Gaussian_1_2+AreaNormalization;pls;"{""n_components"": 8}";19.23;19.34628789389842
Biscuit_Fat_40_RandomSplit;test;2;Gaussian_1_2+AreaNormalization;pls;"{""n_components"": 8}";17.12;17.757773209412054
Biscuit_Fat_40_RandomSplit;test;2;Gaussian_1_2+AreaNormalization;pls;"{""n_components"": 8}";15.85;16.10904322300769
Biscuit_Fat_40_RandomSplit;test;2;Gaussian_1_2+AreaNormalization;pls;"{""n_components"": 8}";16.36;16.980680590526987
Biscuit_Fat_40_RandomSplit;test;2;Gaussian_1_2+AreaNormalization;pls;"{""n_components"": 8}";19.65;19.799296524670062
Biscuit_Fat_40_RandomSplit;test;2;Gaussian_1_2+AreaNormalization;pls;"{""n_components"": 8}";16.87;17.332788502502314
Biscuit_Fat_40_RandomSplit;test;2;Gaussian_1_2+AreaNormalization;pls;"{""n_components"": 8}";16.11;18.428613981720808
Biscuit_Fat_40_RandomSplit;test;2;Gaussian_1_2+AreaNormalization;pls;"{""n_components"": 8}";18.89;20.068381591848535
Biscuit_Fat_40_RandomSplit;test;2;Gaussian_1_2+AreaNormalization;pls;"{""n_components"": 8}";14.84;15.624278145359963
Biscuit_Fat_40_RandomSplit;test;2;Gaussian_1_2+AreaNormalization;pls;"{""n_components"": 8}";20.66;20.904980330641244
Biscuit_Fat_40_RandomSplit;test;2;Gaussian_1_2+AreaNormalization;pls;"{""n_components"": 8}";20.41;19.931186178444023
Biscuit_Fat_40_RandomSplit;test;2;Gaussian_1_2+AreaNormalization;pls;"{""n_components"": 8}";16.53;17.506623819162627
Biscuit_Fat_40_RandomSplit;test;2;Gaussian_1_2+AreaNormalization;pls;"{""n_components"": 8}";17.63;18.487596195615854
Biscuit_Fat_40_RandomSplit;test;2;Gaussian_1_2+AreaNormalization;pls;"{""n_components"": 8}";15.35;16.58942311506647
Biscuit_Fat_40_RandomSplit;test;2;Gaussian_1_2+AreaNormalization;pls;"{""n_components"": 8}";20.16;20.487650689365424
Biscuit_Fat_40_RandomSplit;test;2;Gaussian_1_2+AreaNormalization;pls;"{""n_components"": 8}";19.9;20.354685725087
Biscuit_Fat_40_RandomSplit;test;2;Gaussian_1_2+AreaNormalization;pls;"{""n_components"": 8}";18.13;19.039344307834632
Biscuit_Fat_40_RandomSplit;test;2;Gaussian_1_2+AreaNormalization;pls;"{""n_components"": 8}";18.64;18.937837529589437
Biscuit_Fat_40_RandomSplit;test;2;Gaussian_1_2+AreaNormalization;pls;"{""n_components"": 8}";20.07;20.617730892722335
Biscuit_Fat_40_RandomSplit;test;2;Gaussian_1_2+AreaNormalization;pls;"{""n_components"": 8}";16.61;17.898167520712878
Biscuit_Fat_40_RandomSplit;test;2;Gaussian_1_2+AreaNormalization;pls;"{""n_components"": 8}";20.91;21.019694161561386
Biscuit_Fat_40_RandomSplit;test;2;Gaussian_1_2+AreaNormalization;pls;"{""n_components"": 8}";17.88;18.646756833396246
Biscuit_Fat_40_RandomSplit;test;2;Gaussian_1_2+AreaNormalization;pls;"{""n_components"": 8}";17.2;18.163693658568455
Biscuit_Fat_40_RandomSplit;test;2;Gaussian_1_2+AreaNormalization;pls;"{""n_components"": 8}";15.6;17.00443741022107
Biscuit_Fat_40_RandomSplit;test;2;Gaussian_1_2+AreaNormalization;pls;"{""n_components"": 8}";19.14;19.61500885855075
Biscuit_Fat_40_RandomSplit;test;2;Gaussian_1_2+AreaNormalization;pls;"{""n_components"": 8}";15.1;16.26186626670991
Biscuit_Fat_40_RandomSplit;test;2;Gaussian_1_2+AreaNormalization;pls;"{""n_components"": 8}";21.67;21.356389224131526
Biscuit_Fat_40_RandomSplit;test;2;Gaussian_1_2+AreaNormalization;pls;"{""n_components"": 8}";21.17;21.37581895050927
Biscuit_Fat_40_RandomSplit;test;2;Gaussian_1_2+AreaNormalization;pls;"{""n_components"": 8}";17.37;18.141907048694662
Biscuit_Fat_40_RandomSplit;test;2;Gaussian_1_2+AreaNormalization;pls;"{""n_components"": 8}";19.4;19.725445305661648
