y_true;y_pred
12.54;-7.9198560319630715
12.41;143.20288175436903
25.81;-26.117369667435334
24.13;175.5771095563065
17.12;127.12877901261399
13.54;18.709137846904433
21.8;76.8209958423636
20.9;-22.760193551737423
21.87;7.922108346785329
20.16;81.30858276031728
22.64;-15.592991003683359
20.22;-2.325347541502559
21.28;84.00633761534797
19.61;128.8751433233421
30.23;3.317964782989911
31.44;13.977728378618245
16.43;61.828219128542194
13.23;1.12754004412718
35.78;174.60104372451988
32.51;19.130350207810267
12.95;253.97428506338358
14.11;43.35766731430075
27.88;-10.974097790590228
29.07;33.18231180740263
14.55;50.77754657172553
16.5;7.007104131468729
26.0;61.844669976163566
23.26;58.61283657208842
15.92;91.78483043186858
14.7;80.31951613187053
27.9;9.388584606073081
30.75;-3.5230981704748388
34.5;59.66943391711914
10.54;87.00297917162729
23.49;36.13224864376968
32.3;76.39097377776196
28.42;76.12084133433115
33.21;8.437789363564342
24.13;59.86508290895231
24.06;-22.77559964337558
44.58;44.102021220666096
44.46;52.63673965946959
30.51;-4.330019516719581
31.63;-25.291947718343373
30.67;92.10340900534146
30.68;44.94857941573087
42.98;57.93128056445759
41.9;44.10454824747796
35.71;-35.88715659373535
22.96;2.0741769961570284
20.83;47.102347021970125
23.05;59.97828105554358
26.94;78.53588542343854
30.23;83.00966171852596
45.59;22.588140704956793
42.53;53.24084176600636
23.97;111.82912714623473
23.89;143.61241391593418
55.09;79.88266456260001
51.42;120.48041023015864
27.35;82.31478215478629
31.42;93.50981199961478
38.41;33.59624612086201
41.39;-0.5265805530489871
24.91;102.94248479304841
23.65;32.172144454686155
42.11;31.760423709036907
43.11;36.187128415443986
23.1;30.802307035456444
21.61;58.18054768554946
50.76;39.98383477018549
25.5;62.39321342486365
26.41;37.04448115644883
27.97;59.711302515618264
49.75;52.74889874237646
52.85;85.33220019707196
32.39;62.81663835712734
33.8;34.159923500874065
50.37;71.82722482728238
47.74;45.21895856812716
28.41;4.960593243787379
27.7;-17.67060153620148
40.54;58.050615247426286
45.72;1.853300042569792
35.95;64.05497675994337
36.32;96.03584865079941
52.56;81.9587499103497
54.11;67.76639581200732
36.81;95.36366334135488
32.77;112.94223060694625
51.58;33.04636606132181
51.5;57.11206890256282
29.23;57.24870290161052
30.02;73.41658709428648
50.45;72.29406692902194
50.42;49.5168702205519
40.54;135.45908451013514
40.24;6.778800997794455
61.88;27.906980019921185
56.94;87.61935044119176
23.85;-17.805312781583446
21.56;66.88513714323642
26.63;-7.523825246525114
25.59;37.37841726066275
11.72;58.474977513131954
13.91;89.42972289393995
20.26;39.61677195695943
21.63;33.921619687758145
14.86;92.60987073623787
13.98;65.59960754552023
21.15;38.57883390406621
20.16;-6.526711212696831
11.19;43.55676695751239
12.46;31.772526164162592
21.18;59.65816364001986
21.55;-32.42814188097248
8.33;67.65367136414486
7.72;44.61136629550739
8.41;142.09812360799023
9.99;113.8856017307024
11.1;3.4294687825085575
10.17;80.78619798386481
7.08;234.47638448077564
7.01;110.93592048249408
14.77;-29.94961597811463
17.43;-4.0193603892038325
9.3;209.36262390839417
9.66;307.9535756314247
12.16;104.86975292108681
13.02;86.71708350091322
5.45;121.99557621268772
4.37;236.62748363781552
11.69;45.449640574260194
13.19;-37.479164521854194
16.81;-0.1370756703775342
14.48;-20.524409117799827
7.78;206.4625609485607
9.54;120.65144398653453
73.28;85.00162317539773
76.15;11.099676592666803
35.57;61.31490434337888
35.36;90.72334264916759
87.52;87.11102010536646
91.42;79.64882040560396
74.21;63.96402828833217
82.58;105.94516574055444
30.2;60.33786595530744
26.97;51.58543409687514
26.15;23.56641926973287
24.25;77.02168305498836
21.03;24.499890180100756
20.94;19.811342246469245
30.01;64.88862585713403
31.62;131.97254022514997
84.34;130.09487230691408
79.85;85.22547720396454
83.32;80.93601800237192
81.15;25.75092049370209
103.54;90.0406415989969
101.65;45.52756211388208
106.72;112.18083286876205
105.09;124.86968268195167
92.36;154.0294529872291
92.75;125.4161446489014
25.19;52.38225964666024
38.55;29.82762376406467
53.3;8.011344917264772
27.56;-5.274200782244172
24.37;-8.036918341779575
48.08;97.19082920727078
63.54;-56.21230350119223
16.97;28.587712585385383
20.15;1.86902745956845
34.02;-50.12598607241805
78.8;102.90357380752752
7.9;-102.80498074161065
7.95;-67.23075912964569
1.14;150.09320959680267
0.87;118.98658126637233
61.48;104.85030917598266
70.48;109.37362387575246
11.62;-104.55899006331495
11.44;-151.3436249459293
1.17;104.55374839680539
0.78;45.176139375920535
41.17;57.52405810103587
45.13;71.29738667730905
31.94;107.58593504659467
32.44;14.260264417092174
16.29;88.3932937963738
16.97;-6.276689518223556
65.01;87.22321449640447
74.15;52.82615708904662
37.01;51.79871247007025
38.32;44.32388191425067
5.44;-40.96461673024729
4.34;13.344746505103409
34.92;108.14310653929394
33.74;54.474322990004474
47.18;104.94956791213579
39.63;66.19086307677955
20.47;109.57996245069327
21.35;155.61388221347366
21.01;130.80563818950085
20.66;121.83660724962411
18.62;128.0934501798898
19.05;161.89665002544035
41.69;-13.619050900252645
36.01;41.024231460805424
61.99;132.6736951146913
52.94;64.84516735722929
36.64;63.85961179758605
30.62;57.3194621789452
72.81;112.99646724285236
24.37;62.973506191352904
51.86;45.45332663188942
42.86;83.3192717797827
35.6;55.88104804324234
22.89;94.45759306162407
70.07;135.63198460210177
62.75;106.85253478435214
38.66;89.24331511085146
33.2;-51.74854396332555
17.16;13.878741309822281
19.02;41.35412012509541
13.02;45.86527064713325
14.76;109.35580227741312
73.6;21.952054703936874
58.72;56.69714079112338
60.19;7.471513151501799
31.39;8.70567677939782
54.32;31.28820854322
47.5;65.5799354102491
52.69;77.31238831541884
19.87;52.99830347750923
50.33;65.49820221693378
56.05;91.10617812147008
57.14;58.124491318012495
61.15;66.57782520034027
51.58;63.94032552279298
1.75;27.41519254193971
55.23;49.02475301740596
54.6;84.94100919679838
54.55;32.63276464920208
46.59;23.121138375300255
66.23;75.93911390593894
52.37;83.58099845411806
36.89;-5.97061042351897
27.97;40.149369961459676
1.33;-1.0007128793410303
10.23;-45.96569113574541
37.62;131.58971330968888
26.98;-3.089123806725844
0.92;2.3107165525992386
45.59;57.00139468224156
29.43;46.77224634772994
1.29;-76.45787015158444
1.56;53.500920885442916
26.96;-64.81995323507354
38.58;123.68853091799377
31.48;5.1756313015471385
23.05;74.35189951901023
15.16;-55.96893632633644
21.31;-15.569656122171331
62.93;97.89678950329878
55.67;70.93699764603682
43.9;130.75817603493786
43.8;116.41201729379006
2.36;-66.39298873138947
87.6;106.72943094987079
37.11;66.57272680178514
36.46;110.737389885655
27.28;4.0892191446429464
46.29;34.29738274468101
32.08;51.64330950614548
29.22;95.89277463290429
24.39361514;20.76162692211222
25.78314468;-19.517341048162642
25.32767952;87.03963822581761
21.63125221;492.47382488945306
21.43567386;18.3718476464932
20.48553237;-44.817834433169274
20.68714185;66.03389094237208
19.5273081;12.376997141076934
19.80060134;3.5085511081762277
13.61299965;-10.34612654575853
13.45318359;27.72085165010189
14.17707817;-39.647497726314874
13.4381323;2.197655293061324
16.32886452;29.92494782213273
16.65014149;15.478998913138604
16.07767952;-18.116645194086722
17.53967103;13.299107807828555
17.32856385;25.66112076456104
16.98719491;-65.26864685184486
16.48703573;65.83296681814588
14.79557835;-17.58246553561232
16.19106827;82.21242173356814
14.76915458;-40.09173587536359
13.80113194;24.760763088423197
16.71844712;27.907116212577364
16.5554121;67.24097830412097
34.07281571;111.75712266176274
47.11264591;94.36478233002254
43.98842412;63.928549858674124
31.77660064;47.587663926187005
32.2643792;52.39865658090856
39.38862752;52.46205068572829
27.34465865;65.19217425347969
24.69936328;47.5259183124066
14.34529537;54.324361606324565
18.25518217;39.127889494988914
18.05030952;37.47174031165522
21.81193845;181.20266771789034
24.98655819;36.63491744778282
24.18172975;64.13848658651997
27.10845419;50.66020956862712
31.37852848;58.37053387890793
24.85132649;70.7376982754831
25.56671383;74.93003374113232
24.19074991;41.52918324053589
24.65907322;-45.71597299845917
19.4408914;1.262804808266445
26.82957198;25.68940777393366
24.61703219;65.54997499452489
38.97458437;6.321296707168095
43.89640962;-5.876178720390278
41.941422;-6.397452083656795
31.38089848;18.332930911764315
44.85431553;24.139107661961866
40.05364344;-35.839302923365246
36.84082066;-48.79246371547104
37.04957552;-46.92172614319956
46.2747966;6.93943776827485
28.43330386;10.474564140482293
42.66717368;-7.449546059414196
34.25434206;28.523699038791726
25.63471878;31.471752681367114
30.28096923;156.8759838228522
38.71508666;-6.820596282759304
38.83199505;-24.75546374625217
42.58371065;21.637333536421174
31.87523877;-5.40185554288248
27.01804033;12.777173243496193
24.3494694;-3.5753976586873435
24.738318;1.513558175855458
34.91685532;-55.97010033724501
35.75909091;-12.879018082414497
32.51867704;17.05384375174291
22.8521047;-43.89027839300898
25.16825256;-60.56700450652895
30.437867;-80.23228295962446
49.50245844;16.25822764863316
48.44119208;82.56504416651441
56.80779094;144.7956604836663
42.52398302;49.00714331287468
41.1315352;109.25373890839589
55.30233463;97.21328016498927
42.86427308;63.08224306545373
41.93570923;61.58685365300431
47.53751326;78.42580545893311
47.37138309;82.00143329900848
47.99474708;-9.194585916983122
48.00437743;75.70257829338115
54.23921118;173.61755352981194
51.2451185;144.44170662428164
59.31018748;125.01915818371887
26.30155642;86.95479986551612
43.22196675;77.17277530306646
35.23178281;4.018966586325234
47.89004245;19.782109346166543
40.2844358;6.376608925868645
49.07705164;52.23956709901548
42.62628228;-3.0539066812251647
53.46078882;44.5870442674238
42.89189954;119.13538969837617
35.59416342;71.57085360773726
36.46391935;-26.82279411513432
30.49299611;71.01729560224592
50.68793774;52.9302818175502
45.32373541;44.617363628605595
49.1790856;64.84255375156374
56.5312699;81.36653077787474
46.1201804;67.43214548626528
45.35298903;111.50834737061612
43.14322603;78.2210234311587
40.32996109;-0.6599341532087593
36.00610187;-2.4279456806467365
48.49428723;12.80061936369733
53.31298196;-32.32356055092243
49.81738592;11.75014735456761
52.95866643;29.20499295550581
52.20481075;106.64097979440263
51.3651751;52.65600586039162
48.87529183;140.59408185162303
47.07780333;122.92972880527034
53.29310223;28.276925708657327
43.1184648;0.8948473381810729
45.76146091;49.25900277048779
39.95282985;90.35374560605635
38.5765122;115.63115945005586
40.01936682;51.045574959563474
40.69434029;91.31524724198755
40.49685179;3.532454039690627
40.76850018;92.39992337831893
31.35397948;-14.38648242484981
46.23687655;47.24894929689247
31.57232048;7.300273897629403
49.43447117;10.910703043094962
39.30183941;25.22311594430564
33.79389813;-6.775210608048006
48.36386629;-19.068933525864658
40.61590025;-9.19591446747004
48.40320127;104.8374572716236
48.10535904;-8.213955162721682
44.96473293;25.139214871034675
42.83445348;-31.99356750448073
43.31884507;120.94055063274203
33.1002653;-68.86413365369677
39.889052;104.31916950080262
38.14365051;53.50377694311529
57.82370004;151.1152088431279
42.41156703;-2.7712070928141586
41.9405023;-18.766556300642044
33.29945172;7.355326157862002
36.40035373;96.69387571464986
37.03623099;0.05288246029436294
37.75953307;91.02882762522376
39.26779271;-2.575202633916497
42.32658295;33.65996726679534
40.56328263;62.26523469173641
40.24513619;38.77111882493552
35.81885391;-83.78616452479056
50.85159179;71.50980342636555
53.65387336;65.7810948732249
47.04046693;58.70325900958252
34.57792713;103.4887594238156
48.39027237;-25.00508839065092
45.79281924;26.882509965841116
36.91995048;5.372941844938076
43.4594977;-67.70674268455878
33.44027237;-18.908961839170054
47.32115317;43.29406759332178
59.46144323;49.460170070941125
52.1139901;139.82590051373194
45.88252565;133.6633269837698
42.14285462;75.61295966512219
48.21412274;38.52712924542919
35.44304917;18.274081823919282
40.14029006;-17.69675368774282
49.46894234;32.251821388631974
50.5393173;26.52820689466632
51.76177927;143.77391966609048
42.07210824;104.01769668125289
41.97767952;38.31438963111014
27.19784224;42.643758896965714
42.24463212;69.54560279471883
51.36211532;102.25510174897178
48.24244782;-3.4586561786570442
40.63394057;22.123287484661283
34.07392996;73.91684200396827
31.17943049;-224.09108148505416
47.09541917;117.70893939349847
31.78098691;-17.60102225457755
38.99504775;142.15210708592477
31.59653343;16.99273952314919
34.8361514;12.36350524245912
33.37110011;48.80553617106815
27.38309162;-8.770965508918657
37.36977361;89.67505664065408
45.84044924;130.2615209794782
28.06338875;9.086381489064358
34.91659002;97.54745251651602
43.34241245;-5.722097851909474
36.24787761;164.45353027856308
30.34791298;7.8525855123789015
44.68498408;-25.581552412997645
46.38263177;99.31927793300159
52.89573753;82.97603559411363
48.31726212;69.12870910381338
58.02868765;27.954883987344537
52.99052883;-39.18387095353919
43.8908914;2.747008052405384
39.54883268;66.50918684158924
47.7470994;109.24767311982365
51.28949416;-100.94126313407128
35.88489565;86.86254383251963
30.32943049;-4.075687544617928
44.79964627;57.75296009624346
39.91680226;114.4761647636274
38.69869119;-28.170217476818074
32.91234524;-111.27278746218343
31.69754156;87.12682632322381
34.51565264;-22.38093687975661
56.8229572;-25.99811656580159
59.9379908;-18.656158160759297
47.96469756;69.65557836047648
44.16107181;44.88558398372057
48.72058719;43.98942535599402
40.76349487;126.57957280397704
34.47408914;141.57549366019123
38.73027945;0.7506165434016552
41.12382384;41.04930691821786
51.58441811;-39.245014344948565
45.08006721;-9.514475996104728
57.3862752;81.67110615308147
44.61119561;-7.93148830938501
39.63243721;-7.008996181561464
39.38254333;5.903902534013376
29.88194199;80.10086740021893
26.5747966;32.61932932217936
32.29140432;100.51234148406647
18.2005306;5.8907798571275904
34.40008843;-9.281463986581691
35.21738592;-0.7761286014794067
24.01720906;40.831966910053346
52.40682703;-24.09584543165935
30.87072869;119.4367144237545
30.15767598;59.03751370628182
29.63751326;41.05875418550706
17.10360807;18.890515750487985
41.76250442;7.839274936386367
38.72629996;-42.434776473078365
25.6583127;17.028556306423475
43.94306686;-17.457567260702753
48.02987266;50.873049738101194
45.60338698;14.74051023881983
47.24517156;90.3845725668721
47.49188185;-10.332780375413087
45.96699682;72.47202441531996
37.87888221;81.37938228773257
37.57327556;178.15730387522242
41.97729041;-5.099472885638626
45.19354439;58.06801403937376
35.82881146;50.69171792875422
29.05595154;-4.964854633376071
29.53431199;134.2037838243642
30.21100106;169.69830542530613
24.23473647;9.264271333804793
34.88542625;48.360419221136816
39.26340644;16.411690363388963
23.34099752;62.39555670741044
44.37021578;39.45066762506717
33.06975593;184.15413436114088
40.48292359;86.9093449555956
31.32354086;18.70018818422576
31.96204457;85.2930753864305
25.91393704;52.2927480761418
26.12773258;-20.746617273101258
23.25887867;89.80422948605192
39.75447471;50.149900441966984
36.02886452;-28.000209453169013
46.69040502;101.9664003366199
40.94338521;68.98313191125087
32.79283693;102.56415204568171
39.45191015;133.6055371332063
29.25042448;87.1301293115113
15.96452069;25.738412291181554
25.22785638;123.33886954946837
21.68231341;63.52443038451542
8.040997524;21.758835336938965
24.38871595;14.968558434475192
16.33160594;164.97148289273863
28.83471878;96.51452995215874
25.98178281;171.1950171046055
46.29833746;132.77872011272052
29.2692607;155.81311269382653
31.6752034;-2.7467876597612886
30.78010258;57.31499060264397
35.23666431;138.9162066129241
33.75270605;97.26200235754376
30.06639547;89.43729034669471
25.28979484;75.0242413898039
26.55001769;72.47087990847328
26.65965688;-23.94767323351474
36.44785992;69.44191510298961
34.38109303;20.962451012622033
31.71989742;24.744432946036333
36.29368589;135.17179487633038
33.53900778;148.4217735446695
32.44856739;83.90923264645275
35.07297489;72.90884850380709
28.12069331;153.2934088419008
34.48961797;126.45000803230263
23.17292183;182.7654271855549
30.010948;146.90094879385285
20.33606296;160.88070207906895
11.28814998;-0.30861481902559973
30.9381942;8.818835947334513
23.82270959;174.6386101091939
25.15185709;33.50583048191995
25.88148214;97.80306796032787
19.4300849;125.54343078512639
28.98004952;84.3897369174664
19.79787761;45.04105207746067
14.37274496;51.86642530000969
19.17725504;127.82330651162803
27.26302618;142.89569752872492
20.8282278;215.79215155596572
19.97980191;145.30580595595572
19.34561372;190.40979234525545
42.34994694;49.52865397585864
44.11597099;92.03037366958222
32.4824549;53.77622057149207
20.93065087;60.60391713678862
20.39441104;49.14535691906129
25.15500973;11.140187999523924
17.60060134;115.41689117826996
31.58609834;90.29903605524717
29.27536258;92.25925848946278
17.00539441;83.90035791178201
21.84299611;-32.133608236635474
19.01954369;70.02967044752182
20.75208702;208.53629469281702
19.06581181;83.91215953277228
12.90863106;103.92081523042319
17.41246905;128.85421844541023
20.50921472;126.4627031981203
5.733003184;202.1398293594659
28.68526707;75.22641685251457
24.28705341;-12.149941426965377
13.58705341;-146.24952282278971
20.07964273;138.0470813820087
31.45256456;48.352218777782944
25.46469756;46.194850369969195
7.335054828;60.9071617083993
10.81605943;90.61443530859074
17.75258224;127.42919433097347
15.7236116;38.25595978144137
21.29099752;56.31674836907316
23.02332862;107.25349539744357
23.71363636;112.59226074787125
19.23222497;153.36883370308587
17.54371242;123.13453617738233
19.50049522;101.84024478922035
30.62780333;84.13962644535647
14.639052;-8.611075615273641
7.824319066;102.94911121514204
10.70045985;-77.59597386918455
14.70986912;-22.143344508907553
8.087106473;113.63307865018973
3.912079943;94.00329521225771
6.035470463;113.06121544398258
21.67932437;90.06916514986173
11.08190661;112.66942519331366
4.877591086;46.09641373997882
19.2419526;-70.51810275064489
2.627944818;-3.814514124825486
4.890767598;-31.176643607880727
1.429837283;-408.7141851565903
12.75116732;26.255430354358246
12.05761408;129.32661783459307
13.29179342;8.423457978808038
16.42759109;-43.68282789623547
3.974266006;45.9999155816142
23.40999293;-54.74611740548753
27.61881854;-37.464849668807155
32.84264238;-155.9626034422961
12.16795189;-171.51076771784798
18.61536965;9.487725407723381
20.37979307;4.41560841570999
22.57629996;34.512798921438055
22.20286523;-15.395594189744607
23.15661479;26.44339745331297
9.251574107;100.5034964336306
18.80044216;-38.9669438063926
3.983675274;-850.2751741827842
8.997488504;-40.0184894357534
15.69342059;-42.54266831011713
19.63440042;-13.004753515114622
15.34915104;88.77081790784163
9.961036434;2.4240234042042275
14.82483198;-32.4324772193119
6.436593562;197.79490083733864
8.542889989;-94.99807038345617
13.68123452;490.2973491684258
8.548001415;566.6414610830407
10.19246551;-33.36278619029725
10.32946586;300.3711267732248
15.79207641;407.0503102908929
15.75357269;312.60300407073447
6.629501238;399.1479794046032
5.920268836;274.94066684087824
10.14359745;344.36724638516864
11.67460205;413.3659247560752
16.30219314;523.1516055881402
14.48770782;441.2983985027932
12.03659356;393.6481272107357
15.65459851;363.3940677161872
14.02690131;285.48603047459665
13.8783693;361.86574285826265
15.20022993;359.90883349357085
16.09846127;173.29292614518798
16.43809692;126.21953797745016
14.01452069;230.55295351151867
15.01759816;251.07715293046695
17.47113548;258.993149882159
19.52958967;310.10807558581234
26.610948;227.18658836860752
22.65511143;174.4069457079601
23.48206579;219.4339042784686
19.89480014;204.20949695759177
18.37226742;197.12909786322186
19.47587549;257.348883769182
20.4312699;128.00207820039222
18.1229572;280.55470978506577
21.59909798;256.5612347718745
13.74851433;61.17132149185394
14.40426247;93.207978961507
14.49060842;299.23613426783777
17.08004952;241.62624183307324
26.47897064;102.54513246234725
27.57058719;182.07913212261784
20.16957906;117.67913864817987
25.19830209;168.39692856652456
21.79430492;241.00795857708025
20.77311638;195.11889444319317
22.84678104;148.50554258464982
34.63109303;225.5724259323167
37.48095154;184.91147713206269
36.47419526;154.11442364510705
35.19320835;190.7927372531503
29.78853909;118.21834761583344
25.83763707;95.79838523384976
16.18990096;225.61684191873744
29.69929254;246.1931666243452
36.5427485;188.19514026770193
42.47688362;152.45564006839706
31.35152105;156.93340941567428
42.6506544;164.2149679616672
32.10328971;191.6603467563285
33.51376017;158.91819963793134
22.79156349;227.149457911209
17.14311992;169.6687700903066
18.1490803;132.1508693611933
35.11360099;154.32945680855184
25.83661125;98.00805953298024
19.39020163;198.40743333617823
28.23111072;229.8461761819699
16.10254687;192.213898304742
12.96006367;161.5629812140024
35.26135479;168.56821011591884
35.30512911;144.33830763164505
29.68533781;212.66752846890657
25.86388398;106.02945323687479
35.64524231;133.2360981867224
25.83938804;191.01739913157664
10.2560665;150.16734845541393
40.11512204;201.2829844134555
43.75532366;242.12472885129236
30.34108596;205.3853411343205
35.36391935;220.24448238863465
38.90758755;266.1736280369227
35.41160241;104.02816410857284
26.26818182;270.7727223787119
29.62301026;231.6911887263612
36.16593562;257.96979483491236
42.75160948;179.74994076793772
31.11149629;177.47733650623726
38.94725858;156.3977033813703
30.29202335;253.18607510973462
29.54741776;238.62378891490735
31.91335338;208.42226823049333
45.66257517;216.23479003602196
42.36837637;182.54332636783445
47.48882207;250.0227798758772
43.46223912;143.79890601751927
46.32866997;267.07785141374126
27.24301733;225.545798252955
43.85114963;231.2779303230291
32.65544747;253.33627334415164
44.60649098;239.41834643346252
47.15256456;216.58170591841454
37.05677397;283.67780192586423
38.6626636;215.15224220958189
32.33940573;289.50229304196955
37.46404316;254.43029982462852
26.21964981;167.0439342315519
39.59858507;171.56871716763456
46.59892112;97.6910446508036
49.86315883;168.8593290891642
41.19299611;199.3323675571578
39.18636364;128.2115665613857
41.96407853;207.82369065649087
25.57384153;192.67373198461192
27.78891051;185.13279035876687
27.80615493;216.40727762760423
46.59232402;75.74648243975017
20.36883622;127.77722211379287
35.25419172;216.3785152645774
24.93323311;151.30491344988567
27.36144323;195.08265965580426
32.88951185;186.14886268773265
44.30136187;248.05069833310677
43.39389813;258.1470421193249
38.29561372;241.1334593487423
44.06084188;252.63170327248721
49.80449239;131.9714797127963
34.12292183;214.87909934866119
31.28638132;221.50451823589472
23.86883622;257.4264981553407
46.63374602;234.04835394602767
44.90755218;151.21484229573284
30.85843651;217.7366559022508
42.92309869;197.787308219325
38.22329324;197.45363884873353
32.88413513;167.75924473246002
27.61379554;193.24180866174564
52.28551468;172.6966544602416
49.77566325;241.20446146541948
38.4076583;87.55383728878778
35.89561372;118.12852296259993
34.43558543;220.20291458523516
38.99000707;233.5083188022452
30.84909798;147.30342831674196
45.65229926;237.85032134638638
37.12226742;109.10531625803125
31.84982313;185.9451522946279
24.27025115;143.88787036960233
34.30665016;156.81715935602833
31.89085603;178.76768038663442
41.20822427;211.37208198919419
31.51740361;164.1990490783049
38.7480191;78.21582349641008
32.2266537;213.30305301946967
41.32058719;69.97394812230058
33.54292536;126.53665889269033
34.37778564;89.01684809207345
27.98784931;138.3174801352795
25.34462328;221.12786243738375
29.02983728;154.84159031624657
36.89610895;101.56351009516226
38.13436505;214.46970444055634
36.67706049;21.606253304314883
35.64849664;151.30882600989983
30.44455253;190.49533861650227
34.50304209;90.57370740632112
28.11192076;169.05143700931748
34.39223559;291.2621688596134
38.94078528;198.63265788055148
23.81307039;130.37943644814183
27.35022993;143.4444274717744
29.43369296;157.6727609881747
31.74952246;102.54633746150674
18.67716661;193.91961758577085
26.38597453;161.57577588486575
31.16351256;249.4671852588502
25.10944464;197.6260518819511
25.04975239;273.23135184694155
35.09955784;188.96460493101463
32.21370711;142.68179012812442
26.59347365;-144.63321490309872
28.42143615;-172.33035058389171
25.13540856;299.11037472327195
6.943190661;507.13895343006686
13.26724443;132.3208764238353
22.69204103;39.27697657190733
1.308754864;-630.494663048759
33.46301733;18.74683960649741
19.02511496;203.65586479523157
23.19096215;212.12901187528522
25.40719844;108.94637253107803
23.99743544;116.95742054477611
23.19495932;198.3962513200884
13.90495225;51.36330144768444
24.49642731;100.39210500430127
30.84189954;47.57499646514193
18.75189247;146.94644278341187
7.524053767;-206.13145688162993
14.72274496;193.15918320690466
11.32964273;-290.95031468759004
5.702971348;112.44332321799774
19.93401132;260.9460930321056
17.83171206;246.84543561086727
6.738981252;155.14759959196633
13.76984436;243.3713510419005
15.84955784;104.08156727605544
9.62430138;176.99144143153538
15.97370004;163.53670709231716
28.29370357;190.69933230766796
20.05367881;94.32677011571272
11.13547931;456.23377320659637
6.773558543;-317.16846660779214
11.25969225;203.37357550277855
29.03698303;43.810639552683135
39.82379873;14.462617093932884
32.77524762;35.96145262065726
45.33277986;45.06059708741241
45.14099471;67.94541161948882
7.887211612;42.81059213181597
19.36189143;59.78926364078843
45.03832962;87.90457282861323
36.02502703;32.66922865530031
26.45453611;8.005329558242714
19.01993333;35.866767978962095
25.55207913;148.63805595903918
18.92847399;55.91406997828551
20.37164477;71.35033493922623
54.43281549;120.10346527841418
8.553875538;70.36422289480774
18.84380171;6.96354625104248
22.47977671;63.273734407820804
35.30734502;5.063960806167778
30.54923757;16.069172790602288
29.59888701;52.85223295342515
23.25248755;5.773874297909735
40.92918536;66.04642962272385
28.61158641;-22.381116029720154
37.43421942;12.49395924158241
42.66149954;63.62255843831571
39.55471285;71.86922368170534
30.23238835;51.81464829243178
57.74976785;54.85163714436029
30.75857219;54.345460289162155
48.27843915;31.774708721382375
32.16249201;55.84731747095602
28.401657;91.0366672873325
55.23631801;70.41675697090406
22.17660016;-8.245625333656456
24.54509816;13.20457534906452
39.30904131;4.936324609246803
19.1526245;4.120182649001329
40.3505316;1.2325221572517293
33.37833674;0.551560021189907
41.9896104;4.72057896349488
29.5480915;4.305580245940625
45.1043072;15.599230188868795
53.6192104;-7.1946236781538815
34.43727772;18.66931586538695
23.20135294;0.9862866128260563
71.9195056;118.30452777370144
32.3075523;52.026718512758116
32.86878501;63.69087345284432
30.54844418;38.658070087291485
81.00488479;60.20130209367213
34.03658294;12.933015903545872
62.9284836;97.40477002030849
33.90117232;58.468790612887126
27.50209572;84.69966996449668
23.77558283;78.84068566888018
33.38186055;83.04377645266194
92.8709635;10.495637283555048
42.6122701;18.53386170471051
26.0780184;-10.653505787919528
25.62849536;60.505931936817504
32.9148307;63.30908946505361
40.60464339;56.43651436851729
23.50888657;62.81551517203865
27.25359116;131.74578152941544
29.31494018;-16.482110779907295
62.8782851;66.33932625444851
42.00639;93.95384849367989
20.19342967;37.55315547370159
21.28799924;43.44470138123821
36.9831634;56.35839336747113
26.01660544;45.17270778935809
78.5440569;34.010893354240146
70.36617126;97.96019590509113
54.17289455;63.728715473675116
47.03892428;38.44777147062697
47.384147208;53.06926607716192
43.871549896;10.943121485616096
53.6034678;14.03233768373044
50.158174094;-22.27421272552707
41.731351737;-23.341733584051987
38.940622789;24.214364797102597
35.767445155;11.863986801488629
38.274026896;67.85652344005365
35.652441615;-58.57667638107703
32.080113233;42.648725228866546
29.456970979;8.487759277281889
32.089030431;3.7264235127277274
35.36985138;19.974783356341383
34.535881103;71.76234241776652
33.211606515;7.816486387845753
42.160155695;-13.585387179476626
41.233474872;-30.54590306164986
27.388322714;42.219465026501005
37.922788394;48.12809525904566
45.907218686;42.96397710149258
38.513163484;43.18169723683004
61.67749469;-18.74298795927391
59.71493277;-49.707203540524425
61.88397028;-57.39450380432374
50.140127388;-87.47504146178977
45.866878985;-112.78213942541962
74.68867657;46.695436841734896
60.70912951;25.810510789267852
58.36256193;10.571306255198529
63.58322717;19.802984738137276
75.12816702;6.635474833086626
69.77268224;5.620901852696356
49.398867656;-8.56392512414704
46.122505306;-15.879249401609592
60.59391366;-17.38088470282208
69.25406936;-16.890731033896863
50.625973109;-29.77874288827889
40.691012027;-36.15138123005408
59.48492569;-10.420426642219816
55.25647559;-12.486642680145998
40.81203114;-45.46089655274324
32.842533617;-40.01588643146666
68.6353857;-64.81858645099865
60.68527955;-100.0658887084069
57.764401981;8.645545309382378
57.26829441;0.4405684246414907
43.941755127;2.0375740275307166
50.590092008;7.618587364781867
45.251096954;25.15707894656446
54.22370842;27.09983074119389
58.788251947;-3.633128587721508
37.42066525;-57.73647922124301
43.376999297;-72.75677981904917
32.050247703;-82.59999832554175
28.590021236;-72.64511398945947
38.145647559;-63.12156129655322
46.745859872;-56.397949248967485
56.17133758;21.307718694836034
38.446072189;-51.762993663950944
54.99815994;-11.597166392437408
36.026185422;-9.142045485324878
48.621726822;-30.605512941191
48.29143666;-23.60605464230529
50.277636233;35.0246823153368
51.85017693;37.469325380570034
38.47147912;25.48014764540016
50.530360938;34.70426145115541
45.680113232;45.47156147464495
49.344939849;45.95787948716485
54.39263977;-44.33692416360086
59.048336867;-41.88306082156877
56.003750881;-38.3064974012896
53.18492569;-58.83218473865164
55.41203114;-155.41026816928144
66.53821656;-42.51946934391008
55.66008492;39.45376869825292
57.10382166;34.34888624217687
66.77289455;-15.836859569762659
59.08287332;17.461431591294534
53.54062279;-12.008716166422495
61.06856123;124.4228014835634
59.59385907;55.37048322549528
62.68620572;45.833696021054045
61.30042594;51.86246373604581
47.701493722;7.357563069791745
41.885917244;12.540700796751189
47.91394141;8.223110992885232
26.426869204;20.83132587315
37.629494997;15.54759078287713
38.087873179;15.305986723650697
68.7819093;41.662453327772894
49.770208974;15.760180356269863
44.057946317;23.982417372553194
74.28701717;51.52287252895551
40.348515268;41.70177952230676
33.096566368;54.32679438140452
33.204186288;8.776662281891184
19.473092263;18.327342062676244
26.007301703;0.5225212605955889
34.773820029;-9.881982034253191
66.81429898;2.0760507177816905
34.30889239;102.34534202525504
40.757082049;96.76780844401995
40.551701197;81.13008511688909
39.771389079;66.13739521286925
35.104587284;56.529065401185456
25.483284223;54.132559404616316
46.625611287;92.29072281236205
37.636665056;78.90011217751231
29.722122612;74.97995434154059
30.117345643;44.652484179170536
45.414061732;33.79951161096414
32.68871185;10.027589835416812
46.921002162;45.316955127747995
53.968340579;77.18730860422221
50.18854295;68.74768013081487
48.135981663;54.91785165711959
26.769616941;73.1189083304397
29.995426744;49.24943285684943
19.973495892;25.608820227043857
31.205988892;39.07115126453922
30.839400696;29.22631945418899
32.455007976;36.841999771474626
26.580918084;43.67382293941224
40.810765865;59.162283744324746
34.389911812;60.92317946167079
48.910733126;36.816601971418
42.827988342;42.16238064964485
29.540959242;21.322738256881983
29.036081964;93.1522496411396
54.040837119;78.53381386648141
37.762845402;64.87364653544219
43.471310607;48.82052544800009
55.33158718;43.25711002133473
47.082365413;42.28097565409117
59.04689148;87.30785294269177
44.387781088;66.46153432880132
49.225768225;75.24834569710762
45.339434475;65.5088342187303
45.910104305;70.75275318593023
46.598275671;78.85860976801408
63.80910806;99.10645740088083
74.48075334;68.0038401631331
66.00536318;78.11229090540061
47.264360293;47.291693938583734
43.243998898;33.996790889580346
60.85774569;57.472423779863355
42.8063056;31.90426999431906
44.20474072;36.031298575802104
38.52298056;31.258663210697613
49.8299168;46.64867891088311
38.25622704;32.279386059697735
52.48487776;40.42038987702784
47.45787624;38.25780243277591
47.62134136;43.171245274191286
37.87361088;36.05410219740782
29.92309856;21.024717461348438
31.705048;25.87407953843981
48.36681416;40.60003180968733
47.59978552;46.339643014758614
52.29716232;50.97413011004378
45.94178216;23.568379298579423
38.90020776;35.507628081458314
48.95780344;43.37046249623456
52.85761416;51.682086639429905
46.81838632;29.822751274676556
50.53676872;31.313770817892326
52.43817344;58.05873009354561
52.23878192;45.50888551893012
39.52622528;15.264109322547121
38.25173624;40.32078943742602
44.46610528;45.170573185391895
46.15284976;20.098999113575026
47.08424168;39.59495738350956
44.83704536;34.850055529114464
51.67833008;34.33170606574105
41.44200056;34.59057395615411
39.13193304;33.65163092945986
43.9290056;37.730910862646695
33.26874456;24.848735038460028
53.87972024;67.32963763815488
40.96238312;29.57815216405165
52.92048536;62.50144410651523
49.0215728;32.23447621597639
36.83264344;36.77375238958064
27.44956592;9.057494708834955
31.57391664;41.21803691112152
41.09261632;39.05246437994952
33.95314248;41.80315951017034
55.62125248;68.43098662985733
46.32619464;55.318175978463465
58.70194128;67.7482489336227
46.01004232;44.78020046754883
46.79503416;41.17814055735874
50.81070752;47.85942329609656
54.74644464;60.341069087174894
42.61589568;40.13553814547034
49.54520008;42.78692680469795
48.22131224;50.464018365692645
52.11303952;36.45276118120132
53.63542072;60.62977016173031
30.4386424;21.586704921555246
37.63829296;35.45649999067816
48.70003152;35.80254010209
44.36281688;44.05571256276422
46.39176032;57.451003522508096
53.15400696;57.88635818382645
49.67094248;53.78546478997823
41.40337968;31.694081005667265
40.147752;40.90183014104161
53.76924656;50.494805219245826
50.40743368;69.71999986761455
57.27925584;70.2265790853744
52.14178064;52.1710389978192
49.05211024;54.053952406165244
33.7977608;19.5998273482276
53.68032872;49.57033600070948
41.79407928;32.033146374738486
49.98529848;55.63028608445605
47.14980736;46.993223590527485
27.30496216;5.445419503233147
49.1562968;51.75486532722329
54.79853792;59.54795697339298
47.23243808;26.2905047004867
52.71839936;46.97604958207176
52.61780544;58.680162363661644
47.44620016;46.11810640491904
46.64414328;62.05669058336277
53.93091536;60.534735438770745
55.36078608;40.72114596517856
49.82722232;1.2092012877615659
54.65842496;34.87113041824022
36.19045904;35.31000658312647
51.64150552;48.267968101783346
43.37843352;28.555383541272356
42.38955936;24.3800888712099
50.23678328;57.29777579356348
47.91953048;43.34969498731467
41.52552944;30.72869295556945
47.33482832;43.44474029409485
48.06233792;53.91491062953116
23.26144584;29.467594619706663
27.60584576;26.208975250776852
56.26792768;67.80540854728
55.057208;45.656863101738914
26.92953128;10.854540049190682
23.04049848;23.112418343450933
23.25246424;24.493609908272667
44.78315576;41.794553683490925
55.87094096;61.10149499893796
55.40479592;40.417724635265095
44.997816;46.211463285870586
40.52228472;8.051958939992893
35.19080696;36.02789835609246
48.13868152;51.450895052454534
49.18054712;52.303739951122814
48.94612736;63.63093889378718
50.39665576;48.22583460497014
36.33685912;34.62017342722171
45.74239064;37.397535487647126
49.29640976;33.86926520949151
37.92750048;39.20869540054465
48.3569344;55.384074872595896
55.30510016;61.28292664785916
45.36067264;59.31127044532577
38.94691208;32.47592606416013
35.25637264;29.48909200243029
33.4205336;28.09393747108293
40.84023336;34.25793821211963
52.46781272;36.614681235562664
46.7761728;32.42366533857891
28.81656544;29.014993378111406
42.08508312;37.85050418766088
52.05016832;51.21140396145517
53.47375192;46.736287073133774
47.28183688;52.916968456014466
41.33601768;40.16676494051726
45.75137224;48.92171622485622
43.49968512;37.21307065132975
36.04046632;40.79741129362913
43.34340528;55.80946652824621
46.03159816;37.337721754067324
34.37437952;42.581498353079546
55.46138;57.547737942014116
52.89354056;53.1830350678725
41.29021152;38.219171318750305
44.4050304;35.693589605373155
41.16536728;43.974159744581634
38.126892;26.53154381889454
9.6911464;-51.0140188135994
47.82163104;48.4841926026397
19.61940704;8.087706320233927
21.30974416;17.086095205896065
17.91200488;-4.537495056448996
19.69036168;-4.537495056448996
19.69036168;24.618239744567425
17.91200488;24.618239744567425
18.97901896;20.34816555009686
28.02528648;27.674460793195728
43.32454392;38.25851810523371
29.84495864;29.263022127396745
31.53619392;45.95792172597471
18.10870192;20.54590298698846
39.95374944;54.1293583340647
27.17113632;29.015638076414085
21.36093928;3.9980467829501194
21.14178824;13.835391824774455
29.16684784;25.905649658930827
28.21928904;33.81627015851506
28.36479096;42.49449654343795
22.76027256;28.32876223024539
20.3523056;29.46401101932863
28.06390736;25.106556633148777
24.17936536;27.915898426767306
20.04064408;31.8609450838264
17.83566128;21.4404637965224
26.06729768;16.576796569733652
24.98411672;20.15050373691154
17.80512384;26.191341406983092
20.23644296;26.005345263103813
20.71426408;32.25760742794457
14.38582872;41.019925722628464
27.81691336;37.1750361925044
18.89549008;22.22950497410283
17.44316536;22.105616174270942
20.82922856;21.25041729055699
21.93216904;32.919064168834915
23.67639576;34.938880379313325
15.84713504;35.16276426751866
31.56313872;25.54820026327436
25.3775108;32.01756280579747
18.2416296;21.708145816604222
17.83027232;28.610284117028662
37.81972128;42.95661134248055
19.19547552;22.2114532307398
21.80552848;33.47189807194004
20.71067144;29.742692449900368
30.92454696;48.66942675157133
31.10058632;30.00815750747625
26.86935456;21.273805353423633
18.38443704;0.9420395040265461
25.78976624;16.310617545498808
26.05472344;20.386700501360913
26.26489288;26.539004145523393
18.63322736;14.880695087842149
32.68134792;30.808279901319985
29.16145888;19.201380954796456
24.62934352;32.47929827039351
24.35540472;42.394998180553664
46.07291352;43.22524533440945
26.29543032;43.52109447978183
41.38451832;34.0063632454375
22.29951648;34.556454738591064
37.44608672;38.885583129797574
25.82389632;37.60082633497836
28.79141696;39.51523539084345
31.29997784;33.61603084230193
22.61387248;43.7558336481974
34.7947184;26.591600057805614
33.66842576;25.643129871176086
25.77539568;32.90683707880444
24.19822672;23.14665707070744
28.08456504;30.30765656511985
27.28789712;23.546835274306652
17.62459368;2.662646165243032
24.67065888;27.201585111478714
18.4032984;25.68014119076914
23.39527168;19.87130262795946
27.90493304;34.652770098981996
23.76351728;24.318821875522325
22.26179376;16.256218539841292
19.80352984;26.918371994433123
22.64530808;31.465108965996244
30.00213664;39.00507900575621
19.09398344;36.57100785031292
23.6395712;19.912763809170215
13.96908248;6.1494812702881845
23.6485528;22.924132327581116
19.71551016;20.32932952594725
21.98605864;28.733520188035953
23.57849632;31.040647459014103
29.20546872;31.220840203985034
21.6366744;29.986181812518687
32.1361648;35.681198873692345
19.714612;34.00530709843425
26.93042944;31.86159784150366
16.80996256;37.7082302056643
32.93283272;31.96028788490429
28.1483344;35.879034494950595
29.49377808;24.33173730539362
23.86231488;25.95161922037711
28.92254832;27.373012313795876
24.19373592;35.20950572826768
28.0764816;25.857111070534863
24.57186128;32.73805394051745
23.69705344;38.32211768952674
23.00457208;46.38340067724996
18.81465568;34.224115217130326
30.30751104;36.58519902343421
23.16085192;32.23616345396626
30.48893936;45.11983144072247
18.49580888;36.24696791467894
25.80234048;37.14687331486419
24.36169184;39.12933871840473
16.45249488;43.17701696352915
21.42021784;31.335384429609768
18.15001728;24.967965345761023
16.09143456;20.478226180792454
19.87897528;26.647527755856025
21.58009032;18.952412638452977
21.2594472;14.82412321746606
20.96844336;18.244196683146093
25.86161904;30.378456782478054
26.77953856;26.770288799694853
33.72321352;29.394768923448233
17.57968568;37.19081444945106
15.7447448;21.354196413799876
23.14019424;22.90519034185801
36.79671704;41.332811372927246
26.74900112;26.332805027778598
28.4177824;27.437154000209837
26.31249536;29.539193570572657
20.84359912;39.36719543945389
30.63354312;34.66526605557812
25.67659808;27.58364533054877
24.80179024;34.63702964159724
16.80547176;27.63712256732483
29.78927272;32.923589275905435
21.15436248;37.85859084422827
24.02308552;29.799777056633616
19.55024872;32.468581720386105
21.58098848;35.19491845782161
10.64139968;44.55498901389566
23.07732304;4.361169218792718
27.54297456;17.949421506253692
27.3669352;28.088879455599916
24.23864392;0.28256864374457535
18.73831208;18.911777707555665
19.96070784;29.408957176546004
20.343324;38.39152968263917
18.89549008;19.307005322310623
22.22676552;6.77145320608971
22.50160248;33.275098103029784
33.68638896;41.18956489379604
24.54940728;35.63388097612491
13.83435848;16.197330154832535
28.26778968;28.39355004457297
31.40236808;29.777249382850584
21.48668168;33.549888206180235
23.17881512;37.5126045710366
20.23464664;20.47511509017854
26.30441192;33.733703830389395
27.66871696;25.773992689561247
21.40854176;20.18416050035139
24.62664904;28.340995798026448
24.92753264;21.07037541148909
20.49690936;22.05240987451304
24.88711544;30.330150918504394
26.71666736;30.447063666471017
20.90197952;18.06383316550231
16.73361896;4.668691131811066
16.24142728;22.356155647281632
16.08963824;13.77232279930356
20.40888968;24.59203752545124
19.09577976;0.9871189804424247
17.75033608;24.16558219355553
18.6188568;26.85750899771252
23.1994728;11.121172794670564
19.02931592;39.32354677987947
30.27966808;32.53830977338884
32.68224608;27.903360897005705
17.29047816;23.08688047843585
22.68662344;25.79713847392778
17.11713328;48.29716257415517
27.91122016;31.368069039417684
23.72848904;34.29632577700192
20.78611688;14.039668586356036
18.12307248;20.596478239906013
23.49496744;19.58596206963758
19.94723544;24.340673273765184
19.92837408;41.12876124010827
25.31823224;33.47627173616484
29.51084312;27.395338962199766
21.70942536;11.734162640591602
23.26054768;20.227472714116736
18.97093552;17.78975933837446
21.73816648;46.3059837999946
17.79614224;33.34921933235514
20.17536808;-13.873647704315523
18.44641008;38.71006778460568
19.18290128;45.927622398871755
29.20995952;23.949989528343217
16.24052912;35.455177451708
21.35285584;36.56030018340916
17.33808064;34.18444797616288
22.20970048;43.32522497762667
25.9029344;26.47781910690582
17.35873832;45.1190728143014
20.40080624;21.353218505667108
24.30061696;35.12945251908462
20.14842328;24.284224080825958
21.54596024;17.15360127545153
26.24513336;19.716114302950977
22.25820112;17.00708215646751
18.90986064;31.89784299797727
19.39845968;28.366843532680853
15.06393952;21.91211623638909
20.89928504;29.38020160570958
16.71296128;39.481850207230956
19.56911008;26.13899672614982
24.94549584;28.39466539483646
24.879032;24.66565277925458
22.44771288;31.342157521977107
20.16997912;27.955372723424823
18.70687648;32.22265591749143
20.70079168;37.81850807960583
22.13245872;28.622945208158477
28.27946576;37.907440118287205
25.40265928;34.311558302926464
25.8400632;31.121926793411056
33.98457808;39.03111247465495
29.32851664;35.897004425583475
26.53074824;28.69920962343887
31.10687344;32.684302647359
23.19677832;29.431167431686468
21.09957472;13.103709439671754
20.99538816;34.39225772753658
21.82888064;34.5692899941739
25.63079192;30.987016088161468
20.63253152;39.53036547722106
19.82418752;22.543821792158006
19.51881312;29.03562077490718
20.51487256;21.375554582370192
23.08181384;17.89734674836543
10.53002784;-3.4592790334221846
18.36647384;1.8162470172774974
14.34271704;34.53655155939909
22.86445912;26.121395302979572
22.01749424;14.823578156646043
17.57878752;19.40663567998015
21.36632824;9.127207648705188
19.31582896;27.247415855404334
21.24058584;30.41716230632784
23.6126264;30.674307660347772
30.28056624;32.41593513187792
29.28540496;44.41066535796073
20.88132184;32.67008288313033
21.35285584;36.8465020705349
23.07732304;31.72125181131681
26.04843632;15.926036183306614
23.50215272;37.58518521968963
14.14422368;39.43267197452459
20.78701504;31.65618987914521
18.79669248;34.192769103489205
23.36293792;27.602602007557074
25.29488008;39.54562728817741
22.59950192;20.305888662830704
20.43403816;0.5158711494622921
19.47121064;22.205380875845712
20.58762352;28.31667922032269
22.54561232;24.322981245909865
21.81900088;31.279966751133806
24.29343168;31.29767272351412
23.67280312;18.43470417094479
27.72709736;31.709378070290434
18.01529328;34.34331753320193
21.05466672;33.33168374341488
15.50044528;17.39360974989497
26.43195064;32.22961051036368
22.57165896;34.038742853271536
18.57484696;12.193249439457496
17.83386496;30.95409092008577
32.83942408;42.72432160480066
22.31209072;28.5548311148033
19.26373568;21.331161915512233
32.8636744;40.22181900034547
30.14584224;26.375131182698873
44.01073816;39.91640850428441
29.3069608;25.707788497644408
31.72031672;21.632884802871295
36.47068496;34.54188235352451
31.61792648;30.243123736987734
33.07114936;32.19518369938036
28.25790992;21.437530150608374
37.05179448;42.36857738973321
28.27048416;41.31137422771686
35.49707952;36.97133231651957
32.243944;34.94425385657633
33.31455072;17.74522444777491
41.57403008;60.36154055180089
22.7953008;50.324625516444506
32.60051352;56.62267504919017
34.20283096;41.44673229773766
35.85993616;46.41645218112625
29.85663472;47.99547481986783
40.67497192;47.86659660475532
48.81858864;55.220831415105714
19.24936512;18.173662124447866
31.36733984;27.00113880692495
31.53978656;32.040303594823435
31.31794104;42.13809790984851
33.03971376;37.27240347191892
51.34690904;45.84013994458385
30.17458336;34.89897249102777
36.33685912;48.06245045774805
33.43490416;40.73296080939718
29.32402584;28.351955032040927
45.70197344;47.07347188901107
31.1751336;30.891716365562168
33.40167224;44.700864115741105
38.49154496;45.6406914079462
43.47633296;40.30672352353883
40.75490816;63.66237102200639
37.40207688;48.50819022437367
37.07335032;31.18956789393207
40.16751152;59.47428411094172
40.13158512;38.08751468511779
37.92121336;33.727701975856625
32.44333552;39.04882206693966
35.76383304;48.06859868928975
41.80126456;48.87355905555119
36.30003456;36.535712772854104
29.86741264;25.741179403502194
35.23122416;40.795207399642955
39.43102032;43.88706530539334
26.42296904;40.99785286074589
25.53109616;25.379025293584977
35.7377864;27.299790753452136
36.32518304;36.05115827326866
27.54387272;25.96451494977955
34.16780272;36.104141791854424
28.85159368;30.845018067434005
29.81711568;41.35485014282096
39.30078712;41.47246503522583
39.11396984;30.94221628466385
27.23760016;35.961996185216556
37.06077608;54.16221233668167
50.25025568;58.6410129034495
32.35441768;48.16322659090671
35.12973208;41.647564526467384
40.79981616;57.20534572055332
41.26326672;35.35528747923974
42.29525256;47.69011492524218
35.68928576;40.56203121026568
27.66063352;26.111099290227486
26.14184496;22.424263883124944
30.83293464;36.303423895324144
35.18811248;42.618973012517024
31.21465264;40.61636511596377
30.45930008;41.29842995566409
39.64208792;34.671712655230884
33.01456528;25.969621193898043
47.06987112;49.71584840758034
34.73454168;37.0319145365276
36.07639272;41.69990366332501
31.94665304;26.530437282119856
33.65585152;41.14286162827177
32.06251568;32.61231855788487
44.57747712;46.34859382346465
34.7498104;42.366197876812954
32.09215496;25.553025788041275
39.56933696;42.332569884668736
31.67540872;26.685912217567513
35.17104744;27.97165135980989
34.40312064;38.87646073127498
32.32747288;39.995261963977235
35.16386216;39.16254449337587
36.94670976;40.41974951549488
38.55711064;42.488528653860364
39.47592832;41.980282547011534
35.86622328;33.14117428248529
35.16026952;36.71904908148382
40.38396808;34.679524922388474
39.55586456;27.860221809342896
33.62980488;33.76784385750003
32.94271248;32.24466072624879
31.974496;29.324080950032744
25.4897808;33.629257879236114
37.69308072;40.262615709594336
29.29079392;35.339894515172524
46.69803288;39.22647830730789
41.39260176;45.44017913513431
40.03368568;52.585135635798814
48.20963616;57.48991478090901
33.1331224;36.13410991070477
46.06752456;61.0428206175798
31.12663296;42.72014497664488
34.75340304;43.813973329021785
46.14835896;68.095182751462
36.33236832;39.83270960200647
36.510204;44.4008144249328
50.1442728;68.4548958833702
28.29293816;21.29944630074541
34.08157936;40.09021524987394
40.78005664;44.60296639129822
29.9895624;33.317973558560375
33.79506632;30.38585151992401
49.99787272;49.812035496898176
35.85813984;45.71576096212045
43.13233768;45.15523210287018
46.16272952;54.08056428115207
39.02774648;47.56799917601596
33.45735816;30.454414712637636
40.13517776;43.839510311350004
36.42757328;41.224897201304906
32.74332096;31.714538103463887
31.57571296;30.65836874705723
35.31295672;30.334591838175946
29.85663472;32.05911184983935
37.9382784;39.341330978846706
30.58773696;36.36847908640865
27.67590224;31.758792270359017
37.49728184;42.818062700505386
36.91257968;37.283157759683704
37.47752232;45.7540191624234
38.63974136;44.133901008003726
36.69612312;39.017218073487264
38.6837512;39.71815476329689
35.18721432;39.917203005825094
30.29403864;40.628422396989556
42.81169456;42.6084860953628
36.46260152;26.395493755463797
40.38217176;46.171916503986544
35.11446336;38.730800699781064
32.77565472;38.06001089397153
46.67018992;49.8737885728443
40.67137928;45.620258700822575
43.42962864;63.902754416394025
30.62635784;39.60352617805316
48.89942304;62.77454647736112
34.57826184;42.27590461232569
37.72361816;58.51921868534254
40.41091288;49.85918317979287
37.30866824;47.257301928210104
52.90791112;71.0894568455318
41.97460944;43.517253752682315
34.8037;33.841620062453764
41.04950464;32.4280940398504
37.84936056;23.071067217622392
34.05014376;40.136889772738904
34.32587888;37.96258515906302
32.48554904;37.530359910431535
28.55160824;26.92164575233921
38.07210424;43.457847793451016
35.59138632;42.98433014531944
36.32069224;43.156321676204136
37.65445984;51.172966190213124
42.5997288;47.33274893208306
37.453272;45.61906285400952
33.46274712;45.28692670832262
48.87696904;69.25986469700894
35.81592632;37.2999271018488
35.73868456;37.974296160357035
33.28940224;21.504541570278413
29.7111328;39.41425713183609
34.93034056;41.60603639016963
38.96756976;32.602162143226785
37.88259248;39.954255306307225
29.93657096;28.774878296503886
24.44162808;22.421524782399388
43.69458584;41.884306781694185
41.81204248;39.59036879568965
35.95693744;35.943412853369445
38.53645296;31.937563489699592
26.76876064;34.64462608993839
24.5107864;32.39733930764944
17.82039256;25.593506047913046
28.14025096;29.45850463578042
37.59967208;49.405216220999144
29.34827616;30.905921799424668
37.61404264;28.00512147032702
19.07961288;33.57629323880527
37.07963744;40.9001761038186
32.65799576;40.31236731132649
31.32063552;20.639665335840384
41.19590472;41.854334721209476
37.36615048;33.17458825995434
39.06457104;60.520570821011404
40.20343792;50.7340823658424
44.37090032;60.2931803577334
39.48940072;48.178703489152596
51.6442;62.28294111882693
31.80923456;31.650629248750228
36.13028232;42.57398639318739
32.154128;33.29565122707073
42.70930432;43.93633419573663
34.41120408;33.96547857772577
38.4143032;44.66290782440446
36.3036272;32.06726169215205
37.23861176;39.70757443570266
33.14390032;19.875470587292106
45.24570816;49.81317641505819
29.03212384;34.91259838004954
33.01725976;43.63523928481094
37.05538712;36.23911191662642
33.33610656;45.59962736674354
48.20065456;49.00050417519707
43.79787424;44.029582793527304
31.86851312;31.846423217841952
42.35004032;44.95925330103069
33.86781728;22.34216047122026
38.20593008;44.95101516691161
41.23183112;35.50656934615761
31.16884648;39.79943650846956
41.82102408;47.484250039647215
43.42334152;37.4164429398303
32.2080176;25.34725785569929
31.56224056;38.580078258825885
48.01832808;47.94734565245641
32.89241552;20.96855633231396
36.82096736;33.388983720187134
25.33170464;28.96563317006941
29.15696808;27.90939279683692
34.24863712;31.65384819925118
29.9446544;27.269751267354643
21.21364104;23.30491656316365
37.01496992;41.62247877193469
36.3664984;34.963240428901166
26.88013248;24.87307232328137
29.31773872;22.790760281864273
29.59616832;31.172729486037447
27.50345552;40.36706457298448
31.29997784;37.56516941583181
29.10846744;38.620254031089466
45.89777232;43.27664052414223
49.12845384;49.422605637516966
49.58382096;60.26661774116149
37.68050648;57.94417755278067
35.61743296;44.325803616071646
34.84052456;45.52601510280051
40.7944272;53.90431161528854
33.93877192;40.95345237836242
38.10353984;39.69096687065019
32.42088152;36.87849515526593
37.60506104;52.52283107062913
22.32286864;38.22066310629943
35.17823272;45.14731716721278
26.77504776;26.824813297277494
48.67667936;52.462417505840584
46.43397384;47.9910881131372
41.45547296;45.253496822780754
33.91991056;43.50515228277812
34.13726528;25.908494282531798
33.80314976;44.16321300234866
42.42368944;40.058269142511584
40.02290776;37.670215171778686
46.64504144;45.811334112888595
35.11715784;43.041123007191196
43.07395728;54.70402496323657
40.24295696;26.60024307328002
25.90113808;27.673958491173487
35.01566576;29.703895700488424
29.41743448;32.912655135404876
35.9802896;35.55473796769831
33.72860248;36.90312852994801
29.280016;29.075072062854154
41.2794336;37.08929375180593
53.61476304;58.20932941177092
35.72790664;38.45739867417077
27.4298064;21.22615383841771
19.9122072;13.417802527667895
36.2317744;28.629059591519564
33.3846072;31.851824855493817
33.00738;21.507937246453743
38.9531992;33.10506025906512
44.2433616;40.350121459609646
40.0848808;37.190363214629734
33.9145216;30.602681194444777
26.765168;22.40197274073281
44.414012;41.50515993753326
35.0551848;36.70182833050867
36.1329768;31.282637525199007
29.9266912;28.241057969038174
43.4170544;47.371330091791734
40.5878504;26.511152422000883
31.8487536;29.381785057893005
37.8754072;37.878707950759114
28.7770464;37.209816571740454
38.2795792;37.90336218906941
38.1538368;27.25354317908453
24.1066144;19.791420971643937
42.9949192;36.90924565639978
35.7826944;39.72338682474301
41.4141576;41.05063482726644
30.1961392;30.69311632578396
36.7257624;33.24122165285279
38.1358736;22.808355186253927
39.8962672;47.92141115174051
38.2346712;36.11510632374321
31.749956;28.62185677437627
38.8723648;30.59949778533891
36.420388;25.358709114373312
38.5400456;45.20178809412166
39.5010768;26.29145690170909
43.1026984;24.300676889441114
42.1775936;24.552128679170387
33.4834048;13.67515708647754
41.2435072;22.849563012216336
35.3964856;23.344042026953698
27.61842;27.978168862007742
37.0580816;23.619678703656767
29.9805808;7.527522912116183
50.1712176;54.889442480072
35.7198232;21.273825565633544
40.9291512;25.137615565346835
35.7557496;36.18801457728149
42.168612;36.228941077309365
28.606396;22.399370001757084
38.8723648;44.03349589983269
26.360996;38.51556919244181
36.2497376;39.23805932832318
34.8665712;36.71760636513023
47.3689584;44.94529559689613
39.0430152;44.65361784556641
32.648116;21.79608048451429
41.09082;30.47564107490326
35.6928784;36.98767162172853
40.057936;39.665984692100935
33.6540552;28.613712097736425
39.878304;39.48818821786541
37.3724376;19.994590919744077
44.2882696;42.97340853050121
29.8728016;27.738185886919247
29.1902;37.02408299054615
35.0102768;27.318767202401297
42.527876;54.23232898403533
40.821372;40.14824095862717
32.2169992;27.550505894528293
39.0160704;24.743197075783435
32.3157968;29.116075046503976
37.9292968;30.355615508455898
35.8904736;38.168193675368066
35.0012952;34.966364471669664
41.6476792;27.65779068367157
45.2582824;47.818534221666205
34.6599944;27.613371477966346
39.4651504;28.437924694663025
43.1835328;34.54867320700496
44.6026256;27.373323174337955
30.0075256;25.9672501121675
35.79437048;15.653146668235784
38.4951376;31.046594681511372
30.3308632;22.376968993998133
42.2045384;42.616132941906706
39.7974696;31.908927740369542
31.0853176;23.06789893672712
41.0728568;37.66244853313459
25.14848;16.916878846460044
40.2645128;39.47609948189296
40.551924;35.92275158690553
41.5758264;25.107456614875353
21.3133368;22.236979861262007
38.6747696;36.604557516420236
44.8720736;34.15177955495017
37.7137384;36.38631333110233
34.9204608;35.91721362176827
31.7230112;14.353691378995954
37.7496648;39.827573070412235
39.1687576;31.20073401229852
36.689836;42.165061263815495
33.3307176;29.80641278289699
40.1746968;35.396583983139486
43.1026984;35.25537496506687
38.531064;36.66953647310041
38.935236;36.34369599130587
40.86628;34.093888913745246
34.4085096;28.139649752139512
34.8306448;36.733320987056366
38.1179104;31.569757799915585
44.5756808;36.152322948688116
35.8994552;37.16348236695054
35.6749152;32.3473397808335
43.5697416;44.63529928781906
45.716344;32.45820369465897
42.2494464;34.558213003780345
39.7795064;28.862614025246177
49.4616712;34.109904400954186
41.5039736;31.136330784957686
45.7073624;37.71206655071289
35.836584;29.905120840096565
37.8933704;27.066924928461553
39.9501568;34.645205379658066
38.755604;24.925881206713854
50.1801992;34.201823272766596
25.4807992;18.61636513241134
29.7919672;17.32988602252808
26.5136832;9.8032216669395
34.1570248;22.521026186332314
32.5672816;21.4928871618063
31.8487536;18.37727498121216
23.9718904;12.242619999144615
37.992168;29.349265027367217
22.7863192;22.8790354301221
44.5577176;48.54399401817562
40.2645128;25.96596309793013
35.3156512;23.74346255981414
33.1241408;32.22008162732748
44.6654968;46.79629839691567
37.7855912;40.152417065391624
35.7288048;36.58497654020503
32.9983984;36.61143306737346
37.7496648;30.949739149219916
39.8603408;33.131177355359846
30.6362376;28.45710390285236
36.3664984;41.08621418500813
34.6510128;37.99351475056793
35.3785224;33.00622643736175
38.1718;28.888516015826745
30.7799432;26.621168956727683
38.0730024;47.03489937898079
42.707508;44.875602098714715
38.351432;42.2376737956567
35.0372216;36.973566701870304
37.4891984;25.17173693278383
50.4047392;51.200394456974
36.5191856;25.80379826353225
38.3604136;35.64091526150401
41.9979616;32.87088439461541
36.3575168;27.568712456562935
48.8329592;37.0185336099888
44.773276;17.006040622499302
45.9588472;17.993469223032456
49.4706528;26.688507836577656
41.5758264;33.8699394184113
36.9323392;28.66348440896332
45.401988;35.13350566659185
14.8286216;17.779644003762733
35.118056;22.616683997529137
30.1242864;19.767620055297364
34.5701784;21.083195788363597
22.9659512;23.242006627515075
31.3817104;24.5287528454894
35.118056;33.68085329510842
20.7564776;15.013087945438421
39.698672;40.579445795313795
31.5074528;30.864227302390574
37.5969776;31.498653453712215
38.8094936;31.992043793193304
42.2853728;49.41640520403491
33.8785952;28.837106538691188
25.7233024;31.072726493588327
38.0460576;48.793309729689284
32.423576;27.433625254070797
36.195848;45.865172122854624
38.3334688;36.230522908712864
42.43806;36.53410009414342
37.5341064;36.827782311158366
28.3279664;20.663054811683814
38.2795792;33.54160535314449
37.6239224;29.102733544572423
43.8122448;46.28907428267094
30.9685568;41.044135400631504
44.6744784;36.68334598662818
25.2921856;29.26360644156299
44.2164168;41.345000379883366
48.9676832;45.6668229432051
46.2732032;37.37575689736317
20.8013856;22.271114419471296
35.0192584;30.958538678220563
43.3990912;38.97651103317026
33.815724;24.163871388373188
29.2620528;2.916973763735136
51.1322488;29.536785979739015
40.8842432;26.03495186516632
36.8964128;29.356306314446606
34.9653688;32.566398214428894
40.9830408;25.75470368552506
33.9684112;21.970430779770375
30.5643848;23.397801849124242
30.4566056;30.23639374893515
28.9297336;9.513827135508542
17.7117152;17.75096212735918
29.6482616;23.149962426977332
33.8965584;24.452374676879714
40.7135928;39.01706207181879
41.6117528;33.26384029254181
34.9743504;21.001839757554812
27.7441624;19.871027693471653
34.2019328;19.80394635722316
39.698672;42.028782407666036
33.1510856;39.7078677814319
33.7438712;40.46295859063428
44.8271656;31.01238222682759
30.941612;33.59567884413013
38.4592112;47.48222786512324
27.5645304;30.948608772117524
43.0308456;45.079278621788525
39.6268192;37.931195973468085
32.064312;21.694946277421288
42.9230664;40.13603831310808
35.6749152;31.80733327991016
36.3485352;29.030086412300328
30.941612;36.577719348506854
26.6214624;24.360163485362285
38.755604;28.589732576496484
34.0672088;31.50407223084651
36.4742776;36.610519192975076
31.390692;40.75757419537492
43.1386248;41.474791472603435
46.345056;43.60250275831276
33.7977608;20.105371084948903
40.4980344;32.744010296990375
46.0486632;20.50716859837005
49.2910208;34.599479902078826
42.4739864;17.795534302600558
42.752416;34.37810159670689
48.4467504;36.40400098235824
32.9804352;29.14331084272535
20.0379496;22.103116513449002
18.5290408;19.132832691200427
17.7027336;33.428106650619576
21.7713984;20.290751784579562
27.6274016;14.987382059116747
17.1728192;-1.7231455262118303
21.8522328;14.295236702800388
20.1008208;3.512207037070162
17.7925496;15.515590716477298
25.328112;20.64292069581972
23.4509576;23.828069162108427
25.3640384;28.687410017046908
31.4625448;28.416975593027384
26.6843336;28.049437756352425
39.5280216;28.601707943370762
21.4031528;12.731207801158511
20.7115696;19.719340091476305
21.061852;22.7262583178346
25.8041368;9.116575016636887
26.7831312;21.268676641626293
41.3423048;47.10993416804191
34.6510128;30.87169180781088
46.389964;38.94304468568033
21.376208;20.580447873752313
29.1722368;18.71574042062381
31.6421768;32.37205974714983
37.9831864;31.918334869458924
40.8303536;35.70531618887998
30.1242864;10.500643494069038
41.2165624;25.0728647207302
25.4269096;22.30025100596975
23.4599392;14.099234565059866
24.8431056;17.059809677261107
23.307252;18.53983339797162
25.193388;11.471254060392248
32.7020056;22.210294550138947
39.9591384;23.772952382635907
48.770088;35.81204394837642
43.9739136;31.316844912506475
37.7496648;17.917532089774596
43.2643672;36.49784728384111
27.9687024;11.034510329411681
16.3554936;6.801753019606075
20.1547104;20.453247996546274
16.7417024;19.078421985979183
17.7027336;17.827301947708712
22.5707608;18.525686779217857
24.429952;18.986251937871238
23.5767;19.67191969449552
22.5168712;9.27118173590457
15.6818736;16.754327029817055
21.9330672;15.119579094695986
25.1394984;20.422887767918688
21.2684288;11.010469028216981
24.1784672;28.90188141812981
19.894244;17.382956803269472
29.6572432;30.461778735796756
26.854984;17.52598522116331
27.2681376;2.576679385655247
20.65768;26.646349170726147
30.6452192;16.74019175235201
38.3783768;41.589635164554615
22.3282576;18.477638044304456
26.585536;22.648324629483675
30.0793784;27.078459201236257
33.5822024;27.66836095545608
32.827748;35.11884614045881
33.8696136;26.412706240353394
36.4383512;35.10309221426488
35.7557496;17.635074728638177
36.4024248;23.483699916848835
35.3066696;29.717678784416137
31.390692;25.838752600625533
29.324924;27.168009605834648
29.7021512;17.611628370978444
43.7314104;33.75020616684705
36.1150136;36.307342117722726
45.4648592;30.17380358356383
30.7350352;11.61641933703526
18.5829304;13.120310206685154
21.9869568;1.4918813601892964
41.0728568;24.85883108744236
49.0036096;32.60854158907846
32.962472;21.01061449218431
15.672892;31.028163031014024
23.6485528;21.850157667191148
20.3972136;26.05554335415038
19.7774832;20.50279792793392
33.725908;10.324189589638202
26.2352536;18.408984727966462
14.0023144;30.329532877303414
27.932776;34.66397877274911
21.6995456;18.04103416535107
19.130808;15.999791884882335
24.1694856;20.927700038187638
30.3308632;29.337967776449553
22.5797424;18.519385083900936
24.6455104;14.170068444414483
34.7677736;34.12478704068878
25.8310816;12.900452648954278
19.3912744;7.262157751573817
20.3163792;19.35612012283375
22.3731656;27.010692918407067
30.2141024;29.21333287560585
30.9056856;22.88351267412883
23.2084544;28.198100896602163
39.8693224;39.98889020391211
30.3757712;24.931779234746138
29.6123352;21.871984115154476
23.3791048;11.468951099259577
24.8969952;23.092984102250718
22.1935336;12.669258803766205
35.2707432;25.333740879656474
41.1985992;35.988838150099966
29.9626176;24.36844508149961
25.8131184;16.78040890984365
41.3512864;31.511556913034177
37.2466952;31.915819474943234
30.5284584;7.052058371288446
31.2739312;7.470382016977929
30.4386424;5.394106363641292
26.0196952;14.320390087014083
34.9743504;29.183745375697818
43.4619624;29.761395694419527
33.1061776;14.713824365617082
20.3073976;22.511532568889912
18.2955192;18.70399735849093
21.5917664;21.935038258834446
29.63928;29.83542321968371
26.7831312;11.22900920902763
25.642468;9.925602954392602
18.3045008;11.724449943784485
30.4566056;28.393481657614764
19.0679368;20.364423211024835
28.0675;18.54692103928
29.3967768;24.87825192750985
28.74112;27.504713680155582
32.9445088;34.291895561119524
29.3608504;19.50229244621884
24.4658784;19.03141613499684
31.3996736;20.82634347935123
23.531792;21.080766486475376
37.7137384;35.07581342064038
23.3701232;22.639914846451994
17.0380952;14.779813113636077
27.2052664;16.50919468684568
15.583076;25.748671133741958
21.286392;23.934353826288167
23.9449456;18.5594175464718
22.7324296;12.696093462261793
30.7440168;22.412383800710323
37.1568792;31.086538623374828
38.39634;14.88152775063881
37.4622536;24.70952402727168
22.6965032;12.680002974860642
30.6003112;24.65092210370997
31.5793056;23.59481741054332
32.962472;24.510361859378982
23.846148;17.510536320972356
28.3549112;27.944169905116432
27.7621256;14.566069627324076
30.0973416;5.616664415817517
33.3486808;18.992278159158722
28.3459296;18.40046341610674
29.4955744;21.511695483838018
36.510204;28.134337642100242
28.51658;18.026371303408972
21.2684288;30.679751431581188
27.932776;33.614594986526676
24.7532896;23.901093160055858
22.6875216;18.159992279921134
28.0405552;18.483496807938053
26.5136832;9.766358996295608
14.8016768;20.38014965071627
26.7561864;10.769205410793589
29.4865928;26.005009609041807
22.7773376;18.85601917426571
32.288852;36.037096850389
24.385044;24.02319861022648
25.7053392;35.15127639808312
32.0373672;18.976911042677386
25.9658056;23.13753850064922
32.3247784;22.88718703058216
20.9810176;11.202958625297406
21.2145392;22.865445006020018
23.1096568;22.962194494248386
33.815724;13.879733002109305
33.591184;22.97952819146642
28.5794512;19.217493239897717
30.8338328;23.422428994561287
21.1157416;20.429976371076698
28.3100032;28.091063973065708
30.1063232;23.666904590974674
25.2652408;23.214052739816417
37.1299344;17.855198940472874
23.397068;1.8745126391730622
25.2652408;14.584184525059406
25.3011672;17.632639526234563
20.5499008;13.492659993903963
25.6783944;25.81474552938794
28.7950096;22.60023449521755
28.651304;21.92634923889154
37.2646584;17.342563143480326
35.7198232;27.814076284455417
32.5223736;10.69951235023347
40.6686848;36.9373701781822
30.6991088;30.536189412936054
35.7737128;15.940129758548508
31.3368024;12.087459799588906
19.0859;26.256067089060615
32.8546928;27.177553615975512
23.7293872;20.61626161663728
28.2740768;20.44199149372286
37.6508672;22.98574134380304
24.3221728;17.184221034956863
19.9301704;23.025689200673234
35.073148;27.15625165153204
28.0854632;29.86198010196297
25.8041368;20.97660370632601
20.3792504;23.16010257798117
16.1399352;29.901087657427375
29.4865928;23.76156993401583
19.8672992;8.759332740821499
25.4807992;28.620747574219386
34.0312824;16.35686635123303
28.0315736;8.152261370022167
42.4021336;48.79638495811265
23.9898536;22.113709132819714
28.6782488;24.383576171976667
20.7295328;24.08795710857654
44.68346;42.99011090226951
20.5588824;24.014049953535725
35.1539824;22.201220235906046
23.6036448;4.483317991090921
22.3372392;14.949993854753636
24.3491176;14.084744878130088
26.8370208;20.871804336787243
27.0885056;18.484476161526217
29.324924;23.006223407516394
33.860632;25.384888485994267
34.1121168;24.313982517574935
37.7586464;29.915445981274168
27.259156;7.737312675377318
30.08836;19.585557377459132
39.6627456;31.166280482667553
41.3782312;25.88131321522331
38.2077264;25.455257122973933
40.6327584;24.6710863238278
36.2677008;25.869585492398627
29.03698303;43.077859739856194
39.82379873;16.107681008998064
39.85104663;38.34102835826439
32.77524762;78.18219903264057
45.33277986;45.423690454626104
45.14099471;59.20586942116256
38.49017384;48.46028869572964
7.887211612;29.043878379307436
19.36189143;31.89600090464949
45.03832962;74.77983896276683
36.02502703;5.606890980871235
26.45453611;5.469410232004186
19.01993333;15.28940573118097
25.55207913;101.66707514958645
18.92847399;29.78396378012716
20.37164477;53.12425862835983
54.43281549;81.16119480307964
8.553875538;43.829303948008494
18.84380171;3.85650252733857
22.47977671;35.15226412712207
35.30734502;46.34591327755336
30.54923757;31.657010447754196
29.59888701;24.942231737931145
23.25248755;11.459395228143592
28.61158641;46.3439013497703
37.43421942;42.78073336316398
42.66149954;82.15962367348561
39.55471285;41.08959636517415
30.23238835;5.984664272883045
57.74976785;49.87607120219749
30.75857219;36.04288007712761
48.27843915;21.47270609865199
32.16249201;58.01395406474099
28.401657;75.09777495936427
55.23631801;62.66051048937296
46.51556379;121.41764537365177
48.40281993;99.30043086854963
24.76435079;6.641152642466146
47.24094552;9.597680139133296
21.49987395;35.87475686486592
46.06458045;41.523430635922885
49.10288477;137.19583553493501
44.20859178;64.80441136193386
8.8201491;5.552503820102238
30.0636545;28.20024806665915
26.6981223;24.410192190180076
19.007545;36.08241588169303
29.2398225;-32.46116326956619
29.7678678;2.557556132319114
29.8042623;33.8595301827313
29.4200929;25.886277234656838
29.6248624;-6.090447736393095
23.6001993;-27.298316957843475
27.2118078;9.508845725082132
32.0045637;-28.273418421941166
18.4333902;-59.17460997728546
27.0877439;-8.021140396481407
26.5075625;-19.57186266125425
29.4200929;-49.70044890082416
28.9160377;14.038649176073953
30.6091605;62.32862487063138
24.0875017;79.9924716603542
18.2845829;22.533796275194582
16.6526091;18.799567273712075
22.0629308;74.89709746447303
21.7803682;9.090147549261381
28.0560533;51.80805460324233
19.3598966;39.00688776361604
20.2066235;40.72685834380962
20.9780748;17.73911606292527
21.916726;41.764285393577744
23.0663997;54.569930386060015
21.185161;52.50570860847325
17.5969486;45.80650857906962
0.1203567;26.424635144225356
16.7258445;97.63146551687134
24.6723306;-27.608381953218476
23.503091;32.10504305597441
22.5682286;29.28130383909859
21.3595053;12.483704427121388
21.5183369;24.54096512402301
19.5402631;8.337930830937715
18.2998726;42.95775141888836
0.1784969;10.404420330284204
30.1905493;33.17820815980071
0.3146534;-10.608002259745483
23.2531352;6.926300526033707
19.6191276;43.656202640529486
25.8774134;29.723715583499448
24.101768;-115.5198834392809
23.6841701;9.004502253746907
21.9450733;-10.284411084549198
21.9377347;25.798880247551942
33.3139786;43.20046303443852
23.4790127;-11.855225858664888
15.567914;-12.848548209892762
27.605526;13.378556392510937
12.193348;69.42044903801118
16.1589831;-27.115427656910136
20.4443323;16.696566571410322
16.6105049;28.550625039579636
19.0562526;33.61062507990902
18.8640566;21.70188949116045
20.8830575;143.85998361421616
12.8412825;27.710802455350873
11.2985089;23.18623417745996
18.382965;-1.5860757077119914
18.38124;-37.97376840539716
19.3355468;141.64717402684883
20.4442918;10.54229581316482
11.3583948;37.18119159408926
14.6950983;-51.35238671915641
21.9782167;70.56159875294813
18.9699349;51.63870020663839
12.6598454;-2.661048438015264
21.8401098;-8.395997058911782
27.5121973;-10.232595149076282
24.5542822;2.025795955272322
11.8845059;-22.558512849848164
11.0235986;38.197575782976436
21.1332992;32.83122434387124
30.4423417;2.0687353946341247
32.0517547;-33.0973107819651
30.9736701;21.038955822869177
13.8571284;-5.762383451272498
12.9656916;19.70651873753709
28.7447608;71.40304442258102
16.9206126;11.715127152894915
18.4633128;7.842990273678957
16.4704836;10.955909262675071
14.3658934;43.752550795493406
8.4823533;13.247563919645835
23.7265656;44.96931490639965
26.3562276;41.96471803178383
25.8151823;6.279937616424569
21.2267941;5.739538709056255
14.5366298;13.668417093757647
23.4817949;-15.701019793544326
15.2596657;46.110389922662385
24.3649521;8.751151196218778
24.7827037;6.697244496935866
23.8949892;-13.6662173796053
9.8886464;5.351617366195278
12.3328682;-43.777834355638994
19.0854809;62.88169462601751
23.5639118;-1.1437103038754586
24.7833039;-4.929713550961118
25.0134447;-98.82044616250468
20.2778424;110.63356211210504
23.9484151;61.924377223936226
14.7011521;38.42271598375162
25.219413;-47.323744306025624
20.4758822;-3.6034893540569115
24.2280451;-19.530633780448603
27.6979267;151.97768943498212
24.7011503;90.63510032176265
20.1049285;5.490512293179179
20.8528217;-16.523834351250485
22.7597893;10.776383138875609
24.8543198;-68.71638022038562
29.3295386;4.7156414135899425
28.3729715;6.512571007235799
27.815069;-77.39207405756736
17.3473309;-3.0344052751135635
18.6707217;-21.764094541071763
21.529338;-10.699447649523016
18.9122514;35.635125833779874
17.4410839;57.75967095998093
25.4731171;-70.5118989912265
17.5493482;-5.624417338957592
19.8948245;-51.06240813869562
25.3710765;-29.907107711782153
17.9132952;-3.9467206866612443
25.2932327;6.898587813877668
24.8043189;-6.990039221491237
26.0081546;-6.0756091822043246
22.4791546;32.681295175841335
16.3412595;77.92402006580093
16.0005598;-162.7191849671229
18.5244328;140.05761215925116
22.8467776;-24.71995919443558
22.8343214;-23.915682450144494
24.5277361;-51.89191878202586
23.5635132;20.823430403840028
19.4144401;-8.77040958069123
20.8079332;25.432402159107504
19.0272507;66.58866653875273
20.9923581;56.86221092467705
18.8024965;85.25837959438945
21.4042736;75.60696290992146
22.3354253;-28.67444644505344
24.0385779;-1.7733677362545919
25.8363029;-14.476077806471672
23.8566796;-19.40984903420091
18.9668351;1.342440985781117
22.3526531;11.07700590916432
25.2125424;-17.62962029342146
21.5146049;5.0836424674712575
21.8687886;-33.64918856964386
11.6411375;-2.749322713443796
27.740063;-47.62161980762031
23.8602115;-3.3934998132610943
18.6447066;14.498266823021673
23.7801556;-47.17790507899222
15.8253574;25.61638051809833
25.1038353;-5.199082858420404
26.4414765;55.46104016504193
26.4625457;52.15652541671215
16.4861796;47.869343698145705
25.5827864;-50.0150632503206
20.9016697;-7.5052635668926015
17.4946463;-2.431230823077364
26.9306654;-26.13178243360995
14.2289089;34.1078210377426
15.9943823;37.60261676322982
21.1433176;31.905953296322615
16.5189008;10.353580822588974
21.6244347;9.263593532192566
18.7280518;29.844855867450683
13.0566697;27.04599613985922
13.4416949;-82.91462357711706
34.4877908;-7.78087829568377
17.1186269;-0.13029731632642694
17.4790548;-14.567416187297546
18.7322678;-27.465327413758963
27.1706949;-4.393101161464337
23.7480373;-11.714544139195063
15.6418138;-41.77021804346695
19.2053792;-24.520330351463578
25.4009884;11.814309303353575
12.0905165;29.904514617217536
14.5405954;51.491083321501954
17.7152963;41.099909802440415
19.8983684;123.89780038045956
25.7082187;10.077727280579744
33.8704846;64.59532226914507
23.0560059;-8.957028565040055
29.477088;7.791783191742375
19.6422626;-11.106502635042752
27.2485094;10.208724601380474
31.9139834;1.6344617932832577
24.237156;24.647921687918476
25.7155669;-1.2053025038209384
18.7921303;-28.18368753352994
10.002799;55.26196254885661
26.3661717;-17.268957374038145
32.849688;5.434402395677715
26.4104867;-99.7043142720934
24.8914973;20.918422114768585
24.7878688;39.886191767724334
28.3837416;45.10961239366442
29.6271934;40.052731172661
20.5002862;59.03103563654356
28.4337753;42.282189165879835
23.5948822;-28.95629865106958
26.7378305;62.151181906731956
31.740384;-2.8057326388079176
27.0647465;59.877291477879105
24.7105497;-32.7532290914424
28.4912797;40.449175524014684
36.0674;82.51537537548025
32.7696411;-102.34571817596776
30.2587179;25.948155646326903
27.1008098;45.116933898290114
22.9184361;331.6650254198541
25.4753491;-28.56110718860318
25.2063093;-29.95001065530122
27.1306422;-30.46034980859951
25.1613254;-29.34546868623101
23.4211164;-33.27154166184071
24.7279221;152.40147842340485
22.7147864;29.042185615284176
18.3010473;55.796267909052126
22.7749796;-11.53530017724129
15.5048455;-0.8922602105489332
16.1139605;-51.143126933579914
17.8018778;-2.8276192321242277
14.7296259;-55.34809959142408
10.5368678;-26.896089296292935
17.0350989;-45.21856784199995
9.2925911;-17.850820629469446
22.749655;49.28958471248111
18.2224003;50.94458264615289
17.2297979;27.687204020701454
33.0668761;46.27308682482226
36.5737353;-72.88037683283292
17.4021026;34.49498805958182
17.2252522;29.91500532650504
31.5601393;27.861055519008275
27.9356043;27.000214771399357
30.4448321;26.416408081081784
18.6822674;23.855070654717984
32.819832;-81.83693131534122
32.1839279;52.357535786214996
20.9359767;37.565242666938154
30.5849432;-66.31335297803318
25.4822964;33.768391816551755
31.5217808;-3.903069295729985
23.1923577;26.416408081081784
31.3122601;38.67093887899702
23.865143;47.80564514266616
24.8464343;0.3128669253690859
29.4123555;23.044471633398096
30.0713357;64.96418307043743
20.7835822;22.445140159201593
22.6849377;10.019977184496689
21.1824974;34.073874138024756
25.1081322;-36.005427911529175
33.6923403;72.53104661401645
27.6274092;53.12932867781726
25.5794979;24.440518846031594
21.9177055;-17.84721008503731
22.0443508;57.321002257066276
27.117521;33.254680183213914
26.6517294;-69.32890243349195
14.9192596;35.493174633883946
20.3286998;73.47782086898556
28.4076197;39.020312374499404
28.03085;-9.946261325443686
25.3203144;19.39306672812412
33.5809872;37.798997810204725
14.6955712;49.47237783297893
29.2197383;29.11901102770792
28.4342529;-50.57598741287726
21.7445789;58.73119149841361
14.3034502;41.397844725130334
26.3723247;-84.79236566910473
22.2173235;27.417591563508942
22.3824361;173.95944622233336
28.2703497;39.077833801207866
20.3167525;12.637246123671993
25.1090274;18.842642806782933
26.5111677;9.828150006050912
24.7017206;22.754129376800385
23.3946189;41.822018727444096
19.5195251;22.144680739898227
22.2226751;9.12176030314
16.0160135;7.8609400291327916
24.8486436;32.550853263040544
15.4432538;-2022.9157061536368
27.8629911;23.506176758868
18.3656463;6.082559050631993
18.8484682;23.588786505570305
27.2630507;0.01937850746879377
15.1890275;-14.000729936419312
26.2974583;-1960.3790702389254
30.6487033;-2235.0774125537287
21.8028278;-9.121244451489197
20.6757064;-10.576167318117179
18.4058734;13.201676264393164
26.0212295;3.8359665396239038
23.5316509;-16.49797575801194
19.9847988;19.41763614675164
27.4625057;4.449302628712097
28.7997783;-31.699874661014157
24.3518135;27.742176361968426
13.6996428;-4.56123200882471
12.3695706;-17.646455951014424
24.9866824;54.14194798425532
22.3372963;37.014880541123794
24.1739317;5.766745780860582
22.1376206;-20.406627777739068
27.0354829;-0.1559358838091569
18.1899042;-11.31088192545375
22.8639542;-1.6715424603782836
22.1540536;2.6577360515901987
19.7699049;56.825995530855344
25.8542101;46.63889250574122
10.2141542;-6.5471607280157045
26.0485003;34.52700734294418
15.2901871;9.345025257202927
24.0932208;-13.915411809640126
22.5233692;58.395801462183634
15.7773045;0.40233300297531827
17.2683218;-4.827438969676635
26.8053436;-7.2587333365191355
20.6646983;-19.82459709934526
15.2405601;-10.882504719495593
25.0638747;15.581028111967122
23.5984567;19.510319138112287
17.0749185;38.058177501593114
16.5891393;0.7406302736416421
14.7376116;-2.2325698886754566
15.2621151;5.993982028476601
16.1507921;13.383848334578623
14.6235725;38.81742367952503
24.0106037;44.09103037493082
24.0454969;20.43484800356402
20.3714077;18.245262188934838
18.4066916;12.761821260024867
28.0182775;31.659547022962066
28.4535633;-5.097353493585025
22.4892048;-14.184660028718447
25.9947626;28.656038197304802
24.177666;21.645490156329878
24.5122224;41.54124966364656
24.5034588;21.831564053743385
17.8422291;-0.219603644374196
23.4466925;-38.83049567701776
16.7720298;36.047559279802066
22.7050704;31.288546984771436
20.2942254;36.668583194328754
23.8263051;-27.862330891122305
25.7403274;16.425482858934934
18.918016;-39.44432565191972
23.5568593;-83.65567717634522
19.8130677;-23.616280318781868
15.7037323;12.066181262299231
22.9680733;13.798231763494492
24.7359868;37.84034782614591
31.479342;51.57912756559514
21.1080541;83.03216181347764
27.9140628;27.483360593101416
26.7953726;12.214263930213257
19.5730771;32.219433288453466
26.9555598;-0.19127496588564696
29.6902989;-3.4876385295228047
32.2526884;15.992730119927579
16.2875428;12.764425815070886
27.5560675;-44.4128413751964
20.5470267;-22.512724083189973
25.3411383;-48.62312250344261
28.293755;-50.83751669642729
10.4854703;18.572560174154624
21.5288731;25.468392792248686
25.6044675;26.909770408714927
23.0124221;3.51321446637278
27.8104447;31.558398081854385
17.7264282;31.987869552915605
4.0405134;-6.574412048429899
20.9605233;12.587567059094262
23.7332519;14.739545487316953
28.9468705;-68.26060034207708
26.9507108;-3.3072264492478
27.8759696;-20.85218087567705
22.9000732;-29.028432959390535
23.929701;-18.91702676586153
22.4972219;-76.66920255337479
25.0388908;-23.11795203062062
22.2035619;-34.87163190260217
19.7002912;-38.36361291293519
30.3048396;-73.30249840491209
26.5855006;-58.199649924455834
29.2286548;-8.122521093798703
23.6374648;-24.46947991099183
23.1714746;-11.297563311384955
20.4983992;-28.0507448552001
14.6185935;-14.885084724663436
23.2362908;-52.07083544266826
26.0823754;20.660990519791007
23.5932657;-18.84548347419298
24.671864;11.708793720640308
18.0349762;-0.32294167242724114
18.8416377;13.99137878582221
17.6188919;0.9905853803941582
21.3654071;-18.31496493356625
21.5099773;8.293914760252854
23.8874668;7.727799339052609
23.9641354;8.581339319994704
28.0256964;25.411901023278737
25.8593339;18.804252355485538
14.8207158;11.2952533299303
25.0435935;20.361427849351664
18.2305843;-5.02726720607064
21.7874011;4.923889067063492
20.9461529;-10.889739618052381
23.4122446;3.124221885806115
17.827178;18.73693376175708
24.6863976;24.938572634438664
28.1087702;25.157130715111734
15.5770872;3.770775660788715
25.1194832;7.145061469753685
30.2937381;3.2584424514596932
14.0799878;20.485923282808322
32.6910057;-10.569045281166474
20.3372876;15.113063387227989
29.8343186;-5.687873146327469
28.1115846;9.654102992187696
21.9176711;-171.30628777906705
30.3325656;-162.78756156144388
28.7613723;-4.941151923279797
30.1866451;-28.077732036122747
23.8350406;-27.221651070836778
22.6519927;6.217329530299217
23.5639284;-38.90621544649745
22.3476486;-85.97188395482894
16.1418311;-24.291964476498983
27.2504435;77.57785082214713
24.5737124;-72.96933888305253
26.5354766;-84.81202613474491
13.7375801;15.863095324573031
13.006125;140.27372164666266
16.7999644;71.7312452133728
28.9457752;-21.72485658169567
16.8257389;-23.22359372941927
23.247423;-23.98750817120763
22.288976;-7.7334759752755176
18.2355868;-21.293881601676
22.1931554;-24.0574159139911
18.4018078;112.58561099147559
28.8690519;-7.9676961715482335
23.177654;-39.03890033366881
30.1846022;-16.156772113221685
19.7587888;6.431292137354141
31.7771501;12.750693815700252
27.8528893;3.530522696309937
33.9383602;4.707606733330543
35.7862253;4.092218979279146
29.1808882;-4.24484382652922
21.9967899;-48.12194111586529
26.2101834;-25.684584242179035
20.1904228;11.522818782396762
16.075038;-0.21978582777141042
23.579372;-17.831151214514655
13.1282234;10.312211267588985
22.2307674;28.88317496298533
26.1956704;22.841976963147737
15.3817848;-45.910394822506056
15.4090276;-10.902042269436357
32.0667472;34.36119234266038
27.0928657;14.36977325621212
17.6191921;-5.898684733226823
15.4392606;43.42446303960906
17.7634438;77.10779362830519
26.6941807;26.697884609798088
26.5877994;39.021253215776
24.8470543;10.721057084465038
24.2479184;9.415490890373711
15.1845147;50.78146850167578
15.9702418;32.643870307903065
11.4439558;12.292594677161127
16.0124081;36.33027683684562
12.9559773;36.86159924747212
14.7248979;48.237791194608086
31.8834956;22.638042581659214
28.9161584;18.131672293880868
15.3227085;-7.911583510882558
19.7161231;24.606231474512718
24.1862003;59.431198603773474
23.3040313;26.132913387846052
33.8362279;27.303163566195302
26.1912528;32.94380722936901
9.9003896;9.93665937006282
27.0762277;39.647251215365735
4.2036738;9.965332347788284
34.4684679;41.24433986195037
10.4058766;13.84707190074338
26.1532541;-9.073267093565114
17.6001717;-43.828994812917564
21.9249875;28.41505013197476
15.5645663;13.551730966497608
23.502834;5.115792023991425
17.2075454;32.34208816316295
16.4871003;174.5530047462213
26.1236346;56.1811700921568
27.3389724;72.26284617830183
22.2534194;-417.2468126199141
18.7009977;-25.743659127771345
24.8974678;-33.57961889847736
23.4838589;37.167788406751946
21.293025;54.00327761958973
19.1345819;27.282188354115142
24.1780491;60.49604154268362
17.0775692;24.94801435538877
23.3180744;-1.0256355779863426
17.1924292;77.14427383266437
14.3492281;67.21016262775913
20.1112922;41.003264066711345
24.8208568;30.604175371393318
11.1488896;68.18992983754308
28.2955158;41.18827045117346
25.2718221;-127.24567673154948
18.6577713;52.82336359747733
26.1427265;33.152448874895605
21.4433524;50.49766614653931
24.9255079;106.4603872943928
19.5538006;93.73985621639267
23.7801802;11.992382091544137
20.4853205;74.68208371553854
19.3384882;92.89080200258351
15.0993461;39.6886252379285
23.2628733;54.13126759888383
17.615257;-115.84340909533879
21.7585039;-3.615509452526787
23.5232001;97.6822676884677
7.8126526;45.95055449483152
22.8364063;2.402349176783467
27.6355207;71.28282741516222
8.3469151;18.89460600218836
24.3067843;-17.58211385431006
18.953703;-16.009901861142545
20.2369384;-17.58210855357064
23.6683847;23.057185947790927
24.9402071;46.1239502973116
23.2023083;113.80811281430036
27.8222269;144.88533676774637
29.6955691;136.83095961776115
23.6499013;68.9094842403177
24.0982529;30.06923132761394
23.6714745;39.14810188471605
25.7377163;297.67031228980466
27.6566451;41.09122777012225
26.6767258;22.969617953422265
18.5352254;10.103247604032525
20.765763;52.31124108626201
24.5745673;40.774854608383656
22.0822842;38.69323995283401
21.8244309;60.000395060844276
27.8866281;65.09897716549523
26.7540785;81.36741658985133
12.3082358;87.35851672561216
21.2927147;29.060895657086938
13.1339986;-33.862906067361884
25.496181;65.64783559779445
24.311759;3.7760068995333356
9.2475753;-36.80527700881161
19.8690287;64.4938847125762
26.215245;25.02315029396639
21.8527658;21.860400419147332
23.6914001;-32.83392587860758
24.8949772;-80.39642420323091
31.0939927;-14.565822610457609
27.9287664;59.75302259652016
16.5365629;94.2532734580277
12.1043057;37.417236507807424
20.9330887;28.256071448109502
12.4184523;17.82764010677115
15.6692346;136.92169018778716
16.706474;50.67592500867857
19.4241165;46.73355142068815
12.0509997;62.31748184141884
14.8074822;130.5158308425034
11.6378084;155.05322474575445
8.4062217;-4.50583589963356
10.0785046;-36.13980188617874
21.084115;78.65277659067917
19.4939448;48.721359702800754
17.4242569;-8.39778023341939
22.4892267;29.688589436180088
19.4904591;64.83427863333787
24.3546248;34.940730668122875
10.3741997;109.84805754670185
19.9525522;41.48788123367164
17.5262358;60.193099113011264
18.2560042;53.01869057398195
21.1965243;53.83794803043248
24.6721629;36.803397947685305
22.2504907;84.81128203742404
20.7897795;250.55985069292925
17.7201642;63.72936785021549
30.8341847;52.945353659804304
29.6270816;71.6093274885491
17.1053665;73.92465217386874
25.592805;-9.442602333654612
23.6939192;73.62979773336315
15.9291354;51.428842146209924
15.1108667;155.19303377036556
18.437238;-38.455494199969
24.4554686;59.590856441644426
27.7436684;4.054089512103694
22.8762734;79.2967425835705
18.7563163;32.52668673757781
25.9310697;4.662500991733005
25.5869201;76.88782692564644
34.3884381;-83.73710501252009
26.0862874;52.42396965559075
22.2433777;53.55264358145737
24.9927696;81.21764615286364
26.8249995;185.91848149375178
25.4493258;-4.734622096762713
20.2254146;-54.94208877548747
21.3796353;135.83704518756466
25.0582123;34.00265257646799
24.6083635;-202.0664050231196
28.055596;46.85710373995769
27.9057016;17.68829582495153
20.2640183;-39.68704997567
20.78384;13.28696546324499
25.9793321;18.91810686723138
22.2206617;-1.70271234497352
22.8870339;73.25849271859255
25.4369428;218.41033325199422
25.9332319;-16.48690227631338
25.1137679;58.09498230180039
28.3204504;51.0746754337376
20.2568024;-22.162012985809987
21.7885494;81.23170833893411
26.2007934;-8.582303889946026
27.6385171;-39.39744801704607
12.0377814;64.79198524689895
20.8861857;55.722550680226384
27.4787602;-3.886401208907934
18.0589519;-22.6572901877525
8.5774432;74.69252531916976
20.3489057;110.82826672388512
15.567882;10.843529149280815
21.2199847;-39.9703618716948
12.2064547;76.7867247766039
19.7240918;-2.28168422440789
20.9358918;74.39201159045777
21.7186752;102.16921464009991
23.5263586;-37.11814799549828
30.1211559;14.839302160212405
25.431462;-28.92465844306836
17.117152;52.99713742341233
29.0485489;-0.5743689429672614
11.2941042;145.34172177434104
27.3336976;144.72375292609084
23.5892143;102.77960734975139
19.705222;78.18805585471041
32.5549798;-44.23798228660056
31.5653339;35.97095933197104
21.8491031;144.61074028736766
28.8624667;-10.230963515326188
21.832101;26.179957683530766
32.6985217;4.136404001097411
28.51123;24.859362710630627
16.7376115;-59.07859799112257
32.3657499;-61.29160287036931
24.6316391;-116.55303099002268
16.7780746;24.20930962621636
21.511324;9.542093478383627
21.68201;6.31544812862554
11.1177925;82.75569836122972
33.0754826;124.90909755063811
38.5092639;218.50293408736044
32.9209687;142.59498917017402
30.8424624;161.30074680971762
16.1887146;195.74149823347867
24.1026291;2.0468041686139813
33.7119215;7.521047557265113
29.986342;3.210595795099259
26.7730552;2.3580763043441024
29.4792528;-22.076018901632416
27.2233737;-0.9630876337550163
35.3692881;-6.4294602092885285
41.5935764;81.5801330386455
15.3781589;123.08414355506412
23.2027954;0.054809828962753215
37.558846;-1.6892958943833278
26.3289155;-10.004642137212478
25.5997427;73.32953761041622
17.9205301;-55.578740953191904
14.1747138;-18.60753461356382
26.7283026;58.06425365151919
15.2462853;-87.65797345524484
24.752183;-6.586812810932962
23.7461887;44.9766073745806
30.0230821;-56.66114547937318
28.9832564;-75.66504653523364
18.1240534;-33.054363607313825
20.873332;-80.60889021873541
27.8321637;24.879409071415118
17.7525114;-34.99557420617922
11.5612211;-39.43228673447587
23.4441069;-95.2582544335373
16.2446366;-64.70669642568791
22.8463787;-49.8998232769192
27.1676031;-77.27444263805839
23.0661857;95.52754947175623
22.468709;117.03397341486507
22.1223658;136.97585756078263
24.5237301;-27.34098182154137
28.8764604;-27.565354127379955
24.2630638;-14.502926675721767
17.1973042;2.5921022800746343
17.2243269;-32.57336790323411
25.4914645;-22.24367955658021
24.3791231;-17.646250738061703
26.6587865;-11.007528589908738
25.5919824;-13.64967215665812
28.172144;-80.8124283573897
22.4823066;-29.870628399245597
20.7955628;103.49762911650802
18.8661964;63.50565794961613
22.9615158;90.40563570534437
22.6264816;-93.08235077622618
29.2089222;-152.9618949343491
21.5683246;-10.556876262633075
25.2339142;-65.91450692108705
26.2585934;-49.23448821345537
13.0744696;10.388080037475213
15.5496556;5.467081119132125
19.8775228;-19.42214637212718
10.0022603;-15.599832282629173
24.4525143;-15.60959263297142
23.4592779;-32.835958413344805
10.2114941;2.0292847241260503
24.7862895;16.808546222559066
24.6859707;-6.903594702427995
15.6426725;-11.222725737431155
20.0397746;7.779579445479364
13.5247095;-2.8467921246671963
18.292371;-29.696208578656687
12.5965732;15.745875016061284
11.1638258;1.4038077668563531
10.2548718;25.478951449610825
15.0201503;9.454963895203939
18.8101063;17.04897832517937
18.6700682;-17.380662409856434
10.6295074;27.173357240717216
13.9037091;31.924760247654596
16.5275559;-15.353920867777994
20.3076951;41.214888565867135
17.9864471;4.331139599463164
23.8139775;12.166093308029172
25.9163635;-13.780622651543531
18.0669958;7.812972872902769
26.2140255;2.3630573227226463
17.6020545;22.589844489886353
21.4301154;22.03565016337003
24.3902857;52.20171200914553
19.8652435;4.189624378826316
13.3731383;5.6352273686189776
21.3715575;29.199889364368282
22.6267373;24.77817083410924
27.7450314;-46.20089214597571
25.3481301;7.383630639672042
21.9962322;-13.46640728775646
24.020664;5.90858562512107
24.0995312;-3.682165982869961
24.1362261;-32.21640001631224
24.0608721;11.29034721862664
23.9669455;-1.4288851990390512
18.2962347;41.21367681730979
22.5594184;-43.285850833688166
22.7315469;63.95977460711695
20.7629457;9.733783100891706
24.0437899;-13.536845254987078
23.7393552;9.548283505090744
22.2859834;-0.7683414522323702
14.3464407;-52.9369882139545
16.5850785;30.43150128130278
12.6620112;21.96872622692603
13.6010794;74.83977709731903
15.6208751;18.16594488609757
32.7273352;-97.98109817675598
23.0683023;-42.77436196035493
18.594911;3.048019275360808
39.9034809;45.85750822732741
25.3297027;-11.61079915236568
27.142633;19.149189517150283
23.9292136;-3.3214633445234725
24.7808074;-52.727970349037825
25.7996721;24.542114491935074
18.3174393;-63.34449119719989
24.2840432;-22.865408234123244
27.0882545;12.743291337873352
36.5658591;-22.685525839274398
34.9243348;-11.619754432140702
15.7992959;42.24941997127978
20.5669435;-133.2429427842804
38.9010668;7.831319330654587
39.2748148;10.078683193378247
38.5719117;77.66044478119812
41.8420727;55.75742704052289
43.3743211;12.704584153675604
33.6450543;17.267274624041796
27.8807492;45.07704892511383
29.6424696;4.375663337658828
24.8607998;217.37674980738555
26.5478061;-20.580046257708524
28.0023501;16.970424112498158
29.4456169;68.29664035067887
15.8950357;10.780504168786443
25.1010076;-19.051508332580504
29.4739705;-9.74622592838697
22.1194234;-0.9860002666473306
26.5193204;-3.5711608854471493
24.7683901;-29.66175199616263
24.0495823;68.59520335292521
17.754189;60.544354227855244
35.9519219;83.5323262585029
31.8519289;37.19455153719257
26.53455914;148.83887638384758
24.61056188;141.42939407115423
29.19256296;139.79349237624177
69.23122536;141.17549683190825
39.88255961;130.46811380564137
29.81230284;155.3600330909437
33.43353284;140.55550066788632
44.16570623;158.00384134979927
28.6514213;122.91245469479696
38.71993027;137.5732861785717
53.47092186;122.90071125428071
29.94009341;129.76492771686958
43.83584243;109.6412895017655
66.61921769;159.29520875598126
27.4779743;141.40557743480608
37.4778883;131.6633472365148
35.37606477;129.32341363199325
33.31286304;167.6858489138424
48.13514679;132.4416989477236
41.99208337;124.40811714238404
26.76447412;121.01968101605459
24.74853403;136.03973353282007
28.7475392;146.9180168691536
68.18551947;162.9822010493543
37.09796539;117.51838529822567
29.29625649;160.50705740170665
32.97792168;118.59933960004412
42.52215804;162.60029146211963
27.5844285;130.357557661711
37.67601888;131.8429759976428
49.51951783;136.1887896748959
29.37303977;143.5586595106332
39.93271752;136.30329389936475
65.58076382;184.1549782088441
28.84675716;136.5292659454408
36.9835463;120.9658659044245
34.66482346;152.5896498959531
36.83426917;161.40767355597575
46.77649605;160.40523479322871
40.41117533;122.67038445143149
11.39552854;55.309519326778194
26.9641431;77.35480238486863
24.80128858;81.44035694515881
28.34781914;136.02800162527845
67.26299066;204.25070669848205
34.53438166;141.92185312937428
28.81359031;149.3358564326194
32.59127447;146.46354786638247
40.78693099;159.69807900343275
26.6341299;117.81338522548097
36.7674536;133.6557802008297
46.01352367;129.60815547431034
28.85918498;137.74379130349786
36.40127244;136.21162183373926
64.51499952;187.1446302866036
26.15906687;161.9303144304528
36.47055088;157.27892290929424
33.92166481;124.93445007887124
40.00152803;163.6129802199639
45.55877197;176.09515459518144
38.92696403;134.18011073113553
13.93011518;96.96726949801607
27.13356608;106.0338899615048
24.76882552;98.55214908683132
27.99340277;84.381319085293
66.46363893;138.79719813518804
32.19180842;115.11708274416188
28.36430429;145.11880466449048
32.27359121;116.16351399136676
38.96002508;141.72325454075107
25.8005255;133.38988523102748
35.99423441;128.8282943628415
42.95293939;131.5526994985613
28.39852904;146.4992623124202
33.24150721;107.70588977851344
63.42192478;165.54718801843185
19.41490343;125.45536663171558
35.93890206;148.13849598011822
33.14658884;71.22556724399209
42.81463964;137.875723487121
44.48197455;133.8533235062702
37.53944947;114.62500651834605
33.82634554;149.54594680159164
16.24303472;63.298827706406506
27.27274307;88.74148518371712
24.65114486;44.22856541081776
27.68429009;64.85622876267382
65.78746429;146.24793642692316
30.07024566;67.78432577476931
27.94839843;136.531254329507
32.02487189;120.28660886714809
37.04144032;133.0763827329419
25.0836153;105.28294537419603
35.35636132;141.04609599055848
40.33776498;127.99901898933976
27.99107194;130.74569045724323
30.45342183;119.82433642609897
62.3015396;123.98355699582177
8.614266842;27.551615377653967
35.38859982;169.94786627498254
45.27360399;123.70199140269236
43.54610378;158.2823526627145
36.24863164;128.11129832530688
32.27034476;138.68430814335
27.38167406;118.6696138590701
24.44824659;66.61756577409406
27.42048111;120.00715674085043
65.23446673;168.76211271894422
28.16969338;108.31997739647264
27.56587274;130.26372026112347
31.84511651;154.73641967102003
35.03117669;129.64340345577898
24.48339931;114.85254036273491
34.85383433;127.80375699265605
38.16800044;114.02161639351777
27.6368137;136.15879217644138
28.03701629;134.25098682669358
61.15384399;165.28934128973984
34.81964417;138.5502298079695
47.37842108;142.6114000520284
42.75115967;115.10943438985583
35.05451056;138.59224641920335
30.8837053;131.3693932328543
27.46035905;101.95769213860717
24.16013071;113.4062610139934
27.20197583;122.34224559738371
64.80464625;179.6456378117586
26.49015158;71.5432040335487
27.2167272;135.3890086212748
31.73432508;123.6561387773244
32.92923421;133.9381551474917
23.99987752;109.97713346119619
34.48665345;141.2830923366105
36.44364578;117.9507245972217
27.3357543;129.70997187370273
25.99229059;105.09929167910403
59.97883795;141.71996442491175
34.23203511;118.94805307603863
42.09714222;102.94765619648462
33.95708621;137.3804821533556
29.66642715;118.53888480961459
44.015923;124.43952622682602
27.50879805;125.37409450667198
23.78679723;151.73846523367408
27.02877423;163.84112865158434
64.49800286;171.59674332163146
25.03162027;96.24215941661902
26.90096182;162.4016069419516
31.69249759;112.30544181695086
30.73561287;160.98602032220776
23.63304993;134.67567303016503
34.25481866;148.71718896724312
35.16470099;114.45029522256999
27.08789375;139.82563618331721
24.31924474;-25.855315356553525
58.77652148;137.01067415935563
33.62577264;120.80550387778791
28.61851032;130.61679731855287
40.73031583;170.56138551227522
31.18019107;133.38572415091505
27.52699105;155.5643178135922
23.32824614;138.66819252077804
26.90087633;38.14512737111965
64.31453655;181.08256048219752
23.79409944;121.17419416388856
26.61857661;128.2487448900859
31.71963405;114.31604389163547
28.45031267;127.31193918412745
23.38291654;95.12123919669682
34.15832998;140.53520635438096
34.33116607;51.40153492115831
26.89323205;119.53841529548905
23.01787873;-96.13920544888916
57.54689456;188.3780479179458
33.00085676;28.385140066708566
27.73995481;133.2958069242295
38.02345736;139.8758189609194
24.48262588;169.9940474052912
30.6734715;154.93327445593806
41.41673432;149.82982072669262
27.51493805;173.01901999029025
22.78447745;167.7004030487971
26.81828212;111.95437971740003
64.25424732;169.53783886625817
22.77758909;119.35625257552678
26.36957155;144.16871436781906
31.81573445;145.58091794150133
26.07333361;100.36800207894336
23.24947736;40.56032846769613
34.1971874;125.79689726612878
33.94304103;101.84180451564339
26.7517692;116.44897059079779
22.08819256;109.68937454169935
56.28995722;160.32170527585228
32.35728747;55.694137634765575
27.82586906;163.0457964136519
27.03076062;143.79823111305504
35.89534758;156.36637929354401
25.46554281;176.8526423239585
30.23691626;119.55822751515689
38.39620628;171.62577036515532
27.47263906;187.9228299225369
22.15549115;159.50624954168285
26.78099161;142.28673165634038
64.31713517;143.21892537508046
21.98208923;122.25449886984697
26.15394666;150.39250887339475
31.9807988;167.34779573670687
23.60467569;130.45603714492879
23.23273238;97.02415290931779
34.37139092;155.79187252182174
34.00032586;148.4400980193893
26.6635052;149.22887840218868
21.53018624;111.54426490154606
55.00570944;165.1740575538025
31.69506476;126.99997932327514
26.82737177;180.30677640509498
26.49092775;101.30519474784617
34.34598648;110.5910205290873
26.22679263;152.03091777670642
29.87052536;114.62206900552255
35.5465995;151.1746405725909
27.40009407;160.8872116828895
21.44128725;124.42667273349488
26.78900479;157.23837808626612
64.50320011;152.11873648467048
21.40759985;96.76377810450569
25.97170193;124.84616018889821
32.2148271;122.49293806160168
21.04433891;141.83487875424711
23.3326816;97.47996918474789
34.68094053;166.52197048433968
34.50302056;151.18799078689332
26.62844005;152.39764735299687
21.34385976;117.39630025898404
53.69415123;147.00796167665285
31.01418865;125.10354629612237
25.79695715;165.22463137904353
26.12045619;99.8082199714872
33.37537407;135.74401550946948
26.76637536;122.65339151626347
29.5742988;104.09104147353449
32.86791398;158.26225300443886
27.29730308;178.5154631277171
20.64186574;144.283572689462
26.84232167;175.54257562646413
64.81244213;153.65074590081787
21.05412095;124.54178810904821
25.82283736;156.8615218146079
32.51781933;147.6038016381609
23.54932502;131.294139435144
35.12583625;168.8932029440226
35.45112513;156.00368128697153
26.64657375;169.71529067917407
52.35528258;145.25918097317734
30.31465912;119.74018038692756
25.91934595;119.7210239530975
29.34823657;90.4380112951375
30.36014974;141.98352493159692
27.16426609;160.88710991300476
19.75722662;125.45433225020301
26.94094223;175.31769756792022
65.24486124;168.56256593041905
20.92165253;110.41492135217763
25.70735295;135.6081754832751
32.88977552;180.65159835406044
23.88266265;167.9571449245795
35.70607807;170.7945274421747
36.84463958;145.02797104109857
26.71790629;179.6379975698162
50.9891035;147.76999875688398
29.59647618;204.64063319442695
41.46496643;154.43010953465827
25.88759703;162.75102113770166
29.19233868;103.9904805056735
28.02330676;164.01497171325823
27.00098311;164.98294082848017
18.7873699;135.07880107639605
27.0848665;154.11903336639682
65.80045743;176.7535692217651
21.0101946;116.29604047376833
25.6252487;160.25140232825268
33.33069564;169.90265031542162
24.33269448;153.13162406991793
36.421666;157.11836708030134
38.6835639;136.4785286619534
26.84243769;161.28172551023553
23.01495938;112.84160162075744
49.59561398;147.68495298843445
28.85963984;166.13345748677153
41.93836223;143.16822392763936
26.02520942;142.76131000863708
29.10660513;79.12782912664562
25.85738505;153.0448792693259
26.80745413;165.46031988072156
17.73229557;165.57642881264618
27.27409445;151.1853620399856
66.4792307;167.3985652579893
21.31974715;105.89057553529452
25.57652461;161.27813488033902
33.84057971;167.02802118510508
24.89942051;168.6290774430726
37.27260002;185.11088877602546
40.96789809;111.90364951299031
27.02016793;171.46616177425625
24.31535228;136.46112060525974
48.17481403;136.1949766870653
42.55268469;140.95001633277747
26.33218313;125.20596142275457
29.09103591;82.81918052445658
26.58367916;153.74505399605695
16.59200364;120.27459843872785
27.5086261;160.7165906948708
67.28118105;129.85078966624656
21.85031019;124.63888893376017
25.56118068;150.634177745067
34.41942773;159.69355249148776
25.58284074;138.26733312507716
38.25888014;136.0364196966128
27.25109702;170.60503473988277
25.98742501;143.87707253208092
46.72670365;147.85206653448174
43.3079338;130.48106420585412
26.80851816;141.22962880302984
29.14563102;98.8734682740515
26.32965819;183.69758366811686
15.36649409;138.21178411654884
27.78846144;162.1887428791541
68.20630849;121.7981034246163
25.57921691;155.32631888761978
26.38295517;137.89948234511664
39.38050637;142.19177899550826
27.53522497;159.02175905512266
28.0311776;128.97871923771342
45.25128283;38.2539075381035
44.20410957;143.59724770370013
26.04539122;157.9984125735498
14.05576695;122.23004874817454
28.11360048;164.9856466272278
69.25461301;123.2481130157957
25.63063331;174.03371152547558
27.29976381;123.60157961510674
40.63747869;136.92538179821392
27.87255176;166.9393053346142
43.74855157;112.21859918861153
45.241212;144.13274028941782
25.73087825;160.98726179172243
12.6598222;134.01529903957245
28.48404321;151.3466416576903
70.42609461;115.9922356124006
25.71542986;159.25472842241763
28.33326665;111.74963685268992
42.02979712;126.00173520040366
28.2630774;151.03999926674
42.21850989;130.3553688342176
39.66039807;125.26547660523124
46.41924108;96.4061268996391
31.37166862;111.07207346324384
34.39691851;148.03806428317912
20.22120276;150.6060321582388
30.53977646;29.901742738067377
36.98169092;151.49382315611385
34.37358761;146.04606452605623
33.90678721;149.76679932667946
29.98267299;-113.19263814526019
39.29249717;121.11106429775359
41.27839136;131.39238904417851
29.7003582;90.26072412419393
41.32933726;128.86725383835812
45.9355347;121.59789641972648
40.935614;111.61371078420362
21.58232056;92.34054752390509
40.44971749;123.81494644081008
25.01110271;129.99545713414747
43.24311707;144.96274103381364
38.29471656;142.73232080600337
29.6928321;90.11585630876175
43.09221119;128.5010920941036
47.54571835;114.45168555150181
33.34525555;117.32770393325745
35.44542412;135.78964765437203
21.4632399;132.26049273426557
40.20927124;136.4817692784664
22.07435212;135.7935879905822
44.56177934;156.65461535001094
46.60646101;125.63475287601827
39.423016;148.30501390594253
36.13859682;155.90963404296375
29.96009469;92.06589904453892
44.58111895;150.30738765597286
49.01320784;122.50370032227531
18.50731598;60.95841458912613
35.75335923;146.48134202170107
21.35634197;143.9177789248486
39.34617645;130.98437094562536
20.14499596;123.51449542461816
44.35625155;147.37102200381767
38.02995618;121.04477845361541
39.81930418;137.93584010052456
35.93798772;143.5043663803991
41.33504252;148.60195653128156
30.50214597;96.60405464029503
45.79606055;151.35518245404796
50.33800315;125.80909851513036
35.73150427;138.75307528994693
36.45680908;111.03394525305245
21.26162676;139.40566417825505
22.77155578;123.04115496321688
33.02274426;123.40006556040169
37.86043312;128.84908916305332
19.22303423;115.36981298825444
53.91841801;127.65986443231324
42.62653371;150.72424081207078
43.29271572;122.83931105372255
35.93888751;134.86131365320253
39.48358112;148.78595666480877
46.13499888;143.65191674363933
35.64252055;145.72559014150562
62.25546617;145.72425915027895
39.31198885;166.57220407241303
45.45210168;144.19863493351656
42.40988404;124.39994679495962
50.73963187;133.16562194651303
31.31898593;81.78793064405087
46.73703599;151.52555315292153
51.52010429;115.40354857397108
35.37985923;121.72312181785904
29.72032079;121.98443863532816
21.17909429;151.93737425702616
23.88693845;130.35609471931772
32.37954938;133.45110574022422
35.75204126;121.94609644060364
19.30846694;107.27464365008765
52.86248554;156.50472364246988
39.3726258;168.75616420533018
40.32346686;128.38345025066687
40.33325502;147.60975439639444
38.41584681;141.92266557986687
45.57775171;123.49643068253664
35.2521953;157.83870462296952
54.61305894;152.57033692572278
37.28466876;169.86263091714707
42.505883;153.51011706638198
40.15449494;133.5814469766286
46.62660573;170.86420138452726
32.41061458;112.31199451453062
47.40404526;161.24386299536638
22.33975155;110.42995996595081
52.55951126;125.5513002257506
34.69842413;142.31422531661795
23.20656062;114.8275638683298
21.10874454;134.80193082183817
24.8364202;142.57098360726891
31.75744754;118.80209508263584
33.02100086;103.20169281825602
20.40129409;133.28116103570935
51.83674184;136.97249045978091
34.59452784;154.6086104539683
37.5456738;131.79715678370715
36.61610125;142.5325148270993
44.83679728;139.0284222458535
34.76701196;144.70253611441623
48.04858477;152.4520874701074
35.25308225;163.85754489247446
39.6891245;137.71276990837353
37.94932422;134.9499345284355
43.15285615;149.51221985345293
40.50121393;152.1159264615649
33.77703192;124.00513351138954
47.79708837;131.32681048736427
21.76737659;147.8601377512265
53.45622406;116.8948871175491
33.68719895;125.6435927804595
16.91552858;96.58541669763056
21.05057753;123.54155040764047
25.62000102;142.73540368130836
31.15643876;102.02874750194093
29.66731192;104.80569413045538
50.84118691;134.66124155680697
34.95933654;93.27657987388613
34.08434445;124.84778134938054
43.9121356;120.20412693328745
34.18697055;125.80818678473119
42.56204365;125.11917181324239
33.21722931;148.79840031442228
37.00182618;130.40666272224775
35.7943719;102.09691306032971
40.31838314;141.02724417010572
39.17155396;120.61689913856497
35.41823794;124.91567127558773
47.91616532;135.33072044310936
21.23184947;151.36986144153278
54.21024269;147.11266547560024
32.3461837;144.3457132265365
10.84722467;25.794731394244614
21.00459324;172.68054655973341
26.23768093;143.87874292979893
30.57652304;156.2992229967491
25.69097445;123.3298803374856
49.87582076;131.11293810579852
32.56445507;133.7723128143003
37.33423266;87.27547078397865
47.7612761;134.9021675302982
20.7331702;124.71931770230177
54.82156714;136.61994371590788
30.67537837;106.75601619273536
20.97079168;144.7516763939952
26.68945991;118.57140083448468
30.01770036;115.75413416070947
21.09198844;71.7318844002613
48.94064337;130.1979477127248
30.36102941;106.61515336387615
26.8247971;-5.926515002098689
41.51169047;147.46820270017784
32.74231349;124.18171612040581
34.82276059;149.252100757721
29.13272417;163.02637120029956
32.01561005;144.5516597927457
31.63512242;150.02594972630666
36.56726681;149.11195124865978
36.701917;149.51041447751336
47.33242072;127.56324564044957
20.27133877;146.56436688736764
55.29019743;155.58188917730632
28.67478297;147.40152199869303
20.94917286;157.42167551383508
26.97533797;148.62310723993278
29.47997074;145.5879731401482
15.87035389;92.06409511371507
48.03565476;138.70348127645624
28.34905954;117.31005079767428
22.09700655;70.5906388854822
40.03590703;153.64822897412122
31.87769784;134.91835927691963
32.57001864;152.76680795063945
27.08407197;146.72280912852736
29.71669225;147.25101153204383
29.63082527;136.40413372260844
35.6506235;144.13682552941302
35.56194;165.04060269658146
46.62959918;128.1584292185196
19.84635519;135.5045300614406
55.61613354;121.72190761406662
26.3443975;79.72299082741918
20.93973676;169.31343615036107
27.09531511;144.3618361787612
28.96333417;130.23495199433202
10.0260708;40.404036558212816
47.16085491;131.76049675773115
26.52854547;83.82960179350673
16.63720475;61.08012457788836
38.37641633;140.2973597318536
30.91822411;140.09267065256753
31.39520974;150.09109040820732
25.03115334;105.65438968818543
27.54723463;134.98521192260662
27.6767465;121.91328985974496
35.37325675;144.89852206962289
34.48519067;136.15050546292093
45.65281147;142.00549359480883
19.45821945;109.83922994367956
55.79937548;141.02848839485392
23.68422196;80.05849735805143
20.94248339;128.28204172248874
27.04939133;149.06057762814393
28.46779065;138.22809339216903
46.31624384;133.91784769365015
24.8994872;123.06658327544355
36.53321838;152.0685716418222
29.8638923;133.78252490839466
31.2983339;122.20311667702632
22.97396829;118.3144731247904
25.50723718;135.35723236724226
25.77288613;148.90255880297244
35.73516656;163.24850329478042
33.47166898;162.30338883981173
36.66174821;136.6959950181805
44.4020576;145.2627395199885
19.10693156;137.19476052192053
55.83992325;135.31995819639158
20.69425635;-11.913206873054698
20.95741275;149.91263178580843
26.83756662;145.29984322436664
27.99334019;148.97663924917643
45.50182154;114.08156444897347
23.46188473;30.744655282445898
34.50631318;152.26424615030433
28.71470241;128.69663880780055
32.27939112;110.44268709718622
20.91251682;142.49257255689022
23.59669991;137.77287156159971
23.91924414;130.35301873212225
36.73635294;133.8349143850352
32.52137496;150.0529922331069
35.59850433;131.0830595102938
42.87733757;142.68094691406128
18.79249151;118.62682046864253
55.73777684;154.75706492237907
20.98452483;173.45527416359923
26.45984099;147.48902435202635
27.53998278;140.18566549386713
44.71758801;127.08742959370417
22.21573805;106.39597463883126
32.29570072;149.4677974911026
27.47065444;128.70446652026996
34.33838139;94.7409329148654
18.84679892;33.84792899631835
21.81562281;127.64513830973223
22.11582055;142.3868871083658
38.37681589;153.41573715769775
31.63430859;156.5054086550988
34.30034869;129.90202293286845
41.07865137;155.83783896949123
18.51489931;136.45564171743032
55.49293627;148.03355454648397
21.02381965;154.08422201067495
27.10771842;150.29441782681027
43.96354324;116.86692103675509
21.16104718;96.40086697085513
29.90138101;146.13278292009093
26.13174839;120.40897698694351
16.77681461;87.80807720208722
20.16400589;106.95104984850767
20.36261534;141.17028347240583
40.6565554;142.23113030839497
30.81046988;160.366390000322
25.47170231;140.17116356393802
32.76728129;136.1505500049061
39.00599901;135.6383297410762
18.27415496;114.42177126574532
55.10540152;156.9346795833372
21.0752972;138.8738728522449
25.20668698;138.2317552129506
26.69654711;156.64364530108006
43.23968725;108.86240397034632
20.2978121;119.32089580749968
27.32335404;153.29105440794746
24.69798426;148.61080886921607
14.70256386;-5.759910889483912
18.64184914;23.353828461057184
18.65962852;148.60153421956474
43.57557148;154.80947319109632
27.25364535;160.46597885405185
30.99930214;152.91232149671416
36.65938049;154.49496283012274
18.07025845;132.6180904679596
54.5751726;145.6862592685901
21.13895747;156.28566313100353
24.33125859;130.05244037355556
26.30646886;156.26694611165678
42.54602003;123.79214578922719
19.62603282;101.26342499255006
23.16936205;115.86531551332465
17.24915257;136.92529709733353
17.0068601;107.15569771792033
28.55001205;139.3443626380279
28.99641123;139.0146754722107
17.90320978;121.22276661782686
53.90224951;145.4119460245447
21.21480048;127.00980651535426
23.28992927;135.71907986468662
25.93748366;145.50056718907555
41.88254158;118.09972907645167
19.14570934;119.17915623298316
21.54588176;60.47695761891807
15.98591618;93.8050715600535
15.40431006;97.75190578118534
29.36080242;147.4929134641749
26.75860857;137.08099689690792
17.77300896;115.886192822992
53.08663225;130.9389517501351
21.30282621;167.31924455435737
22.08269904;120.15114102279509
25.58959151;114.77568944366757
41.2492519;115.62025283742898
18.85684166;-165.20722793351743
19.8275434;112.15360355106705
14.85213996;25.32288111313013
13.85197841;132.2346595581008
29.68601646;133.73522928439897
24.28589415;150.02366857042225
17.67965599;137.70599965549908
52.12832082;151.15630827815792
21.40303467;166.043006271209
20.70956788;109.75122649395985
25.26279242;112.25221319729408
40.646151;111.06736045005457
18.75942978;95.22449910441588
18.01434695;139.74060027906907
13.84782392;32.881945127519394
12.34986515;130.8812699196021
29.52565418;148.7130382483665
21.57826797;127.45968708767097
17.62315086;123.2130319924623
51.02731521;150.59846459331706
21.51542587;171.89659284806552
19.1705358;144.20571648942317
24.95708637;116.36609165179064
40.07323886;110.74379917755405
18.85347369;127.26229883743085
16.10629242;113.53490073456103
12.97296805;120.58756634907749
10.89797029;100.42835916265946
28.87971556;130.25869191542174
18.63573003;111.3525283074492
17.60349357;114.05034022428785
49.78361543;130.08413999358618
21.63999979;157.69007231449515
17.4656028;128.261328412911
24.67247338;102.90808635245847
39.53051549;123.51548552358341
19.13897341;115.98807914116466
14.10337981;82.75795377878032
12.22757236;39.46617612693094
9.496293808;104.29389169037225
27.74820061;129.49630785416304
15.45828034;119.50186473285666
48.39722149;125.22114820703143
21.77675644;139.58440680506376
15.59476888;141.5009619301912
24.40895345;72.13463910861512
39.0179809;119.38044072328736
19.61592892;81.1067821200293
12.00560913;91.29505476709559
11.61163684;20.471230590567608
8.14483572;114.98581616942718
26.13110933;133.840550502527
12.0459189;144.39009193852675
46.86813336;147.2556736594079
21.92569582;153.87677420582375
38.53563507;126.99578730204891
9.812980362;11.793497213025226
11.1251615;-61.07132696237458
8.398645694;54.88421721628409
