dataset;split;fold;config;model;best_params;y_true;y_pred
Corn_Oil_80_ZhengChenPelegYbaseSplit;valid;0;None;pls;"{""n_components"": 19}";3.176;3.2119657644225104
Corn_Oil_80_ZhengChenPelegYbaseSplit;valid;0;None;pls;"{""n_components"": 19}";3.201;3.2271583559266617
Corn_Oil_80_ZhengChenPelegYbaseSplit;valid;0;None;pls;"{""n_components"": 19}";3.264;3.2381138446158686
Corn_Oil_80_ZhengChenPelegYbaseSplit;valid;0;None;pls;"{""n_components"": 19}";3.28;3.278905433640397
Corn_Oil_80_ZhengChenPelegYbaseSplit;valid;0;None;pls;"{""n_components"": 19}";3.3;3.246250786216645
Corn_Oil_80_ZhengChenPelegYbaseSplit;valid;0;None;pls;"{""n_components"": 19}";3.345;3.3746632408545514
Corn_Oil_80_ZhengChenPelegYbaseSplit;valid;0;None;pls;"{""n_components"": 19}";3.415;3.4343296018786047
Corn_Oil_80_ZhengChenPelegYbaseSplit;valid;0;None;pls;"{""n_components"": 19}";3.424;3.384975915283471
Corn_Oil_80_ZhengChenPelegYbaseSplit;valid;0;None;pls;"{""n_components"": 19}";3.435;3.5051540371492225
Corn_Oil_80_ZhengChenPelegYbaseSplit;valid;0;None;pls;"{""n_components"": 19}";3.451;3.463439089685503
Corn_Oil_80_ZhengChenPelegYbaseSplit;valid;0;None;pls;"{""n_components"": 19}";3.464;3.415358149308644
Corn_Oil_80_ZhengChenPelegYbaseSplit;valid;0;None;pls;"{""n_components"": 19}";3.494;3.512425223198924
Corn_Oil_80_ZhengChenPelegYbaseSplit;valid;0;None;pls;"{""n_components"": 19}";3.504;3.5232976775452984
Corn_Oil_80_ZhengChenPelegYbaseSplit;valid;0;None;pls;"{""n_components"": 19}";3.524;3.6062426092968782
Corn_Oil_80_ZhengChenPelegYbaseSplit;valid;0;None;pls;"{""n_components"": 19}";3.539;3.587815370737998
Corn_Oil_80_ZhengChenPelegYbaseSplit;valid;0;None;pls;"{""n_components"": 19}";3.556;3.5458173126508505
Corn_Oil_80_ZhengChenPelegYbaseSplit;valid;0;None;pls;"{""n_components"": 19}";3.619;3.6095627576908953
Corn_Oil_80_ZhengChenPelegYbaseSplit;valid;0;None;pls;"{""n_components"": 19}";3.645;3.638483346235848
Corn_Oil_80_ZhengChenPelegYbaseSplit;valid;0;None;pls;"{""n_components"": 19}";3.693;3.726987044590864
Corn_Oil_80_ZhengChenPelegYbaseSplit;valid;0;None;pls;"{""n_components"": 19}";3.699;3.7812239466928528
Corn_Oil_80_ZhengChenPelegYbaseSplit;valid;0;None;pls;"{""n_components"": 19}";3.748;3.802647927586543
Corn_Oil_80_ZhengChenPelegYbaseSplit;valid;0;None;pls;"{""n_components"": 19}";3.822;3.8032753633065366
Corn_Oil_80_ZhengChenPelegYbaseSplit;test;0;None;pls;"{""n_components"": 19}";3.163;3.075885899658213
Corn_Oil_80_ZhengChenPelegYbaseSplit;test;0;None;pls;"{""n_components"": 19}";3.226;3.214029102425462
Corn_Oil_80_ZhengChenPelegYbaseSplit;test;0;None;pls;"{""n_components"": 19}";3.306;3.327441338631616
Corn_Oil_80_ZhengChenPelegYbaseSplit;test;0;None;pls;"{""n_components"": 19}";3.363;3.373731133594353
Corn_Oil_80_ZhengChenPelegYbaseSplit;test;0;None;pls;"{""n_components"": 19}";3.417;3.402530272272139
Corn_Oil_80_ZhengChenPelegYbaseSplit;test;0;None;pls;"{""n_components"": 19}";3.446;3.4554258017148753
Corn_Oil_80_ZhengChenPelegYbaseSplit;test;0;None;pls;"{""n_components"": 19}";3.46;3.531100155350088
Corn_Oil_80_ZhengChenPelegYbaseSplit;test;0;None;pls;"{""n_components"": 19}";3.494;3.4347065951697293
Corn_Oil_80_ZhengChenPelegYbaseSplit;test;0;None;pls;"{""n_components"": 19}";3.505;3.4489469938584483
Corn_Oil_80_ZhengChenPelegYbaseSplit;test;0;None;pls;"{""n_components"": 19}";3.541;3.5824356797435772
Corn_Oil_80_ZhengChenPelegYbaseSplit;test;0;None;pls;"{""n_components"": 19}";3.569;3.477114648954266
Corn_Oil_80_ZhengChenPelegYbaseSplit;test;0;None;pls;"{""n_components"": 19}";3.595;3.5970152430593694
Corn_Oil_80_ZhengChenPelegYbaseSplit;test;0;None;pls;"{""n_components"": 19}";3.661;3.678591344040659
Corn_Oil_80_ZhengChenPelegYbaseSplit;test;0;None;pls;"{""n_components"": 19}";3.687;3.742985551712131
Corn_Oil_80_ZhengChenPelegYbaseSplit;test;0;None;pls;"{""n_components"": 19}";3.72;3.697408137288444
Corn_Oil_80_ZhengChenPelegYbaseSplit;test;0;None;pls;"{""n_components"": 19}";3.82;3.767009381257852
Corn_Oil_80_ZhengChenPelegYbaseSplit;valid;1;None;pls;"{""n_components"": 19}";3.088;3.1200514886273267
Corn_Oil_80_ZhengChenPelegYbaseSplit;valid;1;None;pls;"{""n_components"": 19}";3.212;3.1956126020294584
Corn_Oil_80_ZhengChenPelegYbaseSplit;valid;1;None;pls;"{""n_components"": 19}";3.316;3.3251861123985256
Corn_Oil_80_ZhengChenPelegYbaseSplit;valid;1;None;pls;"{""n_components"": 19}";3.328;3.2930917213907445
Corn_Oil_80_ZhengChenPelegYbaseSplit;valid;1;None;pls;"{""n_components"": 19}";3.407;3.402869248592756
Corn_Oil_80_ZhengChenPelegYbaseSplit;valid;1;None;pls;"{""n_components"": 19}";3.446;3.408319646014883
Corn_Oil_80_ZhengChenPelegYbaseSplit;valid;1;None;pls;"{""n_components"": 19}";3.457;3.4276344882393532
Corn_Oil_80_ZhengChenPelegYbaseSplit;valid;1;None;pls;"{""n_components"": 19}";3.479;3.544589055649581
Corn_Oil_80_ZhengChenPelegYbaseSplit;valid;1;None;pls;"{""n_components"": 19}";3.496;3.4724338357991873
Corn_Oil_80_ZhengChenPelegYbaseSplit;valid;1;None;pls;"{""n_components"": 19}";3.497;3.502433902230924
Corn_Oil_80_ZhengChenPelegYbaseSplit;valid;1;None;pls;"{""n_components"": 19}";3.507;3.4869493794743596
Corn_Oil_80_ZhengChenPelegYbaseSplit;valid;1;None;pls;"{""n_components"": 19}";3.55;3.5648023854894033
Corn_Oil_80_ZhengChenPelegYbaseSplit;valid;1;None;pls;"{""n_components"": 19}";3.556;3.582690346197986
Corn_Oil_80_ZhengChenPelegYbaseSplit;valid;1;None;pls;"{""n_components"": 19}";3.583;3.5520143933133848
Corn_Oil_80_ZhengChenPelegYbaseSplit;valid;1;None;pls;"{""n_components"": 19}";3.641;3.603107270179077
Corn_Oil_80_ZhengChenPelegYbaseSplit;valid;1;None;pls;"{""n_components"": 19}";3.67;3.6651435793101954
Corn_Oil_80_ZhengChenPelegYbaseSplit;valid;1;None;pls;"{""n_components"": 19}";3.677;3.6842239301526334
Corn_Oil_80_ZhengChenPelegYbaseSplit;valid;1;None;pls;"{""n_components"": 19}";3.686;3.6759994915593532
Corn_Oil_80_ZhengChenPelegYbaseSplit;valid;1;None;pls;"{""n_components"": 19}";3.716;3.727116353638107
Corn_Oil_80_ZhengChenPelegYbaseSplit;valid;1;None;pls;"{""n_components"": 19}";3.766;3.8532892682242386
Corn_Oil_80_ZhengChenPelegYbaseSplit;valid;1;None;pls;"{""n_components"": 19}";3.832;3.7470946649025243
Corn_Oil_80_ZhengChenPelegYbaseSplit;test;1;None;pls;"{""n_components"": 19}";3.163;3.0929403330977854
Corn_Oil_80_ZhengChenPelegYbaseSplit;test;1;None;pls;"{""n_components"": 19}";3.226;3.2045486995659433
Corn_Oil_80_ZhengChenPelegYbaseSplit;test;1;None;pls;"{""n_components"": 19}";3.306;3.28269626519143
Corn_Oil_80_ZhengChenPelegYbaseSplit;test;1;None;pls;"{""n_components"": 19}";3.363;3.3718740390075155
Corn_Oil_80_ZhengChenPelegYbaseSplit;test;1;None;pls;"{""n_components"": 19}";3.417;3.4401048187910512
Corn_Oil_80_ZhengChenPelegYbaseSplit;test;1;None;pls;"{""n_components"": 19}";3.446;3.474893183342016
Corn_Oil_80_ZhengChenPelegYbaseSplit;test;1;None;pls;"{""n_components"": 19}";3.46;3.5196073629183062
Corn_Oil_80_ZhengChenPelegYbaseSplit;test;1;None;pls;"{""n_components"": 19}";3.494;3.4367772315959395
Corn_Oil_80_ZhengChenPelegYbaseSplit;test;1;None;pls;"{""n_components"": 19}";3.505;3.469262446264568
Corn_Oil_80_ZhengChenPelegYbaseSplit;test;1;None;pls;"{""n_components"": 19}";3.541;3.565209823675558
Corn_Oil_80_ZhengChenPelegYbaseSplit;test;1;None;pls;"{""n_components"": 19}";3.569;3.502839059809977
Corn_Oil_80_ZhengChenPelegYbaseSplit;test;1;None;pls;"{""n_components"": 19}";3.595;3.5926435082051227
Corn_Oil_80_ZhengChenPelegYbaseSplit;test;1;None;pls;"{""n_components"": 19}";3.661;3.627929248800128
Corn_Oil_80_ZhengChenPelegYbaseSplit;test;1;None;pls;"{""n_components"": 19}";3.687;3.7196436312120778
Corn_Oil_80_ZhengChenPelegYbaseSplit;test;1;None;pls;"{""n_components"": 19}";3.72;3.67263414785048
Corn_Oil_80_ZhengChenPelegYbaseSplit;test;1;None;pls;"{""n_components"": 19}";3.82;3.7111159668635016
Corn_Oil_80_ZhengChenPelegYbaseSplit;valid;2;None;pls;"{""n_components"": 19}";3.105;3.19825564253026
Corn_Oil_80_ZhengChenPelegYbaseSplit;valid;2;None;pls;"{""n_components"": 19}";3.212;3.211889799370427
Corn_Oil_80_ZhengChenPelegYbaseSplit;valid;2;None;pls;"{""n_components"": 19}";3.251;3.358527131338909
Corn_Oil_80_ZhengChenPelegYbaseSplit;valid;2;None;pls;"{""n_components"": 19}";3.306;3.2909504669500347
Corn_Oil_80_ZhengChenPelegYbaseSplit;valid;2;None;pls;"{""n_components"": 19}";3.38;3.3931663328040638
Corn_Oil_80_ZhengChenPelegYbaseSplit;valid;2;None;pls;"{""n_components"": 19}";3.404;3.3878141222259157
Corn_Oil_80_ZhengChenPelegYbaseSplit;valid;2;None;pls;"{""n_components"": 19}";3.437;3.4841214774848277
Corn_Oil_80_ZhengChenPelegYbaseSplit;valid;2;None;pls;"{""n_components"": 19}";3.449;3.4680583107378276
Corn_Oil_80_ZhengChenPelegYbaseSplit;valid;2;None;pls;"{""n_components"": 19}";3.449;3.4542764752599027
Corn_Oil_80_ZhengChenPelegYbaseSplit;valid;2;None;pls;"{""n_components"": 19}";3.49;3.488296106228627
Corn_Oil_80_ZhengChenPelegYbaseSplit;valid;2;None;pls;"{""n_components"": 19}";3.491;3.502991713290245
Corn_Oil_80_ZhengChenPelegYbaseSplit;valid;2;None;pls;"{""n_components"": 19}";3.519;3.509547228497963
Corn_Oil_80_ZhengChenPelegYbaseSplit;valid;2;None;pls;"{""n_components"": 19}";3.557;3.5232577017962154
Corn_Oil_80_ZhengChenPelegYbaseSplit;valid;2;None;pls;"{""n_components"": 19}";3.584;3.5422891613724112
Corn_Oil_80_ZhengChenPelegYbaseSplit;valid;2;None;pls;"{""n_components"": 19}";3.59;3.4925086710889057
Corn_Oil_80_ZhengChenPelegYbaseSplit;valid;2;None;pls;"{""n_components"": 19}";3.59;3.5331942050394494
Corn_Oil_80_ZhengChenPelegYbaseSplit;valid;2;None;pls;"{""n_components"": 19}";3.652;3.6649319319010005
Corn_Oil_80_ZhengChenPelegYbaseSplit;valid;2;None;pls;"{""n_components"": 19}";3.676;3.699220998335634
Corn_Oil_80_ZhengChenPelegYbaseSplit;valid;2;None;pls;"{""n_components"": 19}";3.71;3.7532239134198258
Corn_Oil_80_ZhengChenPelegYbaseSplit;valid;2;None;pls;"{""n_components"": 19}";3.751;3.7109143116334478
Corn_Oil_80_ZhengChenPelegYbaseSplit;valid;2;None;pls;"{""n_components"": 19}";3.787;3.7730797546182835
Corn_Oil_80_ZhengChenPelegYbaseSplit;test;2;None;pls;"{""n_components"": 19}";3.163;3.1973746969692605
Corn_Oil_80_ZhengChenPelegYbaseSplit;test;2;None;pls;"{""n_components"": 19}";3.226;3.245732830881393
Corn_Oil_80_ZhengChenPelegYbaseSplit;test;2;None;pls;"{""n_components"": 19}";3.306;3.3389303979150555
Corn_Oil_80_ZhengChenPelegYbaseSplit;test;2;None;pls;"{""n_components"": 19}";3.363;3.349517419864759
Corn_Oil_80_ZhengChenPelegYbaseSplit;test;2;None;pls;"{""n_components"": 19}";3.417;3.405044254667702
Corn_Oil_80_ZhengChenPelegYbaseSplit;test;2;None;pls;"{""n_components"": 19}";3.446;3.504485571247213
Corn_Oil_80_ZhengChenPelegYbaseSplit;test;2;None;pls;"{""n_components"": 19}";3.46;3.4683054038768732
Corn_Oil_80_ZhengChenPelegYbaseSplit;test;2;None;pls;"{""n_components"": 19}";3.494;3.4437204575698335
Corn_Oil_80_ZhengChenPelegYbaseSplit;test;2;None;pls;"{""n_components"": 19}";3.505;3.460409434130526
Corn_Oil_80_ZhengChenPelegYbaseSplit;test;2;None;pls;"{""n_components"": 19}";3.541;3.5506721745932515
Corn_Oil_80_ZhengChenPelegYbaseSplit;test;2;None;pls;"{""n_components"": 19}";3.569;3.5238470724025026
Corn_Oil_80_ZhengChenPelegYbaseSplit;test;2;None;pls;"{""n_components"": 19}";3.595;3.6295809715721425
Corn_Oil_80_ZhengChenPelegYbaseSplit;test;2;None;pls;"{""n_components"": 19}";3.661;3.659722403334677
Corn_Oil_80_ZhengChenPelegYbaseSplit;test;2;None;pls;"{""n_components"": 19}";3.687;3.7295439049860843
Corn_Oil_80_ZhengChenPelegYbaseSplit;test;2;None;pls;"{""n_components"": 19}";3.72;3.665422985104181
Corn_Oil_80_ZhengChenPelegYbaseSplit;test;2;None;pls;"{""n_components"": 19}";3.82;3.773863348096738
Corn_Oil_80_ZhengChenPelegYbaseSplit;valid;0;Haar;pls;"{""n_components"": 14}";3.176;3.30410940089149
Corn_Oil_80_ZhengChenPelegYbaseSplit;valid;0;Haar;pls;"{""n_components"": 14}";3.201;3.27673226816659
Corn_Oil_80_ZhengChenPelegYbaseSplit;valid;0;Haar;pls;"{""n_components"": 14}";3.264;3.308697824271795
Corn_Oil_80_ZhengChenPelegYbaseSplit;valid;0;Haar;pls;"{""n_components"": 14}";3.28;3.373850398980595
Corn_Oil_80_ZhengChenPelegYbaseSplit;valid;0;Haar;pls;"{""n_components"": 14}";3.3;3.4092389272426065
Corn_Oil_80_ZhengChenPelegYbaseSplit;valid;0;Haar;pls;"{""n_components"": 14}";3.345;3.307983503815006
Corn_Oil_80_ZhengChenPelegYbaseSplit;valid;0;Haar;pls;"{""n_components"": 14}";3.415;3.48422166134238
Corn_Oil_80_ZhengChenPelegYbaseSplit;valid;0;Haar;pls;"{""n_components"": 14}";3.424;3.4267650743633817
Corn_Oil_80_ZhengChenPelegYbaseSplit;valid;0;Haar;pls;"{""n_components"": 14}";3.435;3.47748949311965
Corn_Oil_80_ZhengChenPelegYbaseSplit;valid;0;Haar;pls;"{""n_components"": 14}";3.451;3.512162659113409
Corn_Oil_80_ZhengChenPelegYbaseSplit;valid;0;Haar;pls;"{""n_components"": 14}";3.464;3.4778800912356296
Corn_Oil_80_ZhengChenPelegYbaseSplit;valid;0;Haar;pls;"{""n_components"": 14}";3.494;3.675547577423913
Corn_Oil_80_ZhengChenPelegYbaseSplit;valid;0;Haar;pls;"{""n_components"": 14}";3.504;3.44988185082278
Corn_Oil_80_ZhengChenPelegYbaseSplit;valid;0;Haar;pls;"{""n_components"": 14}";3.524;3.6069991876368315
Corn_Oil_80_ZhengChenPelegYbaseSplit;valid;0;Haar;pls;"{""n_components"": 14}";3.539;3.5879697032141142
Corn_Oil_80_ZhengChenPelegYbaseSplit;valid;0;Haar;pls;"{""n_components"": 14}";3.556;3.762105575987518
Corn_Oil_80_ZhengChenPelegYbaseSplit;valid;0;Haar;pls;"{""n_components"": 14}";3.619;3.5654778896921697
Corn_Oil_80_ZhengChenPelegYbaseSplit;valid;0;Haar;pls;"{""n_components"": 14}";3.645;3.6334332023588036
Corn_Oil_80_ZhengChenPelegYbaseSplit;valid;0;Haar;pls;"{""n_components"": 14}";3.693;3.7444940626956744
Corn_Oil_80_ZhengChenPelegYbaseSplit;valid;0;Haar;pls;"{""n_components"": 14}";3.699;3.680504872847362
Corn_Oil_80_ZhengChenPelegYbaseSplit;valid;0;Haar;pls;"{""n_components"": 14}";3.748;3.7362742947700296
Corn_Oil_80_ZhengChenPelegYbaseSplit;valid;0;Haar;pls;"{""n_components"": 14}";3.822;3.7801155394434502
Corn_Oil_80_ZhengChenPelegYbaseSplit;test;0;Haar;pls;"{""n_components"": 14}";3.163;3.1860992874400043
Corn_Oil_80_ZhengChenPelegYbaseSplit;test;0;Haar;pls;"{""n_components"": 14}";3.226;3.291103802805903
Corn_Oil_80_ZhengChenPelegYbaseSplit;test;0;Haar;pls;"{""n_components"": 14}";3.306;3.340612104366853
Corn_Oil_80_ZhengChenPelegYbaseSplit;test;0;Haar;pls;"{""n_components"": 14}";3.363;3.4244246591761547
Corn_Oil_80_ZhengChenPelegYbaseSplit;test;0;Haar;pls;"{""n_components"": 14}";3.417;3.5262250118790153
Corn_Oil_80_ZhengChenPelegYbaseSplit;test;0;Haar;pls;"{""n_components"": 14}";3.446;3.4562621011456964
Corn_Oil_80_ZhengChenPelegYbaseSplit;test;0;Haar;pls;"{""n_components"": 14}";3.46;3.536602796683659
Corn_Oil_80_ZhengChenPelegYbaseSplit;test;0;Haar;pls;"{""n_components"": 14}";3.494;3.5112464269531563
Corn_Oil_80_ZhengChenPelegYbaseSplit;test;0;Haar;pls;"{""n_components"": 14}";3.505;3.493280467393503
Corn_Oil_80_ZhengChenPelegYbaseSplit;test;0;Haar;pls;"{""n_components"": 14}";3.541;3.666550092740507
Corn_Oil_80_ZhengChenPelegYbaseSplit;test;0;Haar;pls;"{""n_components"": 14}";3.569;3.549268400182331
Corn_Oil_80_ZhengChenPelegYbaseSplit;test;0;Haar;pls;"{""n_components"": 14}";3.595;3.588305477839008
Corn_Oil_80_ZhengChenPelegYbaseSplit;test;0;Haar;pls;"{""n_components"": 14}";3.661;3.6228468227078143
Corn_Oil_80_ZhengChenPelegYbaseSplit;test;0;Haar;pls;"{""n_components"": 14}";3.687;3.688576668151956
Corn_Oil_80_ZhengChenPelegYbaseSplit;test;0;Haar;pls;"{""n_components"": 14}";3.72;3.652289435589159
Corn_Oil_80_ZhengChenPelegYbaseSplit;test;0;Haar;pls;"{""n_components"": 14}";3.82;3.736196494559744
Corn_Oil_80_ZhengChenPelegYbaseSplit;valid;1;Haar;pls;"{""n_components"": 14}";3.088;3.2694611045450945
Corn_Oil_80_ZhengChenPelegYbaseSplit;valid;1;Haar;pls;"{""n_components"": 14}";3.212;3.280477024308144
Corn_Oil_80_ZhengChenPelegYbaseSplit;valid;1;Haar;pls;"{""n_components"": 14}";3.316;3.350038040578544
Corn_Oil_80_ZhengChenPelegYbaseSplit;valid;1;Haar;pls;"{""n_components"": 14}";3.328;3.3501892877234867
Corn_Oil_80_ZhengChenPelegYbaseSplit;valid;1;Haar;pls;"{""n_components"": 14}";3.407;3.4265006803120426
Corn_Oil_80_ZhengChenPelegYbaseSplit;valid;1;Haar;pls;"{""n_components"": 14}";3.446;3.435693077061772
Corn_Oil_80_ZhengChenPelegYbaseSplit;valid;1;Haar;pls;"{""n_components"": 14}";3.457;3.480662476990883
Corn_Oil_80_ZhengChenPelegYbaseSplit;valid;1;Haar;pls;"{""n_components"": 14}";3.479;3.6344399638348235
Corn_Oil_80_ZhengChenPelegYbaseSplit;valid;1;Haar;pls;"{""n_components"": 14}";3.496;3.4142482870316377
Corn_Oil_80_ZhengChenPelegYbaseSplit;valid;1;Haar;pls;"{""n_components"": 14}";3.497;3.5258194269739085
Corn_Oil_80_ZhengChenPelegYbaseSplit;valid;1;Haar;pls;"{""n_components"": 14}";3.507;3.44864639455867
Corn_Oil_80_ZhengChenPelegYbaseSplit;valid;1;Haar;pls;"{""n_components"": 14}";3.55;3.5608290399966
Corn_Oil_80_ZhengChenPelegYbaseSplit;valid;1;Haar;pls;"{""n_components"": 14}";3.556;3.613728958799159
Corn_Oil_80_ZhengChenPelegYbaseSplit;valid;1;Haar;pls;"{""n_components"": 14}";3.583;3.5067732971178502
Corn_Oil_80_ZhengChenPelegYbaseSplit;valid;1;Haar;pls;"{""n_components"": 14}";3.641;3.6147916060967122
Corn_Oil_80_ZhengChenPelegYbaseSplit;valid;1;Haar;pls;"{""n_components"": 14}";3.67;3.594765274242354
Corn_Oil_80_ZhengChenPelegYbaseSplit;valid;1;Haar;pls;"{""n_components"": 14}";3.677;3.672570433632422
Corn_Oil_80_ZhengChenPelegYbaseSplit;valid;1;Haar;pls;"{""n_components"": 14}";3.686;3.6175649954891895
Corn_Oil_80_ZhengChenPelegYbaseSplit;valid;1;Haar;pls;"{""n_components"": 14}";3.716;3.757790272552556
Corn_Oil_80_ZhengChenPelegYbaseSplit;valid;1;Haar;pls;"{""n_components"": 14}";3.766;3.726178764264035
Corn_Oil_80_ZhengChenPelegYbaseSplit;valid;1;Haar;pls;"{""n_components"": 14}";3.832;3.6934058814511945
Corn_Oil_80_ZhengChenPelegYbaseSplit;test;1;Haar;pls;"{""n_components"": 14}";3.163;3.1719527630651947
Corn_Oil_80_ZhengChenPelegYbaseSplit;test;1;Haar;pls;"{""n_components"": 14}";3.226;3.280511293718191
Corn_Oil_80_ZhengChenPelegYbaseSplit;test;1;Haar;pls;"{""n_components"": 14}";3.306;3.3587639520637937
Corn_Oil_80_ZhengChenPelegYbaseSplit;test;1;Haar;pls;"{""n_components"": 14}";3.363;3.3438025816433266
Corn_Oil_80_ZhengChenPelegYbaseSplit;test;1;Haar;pls;"{""n_components"": 14}";3.417;3.445525295179017
Corn_Oil_80_ZhengChenPelegYbaseSplit;test;1;Haar;pls;"{""n_components"": 14}";3.446;3.4486516987428724
Corn_Oil_80_ZhengChenPelegYbaseSplit;test;1;Haar;pls;"{""n_components"": 14}";3.46;3.604458853196106
Corn_Oil_80_ZhengChenPelegYbaseSplit;test;1;Haar;pls;"{""n_components"": 14}";3.494;3.430515165100904
Corn_Oil_80_ZhengChenPelegYbaseSplit;test;1;Haar;pls;"{""n_components"": 14}";3.505;3.472386555804408
Corn_Oil_80_ZhengChenPelegYbaseSplit;test;1;Haar;pls;"{""n_components"": 14}";3.541;3.6058665017181273
Corn_Oil_80_ZhengChenPelegYbaseSplit;test;1;Haar;pls;"{""n_components"": 14}";3.569;3.533433092473366
Corn_Oil_80_ZhengChenPelegYbaseSplit;test;1;Haar;pls;"{""n_components"": 14}";3.595;3.531881549452323
Corn_Oil_80_ZhengChenPelegYbaseSplit;test;1;Haar;pls;"{""n_components"": 14}";3.661;3.673385285795639
Corn_Oil_80_ZhengChenPelegYbaseSplit;test;1;Haar;pls;"{""n_components"": 14}";3.687;3.586450219971278
Corn_Oil_80_ZhengChenPelegYbaseSplit;test;1;Haar;pls;"{""n_components"": 14}";3.72;3.5710518754388274
Corn_Oil_80_ZhengChenPelegYbaseSplit;test;1;Haar;pls;"{""n_components"": 14}";3.82;3.64801555327835
Corn_Oil_80_ZhengChenPelegYbaseSplit;valid;2;Haar;pls;"{""n_components"": 14}";3.105;3.16498041458201
Corn_Oil_80_ZhengChenPelegYbaseSplit;valid;2;Haar;pls;"{""n_components"": 14}";3.212;3.246773053643422
Corn_Oil_80_ZhengChenPelegYbaseSplit;valid;2;Haar;pls;"{""n_components"": 14}";3.251;3.3715990919791365
Corn_Oil_80_ZhengChenPelegYbaseSplit;valid;2;Haar;pls;"{""n_components"": 14}";3.306;3.1980203166093526
Corn_Oil_80_ZhengChenPelegYbaseSplit;valid;2;Haar;pls;"{""n_components"": 14}";3.38;3.3192418175984
Corn_Oil_80_ZhengChenPelegYbaseSplit;valid;2;Haar;pls;"{""n_components"": 14}";3.404;3.345821402989485
Corn_Oil_80_ZhengChenPelegYbaseSplit;valid;2;Haar;pls;"{""n_components"": 14}";3.437;3.5291243616879324
Corn_Oil_80_ZhengChenPelegYbaseSplit;valid;2;Haar;pls;"{""n_components"": 14}";3.449;3.6065291579418184
Corn_Oil_80_ZhengChenPelegYbaseSplit;valid;2;Haar;pls;"{""n_components"": 14}";3.449;3.2988679451144582
Corn_Oil_80_ZhengChenPelegYbaseSplit;valid;2;Haar;pls;"{""n_components"": 14}";3.49;3.411650715001808
Corn_Oil_80_ZhengChenPelegYbaseSplit;valid;2;Haar;pls;"{""n_components"": 14}";3.491;3.474650846879152
Corn_Oil_80_ZhengChenPelegYbaseSplit;valid;2;Haar;pls;"{""n_components"": 14}";3.519;3.647832416786647
Corn_Oil_80_ZhengChenPelegYbaseSplit;valid;2;Haar;pls;"{""n_components"": 14}";3.557;3.521033589489304
Corn_Oil_80_ZhengChenPelegYbaseSplit;valid;2;Haar;pls;"{""n_components"": 14}";3.584;3.5015129713747593
Corn_Oil_80_ZhengChenPelegYbaseSplit;valid;2;Haar;pls;"{""n_components"": 14}";3.59;3.5785973421614035
Corn_Oil_80_ZhengChenPelegYbaseSplit;valid;2;Haar;pls;"{""n_components"": 14}";3.59;3.5158472380580656
Corn_Oil_80_ZhengChenPelegYbaseSplit;valid;2;Haar;pls;"{""n_components"": 14}";3.652;3.633971393399789
Corn_Oil_80_ZhengChenPelegYbaseSplit;valid;2;Haar;pls;"{""n_components"": 14}";3.676;3.7361095485937112
Corn_Oil_80_ZhengChenPelegYbaseSplit;valid;2;Haar;pls;"{""n_components"": 14}";3.71;3.705965175958078
Corn_Oil_80_ZhengChenPelegYbaseSplit;valid;2;Haar;pls;"{""n_components"": 14}";3.751;3.7278498083674125
Corn_Oil_80_ZhengChenPelegYbaseSplit;valid;2;Haar;pls;"{""n_components"": 14}";3.787;3.7201982727659573
Corn_Oil_80_ZhengChenPelegYbaseSplit;test;2;Haar;pls;"{""n_components"": 14}";3.163;3.315858459314061
Corn_Oil_80_ZhengChenPelegYbaseSplit;test;2;Haar;pls;"{""n_components"": 14}";3.226;3.3135087999936115
Corn_Oil_80_ZhengChenPelegYbaseSplit;test;2;Haar;pls;"{""n_components"": 14}";3.306;3.3147753448192883
Corn_Oil_80_ZhengChenPelegYbaseSplit;test;2;Haar;pls;"{""n_components"": 14}";3.363;3.308003114374801
Corn_Oil_80_ZhengChenPelegYbaseSplit;test;2;Haar;pls;"{""n_components"": 14}";3.417;3.4470022566786906
Corn_Oil_80_ZhengChenPelegYbaseSplit;test;2;Haar;pls;"{""n_components"": 14}";3.446;3.50691399561171
Corn_Oil_80_ZhengChenPelegYbaseSplit;test;2;Haar;pls;"{""n_components"": 14}";3.46;3.498682246783476
Corn_Oil_80_ZhengChenPelegYbaseSplit;test;2;Haar;pls;"{""n_components"": 14}";3.494;3.513509436824866
Corn_Oil_80_ZhengChenPelegYbaseSplit;test;2;Haar;pls;"{""n_components"": 14}";3.505;3.4897871346855602
Corn_Oil_80_ZhengChenPelegYbaseSplit;test;2;Haar;pls;"{""n_components"": 14}";3.541;3.6394650431261035
Corn_Oil_80_ZhengChenPelegYbaseSplit;test;2;Haar;pls;"{""n_components"": 14}";3.569;3.580027337971533
Corn_Oil_80_ZhengChenPelegYbaseSplit;test;2;Haar;pls;"{""n_components"": 14}";3.595;3.522839689187183
Corn_Oil_80_ZhengChenPelegYbaseSplit;test;2;Haar;pls;"{""n_components"": 14}";3.661;3.553823746938598
Corn_Oil_80_ZhengChenPelegYbaseSplit;test;2;Haar;pls;"{""n_components"": 14}";3.687;3.642677371867626
Corn_Oil_80_ZhengChenPelegYbaseSplit;test;2;Haar;pls;"{""n_components"": 14}";3.72;3.6603133490002917
Corn_Oil_80_ZhengChenPelegYbaseSplit;test;2;Haar;pls;"{""n_components"": 14}";3.82;3.710543022214134
Corn_Oil_80_ZhengChenPelegYbaseSplit;valid;0;AreaNormalization;pls;"{""n_components"": 21}";3.176;3.1685873550358896
Corn_Oil_80_ZhengChenPelegYbaseSplit;valid;0;AreaNormalization;pls;"{""n_components"": 21}";3.201;3.3023188641680936
Corn_Oil_80_ZhengChenPelegYbaseSplit;valid;0;AreaNormalization;pls;"{""n_components"": 21}";3.264;3.283623108832977
Corn_Oil_80_ZhengChenPelegYbaseSplit;valid;0;AreaNormalization;pls;"{""n_components"": 21}";3.28;3.3117336143551244
Corn_Oil_80_ZhengChenPelegYbaseSplit;valid;0;AreaNormalization;pls;"{""n_components"": 21}";3.3;3.2155948289869962
Corn_Oil_80_ZhengChenPelegYbaseSplit;valid;0;AreaNormalization;pls;"{""n_components"": 21}";3.345;3.3710037732976352
Corn_Oil_80_ZhengChenPelegYbaseSplit;valid;0;AreaNormalization;pls;"{""n_components"": 21}";3.415;3.3430127744705556
Corn_Oil_80_ZhengChenPelegYbaseSplit;valid;0;AreaNormalization;pls;"{""n_components"": 21}";3.424;3.4294812356327866
Corn_Oil_80_ZhengChenPelegYbaseSplit;valid;0;AreaNormalization;pls;"{""n_components"": 21}";3.435;3.61060206319573
Corn_Oil_80_ZhengChenPelegYbaseSplit;valid;0;AreaNormalization;pls;"{""n_components"": 21}";3.451;3.4471316873766136
Corn_Oil_80_ZhengChenPelegYbaseSplit;valid;0;AreaNormalization;pls;"{""n_components"": 21}";3.464;3.3150552059549097
Corn_Oil_80_ZhengChenPelegYbaseSplit;valid;0;AreaNormalization;pls;"{""n_components"": 21}";3.494;3.631019407976476
Corn_Oil_80_ZhengChenPelegYbaseSplit;valid;0;AreaNormalization;pls;"{""n_components"": 21}";3.504;3.6038372975680706
Corn_Oil_80_ZhengChenPelegYbaseSplit;valid;0;AreaNormalization;pls;"{""n_components"": 21}";3.524;3.4790889199908435
Corn_Oil_80_ZhengChenPelegYbaseSplit;valid;0;AreaNormalization;pls;"{""n_components"": 21}";3.539;3.5699867144193345
Corn_Oil_80_ZhengChenPelegYbaseSplit;valid;0;AreaNormalization;pls;"{""n_components"": 21}";3.556;3.5282092983006166
Corn_Oil_80_ZhengChenPelegYbaseSplit;valid;0;AreaNormalization;pls;"{""n_components"": 21}";3.619;3.710819868691518
Corn_Oil_80_ZhengChenPelegYbaseSplit;valid;0;AreaNormalization;pls;"{""n_components"": 21}";3.645;3.6009936432465413
Corn_Oil_80_ZhengChenPelegYbaseSplit;valid;0;AreaNormalization;pls;"{""n_components"": 21}";3.693;3.7637639565310725
Corn_Oil_80_ZhengChenPelegYbaseSplit;valid;0;AreaNormalization;pls;"{""n_components"": 21}";3.699;3.8024613100967564
Corn_Oil_80_ZhengChenPelegYbaseSplit;valid;0;AreaNormalization;pls;"{""n_components"": 21}";3.748;3.8298700936209196
Corn_Oil_80_ZhengChenPelegYbaseSplit;valid;0;AreaNormalization;pls;"{""n_components"": 21}";3.822;3.836206951037777
Corn_Oil_80_ZhengChenPelegYbaseSplit;test;0;AreaNormalization;pls;"{""n_components"": 21}";3.163;3.1362832521251587
Corn_Oil_80_ZhengChenPelegYbaseSplit;test;0;AreaNormalization;pls;"{""n_components"": 21}";3.226;3.1635887596648042
Corn_Oil_80_ZhengChenPelegYbaseSplit;test;0;AreaNormalization;pls;"{""n_components"": 21}";3.306;3.405135881185722
Corn_Oil_80_ZhengChenPelegYbaseSplit;test;0;AreaNormalization;pls;"{""n_components"": 21}";3.363;3.456050734696885
Corn_Oil_80_ZhengChenPelegYbaseSplit;test;0;AreaNormalization;pls;"{""n_components"": 21}";3.417;3.4493054339564457
Corn_Oil_80_ZhengChenPelegYbaseSplit;test;0;AreaNormalization;pls;"{""n_components"": 21}";3.446;3.4575400878444653
Corn_Oil_80_ZhengChenPelegYbaseSplit;test;0;AreaNormalization;pls;"{""n_components"": 21}";3.46;3.3533370437223535
Corn_Oil_80_ZhengChenPelegYbaseSplit;test;0;AreaNormalization;pls;"{""n_components"": 21}";3.494;3.540590504146019
Corn_Oil_80_ZhengChenPelegYbaseSplit;test;0;AreaNormalization;pls;"{""n_components"": 21}";3.505;3.5116312676451034
Corn_Oil_80_ZhengChenPelegYbaseSplit;test;0;AreaNormalization;pls;"{""n_components"": 21}";3.541;3.6370668515191915
Corn_Oil_80_ZhengChenPelegYbaseSplit;test;0;AreaNormalization;pls;"{""n_components"": 21}";3.569;3.5144380734193272
Corn_Oil_80_ZhengChenPelegYbaseSplit;test;0;AreaNormalization;pls;"{""n_components"": 21}";3.595;3.597124608718876
Corn_Oil_80_ZhengChenPelegYbaseSplit;test;0;AreaNormalization;pls;"{""n_components"": 21}";3.661;3.651444782615305
Corn_Oil_80_ZhengChenPelegYbaseSplit;test;0;AreaNormalization;pls;"{""n_components"": 21}";3.687;3.6933253585077925
Corn_Oil_80_ZhengChenPelegYbaseSplit;test;0;AreaNormalization;pls;"{""n_components"": 21}";3.72;3.612917528291084
Corn_Oil_80_ZhengChenPelegYbaseSplit;test;0;AreaNormalization;pls;"{""n_components"": 21}";3.82;3.765163859588428
Corn_Oil_80_ZhengChenPelegYbaseSplit;valid;1;AreaNormalization;pls;"{""n_components"": 21}";3.088;3.185452581660365
Corn_Oil_80_ZhengChenPelegYbaseSplit;valid;1;AreaNormalization;pls;"{""n_components"": 21}";3.212;3.239329210574883
Corn_Oil_80_ZhengChenPelegYbaseSplit;valid;1;AreaNormalization;pls;"{""n_components"": 21}";3.316;3.269534249220598
Corn_Oil_80_ZhengChenPelegYbaseSplit;valid;1;AreaNormalization;pls;"{""n_components"": 21}";3.328;3.324208020717372
Corn_Oil_80_ZhengChenPelegYbaseSplit;valid;1;AreaNormalization;pls;"{""n_components"": 21}";3.407;3.4719988643723876
Corn_Oil_80_ZhengChenPelegYbaseSplit;valid;1;AreaNormalization;pls;"{""n_components"": 21}";3.446;3.429402163965117
Corn_Oil_80_ZhengChenPelegYbaseSplit;valid;1;AreaNormalization;pls;"{""n_components"": 21}";3.457;3.433027409293331
Corn_Oil_80_ZhengChenPelegYbaseSplit;valid;1;AreaNormalization;pls;"{""n_components"": 21}";3.479;3.5924867599793893
Corn_Oil_80_ZhengChenPelegYbaseSplit;valid;1;AreaNormalization;pls;"{""n_components"": 21}";3.496;3.406811411119269
Corn_Oil_80_ZhengChenPelegYbaseSplit;valid;1;AreaNormalization;pls;"{""n_components"": 21}";3.497;3.5139707413796906
Corn_Oil_80_ZhengChenPelegYbaseSplit;valid;1;AreaNormalization;pls;"{""n_components"": 21}";3.507;3.4193564945799735
Corn_Oil_80_ZhengChenPelegYbaseSplit;valid;1;AreaNormalization;pls;"{""n_components"": 21}";3.55;3.5741789733598712
Corn_Oil_80_ZhengChenPelegYbaseSplit;valid;1;AreaNormalization;pls;"{""n_components"": 21}";3.556;3.4904151218698485
Corn_Oil_80_ZhengChenPelegYbaseSplit;valid;1;AreaNormalization;pls;"{""n_components"": 21}";3.583;3.5413464561066053
Corn_Oil_80_ZhengChenPelegYbaseSplit;valid;1;AreaNormalization;pls;"{""n_components"": 21}";3.641;3.5221012301430594
Corn_Oil_80_ZhengChenPelegYbaseSplit;valid;1;AreaNormalization;pls;"{""n_components"": 21}";3.67;3.635049792426749
Corn_Oil_80_ZhengChenPelegYbaseSplit;valid;1;AreaNormalization;pls;"{""n_components"": 21}";3.677;3.6321860074330528
Corn_Oil_80_ZhengChenPelegYbaseSplit;valid;1;AreaNormalization;pls;"{""n_components"": 21}";3.686;3.754314374661271
Corn_Oil_80_ZhengChenPelegYbaseSplit;valid;1;AreaNormalization;pls;"{""n_components"": 21}";3.716;3.704902114656572
Corn_Oil_80_ZhengChenPelegYbaseSplit;valid;1;AreaNormalization;pls;"{""n_components"": 21}";3.766;3.727252106441499
Corn_Oil_80_ZhengChenPelegYbaseSplit;valid;1;AreaNormalization;pls;"{""n_components"": 21}";3.832;3.716079368807401
Corn_Oil_80_ZhengChenPelegYbaseSplit;test;1;AreaNormalization;pls;"{""n_components"": 21}";3.163;3.184941575546005
Corn_Oil_80_ZhengChenPelegYbaseSplit;test;1;AreaNormalization;pls;"{""n_components"": 21}";3.226;3.1282795886682786
Corn_Oil_80_ZhengChenPelegYbaseSplit;test;1;AreaNormalization;pls;"{""n_components"": 21}";3.306;3.2504788723563203
Corn_Oil_80_ZhengChenPelegYbaseSplit;test;1;AreaNormalization;pls;"{""n_components"": 21}";3.363;3.4015292206925323
Corn_Oil_80_ZhengChenPelegYbaseSplit;test;1;AreaNormalization;pls;"{""n_components"": 21}";3.417;3.4755488743568486
Corn_Oil_80_ZhengChenPelegYbaseSplit;test;1;AreaNormalization;pls;"{""n_components"": 21}";3.446;3.4155416976400286
Corn_Oil_80_ZhengChenPelegYbaseSplit;test;1;AreaNormalization;pls;"{""n_components"": 21}";3.46;3.4645587499420807
Corn_Oil_80_ZhengChenPelegYbaseSplit;test;1;AreaNormalization;pls;"{""n_components"": 21}";3.494;3.423677484306652
Corn_Oil_80_ZhengChenPelegYbaseSplit;test;1;AreaNormalization;pls;"{""n_components"": 21}";3.505;3.4701927436836684
Corn_Oil_80_ZhengChenPelegYbaseSplit;test;1;AreaNormalization;pls;"{""n_components"": 21}";3.541;3.6509637889109796
Corn_Oil_80_ZhengChenPelegYbaseSplit;test;1;AreaNormalization;pls;"{""n_components"": 21}";3.569;3.5813582857090194
Corn_Oil_80_ZhengChenPelegYbaseSplit;test;1;AreaNormalization;pls;"{""n_components"": 21}";3.595;3.491701069324326
Corn_Oil_80_ZhengChenPelegYbaseSplit;test;1;AreaNormalization;pls;"{""n_components"": 21}";3.661;3.5599208218951337
Corn_Oil_80_ZhengChenPelegYbaseSplit;test;1;AreaNormalization;pls;"{""n_components"": 21}";3.687;3.637291073364172
Corn_Oil_80_ZhengChenPelegYbaseSplit;test;1;AreaNormalization;pls;"{""n_components"": 21}";3.72;3.6240072343010263
Corn_Oil_80_ZhengChenPelegYbaseSplit;test;1;AreaNormalization;pls;"{""n_components"": 21}";3.82;3.733559019881215
Corn_Oil_80_ZhengChenPelegYbaseSplit;valid;2;AreaNormalization;pls;"{""n_components"": 21}";3.105;3.349253461436695
Corn_Oil_80_ZhengChenPelegYbaseSplit;valid;2;AreaNormalization;pls;"{""n_components"": 21}";3.212;3.202977914274828
Corn_Oil_80_ZhengChenPelegYbaseSplit;valid;2;AreaNormalization;pls;"{""n_components"": 21}";3.251;3.3825186046641975
Corn_Oil_80_ZhengChenPelegYbaseSplit;valid;2;AreaNormalization;pls;"{""n_components"": 21}";3.306;3.2608053501185914
Corn_Oil_80_ZhengChenPelegYbaseSplit;valid;2;AreaNormalization;pls;"{""n_components"": 21}";3.38;3.304357020042794
Corn_Oil_80_ZhengChenPelegYbaseSplit;valid;2;AreaNormalization;pls;"{""n_components"": 21}";3.404;3.382233085757442
Corn_Oil_80_ZhengChenPelegYbaseSplit;valid;2;AreaNormalization;pls;"{""n_components"": 21}";3.437;3.5365026014687784
Corn_Oil_80_ZhengChenPelegYbaseSplit;valid;2;AreaNormalization;pls;"{""n_components"": 21}";3.449;3.550052343491786
Corn_Oil_80_ZhengChenPelegYbaseSplit;valid;2;AreaNormalization;pls;"{""n_components"": 21}";3.449;3.313061178538321
Corn_Oil_80_ZhengChenPelegYbaseSplit;valid;2;AreaNormalization;pls;"{""n_components"": 21}";3.49;3.5676582715499467
Corn_Oil_80_ZhengChenPelegYbaseSplit;valid;2;AreaNormalization;pls;"{""n_components"": 21}";3.491;3.4632098317132587
Corn_Oil_80_ZhengChenPelegYbaseSplit;valid;2;AreaNormalization;pls;"{""n_components"": 21}";3.519;3.552146042952779
Corn_Oil_80_ZhengChenPelegYbaseSplit;valid;2;AreaNormalization;pls;"{""n_components"": 21}";3.557;3.4117471405575075
Corn_Oil_80_ZhengChenPelegYbaseSplit;valid;2;AreaNormalization;pls;"{""n_components"": 21}";3.584;3.6002132669704348
Corn_Oil_80_ZhengChenPelegYbaseSplit;valid;2;AreaNormalization;pls;"{""n_components"": 21}";3.59;3.580118077350354
Corn_Oil_80_ZhengChenPelegYbaseSplit;valid;2;AreaNormalization;pls;"{""n_components"": 21}";3.59;3.5098752187024234
Corn_Oil_80_ZhengChenPelegYbaseSplit;valid;2;AreaNormalization;pls;"{""n_components"": 21}";3.652;3.49021679376409
Corn_Oil_80_ZhengChenPelegYbaseSplit;valid;2;AreaNormalization;pls;"{""n_components"": 21}";3.676;3.5445255269931746
Corn_Oil_80_ZhengChenPelegYbaseSplit;valid;2;AreaNormalization;pls;"{""n_components"": 21}";3.71;3.705020544160329
Corn_Oil_80_ZhengChenPelegYbaseSplit;valid;2;AreaNormalization;pls;"{""n_components"": 21}";3.751;3.6028958104849678
Corn_Oil_80_ZhengChenPelegYbaseSplit;valid;2;AreaNormalization;pls;"{""n_components"": 21}";3.787;3.8024075558935575
Corn_Oil_80_ZhengChenPelegYbaseSplit;test;2;AreaNormalization;pls;"{""n_components"": 21}";3.163;3.1848614021051045
Corn_Oil_80_ZhengChenPelegYbaseSplit;test;2;AreaNormalization;pls;"{""n_components"": 21}";3.226;3.224823506149587
Corn_Oil_80_ZhengChenPelegYbaseSplit;test;2;AreaNormalization;pls;"{""n_components"": 21}";3.306;3.277798886392664
Corn_Oil_80_ZhengChenPelegYbaseSplit;test;2;AreaNormalization;pls;"{""n_components"": 21}";3.363;3.43487687481023
Corn_Oil_80_ZhengChenPelegYbaseSplit;test;2;AreaNormalization;pls;"{""n_components"": 21}";3.417;3.4167678289434757
Corn_Oil_80_ZhengChenPelegYbaseSplit;test;2;AreaNormalization;pls;"{""n_components"": 21}";3.446;3.4375310020773218
Corn_Oil_80_ZhengChenPelegYbaseSplit;test;2;AreaNormalization;pls;"{""n_components"": 21}";3.46;3.4563171568974984
Corn_Oil_80_ZhengChenPelegYbaseSplit;test;2;AreaNormalization;pls;"{""n_components"": 21}";3.494;3.485842204315979
Corn_Oil_80_ZhengChenPelegYbaseSplit;test;2;AreaNormalization;pls;"{""n_components"": 21}";3.505;3.4537809591590105
Corn_Oil_80_ZhengChenPelegYbaseSplit;test;2;AreaNormalization;pls;"{""n_components"": 21}";3.541;3.5032541665286185
Corn_Oil_80_ZhengChenPelegYbaseSplit;test;2;AreaNormalization;pls;"{""n_components"": 21}";3.569;3.5783888936350716
Corn_Oil_80_ZhengChenPelegYbaseSplit;test;2;AreaNormalization;pls;"{""n_components"": 21}";3.595;3.4121495322771405
Corn_Oil_80_ZhengChenPelegYbaseSplit;test;2;AreaNormalization;pls;"{""n_components"": 21}";3.661;3.605943881601269
Corn_Oil_80_ZhengChenPelegYbaseSplit;test;2;AreaNormalization;pls;"{""n_components"": 21}";3.687;3.684125621576693
Corn_Oil_80_ZhengChenPelegYbaseSplit;test;2;AreaNormalization;pls;"{""n_components"": 21}";3.72;3.682701354640636
Corn_Oil_80_ZhengChenPelegYbaseSplit;test;2;AreaNormalization;pls;"{""n_components"": 21}";3.82;3.810190735079111
Corn_Oil_80_ZhengChenPelegYbaseSplit;valid;0;ASLSBaseline;pls;"{""n_components"": 26}";3.176;3.191976593558987
Corn_Oil_80_ZhengChenPelegYbaseSplit;valid;0;ASLSBaseline;pls;"{""n_components"": 26}";3.201;3.2051022829966165
Corn_Oil_80_ZhengChenPelegYbaseSplit;valid;0;ASLSBaseline;pls;"{""n_components"": 26}";3.264;3.2456445028617082
Corn_Oil_80_ZhengChenPelegYbaseSplit;valid;0;ASLSBaseline;pls;"{""n_components"": 26}";3.28;3.2511111825451935
Corn_Oil_80_ZhengChenPelegYbaseSplit;valid;0;ASLSBaseline;pls;"{""n_components"": 26}";3.3;3.2932446978035563
Corn_Oil_80_ZhengChenPelegYbaseSplit;valid;0;ASLSBaseline;pls;"{""n_components"": 26}";3.345;3.37737787765103
Corn_Oil_80_ZhengChenPelegYbaseSplit;valid;0;ASLSBaseline;pls;"{""n_components"": 26}";3.415;3.4279390942974635
Corn_Oil_80_ZhengChenPelegYbaseSplit;valid;0;ASLSBaseline;pls;"{""n_components"": 26}";3.424;3.3936577738834317
Corn_Oil_80_ZhengChenPelegYbaseSplit;valid;0;ASLSBaseline;pls;"{""n_components"": 26}";3.435;3.3554951973942675
Corn_Oil_80_ZhengChenPelegYbaseSplit;valid;0;ASLSBaseline;pls;"{""n_components"": 26}";3.451;3.4688064941235868
Corn_Oil_80_ZhengChenPelegYbaseSplit;valid;0;ASLSBaseline;pls;"{""n_components"": 26}";3.464;3.458186216184213
Corn_Oil_80_ZhengChenPelegYbaseSplit;valid;0;ASLSBaseline;pls;"{""n_components"": 26}";3.494;3.53335660075189
Corn_Oil_80_ZhengChenPelegYbaseSplit;valid;0;ASLSBaseline;pls;"{""n_components"": 26}";3.504;3.4981267237982485
Corn_Oil_80_ZhengChenPelegYbaseSplit;valid;0;ASLSBaseline;pls;"{""n_components"": 26}";3.524;3.5924059027628847
Corn_Oil_80_ZhengChenPelegYbaseSplit;valid;0;ASLSBaseline;pls;"{""n_components"": 26}";3.539;3.582018658365034
Corn_Oil_80_ZhengChenPelegYbaseSplit;valid;0;ASLSBaseline;pls;"{""n_components"": 26}";3.556;3.5615008622395874
Corn_Oil_80_ZhengChenPelegYbaseSplit;valid;0;ASLSBaseline;pls;"{""n_components"": 26}";3.619;3.5977913296555704
Corn_Oil_80_ZhengChenPelegYbaseSplit;valid;0;ASLSBaseline;pls;"{""n_components"": 26}";3.645;3.6233310049811336
Corn_Oil_80_ZhengChenPelegYbaseSplit;valid;0;ASLSBaseline;pls;"{""n_components"": 26}";3.693;3.7032969898002186
Corn_Oil_80_ZhengChenPelegYbaseSplit;valid;0;ASLSBaseline;pls;"{""n_components"": 26}";3.699;3.7277814043359006
Corn_Oil_80_ZhengChenPelegYbaseSplit;valid;0;ASLSBaseline;pls;"{""n_components"": 26}";3.748;3.750457046823658
Corn_Oil_80_ZhengChenPelegYbaseSplit;valid;0;ASLSBaseline;pls;"{""n_components"": 26}";3.822;3.8011766678405237
Corn_Oil_80_ZhengChenPelegYbaseSplit;test;0;ASLSBaseline;pls;"{""n_components"": 26}";3.163;3.124111749920804
Corn_Oil_80_ZhengChenPelegYbaseSplit;test;0;ASLSBaseline;pls;"{""n_components"": 26}";3.226;3.2367961835308368
Corn_Oil_80_ZhengChenPelegYbaseSplit;test;0;ASLSBaseline;pls;"{""n_components"": 26}";3.306;3.3192939568765785
Corn_Oil_80_ZhengChenPelegYbaseSplit;test;0;ASLSBaseline;pls;"{""n_components"": 26}";3.363;3.282477483078369
Corn_Oil_80_ZhengChenPelegYbaseSplit;test;0;ASLSBaseline;pls;"{""n_components"": 26}";3.417;3.4022631545487565
Corn_Oil_80_ZhengChenPelegYbaseSplit;test;0;ASLSBaseline;pls;"{""n_components"": 26}";3.446;3.468011383185588
Corn_Oil_80_ZhengChenPelegYbaseSplit;test;0;ASLSBaseline;pls;"{""n_components"": 26}";3.46;3.5334726466145914
Corn_Oil_80_ZhengChenPelegYbaseSplit;test;0;ASLSBaseline;pls;"{""n_components"": 26}";3.494;3.4389482624540144
Corn_Oil_80_ZhengChenPelegYbaseSplit;test;0;ASLSBaseline;pls;"{""n_components"": 26}";3.505;3.4600223489289856
Corn_Oil_80_ZhengChenPelegYbaseSplit;test;0;ASLSBaseline;pls;"{""n_components"": 26}";3.541;3.55683223319622
Corn_Oil_80_ZhengChenPelegYbaseSplit;test;0;ASLSBaseline;pls;"{""n_components"": 26}";3.569;3.509265137227013
Corn_Oil_80_ZhengChenPelegYbaseSplit;test;0;ASLSBaseline;pls;"{""n_components"": 26}";3.595;3.6162009554188503
Corn_Oil_80_ZhengChenPelegYbaseSplit;test;0;ASLSBaseline;pls;"{""n_components"": 26}";3.661;3.66455007220624
Corn_Oil_80_ZhengChenPelegYbaseSplit;test;0;ASLSBaseline;pls;"{""n_components"": 26}";3.687;3.738180497045228
Corn_Oil_80_ZhengChenPelegYbaseSplit;test;0;ASLSBaseline;pls;"{""n_components"": 26}";3.72;3.7004383303907082
Corn_Oil_80_ZhengChenPelegYbaseSplit;test;0;ASLSBaseline;pls;"{""n_components"": 26}";3.82;3.772857750684205
Corn_Oil_80_ZhengChenPelegYbaseSplit;valid;1;ASLSBaseline;pls;"{""n_components"": 26}";3.088;3.155380701397102
Corn_Oil_80_ZhengChenPelegYbaseSplit;valid;1;ASLSBaseline;pls;"{""n_components"": 26}";3.212;3.1877974235643465
Corn_Oil_80_ZhengChenPelegYbaseSplit;valid;1;ASLSBaseline;pls;"{""n_components"": 26}";3.316;3.3359887053524346
Corn_Oil_80_ZhengChenPelegYbaseSplit;valid;1;ASLSBaseline;pls;"{""n_components"": 26}";3.328;3.2866113492839117
Corn_Oil_80_ZhengChenPelegYbaseSplit;valid;1;ASLSBaseline;pls;"{""n_components"": 26}";3.407;3.3819138560386595
Corn_Oil_80_ZhengChenPelegYbaseSplit;valid;1;ASLSBaseline;pls;"{""n_components"": 26}";3.446;3.3907991770509756
Corn_Oil_80_ZhengChenPelegYbaseSplit;valid;1;ASLSBaseline;pls;"{""n_components"": 26}";3.457;3.4541091501336005
Corn_Oil_80_ZhengChenPelegYbaseSplit;valid;1;ASLSBaseline;pls;"{""n_components"": 26}";3.479;3.5342636012372046
Corn_Oil_80_ZhengChenPelegYbaseSplit;valid;1;ASLSBaseline;pls;"{""n_components"": 26}";3.496;3.489044785932849
Corn_Oil_80_ZhengChenPelegYbaseSplit;valid;1;ASLSBaseline;pls;"{""n_components"": 26}";3.497;3.532469380265718
Corn_Oil_80_ZhengChenPelegYbaseSplit;valid;1;ASLSBaseline;pls;"{""n_components"": 26}";3.507;3.4902787360310352
Corn_Oil_80_ZhengChenPelegYbaseSplit;valid;1;ASLSBaseline;pls;"{""n_components"": 26}";3.55;3.5567771761564027
Corn_Oil_80_ZhengChenPelegYbaseSplit;valid;1;ASLSBaseline;pls;"{""n_components"": 26}";3.556;3.5821583526096767
Corn_Oil_80_ZhengChenPelegYbaseSplit;valid;1;ASLSBaseline;pls;"{""n_components"": 26}";3.583;3.570665807035509
Corn_Oil_80_ZhengChenPelegYbaseSplit;valid;1;ASLSBaseline;pls;"{""n_components"": 26}";3.641;3.6153305394105804
Corn_Oil_80_ZhengChenPelegYbaseSplit;valid;1;ASLSBaseline;pls;"{""n_components"": 26}";3.67;3.6380026757621784
Corn_Oil_80_ZhengChenPelegYbaseSplit;valid;1;ASLSBaseline;pls;"{""n_components"": 26}";3.677;3.684718072388888
Corn_Oil_80_ZhengChenPelegYbaseSplit;valid;1;ASLSBaseline;pls;"{""n_components"": 26}";3.686;3.729835126556972
Corn_Oil_80_ZhengChenPelegYbaseSplit;valid;1;ASLSBaseline;pls;"{""n_components"": 26}";3.716;3.7333291586834956
Corn_Oil_80_ZhengChenPelegYbaseSplit;valid;1;ASLSBaseline;pls;"{""n_components"": 26}";3.766;3.8449867491904044
Corn_Oil_80_ZhengChenPelegYbaseSplit;valid;1;ASLSBaseline;pls;"{""n_components"": 26}";3.832;3.72012335615331
Corn_Oil_80_ZhengChenPelegYbaseSplit;test;1;ASLSBaseline;pls;"{""n_components"": 26}";3.163;3.1356317954284534
Corn_Oil_80_ZhengChenPelegYbaseSplit;test;1;ASLSBaseline;pls;"{""n_components"": 26}";3.226;3.2051993306822695
Corn_Oil_80_ZhengChenPelegYbaseSplit;test;1;ASLSBaseline;pls;"{""n_components"": 26}";3.306;3.279329605942149
Corn_Oil_80_ZhengChenPelegYbaseSplit;test;1;ASLSBaseline;pls;"{""n_components"": 26}";3.363;3.3786025233175
Corn_Oil_80_ZhengChenPelegYbaseSplit;test;1;ASLSBaseline;pls;"{""n_components"": 26}";3.417;3.4425833335376317
Corn_Oil_80_ZhengChenPelegYbaseSplit;test;1;ASLSBaseline;pls;"{""n_components"": 26}";3.446;3.497492003371585
Corn_Oil_80_ZhengChenPelegYbaseSplit;test;1;ASLSBaseline;pls;"{""n_components"": 26}";3.46;3.528714051448768
Corn_Oil_80_ZhengChenPelegYbaseSplit;test;1;ASLSBaseline;pls;"{""n_components"": 26}";3.494;3.456398345228242
Corn_Oil_80_ZhengChenPelegYbaseSplit;test;1;ASLSBaseline;pls;"{""n_components"": 26}";3.505;3.472185444539741
Corn_Oil_80_ZhengChenPelegYbaseSplit;test;1;ASLSBaseline;pls;"{""n_components"": 26}";3.541;3.546794091791012
Corn_Oil_80_ZhengChenPelegYbaseSplit;test;1;ASLSBaseline;pls;"{""n_components"": 26}";3.569;3.483917871823281
Corn_Oil_80_ZhengChenPelegYbaseSplit;test;1;ASLSBaseline;pls;"{""n_components"": 26}";3.595;3.5852855701354454
Corn_Oil_80_ZhengChenPelegYbaseSplit;test;1;ASLSBaseline;pls;"{""n_components"": 26}";3.661;3.611926378172726
Corn_Oil_80_ZhengChenPelegYbaseSplit;test;1;ASLSBaseline;pls;"{""n_components"": 26}";3.687;3.739342287836019
Corn_Oil_80_ZhengChenPelegYbaseSplit;test;1;ASLSBaseline;pls;"{""n_components"": 26}";3.72;3.7186355734130996
Corn_Oil_80_ZhengChenPelegYbaseSplit;test;1;ASLSBaseline;pls;"{""n_components"": 26}";3.82;3.688001996521487
Corn_Oil_80_ZhengChenPelegYbaseSplit;valid;2;ASLSBaseline;pls;"{""n_components"": 26}";3.105;3.2144105873638913
Corn_Oil_80_ZhengChenPelegYbaseSplit;valid;2;ASLSBaseline;pls;"{""n_components"": 26}";3.212;3.2001425844930287
Corn_Oil_80_ZhengChenPelegYbaseSplit;valid;2;ASLSBaseline;pls;"{""n_components"": 26}";3.251;3.369168684612708
Corn_Oil_80_ZhengChenPelegYbaseSplit;valid;2;ASLSBaseline;pls;"{""n_components"": 26}";3.306;3.271887898783777
Corn_Oil_80_ZhengChenPelegYbaseSplit;valid;2;ASLSBaseline;pls;"{""n_components"": 26}";3.38;3.3722350925020077
Corn_Oil_80_ZhengChenPelegYbaseSplit;valid;2;ASLSBaseline;pls;"{""n_components"": 26}";3.404;3.3788309532673884
Corn_Oil_80_ZhengChenPelegYbaseSplit;valid;2;ASLSBaseline;pls;"{""n_components"": 26}";3.437;3.4943891449343853
Corn_Oil_80_ZhengChenPelegYbaseSplit;valid;2;ASLSBaseline;pls;"{""n_components"": 26}";3.449;3.4500263989169735
Corn_Oil_80_ZhengChenPelegYbaseSplit;valid;2;ASLSBaseline;pls;"{""n_components"": 26}";3.449;3.4727401869304173
Corn_Oil_80_ZhengChenPelegYbaseSplit;valid;2;ASLSBaseline;pls;"{""n_components"": 26}";3.49;3.4881520569246187
Corn_Oil_80_ZhengChenPelegYbaseSplit;valid;2;ASLSBaseline;pls;"{""n_components"": 26}";3.491;3.5023386371466114
Corn_Oil_80_ZhengChenPelegYbaseSplit;valid;2;ASLSBaseline;pls;"{""n_components"": 26}";3.519;3.5051126177363643
Corn_Oil_80_ZhengChenPelegYbaseSplit;valid;2;ASLSBaseline;pls;"{""n_components"": 26}";3.557;3.530878097357384
Corn_Oil_80_ZhengChenPelegYbaseSplit;valid;2;ASLSBaseline;pls;"{""n_components"": 26}";3.584;3.5399027252210886
Corn_Oil_80_ZhengChenPelegYbaseSplit;valid;2;ASLSBaseline;pls;"{""n_components"": 26}";3.59;3.4885871437822455
Corn_Oil_80_ZhengChenPelegYbaseSplit;valid;2;ASLSBaseline;pls;"{""n_components"": 26}";3.59;3.5343834950905646
Corn_Oil_80_ZhengChenPelegYbaseSplit;valid;2;ASLSBaseline;pls;"{""n_components"": 26}";3.652;3.6832066980883553
Corn_Oil_80_ZhengChenPelegYbaseSplit;valid;2;ASLSBaseline;pls;"{""n_components"": 26}";3.676;3.693202341787374
Corn_Oil_80_ZhengChenPelegYbaseSplit;valid;2;ASLSBaseline;pls;"{""n_components"": 26}";3.71;3.7539792905425626
Corn_Oil_80_ZhengChenPelegYbaseSplit;valid;2;ASLSBaseline;pls;"{""n_components"": 26}";3.751;3.734888013031449
Corn_Oil_80_ZhengChenPelegYbaseSplit;valid;2;ASLSBaseline;pls;"{""n_components"": 26}";3.787;3.755843793665857
Corn_Oil_80_ZhengChenPelegYbaseSplit;test;2;ASLSBaseline;pls;"{""n_components"": 26}";3.163;3.218944522302334
Corn_Oil_80_ZhengChenPelegYbaseSplit;test;2;ASLSBaseline;pls;"{""n_components"": 26}";3.226;3.238848656403022
Corn_Oil_80_ZhengChenPelegYbaseSplit;test;2;ASLSBaseline;pls;"{""n_components"": 26}";3.306;3.326038283900794
Corn_Oil_80_ZhengChenPelegYbaseSplit;test;2;ASLSBaseline;pls;"{""n_components"": 26}";3.363;3.321592085602004
Corn_Oil_80_ZhengChenPelegYbaseSplit;test;2;ASLSBaseline;pls;"{""n_components"": 26}";3.417;3.418892201917047
Corn_Oil_80_ZhengChenPelegYbaseSplit;test;2;ASLSBaseline;pls;"{""n_components"": 26}";3.446;3.5059453988797062
Corn_Oil_80_ZhengChenPelegYbaseSplit;test;2;ASLSBaseline;pls;"{""n_components"": 26}";3.46;3.4518248603280526
Corn_Oil_80_ZhengChenPelegYbaseSplit;test;2;ASLSBaseline;pls;"{""n_components"": 26}";3.494;3.476300715250859
Corn_Oil_80_ZhengChenPelegYbaseSplit;test;2;ASLSBaseline;pls;"{""n_components"": 26}";3.505;3.4747508068786077
Corn_Oil_80_ZhengChenPelegYbaseSplit;test;2;ASLSBaseline;pls;"{""n_components"": 26}";3.541;3.559248492107921
Corn_Oil_80_ZhengChenPelegYbaseSplit;test;2;ASLSBaseline;pls;"{""n_components"": 26}";3.569;3.520447179219915
Corn_Oil_80_ZhengChenPelegYbaseSplit;test;2;ASLSBaseline;pls;"{""n_components"": 26}";3.595;3.6540427191819584
Corn_Oil_80_ZhengChenPelegYbaseSplit;test;2;ASLSBaseline;pls;"{""n_components"": 26}";3.661;3.6524778613425055
Corn_Oil_80_ZhengChenPelegYbaseSplit;test;2;ASLSBaseline;pls;"{""n_components"": 26}";3.687;3.7253903373343666
Corn_Oil_80_ZhengChenPelegYbaseSplit;test;2;ASLSBaseline;pls;"{""n_components"": 26}";3.72;3.6734845986497255
Corn_Oil_80_ZhengChenPelegYbaseSplit;test;2;ASLSBaseline;pls;"{""n_components"": 26}";3.82;3.7740129015807296
Corn_Oil_80_ZhengChenPelegYbaseSplit;valid;0;ASLSBaseline+Haar;pls;"{""n_components"": 14}";3.176;3.300784027525526
Corn_Oil_80_ZhengChenPelegYbaseSplit;valid;0;ASLSBaseline+Haar;pls;"{""n_components"": 14}";3.201;3.2820917347507272
Corn_Oil_80_ZhengChenPelegYbaseSplit;valid;0;ASLSBaseline+Haar;pls;"{""n_components"": 14}";3.264;3.3146469247466133
Corn_Oil_80_ZhengChenPelegYbaseSplit;valid;0;ASLSBaseline+Haar;pls;"{""n_components"": 14}";3.28;3.3683797971766416
Corn_Oil_80_ZhengChenPelegYbaseSplit;valid;0;ASLSBaseline+Haar;pls;"{""n_components"": 14}";3.3;3.40645763165989
Corn_Oil_80_ZhengChenPelegYbaseSplit;valid;0;ASLSBaseline+Haar;pls;"{""n_components"": 14}";3.345;3.2982463025005173
Corn_Oil_80_ZhengChenPelegYbaseSplit;valid;0;ASLSBaseline+Haar;pls;"{""n_components"": 14}";3.415;3.482355312918496
Corn_Oil_80_ZhengChenPelegYbaseSplit;valid;0;ASLSBaseline+Haar;pls;"{""n_components"": 14}";3.424;3.4246602271246824
Corn_Oil_80_ZhengChenPelegYbaseSplit;valid;0;ASLSBaseline+Haar;pls;"{""n_components"": 14}";3.435;3.462510125539795
Corn_Oil_80_ZhengChenPelegYbaseSplit;valid;0;ASLSBaseline+Haar;pls;"{""n_components"": 14}";3.451;3.505361107661764
Corn_Oil_80_ZhengChenPelegYbaseSplit;valid;0;ASLSBaseline+Haar;pls;"{""n_components"": 14}";3.464;3.481318058510132
Corn_Oil_80_ZhengChenPelegYbaseSplit;valid;0;ASLSBaseline+Haar;pls;"{""n_components"": 14}";3.494;3.6821432000410335
Corn_Oil_80_ZhengChenPelegYbaseSplit;valid;0;ASLSBaseline+Haar;pls;"{""n_components"": 14}";3.504;3.44691500753946
Corn_Oil_80_ZhengChenPelegYbaseSplit;valid;0;ASLSBaseline+Haar;pls;"{""n_components"": 14}";3.524;3.6078495649160516
Corn_Oil_80_ZhengChenPelegYbaseSplit;valid;0;ASLSBaseline+Haar;pls;"{""n_components"": 14}";3.539;3.5897347405619913
Corn_Oil_80_ZhengChenPelegYbaseSplit;valid;0;ASLSBaseline+Haar;pls;"{""n_components"": 14}";3.556;3.7649022025539836
Corn_Oil_80_ZhengChenPelegYbaseSplit;valid;0;ASLSBaseline+Haar;pls;"{""n_components"": 14}";3.619;3.56708751593613
Corn_Oil_80_ZhengChenPelegYbaseSplit;valid;0;ASLSBaseline+Haar;pls;"{""n_components"": 14}";3.645;3.6372769205874
Corn_Oil_80_ZhengChenPelegYbaseSplit;valid;0;ASLSBaseline+Haar;pls;"{""n_components"": 14}";3.693;3.7416178167780383
Corn_Oil_80_ZhengChenPelegYbaseSplit;valid;0;ASLSBaseline+Haar;pls;"{""n_components"": 14}";3.699;3.682473618558717
Corn_Oil_80_ZhengChenPelegYbaseSplit;valid;0;ASLSBaseline+Haar;pls;"{""n_components"": 14}";3.748;3.73524070927994
Corn_Oil_80_ZhengChenPelegYbaseSplit;valid;0;ASLSBaseline+Haar;pls;"{""n_components"": 14}";3.822;3.781803171053548
Corn_Oil_80_ZhengChenPelegYbaseSplit;test;0;ASLSBaseline+Haar;pls;"{""n_components"": 14}";3.163;3.2025130451539363
Corn_Oil_80_ZhengChenPelegYbaseSplit;test;0;ASLSBaseline+Haar;pls;"{""n_components"": 14}";3.226;3.292953330063153
Corn_Oil_80_ZhengChenPelegYbaseSplit;test;0;ASLSBaseline+Haar;pls;"{""n_components"": 14}";3.306;3.3392024074637403
Corn_Oil_80_ZhengChenPelegYbaseSplit;test;0;ASLSBaseline+Haar;pls;"{""n_components"": 14}";3.363;3.4103273599876602
Corn_Oil_80_ZhengChenPelegYbaseSplit;test;0;ASLSBaseline+Haar;pls;"{""n_components"": 14}";3.417;3.523022627203848
Corn_Oil_80_ZhengChenPelegYbaseSplit;test;0;ASLSBaseline+Haar;pls;"{""n_components"": 14}";3.446;3.453222157594562
Corn_Oil_80_ZhengChenPelegYbaseSplit;test;0;ASLSBaseline+Haar;pls;"{""n_components"": 14}";3.46;3.533383626878284
Corn_Oil_80_ZhengChenPelegYbaseSplit;test;0;ASLSBaseline+Haar;pls;"{""n_components"": 14}";3.494;3.521398285156763
Corn_Oil_80_ZhengChenPelegYbaseSplit;test;0;ASLSBaseline+Haar;pls;"{""n_components"": 14}";3.505;3.49208258511475
Corn_Oil_80_ZhengChenPelegYbaseSplit;test;0;ASLSBaseline+Haar;pls;"{""n_components"": 14}";3.541;3.6724349435972137
Corn_Oil_80_ZhengChenPelegYbaseSplit;test;0;ASLSBaseline+Haar;pls;"{""n_components"": 14}";3.569;3.5547440813161
Corn_Oil_80_ZhengChenPelegYbaseSplit;test;0;ASLSBaseline+Haar;pls;"{""n_components"": 14}";3.595;3.586059380445157
Corn_Oil_80_ZhengChenPelegYbaseSplit;test;0;ASLSBaseline+Haar;pls;"{""n_components"": 14}";3.661;3.6172621693594476
Corn_Oil_80_ZhengChenPelegYbaseSplit;test;0;ASLSBaseline+Haar;pls;"{""n_components"": 14}";3.687;3.688462567944414
Corn_Oil_80_ZhengChenPelegYbaseSplit;test;0;ASLSBaseline+Haar;pls;"{""n_components"": 14}";3.72;3.6503239299347023
Corn_Oil_80_ZhengChenPelegYbaseSplit;test;0;ASLSBaseline+Haar;pls;"{""n_components"": 14}";3.82;3.7403084909214837
Corn_Oil_80_ZhengChenPelegYbaseSplit;valid;1;ASLSBaseline+Haar;pls;"{""n_components"": 14}";3.088;3.285901567018913
Corn_Oil_80_ZhengChenPelegYbaseSplit;valid;1;ASLSBaseline+Haar;pls;"{""n_components"": 14}";3.212;3.269480184886788
Corn_Oil_80_ZhengChenPelegYbaseSplit;valid;1;ASLSBaseline+Haar;pls;"{""n_components"": 14}";3.316;3.3408722006055824
Corn_Oil_80_ZhengChenPelegYbaseSplit;valid;1;ASLSBaseline+Haar;pls;"{""n_components"": 14}";3.328;3.3241787129688456
Corn_Oil_80_ZhengChenPelegYbaseSplit;valid;1;ASLSBaseline+Haar;pls;"{""n_components"": 14}";3.407;3.418560444078833
Corn_Oil_80_ZhengChenPelegYbaseSplit;valid;1;ASLSBaseline+Haar;pls;"{""n_components"": 14}";3.446;3.4455610211610272
Corn_Oil_80_ZhengChenPelegYbaseSplit;valid;1;ASLSBaseline+Haar;pls;"{""n_components"": 14}";3.457;3.478291869296153
Corn_Oil_80_ZhengChenPelegYbaseSplit;valid;1;ASLSBaseline+Haar;pls;"{""n_components"": 14}";3.479;3.6159178086190282
Corn_Oil_80_ZhengChenPelegYbaseSplit;valid;1;ASLSBaseline+Haar;pls;"{""n_components"": 14}";3.496;3.420575749765307
Corn_Oil_80_ZhengChenPelegYbaseSplit;valid;1;ASLSBaseline+Haar;pls;"{""n_components"": 14}";3.497;3.5472824863770858
Corn_Oil_80_ZhengChenPelegYbaseSplit;valid;1;ASLSBaseline+Haar;pls;"{""n_components"": 14}";3.507;3.441139679757569
Corn_Oil_80_ZhengChenPelegYbaseSplit;valid;1;ASLSBaseline+Haar;pls;"{""n_components"": 14}";3.55;3.5474170490344186
Corn_Oil_80_ZhengChenPelegYbaseSplit;valid;1;ASLSBaseline+Haar;pls;"{""n_components"": 14}";3.556;3.5917537690023935
Corn_Oil_80_ZhengChenPelegYbaseSplit;valid;1;ASLSBaseline+Haar;pls;"{""n_components"": 14}";3.583;3.5213854702022127
Corn_Oil_80_ZhengChenPelegYbaseSplit;valid;1;ASLSBaseline+Haar;pls;"{""n_components"": 14}";3.641;3.610801238325023
Corn_Oil_80_ZhengChenPelegYbaseSplit;valid;1;ASLSBaseline+Haar;pls;"{""n_components"": 14}";3.67;3.562900641178151
Corn_Oil_80_ZhengChenPelegYbaseSplit;valid;1;ASLSBaseline+Haar;pls;"{""n_components"": 14}";3.677;3.6671107808671985
Corn_Oil_80_ZhengChenPelegYbaseSplit;valid;1;ASLSBaseline+Haar;pls;"{""n_components"": 14}";3.686;3.595794558029209
Corn_Oil_80_ZhengChenPelegYbaseSplit;valid;1;ASLSBaseline+Haar;pls;"{""n_components"": 14}";3.716;3.752341695035386
Corn_Oil_80_ZhengChenPelegYbaseSplit;valid;1;ASLSBaseline+Haar;pls;"{""n_components"": 14}";3.766;3.7342036719005645
Corn_Oil_80_ZhengChenPelegYbaseSplit;valid;1;ASLSBaseline+Haar;pls;"{""n_components"": 14}";3.832;3.71758892847437
Corn_Oil_80_ZhengChenPelegYbaseSplit;test;1;ASLSBaseline+Haar;pls;"{""n_components"": 14}";3.163;3.2105665456351606
Corn_Oil_80_ZhengChenPelegYbaseSplit;test;1;ASLSBaseline+Haar;pls;"{""n_components"": 14}";3.226;3.2905955436808934
Corn_Oil_80_ZhengChenPelegYbaseSplit;test;1;ASLSBaseline+Haar;pls;"{""n_components"": 14}";3.306;3.349074121402479
Corn_Oil_80_ZhengChenPelegYbaseSplit;test;1;ASLSBaseline+Haar;pls;"{""n_components"": 14}";3.363;3.3245037964953257
Corn_Oil_80_ZhengChenPelegYbaseSplit;test;1;ASLSBaseline+Haar;pls;"{""n_components"": 14}";3.417;3.4514863445325585
Corn_Oil_80_ZhengChenPelegYbaseSplit;test;1;ASLSBaseline+Haar;pls;"{""n_components"": 14}";3.446;3.4648386525621815
Corn_Oil_80_ZhengChenPelegYbaseSplit;test;1;ASLSBaseline+Haar;pls;"{""n_components"": 14}";3.46;3.596490213261682
Corn_Oil_80_ZhengChenPelegYbaseSplit;test;1;ASLSBaseline+Haar;pls;"{""n_components"": 14}";3.494;3.438543848127508
Corn_Oil_80_ZhengChenPelegYbaseSplit;test;1;ASLSBaseline+Haar;pls;"{""n_components"": 14}";3.505;3.468485791718105
Corn_Oil_80_ZhengChenPelegYbaseSplit;test;1;ASLSBaseline+Haar;pls;"{""n_components"": 14}";3.541;3.6253121945528477
Corn_Oil_80_ZhengChenPelegYbaseSplit;test;1;ASLSBaseline+Haar;pls;"{""n_components"": 14}";3.569;3.544553101152522
Corn_Oil_80_ZhengChenPelegYbaseSplit;test;1;ASLSBaseline+Haar;pls;"{""n_components"": 14}";3.595;3.5203828368867547
Corn_Oil_80_ZhengChenPelegYbaseSplit;test;1;ASLSBaseline+Haar;pls;"{""n_components"": 14}";3.661;3.6550306161288946
Corn_Oil_80_ZhengChenPelegYbaseSplit;test;1;ASLSBaseline+Haar;pls;"{""n_components"": 14}";3.687;3.6026195785093567
Corn_Oil_80_ZhengChenPelegYbaseSplit;test;1;ASLSBaseline+Haar;pls;"{""n_components"": 14}";3.72;3.5771819096430924
Corn_Oil_80_ZhengChenPelegYbaseSplit;test;1;ASLSBaseline+Haar;pls;"{""n_components"": 14}";3.82;3.668899193772139
Corn_Oil_80_ZhengChenPelegYbaseSplit;valid;2;ASLSBaseline+Haar;pls;"{""n_components"": 14}";3.105;3.1722692317942207
Corn_Oil_80_ZhengChenPelegYbaseSplit;valid;2;ASLSBaseline+Haar;pls;"{""n_components"": 14}";3.212;3.248500750857859
Corn_Oil_80_ZhengChenPelegYbaseSplit;valid;2;ASLSBaseline+Haar;pls;"{""n_components"": 14}";3.251;3.381270469709385
Corn_Oil_80_ZhengChenPelegYbaseSplit;valid;2;ASLSBaseline+Haar;pls;"{""n_components"": 14}";3.306;3.1933989136479477
Corn_Oil_80_ZhengChenPelegYbaseSplit;valid;2;ASLSBaseline+Haar;pls;"{""n_components"": 14}";3.38;3.3087146261208007
Corn_Oil_80_ZhengChenPelegYbaseSplit;valid;2;ASLSBaseline+Haar;pls;"{""n_components"": 14}";3.404;3.3443956085667947
Corn_Oil_80_ZhengChenPelegYbaseSplit;valid;2;ASLSBaseline+Haar;pls;"{""n_components"": 14}";3.437;3.538569421487183
Corn_Oil_80_ZhengChenPelegYbaseSplit;valid;2;ASLSBaseline+Haar;pls;"{""n_components"": 14}";3.449;3.606107725331916
Corn_Oil_80_ZhengChenPelegYbaseSplit;valid;2;ASLSBaseline+Haar;pls;"{""n_components"": 14}";3.449;3.2963125964705338
Corn_Oil_80_ZhengChenPelegYbaseSplit;valid;2;ASLSBaseline+Haar;pls;"{""n_components"": 14}";3.49;3.417312709686216
Corn_Oil_80_ZhengChenPelegYbaseSplit;valid;2;ASLSBaseline+Haar;pls;"{""n_components"": 14}";3.491;3.473869360904782
Corn_Oil_80_ZhengChenPelegYbaseSplit;valid;2;ASLSBaseline+Haar;pls;"{""n_components"": 14}";3.519;3.645256802534255
Corn_Oil_80_ZhengChenPelegYbaseSplit;valid;2;ASLSBaseline+Haar;pls;"{""n_components"": 14}";3.557;3.52029939015732
Corn_Oil_80_ZhengChenPelegYbaseSplit;valid;2;ASLSBaseline+Haar;pls;"{""n_components"": 14}";3.584;3.50380078918332
Corn_Oil_80_ZhengChenPelegYbaseSplit;valid;2;ASLSBaseline+Haar;pls;"{""n_components"": 14}";3.59;3.573144719668869
Corn_Oil_80_ZhengChenPelegYbaseSplit;valid;2;ASLSBaseline+Haar;pls;"{""n_components"": 14}";3.59;3.519702110329556
Corn_Oil_80_ZhengChenPelegYbaseSplit;valid;2;ASLSBaseline+Haar;pls;"{""n_components"": 14}";3.652;3.624416332067391
Corn_Oil_80_ZhengChenPelegYbaseSplit;valid;2;ASLSBaseline+Haar;pls;"{""n_components"": 14}";3.676;3.7279024346587506
Corn_Oil_80_ZhengChenPelegYbaseSplit;valid;2;ASLSBaseline+Haar;pls;"{""n_components"": 14}";3.71;3.707121944424409
Corn_Oil_80_ZhengChenPelegYbaseSplit;valid;2;ASLSBaseline+Haar;pls;"{""n_components"": 14}";3.751;3.724661497086885
Corn_Oil_80_ZhengChenPelegYbaseSplit;valid;2;ASLSBaseline+Haar;pls;"{""n_components"": 14}";3.787;3.716927529960987
Corn_Oil_80_ZhengChenPelegYbaseSplit;test;2;ASLSBaseline+Haar;pls;"{""n_components"": 14}";3.163;3.325690481341042
Corn_Oil_80_ZhengChenPelegYbaseSplit;test;2;ASLSBaseline+Haar;pls;"{""n_components"": 14}";3.226;3.3159539773715245
Corn_Oil_80_ZhengChenPelegYbaseSplit;test;2;ASLSBaseline+Haar;pls;"{""n_components"": 14}";3.306;3.3097228017365454
Corn_Oil_80_ZhengChenPelegYbaseSplit;test;2;ASLSBaseline+Haar;pls;"{""n_components"": 14}";3.363;3.3022836777654434
Corn_Oil_80_ZhengChenPelegYbaseSplit;test;2;ASLSBaseline+Haar;pls;"{""n_components"": 14}";3.417;3.4458028153385065
Corn_Oil_80_ZhengChenPelegYbaseSplit;test;2;ASLSBaseline+Haar;pls;"{""n_components"": 14}";3.446;3.5023747919195864
Corn_Oil_80_ZhengChenPelegYbaseSplit;test;2;ASLSBaseline+Haar;pls;"{""n_components"": 14}";3.46;3.496027563951024
Corn_Oil_80_ZhengChenPelegYbaseSplit;test;2;ASLSBaseline+Haar;pls;"{""n_components"": 14}";3.494;3.5219806606053363
Corn_Oil_80_ZhengChenPelegYbaseSplit;test;2;ASLSBaseline+Haar;pls;"{""n_components"": 14}";3.505;3.4901872932257514
Corn_Oil_80_ZhengChenPelegYbaseSplit;test;2;ASLSBaseline+Haar;pls;"{""n_components"": 14}";3.541;3.6434877339470084
Corn_Oil_80_ZhengChenPelegYbaseSplit;test;2;ASLSBaseline+Haar;pls;"{""n_components"": 14}";3.569;3.5822453140592874
Corn_Oil_80_ZhengChenPelegYbaseSplit;test;2;ASLSBaseline+Haar;pls;"{""n_components"": 14}";3.595;3.517516660314438
Corn_Oil_80_ZhengChenPelegYbaseSplit;test;2;ASLSBaseline+Haar;pls;"{""n_components"": 14}";3.661;3.547774276233637
Corn_Oil_80_ZhengChenPelegYbaseSplit;test;2;ASLSBaseline+Haar;pls;"{""n_components"": 14}";3.687;3.641598915361288
Corn_Oil_80_ZhengChenPelegYbaseSplit;test;2;ASLSBaseline+Haar;pls;"{""n_components"": 14}";3.72;3.6630264420583067
Corn_Oil_80_ZhengChenPelegYbaseSplit;test;2;ASLSBaseline+Haar;pls;"{""n_components"": 14}";3.82;3.7124984073372054
Corn_Oil_80_ZhengChenPelegYbaseSplit;valid;0;ASLSBaseline+AreaNormalization;pls;"{""n_components"": 24}";3.176;3.1378865448342435
Corn_Oil_80_ZhengChenPelegYbaseSplit;valid;0;ASLSBaseline+AreaNormalization;pls;"{""n_components"": 24}";3.201;3.279371499801279
Corn_Oil_80_ZhengChenPelegYbaseSplit;valid;0;ASLSBaseline+AreaNormalization;pls;"{""n_components"": 24}";3.264;3.280072065747812
Corn_Oil_80_ZhengChenPelegYbaseSplit;valid;0;ASLSBaseline+AreaNormalization;pls;"{""n_components"": 24}";3.28;3.264702204008281
Corn_Oil_80_ZhengChenPelegYbaseSplit;valid;0;ASLSBaseline+AreaNormalization;pls;"{""n_components"": 24}";3.3;3.2567671421908746
Corn_Oil_80_ZhengChenPelegYbaseSplit;valid;0;ASLSBaseline+AreaNormalization;pls;"{""n_components"": 24}";3.345;3.363208534238664
Corn_Oil_80_ZhengChenPelegYbaseSplit;valid;0;ASLSBaseline+AreaNormalization;pls;"{""n_components"": 24}";3.415;3.320490761283013
Corn_Oil_80_ZhengChenPelegYbaseSplit;valid;0;ASLSBaseline+AreaNormalization;pls;"{""n_components"": 24}";3.424;3.4313815370867915
Corn_Oil_80_ZhengChenPelegYbaseSplit;valid;0;ASLSBaseline+AreaNormalization;pls;"{""n_components"": 24}";3.435;3.4182302205176187
Corn_Oil_80_ZhengChenPelegYbaseSplit;valid;0;ASLSBaseline+AreaNormalization;pls;"{""n_components"": 24}";3.451;3.468456311049983
Corn_Oil_80_ZhengChenPelegYbaseSplit;valid;0;ASLSBaseline+AreaNormalization;pls;"{""n_components"": 24}";3.464;3.3691680087360845
Corn_Oil_80_ZhengChenPelegYbaseSplit;valid;0;ASLSBaseline+AreaNormalization;pls;"{""n_components"": 24}";3.494;3.6609126525436757
Corn_Oil_80_ZhengChenPelegYbaseSplit;valid;0;ASLSBaseline+AreaNormalization;pls;"{""n_components"": 24}";3.504;3.5803407676085173
Corn_Oil_80_ZhengChenPelegYbaseSplit;valid;0;ASLSBaseline+AreaNormalization;pls;"{""n_components"": 24}";3.524;3.46901459045129
Corn_Oil_80_ZhengChenPelegYbaseSplit;valid;0;ASLSBaseline+AreaNormalization;pls;"{""n_components"": 24}";3.539;3.5635187021313177
Corn_Oil_80_ZhengChenPelegYbaseSplit;valid;0;ASLSBaseline+AreaNormalization;pls;"{""n_components"": 24}";3.556;3.556787127333767
Corn_Oil_80_ZhengChenPelegYbaseSplit;valid;0;ASLSBaseline+AreaNormalization;pls;"{""n_components"": 24}";3.619;3.67885811228922
Corn_Oil_80_ZhengChenPelegYbaseSplit;valid;0;ASLSBaseline+AreaNormalization;pls;"{""n_components"": 24}";3.645;3.6001295603844436
Corn_Oil_80_ZhengChenPelegYbaseSplit;valid;0;ASLSBaseline+AreaNormalization;pls;"{""n_components"": 24}";3.693;3.714797217406626
Corn_Oil_80_ZhengChenPelegYbaseSplit;valid;0;ASLSBaseline+AreaNormalization;pls;"{""n_components"": 24}";3.699;3.7383374039931034
Corn_Oil_80_ZhengChenPelegYbaseSplit;valid;0;ASLSBaseline+AreaNormalization;pls;"{""n_components"": 24}";3.748;3.7610704073674834
Corn_Oil_80_ZhengChenPelegYbaseSplit;valid;0;ASLSBaseline+AreaNormalization;pls;"{""n_components"": 24}";3.822;3.8519503380102735
Corn_Oil_80_ZhengChenPelegYbaseSplit;test;0;ASLSBaseline+AreaNormalization;pls;"{""n_components"": 24}";3.163;3.2182549934034665
Corn_Oil_80_ZhengChenPelegYbaseSplit;test;0;ASLSBaseline+AreaNormalization;pls;"{""n_components"": 24}";3.226;3.2037206354578713
Corn_Oil_80_ZhengChenPelegYbaseSplit;test;0;ASLSBaseline+AreaNormalization;pls;"{""n_components"": 24}";3.306;3.389342224883498
Corn_Oil_80_ZhengChenPelegYbaseSplit;test;0;ASLSBaseline+AreaNormalization;pls;"{""n_components"": 24}";3.363;3.3224193137939397
Corn_Oil_80_ZhengChenPelegYbaseSplit;test;0;ASLSBaseline+AreaNormalization;pls;"{""n_components"": 24}";3.417;3.4392146307762017
Corn_Oil_80_ZhengChenPelegYbaseSplit;test;0;ASLSBaseline+AreaNormalization;pls;"{""n_components"": 24}";3.446;3.4582616865962104
Corn_Oil_80_ZhengChenPelegYbaseSplit;test;0;ASLSBaseline+AreaNormalization;pls;"{""n_components"": 24}";3.46;3.3650201142484457
Corn_Oil_80_ZhengChenPelegYbaseSplit;test;0;ASLSBaseline+AreaNormalization;pls;"{""n_components"": 24}";3.494;3.5711360293831325
Corn_Oil_80_ZhengChenPelegYbaseSplit;test;0;ASLSBaseline+AreaNormalization;pls;"{""n_components"": 24}";3.505;3.5124379582278022
Corn_Oil_80_ZhengChenPelegYbaseSplit;test;0;ASLSBaseline+AreaNormalization;pls;"{""n_components"": 24}";3.541;3.584751481039031
Corn_Oil_80_ZhengChenPelegYbaseSplit;test;0;ASLSBaseline+AreaNormalization;pls;"{""n_components"": 24}";3.569;3.556447006533548
Corn_Oil_80_ZhengChenPelegYbaseSplit;test;0;ASLSBaseline+AreaNormalization;pls;"{""n_components"": 24}";3.595;3.596312118529042
Corn_Oil_80_ZhengChenPelegYbaseSplit;test;0;ASLSBaseline+AreaNormalization;pls;"{""n_components"": 24}";3.661;3.6273658534865083
Corn_Oil_80_ZhengChenPelegYbaseSplit;test;0;ASLSBaseline+AreaNormalization;pls;"{""n_components"": 24}";3.687;3.6686868198594933
Corn_Oil_80_ZhengChenPelegYbaseSplit;test;0;ASLSBaseline+AreaNormalization;pls;"{""n_components"": 24}";3.72;3.627372879403085
Corn_Oil_80_ZhengChenPelegYbaseSplit;test;0;ASLSBaseline+AreaNormalization;pls;"{""n_components"": 24}";3.82;3.7767941632394018
Corn_Oil_80_ZhengChenPelegYbaseSplit;valid;1;ASLSBaseline+AreaNormalization;pls;"{""n_components"": 24}";3.088;3.278357091436269
Corn_Oil_80_ZhengChenPelegYbaseSplit;valid;1;ASLSBaseline+AreaNormalization;pls;"{""n_components"": 24}";3.212;3.231416092114962
Corn_Oil_80_ZhengChenPelegYbaseSplit;valid;1;ASLSBaseline+AreaNormalization;pls;"{""n_components"": 24}";3.316;3.28080699603944
Corn_Oil_80_ZhengChenPelegYbaseSplit;valid;1;ASLSBaseline+AreaNormalization;pls;"{""n_components"": 24}";3.328;3.24480605528228
Corn_Oil_80_ZhengChenPelegYbaseSplit;valid;1;ASLSBaseline+AreaNormalization;pls;"{""n_components"": 24}";3.407;3.40174656085586
Corn_Oil_80_ZhengChenPelegYbaseSplit;valid;1;ASLSBaseline+AreaNormalization;pls;"{""n_components"": 24}";3.446;3.43335267890276
Corn_Oil_80_ZhengChenPelegYbaseSplit;valid;1;ASLSBaseline+AreaNormalization;pls;"{""n_components"": 24}";3.457;3.5103227716611722
Corn_Oil_80_ZhengChenPelegYbaseSplit;valid;1;ASLSBaseline+AreaNormalization;pls;"{""n_components"": 24}";3.479;3.5443298114364543
Corn_Oil_80_ZhengChenPelegYbaseSplit;valid;1;ASLSBaseline+AreaNormalization;pls;"{""n_components"": 24}";3.496;3.4494133517301484
Corn_Oil_80_ZhengChenPelegYbaseSplit;valid;1;ASLSBaseline+AreaNormalization;pls;"{""n_components"": 24}";3.497;3.6589143410355125
Corn_Oil_80_ZhengChenPelegYbaseSplit;valid;1;ASLSBaseline+AreaNormalization;pls;"{""n_components"": 24}";3.507;3.4285490675981283
Corn_Oil_80_ZhengChenPelegYbaseSplit;valid;1;ASLSBaseline+AreaNormalization;pls;"{""n_components"": 24}";3.55;3.5179102778824847
Corn_Oil_80_ZhengChenPelegYbaseSplit;valid;1;ASLSBaseline+AreaNormalization;pls;"{""n_components"": 24}";3.556;3.519812614341546
Corn_Oil_80_ZhengChenPelegYbaseSplit;valid;1;ASLSBaseline+AreaNormalization;pls;"{""n_components"": 24}";3.583;3.6195952739733297
Corn_Oil_80_ZhengChenPelegYbaseSplit;valid;1;ASLSBaseline+AreaNormalization;pls;"{""n_components"": 24}";3.641;3.5237488384849973
Corn_Oil_80_ZhengChenPelegYbaseSplit;valid;1;ASLSBaseline+AreaNormalization;pls;"{""n_components"": 24}";3.67;3.6004908898521757
Corn_Oil_80_ZhengChenPelegYbaseSplit;valid;1;ASLSBaseline+AreaNormalization;pls;"{""n_components"": 24}";3.677;3.654925725897748
Corn_Oil_80_ZhengChenPelegYbaseSplit;valid;1;ASLSBaseline+AreaNormalization;pls;"{""n_components"": 24}";3.686;3.8102126586838323
Corn_Oil_80_ZhengChenPelegYbaseSplit;valid;1;ASLSBaseline+AreaNormalization;pls;"{""n_components"": 24}";3.716;3.703055200298209
Corn_Oil_80_ZhengChenPelegYbaseSplit;valid;1;ASLSBaseline+AreaNormalization;pls;"{""n_components"": 24}";3.766;3.7209241006626064
Corn_Oil_80_ZhengChenPelegYbaseSplit;valid;1;ASLSBaseline+AreaNormalization;pls;"{""n_components"": 24}";3.832;3.6793317696830434
Corn_Oil_80_ZhengChenPelegYbaseSplit;test;1;ASLSBaseline+AreaNormalization;pls;"{""n_components"": 24}";3.163;3.259840598917564
Corn_Oil_80_ZhengChenPelegYbaseSplit;test;1;ASLSBaseline+AreaNormalization;pls;"{""n_components"": 24}";3.226;3.20297240670476
Corn_Oil_80_ZhengChenPelegYbaseSplit;test;1;ASLSBaseline+AreaNormalization;pls;"{""n_components"": 24}";3.306;3.2976094955548096
Corn_Oil_80_ZhengChenPelegYbaseSplit;test;1;ASLSBaseline+AreaNormalization;pls;"{""n_components"": 24}";3.363;3.4630089210481083
Corn_Oil_80_ZhengChenPelegYbaseSplit;test;1;ASLSBaseline+AreaNormalization;pls;"{""n_components"": 24}";3.417;3.488240669316446
Corn_Oil_80_ZhengChenPelegYbaseSplit;test;1;ASLSBaseline+AreaNormalization;pls;"{""n_components"": 24}";3.446;3.5851230373240575
Corn_Oil_80_ZhengChenPelegYbaseSplit;test;1;ASLSBaseline+AreaNormalization;pls;"{""n_components"": 24}";3.46;3.517947718550393
Corn_Oil_80_ZhengChenPelegYbaseSplit;test;1;ASLSBaseline+AreaNormalization;pls;"{""n_components"": 24}";3.494;3.4642572448401765
Corn_Oil_80_ZhengChenPelegYbaseSplit;test;1;ASLSBaseline+AreaNormalization;pls;"{""n_components"": 24}";3.505;3.48938996994414
Corn_Oil_80_ZhengChenPelegYbaseSplit;test;1;ASLSBaseline+AreaNormalization;pls;"{""n_components"": 24}";3.541;3.603332668683318
Corn_Oil_80_ZhengChenPelegYbaseSplit;test;1;ASLSBaseline+AreaNormalization;pls;"{""n_components"": 24}";3.569;3.496600135096969
Corn_Oil_80_ZhengChenPelegYbaseSplit;test;1;ASLSBaseline+AreaNormalization;pls;"{""n_components"": 24}";3.595;3.4488376096523763
Corn_Oil_80_ZhengChenPelegYbaseSplit;test;1;ASLSBaseline+AreaNormalization;pls;"{""n_components"": 24}";3.661;3.534853425493289
Corn_Oil_80_ZhengChenPelegYbaseSplit;test;1;ASLSBaseline+AreaNormalization;pls;"{""n_components"": 24}";3.687;3.6570662818317015
Corn_Oil_80_ZhengChenPelegYbaseSplit;test;1;ASLSBaseline+AreaNormalization;pls;"{""n_components"": 24}";3.72;3.6659940603811854
Corn_Oil_80_ZhengChenPelegYbaseSplit;test;1;ASLSBaseline+AreaNormalization;pls;"{""n_components"": 24}";3.82;3.707590328155785
Corn_Oil_80_ZhengChenPelegYbaseSplit;valid;2;ASLSBaseline+AreaNormalization;pls;"{""n_components"": 24}";3.105;3.3665799352740287
Corn_Oil_80_ZhengChenPelegYbaseSplit;valid;2;ASLSBaseline+AreaNormalization;pls;"{""n_components"": 24}";3.212;3.2063804092654613
Corn_Oil_80_ZhengChenPelegYbaseSplit;valid;2;ASLSBaseline+AreaNormalization;pls;"{""n_components"": 24}";3.251;3.426839352937999
Corn_Oil_80_ZhengChenPelegYbaseSplit;valid;2;ASLSBaseline+AreaNormalization;pls;"{""n_components"": 24}";3.306;3.2338797796091443
Corn_Oil_80_ZhengChenPelegYbaseSplit;valid;2;ASLSBaseline+AreaNormalization;pls;"{""n_components"": 24}";3.38;3.31719232100648
Corn_Oil_80_ZhengChenPelegYbaseSplit;valid;2;ASLSBaseline+AreaNormalization;pls;"{""n_components"": 24}";3.404;3.3664724936309147
Corn_Oil_80_ZhengChenPelegYbaseSplit;valid;2;ASLSBaseline+AreaNormalization;pls;"{""n_components"": 24}";3.437;3.5349190626073352
Corn_Oil_80_ZhengChenPelegYbaseSplit;valid;2;ASLSBaseline+AreaNormalization;pls;"{""n_components"": 24}";3.449;3.545993363296244
Corn_Oil_80_ZhengChenPelegYbaseSplit;valid;2;ASLSBaseline+AreaNormalization;pls;"{""n_components"": 24}";3.449;3.3348789906167653
Corn_Oil_80_ZhengChenPelegYbaseSplit;valid;2;ASLSBaseline+AreaNormalization;pls;"{""n_components"": 24}";3.49;3.5859824791721273
Corn_Oil_80_ZhengChenPelegYbaseSplit;valid;2;ASLSBaseline+AreaNormalization;pls;"{""n_components"": 24}";3.491;3.4759084332966554
Corn_Oil_80_ZhengChenPelegYbaseSplit;valid;2;ASLSBaseline+AreaNormalization;pls;"{""n_components"": 24}";3.519;3.5812297886410827
Corn_Oil_80_ZhengChenPelegYbaseSplit;valid;2;ASLSBaseline+AreaNormalization;pls;"{""n_components"": 24}";3.557;3.411983370284852
Corn_Oil_80_ZhengChenPelegYbaseSplit;valid;2;ASLSBaseline+AreaNormalization;pls;"{""n_components"": 24}";3.584;3.598059819460643
Corn_Oil_80_ZhengChenPelegYbaseSplit;valid;2;ASLSBaseline+AreaNormalization;pls;"{""n_components"": 24}";3.59;3.558907848856865
Corn_Oil_80_ZhengChenPelegYbaseSplit;valid;2;ASLSBaseline+AreaNormalization;pls;"{""n_components"": 24}";3.59;3.5067494598747424
Corn_Oil_80_ZhengChenPelegYbaseSplit;valid;2;ASLSBaseline+AreaNormalization;pls;"{""n_components"": 24}";3.652;3.4898891480918004
Corn_Oil_80_ZhengChenPelegYbaseSplit;valid;2;ASLSBaseline+AreaNormalization;pls;"{""n_components"": 24}";3.676;3.555209026172689
Corn_Oil_80_ZhengChenPelegYbaseSplit;valid;2;ASLSBaseline+AreaNormalization;pls;"{""n_components"": 24}";3.71;3.700916993596764
Corn_Oil_80_ZhengChenPelegYbaseSplit;valid;2;ASLSBaseline+AreaNormalization;pls;"{""n_components"": 24}";3.751;3.610062786997144
Corn_Oil_80_ZhengChenPelegYbaseSplit;valid;2;ASLSBaseline+AreaNormalization;pls;"{""n_components"": 24}";3.787;3.7929687632468037
Corn_Oil_80_ZhengChenPelegYbaseSplit;test;2;ASLSBaseline+AreaNormalization;pls;"{""n_components"": 24}";3.163;3.2365868296554843
Corn_Oil_80_ZhengChenPelegYbaseSplit;test;2;ASLSBaseline+AreaNormalization;pls;"{""n_components"": 24}";3.226;3.2487827955416746
Corn_Oil_80_ZhengChenPelegYbaseSplit;test;2;ASLSBaseline+AreaNormalization;pls;"{""n_components"": 24}";3.306;3.303921446583283
Corn_Oil_80_ZhengChenPelegYbaseSplit;test;2;ASLSBaseline+AreaNormalization;pls;"{""n_components"": 24}";3.363;3.4348848028225833
Corn_Oil_80_ZhengChenPelegYbaseSplit;test;2;ASLSBaseline+AreaNormalization;pls;"{""n_components"": 24}";3.417;3.432011186598606
Corn_Oil_80_ZhengChenPelegYbaseSplit;test;2;ASLSBaseline+AreaNormalization;pls;"{""n_components"": 24}";3.446;3.4518860098611657
Corn_Oil_80_ZhengChenPelegYbaseSplit;test;2;ASLSBaseline+AreaNormalization;pls;"{""n_components"": 24}";3.46;3.4728349925316153
Corn_Oil_80_ZhengChenPelegYbaseSplit;test;2;ASLSBaseline+AreaNormalization;pls;"{""n_components"": 24}";3.494;3.500974373890035
Corn_Oil_80_ZhengChenPelegYbaseSplit;test;2;ASLSBaseline+AreaNormalization;pls;"{""n_components"": 24}";3.505;3.457047790949902
Corn_Oil_80_ZhengChenPelegYbaseSplit;test;2;ASLSBaseline+AreaNormalization;pls;"{""n_components"": 24}";3.541;3.51410542973144
Corn_Oil_80_ZhengChenPelegYbaseSplit;test;2;ASLSBaseline+AreaNormalization;pls;"{""n_components"": 24}";3.569;3.580546681389204
Corn_Oil_80_ZhengChenPelegYbaseSplit;test;2;ASLSBaseline+AreaNormalization;pls;"{""n_components"": 24}";3.595;3.4386758260619184
Corn_Oil_80_ZhengChenPelegYbaseSplit;test;2;ASLSBaseline+AreaNormalization;pls;"{""n_components"": 24}";3.661;3.6106894612009257
Corn_Oil_80_ZhengChenPelegYbaseSplit;test;2;ASLSBaseline+AreaNormalization;pls;"{""n_components"": 24}";3.687;3.656341258306842
Corn_Oil_80_ZhengChenPelegYbaseSplit;test;2;ASLSBaseline+AreaNormalization;pls;"{""n_components"": 24}";3.72;3.6701577220653565
Corn_Oil_80_ZhengChenPelegYbaseSplit;test;2;ASLSBaseline+AreaNormalization;pls;"{""n_components"": 24}";3.82;3.825009455540126
Corn_Oil_80_ZhengChenPelegYbaseSplit;valid;0;SG_11_2_1;pls;"{""n_components"": 22}";3.176;3.2013920917247294
Corn_Oil_80_ZhengChenPelegYbaseSplit;valid;0;SG_11_2_1;pls;"{""n_components"": 22}";3.201;3.1984275992301368
Corn_Oil_80_ZhengChenPelegYbaseSplit;valid;0;SG_11_2_1;pls;"{""n_components"": 22}";3.264;3.242857917020958
Corn_Oil_80_ZhengChenPelegYbaseSplit;valid;0;SG_11_2_1;pls;"{""n_components"": 22}";3.28;3.299037810066935
Corn_Oil_80_ZhengChenPelegYbaseSplit;valid;0;SG_11_2_1;pls;"{""n_components"": 22}";3.3;3.3206443017399505
Corn_Oil_80_ZhengChenPelegYbaseSplit;valid;0;SG_11_2_1;pls;"{""n_components"": 22}";3.345;3.3840560592103315
Corn_Oil_80_ZhengChenPelegYbaseSplit;valid;0;SG_11_2_1;pls;"{""n_components"": 22}";3.415;3.4162940575560303
Corn_Oil_80_ZhengChenPelegYbaseSplit;valid;0;SG_11_2_1;pls;"{""n_components"": 22}";3.424;3.4268520286135207
Corn_Oil_80_ZhengChenPelegYbaseSplit;valid;0;SG_11_2_1;pls;"{""n_components"": 22}";3.435;3.4284398401738634
Corn_Oil_80_ZhengChenPelegYbaseSplit;valid;0;SG_11_2_1;pls;"{""n_components"": 22}";3.451;3.4484777431090783
Corn_Oil_80_ZhengChenPelegYbaseSplit;valid;0;SG_11_2_1;pls;"{""n_components"": 22}";3.464;3.4472283097089282
Corn_Oil_80_ZhengChenPelegYbaseSplit;valid;0;SG_11_2_1;pls;"{""n_components"": 22}";3.494;3.5434509867744977
Corn_Oil_80_ZhengChenPelegYbaseSplit;valid;0;SG_11_2_1;pls;"{""n_components"": 22}";3.504;3.5019742490797845
Corn_Oil_80_ZhengChenPelegYbaseSplit;valid;0;SG_11_2_1;pls;"{""n_components"": 22}";3.524;3.5606737354188236
Corn_Oil_80_ZhengChenPelegYbaseSplit;valid;0;SG_11_2_1;pls;"{""n_components"": 22}";3.539;3.543006039913429
Corn_Oil_80_ZhengChenPelegYbaseSplit;valid;0;SG_11_2_1;pls;"{""n_components"": 22}";3.556;3.560237494727291
Corn_Oil_80_ZhengChenPelegYbaseSplit;valid;0;SG_11_2_1;pls;"{""n_components"": 22}";3.619;3.592809109702504
Corn_Oil_80_ZhengChenPelegYbaseSplit;valid;0;SG_11_2_1;pls;"{""n_components"": 22}";3.645;3.6423505615193887
Corn_Oil_80_ZhengChenPelegYbaseSplit;valid;0;SG_11_2_1;pls;"{""n_components"": 22}";3.693;3.6781543467801803
Corn_Oil_80_ZhengChenPelegYbaseSplit;valid;0;SG_11_2_1;pls;"{""n_components"": 22}";3.699;3.7039764013184846
Corn_Oil_80_ZhengChenPelegYbaseSplit;valid;0;SG_11_2_1;pls;"{""n_components"": 22}";3.748;3.726509772780372
Corn_Oil_80_ZhengChenPelegYbaseSplit;valid;0;SG_11_2_1;pls;"{""n_components"": 22}";3.822;3.836399364830248
Corn_Oil_80_ZhengChenPelegYbaseSplit;test;0;SG_11_2_1;pls;"{""n_components"": 22}";3.163;3.1022089648735225
Corn_Oil_80_ZhengChenPelegYbaseSplit;test;0;SG_11_2_1;pls;"{""n_components"": 22}";3.226;3.215993790161486
Corn_Oil_80_ZhengChenPelegYbaseSplit;test;0;SG_11_2_1;pls;"{""n_components"": 22}";3.306;3.2903244505636597
Corn_Oil_80_ZhengChenPelegYbaseSplit;test;0;SG_11_2_1;pls;"{""n_components"": 22}";3.363;3.3966640373675547
Corn_Oil_80_ZhengChenPelegYbaseSplit;test;0;SG_11_2_1;pls;"{""n_components"": 22}";3.417;3.437784749978081
Corn_Oil_80_ZhengChenPelegYbaseSplit;test;0;SG_11_2_1;pls;"{""n_components"": 22}";3.446;3.460813790096498
Corn_Oil_80_ZhengChenPelegYbaseSplit;test;0;SG_11_2_1;pls;"{""n_components"": 22}";3.46;3.494913486551893
Corn_Oil_80_ZhengChenPelegYbaseSplit;test;0;SG_11_2_1;pls;"{""n_components"": 22}";3.494;3.461989464298047
Corn_Oil_80_ZhengChenPelegYbaseSplit;test;0;SG_11_2_1;pls;"{""n_components"": 22}";3.505;3.48261125345597
Corn_Oil_80_ZhengChenPelegYbaseSplit;test;0;SG_11_2_1;pls;"{""n_components"": 22}";3.541;3.557343717067843
Corn_Oil_80_ZhengChenPelegYbaseSplit;test;0;SG_11_2_1;pls;"{""n_components"": 22}";3.569;3.5149499847285597
Corn_Oil_80_ZhengChenPelegYbaseSplit;test;0;SG_11_2_1;pls;"{""n_components"": 22}";3.595;3.6001304203038527
Corn_Oil_80_ZhengChenPelegYbaseSplit;test;0;SG_11_2_1;pls;"{""n_components"": 22}";3.661;3.635555075575232
Corn_Oil_80_ZhengChenPelegYbaseSplit;test;0;SG_11_2_1;pls;"{""n_components"": 22}";3.687;3.682719068577523
Corn_Oil_80_ZhengChenPelegYbaseSplit;test;0;SG_11_2_1;pls;"{""n_components"": 22}";3.72;3.67769386506748
Corn_Oil_80_ZhengChenPelegYbaseSplit;test;0;SG_11_2_1;pls;"{""n_components"": 22}";3.82;3.7781421167968148
Corn_Oil_80_ZhengChenPelegYbaseSplit;valid;1;SG_11_2_1;pls;"{""n_components"": 22}";3.088;3.1353135251597504
Corn_Oil_80_ZhengChenPelegYbaseSplit;valid;1;SG_11_2_1;pls;"{""n_components"": 22}";3.212;3.192628219990776
Corn_Oil_80_ZhengChenPelegYbaseSplit;valid;1;SG_11_2_1;pls;"{""n_components"": 22}";3.316;3.3382952488347892
Corn_Oil_80_ZhengChenPelegYbaseSplit;valid;1;SG_11_2_1;pls;"{""n_components"": 22}";3.328;3.306944203401607
Corn_Oil_80_ZhengChenPelegYbaseSplit;valid;1;SG_11_2_1;pls;"{""n_components"": 22}";3.407;3.386215870216609
Corn_Oil_80_ZhengChenPelegYbaseSplit;valid;1;SG_11_2_1;pls;"{""n_components"": 22}";3.446;3.416252123978383
Corn_Oil_80_ZhengChenPelegYbaseSplit;valid;1;SG_11_2_1;pls;"{""n_components"": 22}";3.457;3.4712558059671026
Corn_Oil_80_ZhengChenPelegYbaseSplit;valid;1;SG_11_2_1;pls;"{""n_components"": 22}";3.479;3.5180564944315558
Corn_Oil_80_ZhengChenPelegYbaseSplit;valid;1;SG_11_2_1;pls;"{""n_components"": 22}";3.496;3.4798683199868723
Corn_Oil_80_ZhengChenPelegYbaseSplit;valid;1;SG_11_2_1;pls;"{""n_components"": 22}";3.497;3.5258763611183728
Corn_Oil_80_ZhengChenPelegYbaseSplit;valid;1;SG_11_2_1;pls;"{""n_components"": 22}";3.507;3.4921309139040466
Corn_Oil_80_ZhengChenPelegYbaseSplit;valid;1;SG_11_2_1;pls;"{""n_components"": 22}";3.55;3.571781334722324
Corn_Oil_80_ZhengChenPelegYbaseSplit;valid;1;SG_11_2_1;pls;"{""n_components"": 22}";3.556;3.573562937648932
Corn_Oil_80_ZhengChenPelegYbaseSplit;valid;1;SG_11_2_1;pls;"{""n_components"": 22}";3.583;3.5908523497828577
Corn_Oil_80_ZhengChenPelegYbaseSplit;valid;1;SG_11_2_1;pls;"{""n_components"": 22}";3.641;3.6178356558594977
Corn_Oil_80_ZhengChenPelegYbaseSplit;valid;1;SG_11_2_1;pls;"{""n_components"": 22}";3.67;3.6306532065153476
Corn_Oil_80_ZhengChenPelegYbaseSplit;valid;1;SG_11_2_1;pls;"{""n_components"": 22}";3.677;3.6982937204537203
Corn_Oil_80_ZhengChenPelegYbaseSplit;valid;1;SG_11_2_1;pls;"{""n_components"": 22}";3.686;3.735241531135083
Corn_Oil_80_ZhengChenPelegYbaseSplit;valid;1;SG_11_2_1;pls;"{""n_components"": 22}";3.716;3.716701226304131
Corn_Oil_80_ZhengChenPelegYbaseSplit;valid;1;SG_11_2_1;pls;"{""n_components"": 22}";3.766;3.814250082707066
Corn_Oil_80_ZhengChenPelegYbaseSplit;valid;1;SG_11_2_1;pls;"{""n_components"": 22}";3.832;3.755229196950661
Corn_Oil_80_ZhengChenPelegYbaseSplit;test;1;SG_11_2_1;pls;"{""n_components"": 22}";3.163;3.144156985451471
Corn_Oil_80_ZhengChenPelegYbaseSplit;test;1;SG_11_2_1;pls;"{""n_components"": 22}";3.226;3.207960823601407
Corn_Oil_80_ZhengChenPelegYbaseSplit;test;1;SG_11_2_1;pls;"{""n_components"": 22}";3.306;3.2824029981010847
Corn_Oil_80_ZhengChenPelegYbaseSplit;test;1;SG_11_2_1;pls;"{""n_components"": 22}";3.363;3.380602197388049
Corn_Oil_80_ZhengChenPelegYbaseSplit;test;1;SG_11_2_1;pls;"{""n_components"": 22}";3.417;3.4396700881990894
Corn_Oil_80_ZhengChenPelegYbaseSplit;test;1;SG_11_2_1;pls;"{""n_components"": 22}";3.446;3.482886805793429
Corn_Oil_80_ZhengChenPelegYbaseSplit;test;1;SG_11_2_1;pls;"{""n_components"": 22}";3.46;3.5017778551164978
Corn_Oil_80_ZhengChenPelegYbaseSplit;test;1;SG_11_2_1;pls;"{""n_components"": 22}";3.494;3.47658459428408
Corn_Oil_80_ZhengChenPelegYbaseSplit;test;1;SG_11_2_1;pls;"{""n_components"": 22}";3.505;3.489315424320748
Corn_Oil_80_ZhengChenPelegYbaseSplit;test;1;SG_11_2_1;pls;"{""n_components"": 22}";3.541;3.541890677164256
Corn_Oil_80_ZhengChenPelegYbaseSplit;test;1;SG_11_2_1;pls;"{""n_components"": 22}";3.569;3.507803511978549
Corn_Oil_80_ZhengChenPelegYbaseSplit;test;1;SG_11_2_1;pls;"{""n_components"": 22}";3.595;3.5822748558886106
Corn_Oil_80_ZhengChenPelegYbaseSplit;test;1;SG_11_2_1;pls;"{""n_components"": 22}";3.661;3.6071331451093354
Corn_Oil_80_ZhengChenPelegYbaseSplit;test;1;SG_11_2_1;pls;"{""n_components"": 22}";3.687;3.724075451451689
Corn_Oil_80_ZhengChenPelegYbaseSplit;test;1;SG_11_2_1;pls;"{""n_components"": 22}";3.72;3.7180438800163333
Corn_Oil_80_ZhengChenPelegYbaseSplit;test;1;SG_11_2_1;pls;"{""n_components"": 22}";3.82;3.7185123452710247
Corn_Oil_80_ZhengChenPelegYbaseSplit;valid;2;SG_11_2_1;pls;"{""n_components"": 22}";3.105;3.125170434555975
Corn_Oil_80_ZhengChenPelegYbaseSplit;valid;2;SG_11_2_1;pls;"{""n_components"": 22}";3.212;3.212501151343738
Corn_Oil_80_ZhengChenPelegYbaseSplit;valid;2;SG_11_2_1;pls;"{""n_components"": 22}";3.251;3.2836225706259694
Corn_Oil_80_ZhengChenPelegYbaseSplit;valid;2;SG_11_2_1;pls;"{""n_components"": 22}";3.306;3.276556377021684
Corn_Oil_80_ZhengChenPelegYbaseSplit;valid;2;SG_11_2_1;pls;"{""n_components"": 22}";3.38;3.360658976074969
Corn_Oil_80_ZhengChenPelegYbaseSplit;valid;2;SG_11_2_1;pls;"{""n_components"": 22}";3.404;3.3877755705429684
Corn_Oil_80_ZhengChenPelegYbaseSplit;valid;2;SG_11_2_1;pls;"{""n_components"": 22}";3.437;3.456060447997623
Corn_Oil_80_ZhengChenPelegYbaseSplit;valid;2;SG_11_2_1;pls;"{""n_components"": 22}";3.449;3.4280966112872013
Corn_Oil_80_ZhengChenPelegYbaseSplit;valid;2;SG_11_2_1;pls;"{""n_components"": 22}";3.449;3.4718795649217853
Corn_Oil_80_ZhengChenPelegYbaseSplit;valid;2;SG_11_2_1;pls;"{""n_components"": 22}";3.49;3.482197993550783
Corn_Oil_80_ZhengChenPelegYbaseSplit;valid;2;SG_11_2_1;pls;"{""n_components"": 22}";3.491;3.5010244842276372
Corn_Oil_80_ZhengChenPelegYbaseSplit;valid;2;SG_11_2_1;pls;"{""n_components"": 22}";3.519;3.483327365133183
Corn_Oil_80_ZhengChenPelegYbaseSplit;valid;2;SG_11_2_1;pls;"{""n_components"": 22}";3.557;3.5474060185790766
Corn_Oil_80_ZhengChenPelegYbaseSplit;valid;2;SG_11_2_1;pls;"{""n_components"": 22}";3.584;3.545614786272524
Corn_Oil_80_ZhengChenPelegYbaseSplit;valid;2;SG_11_2_1;pls;"{""n_components"": 22}";3.59;3.509440961544737
Corn_Oil_80_ZhengChenPelegYbaseSplit;valid;2;SG_11_2_1;pls;"{""n_components"": 22}";3.59;3.574196553420512
Corn_Oil_80_ZhengChenPelegYbaseSplit;valid;2;SG_11_2_1;pls;"{""n_components"": 22}";3.652;3.6938247941944065
Corn_Oil_80_ZhengChenPelegYbaseSplit;valid;2;SG_11_2_1;pls;"{""n_components"": 22}";3.676;3.676240485412788
Corn_Oil_80_ZhengChenPelegYbaseSplit;valid;2;SG_11_2_1;pls;"{""n_components"": 22}";3.71;3.727090838819025
Corn_Oil_80_ZhengChenPelegYbaseSplit;valid;2;SG_11_2_1;pls;"{""n_components"": 22}";3.751;3.7623091820853913
Corn_Oil_80_ZhengChenPelegYbaseSplit;valid;2;SG_11_2_1;pls;"{""n_components"": 22}";3.787;3.7930740265073037
Corn_Oil_80_ZhengChenPelegYbaseSplit;test;2;SG_11_2_1;pls;"{""n_components"": 22}";3.163;3.147743003044991
Corn_Oil_80_ZhengChenPelegYbaseSplit;test;2;SG_11_2_1;pls;"{""n_components"": 22}";3.226;3.2209439152642827
Corn_Oil_80_ZhengChenPelegYbaseSplit;test;2;SG_11_2_1;pls;"{""n_components"": 22}";3.306;3.2811091220399966
Corn_Oil_80_ZhengChenPelegYbaseSplit;test;2;SG_11_2_1;pls;"{""n_components"": 22}";3.363;3.3522067801822075
Corn_Oil_80_ZhengChenPelegYbaseSplit;test;2;SG_11_2_1;pls;"{""n_components"": 22}";3.417;3.439034983549419
Corn_Oil_80_ZhengChenPelegYbaseSplit;test;2;SG_11_2_1;pls;"{""n_components"": 22}";3.446;3.477168470568361
Corn_Oil_80_ZhengChenPelegYbaseSplit;test;2;SG_11_2_1;pls;"{""n_components"": 22}";3.46;3.449170274420386
Corn_Oil_80_ZhengChenPelegYbaseSplit;test;2;SG_11_2_1;pls;"{""n_components"": 22}";3.494;3.48062338354292
Corn_Oil_80_ZhengChenPelegYbaseSplit;test;2;SG_11_2_1;pls;"{""n_components"": 22}";3.505;3.4994184844705316
Corn_Oil_80_ZhengChenPelegYbaseSplit;test;2;SG_11_2_1;pls;"{""n_components"": 22}";3.541;3.55107904677099
Corn_Oil_80_ZhengChenPelegYbaseSplit;test;2;SG_11_2_1;pls;"{""n_components"": 22}";3.569;3.5046658921529605
Corn_Oil_80_ZhengChenPelegYbaseSplit;test;2;SG_11_2_1;pls;"{""n_components"": 22}";3.595;3.6340459219279695
Corn_Oil_80_ZhengChenPelegYbaseSplit;test;2;SG_11_2_1;pls;"{""n_components"": 22}";3.661;3.6352428663586767
Corn_Oil_80_ZhengChenPelegYbaseSplit;test;2;SG_11_2_1;pls;"{""n_components"": 22}";3.687;3.697616524458482
Corn_Oil_80_ZhengChenPelegYbaseSplit;test;2;SG_11_2_1;pls;"{""n_components"": 22}";3.72;3.6871308023158047
Corn_Oil_80_ZhengChenPelegYbaseSplit;test;2;SG_11_2_1;pls;"{""n_components"": 22}";3.82;3.7821723270691936
Corn_Oil_80_ZhengChenPelegYbaseSplit;valid;0;SG_11_2_1+Haar;pls;"{""n_components"": 27}";3.176;3.1634184036935826
Corn_Oil_80_ZhengChenPelegYbaseSplit;valid;0;SG_11_2_1+Haar;pls;"{""n_components"": 27}";3.201;3.2215232176899304
Corn_Oil_80_ZhengChenPelegYbaseSplit;valid;0;SG_11_2_1+Haar;pls;"{""n_components"": 27}";3.264;3.276586367223659
Corn_Oil_80_ZhengChenPelegYbaseSplit;valid;0;SG_11_2_1+Haar;pls;"{""n_components"": 27}";3.28;3.333700549325224
Corn_Oil_80_ZhengChenPelegYbaseSplit;valid;0;SG_11_2_1+Haar;pls;"{""n_components"": 27}";3.3;3.352305731216615
Corn_Oil_80_ZhengChenPelegYbaseSplit;valid;0;SG_11_2_1+Haar;pls;"{""n_components"": 27}";3.345;3.296848826123936
Corn_Oil_80_ZhengChenPelegYbaseSplit;valid;0;SG_11_2_1+Haar;pls;"{""n_components"": 27}";3.415;3.410829787178771
Corn_Oil_80_ZhengChenPelegYbaseSplit;valid;0;SG_11_2_1+Haar;pls;"{""n_components"": 27}";3.424;3.4670791057048373
Corn_Oil_80_ZhengChenPelegYbaseSplit;valid;0;SG_11_2_1+Haar;pls;"{""n_components"": 27}";3.435;3.4209559012241617
Corn_Oil_80_ZhengChenPelegYbaseSplit;valid;0;SG_11_2_1+Haar;pls;"{""n_components"": 27}";3.451;3.442293865546768
Corn_Oil_80_ZhengChenPelegYbaseSplit;valid;0;SG_11_2_1+Haar;pls;"{""n_components"": 27}";3.464;3.4298659044318773
Corn_Oil_80_ZhengChenPelegYbaseSplit;valid;0;SG_11_2_1+Haar;pls;"{""n_components"": 27}";3.494;3.5447611819628992
Corn_Oil_80_ZhengChenPelegYbaseSplit;valid;0;SG_11_2_1+Haar;pls;"{""n_components"": 27}";3.504;3.5086757996887874
Corn_Oil_80_ZhengChenPelegYbaseSplit;valid;0;SG_11_2_1+Haar;pls;"{""n_components"": 27}";3.524;3.542673610753347
Corn_Oil_80_ZhengChenPelegYbaseSplit;valid;0;SG_11_2_1+Haar;pls;"{""n_components"": 27}";3.539;3.509862943049751
Corn_Oil_80_ZhengChenPelegYbaseSplit;valid;0;SG_11_2_1+Haar;pls;"{""n_components"": 27}";3.556;3.647604415646451
Corn_Oil_80_ZhengChenPelegYbaseSplit;valid;0;SG_11_2_1+Haar;pls;"{""n_components"": 27}";3.619;3.659199358560515
Corn_Oil_80_ZhengChenPelegYbaseSplit;valid;0;SG_11_2_1+Haar;pls;"{""n_components"": 27}";3.645;3.6147956754248027
Corn_Oil_80_ZhengChenPelegYbaseSplit;valid;0;SG_11_2_1+Haar;pls;"{""n_components"": 27}";3.693;3.6768797345417625
Corn_Oil_80_ZhengChenPelegYbaseSplit;valid;0;SG_11_2_1+Haar;pls;"{""n_components"": 27}";3.699;3.6906020267298385
Corn_Oil_80_ZhengChenPelegYbaseSplit;valid;0;SG_11_2_1+Haar;pls;"{""n_components"": 27}";3.748;3.733123061163938
Corn_Oil_80_ZhengChenPelegYbaseSplit;valid;0;SG_11_2_1+Haar;pls;"{""n_components"": 27}";3.822;3.8489108192406816
Corn_Oil_80_ZhengChenPelegYbaseSplit;test;0;SG_11_2_1+Haar;pls;"{""n_components"": 27}";3.163;3.174238262131178
Corn_Oil_80_ZhengChenPelegYbaseSplit;test;0;SG_11_2_1+Haar;pls;"{""n_components"": 27}";3.226;3.250602029443465
Corn_Oil_80_ZhengChenPelegYbaseSplit;test;0;SG_11_2_1+Haar;pls;"{""n_components"": 27}";3.306;3.281596438259816
Corn_Oil_80_ZhengChenPelegYbaseSplit;test;0;SG_11_2_1+Haar;pls;"{""n_components"": 27}";3.363;3.358096084863821
Corn_Oil_80_ZhengChenPelegYbaseSplit;test;0;SG_11_2_1+Haar;pls;"{""n_components"": 27}";3.417;3.4661439095761146
Corn_Oil_80_ZhengChenPelegYbaseSplit;test;0;SG_11_2_1+Haar;pls;"{""n_components"": 27}";3.446;3.4863486018733663
Corn_Oil_80_ZhengChenPelegYbaseSplit;test;0;SG_11_2_1+Haar;pls;"{""n_components"": 27}";3.46;3.467752000325126
Corn_Oil_80_ZhengChenPelegYbaseSplit;test;0;SG_11_2_1+Haar;pls;"{""n_components"": 27}";3.494;3.4966594939984903
Corn_Oil_80_ZhengChenPelegYbaseSplit;test;0;SG_11_2_1+Haar;pls;"{""n_components"": 27}";3.505;3.501919103949599
Corn_Oil_80_ZhengChenPelegYbaseSplit;test;0;SG_11_2_1+Haar;pls;"{""n_components"": 27}";3.541;3.571420247311869
Corn_Oil_80_ZhengChenPelegYbaseSplit;test;0;SG_11_2_1+Haar;pls;"{""n_components"": 27}";3.569;3.5194137499071627
Corn_Oil_80_ZhengChenPelegYbaseSplit;test;0;SG_11_2_1+Haar;pls;"{""n_components"": 27}";3.595;3.6127878470560852
Corn_Oil_80_ZhengChenPelegYbaseSplit;test;0;SG_11_2_1+Haar;pls;"{""n_components"": 27}";3.661;3.626959469119901
Corn_Oil_80_ZhengChenPelegYbaseSplit;test;0;SG_11_2_1+Haar;pls;"{""n_components"": 27}";3.687;3.647261660447492
Corn_Oil_80_ZhengChenPelegYbaseSplit;test;0;SG_11_2_1+Haar;pls;"{""n_components"": 27}";3.72;3.663050670610722
Corn_Oil_80_ZhengChenPelegYbaseSplit;test;0;SG_11_2_1+Haar;pls;"{""n_components"": 27}";3.82;3.7540461331342097
Corn_Oil_80_ZhengChenPelegYbaseSplit;valid;1;SG_11_2_1+Haar;pls;"{""n_components"": 27}";3.088;3.1818470239275483
Corn_Oil_80_ZhengChenPelegYbaseSplit;valid;1;SG_11_2_1+Haar;pls;"{""n_components"": 27}";3.212;3.1833091459573275
Corn_Oil_80_ZhengChenPelegYbaseSplit;valid;1;SG_11_2_1+Haar;pls;"{""n_components"": 27}";3.316;3.3302367937174604
Corn_Oil_80_ZhengChenPelegYbaseSplit;valid;1;SG_11_2_1+Haar;pls;"{""n_components"": 27}";3.328;3.2976776764693234
Corn_Oil_80_ZhengChenPelegYbaseSplit;valid;1;SG_11_2_1+Haar;pls;"{""n_components"": 27}";3.407;3.3793227757405377
Corn_Oil_80_ZhengChenPelegYbaseSplit;valid;1;SG_11_2_1+Haar;pls;"{""n_components"": 27}";3.446;3.4553391215715137
Corn_Oil_80_ZhengChenPelegYbaseSplit;valid;1;SG_11_2_1+Haar;pls;"{""n_components"": 27}";3.457;3.507553604551719
Corn_Oil_80_ZhengChenPelegYbaseSplit;valid;1;SG_11_2_1+Haar;pls;"{""n_components"": 27}";3.479;3.5034305553645826
Corn_Oil_80_ZhengChenPelegYbaseSplit;valid;1;SG_11_2_1+Haar;pls;"{""n_components"": 27}";3.496;3.4742908986372036
Corn_Oil_80_ZhengChenPelegYbaseSplit;valid;1;SG_11_2_1+Haar;pls;"{""n_components"": 27}";3.497;3.5333725367889786
Corn_Oil_80_ZhengChenPelegYbaseSplit;valid;1;SG_11_2_1+Haar;pls;"{""n_components"": 27}";3.507;3.4783725912752437
Corn_Oil_80_ZhengChenPelegYbaseSplit;valid;1;SG_11_2_1+Haar;pls;"{""n_components"": 27}";3.55;3.55681328148313
Corn_Oil_80_ZhengChenPelegYbaseSplit;valid;1;SG_11_2_1+Haar;pls;"{""n_components"": 27}";3.556;3.5915003012461035
Corn_Oil_80_ZhengChenPelegYbaseSplit;valid;1;SG_11_2_1+Haar;pls;"{""n_components"": 27}";3.583;3.6000279814549643
Corn_Oil_80_ZhengChenPelegYbaseSplit;valid;1;SG_11_2_1+Haar;pls;"{""n_components"": 27}";3.641;3.625105738186967
Corn_Oil_80_ZhengChenPelegYbaseSplit;valid;1;SG_11_2_1+Haar;pls;"{""n_components"": 27}";3.67;3.645402029885426
Corn_Oil_80_ZhengChenPelegYbaseSplit;valid;1;SG_11_2_1+Haar;pls;"{""n_components"": 27}";3.677;3.7121282502020283
Corn_Oil_80_ZhengChenPelegYbaseSplit;valid;1;SG_11_2_1+Haar;pls;"{""n_components"": 27}";3.686;3.6927670434186215
Corn_Oil_80_ZhengChenPelegYbaseSplit;valid;1;SG_11_2_1+Haar;pls;"{""n_components"": 27}";3.716;3.683104953987199
Corn_Oil_80_ZhengChenPelegYbaseSplit;valid;1;SG_11_2_1+Haar;pls;"{""n_components"": 27}";3.766;3.8269339765371404
Corn_Oil_80_ZhengChenPelegYbaseSplit;valid;1;SG_11_2_1+Haar;pls;"{""n_components"": 27}";3.832;3.7674489544678034
Corn_Oil_80_ZhengChenPelegYbaseSplit;test;1;SG_11_2_1+Haar;pls;"{""n_components"": 27}";3.163;3.1775441771144006
Corn_Oil_80_ZhengChenPelegYbaseSplit;test;1;SG_11_2_1+Haar;pls;"{""n_components"": 27}";3.226;3.2594624018304104
Corn_Oil_80_ZhengChenPelegYbaseSplit;test;1;SG_11_2_1+Haar;pls;"{""n_components"": 27}";3.306;3.2876718839253365
Corn_Oil_80_ZhengChenPelegYbaseSplit;test;1;SG_11_2_1+Haar;pls;"{""n_components"": 27}";3.363;3.331021587697077
Corn_Oil_80_ZhengChenPelegYbaseSplit;test;1;SG_11_2_1+Haar;pls;"{""n_components"": 27}";3.417;3.421816403299009
Corn_Oil_80_ZhengChenPelegYbaseSplit;test;1;SG_11_2_1+Haar;pls;"{""n_components"": 27}";3.446;3.516744826934703
Corn_Oil_80_ZhengChenPelegYbaseSplit;test;1;SG_11_2_1+Haar;pls;"{""n_components"": 27}";3.46;3.5070569200032273
Corn_Oil_80_ZhengChenPelegYbaseSplit;test;1;SG_11_2_1+Haar;pls;"{""n_components"": 27}";3.494;3.5038075507956843
Corn_Oil_80_ZhengChenPelegYbaseSplit;test;1;SG_11_2_1+Haar;pls;"{""n_components"": 27}";3.505;3.4786158860500485
Corn_Oil_80_ZhengChenPelegYbaseSplit;test;1;SG_11_2_1+Haar;pls;"{""n_components"": 27}";3.541;3.558786811712066
Corn_Oil_80_ZhengChenPelegYbaseSplit;test;1;SG_11_2_1+Haar;pls;"{""n_components"": 27}";3.569;3.4417547658502308
Corn_Oil_80_ZhengChenPelegYbaseSplit;test;1;SG_11_2_1+Haar;pls;"{""n_components"": 27}";3.595;3.602077138266746
Corn_Oil_80_ZhengChenPelegYbaseSplit;test;1;SG_11_2_1+Haar;pls;"{""n_components"": 27}";3.661;3.5979408380052416
Corn_Oil_80_ZhengChenPelegYbaseSplit;test;1;SG_11_2_1+Haar;pls;"{""n_components"": 27}";3.687;3.6819783881727
Corn_Oil_80_ZhengChenPelegYbaseSplit;test;1;SG_11_2_1+Haar;pls;"{""n_components"": 27}";3.72;3.681126942210747
Corn_Oil_80_ZhengChenPelegYbaseSplit;test;1;SG_11_2_1+Haar;pls;"{""n_components"": 27}";3.82;3.6986305984269956
Corn_Oil_80_ZhengChenPelegYbaseSplit;valid;2;SG_11_2_1+Haar;pls;"{""n_components"": 27}";3.105;3.1490145442831396
Corn_Oil_80_ZhengChenPelegYbaseSplit;valid;2;SG_11_2_1+Haar;pls;"{""n_components"": 27}";3.212;3.2303047012627015
Corn_Oil_80_ZhengChenPelegYbaseSplit;valid;2;SG_11_2_1+Haar;pls;"{""n_components"": 27}";3.251;3.3187073526468978
Corn_Oil_80_ZhengChenPelegYbaseSplit;valid;2;SG_11_2_1+Haar;pls;"{""n_components"": 27}";3.306;3.268456641127087
Corn_Oil_80_ZhengChenPelegYbaseSplit;valid;2;SG_11_2_1+Haar;pls;"{""n_components"": 27}";3.38;3.3154924443349003
Corn_Oil_80_ZhengChenPelegYbaseSplit;valid;2;SG_11_2_1+Haar;pls;"{""n_components"": 27}";3.404;3.3771996440672893
Corn_Oil_80_ZhengChenPelegYbaseSplit;valid;2;SG_11_2_1+Haar;pls;"{""n_components"": 27}";3.437;3.486499809109629
Corn_Oil_80_ZhengChenPelegYbaseSplit;valid;2;SG_11_2_1+Haar;pls;"{""n_components"": 27}";3.449;3.4686632484843525
Corn_Oil_80_ZhengChenPelegYbaseSplit;valid;2;SG_11_2_1+Haar;pls;"{""n_components"": 27}";3.449;3.4209730044396283
Corn_Oil_80_ZhengChenPelegYbaseSplit;valid;2;SG_11_2_1+Haar;pls;"{""n_components"": 27}";3.49;3.4919198574185355
Corn_Oil_80_ZhengChenPelegYbaseSplit;valid;2;SG_11_2_1+Haar;pls;"{""n_components"": 27}";3.491;3.521264865857029
Corn_Oil_80_ZhengChenPelegYbaseSplit;valid;2;SG_11_2_1+Haar;pls;"{""n_components"": 27}";3.519;3.5386062989535465
Corn_Oil_80_ZhengChenPelegYbaseSplit;valid;2;SG_11_2_1+Haar;pls;"{""n_components"": 27}";3.557;3.5047950662677128
Corn_Oil_80_ZhengChenPelegYbaseSplit;valid;2;SG_11_2_1+Haar;pls;"{""n_components"": 27}";3.584;3.5218417278155956
Corn_Oil_80_ZhengChenPelegYbaseSplit;valid;2;SG_11_2_1+Haar;pls;"{""n_components"": 27}";3.59;3.526942870648537
Corn_Oil_80_ZhengChenPelegYbaseSplit;valid;2;SG_11_2_1+Haar;pls;"{""n_components"": 27}";3.59;3.595905650794422
Corn_Oil_80_ZhengChenPelegYbaseSplit;valid;2;SG_11_2_1+Haar;pls;"{""n_components"": 27}";3.652;3.6388673952083996
Corn_Oil_80_ZhengChenPelegYbaseSplit;valid;2;SG_11_2_1+Haar;pls;"{""n_components"": 27}";3.676;3.6324652445971335
Corn_Oil_80_ZhengChenPelegYbaseSplit;valid;2;SG_11_2_1+Haar;pls;"{""n_components"": 27}";3.71;3.673061121356466
Corn_Oil_80_ZhengChenPelegYbaseSplit;valid;2;SG_11_2_1+Haar;pls;"{""n_components"": 27}";3.751;3.712217401723075
Corn_Oil_80_ZhengChenPelegYbaseSplit;valid;2;SG_11_2_1+Haar;pls;"{""n_components"": 27}";3.787;3.7960637216558206
Corn_Oil_80_ZhengChenPelegYbaseSplit;test;2;SG_11_2_1+Haar;pls;"{""n_components"": 27}";3.163;3.185044453881193
Corn_Oil_80_ZhengChenPelegYbaseSplit;test;2;SG_11_2_1+Haar;pls;"{""n_components"": 27}";3.226;3.262925576270847
Corn_Oil_80_ZhengChenPelegYbaseSplit;test;2;SG_11_2_1+Haar;pls;"{""n_components"": 27}";3.306;3.2584740361721343
Corn_Oil_80_ZhengChenPelegYbaseSplit;test;2;SG_11_2_1+Haar;pls;"{""n_components"": 27}";3.363;3.3656119477237443
Corn_Oil_80_ZhengChenPelegYbaseSplit;test;2;SG_11_2_1+Haar;pls;"{""n_components"": 27}";3.417;3.4570510211475445
Corn_Oil_80_ZhengChenPelegYbaseSplit;test;2;SG_11_2_1+Haar;pls;"{""n_components"": 27}";3.446;3.4621467706343547
Corn_Oil_80_ZhengChenPelegYbaseSplit;test;2;SG_11_2_1+Haar;pls;"{""n_components"": 27}";3.46;3.503845640729426
Corn_Oil_80_ZhengChenPelegYbaseSplit;test;2;SG_11_2_1+Haar;pls;"{""n_components"": 27}";3.494;3.5094465574915157
Corn_Oil_80_ZhengChenPelegYbaseSplit;test;2;SG_11_2_1+Haar;pls;"{""n_components"": 27}";3.505;3.497202761761729
Corn_Oil_80_ZhengChenPelegYbaseSplit;test;2;SG_11_2_1+Haar;pls;"{""n_components"": 27}";3.541;3.566117555899463
Corn_Oil_80_ZhengChenPelegYbaseSplit;test;2;SG_11_2_1+Haar;pls;"{""n_components"": 27}";3.569;3.476579274250012
Corn_Oil_80_ZhengChenPelegYbaseSplit;test;2;SG_11_2_1+Haar;pls;"{""n_components"": 27}";3.595;3.5552817643449397
Corn_Oil_80_ZhengChenPelegYbaseSplit;test;2;SG_11_2_1+Haar;pls;"{""n_components"": 27}";3.661;3.5996890422721393
Corn_Oil_80_ZhengChenPelegYbaseSplit;test;2;SG_11_2_1+Haar;pls;"{""n_components"": 27}";3.687;3.6382059052915325
Corn_Oil_80_ZhengChenPelegYbaseSplit;test;2;SG_11_2_1+Haar;pls;"{""n_components"": 27}";3.72;3.6681425897928706
Corn_Oil_80_ZhengChenPelegYbaseSplit;test;2;SG_11_2_1+Haar;pls;"{""n_components"": 27}";3.82;3.7416675868175817
Corn_Oil_80_ZhengChenPelegYbaseSplit;valid;0;SG_11_2_1+AreaNormalization;pls;"{""n_components"": 18}";3.176;3.1668427858891115
Corn_Oil_80_ZhengChenPelegYbaseSplit;valid;0;SG_11_2_1+AreaNormalization;pls;"{""n_components"": 18}";3.201;3.2653533832933954
Corn_Oil_80_ZhengChenPelegYbaseSplit;valid;0;SG_11_2_1+AreaNormalization;pls;"{""n_components"": 18}";3.264;3.2591437189934145
Corn_Oil_80_ZhengChenPelegYbaseSplit;valid;0;SG_11_2_1+AreaNormalization;pls;"{""n_components"": 18}";3.28;3.3418042243323693
Corn_Oil_80_ZhengChenPelegYbaseSplit;valid;0;SG_11_2_1+AreaNormalization;pls;"{""n_components"": 18}";3.3;3.329211967175574
Corn_Oil_80_ZhengChenPelegYbaseSplit;valid;0;SG_11_2_1+AreaNormalization;pls;"{""n_components"": 18}";3.345;3.37786414174909
Corn_Oil_80_ZhengChenPelegYbaseSplit;valid;0;SG_11_2_1+AreaNormalization;pls;"{""n_components"": 18}";3.415;3.3545510139973254
Corn_Oil_80_ZhengChenPelegYbaseSplit;valid;0;SG_11_2_1+AreaNormalization;pls;"{""n_components"": 18}";3.424;3.4531994832426247
Corn_Oil_80_ZhengChenPelegYbaseSplit;valid;0;SG_11_2_1+AreaNormalization;pls;"{""n_components"": 18}";3.435;3.4667325919511196
Corn_Oil_80_ZhengChenPelegYbaseSplit;valid;0;SG_11_2_1+AreaNormalization;pls;"{""n_components"": 18}";3.451;3.440467976443523
Corn_Oil_80_ZhengChenPelegYbaseSplit;valid;0;SG_11_2_1+AreaNormalization;pls;"{""n_components"": 18}";3.464;3.4094049655324032
Corn_Oil_80_ZhengChenPelegYbaseSplit;valid;0;SG_11_2_1+AreaNormalization;pls;"{""n_components"": 18}";3.494;3.6213365176190924
Corn_Oil_80_ZhengChenPelegYbaseSplit;valid;0;SG_11_2_1+AreaNormalization;pls;"{""n_components"": 18}";3.504;3.5696195062321516
Corn_Oil_80_ZhengChenPelegYbaseSplit;valid;0;SG_11_2_1+AreaNormalization;pls;"{""n_components"": 18}";3.524;3.446691923883825
Corn_Oil_80_ZhengChenPelegYbaseSplit;valid;0;SG_11_2_1+AreaNormalization;pls;"{""n_components"": 18}";3.539;3.5197817178704347
Corn_Oil_80_ZhengChenPelegYbaseSplit;valid;0;SG_11_2_1+AreaNormalization;pls;"{""n_components"": 18}";3.556;3.556348768639274
Corn_Oil_80_ZhengChenPelegYbaseSplit;valid;0;SG_11_2_1+AreaNormalization;pls;"{""n_components"": 18}";3.619;3.6308497371895987
Corn_Oil_80_ZhengChenPelegYbaseSplit;valid;0;SG_11_2_1+AreaNormalization;pls;"{""n_components"": 18}";3.645;3.608293733903958
Corn_Oil_80_ZhengChenPelegYbaseSplit;valid;0;SG_11_2_1+AreaNormalization;pls;"{""n_components"": 18}";3.693;3.717115564214312
Corn_Oil_80_ZhengChenPelegYbaseSplit;valid;0;SG_11_2_1+AreaNormalization;pls;"{""n_components"": 18}";3.699;3.719746761269198
Corn_Oil_80_ZhengChenPelegYbaseSplit;valid;0;SG_11_2_1+AreaNormalization;pls;"{""n_components"": 18}";3.748;3.7039172298331
Corn_Oil_80_ZhengChenPelegYbaseSplit;valid;0;SG_11_2_1+AreaNormalization;pls;"{""n_components"": 18}";3.822;3.8671708139952656
Corn_Oil_80_ZhengChenPelegYbaseSplit;test;0;SG_11_2_1+AreaNormalization;pls;"{""n_components"": 18}";3.163;3.11117318697407
Corn_Oil_80_ZhengChenPelegYbaseSplit;test;0;SG_11_2_1+AreaNormalization;pls;"{""n_components"": 18}";3.226;3.197444679402494
Corn_Oil_80_ZhengChenPelegYbaseSplit;test;0;SG_11_2_1+AreaNormalization;pls;"{""n_components"": 18}";3.306;3.37307228746443
Corn_Oil_80_ZhengChenPelegYbaseSplit;test;0;SG_11_2_1+AreaNormalization;pls;"{""n_components"": 18}";3.363;3.460175829278281
Corn_Oil_80_ZhengChenPelegYbaseSplit;test;0;SG_11_2_1+AreaNormalization;pls;"{""n_components"": 18}";3.417;3.4953996777035554
Corn_Oil_80_ZhengChenPelegYbaseSplit;test;0;SG_11_2_1+AreaNormalization;pls;"{""n_components"": 18}";3.446;3.452717176039957
Corn_Oil_80_ZhengChenPelegYbaseSplit;test;0;SG_11_2_1+AreaNormalization;pls;"{""n_components"": 18}";3.46;3.384615723875052
Corn_Oil_80_ZhengChenPelegYbaseSplit;test;0;SG_11_2_1+AreaNormalization;pls;"{""n_components"": 18}";3.494;3.5416161001718494
Corn_Oil_80_ZhengChenPelegYbaseSplit;test;0;SG_11_2_1+AreaNormalization;pls;"{""n_components"": 18}";3.505;3.562721672005366
Corn_Oil_80_ZhengChenPelegYbaseSplit;test;0;SG_11_2_1+AreaNormalization;pls;"{""n_components"": 18}";3.541;3.559883935579617
Corn_Oil_80_ZhengChenPelegYbaseSplit;test;0;SG_11_2_1+AreaNormalization;pls;"{""n_components"": 18}";3.569;3.5289107897483847
Corn_Oil_80_ZhengChenPelegYbaseSplit;test;0;SG_11_2_1+AreaNormalization;pls;"{""n_components"": 18}";3.595;3.5584449807252154
Corn_Oil_80_ZhengChenPelegYbaseSplit;test;0;SG_11_2_1+AreaNormalization;pls;"{""n_components"": 18}";3.661;3.623327253678434
Corn_Oil_80_ZhengChenPelegYbaseSplit;test;0;SG_11_2_1+AreaNormalization;pls;"{""n_components"": 18}";3.687;3.639021902783113
Corn_Oil_80_ZhengChenPelegYbaseSplit;test;0;SG_11_2_1+AreaNormalization;pls;"{""n_components"": 18}";3.72;3.601477281134658
Corn_Oil_80_ZhengChenPelegYbaseSplit;test;0;SG_11_2_1+AreaNormalization;pls;"{""n_components"": 18}";3.82;3.770123095312769
Corn_Oil_80_ZhengChenPelegYbaseSplit;valid;1;SG_11_2_1+AreaNormalization;pls;"{""n_components"": 18}";3.088;3.211020490455741
Corn_Oil_80_ZhengChenPelegYbaseSplit;valid;1;SG_11_2_1+AreaNormalization;pls;"{""n_components"": 18}";3.212;3.2522147324149295
Corn_Oil_80_ZhengChenPelegYbaseSplit;valid;1;SG_11_2_1+AreaNormalization;pls;"{""n_components"": 18}";3.316;3.2895352050340927
Corn_Oil_80_ZhengChenPelegYbaseSplit;valid;1;SG_11_2_1+AreaNormalization;pls;"{""n_components"": 18}";3.328;3.2506437536400035
Corn_Oil_80_ZhengChenPelegYbaseSplit;valid;1;SG_11_2_1+AreaNormalization;pls;"{""n_components"": 18}";3.407;3.399799063853334
Corn_Oil_80_ZhengChenPelegYbaseSplit;valid;1;SG_11_2_1+AreaNormalization;pls;"{""n_components"": 18}";3.446;3.4501308100442856
Corn_Oil_80_ZhengChenPelegYbaseSplit;valid;1;SG_11_2_1+AreaNormalization;pls;"{""n_components"": 18}";3.457;3.5021692869352035
Corn_Oil_80_ZhengChenPelegYbaseSplit;valid;1;SG_11_2_1+AreaNormalization;pls;"{""n_components"": 18}";3.479;3.5333170765921413
Corn_Oil_80_ZhengChenPelegYbaseSplit;valid;1;SG_11_2_1+AreaNormalization;pls;"{""n_components"": 18}";3.496;3.474424724185764
Corn_Oil_80_ZhengChenPelegYbaseSplit;valid;1;SG_11_2_1+AreaNormalization;pls;"{""n_components"": 18}";3.497;3.6453889575677927
Corn_Oil_80_ZhengChenPelegYbaseSplit;valid;1;SG_11_2_1+AreaNormalization;pls;"{""n_components"": 18}";3.507;3.4368862627695966
Corn_Oil_80_ZhengChenPelegYbaseSplit;valid;1;SG_11_2_1+AreaNormalization;pls;"{""n_components"": 18}";3.55;3.5555964310712653
Corn_Oil_80_ZhengChenPelegYbaseSplit;valid;1;SG_11_2_1+AreaNormalization;pls;"{""n_components"": 18}";3.556;3.527848981301447
Corn_Oil_80_ZhengChenPelegYbaseSplit;valid;1;SG_11_2_1+AreaNormalization;pls;"{""n_components"": 18}";3.583;3.6263299003265086
Corn_Oil_80_ZhengChenPelegYbaseSplit;valid;1;SG_11_2_1+AreaNormalization;pls;"{""n_components"": 18}";3.641;3.543122169374755
Corn_Oil_80_ZhengChenPelegYbaseSplit;valid;1;SG_11_2_1+AreaNormalization;pls;"{""n_components"": 18}";3.67;3.6181685116190714
Corn_Oil_80_ZhengChenPelegYbaseSplit;valid;1;SG_11_2_1+AreaNormalization;pls;"{""n_components"": 18}";3.677;3.67121855866689
Corn_Oil_80_ZhengChenPelegYbaseSplit;valid;1;SG_11_2_1+AreaNormalization;pls;"{""n_components"": 18}";3.686;3.797827577769814
Corn_Oil_80_ZhengChenPelegYbaseSplit;valid;1;SG_11_2_1+AreaNormalization;pls;"{""n_components"": 18}";3.716;3.700847755000566
Corn_Oil_80_ZhengChenPelegYbaseSplit;valid;1;SG_11_2_1+AreaNormalization;pls;"{""n_components"": 18}";3.766;3.677779029572614
Corn_Oil_80_ZhengChenPelegYbaseSplit;valid;1;SG_11_2_1+AreaNormalization;pls;"{""n_components"": 18}";3.832;3.7057829920062035
Corn_Oil_80_ZhengChenPelegYbaseSplit;test;1;SG_11_2_1+AreaNormalization;pls;"{""n_components"": 18}";3.163;3.164022074979268
Corn_Oil_80_ZhengChenPelegYbaseSplit;test;1;SG_11_2_1+AreaNormalization;pls;"{""n_components"": 18}";3.226;3.205799821785602
Corn_Oil_80_ZhengChenPelegYbaseSplit;test;1;SG_11_2_1+AreaNormalization;pls;"{""n_components"": 18}";3.306;3.308735008358829
Corn_Oil_80_ZhengChenPelegYbaseSplit;test;1;SG_11_2_1+AreaNormalization;pls;"{""n_components"": 18}";3.363;3.5104026639400154
Corn_Oil_80_ZhengChenPelegYbaseSplit;test;1;SG_11_2_1+AreaNormalization;pls;"{""n_components"": 18}";3.417;3.4901571843934405
Corn_Oil_80_ZhengChenPelegYbaseSplit;test;1;SG_11_2_1+AreaNormalization;pls;"{""n_components"": 18}";3.446;3.566728595026173
Corn_Oil_80_ZhengChenPelegYbaseSplit;test;1;SG_11_2_1+AreaNormalization;pls;"{""n_components"": 18}";3.46;3.524022280039277
Corn_Oil_80_ZhengChenPelegYbaseSplit;test;1;SG_11_2_1+AreaNormalization;pls;"{""n_components"": 18}";3.494;3.430355354603462
Corn_Oil_80_ZhengChenPelegYbaseSplit;test;1;SG_11_2_1+AreaNormalization;pls;"{""n_components"": 18}";3.505;3.512362958098153
Corn_Oil_80_ZhengChenPelegYbaseSplit;test;1;SG_11_2_1+AreaNormalization;pls;"{""n_components"": 18}";3.541;3.5805221028945624
Corn_Oil_80_ZhengChenPelegYbaseSplit;test;1;SG_11_2_1+AreaNormalization;pls;"{""n_components"": 18}";3.569;3.50454936725305
Corn_Oil_80_ZhengChenPelegYbaseSplit;test;1;SG_11_2_1+AreaNormalization;pls;"{""n_components"": 18}";3.595;3.456554051462992
Corn_Oil_80_ZhengChenPelegYbaseSplit;test;1;SG_11_2_1+AreaNormalization;pls;"{""n_components"": 18}";3.661;3.5523151392319954
Corn_Oil_80_ZhengChenPelegYbaseSplit;test;1;SG_11_2_1+AreaNormalization;pls;"{""n_components"": 18}";3.687;3.6668457411820965
Corn_Oil_80_ZhengChenPelegYbaseSplit;test;1;SG_11_2_1+AreaNormalization;pls;"{""n_components"": 18}";3.72;3.6468455524720573
Corn_Oil_80_ZhengChenPelegYbaseSplit;test;1;SG_11_2_1+AreaNormalization;pls;"{""n_components"": 18}";3.82;3.7156623851864397
Corn_Oil_80_ZhengChenPelegYbaseSplit;valid;2;SG_11_2_1+AreaNormalization;pls;"{""n_components"": 18}";3.105;3.2748488009950805
Corn_Oil_80_ZhengChenPelegYbaseSplit;valid;2;SG_11_2_1+AreaNormalization;pls;"{""n_components"": 18}";3.212;3.2027405496805814
Corn_Oil_80_ZhengChenPelegYbaseSplit;valid;2;SG_11_2_1+AreaNormalization;pls;"{""n_components"": 18}";3.251;3.2954995929717144
Corn_Oil_80_ZhengChenPelegYbaseSplit;valid;2;SG_11_2_1+AreaNormalization;pls;"{""n_components"": 18}";3.306;3.250208080685635
Corn_Oil_80_ZhengChenPelegYbaseSplit;valid;2;SG_11_2_1+AreaNormalization;pls;"{""n_components"": 18}";3.38;3.3104162785946345
Corn_Oil_80_ZhengChenPelegYbaseSplit;valid;2;SG_11_2_1+AreaNormalization;pls;"{""n_components"": 18}";3.404;3.381395328711784
Corn_Oil_80_ZhengChenPelegYbaseSplit;valid;2;SG_11_2_1+AreaNormalization;pls;"{""n_components"": 18}";3.437;3.4415060065638237
Corn_Oil_80_ZhengChenPelegYbaseSplit;valid;2;SG_11_2_1+AreaNormalization;pls;"{""n_components"": 18}";3.449;3.4871841715049463
Corn_Oil_80_ZhengChenPelegYbaseSplit;valid;2;SG_11_2_1+AreaNormalization;pls;"{""n_components"": 18}";3.449;3.332125491438681
Corn_Oil_80_ZhengChenPelegYbaseSplit;valid;2;SG_11_2_1+AreaNormalization;pls;"{""n_components"": 18}";3.49;3.6622962283130858
Corn_Oil_80_ZhengChenPelegYbaseSplit;valid;2;SG_11_2_1+AreaNormalization;pls;"{""n_components"": 18}";3.491;3.4444289851549534
Corn_Oil_80_ZhengChenPelegYbaseSplit;valid;2;SG_11_2_1+AreaNormalization;pls;"{""n_components"": 18}";3.519;3.5878948754744844
Corn_Oil_80_ZhengChenPelegYbaseSplit;valid;2;SG_11_2_1+AreaNormalization;pls;"{""n_components"": 18}";3.557;3.4634986413091315
Corn_Oil_80_ZhengChenPelegYbaseSplit;valid;2;SG_11_2_1+AreaNormalization;pls;"{""n_components"": 18}";3.584;3.5955280955517774
Corn_Oil_80_ZhengChenPelegYbaseSplit;valid;2;SG_11_2_1+AreaNormalization;pls;"{""n_components"": 18}";3.59;3.6179110257095464
Corn_Oil_80_ZhengChenPelegYbaseSplit;valid;2;SG_11_2_1+AreaNormalization;pls;"{""n_components"": 18}";3.59;3.5625548845139794
Corn_Oil_80_ZhengChenPelegYbaseSplit;valid;2;SG_11_2_1+AreaNormalization;pls;"{""n_components"": 18}";3.652;3.5515133898001614
Corn_Oil_80_ZhengChenPelegYbaseSplit;valid;2;SG_11_2_1+AreaNormalization;pls;"{""n_components"": 18}";3.676;3.62031809376532
Corn_Oil_80_ZhengChenPelegYbaseSplit;valid;2;SG_11_2_1+AreaNormalization;pls;"{""n_components"": 18}";3.71;3.708606680087069
Corn_Oil_80_ZhengChenPelegYbaseSplit;valid;2;SG_11_2_1+AreaNormalization;pls;"{""n_components"": 18}";3.751;3.67494724565318
Corn_Oil_80_ZhengChenPelegYbaseSplit;valid;2;SG_11_2_1+AreaNormalization;pls;"{""n_components"": 18}";3.787;3.804913363799806
Corn_Oil_80_ZhengChenPelegYbaseSplit;test;2;SG_11_2_1+AreaNormalization;pls;"{""n_components"": 18}";3.163;3.075601478349595
Corn_Oil_80_ZhengChenPelegYbaseSplit;test;2;SG_11_2_1+AreaNormalization;pls;"{""n_components"": 18}";3.226;3.2231657913396283
Corn_Oil_80_ZhengChenPelegYbaseSplit;test;2;SG_11_2_1+AreaNormalization;pls;"{""n_components"": 18}";3.306;3.2861504845353964
Corn_Oil_80_ZhengChenPelegYbaseSplit;test;2;SG_11_2_1+AreaNormalization;pls;"{""n_components"": 18}";3.363;3.4805328184349134
Corn_Oil_80_ZhengChenPelegYbaseSplit;test;2;SG_11_2_1+AreaNormalization;pls;"{""n_components"": 18}";3.417;3.4489872889349633
Corn_Oil_80_ZhengChenPelegYbaseSplit;test;2;SG_11_2_1+AreaNormalization;pls;"{""n_components"": 18}";3.446;3.433880577073928
Corn_Oil_80_ZhengChenPelegYbaseSplit;test;2;SG_11_2_1+AreaNormalization;pls;"{""n_components"": 18}";3.46;3.464815889380551
Corn_Oil_80_ZhengChenPelegYbaseSplit;test;2;SG_11_2_1+AreaNormalization;pls;"{""n_components"": 18}";3.494;3.4705938456899594
Corn_Oil_80_ZhengChenPelegYbaseSplit;test;2;SG_11_2_1+AreaNormalization;pls;"{""n_components"": 18}";3.505;3.486958916096867
Corn_Oil_80_ZhengChenPelegYbaseSplit;test;2;SG_11_2_1+AreaNormalization;pls;"{""n_components"": 18}";3.541;3.507353655919395
Corn_Oil_80_ZhengChenPelegYbaseSplit;test;2;SG_11_2_1+AreaNormalization;pls;"{""n_components"": 18}";3.569;3.571634047327967
Corn_Oil_80_ZhengChenPelegYbaseSplit;test;2;SG_11_2_1+AreaNormalization;pls;"{""n_components"": 18}";3.595;3.4366430354055577
Corn_Oil_80_ZhengChenPelegYbaseSplit;test;2;SG_11_2_1+AreaNormalization;pls;"{""n_components"": 18}";3.661;3.631784867845344
Corn_Oil_80_ZhengChenPelegYbaseSplit;test;2;SG_11_2_1+AreaNormalization;pls;"{""n_components"": 18}";3.687;3.6429959056058396
Corn_Oil_80_ZhengChenPelegYbaseSplit;test;2;SG_11_2_1+AreaNormalization;pls;"{""n_components"": 18}";3.72;3.631400088202807
Corn_Oil_80_ZhengChenPelegYbaseSplit;test;2;SG_11_2_1+AreaNormalization;pls;"{""n_components"": 18}";3.82;3.8320374477107766
Corn_Oil_80_ZhengChenPelegYbaseSplit;valid;0;SG_15_2_1;pls;"{""n_components"": 26}";3.176;3.2011321988533434
Corn_Oil_80_ZhengChenPelegYbaseSplit;valid;0;SG_15_2_1;pls;"{""n_components"": 26}";3.201;3.2026796814949803
Corn_Oil_80_ZhengChenPelegYbaseSplit;valid;0;SG_15_2_1;pls;"{""n_components"": 26}";3.264;3.2539992534060276
Corn_Oil_80_ZhengChenPelegYbaseSplit;valid;0;SG_15_2_1;pls;"{""n_components"": 26}";3.28;3.2778228959502815
Corn_Oil_80_ZhengChenPelegYbaseSplit;valid;0;SG_15_2_1;pls;"{""n_components"": 26}";3.3;3.2936549147795295
Corn_Oil_80_ZhengChenPelegYbaseSplit;valid;0;SG_15_2_1;pls;"{""n_components"": 26}";3.345;3.391843517690867
Corn_Oil_80_ZhengChenPelegYbaseSplit;valid;0;SG_15_2_1;pls;"{""n_components"": 26}";3.415;3.410862430259791
Corn_Oil_80_ZhengChenPelegYbaseSplit;valid;0;SG_15_2_1;pls;"{""n_components"": 26}";3.424;3.416724804212761
Corn_Oil_80_ZhengChenPelegYbaseSplit;valid;0;SG_15_2_1;pls;"{""n_components"": 26}";3.435;3.424911224924389
Corn_Oil_80_ZhengChenPelegYbaseSplit;valid;0;SG_15_2_1;pls;"{""n_components"": 26}";3.451;3.4434663592807286
Corn_Oil_80_ZhengChenPelegYbaseSplit;valid;0;SG_15_2_1;pls;"{""n_components"": 26}";3.464;3.448466971625794
Corn_Oil_80_ZhengChenPelegYbaseSplit;valid;0;SG_15_2_1;pls;"{""n_components"": 26}";3.494;3.5425055077422667
Corn_Oil_80_ZhengChenPelegYbaseSplit;valid;0;SG_15_2_1;pls;"{""n_components"": 26}";3.504;3.500985883491599
Corn_Oil_80_ZhengChenPelegYbaseSplit;valid;0;SG_15_2_1;pls;"{""n_components"": 26}";3.524;3.557910976991099
Corn_Oil_80_ZhengChenPelegYbaseSplit;valid;0;SG_15_2_1;pls;"{""n_components"": 26}";3.539;3.5474913923669087
Corn_Oil_80_ZhengChenPelegYbaseSplit;valid;0;SG_15_2_1;pls;"{""n_components"": 26}";3.556;3.542735016754521
Corn_Oil_80_ZhengChenPelegYbaseSplit;valid;0;SG_15_2_1;pls;"{""n_components"": 26}";3.619;3.5951066498937734
Corn_Oil_80_ZhengChenPelegYbaseSplit;valid;0;SG_15_2_1;pls;"{""n_components"": 26}";3.645;3.64437807532197
Corn_Oil_80_ZhengChenPelegYbaseSplit;valid;0;SG_15_2_1;pls;"{""n_components"": 26}";3.693;3.6730304340669084
Corn_Oil_80_ZhengChenPelegYbaseSplit;valid;0;SG_15_2_1;pls;"{""n_components"": 26}";3.699;3.7067693186095254
Corn_Oil_80_ZhengChenPelegYbaseSplit;valid;0;SG_15_2_1;pls;"{""n_components"": 26}";3.748;3.734774669752828
Corn_Oil_80_ZhengChenPelegYbaseSplit;valid;0;SG_15_2_1;pls;"{""n_components"": 26}";3.822;3.8306678895209476
Corn_Oil_80_ZhengChenPelegYbaseSplit;test;0;SG_15_2_1;pls;"{""n_components"": 26}";3.163;3.0875500115733714
Corn_Oil_80_ZhengChenPelegYbaseSplit;test;0;SG_15_2_1;pls;"{""n_components"": 26}";3.226;3.210768828919216
Corn_Oil_80_ZhengChenPelegYbaseSplit;test;0;SG_15_2_1;pls;"{""n_components"": 26}";3.306;3.2909414052913393
Corn_Oil_80_ZhengChenPelegYbaseSplit;test;0;SG_15_2_1;pls;"{""n_components"": 26}";3.363;3.3856209547175813
Corn_Oil_80_ZhengChenPelegYbaseSplit;test;0;SG_15_2_1;pls;"{""n_components"": 26}";3.417;3.4140589249176725
Corn_Oil_80_ZhengChenPelegYbaseSplit;test;0;SG_15_2_1;pls;"{""n_components"": 26}";3.446;3.4755008906977016
Corn_Oil_80_ZhengChenPelegYbaseSplit;test;0;SG_15_2_1;pls;"{""n_components"": 26}";3.46;3.4837912590121793
Corn_Oil_80_ZhengChenPelegYbaseSplit;test;0;SG_15_2_1;pls;"{""n_components"": 26}";3.494;3.459093876559383
Corn_Oil_80_ZhengChenPelegYbaseSplit;test;0;SG_15_2_1;pls;"{""n_components"": 26}";3.505;3.4647197722849747
Corn_Oil_80_ZhengChenPelegYbaseSplit;test;0;SG_15_2_1;pls;"{""n_components"": 26}";3.541;3.551436380881249
Corn_Oil_80_ZhengChenPelegYbaseSplit;test;0;SG_15_2_1;pls;"{""n_components"": 26}";3.569;3.5069229712598107
Corn_Oil_80_ZhengChenPelegYbaseSplit;test;0;SG_15_2_1;pls;"{""n_components"": 26}";3.595;3.5960479906910248
Corn_Oil_80_ZhengChenPelegYbaseSplit;test;0;SG_15_2_1;pls;"{""n_components"": 26}";3.661;3.6280585482214462
Corn_Oil_80_ZhengChenPelegYbaseSplit;test;0;SG_15_2_1;pls;"{""n_components"": 26}";3.687;3.6944888881509437
Corn_Oil_80_ZhengChenPelegYbaseSplit;test;0;SG_15_2_1;pls;"{""n_components"": 26}";3.72;3.681473948578266
Corn_Oil_80_ZhengChenPelegYbaseSplit;test;0;SG_15_2_1;pls;"{""n_components"": 26}";3.82;3.7852846102897857
Corn_Oil_80_ZhengChenPelegYbaseSplit;valid;1;SG_15_2_1;pls;"{""n_components"": 26}";3.088;3.1190719828090643
Corn_Oil_80_ZhengChenPelegYbaseSplit;valid;1;SG_15_2_1;pls;"{""n_components"": 26}";3.212;3.1975831008842412
Corn_Oil_80_ZhengChenPelegYbaseSplit;valid;1;SG_15_2_1;pls;"{""n_components"": 26}";3.316;3.337739119391132
Corn_Oil_80_ZhengChenPelegYbaseSplit;valid;1;SG_15_2_1;pls;"{""n_components"": 26}";3.328;3.2963988274887215
Corn_Oil_80_ZhengChenPelegYbaseSplit;valid;1;SG_15_2_1;pls;"{""n_components"": 26}";3.407;3.3835162254064244
Corn_Oil_80_ZhengChenPelegYbaseSplit;valid;1;SG_15_2_1;pls;"{""n_components"": 26}";3.446;3.4055252717960025
Corn_Oil_80_ZhengChenPelegYbaseSplit;valid;1;SG_15_2_1;pls;"{""n_components"": 26}";3.457;3.4651589945227146
Corn_Oil_80_ZhengChenPelegYbaseSplit;valid;1;SG_15_2_1;pls;"{""n_components"": 26}";3.479;3.5214966120853934
Corn_Oil_80_ZhengChenPelegYbaseSplit;valid;1;SG_15_2_1;pls;"{""n_components"": 26}";3.496;3.4844234107508303
Corn_Oil_80_ZhengChenPelegYbaseSplit;valid;1;SG_15_2_1;pls;"{""n_components"": 26}";3.497;3.5150186829675
Corn_Oil_80_ZhengChenPelegYbaseSplit;valid;1;SG_15_2_1;pls;"{""n_components"": 26}";3.507;3.489267886155832
Corn_Oil_80_ZhengChenPelegYbaseSplit;valid;1;SG_15_2_1;pls;"{""n_components"": 26}";3.55;3.568429978737104
Corn_Oil_80_ZhengChenPelegYbaseSplit;valid;1;SG_15_2_1;pls;"{""n_components"": 26}";3.556;3.5652309782800224
Corn_Oil_80_ZhengChenPelegYbaseSplit;valid;1;SG_15_2_1;pls;"{""n_components"": 26}";3.583;3.5775534264170075
Corn_Oil_80_ZhengChenPelegYbaseSplit;valid;1;SG_15_2_1;pls;"{""n_components"": 26}";3.641;3.6180769289947206
Corn_Oil_80_ZhengChenPelegYbaseSplit;valid;1;SG_15_2_1;pls;"{""n_components"": 26}";3.67;3.6348048838883122
Corn_Oil_80_ZhengChenPelegYbaseSplit;valid;1;SG_15_2_1;pls;"{""n_components"": 26}";3.677;3.686655010926839
Corn_Oil_80_ZhengChenPelegYbaseSplit;valid;1;SG_15_2_1;pls;"{""n_components"": 26}";3.686;3.748246668126705
Corn_Oil_80_ZhengChenPelegYbaseSplit;valid;1;SG_15_2_1;pls;"{""n_components"": 26}";3.716;3.7290679890232483
Corn_Oil_80_ZhengChenPelegYbaseSplit;valid;1;SG_15_2_1;pls;"{""n_components"": 26}";3.766;3.8156386088252217
Corn_Oil_80_ZhengChenPelegYbaseSplit;valid;1;SG_15_2_1;pls;"{""n_components"": 26}";3.832;3.746383082855301
Corn_Oil_80_ZhengChenPelegYbaseSplit;test;1;SG_15_2_1;pls;"{""n_components"": 26}";3.163;3.136826170071428
Corn_Oil_80_ZhengChenPelegYbaseSplit;test;1;SG_15_2_1;pls;"{""n_components"": 26}";3.226;3.188026981720523
Corn_Oil_80_ZhengChenPelegYbaseSplit;test;1;SG_15_2_1;pls;"{""n_components"": 26}";3.306;3.2672769993792077
Corn_Oil_80_ZhengChenPelegYbaseSplit;test;1;SG_15_2_1;pls;"{""n_components"": 26}";3.363;3.3902325963475506
Corn_Oil_80_ZhengChenPelegYbaseSplit;test;1;SG_15_2_1;pls;"{""n_components"": 26}";3.417;3.444922338296815
Corn_Oil_80_ZhengChenPelegYbaseSplit;test;1;SG_15_2_1;pls;"{""n_components"": 26}";3.446;3.4743516296133845
Corn_Oil_80_ZhengChenPelegYbaseSplit;test;1;SG_15_2_1;pls;"{""n_components"": 26}";3.46;3.4937576518965723
Corn_Oil_80_ZhengChenPelegYbaseSplit;test;1;SG_15_2_1;pls;"{""n_components"": 26}";3.494;3.4796980858369877
Corn_Oil_80_ZhengChenPelegYbaseSplit;test;1;SG_15_2_1;pls;"{""n_components"": 26}";3.505;3.4808921551785517
Corn_Oil_80_ZhengChenPelegYbaseSplit;test;1;SG_15_2_1;pls;"{""n_components"": 26}";3.541;3.5434723078228463
Corn_Oil_80_ZhengChenPelegYbaseSplit;test;1;SG_15_2_1;pls;"{""n_components"": 26}";3.569;3.5143550881787786
Corn_Oil_80_ZhengChenPelegYbaseSplit;test;1;SG_15_2_1;pls;"{""n_components"": 26}";3.595;3.5730090231690776
Corn_Oil_80_ZhengChenPelegYbaseSplit;test;1;SG_15_2_1;pls;"{""n_components"": 26}";3.661;3.5921092702032
Corn_Oil_80_ZhengChenPelegYbaseSplit;test;1;SG_15_2_1;pls;"{""n_components"": 26}";3.687;3.7329312271152038
Corn_Oil_80_ZhengChenPelegYbaseSplit;test;1;SG_15_2_1;pls;"{""n_components"": 26}";3.72;3.7208304421929657
Corn_Oil_80_ZhengChenPelegYbaseSplit;test;1;SG_15_2_1;pls;"{""n_components"": 26}";3.82;3.7296651761440165
Corn_Oil_80_ZhengChenPelegYbaseSplit;valid;2;SG_15_2_1;pls;"{""n_components"": 26}";3.105;3.1242515738570287
Corn_Oil_80_ZhengChenPelegYbaseSplit;valid;2;SG_15_2_1;pls;"{""n_components"": 26}";3.212;3.209292673910972
Corn_Oil_80_ZhengChenPelegYbaseSplit;valid;2;SG_15_2_1;pls;"{""n_components"": 26}";3.251;3.3049432272988777
Corn_Oil_80_ZhengChenPelegYbaseSplit;valid;2;SG_15_2_1;pls;"{""n_components"": 26}";3.306;3.2692170619901386
Corn_Oil_80_ZhengChenPelegYbaseSplit;valid;2;SG_15_2_1;pls;"{""n_components"": 26}";3.38;3.33796773791007
Corn_Oil_80_ZhengChenPelegYbaseSplit;valid;2;SG_15_2_1;pls;"{""n_components"": 26}";3.404;3.3855811794961923
Corn_Oil_80_ZhengChenPelegYbaseSplit;valid;2;SG_15_2_1;pls;"{""n_components"": 26}";3.437;3.461081172143492
Corn_Oil_80_ZhengChenPelegYbaseSplit;valid;2;SG_15_2_1;pls;"{""n_components"": 26}";3.449;3.4484433062787234
Corn_Oil_80_ZhengChenPelegYbaseSplit;valid;2;SG_15_2_1;pls;"{""n_components"": 26}";3.449;3.4512946791530004
Corn_Oil_80_ZhengChenPelegYbaseSplit;valid;2;SG_15_2_1;pls;"{""n_components"": 26}";3.49;3.502837495734929
Corn_Oil_80_ZhengChenPelegYbaseSplit;valid;2;SG_15_2_1;pls;"{""n_components"": 26}";3.491;3.4820953214123316
Corn_Oil_80_ZhengChenPelegYbaseSplit;valid;2;SG_15_2_1;pls;"{""n_components"": 26}";3.519;3.509654050311088
Corn_Oil_80_ZhengChenPelegYbaseSplit;valid;2;SG_15_2_1;pls;"{""n_components"": 26}";3.557;3.5383007239893036
Corn_Oil_80_ZhengChenPelegYbaseSplit;valid;2;SG_15_2_1;pls;"{""n_components"": 26}";3.584;3.5489916942487545
Corn_Oil_80_ZhengChenPelegYbaseSplit;valid;2;SG_15_2_1;pls;"{""n_components"": 26}";3.59;3.5152830115333655
Corn_Oil_80_ZhengChenPelegYbaseSplit;valid;2;SG_15_2_1;pls;"{""n_components"": 26}";3.59;3.5616872216199864
Corn_Oil_80_ZhengChenPelegYbaseSplit;valid;2;SG_15_2_1;pls;"{""n_components"": 26}";3.652;3.665462781926416
Corn_Oil_80_ZhengChenPelegYbaseSplit;valid;2;SG_15_2_1;pls;"{""n_components"": 26}";3.676;3.6557802963091843
Corn_Oil_80_ZhengChenPelegYbaseSplit;valid;2;SG_15_2_1;pls;"{""n_components"": 26}";3.71;3.729476803634108
Corn_Oil_80_ZhengChenPelegYbaseSplit;valid;2;SG_15_2_1;pls;"{""n_components"": 26}";3.751;3.746709768920658
Corn_Oil_80_ZhengChenPelegYbaseSplit;valid;2;SG_15_2_1;pls;"{""n_components"": 26}";3.787;3.78790217957126
Corn_Oil_80_ZhengChenPelegYbaseSplit;test;2;SG_15_2_1;pls;"{""n_components"": 26}";3.163;3.157941171502822
Corn_Oil_80_ZhengChenPelegYbaseSplit;test;2;SG_15_2_1;pls;"{""n_components"": 26}";3.226;3.218133505027385
Corn_Oil_80_ZhengChenPelegYbaseSplit;test;2;SG_15_2_1;pls;"{""n_components"": 26}";3.306;3.2867193403624158
Corn_Oil_80_ZhengChenPelegYbaseSplit;test;2;SG_15_2_1;pls;"{""n_components"": 26}";3.363;3.348260513719705
Corn_Oil_80_ZhengChenPelegYbaseSplit;test;2;SG_15_2_1;pls;"{""n_components"": 26}";3.417;3.4359725657480573
Corn_Oil_80_ZhengChenPelegYbaseSplit;test;2;SG_15_2_1;pls;"{""n_components"": 26}";3.446;3.479902034707805
Corn_Oil_80_ZhengChenPelegYbaseSplit;test;2;SG_15_2_1;pls;"{""n_components"": 26}";3.46;3.4412401833701507
Corn_Oil_80_ZhengChenPelegYbaseSplit;test;2;SG_15_2_1;pls;"{""n_components"": 26}";3.494;3.4869575415717153
Corn_Oil_80_ZhengChenPelegYbaseSplit;test;2;SG_15_2_1;pls;"{""n_components"": 26}";3.505;3.4875324929472393
Corn_Oil_80_ZhengChenPelegYbaseSplit;test;2;SG_15_2_1;pls;"{""n_components"": 26}";3.541;3.5426002196308493
Corn_Oil_80_ZhengChenPelegYbaseSplit;test;2;SG_15_2_1;pls;"{""n_components"": 26}";3.569;3.503764857835996
Corn_Oil_80_ZhengChenPelegYbaseSplit;test;2;SG_15_2_1;pls;"{""n_components"": 26}";3.595;3.617306726363192
Corn_Oil_80_ZhengChenPelegYbaseSplit;test;2;SG_15_2_1;pls;"{""n_components"": 26}";3.661;3.630252346053064
Corn_Oil_80_ZhengChenPelegYbaseSplit;test;2;SG_15_2_1;pls;"{""n_components"": 26}";3.687;3.710421720083998
Corn_Oil_80_ZhengChenPelegYbaseSplit;test;2;SG_15_2_1;pls;"{""n_components"": 26}";3.72;3.684243463426077
Corn_Oil_80_ZhengChenPelegYbaseSplit;test;2;SG_15_2_1;pls;"{""n_components"": 26}";3.82;3.790216216305936
Corn_Oil_80_ZhengChenPelegYbaseSplit;valid;0;SG_15_2_1+Haar;pls;"{""n_components"": 15}";3.176;3.193296818697423
Corn_Oil_80_ZhengChenPelegYbaseSplit;valid;0;SG_15_2_1+Haar;pls;"{""n_components"": 15}";3.201;3.208765817692473
Corn_Oil_80_ZhengChenPelegYbaseSplit;valid;0;SG_15_2_1+Haar;pls;"{""n_components"": 15}";3.264;3.2740697701315633
Corn_Oil_80_ZhengChenPelegYbaseSplit;valid;0;SG_15_2_1+Haar;pls;"{""n_components"": 15}";3.28;3.3224922858457235
Corn_Oil_80_ZhengChenPelegYbaseSplit;valid;0;SG_15_2_1+Haar;pls;"{""n_components"": 15}";3.3;3.328828836372508
Corn_Oil_80_ZhengChenPelegYbaseSplit;valid;0;SG_15_2_1+Haar;pls;"{""n_components"": 15}";3.345;3.341144963460358
Corn_Oil_80_ZhengChenPelegYbaseSplit;valid;0;SG_15_2_1+Haar;pls;"{""n_components"": 15}";3.415;3.408956320009656
Corn_Oil_80_ZhengChenPelegYbaseSplit;valid;0;SG_15_2_1+Haar;pls;"{""n_components"": 15}";3.424;3.4561006956159477
Corn_Oil_80_ZhengChenPelegYbaseSplit;valid;0;SG_15_2_1+Haar;pls;"{""n_components"": 15}";3.435;3.4474198769798976
Corn_Oil_80_ZhengChenPelegYbaseSplit;valid;0;SG_15_2_1+Haar;pls;"{""n_components"": 15}";3.451;3.4432354986616223
Corn_Oil_80_ZhengChenPelegYbaseSplit;valid;0;SG_15_2_1+Haar;pls;"{""n_components"": 15}";3.464;3.4672498869427697
Corn_Oil_80_ZhengChenPelegYbaseSplit;valid;0;SG_15_2_1+Haar;pls;"{""n_components"": 15}";3.494;3.527757518738405
Corn_Oil_80_ZhengChenPelegYbaseSplit;valid;0;SG_15_2_1+Haar;pls;"{""n_components"": 15}";3.504;3.496970261771266
Corn_Oil_80_ZhengChenPelegYbaseSplit;valid;0;SG_15_2_1+Haar;pls;"{""n_components"": 15}";3.524;3.527510457835668
Corn_Oil_80_ZhengChenPelegYbaseSplit;valid;0;SG_15_2_1+Haar;pls;"{""n_components"": 15}";3.539;3.527185527186334
Corn_Oil_80_ZhengChenPelegYbaseSplit;valid;0;SG_15_2_1+Haar;pls;"{""n_components"": 15}";3.556;3.597963181483419
Corn_Oil_80_ZhengChenPelegYbaseSplit;valid;0;SG_15_2_1+Haar;pls;"{""n_components"": 15}";3.619;3.6319934848340902
Corn_Oil_80_ZhengChenPelegYbaseSplit;valid;0;SG_15_2_1+Haar;pls;"{""n_components"": 15}";3.645;3.6297977607481093
Corn_Oil_80_ZhengChenPelegYbaseSplit;valid;0;SG_15_2_1+Haar;pls;"{""n_components"": 15}";3.693;3.6710954793869552
Corn_Oil_80_ZhengChenPelegYbaseSplit;valid;0;SG_15_2_1+Haar;pls;"{""n_components"": 15}";3.699;3.676044154804149
Corn_Oil_80_ZhengChenPelegYbaseSplit;valid;0;SG_15_2_1+Haar;pls;"{""n_components"": 15}";3.748;3.7159231579628966
Corn_Oil_80_ZhengChenPelegYbaseSplit;valid;0;SG_15_2_1+Haar;pls;"{""n_components"": 15}";3.822;3.8250660663349256
Corn_Oil_80_ZhengChenPelegYbaseSplit;test;0;SG_15_2_1+Haar;pls;"{""n_components"": 15}";3.163;3.1444460236144454
Corn_Oil_80_ZhengChenPelegYbaseSplit;test;0;SG_15_2_1+Haar;pls;"{""n_components"": 15}";3.226;3.257359160608093
Corn_Oil_80_ZhengChenPelegYbaseSplit;test;0;SG_15_2_1+Haar;pls;"{""n_components"": 15}";3.306;3.2822105073172443
Corn_Oil_80_ZhengChenPelegYbaseSplit;test;0;SG_15_2_1+Haar;pls;"{""n_components"": 15}";3.363;3.382862932375953
Corn_Oil_80_ZhengChenPelegYbaseSplit;test;0;SG_15_2_1+Haar;pls;"{""n_components"": 15}";3.417;3.426520190042912
Corn_Oil_80_ZhengChenPelegYbaseSplit;test;0;SG_15_2_1+Haar;pls;"{""n_components"": 15}";3.446;3.481234323698491
Corn_Oil_80_ZhengChenPelegYbaseSplit;test;0;SG_15_2_1+Haar;pls;"{""n_components"": 15}";3.46;3.4437127037253163
Corn_Oil_80_ZhengChenPelegYbaseSplit;test;0;SG_15_2_1+Haar;pls;"{""n_components"": 15}";3.494;3.507242270223987
Corn_Oil_80_ZhengChenPelegYbaseSplit;test;0;SG_15_2_1+Haar;pls;"{""n_components"": 15}";3.505;3.4770952216456856
Corn_Oil_80_ZhengChenPelegYbaseSplit;test;0;SG_15_2_1+Haar;pls;"{""n_components"": 15}";3.541;3.538530325658547
Corn_Oil_80_ZhengChenPelegYbaseSplit;test;0;SG_15_2_1+Haar;pls;"{""n_components"": 15}";3.569;3.5267491335357293
Corn_Oil_80_ZhengChenPelegYbaseSplit;test;0;SG_15_2_1+Haar;pls;"{""n_components"": 15}";3.595;3.6057550776658003
Corn_Oil_80_ZhengChenPelegYbaseSplit;test;0;SG_15_2_1+Haar;pls;"{""n_components"": 15}";3.661;3.6177857251611614
Corn_Oil_80_ZhengChenPelegYbaseSplit;test;0;SG_15_2_1+Haar;pls;"{""n_components"": 15}";3.687;3.6512958517833765
Corn_Oil_80_ZhengChenPelegYbaseSplit;test;0;SG_15_2_1+Haar;pls;"{""n_components"": 15}";3.72;3.670217548021925
Corn_Oil_80_ZhengChenPelegYbaseSplit;test;0;SG_15_2_1+Haar;pls;"{""n_components"": 15}";3.82;3.7793148259829104
Corn_Oil_80_ZhengChenPelegYbaseSplit;valid;1;SG_15_2_1+Haar;pls;"{""n_components"": 15}";3.088;3.167000609112013
Corn_Oil_80_ZhengChenPelegYbaseSplit;valid;1;SG_15_2_1+Haar;pls;"{""n_components"": 15}";3.212;3.1735995491124456
Corn_Oil_80_ZhengChenPelegYbaseSplit;valid;1;SG_15_2_1+Haar;pls;"{""n_components"": 15}";3.316;3.334762191908054
Corn_Oil_80_ZhengChenPelegYbaseSplit;valid;1;SG_15_2_1+Haar;pls;"{""n_components"": 15}";3.328;3.284016774976637
Corn_Oil_80_ZhengChenPelegYbaseSplit;valid;1;SG_15_2_1+Haar;pls;"{""n_components"": 15}";3.407;3.368249674778789
Corn_Oil_80_ZhengChenPelegYbaseSplit;valid;1;SG_15_2_1+Haar;pls;"{""n_components"": 15}";3.446;3.454296615271898
Corn_Oil_80_ZhengChenPelegYbaseSplit;valid;1;SG_15_2_1+Haar;pls;"{""n_components"": 15}";3.457;3.4920482949184066
Corn_Oil_80_ZhengChenPelegYbaseSplit;valid;1;SG_15_2_1+Haar;pls;"{""n_components"": 15}";3.479;3.5153789117004943
Corn_Oil_80_ZhengChenPelegYbaseSplit;valid;1;SG_15_2_1+Haar;pls;"{""n_components"": 15}";3.496;3.4888755644103444
Corn_Oil_80_ZhengChenPelegYbaseSplit;valid;1;SG_15_2_1+Haar;pls;"{""n_components"": 15}";3.497;3.522162969212894
Corn_Oil_80_ZhengChenPelegYbaseSplit;valid;1;SG_15_2_1+Haar;pls;"{""n_components"": 15}";3.507;3.487614819710248
Corn_Oil_80_ZhengChenPelegYbaseSplit;valid;1;SG_15_2_1+Haar;pls;"{""n_components"": 15}";3.55;3.564870641314948
Corn_Oil_80_ZhengChenPelegYbaseSplit;valid;1;SG_15_2_1+Haar;pls;"{""n_components"": 15}";3.556;3.596152229302189
Corn_Oil_80_ZhengChenPelegYbaseSplit;valid;1;SG_15_2_1+Haar;pls;"{""n_components"": 15}";3.583;3.6051335314631903
Corn_Oil_80_ZhengChenPelegYbaseSplit;valid;1;SG_15_2_1+Haar;pls;"{""n_components"": 15}";3.641;3.6428608006296344
Corn_Oil_80_ZhengChenPelegYbaseSplit;valid;1;SG_15_2_1+Haar;pls;"{""n_components"": 15}";3.67;3.6483892122815313
Corn_Oil_80_ZhengChenPelegYbaseSplit;valid;1;SG_15_2_1+Haar;pls;"{""n_components"": 15}";3.677;3.719237736271446
Corn_Oil_80_ZhengChenPelegYbaseSplit;valid;1;SG_15_2_1+Haar;pls;"{""n_components"": 15}";3.686;3.691347143564749
Corn_Oil_80_ZhengChenPelegYbaseSplit;valid;1;SG_15_2_1+Haar;pls;"{""n_components"": 15}";3.716;3.701937348782855
Corn_Oil_80_ZhengChenPelegYbaseSplit;valid;1;SG_15_2_1+Haar;pls;"{""n_components"": 15}";3.766;3.832732698882999
Corn_Oil_80_ZhengChenPelegYbaseSplit;valid;1;SG_15_2_1+Haar;pls;"{""n_components"": 15}";3.832;3.801394052361969
Corn_Oil_80_ZhengChenPelegYbaseSplit;test;1;SG_15_2_1+Haar;pls;"{""n_components"": 15}";3.163;3.1462958485753743
Corn_Oil_80_ZhengChenPelegYbaseSplit;test;1;SG_15_2_1+Haar;pls;"{""n_components"": 15}";3.226;3.23567754544716
Corn_Oil_80_ZhengChenPelegYbaseSplit;test;1;SG_15_2_1+Haar;pls;"{""n_components"": 15}";3.306;3.2727345027327504
Corn_Oil_80_ZhengChenPelegYbaseSplit;test;1;SG_15_2_1+Haar;pls;"{""n_components"": 15}";3.363;3.3571461533295013
Corn_Oil_80_ZhengChenPelegYbaseSplit;test;1;SG_15_2_1+Haar;pls;"{""n_components"": 15}";3.417;3.4190161814610374
Corn_Oil_80_ZhengChenPelegYbaseSplit;test;1;SG_15_2_1+Haar;pls;"{""n_components"": 15}";3.446;3.5028041032146877
Corn_Oil_80_ZhengChenPelegYbaseSplit;test;1;SG_15_2_1+Haar;pls;"{""n_components"": 15}";3.46;3.5085033635949863
Corn_Oil_80_ZhengChenPelegYbaseSplit;test;1;SG_15_2_1+Haar;pls;"{""n_components"": 15}";3.494;3.4972233800875054
Corn_Oil_80_ZhengChenPelegYbaseSplit;test;1;SG_15_2_1+Haar;pls;"{""n_components"": 15}";3.505;3.4841691874770224
Corn_Oil_80_ZhengChenPelegYbaseSplit;test;1;SG_15_2_1+Haar;pls;"{""n_components"": 15}";3.541;3.5566747843641306
Corn_Oil_80_ZhengChenPelegYbaseSplit;test;1;SG_15_2_1+Haar;pls;"{""n_components"": 15}";3.569;3.480487540437202
Corn_Oil_80_ZhengChenPelegYbaseSplit;test;1;SG_15_2_1+Haar;pls;"{""n_components"": 15}";3.595;3.590845935793512
Corn_Oil_80_ZhengChenPelegYbaseSplit;test;1;SG_15_2_1+Haar;pls;"{""n_components"": 15}";3.661;3.617034419201886
Corn_Oil_80_ZhengChenPelegYbaseSplit;test;1;SG_15_2_1+Haar;pls;"{""n_components"": 15}";3.687;3.697225658552331
Corn_Oil_80_ZhengChenPelegYbaseSplit;test;1;SG_15_2_1+Haar;pls;"{""n_components"": 15}";3.72;3.69949692029848
Corn_Oil_80_ZhengChenPelegYbaseSplit;test;1;SG_15_2_1+Haar;pls;"{""n_components"": 15}";3.82;3.710320661640032
Corn_Oil_80_ZhengChenPelegYbaseSplit;valid;2;SG_15_2_1+Haar;pls;"{""n_components"": 15}";3.105;3.1090463171470315
Corn_Oil_80_ZhengChenPelegYbaseSplit;valid;2;SG_15_2_1+Haar;pls;"{""n_components"": 15}";3.212;3.212339342007747
Corn_Oil_80_ZhengChenPelegYbaseSplit;valid;2;SG_15_2_1+Haar;pls;"{""n_components"": 15}";3.251;3.2885990768013014
Corn_Oil_80_ZhengChenPelegYbaseSplit;valid;2;SG_15_2_1+Haar;pls;"{""n_components"": 15}";3.306;3.2825417630846307
Corn_Oil_80_ZhengChenPelegYbaseSplit;valid;2;SG_15_2_1+Haar;pls;"{""n_components"": 15}";3.38;3.344700169713491
Corn_Oil_80_ZhengChenPelegYbaseSplit;valid;2;SG_15_2_1+Haar;pls;"{""n_components"": 15}";3.404;3.3875165690571003
Corn_Oil_80_ZhengChenPelegYbaseSplit;valid;2;SG_15_2_1+Haar;pls;"{""n_components"": 15}";3.437;3.479414313429752
Corn_Oil_80_ZhengChenPelegYbaseSplit;valid;2;SG_15_2_1+Haar;pls;"{""n_components"": 15}";3.449;3.4657467883215163
Corn_Oil_80_ZhengChenPelegYbaseSplit;valid;2;SG_15_2_1+Haar;pls;"{""n_components"": 15}";3.449;3.44727786814824
Corn_Oil_80_ZhengChenPelegYbaseSplit;valid;2;SG_15_2_1+Haar;pls;"{""n_components"": 15}";3.49;3.453993861073655
Corn_Oil_80_ZhengChenPelegYbaseSplit;valid;2;SG_15_2_1+Haar;pls;"{""n_components"": 15}";3.491;3.494668391927436
Corn_Oil_80_ZhengChenPelegYbaseSplit;valid;2;SG_15_2_1+Haar;pls;"{""n_components"": 15}";3.519;3.4957813588218123
Corn_Oil_80_ZhengChenPelegYbaseSplit;valid;2;SG_15_2_1+Haar;pls;"{""n_components"": 15}";3.557;3.526492288503376
Corn_Oil_80_ZhengChenPelegYbaseSplit;valid;2;SG_15_2_1+Haar;pls;"{""n_components"": 15}";3.584;3.5294522166752156
Corn_Oil_80_ZhengChenPelegYbaseSplit;valid;2;SG_15_2_1+Haar;pls;"{""n_components"": 15}";3.59;3.518695937567333
Corn_Oil_80_ZhengChenPelegYbaseSplit;valid;2;SG_15_2_1+Haar;pls;"{""n_components"": 15}";3.59;3.6029555131603495
Corn_Oil_80_ZhengChenPelegYbaseSplit;valid;2;SG_15_2_1+Haar;pls;"{""n_components"": 15}";3.652;3.6661880116938206
Corn_Oil_80_ZhengChenPelegYbaseSplit;valid;2;SG_15_2_1+Haar;pls;"{""n_components"": 15}";3.676;3.64925132404151
Corn_Oil_80_ZhengChenPelegYbaseSplit;valid;2;SG_15_2_1+Haar;pls;"{""n_components"": 15}";3.71;3.7030856157655037
Corn_Oil_80_ZhengChenPelegYbaseSplit;valid;2;SG_15_2_1+Haar;pls;"{""n_components"": 15}";3.751;3.730586175075676
Corn_Oil_80_ZhengChenPelegYbaseSplit;valid;2;SG_15_2_1+Haar;pls;"{""n_components"": 15}";3.787;3.802138058736284
Corn_Oil_80_ZhengChenPelegYbaseSplit;test;2;SG_15_2_1+Haar;pls;"{""n_components"": 15}";3.163;3.15743561752169
Corn_Oil_80_ZhengChenPelegYbaseSplit;test;2;SG_15_2_1+Haar;pls;"{""n_components"": 15}";3.226;3.2533012533879107
Corn_Oil_80_ZhengChenPelegYbaseSplit;test;2;SG_15_2_1+Haar;pls;"{""n_components"": 15}";3.306;3.2548127875809096
Corn_Oil_80_ZhengChenPelegYbaseSplit;test;2;SG_15_2_1+Haar;pls;"{""n_components"": 15}";3.363;3.3664358785195128
Corn_Oil_80_ZhengChenPelegYbaseSplit;test;2;SG_15_2_1+Haar;pls;"{""n_components"": 15}";3.417;3.4253158147786533
Corn_Oil_80_ZhengChenPelegYbaseSplit;test;2;SG_15_2_1+Haar;pls;"{""n_components"": 15}";3.446;3.468005782821729
Corn_Oil_80_ZhengChenPelegYbaseSplit;test;2;SG_15_2_1+Haar;pls;"{""n_components"": 15}";3.46;3.4680475930256294
Corn_Oil_80_ZhengChenPelegYbaseSplit;test;2;SG_15_2_1+Haar;pls;"{""n_components"": 15}";3.494;3.5089831275596164
Corn_Oil_80_ZhengChenPelegYbaseSplit;test;2;SG_15_2_1+Haar;pls;"{""n_components"": 15}";3.505;3.4898757967612
Corn_Oil_80_ZhengChenPelegYbaseSplit;test;2;SG_15_2_1+Haar;pls;"{""n_components"": 15}";3.541;3.551240011119186
Corn_Oil_80_ZhengChenPelegYbaseSplit;test;2;SG_15_2_1+Haar;pls;"{""n_components"": 15}";3.569;3.486776436871349
Corn_Oil_80_ZhengChenPelegYbaseSplit;test;2;SG_15_2_1+Haar;pls;"{""n_components"": 15}";3.595;3.596314925654606
Corn_Oil_80_ZhengChenPelegYbaseSplit;test;2;SG_15_2_1+Haar;pls;"{""n_components"": 15}";3.661;3.6132650186393196
Corn_Oil_80_ZhengChenPelegYbaseSplit;test;2;SG_15_2_1+Haar;pls;"{""n_components"": 15}";3.687;3.665270376091568
Corn_Oil_80_ZhengChenPelegYbaseSplit;test;2;SG_15_2_1+Haar;pls;"{""n_components"": 15}";3.72;3.6775233697591228
Corn_Oil_80_ZhengChenPelegYbaseSplit;test;2;SG_15_2_1+Haar;pls;"{""n_components"": 15}";3.82;3.761099180378883
Corn_Oil_80_ZhengChenPelegYbaseSplit;valid;0;SG_15_2_1+AreaNormalization;pls;"{""n_components"": 18}";3.176;3.164081886697655
Corn_Oil_80_ZhengChenPelegYbaseSplit;valid;0;SG_15_2_1+AreaNormalization;pls;"{""n_components"": 18}";3.201;3.2713238806545464
Corn_Oil_80_ZhengChenPelegYbaseSplit;valid;0;SG_15_2_1+AreaNormalization;pls;"{""n_components"": 18}";3.264;3.259359484405402
Corn_Oil_80_ZhengChenPelegYbaseSplit;valid;0;SG_15_2_1+AreaNormalization;pls;"{""n_components"": 18}";3.28;3.341565838819836
Corn_Oil_80_ZhengChenPelegYbaseSplit;valid;0;SG_15_2_1+AreaNormalization;pls;"{""n_components"": 18}";3.3;3.3040355510770483
Corn_Oil_80_ZhengChenPelegYbaseSplit;valid;0;SG_15_2_1+AreaNormalization;pls;"{""n_components"": 18}";3.345;3.3835358318133606
Corn_Oil_80_ZhengChenPelegYbaseSplit;valid;0;SG_15_2_1+AreaNormalization;pls;"{""n_components"": 18}";3.415;3.3488284832182216
Corn_Oil_80_ZhengChenPelegYbaseSplit;valid;0;SG_15_2_1+AreaNormalization;pls;"{""n_components"": 18}";3.424;3.4594830018426945
Corn_Oil_80_ZhengChenPelegYbaseSplit;valid;0;SG_15_2_1+AreaNormalization;pls;"{""n_components"": 18}";3.435;3.510203325206536
Corn_Oil_80_ZhengChenPelegYbaseSplit;valid;0;SG_15_2_1+AreaNormalization;pls;"{""n_components"": 18}";3.451;3.4366126360192975
Corn_Oil_80_ZhengChenPelegYbaseSplit;valid;0;SG_15_2_1+AreaNormalization;pls;"{""n_components"": 18}";3.464;3.400815274405414
Corn_Oil_80_ZhengChenPelegYbaseSplit;valid;0;SG_15_2_1+AreaNormalization;pls;"{""n_components"": 18}";3.494;3.624489927621729
Corn_Oil_80_ZhengChenPelegYbaseSplit;valid;0;SG_15_2_1+AreaNormalization;pls;"{""n_components"": 18}";3.504;3.563222347679778
Corn_Oil_80_ZhengChenPelegYbaseSplit;valid;0;SG_15_2_1+AreaNormalization;pls;"{""n_components"": 18}";3.524;3.448900139607679
Corn_Oil_80_ZhengChenPelegYbaseSplit;valid;0;SG_15_2_1+AreaNormalization;pls;"{""n_components"": 18}";3.539;3.531418839128838
Corn_Oil_80_ZhengChenPelegYbaseSplit;valid;0;SG_15_2_1+AreaNormalization;pls;"{""n_components"": 18}";3.556;3.5350250772277563
Corn_Oil_80_ZhengChenPelegYbaseSplit;valid;0;SG_15_2_1+AreaNormalization;pls;"{""n_components"": 18}";3.619;3.6411111701964995
Corn_Oil_80_ZhengChenPelegYbaseSplit;valid;0;SG_15_2_1+AreaNormalization;pls;"{""n_components"": 18}";3.645;3.5973859043072256
Corn_Oil_80_ZhengChenPelegYbaseSplit;valid;0;SG_15_2_1+AreaNormalization;pls;"{""n_components"": 18}";3.693;3.7220066111882097
Corn_Oil_80_ZhengChenPelegYbaseSplit;valid;0;SG_15_2_1+AreaNormalization;pls;"{""n_components"": 18}";3.699;3.721573349519783
Corn_Oil_80_ZhengChenPelegYbaseSplit;valid;0;SG_15_2_1+AreaNormalization;pls;"{""n_components"": 18}";3.748;3.7094188507649832
Corn_Oil_80_ZhengChenPelegYbaseSplit;valid;0;SG_15_2_1+AreaNormalization;pls;"{""n_components"": 18}";3.822;3.8632706632433265
Corn_Oil_80_ZhengChenPelegYbaseSplit;test;0;SG_15_2_1+AreaNormalization;pls;"{""n_components"": 18}";3.163;3.1263354006113087
Corn_Oil_80_ZhengChenPelegYbaseSplit;test;0;SG_15_2_1+AreaNormalization;pls;"{""n_components"": 18}";3.226;3.182858137586554
Corn_Oil_80_ZhengChenPelegYbaseSplit;test;0;SG_15_2_1+AreaNormalization;pls;"{""n_components"": 18}";3.306;3.385707665926578
Corn_Oil_80_ZhengChenPelegYbaseSplit;test;0;SG_15_2_1+AreaNormalization;pls;"{""n_components"": 18}";3.363;3.469118963674546
Corn_Oil_80_ZhengChenPelegYbaseSplit;test;0;SG_15_2_1+AreaNormalization;pls;"{""n_components"": 18}";3.417;3.4854292965474176
Corn_Oil_80_ZhengChenPelegYbaseSplit;test;0;SG_15_2_1+AreaNormalization;pls;"{""n_components"": 18}";3.446;3.465491250679845
Corn_Oil_80_ZhengChenPelegYbaseSplit;test;0;SG_15_2_1+AreaNormalization;pls;"{""n_components"": 18}";3.46;3.3734615207677416
Corn_Oil_80_ZhengChenPelegYbaseSplit;test;0;SG_15_2_1+AreaNormalization;pls;"{""n_components"": 18}";3.494;3.5509283747945934
Corn_Oil_80_ZhengChenPelegYbaseSplit;test;0;SG_15_2_1+AreaNormalization;pls;"{""n_components"": 18}";3.505;3.548976730961439
Corn_Oil_80_ZhengChenPelegYbaseSplit;test;0;SG_15_2_1+AreaNormalization;pls;"{""n_components"": 18}";3.541;3.573205124240847
Corn_Oil_80_ZhengChenPelegYbaseSplit;test;0;SG_15_2_1+AreaNormalization;pls;"{""n_components"": 18}";3.569;3.5252688818146782
Corn_Oil_80_ZhengChenPelegYbaseSplit;test;0;SG_15_2_1+AreaNormalization;pls;"{""n_components"": 18}";3.595;3.5558533217409014
Corn_Oil_80_ZhengChenPelegYbaseSplit;test;0;SG_15_2_1+AreaNormalization;pls;"{""n_components"": 18}";3.661;3.6164925312921716
Corn_Oil_80_ZhengChenPelegYbaseSplit;test;0;SG_15_2_1+AreaNormalization;pls;"{""n_components"": 18}";3.687;3.6498596907156586
Corn_Oil_80_ZhengChenPelegYbaseSplit;test;0;SG_15_2_1+AreaNormalization;pls;"{""n_components"": 18}";3.72;3.592817095522267
Corn_Oil_80_ZhengChenPelegYbaseSplit;test;0;SG_15_2_1+AreaNormalization;pls;"{""n_components"": 18}";3.82;3.7910757260482324
Corn_Oil_80_ZhengChenPelegYbaseSplit;valid;1;SG_15_2_1+AreaNormalization;pls;"{""n_components"": 18}";3.088;3.1761693220792004
Corn_Oil_80_ZhengChenPelegYbaseSplit;valid;1;SG_15_2_1+AreaNormalization;pls;"{""n_components"": 18}";3.212;3.2685996523051517
Corn_Oil_80_ZhengChenPelegYbaseSplit;valid;1;SG_15_2_1+AreaNormalization;pls;"{""n_components"": 18}";3.316;3.3161177336495817
Corn_Oil_80_ZhengChenPelegYbaseSplit;valid;1;SG_15_2_1+AreaNormalization;pls;"{""n_components"": 18}";3.328;3.221978730483543
Corn_Oil_80_ZhengChenPelegYbaseSplit;valid;1;SG_15_2_1+AreaNormalization;pls;"{""n_components"": 18}";3.407;3.3941439494498886
Corn_Oil_80_ZhengChenPelegYbaseSplit;valid;1;SG_15_2_1+AreaNormalization;pls;"{""n_components"": 18}";3.446;3.450250988844658
Corn_Oil_80_ZhengChenPelegYbaseSplit;valid;1;SG_15_2_1+AreaNormalization;pls;"{""n_components"": 18}";3.457;3.4979139592393103
Corn_Oil_80_ZhengChenPelegYbaseSplit;valid;1;SG_15_2_1+AreaNormalization;pls;"{""n_components"": 18}";3.479;3.550901267487249
Corn_Oil_80_ZhengChenPelegYbaseSplit;valid;1;SG_15_2_1+AreaNormalization;pls;"{""n_components"": 18}";3.496;3.5081585686518237
Corn_Oil_80_ZhengChenPelegYbaseSplit;valid;1;SG_15_2_1+AreaNormalization;pls;"{""n_components"": 18}";3.497;3.6464089324988924
Corn_Oil_80_ZhengChenPelegYbaseSplit;valid;1;SG_15_2_1+AreaNormalization;pls;"{""n_components"": 18}";3.507;3.4312521489738512
Corn_Oil_80_ZhengChenPelegYbaseSplit;valid;1;SG_15_2_1+AreaNormalization;pls;"{""n_components"": 18}";3.55;3.54865448615016
Corn_Oil_80_ZhengChenPelegYbaseSplit;valid;1;SG_15_2_1+AreaNormalization;pls;"{""n_components"": 18}";3.556;3.497784147937562
Corn_Oil_80_ZhengChenPelegYbaseSplit;valid;1;SG_15_2_1+AreaNormalization;pls;"{""n_components"": 18}";3.583;3.6228243763133263
Corn_Oil_80_ZhengChenPelegYbaseSplit;valid;1;SG_15_2_1+AreaNormalization;pls;"{""n_components"": 18}";3.641;3.561125705230703
Corn_Oil_80_ZhengChenPelegYbaseSplit;valid;1;SG_15_2_1+AreaNormalization;pls;"{""n_components"": 18}";3.67;3.6038281361608235
Corn_Oil_80_ZhengChenPelegYbaseSplit;valid;1;SG_15_2_1+AreaNormalization;pls;"{""n_components"": 18}";3.677;3.6725686405549105
Corn_Oil_80_ZhengChenPelegYbaseSplit;valid;1;SG_15_2_1+AreaNormalization;pls;"{""n_components"": 18}";3.686;3.865249829530864
Corn_Oil_80_ZhengChenPelegYbaseSplit;valid;1;SG_15_2_1+AreaNormalization;pls;"{""n_components"": 18}";3.716;3.71184051962447
Corn_Oil_80_ZhengChenPelegYbaseSplit;valid;1;SG_15_2_1+AreaNormalization;pls;"{""n_components"": 18}";3.766;3.696675108962808
Corn_Oil_80_ZhengChenPelegYbaseSplit;valid;1;SG_15_2_1+AreaNormalization;pls;"{""n_components"": 18}";3.832;3.718564104244983
Corn_Oil_80_ZhengChenPelegYbaseSplit;test;1;SG_15_2_1+AreaNormalization;pls;"{""n_components"": 18}";3.163;3.1526313961189034
Corn_Oil_80_ZhengChenPelegYbaseSplit;test;1;SG_15_2_1+AreaNormalization;pls;"{""n_components"": 18}";3.226;3.1812258335045827
Corn_Oil_80_ZhengChenPelegYbaseSplit;test;1;SG_15_2_1+AreaNormalization;pls;"{""n_components"": 18}";3.306;3.2851899236829345
Corn_Oil_80_ZhengChenPelegYbaseSplit;test;1;SG_15_2_1+AreaNormalization;pls;"{""n_components"": 18}";3.363;3.5329207556397626
Corn_Oil_80_ZhengChenPelegYbaseSplit;test;1;SG_15_2_1+AreaNormalization;pls;"{""n_components"": 18}";3.417;3.4815486631322528
Corn_Oil_80_ZhengChenPelegYbaseSplit;test;1;SG_15_2_1+AreaNormalization;pls;"{""n_components"": 18}";3.446;3.5478006809879314
Corn_Oil_80_ZhengChenPelegYbaseSplit;test;1;SG_15_2_1+AreaNormalization;pls;"{""n_components"": 18}";3.46;3.5048708827183477
Corn_Oil_80_ZhengChenPelegYbaseSplit;test;1;SG_15_2_1+AreaNormalization;pls;"{""n_components"": 18}";3.494;3.4460651069245776
Corn_Oil_80_ZhengChenPelegYbaseSplit;test;1;SG_15_2_1+AreaNormalization;pls;"{""n_components"": 18}";3.505;3.5012132773578517
Corn_Oil_80_ZhengChenPelegYbaseSplit;test;1;SG_15_2_1+AreaNormalization;pls;"{""n_components"": 18}";3.541;3.6084684694786784
Corn_Oil_80_ZhengChenPelegYbaseSplit;test;1;SG_15_2_1+AreaNormalization;pls;"{""n_components"": 18}";3.569;3.503489165951316
Corn_Oil_80_ZhengChenPelegYbaseSplit;test;1;SG_15_2_1+AreaNormalization;pls;"{""n_components"": 18}";3.595;3.4483463816074713
Corn_Oil_80_ZhengChenPelegYbaseSplit;test;1;SG_15_2_1+AreaNormalization;pls;"{""n_components"": 18}";3.661;3.525154336561164
Corn_Oil_80_ZhengChenPelegYbaseSplit;test;1;SG_15_2_1+AreaNormalization;pls;"{""n_components"": 18}";3.687;3.690087816442472
Corn_Oil_80_ZhengChenPelegYbaseSplit;test;1;SG_15_2_1+AreaNormalization;pls;"{""n_components"": 18}";3.72;3.684380844661379
Corn_Oil_80_ZhengChenPelegYbaseSplit;test;1;SG_15_2_1+AreaNormalization;pls;"{""n_components"": 18}";3.82;3.7678382342400796
Corn_Oil_80_ZhengChenPelegYbaseSplit;valid;2;SG_15_2_1+AreaNormalization;pls;"{""n_components"": 18}";3.105;3.27757031416442
Corn_Oil_80_ZhengChenPelegYbaseSplit;valid;2;SG_15_2_1+AreaNormalization;pls;"{""n_components"": 18}";3.212;3.2183784844118666
Corn_Oil_80_ZhengChenPelegYbaseSplit;valid;2;SG_15_2_1+AreaNormalization;pls;"{""n_components"": 18}";3.251;3.3073036412819055
Corn_Oil_80_ZhengChenPelegYbaseSplit;valid;2;SG_15_2_1+AreaNormalization;pls;"{""n_components"": 18}";3.306;3.2447878164074515
Corn_Oil_80_ZhengChenPelegYbaseSplit;valid;2;SG_15_2_1+AreaNormalization;pls;"{""n_components"": 18}";3.38;3.3012291665053834
Corn_Oil_80_ZhengChenPelegYbaseSplit;valid;2;SG_15_2_1+AreaNormalization;pls;"{""n_components"": 18}";3.404;3.365219421765107
Corn_Oil_80_ZhengChenPelegYbaseSplit;valid;2;SG_15_2_1+AreaNormalization;pls;"{""n_components"": 18}";3.437;3.45203410175244
Corn_Oil_80_ZhengChenPelegYbaseSplit;valid;2;SG_15_2_1+AreaNormalization;pls;"{""n_components"": 18}";3.449;3.511299636118238
Corn_Oil_80_ZhengChenPelegYbaseSplit;valid;2;SG_15_2_1+AreaNormalization;pls;"{""n_components"": 18}";3.449;3.335319668704373
Corn_Oil_80_ZhengChenPelegYbaseSplit;valid;2;SG_15_2_1+AreaNormalization;pls;"{""n_components"": 18}";3.49;3.660332096520241
Corn_Oil_80_ZhengChenPelegYbaseSplit;valid;2;SG_15_2_1+AreaNormalization;pls;"{""n_components"": 18}";3.491;3.4326878367202953
Corn_Oil_80_ZhengChenPelegYbaseSplit;valid;2;SG_15_2_1+AreaNormalization;pls;"{""n_components"": 18}";3.519;3.61024976139356
Corn_Oil_80_ZhengChenPelegYbaseSplit;valid;2;SG_15_2_1+AreaNormalization;pls;"{""n_components"": 18}";3.557;3.470401174974521
Corn_Oil_80_ZhengChenPelegYbaseSplit;valid;2;SG_15_2_1+AreaNormalization;pls;"{""n_components"": 18}";3.584;3.6051554959945156
Corn_Oil_80_ZhengChenPelegYbaseSplit;valid;2;SG_15_2_1+AreaNormalization;pls;"{""n_components"": 18}";3.59;3.626791355896301
Corn_Oil_80_ZhengChenPelegYbaseSplit;valid;2;SG_15_2_1+AreaNormalization;pls;"{""n_components"": 18}";3.59;3.549122809843677
Corn_Oil_80_ZhengChenPelegYbaseSplit;valid;2;SG_15_2_1+AreaNormalization;pls;"{""n_components"": 18}";3.652;3.5542406157857513
Corn_Oil_80_ZhengChenPelegYbaseSplit;valid;2;SG_15_2_1+AreaNormalization;pls;"{""n_components"": 18}";3.676;3.609140632911744
Corn_Oil_80_ZhengChenPelegYbaseSplit;valid;2;SG_15_2_1+AreaNormalization;pls;"{""n_components"": 18}";3.71;3.714934632570893
Corn_Oil_80_ZhengChenPelegYbaseSplit;valid;2;SG_15_2_1+AreaNormalization;pls;"{""n_components"": 18}";3.751;3.6826902401120605
Corn_Oil_80_ZhengChenPelegYbaseSplit;valid;2;SG_15_2_1+AreaNormalization;pls;"{""n_components"": 18}";3.787;3.801109735144105
Corn_Oil_80_ZhengChenPelegYbaseSplit;test;2;SG_15_2_1+AreaNormalization;pls;"{""n_components"": 18}";3.163;3.109662032752524
Corn_Oil_80_ZhengChenPelegYbaseSplit;test;2;SG_15_2_1+AreaNormalization;pls;"{""n_components"": 18}";3.226;3.2078429807239335
Corn_Oil_80_ZhengChenPelegYbaseSplit;test;2;SG_15_2_1+AreaNormalization;pls;"{""n_components"": 18}";3.306;3.2860152975475567
Corn_Oil_80_ZhengChenPelegYbaseSplit;test;2;SG_15_2_1+AreaNormalization;pls;"{""n_components"": 18}";3.363;3.4548662120986577
Corn_Oil_80_ZhengChenPelegYbaseSplit;test;2;SG_15_2_1+AreaNormalization;pls;"{""n_components"": 18}";3.417;3.450808858478948
Corn_Oil_80_ZhengChenPelegYbaseSplit;test;2;SG_15_2_1+AreaNormalization;pls;"{""n_components"": 18}";3.446;3.4459615727781547
Corn_Oil_80_ZhengChenPelegYbaseSplit;test;2;SG_15_2_1+AreaNormalization;pls;"{""n_components"": 18}";3.46;3.4511179435788195
Corn_Oil_80_ZhengChenPelegYbaseSplit;test;2;SG_15_2_1+AreaNormalization;pls;"{""n_components"": 18}";3.494;3.4786121350240573
Corn_Oil_80_ZhengChenPelegYbaseSplit;test;2;SG_15_2_1+AreaNormalization;pls;"{""n_components"": 18}";3.505;3.467319713679597
Corn_Oil_80_ZhengChenPelegYbaseSplit;test;2;SG_15_2_1+AreaNormalization;pls;"{""n_components"": 18}";3.541;3.511399598468355
Corn_Oil_80_ZhengChenPelegYbaseSplit;test;2;SG_15_2_1+AreaNormalization;pls;"{""n_components"": 18}";3.569;3.569892635783393
Corn_Oil_80_ZhengChenPelegYbaseSplit;test;2;SG_15_2_1+AreaNormalization;pls;"{""n_components"": 18}";3.595;3.4386077346127504
Corn_Oil_80_ZhengChenPelegYbaseSplit;test;2;SG_15_2_1+AreaNormalization;pls;"{""n_components"": 18}";3.661;3.610811807838326
Corn_Oil_80_ZhengChenPelegYbaseSplit;test;2;SG_15_2_1+AreaNormalization;pls;"{""n_components"": 18}";3.687;3.6811412044773197
Corn_Oil_80_ZhengChenPelegYbaseSplit;test;2;SG_15_2_1+AreaNormalization;pls;"{""n_components"": 18}";3.72;3.6332632356074455
Corn_Oil_80_ZhengChenPelegYbaseSplit;test;2;SG_15_2_1+AreaNormalization;pls;"{""n_components"": 18}";3.82;3.832306084926785
Corn_Oil_80_ZhengChenPelegYbaseSplit;valid;0;SG_21_2_1;pls;"{""n_components"": 26}";3.176;3.2056543339318266
Corn_Oil_80_ZhengChenPelegYbaseSplit;valid;0;SG_21_2_1;pls;"{""n_components"": 26}";3.201;3.194963468644119
Corn_Oil_80_ZhengChenPelegYbaseSplit;valid;0;SG_21_2_1;pls;"{""n_components"": 26}";3.264;3.2518237494665243
Corn_Oil_80_ZhengChenPelegYbaseSplit;valid;0;SG_21_2_1;pls;"{""n_components"": 26}";3.28;3.283397023997362
Corn_Oil_80_ZhengChenPelegYbaseSplit;valid;0;SG_21_2_1;pls;"{""n_components"": 26}";3.3;3.2894811156912063
Corn_Oil_80_ZhengChenPelegYbaseSplit;valid;0;SG_21_2_1;pls;"{""n_components"": 26}";3.345;3.393288049663034
Corn_Oil_80_ZhengChenPelegYbaseSplit;valid;0;SG_21_2_1;pls;"{""n_components"": 26}";3.415;3.424154173224493
Corn_Oil_80_ZhengChenPelegYbaseSplit;valid;0;SG_21_2_1;pls;"{""n_components"": 26}";3.424;3.419809210933951
Corn_Oil_80_ZhengChenPelegYbaseSplit;valid;0;SG_21_2_1;pls;"{""n_components"": 26}";3.435;3.466074844362408
Corn_Oil_80_ZhengChenPelegYbaseSplit;valid;0;SG_21_2_1;pls;"{""n_components"": 26}";3.451;3.44965151429621
Corn_Oil_80_ZhengChenPelegYbaseSplit;valid;0;SG_21_2_1;pls;"{""n_components"": 26}";3.464;3.453203951206544
Corn_Oil_80_ZhengChenPelegYbaseSplit;valid;0;SG_21_2_1;pls;"{""n_components"": 26}";3.494;3.5500005945288002
Corn_Oil_80_ZhengChenPelegYbaseSplit;valid;0;SG_21_2_1;pls;"{""n_components"": 26}";3.504;3.5045013390161124
Corn_Oil_80_ZhengChenPelegYbaseSplit;valid;0;SG_21_2_1;pls;"{""n_components"": 26}";3.524;3.5707192334711046
Corn_Oil_80_ZhengChenPelegYbaseSplit;valid;0;SG_21_2_1;pls;"{""n_components"": 26}";3.539;3.5631692953555865
Corn_Oil_80_ZhengChenPelegYbaseSplit;valid;0;SG_21_2_1;pls;"{""n_components"": 26}";3.556;3.5319160040421567
Corn_Oil_80_ZhengChenPelegYbaseSplit;valid;0;SG_21_2_1;pls;"{""n_components"": 26}";3.619;3.5780882368059843
Corn_Oil_80_ZhengChenPelegYbaseSplit;valid;0;SG_21_2_1;pls;"{""n_components"": 26}";3.645;3.647116382679684
Corn_Oil_80_ZhengChenPelegYbaseSplit;valid;0;SG_21_2_1;pls;"{""n_components"": 26}";3.693;3.6804723019125603
Corn_Oil_80_ZhengChenPelegYbaseSplit;valid;0;SG_21_2_1;pls;"{""n_components"": 26}";3.699;3.7255912938713958
Corn_Oil_80_ZhengChenPelegYbaseSplit;valid;0;SG_21_2_1;pls;"{""n_components"": 26}";3.748;3.746662599604059
Corn_Oil_80_ZhengChenPelegYbaseSplit;valid;0;SG_21_2_1;pls;"{""n_components"": 26}";3.822;3.8317790879872513
Corn_Oil_80_ZhengChenPelegYbaseSplit;test;0;SG_21_2_1;pls;"{""n_components"": 26}";3.163;3.0764054051086087
Corn_Oil_80_ZhengChenPelegYbaseSplit;test;0;SG_21_2_1;pls;"{""n_components"": 26}";3.226;3.2150303101576356
Corn_Oil_80_ZhengChenPelegYbaseSplit;test;0;SG_21_2_1;pls;"{""n_components"": 26}";3.306;3.306575794806208
Corn_Oil_80_ZhengChenPelegYbaseSplit;test;0;SG_21_2_1;pls;"{""n_components"": 26}";3.363;3.419914657288441
Corn_Oil_80_ZhengChenPelegYbaseSplit;test;0;SG_21_2_1;pls;"{""n_components"": 26}";3.417;3.4056210649607803
Corn_Oil_80_ZhengChenPelegYbaseSplit;test;0;SG_21_2_1;pls;"{""n_components"": 26}";3.446;3.4768862968096204
Corn_Oil_80_ZhengChenPelegYbaseSplit;test;0;SG_21_2_1;pls;"{""n_components"": 26}";3.46;3.5048110816718165
Corn_Oil_80_ZhengChenPelegYbaseSplit;test;0;SG_21_2_1;pls;"{""n_components"": 26}";3.494;3.446175932555652
Corn_Oil_80_ZhengChenPelegYbaseSplit;test;0;SG_21_2_1;pls;"{""n_components"": 26}";3.505;3.4506560952367415
Corn_Oil_80_ZhengChenPelegYbaseSplit;test;0;SG_21_2_1;pls;"{""n_components"": 26}";3.541;3.5608334313239602
Corn_Oil_80_ZhengChenPelegYbaseSplit;test;0;SG_21_2_1;pls;"{""n_components"": 26}";3.569;3.4883354528575445
Corn_Oil_80_ZhengChenPelegYbaseSplit;test;0;SG_21_2_1;pls;"{""n_components"": 26}";3.595;3.59111898724093
Corn_Oil_80_ZhengChenPelegYbaseSplit;test;0;SG_21_2_1;pls;"{""n_components"": 26}";3.661;3.6408865195436917
Corn_Oil_80_ZhengChenPelegYbaseSplit;test;0;SG_21_2_1;pls;"{""n_components"": 26}";3.687;3.707297240523621
Corn_Oil_80_ZhengChenPelegYbaseSplit;test;0;SG_21_2_1;pls;"{""n_components"": 26}";3.72;3.6869589713467104
Corn_Oil_80_ZhengChenPelegYbaseSplit;test;0;SG_21_2_1;pls;"{""n_components"": 26}";3.82;3.7885767494559164
Corn_Oil_80_ZhengChenPelegYbaseSplit;valid;1;SG_21_2_1;pls;"{""n_components"": 26}";3.088;3.099442861446869
Corn_Oil_80_ZhengChenPelegYbaseSplit;valid;1;SG_21_2_1;pls;"{""n_components"": 26}";3.212;3.2030789913036024
Corn_Oil_80_ZhengChenPelegYbaseSplit;valid;1;SG_21_2_1;pls;"{""n_components"": 26}";3.316;3.3382492092657254
Corn_Oil_80_ZhengChenPelegYbaseSplit;valid;1;SG_21_2_1;pls;"{""n_components"": 26}";3.328;3.29030957952121
Corn_Oil_80_ZhengChenPelegYbaseSplit;valid;1;SG_21_2_1;pls;"{""n_components"": 26}";3.407;3.37890957909317
Corn_Oil_80_ZhengChenPelegYbaseSplit;valid;1;SG_21_2_1;pls;"{""n_components"": 26}";3.446;3.393124313151986
Corn_Oil_80_ZhengChenPelegYbaseSplit;valid;1;SG_21_2_1;pls;"{""n_components"": 26}";3.457;3.454920254335275
Corn_Oil_80_ZhengChenPelegYbaseSplit;valid;1;SG_21_2_1;pls;"{""n_components"": 26}";3.479;3.5235453911812824
Corn_Oil_80_ZhengChenPelegYbaseSplit;valid;1;SG_21_2_1;pls;"{""n_components"": 26}";3.496;3.478247970307069
Corn_Oil_80_ZhengChenPelegYbaseSplit;valid;1;SG_21_2_1;pls;"{""n_components"": 26}";3.497;3.4877136654205496
Corn_Oil_80_ZhengChenPelegYbaseSplit;valid;1;SG_21_2_1;pls;"{""n_components"": 26}";3.507;3.488100583929565
Corn_Oil_80_ZhengChenPelegYbaseSplit;valid;1;SG_21_2_1;pls;"{""n_components"": 26}";3.55;3.555621590465464
Corn_Oil_80_ZhengChenPelegYbaseSplit;valid;1;SG_21_2_1;pls;"{""n_components"": 26}";3.556;3.5594549965295506
Corn_Oil_80_ZhengChenPelegYbaseSplit;valid;1;SG_21_2_1;pls;"{""n_components"": 26}";3.583;3.5620768553284576
Corn_Oil_80_ZhengChenPelegYbaseSplit;valid;1;SG_21_2_1;pls;"{""n_components"": 26}";3.641;3.6143361680740904
Corn_Oil_80_ZhengChenPelegYbaseSplit;valid;1;SG_21_2_1;pls;"{""n_components"": 26}";3.67;3.6504006461221077
Corn_Oil_80_ZhengChenPelegYbaseSplit;valid;1;SG_21_2_1;pls;"{""n_components"": 26}";3.677;3.66944072532302
Corn_Oil_80_ZhengChenPelegYbaseSplit;valid;1;SG_21_2_1;pls;"{""n_components"": 26}";3.686;3.771053937905128
Corn_Oil_80_ZhengChenPelegYbaseSplit;valid;1;SG_21_2_1;pls;"{""n_components"": 26}";3.716;3.7396651601532453
Corn_Oil_80_ZhengChenPelegYbaseSplit;valid;1;SG_21_2_1;pls;"{""n_components"": 26}";3.766;3.8175984787951
Corn_Oil_80_ZhengChenPelegYbaseSplit;valid;1;SG_21_2_1;pls;"{""n_components"": 26}";3.832;3.731441751493491
Corn_Oil_80_ZhengChenPelegYbaseSplit;test;1;SG_21_2_1;pls;"{""n_components"": 26}";3.163;3.1098665986287415
Corn_Oil_80_ZhengChenPelegYbaseSplit;test;1;SG_21_2_1;pls;"{""n_components"": 26}";3.226;3.1754682463396606
Corn_Oil_80_ZhengChenPelegYbaseSplit;test;1;SG_21_2_1;pls;"{""n_components"": 26}";3.306;3.259672488968587
Corn_Oil_80_ZhengChenPelegYbaseSplit;test;1;SG_21_2_1;pls;"{""n_components"": 26}";3.363;3.3950801790478753
Corn_Oil_80_ZhengChenPelegYbaseSplit;test;1;SG_21_2_1;pls;"{""n_components"": 26}";3.417;3.442646416415548
Corn_Oil_80_ZhengChenPelegYbaseSplit;test;1;SG_21_2_1;pls;"{""n_components"": 26}";3.446;3.445928935043546
Corn_Oil_80_ZhengChenPelegYbaseSplit;test;1;SG_21_2_1;pls;"{""n_components"": 26}";3.46;3.49218364312711
Corn_Oil_80_ZhengChenPelegYbaseSplit;test;1;SG_21_2_1;pls;"{""n_components"": 26}";3.494;3.486800011058356
Corn_Oil_80_ZhengChenPelegYbaseSplit;test;1;SG_21_2_1;pls;"{""n_components"": 26}";3.505;3.4670164197161957
Corn_Oil_80_ZhengChenPelegYbaseSplit;test;1;SG_21_2_1;pls;"{""n_components"": 26}";3.541;3.544146022213456
Corn_Oil_80_ZhengChenPelegYbaseSplit;test;1;SG_21_2_1;pls;"{""n_components"": 26}";3.569;3.519087072782942
Corn_Oil_80_ZhengChenPelegYbaseSplit;test;1;SG_21_2_1;pls;"{""n_components"": 26}";3.595;3.562208739077418
Corn_Oil_80_ZhengChenPelegYbaseSplit;test;1;SG_21_2_1;pls;"{""n_components"": 26}";3.661;3.5866626913615813
Corn_Oil_80_ZhengChenPelegYbaseSplit;test;1;SG_21_2_1;pls;"{""n_components"": 26}";3.687;3.7336856716189857
Corn_Oil_80_ZhengChenPelegYbaseSplit;test;1;SG_21_2_1;pls;"{""n_components"": 26}";3.72;3.7109138405389945
Corn_Oil_80_ZhengChenPelegYbaseSplit;test;1;SG_21_2_1;pls;"{""n_components"": 26}";3.82;3.7284252801843594
Corn_Oil_80_ZhengChenPelegYbaseSplit;valid;2;SG_21_2_1;pls;"{""n_components"": 26}";3.105;3.1770050072669367
Corn_Oil_80_ZhengChenPelegYbaseSplit;valid;2;SG_21_2_1;pls;"{""n_components"": 26}";3.212;3.2024874846421865
Corn_Oil_80_ZhengChenPelegYbaseSplit;valid;2;SG_21_2_1;pls;"{""n_components"": 26}";3.251;3.3321930443510177
Corn_Oil_80_ZhengChenPelegYbaseSplit;valid;2;SG_21_2_1;pls;"{""n_components"": 26}";3.306;3.2501706161368116
Corn_Oil_80_ZhengChenPelegYbaseSplit;valid;2;SG_21_2_1;pls;"{""n_components"": 26}";3.38;3.305788742872324
Corn_Oil_80_ZhengChenPelegYbaseSplit;valid;2;SG_21_2_1;pls;"{""n_components"": 26}";3.404;3.375394869451956
Corn_Oil_80_ZhengChenPelegYbaseSplit;valid;2;SG_21_2_1;pls;"{""n_components"": 26}";3.437;3.48915360530022
Corn_Oil_80_ZhengChenPelegYbaseSplit;valid;2;SG_21_2_1;pls;"{""n_components"": 26}";3.449;3.4713836707484376
Corn_Oil_80_ZhengChenPelegYbaseSplit;valid;2;SG_21_2_1;pls;"{""n_components"": 26}";3.449;3.4286881034427563
Corn_Oil_80_ZhengChenPelegYbaseSplit;valid;2;SG_21_2_1;pls;"{""n_components"": 26}";3.49;3.55686874663508
Corn_Oil_80_ZhengChenPelegYbaseSplit;valid;2;SG_21_2_1;pls;"{""n_components"": 26}";3.491;3.4719568598053567
Corn_Oil_80_ZhengChenPelegYbaseSplit;valid;2;SG_21_2_1;pls;"{""n_components"": 26}";3.519;3.54589521445127
Corn_Oil_80_ZhengChenPelegYbaseSplit;valid;2;SG_21_2_1;pls;"{""n_components"": 26}";3.557;3.524096516489605
Corn_Oil_80_ZhengChenPelegYbaseSplit;valid;2;SG_21_2_1;pls;"{""n_components"": 26}";3.584;3.5574623417780584
Corn_Oil_80_ZhengChenPelegYbaseSplit;valid;2;SG_21_2_1;pls;"{""n_components"": 26}";3.59;3.5255162870732772
Corn_Oil_80_ZhengChenPelegYbaseSplit;valid;2;SG_21_2_1;pls;"{""n_components"": 26}";3.59;3.5401230099639034
Corn_Oil_80_ZhengChenPelegYbaseSplit;valid;2;SG_21_2_1;pls;"{""n_components"": 26}";3.652;3.6211044012500206
Corn_Oil_80_ZhengChenPelegYbaseSplit;valid;2;SG_21_2_1;pls;"{""n_components"": 26}";3.676;3.6330756180000745
Corn_Oil_80_ZhengChenPelegYbaseSplit;valid;2;SG_21_2_1;pls;"{""n_components"": 26}";3.71;3.721419731013549
Corn_Oil_80_ZhengChenPelegYbaseSplit;valid;2;SG_21_2_1;pls;"{""n_components"": 26}";3.751;3.729056224739581
Corn_Oil_80_ZhengChenPelegYbaseSplit;valid;2;SG_21_2_1;pls;"{""n_components"": 26}";3.787;3.7918700632091027
Corn_Oil_80_ZhengChenPelegYbaseSplit;test;2;SG_21_2_1;pls;"{""n_components"": 26}";3.163;3.169168426056692
Corn_Oil_80_ZhengChenPelegYbaseSplit;test;2;SG_21_2_1;pls;"{""n_components"": 26}";3.226;3.2143876309841515
Corn_Oil_80_ZhengChenPelegYbaseSplit;test;2;SG_21_2_1;pls;"{""n_components"": 26}";3.306;3.2797294986684773
Corn_Oil_80_ZhengChenPelegYbaseSplit;test;2;SG_21_2_1;pls;"{""n_components"": 26}";3.363;3.351407266892031
Corn_Oil_80_ZhengChenPelegYbaseSplit;test;2;SG_21_2_1;pls;"{""n_components"": 26}";3.417;3.454670914023872
Corn_Oil_80_ZhengChenPelegYbaseSplit;test;2;SG_21_2_1;pls;"{""n_components"": 26}";3.446;3.471288938636793
Corn_Oil_80_ZhengChenPelegYbaseSplit;test;2;SG_21_2_1;pls;"{""n_components"": 26}";3.46;3.4498580638578606
Corn_Oil_80_ZhengChenPelegYbaseSplit;test;2;SG_21_2_1;pls;"{""n_components"": 26}";3.494;3.497301801786699
Corn_Oil_80_ZhengChenPelegYbaseSplit;test;2;SG_21_2_1;pls;"{""n_components"": 26}";3.505;3.4800433447314054
Corn_Oil_80_ZhengChenPelegYbaseSplit;test;2;SG_21_2_1;pls;"{""n_components"": 26}";3.541;3.5502416759871753
Corn_Oil_80_ZhengChenPelegYbaseSplit;test;2;SG_21_2_1;pls;"{""n_components"": 26}";3.569;3.5072713362571513
Corn_Oil_80_ZhengChenPelegYbaseSplit;test;2;SG_21_2_1;pls;"{""n_components"": 26}";3.595;3.5934877255748368
Corn_Oil_80_ZhengChenPelegYbaseSplit;test;2;SG_21_2_1;pls;"{""n_components"": 26}";3.661;3.6199151580720343
Corn_Oil_80_ZhengChenPelegYbaseSplit;test;2;SG_21_2_1;pls;"{""n_components"": 26}";3.687;3.714552970538874
Corn_Oil_80_ZhengChenPelegYbaseSplit;test;2;SG_21_2_1;pls;"{""n_components"": 26}";3.72;3.6715921631083996
Corn_Oil_80_ZhengChenPelegYbaseSplit;test;2;SG_21_2_1;pls;"{""n_components"": 26}";3.82;3.7938471422643882
Corn_Oil_80_ZhengChenPelegYbaseSplit;valid;0;SG_21_2_1+Haar;pls;"{""n_components"": 21}";3.176;3.2392638599881756
Corn_Oil_80_ZhengChenPelegYbaseSplit;valid;0;SG_21_2_1+Haar;pls;"{""n_components"": 21}";3.201;3.1865712469914054
Corn_Oil_80_ZhengChenPelegYbaseSplit;valid;0;SG_21_2_1+Haar;pls;"{""n_components"": 21}";3.264;3.239540501064708
Corn_Oil_80_ZhengChenPelegYbaseSplit;valid;0;SG_21_2_1+Haar;pls;"{""n_components"": 21}";3.28;3.322463021312257
Corn_Oil_80_ZhengChenPelegYbaseSplit;valid;0;SG_21_2_1+Haar;pls;"{""n_components"": 21}";3.3;3.3343679359101324
Corn_Oil_80_ZhengChenPelegYbaseSplit;valid;0;SG_21_2_1+Haar;pls;"{""n_components"": 21}";3.345;3.386152974828817
Corn_Oil_80_ZhengChenPelegYbaseSplit;valid;0;SG_21_2_1+Haar;pls;"{""n_components"": 21}";3.415;3.4156628376099367
Corn_Oil_80_ZhengChenPelegYbaseSplit;valid;0;SG_21_2_1+Haar;pls;"{""n_components"": 21}";3.424;3.4363517172008224
Corn_Oil_80_ZhengChenPelegYbaseSplit;valid;0;SG_21_2_1+Haar;pls;"{""n_components"": 21}";3.435;3.4433094575012726
Corn_Oil_80_ZhengChenPelegYbaseSplit;valid;0;SG_21_2_1+Haar;pls;"{""n_components"": 21}";3.451;3.4463647641930426
Corn_Oil_80_ZhengChenPelegYbaseSplit;valid;0;SG_21_2_1+Haar;pls;"{""n_components"": 21}";3.464;3.478405398105383
Corn_Oil_80_ZhengChenPelegYbaseSplit;valid;0;SG_21_2_1+Haar;pls;"{""n_components"": 21}";3.494;3.5434942004246652
Corn_Oil_80_ZhengChenPelegYbaseSplit;valid;0;SG_21_2_1+Haar;pls;"{""n_components"": 21}";3.504;3.499156428959795
Corn_Oil_80_ZhengChenPelegYbaseSplit;valid;0;SG_21_2_1+Haar;pls;"{""n_components"": 21}";3.524;3.539422712058444
Corn_Oil_80_ZhengChenPelegYbaseSplit;valid;0;SG_21_2_1+Haar;pls;"{""n_components"": 21}";3.539;3.5439688701832806
Corn_Oil_80_ZhengChenPelegYbaseSplit;valid;0;SG_21_2_1+Haar;pls;"{""n_components"": 21}";3.556;3.589786518218728
Corn_Oil_80_ZhengChenPelegYbaseSplit;valid;0;SG_21_2_1+Haar;pls;"{""n_components"": 21}";3.619;3.585837970874387
Corn_Oil_80_ZhengChenPelegYbaseSplit;valid;0;SG_21_2_1+Haar;pls;"{""n_components"": 21}";3.645;3.667347360466749
Corn_Oil_80_ZhengChenPelegYbaseSplit;valid;0;SG_21_2_1+Haar;pls;"{""n_components"": 21}";3.693;3.6832644242985015
Corn_Oil_80_ZhengChenPelegYbaseSplit;valid;0;SG_21_2_1+Haar;pls;"{""n_components"": 21}";3.699;3.680111080797682
Corn_Oil_80_ZhengChenPelegYbaseSplit;valid;0;SG_21_2_1+Haar;pls;"{""n_components"": 21}";3.748;3.7064483775631376
Corn_Oil_80_ZhengChenPelegYbaseSplit;valid;0;SG_21_2_1+Haar;pls;"{""n_components"": 21}";3.822;3.815545288418475
Corn_Oil_80_ZhengChenPelegYbaseSplit;test;0;SG_21_2_1+Haar;pls;"{""n_components"": 21}";3.163;3.1193099797065997
Corn_Oil_80_ZhengChenPelegYbaseSplit;test;0;SG_21_2_1+Haar;pls;"{""n_components"": 21}";3.226;3.248412407175863
Corn_Oil_80_ZhengChenPelegYbaseSplit;test;0;SG_21_2_1+Haar;pls;"{""n_components"": 21}";3.306;3.2672656748655835
Corn_Oil_80_ZhengChenPelegYbaseSplit;test;0;SG_21_2_1+Haar;pls;"{""n_components"": 21}";3.363;3.4234598563784155
Corn_Oil_80_ZhengChenPelegYbaseSplit;test;0;SG_21_2_1+Haar;pls;"{""n_components"": 21}";3.417;3.433110712364273
Corn_Oil_80_ZhengChenPelegYbaseSplit;test;0;SG_21_2_1+Haar;pls;"{""n_components"": 21}";3.446;3.4492270017987248
Corn_Oil_80_ZhengChenPelegYbaseSplit;test;0;SG_21_2_1+Haar;pls;"{""n_components"": 21}";3.46;3.4765152867611007
Corn_Oil_80_ZhengChenPelegYbaseSplit;test;0;SG_21_2_1+Haar;pls;"{""n_components"": 21}";3.494;3.509985040734731
Corn_Oil_80_ZhengChenPelegYbaseSplit;test;0;SG_21_2_1+Haar;pls;"{""n_components"": 21}";3.505;3.468552812030463
Corn_Oil_80_ZhengChenPelegYbaseSplit;test;0;SG_21_2_1+Haar;pls;"{""n_components"": 21}";3.541;3.549638919238325
Corn_Oil_80_ZhengChenPelegYbaseSplit;test;0;SG_21_2_1+Haar;pls;"{""n_components"": 21}";3.569;3.5174083708458155
Corn_Oil_80_ZhengChenPelegYbaseSplit;test;0;SG_21_2_1+Haar;pls;"{""n_components"": 21}";3.595;3.5951241049016622
Corn_Oil_80_ZhengChenPelegYbaseSplit;test;0;SG_21_2_1+Haar;pls;"{""n_components"": 21}";3.661;3.6344172638042878
Corn_Oil_80_ZhengChenPelegYbaseSplit;test;0;SG_21_2_1+Haar;pls;"{""n_components"": 21}";3.687;3.666699266932086
Corn_Oil_80_ZhengChenPelegYbaseSplit;test;0;SG_21_2_1+Haar;pls;"{""n_components"": 21}";3.72;3.703733689250279
Corn_Oil_80_ZhengChenPelegYbaseSplit;test;0;SG_21_2_1+Haar;pls;"{""n_components"": 21}";3.82;3.766586921722582
Corn_Oil_80_ZhengChenPelegYbaseSplit;valid;1;SG_21_2_1+Haar;pls;"{""n_components"": 21}";3.088;3.159724712531754
Corn_Oil_80_ZhengChenPelegYbaseSplit;valid;1;SG_21_2_1+Haar;pls;"{""n_components"": 21}";3.212;3.193681304588694
Corn_Oil_80_ZhengChenPelegYbaseSplit;valid;1;SG_21_2_1+Haar;pls;"{""n_components"": 21}";3.316;3.3651481112628177
Corn_Oil_80_ZhengChenPelegYbaseSplit;valid;1;SG_21_2_1+Haar;pls;"{""n_components"": 21}";3.328;3.2853195236494326
Corn_Oil_80_ZhengChenPelegYbaseSplit;valid;1;SG_21_2_1+Haar;pls;"{""n_components"": 21}";3.407;3.3694142521457766
Corn_Oil_80_ZhengChenPelegYbaseSplit;valid;1;SG_21_2_1+Haar;pls;"{""n_components"": 21}";3.446;3.4318477160227405
Corn_Oil_80_ZhengChenPelegYbaseSplit;valid;1;SG_21_2_1+Haar;pls;"{""n_components"": 21}";3.457;3.4594561982837595
Corn_Oil_80_ZhengChenPelegYbaseSplit;valid;1;SG_21_2_1+Haar;pls;"{""n_components"": 21}";3.479;3.5503755456312684
Corn_Oil_80_ZhengChenPelegYbaseSplit;valid;1;SG_21_2_1+Haar;pls;"{""n_components"": 21}";3.496;3.4700949442058464
Corn_Oil_80_ZhengChenPelegYbaseSplit;valid;1;SG_21_2_1+Haar;pls;"{""n_components"": 21}";3.497;3.5140843593897593
Corn_Oil_80_ZhengChenPelegYbaseSplit;valid;1;SG_21_2_1+Haar;pls;"{""n_components"": 21}";3.507;3.5136736672132183
Corn_Oil_80_ZhengChenPelegYbaseSplit;valid;1;SG_21_2_1+Haar;pls;"{""n_components"": 21}";3.55;3.5801262402979646
Corn_Oil_80_ZhengChenPelegYbaseSplit;valid;1;SG_21_2_1+Haar;pls;"{""n_components"": 21}";3.556;3.6078487854925103
Corn_Oil_80_ZhengChenPelegYbaseSplit;valid;1;SG_21_2_1+Haar;pls;"{""n_components"": 21}";3.583;3.5686219682058216
Corn_Oil_80_ZhengChenPelegYbaseSplit;valid;1;SG_21_2_1+Haar;pls;"{""n_components"": 21}";3.641;3.6503950936083953
Corn_Oil_80_ZhengChenPelegYbaseSplit;valid;1;SG_21_2_1+Haar;pls;"{""n_components"": 21}";3.67;3.667104389537647
Corn_Oil_80_ZhengChenPelegYbaseSplit;valid;1;SG_21_2_1+Haar;pls;"{""n_components"": 21}";3.677;3.706565614954639
Corn_Oil_80_ZhengChenPelegYbaseSplit;valid;1;SG_21_2_1+Haar;pls;"{""n_components"": 21}";3.686;3.710439808643743
Corn_Oil_80_ZhengChenPelegYbaseSplit;valid;1;SG_21_2_1+Haar;pls;"{""n_components"": 21}";3.716;3.7407599564185183
Corn_Oil_80_ZhengChenPelegYbaseSplit;valid;1;SG_21_2_1+Haar;pls;"{""n_components"": 21}";3.766;3.7978559437475328
Corn_Oil_80_ZhengChenPelegYbaseSplit;valid;1;SG_21_2_1+Haar;pls;"{""n_components"": 21}";3.832;3.7902214653093154
Corn_Oil_80_ZhengChenPelegYbaseSplit;test;1;SG_21_2_1+Haar;pls;"{""n_components"": 21}";3.163;3.1498954097526006
Corn_Oil_80_ZhengChenPelegYbaseSplit;test;1;SG_21_2_1+Haar;pls;"{""n_components"": 21}";3.226;3.219045734287482
Corn_Oil_80_ZhengChenPelegYbaseSplit;test;1;SG_21_2_1+Haar;pls;"{""n_components"": 21}";3.306;3.2842437307539902
Corn_Oil_80_ZhengChenPelegYbaseSplit;test;1;SG_21_2_1+Haar;pls;"{""n_components"": 21}";3.363;3.365849440965173
Corn_Oil_80_ZhengChenPelegYbaseSplit;test;1;SG_21_2_1+Haar;pls;"{""n_components"": 21}";3.417;3.4331825305164325
Corn_Oil_80_ZhengChenPelegYbaseSplit;test;1;SG_21_2_1+Haar;pls;"{""n_components"": 21}";3.446;3.488719424427641
Corn_Oil_80_ZhengChenPelegYbaseSplit;test;1;SG_21_2_1+Haar;pls;"{""n_components"": 21}";3.46;3.5151053710229063
Corn_Oil_80_ZhengChenPelegYbaseSplit;test;1;SG_21_2_1+Haar;pls;"{""n_components"": 21}";3.494;3.5116089206869283
Corn_Oil_80_ZhengChenPelegYbaseSplit;test;1;SG_21_2_1+Haar;pls;"{""n_components"": 21}";3.505;3.484770172344883
Corn_Oil_80_ZhengChenPelegYbaseSplit;test;1;SG_21_2_1+Haar;pls;"{""n_components"": 21}";3.541;3.5372978872018614
Corn_Oil_80_ZhengChenPelegYbaseSplit;test;1;SG_21_2_1+Haar;pls;"{""n_components"": 21}";3.569;3.5114140254359087
Corn_Oil_80_ZhengChenPelegYbaseSplit;test;1;SG_21_2_1+Haar;pls;"{""n_components"": 21}";3.595;3.6007750224939437
Corn_Oil_80_ZhengChenPelegYbaseSplit;test;1;SG_21_2_1+Haar;pls;"{""n_components"": 21}";3.661;3.6460220921952677
Corn_Oil_80_ZhengChenPelegYbaseSplit;test;1;SG_21_2_1+Haar;pls;"{""n_components"": 21}";3.687;3.704055846318748
Corn_Oil_80_ZhengChenPelegYbaseSplit;test;1;SG_21_2_1+Haar;pls;"{""n_components"": 21}";3.72;3.6967790648720915
Corn_Oil_80_ZhengChenPelegYbaseSplit;test;1;SG_21_2_1+Haar;pls;"{""n_components"": 21}";3.82;3.717026299794907
Corn_Oil_80_ZhengChenPelegYbaseSplit;valid;2;SG_21_2_1+Haar;pls;"{""n_components"": 21}";3.105;3.097414923895424
Corn_Oil_80_ZhengChenPelegYbaseSplit;valid;2;SG_21_2_1+Haar;pls;"{""n_components"": 21}";3.212;3.197141835378261
Corn_Oil_80_ZhengChenPelegYbaseSplit;valid;2;SG_21_2_1+Haar;pls;"{""n_components"": 21}";3.251;3.2949976508907475
Corn_Oil_80_ZhengChenPelegYbaseSplit;valid;2;SG_21_2_1+Haar;pls;"{""n_components"": 21}";3.306;3.2768701573552734
Corn_Oil_80_ZhengChenPelegYbaseSplit;valid;2;SG_21_2_1+Haar;pls;"{""n_components"": 21}";3.38;3.3319428186244266
Corn_Oil_80_ZhengChenPelegYbaseSplit;valid;2;SG_21_2_1+Haar;pls;"{""n_components"": 21}";3.404;3.3961101476779842
Corn_Oil_80_ZhengChenPelegYbaseSplit;valid;2;SG_21_2_1+Haar;pls;"{""n_components"": 21}";3.437;3.453874535968039
Corn_Oil_80_ZhengChenPelegYbaseSplit;valid;2;SG_21_2_1+Haar;pls;"{""n_components"": 21}";3.449;3.4646592399408385
Corn_Oil_80_ZhengChenPelegYbaseSplit;valid;2;SG_21_2_1+Haar;pls;"{""n_components"": 21}";3.449;3.443235779694964
Corn_Oil_80_ZhengChenPelegYbaseSplit;valid;2;SG_21_2_1+Haar;pls;"{""n_components"": 21}";3.49;3.448913696781036
Corn_Oil_80_ZhengChenPelegYbaseSplit;valid;2;SG_21_2_1+Haar;pls;"{""n_components"": 21}";3.491;3.4522165035943746
Corn_Oil_80_ZhengChenPelegYbaseSplit;valid;2;SG_21_2_1+Haar;pls;"{""n_components"": 21}";3.519;3.507741910117018
Corn_Oil_80_ZhengChenPelegYbaseSplit;valid;2;SG_21_2_1+Haar;pls;"{""n_components"": 21}";3.557;3.5281580748070835
Corn_Oil_80_ZhengChenPelegYbaseSplit;valid;2;SG_21_2_1+Haar;pls;"{""n_components"": 21}";3.584;3.541559254309698
Corn_Oil_80_ZhengChenPelegYbaseSplit;valid;2;SG_21_2_1+Haar;pls;"{""n_components"": 21}";3.59;3.5246736264027545
Corn_Oil_80_ZhengChenPelegYbaseSplit;valid;2;SG_21_2_1+Haar;pls;"{""n_components"": 21}";3.59;3.5804089809859643
Corn_Oil_80_ZhengChenPelegYbaseSplit;valid;2;SG_21_2_1+Haar;pls;"{""n_components"": 21}";3.652;3.6809108884762556
Corn_Oil_80_ZhengChenPelegYbaseSplit;valid;2;SG_21_2_1+Haar;pls;"{""n_components"": 21}";3.676;3.6576946044229404
Corn_Oil_80_ZhengChenPelegYbaseSplit;valid;2;SG_21_2_1+Haar;pls;"{""n_components"": 21}";3.71;3.707038016418508
Corn_Oil_80_ZhengChenPelegYbaseSplit;valid;2;SG_21_2_1+Haar;pls;"{""n_components"": 21}";3.751;3.738654926016214
Corn_Oil_80_ZhengChenPelegYbaseSplit;valid;2;SG_21_2_1+Haar;pls;"{""n_components"": 21}";3.787;3.7786039922751606
Corn_Oil_80_ZhengChenPelegYbaseSplit;test;2;SG_21_2_1+Haar;pls;"{""n_components"": 21}";3.163;3.1835093973906567
Corn_Oil_80_ZhengChenPelegYbaseSplit;test;2;SG_21_2_1+Haar;pls;"{""n_components"": 21}";3.226;3.25602681845885
Corn_Oil_80_ZhengChenPelegYbaseSplit;test;2;SG_21_2_1+Haar;pls;"{""n_components"": 21}";3.306;3.262917068214185
Corn_Oil_80_ZhengChenPelegYbaseSplit;test;2;SG_21_2_1+Haar;pls;"{""n_components"": 21}";3.363;3.362256672145108
Corn_Oil_80_ZhengChenPelegYbaseSplit;test;2;SG_21_2_1+Haar;pls;"{""n_components"": 21}";3.417;3.417740438131458
Corn_Oil_80_ZhengChenPelegYbaseSplit;test;2;SG_21_2_1+Haar;pls;"{""n_components"": 21}";3.446;3.4801159555779
Corn_Oil_80_ZhengChenPelegYbaseSplit;test;2;SG_21_2_1+Haar;pls;"{""n_components"": 21}";3.46;3.4618264010501627
Corn_Oil_80_ZhengChenPelegYbaseSplit;test;2;SG_21_2_1+Haar;pls;"{""n_components"": 21}";3.494;3.505386459417127
Corn_Oil_80_ZhengChenPelegYbaseSplit;test;2;SG_21_2_1+Haar;pls;"{""n_components"": 21}";3.505;3.464719620464015
Corn_Oil_80_ZhengChenPelegYbaseSplit;test;2;SG_21_2_1+Haar;pls;"{""n_components"": 21}";3.541;3.528885564558197
Corn_Oil_80_ZhengChenPelegYbaseSplit;test;2;SG_21_2_1+Haar;pls;"{""n_components"": 21}";3.569;3.4821118403342735
Corn_Oil_80_ZhengChenPelegYbaseSplit;test;2;SG_21_2_1+Haar;pls;"{""n_components"": 21}";3.595;3.6044883888483383
Corn_Oil_80_ZhengChenPelegYbaseSplit;test;2;SG_21_2_1+Haar;pls;"{""n_components"": 21}";3.661;3.6347860534641696
Corn_Oil_80_ZhengChenPelegYbaseSplit;test;2;SG_21_2_1+Haar;pls;"{""n_components"": 21}";3.687;3.6928136502407614
Corn_Oil_80_ZhengChenPelegYbaseSplit;test;2;SG_21_2_1+Haar;pls;"{""n_components"": 21}";3.72;3.698590942847473
Corn_Oil_80_ZhengChenPelegYbaseSplit;test;2;SG_21_2_1+Haar;pls;"{""n_components"": 21}";3.82;3.7516225730889317
Corn_Oil_80_ZhengChenPelegYbaseSplit;valid;0;SG_21_2_1+AreaNormalization;pls;"{""n_components"": 10}";3.176;3.1204432022783872
Corn_Oil_80_ZhengChenPelegYbaseSplit;valid;0;SG_21_2_1+AreaNormalization;pls;"{""n_components"": 10}";3.201;3.2687698747436666
Corn_Oil_80_ZhengChenPelegYbaseSplit;valid;0;SG_21_2_1+AreaNormalization;pls;"{""n_components"": 10}";3.264;3.2256496470909353
Corn_Oil_80_ZhengChenPelegYbaseSplit;valid;0;SG_21_2_1+AreaNormalization;pls;"{""n_components"": 10}";3.28;3.375573486436758
Corn_Oil_80_ZhengChenPelegYbaseSplit;valid;0;SG_21_2_1+AreaNormalization;pls;"{""n_components"": 10}";3.3;3.322890352645734
Corn_Oil_80_ZhengChenPelegYbaseSplit;valid;0;SG_21_2_1+AreaNormalization;pls;"{""n_components"": 10}";3.345;3.349875344009218
Corn_Oil_80_ZhengChenPelegYbaseSplit;valid;0;SG_21_2_1+AreaNormalization;pls;"{""n_components"": 10}";3.415;3.319254117382978
Corn_Oil_80_ZhengChenPelegYbaseSplit;valid;0;SG_21_2_1+AreaNormalization;pls;"{""n_components"": 10}";3.424;3.426669344935316
Corn_Oil_80_ZhengChenPelegYbaseSplit;valid;0;SG_21_2_1+AreaNormalization;pls;"{""n_components"": 10}";3.435;3.5276638553056383
Corn_Oil_80_ZhengChenPelegYbaseSplit;valid;0;SG_21_2_1+AreaNormalization;pls;"{""n_components"": 10}";3.451;3.452245130059784
Corn_Oil_80_ZhengChenPelegYbaseSplit;valid;0;SG_21_2_1+AreaNormalization;pls;"{""n_components"": 10}";3.464;3.39252734842933
Corn_Oil_80_ZhengChenPelegYbaseSplit;valid;0;SG_21_2_1+AreaNormalization;pls;"{""n_components"": 10}";3.494;3.6358524954939426
Corn_Oil_80_ZhengChenPelegYbaseSplit;valid;0;SG_21_2_1+AreaNormalization;pls;"{""n_components"": 10}";3.504;3.5321744110419786
Corn_Oil_80_ZhengChenPelegYbaseSplit;valid;0;SG_21_2_1+AreaNormalization;pls;"{""n_components"": 10}";3.524;3.48879379816011
Corn_Oil_80_ZhengChenPelegYbaseSplit;valid;0;SG_21_2_1+AreaNormalization;pls;"{""n_components"": 10}";3.539;3.609172019302534
Corn_Oil_80_ZhengChenPelegYbaseSplit;valid;0;SG_21_2_1+AreaNormalization;pls;"{""n_components"": 10}";3.556;3.614603491536984
Corn_Oil_80_ZhengChenPelegYbaseSplit;valid;0;SG_21_2_1+AreaNormalization;pls;"{""n_components"": 10}";3.619;3.673867039202125
Corn_Oil_80_ZhengChenPelegYbaseSplit;valid;0;SG_21_2_1+AreaNormalization;pls;"{""n_components"": 10}";3.645;3.6013414264378714
Corn_Oil_80_ZhengChenPelegYbaseSplit;valid;0;SG_21_2_1+AreaNormalization;pls;"{""n_components"": 10}";3.693;3.7177100119545177
Corn_Oil_80_ZhengChenPelegYbaseSplit;valid;0;SG_21_2_1+AreaNormalization;pls;"{""n_components"": 10}";3.699;3.758067651830868
Corn_Oil_80_ZhengChenPelegYbaseSplit;valid;0;SG_21_2_1+AreaNormalization;pls;"{""n_components"": 10}";3.748;3.71242485925787
Corn_Oil_80_ZhengChenPelegYbaseSplit;valid;0;SG_21_2_1+AreaNormalization;pls;"{""n_components"": 10}";3.822;3.9382645143289574
Corn_Oil_80_ZhengChenPelegYbaseSplit;test;0;SG_21_2_1+AreaNormalization;pls;"{""n_components"": 10}";3.163;3.0695698465777803
Corn_Oil_80_ZhengChenPelegYbaseSplit;test;0;SG_21_2_1+AreaNormalization;pls;"{""n_components"": 10}";3.226;3.2096618555950633
Corn_Oil_80_ZhengChenPelegYbaseSplit;test;0;SG_21_2_1+AreaNormalization;pls;"{""n_components"": 10}";3.306;3.437497143919337
Corn_Oil_80_ZhengChenPelegYbaseSplit;test;0;SG_21_2_1+AreaNormalization;pls;"{""n_components"": 10}";3.363;3.5088987231454993
Corn_Oil_80_ZhengChenPelegYbaseSplit;test;0;SG_21_2_1+AreaNormalization;pls;"{""n_components"": 10}";3.417;3.456011982513147
Corn_Oil_80_ZhengChenPelegYbaseSplit;test;0;SG_21_2_1+AreaNormalization;pls;"{""n_components"": 10}";3.446;3.438095815287069
Corn_Oil_80_ZhengChenPelegYbaseSplit;test;0;SG_21_2_1+AreaNormalization;pls;"{""n_components"": 10}";3.46;3.4133657750798014
Corn_Oil_80_ZhengChenPelegYbaseSplit;test;0;SG_21_2_1+AreaNormalization;pls;"{""n_components"": 10}";3.494;3.4496071016982035
Corn_Oil_80_ZhengChenPelegYbaseSplit;test;0;SG_21_2_1+AreaNormalization;pls;"{""n_components"": 10}";3.505;3.541412609299117
Corn_Oil_80_ZhengChenPelegYbaseSplit;test;0;SG_21_2_1+AreaNormalization;pls;"{""n_components"": 10}";3.541;3.6389100509313645
Corn_Oil_80_ZhengChenPelegYbaseSplit;test;0;SG_21_2_1+AreaNormalization;pls;"{""n_components"": 10}";3.569;3.534249643763057
Corn_Oil_80_ZhengChenPelegYbaseSplit;test;0;SG_21_2_1+AreaNormalization;pls;"{""n_components"": 10}";3.595;3.5046711340588845
Corn_Oil_80_ZhengChenPelegYbaseSplit;test;0;SG_21_2_1+AreaNormalization;pls;"{""n_components"": 10}";3.661;3.648474531049291
Corn_Oil_80_ZhengChenPelegYbaseSplit;test;0;SG_21_2_1+AreaNormalization;pls;"{""n_components"": 10}";3.687;3.6350590327756094
Corn_Oil_80_ZhengChenPelegYbaseSplit;test;0;SG_21_2_1+AreaNormalization;pls;"{""n_components"": 10}";3.72;3.5168916724238213
Corn_Oil_80_ZhengChenPelegYbaseSplit;test;0;SG_21_2_1+AreaNormalization;pls;"{""n_components"": 10}";3.82;3.7510465995034554
Corn_Oil_80_ZhengChenPelegYbaseSplit;valid;1;SG_21_2_1+AreaNormalization;pls;"{""n_components"": 10}";3.088;3.3392766389866444
Corn_Oil_80_ZhengChenPelegYbaseSplit;valid;1;SG_21_2_1+AreaNormalization;pls;"{""n_components"": 10}";3.212;3.2244848226207514
Corn_Oil_80_ZhengChenPelegYbaseSplit;valid;1;SG_21_2_1+AreaNormalization;pls;"{""n_components"": 10}";3.316;3.2946636772513513
Corn_Oil_80_ZhengChenPelegYbaseSplit;valid;1;SG_21_2_1+AreaNormalization;pls;"{""n_components"": 10}";3.328;3.3021475018423767
Corn_Oil_80_ZhengChenPelegYbaseSplit;valid;1;SG_21_2_1+AreaNormalization;pls;"{""n_components"": 10}";3.407;3.4077023964364197
Corn_Oil_80_ZhengChenPelegYbaseSplit;valid;1;SG_21_2_1+AreaNormalization;pls;"{""n_components"": 10}";3.446;3.4691078262513337
Corn_Oil_80_ZhengChenPelegYbaseSplit;valid;1;SG_21_2_1+AreaNormalization;pls;"{""n_components"": 10}";3.457;3.5413733713165025
Corn_Oil_80_ZhengChenPelegYbaseSplit;valid;1;SG_21_2_1+AreaNormalization;pls;"{""n_components"": 10}";3.479;3.5985664830349475
Corn_Oil_80_ZhengChenPelegYbaseSplit;valid;1;SG_21_2_1+AreaNormalization;pls;"{""n_components"": 10}";3.496;3.4707521118551656
Corn_Oil_80_ZhengChenPelegYbaseSplit;valid;1;SG_21_2_1+AreaNormalization;pls;"{""n_components"": 10}";3.497;3.6438152461777933
Corn_Oil_80_ZhengChenPelegYbaseSplit;valid;1;SG_21_2_1+AreaNormalization;pls;"{""n_components"": 10}";3.507;3.4046132633770276
Corn_Oil_80_ZhengChenPelegYbaseSplit;valid;1;SG_21_2_1+AreaNormalization;pls;"{""n_components"": 10}";3.55;3.4785145411767475
Corn_Oil_80_ZhengChenPelegYbaseSplit;valid;1;SG_21_2_1+AreaNormalization;pls;"{""n_components"": 10}";3.556;3.545517582350923
Corn_Oil_80_ZhengChenPelegYbaseSplit;valid;1;SG_21_2_1+AreaNormalization;pls;"{""n_components"": 10}";3.583;3.5995669629297566
Corn_Oil_80_ZhengChenPelegYbaseSplit;valid;1;SG_21_2_1+AreaNormalization;pls;"{""n_components"": 10}";3.641;3.5698082680529395
Corn_Oil_80_ZhengChenPelegYbaseSplit;valid;1;SG_21_2_1+AreaNormalization;pls;"{""n_components"": 10}";3.67;3.6278940679548657
Corn_Oil_80_ZhengChenPelegYbaseSplit;valid;1;SG_21_2_1+AreaNormalization;pls;"{""n_components"": 10}";3.677;3.6871943013737845
Corn_Oil_80_ZhengChenPelegYbaseSplit;valid;1;SG_21_2_1+AreaNormalization;pls;"{""n_components"": 10}";3.686;3.698999774969461
Corn_Oil_80_ZhengChenPelegYbaseSplit;valid;1;SG_21_2_1+AreaNormalization;pls;"{""n_components"": 10}";3.716;3.6720185843739674
Corn_Oil_80_ZhengChenPelegYbaseSplit;valid;1;SG_21_2_1+AreaNormalization;pls;"{""n_components"": 10}";3.766;3.683441425038317
Corn_Oil_80_ZhengChenPelegYbaseSplit;valid;1;SG_21_2_1+AreaNormalization;pls;"{""n_components"": 10}";3.832;3.6614969610540005
Corn_Oil_80_ZhengChenPelegYbaseSplit;test;1;SG_21_2_1+AreaNormalization;pls;"{""n_components"": 10}";3.163;3.2367635357781155
Corn_Oil_80_ZhengChenPelegYbaseSplit;test;1;SG_21_2_1+AreaNormalization;pls;"{""n_components"": 10}";3.226;3.2463144826736223
Corn_Oil_80_ZhengChenPelegYbaseSplit;test;1;SG_21_2_1+AreaNormalization;pls;"{""n_components"": 10}";3.306;3.4104905993063
Corn_Oil_80_ZhengChenPelegYbaseSplit;test;1;SG_21_2_1+AreaNormalization;pls;"{""n_components"": 10}";3.363;3.4611896334584866
Corn_Oil_80_ZhengChenPelegYbaseSplit;test;1;SG_21_2_1+AreaNormalization;pls;"{""n_components"": 10}";3.417;3.4449124686158665
Corn_Oil_80_ZhengChenPelegYbaseSplit;test;1;SG_21_2_1+AreaNormalization;pls;"{""n_components"": 10}";3.446;3.5596932925452087
Corn_Oil_80_ZhengChenPelegYbaseSplit;test;1;SG_21_2_1+AreaNormalization;pls;"{""n_components"": 10}";3.46;3.577390352772277
Corn_Oil_80_ZhengChenPelegYbaseSplit;test;1;SG_21_2_1+AreaNormalization;pls;"{""n_components"": 10}";3.494;3.4082257677120618
Corn_Oil_80_ZhengChenPelegYbaseSplit;test;1;SG_21_2_1+AreaNormalization;pls;"{""n_components"": 10}";3.505;3.536350614156002
Corn_Oil_80_ZhengChenPelegYbaseSplit;test;1;SG_21_2_1+AreaNormalization;pls;"{""n_components"": 10}";3.541;3.6383621803270945
Corn_Oil_80_ZhengChenPelegYbaseSplit;test;1;SG_21_2_1+AreaNormalization;pls;"{""n_components"": 10}";3.569;3.4521795067335757
Corn_Oil_80_ZhengChenPelegYbaseSplit;test;1;SG_21_2_1+AreaNormalization;pls;"{""n_components"": 10}";3.595;3.4762208441258946
Corn_Oil_80_ZhengChenPelegYbaseSplit;test;1;SG_21_2_1+AreaNormalization;pls;"{""n_components"": 10}";3.661;3.572562851439014
Corn_Oil_80_ZhengChenPelegYbaseSplit;test;1;SG_21_2_1+AreaNormalization;pls;"{""n_components"": 10}";3.687;3.651639839857422
Corn_Oil_80_ZhengChenPelegYbaseSplit;test;1;SG_21_2_1+AreaNormalization;pls;"{""n_components"": 10}";3.72;3.595224284689353
Corn_Oil_80_ZhengChenPelegYbaseSplit;test;1;SG_21_2_1+AreaNormalization;pls;"{""n_components"": 10}";3.82;3.6342638064398014
Corn_Oil_80_ZhengChenPelegYbaseSplit;valid;2;SG_21_2_1+AreaNormalization;pls;"{""n_components"": 10}";3.105;3.1904557777993494
Corn_Oil_80_ZhengChenPelegYbaseSplit;valid;2;SG_21_2_1+AreaNormalization;pls;"{""n_components"": 10}";3.212;3.2140311451600443
Corn_Oil_80_ZhengChenPelegYbaseSplit;valid;2;SG_21_2_1+AreaNormalization;pls;"{""n_components"": 10}";3.251;3.4049763333242655
Corn_Oil_80_ZhengChenPelegYbaseSplit;valid;2;SG_21_2_1+AreaNormalization;pls;"{""n_components"": 10}";3.306;3.3103822891579435
Corn_Oil_80_ZhengChenPelegYbaseSplit;valid;2;SG_21_2_1+AreaNormalization;pls;"{""n_components"": 10}";3.38;3.3765327312776843
Corn_Oil_80_ZhengChenPelegYbaseSplit;valid;2;SG_21_2_1+AreaNormalization;pls;"{""n_components"": 10}";3.404;3.401793365393159
Corn_Oil_80_ZhengChenPelegYbaseSplit;valid;2;SG_21_2_1+AreaNormalization;pls;"{""n_components"": 10}";3.437;3.5179205703047773
Corn_Oil_80_ZhengChenPelegYbaseSplit;valid;2;SG_21_2_1+AreaNormalization;pls;"{""n_components"": 10}";3.449;3.513581020358883
Corn_Oil_80_ZhengChenPelegYbaseSplit;valid;2;SG_21_2_1+AreaNormalization;pls;"{""n_components"": 10}";3.449;3.3304797735492855
Corn_Oil_80_ZhengChenPelegYbaseSplit;valid;2;SG_21_2_1+AreaNormalization;pls;"{""n_components"": 10}";3.49;3.4699618128079286
Corn_Oil_80_ZhengChenPelegYbaseSplit;valid;2;SG_21_2_1+AreaNormalization;pls;"{""n_components"": 10}";3.491;3.4849637164992533
Corn_Oil_80_ZhengChenPelegYbaseSplit;valid;2;SG_21_2_1+AreaNormalization;pls;"{""n_components"": 10}";3.519;3.5919878607878295
Corn_Oil_80_ZhengChenPelegYbaseSplit;valid;2;SG_21_2_1+AreaNormalization;pls;"{""n_components"": 10}";3.557;3.403880299281796
Corn_Oil_80_ZhengChenPelegYbaseSplit;valid;2;SG_21_2_1+AreaNormalization;pls;"{""n_components"": 10}";3.584;3.554868711854007
Corn_Oil_80_ZhengChenPelegYbaseSplit;valid;2;SG_21_2_1+AreaNormalization;pls;"{""n_components"": 10}";3.59;3.547666974898095
Corn_Oil_80_ZhengChenPelegYbaseSplit;valid;2;SG_21_2_1+AreaNormalization;pls;"{""n_components"": 10}";3.59;3.536875941181218
Corn_Oil_80_ZhengChenPelegYbaseSplit;valid;2;SG_21_2_1+AreaNormalization;pls;"{""n_components"": 10}";3.652;3.5764615486694855
Corn_Oil_80_ZhengChenPelegYbaseSplit;valid;2;SG_21_2_1+AreaNormalization;pls;"{""n_components"": 10}";3.676;3.629909564963223
Corn_Oil_80_ZhengChenPelegYbaseSplit;valid;2;SG_21_2_1+AreaNormalization;pls;"{""n_components"": 10}";3.71;3.734892189733112
Corn_Oil_80_ZhengChenPelegYbaseSplit;valid;2;SG_21_2_1+AreaNormalization;pls;"{""n_components"": 10}";3.751;3.6374032478968914
Corn_Oil_80_ZhengChenPelegYbaseSplit;valid;2;SG_21_2_1+AreaNormalization;pls;"{""n_components"": 10}";3.787;3.775454834179305
Corn_Oil_80_ZhengChenPelegYbaseSplit;test;2;SG_21_2_1+AreaNormalization;pls;"{""n_components"": 10}";3.163;3.2040731943119525
Corn_Oil_80_ZhengChenPelegYbaseSplit;test;2;SG_21_2_1+AreaNormalization;pls;"{""n_components"": 10}";3.226;3.2465932306064507
Corn_Oil_80_ZhengChenPelegYbaseSplit;test;2;SG_21_2_1+AreaNormalization;pls;"{""n_components"": 10}";3.306;3.3955458976359645
Corn_Oil_80_ZhengChenPelegYbaseSplit;test;2;SG_21_2_1+AreaNormalization;pls;"{""n_components"": 10}";3.363;3.422458123990819
Corn_Oil_80_ZhengChenPelegYbaseSplit;test;2;SG_21_2_1+AreaNormalization;pls;"{""n_components"": 10}";3.417;3.419555335402615
Corn_Oil_80_ZhengChenPelegYbaseSplit;test;2;SG_21_2_1+AreaNormalization;pls;"{""n_components"": 10}";3.446;3.4480864960153332
Corn_Oil_80_ZhengChenPelegYbaseSplit;test;2;SG_21_2_1+AreaNormalization;pls;"{""n_components"": 10}";3.46;3.4546461104860366
Corn_Oil_80_ZhengChenPelegYbaseSplit;test;2;SG_21_2_1+AreaNormalization;pls;"{""n_components"": 10}";3.494;3.4536463163494115
Corn_Oil_80_ZhengChenPelegYbaseSplit;test;2;SG_21_2_1+AreaNormalization;pls;"{""n_components"": 10}";3.505;3.494969730865369
Corn_Oil_80_ZhengChenPelegYbaseSplit;test;2;SG_21_2_1+AreaNormalization;pls;"{""n_components"": 10}";3.541;3.5260978752175274
Corn_Oil_80_ZhengChenPelegYbaseSplit;test;2;SG_21_2_1+AreaNormalization;pls;"{""n_components"": 10}";3.569;3.5636735060176115
Corn_Oil_80_ZhengChenPelegYbaseSplit;test;2;SG_21_2_1+AreaNormalization;pls;"{""n_components"": 10}";3.595;3.444446874008438
Corn_Oil_80_ZhengChenPelegYbaseSplit;test;2;SG_21_2_1+AreaNormalization;pls;"{""n_components"": 10}";3.661;3.6233609316945206
Corn_Oil_80_ZhengChenPelegYbaseSplit;test;2;SG_21_2_1+AreaNormalization;pls;"{""n_components"": 10}";3.687;3.6957374979198128
Corn_Oil_80_ZhengChenPelegYbaseSplit;test;2;SG_21_2_1+AreaNormalization;pls;"{""n_components"": 10}";3.72;3.617736129318308
Corn_Oil_80_ZhengChenPelegYbaseSplit;test;2;SG_21_2_1+AreaNormalization;pls;"{""n_components"": 10}";3.82;3.730948860271969
Corn_Oil_80_ZhengChenPelegYbaseSplit;valid;0;SG_15_3_2;pls;"{""n_components"": 19}";3.176;3.2065917677646567
Corn_Oil_80_ZhengChenPelegYbaseSplit;valid;0;SG_15_3_2;pls;"{""n_components"": 19}";3.201;3.205039630182556
Corn_Oil_80_ZhengChenPelegYbaseSplit;valid;0;SG_15_3_2;pls;"{""n_components"": 19}";3.264;3.2532605750361747
Corn_Oil_80_ZhengChenPelegYbaseSplit;valid;0;SG_15_3_2;pls;"{""n_components"": 19}";3.28;3.320025421875255
Corn_Oil_80_ZhengChenPelegYbaseSplit;valid;0;SG_15_3_2;pls;"{""n_components"": 19}";3.3;3.336141891531523
Corn_Oil_80_ZhengChenPelegYbaseSplit;valid;0;SG_15_3_2;pls;"{""n_components"": 19}";3.345;3.356447553227187
Corn_Oil_80_ZhengChenPelegYbaseSplit;valid;0;SG_15_3_2;pls;"{""n_components"": 19}";3.415;3.4097204343885443
Corn_Oil_80_ZhengChenPelegYbaseSplit;valid;0;SG_15_3_2;pls;"{""n_components"": 19}";3.424;3.4497404425388254
Corn_Oil_80_ZhengChenPelegYbaseSplit;valid;0;SG_15_3_2;pls;"{""n_components"": 19}";3.435;3.435244066801824
Corn_Oil_80_ZhengChenPelegYbaseSplit;valid;0;SG_15_3_2;pls;"{""n_components"": 19}";3.451;3.4678540629881662
Corn_Oil_80_ZhengChenPelegYbaseSplit;valid;0;SG_15_3_2;pls;"{""n_components"": 19}";3.464;3.444734544067239
Corn_Oil_80_ZhengChenPelegYbaseSplit;valid;0;SG_15_3_2;pls;"{""n_components"": 19}";3.494;3.5562920118567853
Corn_Oil_80_ZhengChenPelegYbaseSplit;valid;0;SG_15_3_2;pls;"{""n_components"": 19}";3.504;3.4997950330388723
Corn_Oil_80_ZhengChenPelegYbaseSplit;valid;0;SG_15_3_2;pls;"{""n_components"": 19}";3.524;3.54215609042997
Corn_Oil_80_ZhengChenPelegYbaseSplit;valid;0;SG_15_3_2;pls;"{""n_components"": 19}";3.539;3.5269168338127024
Corn_Oil_80_ZhengChenPelegYbaseSplit;valid;0;SG_15_3_2;pls;"{""n_components"": 19}";3.556;3.587931997457791
Corn_Oil_80_ZhengChenPelegYbaseSplit;valid;0;SG_15_3_2;pls;"{""n_components"": 19}";3.619;3.600148927235539
Corn_Oil_80_ZhengChenPelegYbaseSplit;valid;0;SG_15_3_2;pls;"{""n_components"": 19}";3.645;3.649052346318447
Corn_Oil_80_ZhengChenPelegYbaseSplit;valid;0;SG_15_3_2;pls;"{""n_components"": 19}";3.693;3.6829586753896373
Corn_Oil_80_ZhengChenPelegYbaseSplit;valid;0;SG_15_3_2;pls;"{""n_components"": 19}";3.699;3.6736569733666125
Corn_Oil_80_ZhengChenPelegYbaseSplit;valid;0;SG_15_3_2;pls;"{""n_components"": 19}";3.748;3.706878403677276
Corn_Oil_80_ZhengChenPelegYbaseSplit;valid;0;SG_15_3_2;pls;"{""n_components"": 19}";3.822;3.824930054980111
Corn_Oil_80_ZhengChenPelegYbaseSplit;test;0;SG_15_3_2;pls;"{""n_components"": 19}";3.163;3.154356351628547
Corn_Oil_80_ZhengChenPelegYbaseSplit;test;0;SG_15_3_2;pls;"{""n_components"": 19}";3.226;3.245390263294114
Corn_Oil_80_ZhengChenPelegYbaseSplit;test;0;SG_15_3_2;pls;"{""n_components"": 19}";3.306;3.288898742746669
Corn_Oil_80_ZhengChenPelegYbaseSplit;test;0;SG_15_3_2;pls;"{""n_components"": 19}";3.363;3.40652806104732
Corn_Oil_80_ZhengChenPelegYbaseSplit;test;0;SG_15_3_2;pls;"{""n_components"": 19}";3.417;3.4459580632892797
Corn_Oil_80_ZhengChenPelegYbaseSplit;test;0;SG_15_3_2;pls;"{""n_components"": 19}";3.446;3.4633761175290454
Corn_Oil_80_ZhengChenPelegYbaseSplit;test;0;SG_15_3_2;pls;"{""n_components"": 19}";3.46;3.46960054655464
Corn_Oil_80_ZhengChenPelegYbaseSplit;test;0;SG_15_3_2;pls;"{""n_components"": 19}";3.494;3.5111188685912813
Corn_Oil_80_ZhengChenPelegYbaseSplit;test;0;SG_15_3_2;pls;"{""n_components"": 19}";3.505;3.4972821191217336
Corn_Oil_80_ZhengChenPelegYbaseSplit;test;0;SG_15_3_2;pls;"{""n_components"": 19}";3.541;3.5412318522518205
Corn_Oil_80_ZhengChenPelegYbaseSplit;test;0;SG_15_3_2;pls;"{""n_components"": 19}";3.569;3.5355447309432115
Corn_Oil_80_ZhengChenPelegYbaseSplit;test;0;SG_15_3_2;pls;"{""n_components"": 19}";3.595;3.6107439268774133
Corn_Oil_80_ZhengChenPelegYbaseSplit;test;0;SG_15_3_2;pls;"{""n_components"": 19}";3.661;3.6282714332114847
Corn_Oil_80_ZhengChenPelegYbaseSplit;test;0;SG_15_3_2;pls;"{""n_components"": 19}";3.687;3.6549570713092483
Corn_Oil_80_ZhengChenPelegYbaseSplit;test;0;SG_15_3_2;pls;"{""n_components"": 19}";3.72;3.6830395892045553
Corn_Oil_80_ZhengChenPelegYbaseSplit;test;0;SG_15_3_2;pls;"{""n_components"": 19}";3.82;3.783604369650016
Corn_Oil_80_ZhengChenPelegYbaseSplit;valid;1;SG_15_3_2;pls;"{""n_components"": 19}";3.088;3.1593949144212434
Corn_Oil_80_ZhengChenPelegYbaseSplit;valid;1;SG_15_3_2;pls;"{""n_components"": 19}";3.212;3.195571557957668
Corn_Oil_80_ZhengChenPelegYbaseSplit;valid;1;SG_15_3_2;pls;"{""n_components"": 19}";3.316;3.3530868069342783
Corn_Oil_80_ZhengChenPelegYbaseSplit;valid;1;SG_15_3_2;pls;"{""n_components"": 19}";3.328;3.3064070398861007
Corn_Oil_80_ZhengChenPelegYbaseSplit;valid;1;SG_15_3_2;pls;"{""n_components"": 19}";3.407;3.3815587049883984
Corn_Oil_80_ZhengChenPelegYbaseSplit;valid;1;SG_15_3_2;pls;"{""n_components"": 19}";3.446;3.4496760462841585
Corn_Oil_80_ZhengChenPelegYbaseSplit;valid;1;SG_15_3_2;pls;"{""n_components"": 19}";3.457;3.485276593320434
Corn_Oil_80_ZhengChenPelegYbaseSplit;valid;1;SG_15_3_2;pls;"{""n_components"": 19}";3.479;3.5268590389813643
Corn_Oil_80_ZhengChenPelegYbaseSplit;valid;1;SG_15_3_2;pls;"{""n_components"": 19}";3.496;3.482379098211253
Corn_Oil_80_ZhengChenPelegYbaseSplit;valid;1;SG_15_3_2;pls;"{""n_components"": 19}";3.497;3.530146292011738
Corn_Oil_80_ZhengChenPelegYbaseSplit;valid;1;SG_15_3_2;pls;"{""n_components"": 19}";3.507;3.5017889389648174
Corn_Oil_80_ZhengChenPelegYbaseSplit;valid;1;SG_15_3_2;pls;"{""n_components"": 19}";3.55;3.5834780041761647
Corn_Oil_80_ZhengChenPelegYbaseSplit;valid;1;SG_15_3_2;pls;"{""n_components"": 19}";3.556;3.5936098158353915
Corn_Oil_80_ZhengChenPelegYbaseSplit;valid;1;SG_15_3_2;pls;"{""n_components"": 19}";3.583;3.603599588245518
Corn_Oil_80_ZhengChenPelegYbaseSplit;valid;1;SG_15_3_2;pls;"{""n_components"": 19}";3.641;3.629409119019821
Corn_Oil_80_ZhengChenPelegYbaseSplit;valid;1;SG_15_3_2;pls;"{""n_components"": 19}";3.67;3.6581110395391
Corn_Oil_80_ZhengChenPelegYbaseSplit;valid;1;SG_15_3_2;pls;"{""n_components"": 19}";3.677;3.7149136433078653
Corn_Oil_80_ZhengChenPelegYbaseSplit;valid;1;SG_15_3_2;pls;"{""n_components"": 19}";3.686;3.7148419102212675
Corn_Oil_80_ZhengChenPelegYbaseSplit;valid;1;SG_15_3_2;pls;"{""n_components"": 19}";3.716;3.7059121284237406
Corn_Oil_80_ZhengChenPelegYbaseSplit;valid;1;SG_15_3_2;pls;"{""n_components"": 19}";3.766;3.8060828730717615
Corn_Oil_80_ZhengChenPelegYbaseSplit;valid;1;SG_15_3_2;pls;"{""n_components"": 19}";3.832;3.7930669179636443
Corn_Oil_80_ZhengChenPelegYbaseSplit;test;1;SG_15_3_2;pls;"{""n_components"": 19}";3.163;3.1492886700623828
Corn_Oil_80_ZhengChenPelegYbaseSplit;test;1;SG_15_3_2;pls;"{""n_components"": 19}";3.226;3.2467998113582857
Corn_Oil_80_ZhengChenPelegYbaseSplit;test;1;SG_15_3_2;pls;"{""n_components"": 19}";3.306;3.298117639087737
Corn_Oil_80_ZhengChenPelegYbaseSplit;test;1;SG_15_3_2;pls;"{""n_components"": 19}";3.363;3.3720902287497654
Corn_Oil_80_ZhengChenPelegYbaseSplit;test;1;SG_15_3_2;pls;"{""n_components"": 19}";3.417;3.4228564930558587
Corn_Oil_80_ZhengChenPelegYbaseSplit;test;1;SG_15_3_2;pls;"{""n_components"": 19}";3.446;3.501355090544357
Corn_Oil_80_ZhengChenPelegYbaseSplit;test;1;SG_15_3_2;pls;"{""n_components"": 19}";3.46;3.521775518510181
Corn_Oil_80_ZhengChenPelegYbaseSplit;test;1;SG_15_3_2;pls;"{""n_components"": 19}";3.494;3.504592279042072
Corn_Oil_80_ZhengChenPelegYbaseSplit;test;1;SG_15_3_2;pls;"{""n_components"": 19}";3.505;3.494519829653541
Corn_Oil_80_ZhengChenPelegYbaseSplit;test;1;SG_15_3_2;pls;"{""n_components"": 19}";3.541;3.545787383552711
Corn_Oil_80_ZhengChenPelegYbaseSplit;test;1;SG_15_3_2;pls;"{""n_components"": 19}";3.569;3.5095610729008766
Corn_Oil_80_ZhengChenPelegYbaseSplit;test;1;SG_15_3_2;pls;"{""n_components"": 19}";3.595;3.59425855083051
Corn_Oil_80_ZhengChenPelegYbaseSplit;test;1;SG_15_3_2;pls;"{""n_components"": 19}";3.661;3.6400676507805367
Corn_Oil_80_ZhengChenPelegYbaseSplit;test;1;SG_15_3_2;pls;"{""n_components"": 19}";3.687;3.692774059380186
Corn_Oil_80_ZhengChenPelegYbaseSplit;test;1;SG_15_3_2;pls;"{""n_components"": 19}";3.72;3.705923961672953
Corn_Oil_80_ZhengChenPelegYbaseSplit;test;1;SG_15_3_2;pls;"{""n_components"": 19}";3.82;3.7172268626857576
Corn_Oil_80_ZhengChenPelegYbaseSplit;valid;2;SG_15_3_2;pls;"{""n_components"": 19}";3.105;3.0922618592834787
Corn_Oil_80_ZhengChenPelegYbaseSplit;valid;2;SG_15_3_2;pls;"{""n_components"": 19}";3.212;3.208970714422037
Corn_Oil_80_ZhengChenPelegYbaseSplit;valid;2;SG_15_3_2;pls;"{""n_components"": 19}";3.251;3.2739336988419017
Corn_Oil_80_ZhengChenPelegYbaseSplit;valid;2;SG_15_3_2;pls;"{""n_components"": 19}";3.306;3.2835600050642593
Corn_Oil_80_ZhengChenPelegYbaseSplit;valid;2;SG_15_3_2;pls;"{""n_components"": 19}";3.38;3.312794142946023
Corn_Oil_80_ZhengChenPelegYbaseSplit;valid;2;SG_15_3_2;pls;"{""n_components"": 19}";3.404;3.3928750173631474
Corn_Oil_80_ZhengChenPelegYbaseSplit;valid;2;SG_15_3_2;pls;"{""n_components"": 19}";3.437;3.4581200722748333
Corn_Oil_80_ZhengChenPelegYbaseSplit;valid;2;SG_15_3_2;pls;"{""n_components"": 19}";3.449;3.4437228282906855
Corn_Oil_80_ZhengChenPelegYbaseSplit;valid;2;SG_15_3_2;pls;"{""n_components"": 19}";3.449;3.4280881169721296
Corn_Oil_80_ZhengChenPelegYbaseSplit;valid;2;SG_15_3_2;pls;"{""n_components"": 19}";3.49;3.4817099968689753
Corn_Oil_80_ZhengChenPelegYbaseSplit;valid;2;SG_15_3_2;pls;"{""n_components"": 19}";3.491;3.471350650116461
Corn_Oil_80_ZhengChenPelegYbaseSplit;valid;2;SG_15_3_2;pls;"{""n_components"": 19}";3.519;3.4912543917574292
Corn_Oil_80_ZhengChenPelegYbaseSplit;valid;2;SG_15_3_2;pls;"{""n_components"": 19}";3.557;3.5225627871517586
Corn_Oil_80_ZhengChenPelegYbaseSplit;valid;2;SG_15_3_2;pls;"{""n_components"": 19}";3.584;3.534733060987797
Corn_Oil_80_ZhengChenPelegYbaseSplit;valid;2;SG_15_3_2;pls;"{""n_components"": 19}";3.59;3.5378398037852397
Corn_Oil_80_ZhengChenPelegYbaseSplit;valid;2;SG_15_3_2;pls;"{""n_components"": 19}";3.59;3.5984294895021764
Corn_Oil_80_ZhengChenPelegYbaseSplit;valid;2;SG_15_3_2;pls;"{""n_components"": 19}";3.652;3.6472891638705045
Corn_Oil_80_ZhengChenPelegYbaseSplit;valid;2;SG_15_3_2;pls;"{""n_components"": 19}";3.676;3.638825469197231
Corn_Oil_80_ZhengChenPelegYbaseSplit;valid;2;SG_15_3_2;pls;"{""n_components"": 19}";3.71;3.6801869739010145
Corn_Oil_80_ZhengChenPelegYbaseSplit;valid;2;SG_15_3_2;pls;"{""n_components"": 19}";3.751;3.7246692855144623
Corn_Oil_80_ZhengChenPelegYbaseSplit;valid;2;SG_15_3_2;pls;"{""n_components"": 19}";3.787;3.8035529629106617
Corn_Oil_80_ZhengChenPelegYbaseSplit;test;2;SG_15_3_2;pls;"{""n_components"": 19}";3.163;3.1365268177000556
Corn_Oil_80_ZhengChenPelegYbaseSplit;test;2;SG_15_3_2;pls;"{""n_components"": 19}";3.226;3.2566775034328885
Corn_Oil_80_ZhengChenPelegYbaseSplit;test;2;SG_15_3_2;pls;"{""n_components"": 19}";3.306;3.2498427642643604
Corn_Oil_80_ZhengChenPelegYbaseSplit;test;2;SG_15_3_2;pls;"{""n_components"": 19}";3.363;3.377576480779692
Corn_Oil_80_ZhengChenPelegYbaseSplit;test;2;SG_15_3_2;pls;"{""n_components"": 19}";3.417;3.431417635067363
Corn_Oil_80_ZhengChenPelegYbaseSplit;test;2;SG_15_3_2;pls;"{""n_components"": 19}";3.446;3.4615414163919915
Corn_Oil_80_ZhengChenPelegYbaseSplit;test;2;SG_15_3_2;pls;"{""n_components"": 19}";3.46;3.4718060634635353
Corn_Oil_80_ZhengChenPelegYbaseSplit;test;2;SG_15_3_2;pls;"{""n_components"": 19}";3.494;3.504147838632886
Corn_Oil_80_ZhengChenPelegYbaseSplit;test;2;SG_15_3_2;pls;"{""n_components"": 19}";3.505;3.4958623008244096
Corn_Oil_80_ZhengChenPelegYbaseSplit;test;2;SG_15_3_2;pls;"{""n_components"": 19}";3.541;3.526361772034061
Corn_Oil_80_ZhengChenPelegYbaseSplit;test;2;SG_15_3_2;pls;"{""n_components"": 19}";3.569;3.483994328305787
Corn_Oil_80_ZhengChenPelegYbaseSplit;test;2;SG_15_3_2;pls;"{""n_components"": 19}";3.595;3.5838179685512674
Corn_Oil_80_ZhengChenPelegYbaseSplit;test;2;SG_15_3_2;pls;"{""n_components"": 19}";3.661;3.6304998517084366
Corn_Oil_80_ZhengChenPelegYbaseSplit;test;2;SG_15_3_2;pls;"{""n_components"": 19}";3.687;3.6581838836389493
Corn_Oil_80_ZhengChenPelegYbaseSplit;test;2;SG_15_3_2;pls;"{""n_components"": 19}";3.72;3.706602083833562
Corn_Oil_80_ZhengChenPelegYbaseSplit;test;2;SG_15_3_2;pls;"{""n_components"": 19}";3.82;3.773989494705107
Corn_Oil_80_ZhengChenPelegYbaseSplit;valid;0;SG_15_3_2+Haar;pls;"{""n_components"": 12}";3.176;3.167648076211679
Corn_Oil_80_ZhengChenPelegYbaseSplit;valid;0;SG_15_3_2+Haar;pls;"{""n_components"": 12}";3.201;3.2449953123381308
Corn_Oil_80_ZhengChenPelegYbaseSplit;valid;0;SG_15_3_2+Haar;pls;"{""n_components"": 12}";3.264;3.2930963153550312
Corn_Oil_80_ZhengChenPelegYbaseSplit;valid;0;SG_15_3_2+Haar;pls;"{""n_components"": 12}";3.28;3.34157119941262
Corn_Oil_80_ZhengChenPelegYbaseSplit;valid;0;SG_15_3_2+Haar;pls;"{""n_components"": 12}";3.3;3.31922702334537
Corn_Oil_80_ZhengChenPelegYbaseSplit;valid;0;SG_15_3_2+Haar;pls;"{""n_components"": 12}";3.345;3.3170856822987616
Corn_Oil_80_ZhengChenPelegYbaseSplit;valid;0;SG_15_3_2+Haar;pls;"{""n_components"": 12}";3.415;3.3974116232602865
Corn_Oil_80_ZhengChenPelegYbaseSplit;valid;0;SG_15_3_2+Haar;pls;"{""n_components"": 12}";3.424;3.4798916586572277
Corn_Oil_80_ZhengChenPelegYbaseSplit;valid;0;SG_15_3_2+Haar;pls;"{""n_components"": 12}";3.435;3.4455151376611513
Corn_Oil_80_ZhengChenPelegYbaseSplit;valid;0;SG_15_3_2+Haar;pls;"{""n_components"": 12}";3.451;3.481520031314438
Corn_Oil_80_ZhengChenPelegYbaseSplit;valid;0;SG_15_3_2+Haar;pls;"{""n_components"": 12}";3.464;3.404694766301858
Corn_Oil_80_ZhengChenPelegYbaseSplit;valid;0;SG_15_3_2+Haar;pls;"{""n_components"": 12}";3.494;3.5991915097110025
Corn_Oil_80_ZhengChenPelegYbaseSplit;valid;0;SG_15_3_2+Haar;pls;"{""n_components"": 12}";3.504;3.5045471380405915
Corn_Oil_80_ZhengChenPelegYbaseSplit;valid;0;SG_15_3_2+Haar;pls;"{""n_components"": 12}";3.524;3.5650739250944707
Corn_Oil_80_ZhengChenPelegYbaseSplit;valid;0;SG_15_3_2+Haar;pls;"{""n_components"": 12}";3.539;3.529768050345417
Corn_Oil_80_ZhengChenPelegYbaseSplit;valid;0;SG_15_3_2+Haar;pls;"{""n_components"": 12}";3.556;3.6839393586729545
Corn_Oil_80_ZhengChenPelegYbaseSplit;valid;0;SG_15_3_2+Haar;pls;"{""n_components"": 12}";3.619;3.612579335337213
Corn_Oil_80_ZhengChenPelegYbaseSplit;valid;0;SG_15_3_2+Haar;pls;"{""n_components"": 12}";3.645;3.6375953408172648
Corn_Oil_80_ZhengChenPelegYbaseSplit;valid;0;SG_15_3_2+Haar;pls;"{""n_components"": 12}";3.693;3.7223661655853424
Corn_Oil_80_ZhengChenPelegYbaseSplit;valid;0;SG_15_3_2+Haar;pls;"{""n_components"": 12}";3.699;3.676447062198159
Corn_Oil_80_ZhengChenPelegYbaseSplit;valid;0;SG_15_3_2+Haar;pls;"{""n_components"": 12}";3.748;3.7349249551712944
Corn_Oil_80_ZhengChenPelegYbaseSplit;valid;0;SG_15_3_2+Haar;pls;"{""n_components"": 12}";3.822;3.8421272161704665
Corn_Oil_80_ZhengChenPelegYbaseSplit;test;0;SG_15_3_2+Haar;pls;"{""n_components"": 12}";3.163;3.20265244627341
Corn_Oil_80_ZhengChenPelegYbaseSplit;test;0;SG_15_3_2+Haar;pls;"{""n_components"": 12}";3.226;3.26914132947266
Corn_Oil_80_ZhengChenPelegYbaseSplit;test;0;SG_15_3_2+Haar;pls;"{""n_components"": 12}";3.306;3.3240585215191
Corn_Oil_80_ZhengChenPelegYbaseSplit;test;0;SG_15_3_2+Haar;pls;"{""n_components"": 12}";3.363;3.3595894234779404
Corn_Oil_80_ZhengChenPelegYbaseSplit;test;0;SG_15_3_2+Haar;pls;"{""n_components"": 12}";3.417;3.4560129323682025
Corn_Oil_80_ZhengChenPelegYbaseSplit;test;0;SG_15_3_2+Haar;pls;"{""n_components"": 12}";3.446;3.4606761777722936
Corn_Oil_80_ZhengChenPelegYbaseSplit;test;0;SG_15_3_2+Haar;pls;"{""n_components"": 12}";3.46;3.4636311573280016
Corn_Oil_80_ZhengChenPelegYbaseSplit;test;0;SG_15_3_2+Haar;pls;"{""n_components"": 12}";3.494;3.4890631251639603
Corn_Oil_80_ZhengChenPelegYbaseSplit;test;0;SG_15_3_2+Haar;pls;"{""n_components"": 12}";3.505;3.515272201224475
Corn_Oil_80_ZhengChenPelegYbaseSplit;test;0;SG_15_3_2+Haar;pls;"{""n_components"": 12}";3.541;3.5499246448050146
Corn_Oil_80_ZhengChenPelegYbaseSplit;test;0;SG_15_3_2+Haar;pls;"{""n_components"": 12}";3.569;3.5097093079289365
Corn_Oil_80_ZhengChenPelegYbaseSplit;test;0;SG_15_3_2+Haar;pls;"{""n_components"": 12}";3.595;3.609664713016422
Corn_Oil_80_ZhengChenPelegYbaseSplit;test;0;SG_15_3_2+Haar;pls;"{""n_components"": 12}";3.661;3.6277414688798193
Corn_Oil_80_ZhengChenPelegYbaseSplit;test;0;SG_15_3_2+Haar;pls;"{""n_components"": 12}";3.687;3.6458662393912977
Corn_Oil_80_ZhengChenPelegYbaseSplit;test;0;SG_15_3_2+Haar;pls;"{""n_components"": 12}";3.72;3.674624639377596
Corn_Oil_80_ZhengChenPelegYbaseSplit;test;0;SG_15_3_2+Haar;pls;"{""n_components"": 12}";3.82;3.7276564383632973
Corn_Oil_80_ZhengChenPelegYbaseSplit;valid;1;SG_15_3_2+Haar;pls;"{""n_components"": 12}";3.088;3.2044454342521043
Corn_Oil_80_ZhengChenPelegYbaseSplit;valid;1;SG_15_3_2+Haar;pls;"{""n_components"": 12}";3.212;3.226606599652778
Corn_Oil_80_ZhengChenPelegYbaseSplit;valid;1;SG_15_3_2+Haar;pls;"{""n_components"": 12}";3.316;3.3317616047145764
Corn_Oil_80_ZhengChenPelegYbaseSplit;valid;1;SG_15_3_2+Haar;pls;"{""n_components"": 12}";3.328;3.2832972427115767
Corn_Oil_80_ZhengChenPelegYbaseSplit;valid;1;SG_15_3_2+Haar;pls;"{""n_components"": 12}";3.407;3.397919190646849
Corn_Oil_80_ZhengChenPelegYbaseSplit;valid;1;SG_15_3_2+Haar;pls;"{""n_components"": 12}";3.446;3.468859866246666
Corn_Oil_80_ZhengChenPelegYbaseSplit;valid;1;SG_15_3_2+Haar;pls;"{""n_components"": 12}";3.457;3.4840954077208375
Corn_Oil_80_ZhengChenPelegYbaseSplit;valid;1;SG_15_3_2+Haar;pls;"{""n_components"": 12}";3.479;3.5471118094936624
Corn_Oil_80_ZhengChenPelegYbaseSplit;valid;1;SG_15_3_2+Haar;pls;"{""n_components"": 12}";3.496;3.461642457488912
Corn_Oil_80_ZhengChenPelegYbaseSplit;valid;1;SG_15_3_2+Haar;pls;"{""n_components"": 12}";3.497;3.524439692143103
Corn_Oil_80_ZhengChenPelegYbaseSplit;valid;1;SG_15_3_2+Haar;pls;"{""n_components"": 12}";3.507;3.505027390775952
Corn_Oil_80_ZhengChenPelegYbaseSplit;valid;1;SG_15_3_2+Haar;pls;"{""n_components"": 12}";3.55;3.5678387492751273
Corn_Oil_80_ZhengChenPelegYbaseSplit;valid;1;SG_15_3_2+Haar;pls;"{""n_components"": 12}";3.556;3.564181171073297
Corn_Oil_80_ZhengChenPelegYbaseSplit;valid;1;SG_15_3_2+Haar;pls;"{""n_components"": 12}";3.583;3.5661149828682173
Corn_Oil_80_ZhengChenPelegYbaseSplit;valid;1;SG_15_3_2+Haar;pls;"{""n_components"": 12}";3.641;3.6127193425165287
Corn_Oil_80_ZhengChenPelegYbaseSplit;valid;1;SG_15_3_2+Haar;pls;"{""n_components"": 12}";3.67;3.653042452492304
Corn_Oil_80_ZhengChenPelegYbaseSplit;valid;1;SG_15_3_2+Haar;pls;"{""n_components"": 12}";3.677;3.6702482256728226
Corn_Oil_80_ZhengChenPelegYbaseSplit;valid;1;SG_15_3_2+Haar;pls;"{""n_components"": 12}";3.686;3.6540546566335665
Corn_Oil_80_ZhengChenPelegYbaseSplit;valid;1;SG_15_3_2+Haar;pls;"{""n_components"": 12}";3.716;3.6845281000913177
Corn_Oil_80_ZhengChenPelegYbaseSplit;valid;1;SG_15_3_2+Haar;pls;"{""n_components"": 12}";3.766;3.8134658162929123
Corn_Oil_80_ZhengChenPelegYbaseSplit;valid;1;SG_15_3_2+Haar;pls;"{""n_components"": 12}";3.832;3.739702127967756
Corn_Oil_80_ZhengChenPelegYbaseSplit;test;1;SG_15_3_2+Haar;pls;"{""n_components"": 12}";3.163;3.2322173544371102
Corn_Oil_80_ZhengChenPelegYbaseSplit;test;1;SG_15_3_2+Haar;pls;"{""n_components"": 12}";3.226;3.2963046033018357
Corn_Oil_80_ZhengChenPelegYbaseSplit;test;1;SG_15_3_2+Haar;pls;"{""n_components"": 12}";3.306;3.3198215596006095
Corn_Oil_80_ZhengChenPelegYbaseSplit;test;1;SG_15_3_2+Haar;pls;"{""n_components"": 12}";3.363;3.2898746847814113
Corn_Oil_80_ZhengChenPelegYbaseSplit;test;1;SG_15_3_2+Haar;pls;"{""n_components"": 12}";3.417;3.448995811776201
Corn_Oil_80_ZhengChenPelegYbaseSplit;test;1;SG_15_3_2+Haar;pls;"{""n_components"": 12}";3.446;3.517273958410128
Corn_Oil_80_ZhengChenPelegYbaseSplit;test;1;SG_15_3_2+Haar;pls;"{""n_components"": 12}";3.46;3.5255298258508425
Corn_Oil_80_ZhengChenPelegYbaseSplit;test;1;SG_15_3_2+Haar;pls;"{""n_components"": 12}";3.494;3.5018673251412986
Corn_Oil_80_ZhengChenPelegYbaseSplit;test;1;SG_15_3_2+Haar;pls;"{""n_components"": 12}";3.505;3.4771530657115677
Corn_Oil_80_ZhengChenPelegYbaseSplit;test;1;SG_15_3_2+Haar;pls;"{""n_components"": 12}";3.541;3.5665500109507695
Corn_Oil_80_ZhengChenPelegYbaseSplit;test;1;SG_15_3_2+Haar;pls;"{""n_components"": 12}";3.569;3.474898649898554
Corn_Oil_80_ZhengChenPelegYbaseSplit;test;1;SG_15_3_2+Haar;pls;"{""n_components"": 12}";3.595;3.6154233590854212
Corn_Oil_80_ZhengChenPelegYbaseSplit;test;1;SG_15_3_2+Haar;pls;"{""n_components"": 12}";3.661;3.6413752961787713
Corn_Oil_80_ZhengChenPelegYbaseSplit;test;1;SG_15_3_2+Haar;pls;"{""n_components"": 12}";3.687;3.648784597082082
Corn_Oil_80_ZhengChenPelegYbaseSplit;test;1;SG_15_3_2+Haar;pls;"{""n_components"": 12}";3.72;3.654529712311714
Corn_Oil_80_ZhengChenPelegYbaseSplit;test;1;SG_15_3_2+Haar;pls;"{""n_components"": 12}";3.82;3.7058888452334036
Corn_Oil_80_ZhengChenPelegYbaseSplit;valid;2;SG_15_3_2+Haar;pls;"{""n_components"": 12}";3.105;3.138938412435597
Corn_Oil_80_ZhengChenPelegYbaseSplit;valid;2;SG_15_3_2+Haar;pls;"{""n_components"": 12}";3.212;3.2285027967156625
Corn_Oil_80_ZhengChenPelegYbaseSplit;valid;2;SG_15_3_2+Haar;pls;"{""n_components"": 12}";3.251;3.301687560360488
Corn_Oil_80_ZhengChenPelegYbaseSplit;valid;2;SG_15_3_2+Haar;pls;"{""n_components"": 12}";3.306;3.2744646250191463
Corn_Oil_80_ZhengChenPelegYbaseSplit;valid;2;SG_15_3_2+Haar;pls;"{""n_components"": 12}";3.38;3.2757525185748895
Corn_Oil_80_ZhengChenPelegYbaseSplit;valid;2;SG_15_3_2+Haar;pls;"{""n_components"": 12}";3.404;3.363533807361911
Corn_Oil_80_ZhengChenPelegYbaseSplit;valid;2;SG_15_3_2+Haar;pls;"{""n_components"": 12}";3.437;3.499634111787931
Corn_Oil_80_ZhengChenPelegYbaseSplit;valid;2;SG_15_3_2+Haar;pls;"{""n_components"": 12}";3.449;3.4976174768307153
Corn_Oil_80_ZhengChenPelegYbaseSplit;valid;2;SG_15_3_2+Haar;pls;"{""n_components"": 12}";3.449;3.3918224757689255
Corn_Oil_80_ZhengChenPelegYbaseSplit;valid;2;SG_15_3_2+Haar;pls;"{""n_components"": 12}";3.49;3.4992519997697906
Corn_Oil_80_ZhengChenPelegYbaseSplit;valid;2;SG_15_3_2+Haar;pls;"{""n_components"": 12}";3.491;3.467054925510731
Corn_Oil_80_ZhengChenPelegYbaseSplit;valid;2;SG_15_3_2+Haar;pls;"{""n_components"": 12}";3.519;3.5476033218389063
Corn_Oil_80_ZhengChenPelegYbaseSplit;valid;2;SG_15_3_2+Haar;pls;"{""n_components"": 12}";3.557;3.513333553988884
Corn_Oil_80_ZhengChenPelegYbaseSplit;valid;2;SG_15_3_2+Haar;pls;"{""n_components"": 12}";3.584;3.5230578480098598
Corn_Oil_80_ZhengChenPelegYbaseSplit;valid;2;SG_15_3_2+Haar;pls;"{""n_components"": 12}";3.59;3.543989220772859
Corn_Oil_80_ZhengChenPelegYbaseSplit;valid;2;SG_15_3_2+Haar;pls;"{""n_components"": 12}";3.59;3.5767914533378256
Corn_Oil_80_ZhengChenPelegYbaseSplit;valid;2;SG_15_3_2+Haar;pls;"{""n_components"": 12}";3.652;3.588008430441532
Corn_Oil_80_ZhengChenPelegYbaseSplit;valid;2;SG_15_3_2+Haar;pls;"{""n_components"": 12}";3.676;3.6225993317596044
Corn_Oil_80_ZhengChenPelegYbaseSplit;valid;2;SG_15_3_2+Haar;pls;"{""n_components"": 12}";3.71;3.6389028952912374
Corn_Oil_80_ZhengChenPelegYbaseSplit;valid;2;SG_15_3_2+Haar;pls;"{""n_components"": 12}";3.751;3.7071467452778144
Corn_Oil_80_ZhengChenPelegYbaseSplit;valid;2;SG_15_3_2+Haar;pls;"{""n_components"": 12}";3.787;3.778023651668954
Corn_Oil_80_ZhengChenPelegYbaseSplit;test;2;SG_15_3_2+Haar;pls;"{""n_components"": 12}";3.163;3.1957490705292244
Corn_Oil_80_ZhengChenPelegYbaseSplit;test;2;SG_15_3_2+Haar;pls;"{""n_components"": 12}";3.226;3.2771945303504677
Corn_Oil_80_ZhengChenPelegYbaseSplit;test;2;SG_15_3_2+Haar;pls;"{""n_components"": 12}";3.306;3.280711737668076
Corn_Oil_80_ZhengChenPelegYbaseSplit;test;2;SG_15_3_2+Haar;pls;"{""n_components"": 12}";3.363;3.343666286110611
Corn_Oil_80_ZhengChenPelegYbaseSplit;test;2;SG_15_3_2+Haar;pls;"{""n_components"": 12}";3.417;3.4825501078823775
Corn_Oil_80_ZhengChenPelegYbaseSplit;test;2;SG_15_3_2+Haar;pls;"{""n_components"": 12}";3.446;3.4724959293012656
Corn_Oil_80_ZhengChenPelegYbaseSplit;test;2;SG_15_3_2+Haar;pls;"{""n_components"": 12}";3.46;3.5116309516798854
Corn_Oil_80_ZhengChenPelegYbaseSplit;test;2;SG_15_3_2+Haar;pls;"{""n_components"": 12}";3.494;3.5208435753954657
Corn_Oil_80_ZhengChenPelegYbaseSplit;test;2;SG_15_3_2+Haar;pls;"{""n_components"": 12}";3.505;3.4806919623394323
Corn_Oil_80_ZhengChenPelegYbaseSplit;test;2;SG_15_3_2+Haar;pls;"{""n_components"": 12}";3.541;3.5673057287904517
Corn_Oil_80_ZhengChenPelegYbaseSplit;test;2;SG_15_3_2+Haar;pls;"{""n_components"": 12}";3.569;3.4740391209964385
Corn_Oil_80_ZhengChenPelegYbaseSplit;test;2;SG_15_3_2+Haar;pls;"{""n_components"": 12}";3.595;3.5459705162527024
Corn_Oil_80_ZhengChenPelegYbaseSplit;test;2;SG_15_3_2+Haar;pls;"{""n_components"": 12}";3.661;3.5954995389495785
Corn_Oil_80_ZhengChenPelegYbaseSplit;test;2;SG_15_3_2+Haar;pls;"{""n_components"": 12}";3.687;3.5946941174833835
Corn_Oil_80_ZhengChenPelegYbaseSplit;test;2;SG_15_3_2+Haar;pls;"{""n_components"": 12}";3.72;3.6676511901178745
Corn_Oil_80_ZhengChenPelegYbaseSplit;test;2;SG_15_3_2+Haar;pls;"{""n_components"": 12}";3.82;3.73262880513077
Corn_Oil_80_ZhengChenPelegYbaseSplit;valid;0;SG_15_3_2+AreaNormalization;pls;"{""n_components"": 12}";3.176;3.082527229392939
Corn_Oil_80_ZhengChenPelegYbaseSplit;valid;0;SG_15_3_2+AreaNormalization;pls;"{""n_components"": 12}";3.201;3.2689189513121155
Corn_Oil_80_ZhengChenPelegYbaseSplit;valid;0;SG_15_3_2+AreaNormalization;pls;"{""n_components"": 12}";3.264;3.2642373043351864
Corn_Oil_80_ZhengChenPelegYbaseSplit;valid;0;SG_15_3_2+AreaNormalization;pls;"{""n_components"": 12}";3.28;3.3212007414788167
Corn_Oil_80_ZhengChenPelegYbaseSplit;valid;0;SG_15_3_2+AreaNormalization;pls;"{""n_components"": 12}";3.3;3.3136355267912903
Corn_Oil_80_ZhengChenPelegYbaseSplit;valid;0;SG_15_3_2+AreaNormalization;pls;"{""n_components"": 12}";3.345;3.357523457345259
Corn_Oil_80_ZhengChenPelegYbaseSplit;valid;0;SG_15_3_2+AreaNormalization;pls;"{""n_components"": 12}";3.415;3.375890617178582
Corn_Oil_80_ZhengChenPelegYbaseSplit;valid;0;SG_15_3_2+AreaNormalization;pls;"{""n_components"": 12}";3.424;3.4849129434670827
Corn_Oil_80_ZhengChenPelegYbaseSplit;valid;0;SG_15_3_2+AreaNormalization;pls;"{""n_components"": 12}";3.435;3.329894040791244
Corn_Oil_80_ZhengChenPelegYbaseSplit;valid;0;SG_15_3_2+AreaNormalization;pls;"{""n_components"": 12}";3.451;3.4869001107943935
Corn_Oil_80_ZhengChenPelegYbaseSplit;valid;0;SG_15_3_2+AreaNormalization;pls;"{""n_components"": 12}";3.464;3.4486251499546565
Corn_Oil_80_ZhengChenPelegYbaseSplit;valid;0;SG_15_3_2+AreaNormalization;pls;"{""n_components"": 12}";3.494;3.5886367668930967
Corn_Oil_80_ZhengChenPelegYbaseSplit;valid;0;SG_15_3_2+AreaNormalization;pls;"{""n_components"": 12}";3.504;3.5766230930749625
Corn_Oil_80_ZhengChenPelegYbaseSplit;valid;0;SG_15_3_2+AreaNormalization;pls;"{""n_components"": 12}";3.524;3.4657036197029343
Corn_Oil_80_ZhengChenPelegYbaseSplit;valid;0;SG_15_3_2+AreaNormalization;pls;"{""n_components"": 12}";3.539;3.484508412427831
Corn_Oil_80_ZhengChenPelegYbaseSplit;valid;0;SG_15_3_2+AreaNormalization;pls;"{""n_components"": 12}";3.556;3.5449354254726964
Corn_Oil_80_ZhengChenPelegYbaseSplit;valid;0;SG_15_3_2+AreaNormalization;pls;"{""n_components"": 12}";3.619;3.6730353876271584
Corn_Oil_80_ZhengChenPelegYbaseSplit;valid;0;SG_15_3_2+AreaNormalization;pls;"{""n_components"": 12}";3.645;3.6499001704761413
Corn_Oil_80_ZhengChenPelegYbaseSplit;valid;0;SG_15_3_2+AreaNormalization;pls;"{""n_components"": 12}";3.693;3.705663677509063
Corn_Oil_80_ZhengChenPelegYbaseSplit;valid;0;SG_15_3_2+AreaNormalization;pls;"{""n_components"": 12}";3.699;3.6839596275112436
Corn_Oil_80_ZhengChenPelegYbaseSplit;valid;0;SG_15_3_2+AreaNormalization;pls;"{""n_components"": 12}";3.748;3.7155045878384185
Corn_Oil_80_ZhengChenPelegYbaseSplit;valid;0;SG_15_3_2+AreaNormalization;pls;"{""n_components"": 12}";3.822;3.9310616813363106
Corn_Oil_80_ZhengChenPelegYbaseSplit;test;0;SG_15_3_2+AreaNormalization;pls;"{""n_components"": 12}";3.163;3.183108088772488
Corn_Oil_80_ZhengChenPelegYbaseSplit;test;0;SG_15_3_2+AreaNormalization;pls;"{""n_components"": 12}";3.226;3.237454836928186
Corn_Oil_80_ZhengChenPelegYbaseSplit;test;0;SG_15_3_2+AreaNormalization;pls;"{""n_components"": 12}";3.306;3.37588261819838
Corn_Oil_80_ZhengChenPelegYbaseSplit;test;0;SG_15_3_2+AreaNormalization;pls;"{""n_components"": 12}";3.363;3.3839987437408636
Corn_Oil_80_ZhengChenPelegYbaseSplit;test;0;SG_15_3_2+AreaNormalization;pls;"{""n_components"": 12}";3.417;3.46990160296453
Corn_Oil_80_ZhengChenPelegYbaseSplit;test;0;SG_15_3_2+AreaNormalization;pls;"{""n_components"": 12}";3.446;3.451050275170583
Corn_Oil_80_ZhengChenPelegYbaseSplit;test;0;SG_15_3_2+AreaNormalization;pls;"{""n_components"": 12}";3.46;3.4050189290459105
Corn_Oil_80_ZhengChenPelegYbaseSplit;test;0;SG_15_3_2+AreaNormalization;pls;"{""n_components"": 12}";3.494;3.521717020572139
Corn_Oil_80_ZhengChenPelegYbaseSplit;test;0;SG_15_3_2+AreaNormalization;pls;"{""n_components"": 12}";3.505;3.5680131859150563
Corn_Oil_80_ZhengChenPelegYbaseSplit;test;0;SG_15_3_2+AreaNormalization;pls;"{""n_components"": 12}";3.541;3.5027924511430952
Corn_Oil_80_ZhengChenPelegYbaseSplit;test;0;SG_15_3_2+AreaNormalization;pls;"{""n_components"": 12}";3.569;3.5321157424050966
Corn_Oil_80_ZhengChenPelegYbaseSplit;test;0;SG_15_3_2+AreaNormalization;pls;"{""n_components"": 12}";3.595;3.5508975195996713
Corn_Oil_80_ZhengChenPelegYbaseSplit;test;0;SG_15_3_2+AreaNormalization;pls;"{""n_components"": 12}";3.661;3.5881024613538846
Corn_Oil_80_ZhengChenPelegYbaseSplit;test;0;SG_15_3_2+AreaNormalization;pls;"{""n_components"": 12}";3.687;3.6552294105307803
Corn_Oil_80_ZhengChenPelegYbaseSplit;test;0;SG_15_3_2+AreaNormalization;pls;"{""n_components"": 12}";3.72;3.6295504251055513
Corn_Oil_80_ZhengChenPelegYbaseSplit;test;0;SG_15_3_2+AreaNormalization;pls;"{""n_components"": 12}";3.82;3.701226509153348
Corn_Oil_80_ZhengChenPelegYbaseSplit;valid;1;SG_15_3_2+AreaNormalization;pls;"{""n_components"": 12}";3.088;3.2618327749412472
Corn_Oil_80_ZhengChenPelegYbaseSplit;valid;1;SG_15_3_2+AreaNormalization;pls;"{""n_components"": 12}";3.212;3.2322848872444436
Corn_Oil_80_ZhengChenPelegYbaseSplit;valid;1;SG_15_3_2+AreaNormalization;pls;"{""n_components"": 12}";3.316;3.3278840875321087
Corn_Oil_80_ZhengChenPelegYbaseSplit;valid;1;SG_15_3_2+AreaNormalization;pls;"{""n_components"": 12}";3.328;3.2647067927534343
Corn_Oil_80_ZhengChenPelegYbaseSplit;valid;1;SG_15_3_2+AreaNormalization;pls;"{""n_components"": 12}";3.407;3.3691874815718594
Corn_Oil_80_ZhengChenPelegYbaseSplit;valid;1;SG_15_3_2+AreaNormalization;pls;"{""n_components"": 12}";3.446;3.504650487626289
Corn_Oil_80_ZhengChenPelegYbaseSplit;valid;1;SG_15_3_2+AreaNormalization;pls;"{""n_components"": 12}";3.457;3.5011879957951666
Corn_Oil_80_ZhengChenPelegYbaseSplit;valid;1;SG_15_3_2+AreaNormalization;pls;"{""n_components"": 12}";3.479;3.5030873868246273
Corn_Oil_80_ZhengChenPelegYbaseSplit;valid;1;SG_15_3_2+AreaNormalization;pls;"{""n_components"": 12}";3.496;3.4715244866021453
Corn_Oil_80_ZhengChenPelegYbaseSplit;valid;1;SG_15_3_2+AreaNormalization;pls;"{""n_components"": 12}";3.497;3.632548127219554
Corn_Oil_80_ZhengChenPelegYbaseSplit;valid;1;SG_15_3_2+AreaNormalization;pls;"{""n_components"": 12}";3.507;3.4460918865944374
Corn_Oil_80_ZhengChenPelegYbaseSplit;valid;1;SG_15_3_2+AreaNormalization;pls;"{""n_components"": 12}";3.55;3.560942351024558
Corn_Oil_80_ZhengChenPelegYbaseSplit;valid;1;SG_15_3_2+AreaNormalization;pls;"{""n_components"": 12}";3.556;3.577440018580905
Corn_Oil_80_ZhengChenPelegYbaseSplit;valid;1;SG_15_3_2+AreaNormalization;pls;"{""n_components"": 12}";3.583;3.6004165583403784
Corn_Oil_80_ZhengChenPelegYbaseSplit;valid;1;SG_15_3_2+AreaNormalization;pls;"{""n_components"": 12}";3.641;3.575118101033743
Corn_Oil_80_ZhengChenPelegYbaseSplit;valid;1;SG_15_3_2+AreaNormalization;pls;"{""n_components"": 12}";3.67;3.5933961171898368
Corn_Oil_80_ZhengChenPelegYbaseSplit;valid;1;SG_15_3_2+AreaNormalization;pls;"{""n_components"": 12}";3.677;3.7124819137778533
Corn_Oil_80_ZhengChenPelegYbaseSplit;valid;1;SG_15_3_2+AreaNormalization;pls;"{""n_components"": 12}";3.686;3.6489083678791405
Corn_Oil_80_ZhengChenPelegYbaseSplit;valid;1;SG_15_3_2+AreaNormalization;pls;"{""n_components"": 12}";3.716;3.6561123634475052
Corn_Oil_80_ZhengChenPelegYbaseSplit;valid;1;SG_15_3_2+AreaNormalization;pls;"{""n_components"": 12}";3.766;3.678275890331173
Corn_Oil_80_ZhengChenPelegYbaseSplit;valid;1;SG_15_3_2+AreaNormalization;pls;"{""n_components"": 12}";3.832;3.7714874910641756
Corn_Oil_80_ZhengChenPelegYbaseSplit;test;1;SG_15_3_2+AreaNormalization;pls;"{""n_components"": 12}";3.163;3.2470706146476176
Corn_Oil_80_ZhengChenPelegYbaseSplit;test;1;SG_15_3_2+AreaNormalization;pls;"{""n_components"": 12}";3.226;3.290065132696161
Corn_Oil_80_ZhengChenPelegYbaseSplit;test;1;SG_15_3_2+AreaNormalization;pls;"{""n_components"": 12}";3.306;3.398754539546426
Corn_Oil_80_ZhengChenPelegYbaseSplit;test;1;SG_15_3_2+AreaNormalization;pls;"{""n_components"": 12}";3.363;3.4404275577904513
Corn_Oil_80_ZhengChenPelegYbaseSplit;test;1;SG_15_3_2+AreaNormalization;pls;"{""n_components"": 12}";3.417;3.4416018897800393
Corn_Oil_80_ZhengChenPelegYbaseSplit;test;1;SG_15_3_2+AreaNormalization;pls;"{""n_components"": 12}";3.446;3.5938347775490214
Corn_Oil_80_ZhengChenPelegYbaseSplit;test;1;SG_15_3_2+AreaNormalization;pls;"{""n_components"": 12}";3.46;3.527243837836819
Corn_Oil_80_ZhengChenPelegYbaseSplit;test;1;SG_15_3_2+AreaNormalization;pls;"{""n_components"": 12}";3.494;3.4857510421678044
Corn_Oil_80_ZhengChenPelegYbaseSplit;test;1;SG_15_3_2+AreaNormalization;pls;"{""n_components"": 12}";3.505;3.5103810603971803
Corn_Oil_80_ZhengChenPelegYbaseSplit;test;1;SG_15_3_2+AreaNormalization;pls;"{""n_components"": 12}";3.541;3.5542373978962556
Corn_Oil_80_ZhengChenPelegYbaseSplit;test;1;SG_15_3_2+AreaNormalization;pls;"{""n_components"": 12}";3.569;3.4793756087824743
Corn_Oil_80_ZhengChenPelegYbaseSplit;test;1;SG_15_3_2+AreaNormalization;pls;"{""n_components"": 12}";3.595;3.5221891967661696
Corn_Oil_80_ZhengChenPelegYbaseSplit;test;1;SG_15_3_2+AreaNormalization;pls;"{""n_components"": 12}";3.661;3.5517935129828473
Corn_Oil_80_ZhengChenPelegYbaseSplit;test;1;SG_15_3_2+AreaNormalization;pls;"{""n_components"": 12}";3.687;3.6596754341048423
Corn_Oil_80_ZhengChenPelegYbaseSplit;test;1;SG_15_3_2+AreaNormalization;pls;"{""n_components"": 12}";3.72;3.608973895733416
Corn_Oil_80_ZhengChenPelegYbaseSplit;test;1;SG_15_3_2+AreaNormalization;pls;"{""n_components"": 12}";3.82;3.648556080500066
Corn_Oil_80_ZhengChenPelegYbaseSplit;valid;2;SG_15_3_2+AreaNormalization;pls;"{""n_components"": 12}";3.105;3.200331454474426
Corn_Oil_80_ZhengChenPelegYbaseSplit;valid;2;SG_15_3_2+AreaNormalization;pls;"{""n_components"": 12}";3.212;3.1261381862225894
Corn_Oil_80_ZhengChenPelegYbaseSplit;valid;2;SG_15_3_2+AreaNormalization;pls;"{""n_components"": 12}";3.251;3.286604364333995
Corn_Oil_80_ZhengChenPelegYbaseSplit;valid;2;SG_15_3_2+AreaNormalization;pls;"{""n_components"": 12}";3.306;3.212265758707013
Corn_Oil_80_ZhengChenPelegYbaseSplit;valid;2;SG_15_3_2+AreaNormalization;pls;"{""n_components"": 12}";3.38;3.278544338557006
Corn_Oil_80_ZhengChenPelegYbaseSplit;valid;2;SG_15_3_2+AreaNormalization;pls;"{""n_components"": 12}";3.404;3.387830100871152
Corn_Oil_80_ZhengChenPelegYbaseSplit;valid;2;SG_15_3_2+AreaNormalization;pls;"{""n_components"": 12}";3.437;3.4680713539878973
Corn_Oil_80_ZhengChenPelegYbaseSplit;valid;2;SG_15_3_2+AreaNormalization;pls;"{""n_components"": 12}";3.449;3.504105340370651
Corn_Oil_80_ZhengChenPelegYbaseSplit;valid;2;SG_15_3_2+AreaNormalization;pls;"{""n_components"": 12}";3.449;3.272272903605348
Corn_Oil_80_ZhengChenPelegYbaseSplit;valid;2;SG_15_3_2+AreaNormalization;pls;"{""n_components"": 12}";3.49;3.58613718379408
Corn_Oil_80_ZhengChenPelegYbaseSplit;valid;2;SG_15_3_2+AreaNormalization;pls;"{""n_components"": 12}";3.491;3.4667524415892945
Corn_Oil_80_ZhengChenPelegYbaseSplit;valid;2;SG_15_3_2+AreaNormalization;pls;"{""n_components"": 12}";3.519;3.588108594593654
Corn_Oil_80_ZhengChenPelegYbaseSplit;valid;2;SG_15_3_2+AreaNormalization;pls;"{""n_components"": 12}";3.557;3.4648516874740865
Corn_Oil_80_ZhengChenPelegYbaseSplit;valid;2;SG_15_3_2+AreaNormalization;pls;"{""n_components"": 12}";3.584;3.550291251731752
Corn_Oil_80_ZhengChenPelegYbaseSplit;valid;2;SG_15_3_2+AreaNormalization;pls;"{""n_components"": 12}";3.59;3.570904328699355
Corn_Oil_80_ZhengChenPelegYbaseSplit;valid;2;SG_15_3_2+AreaNormalization;pls;"{""n_components"": 12}";3.59;3.582138970928785
Corn_Oil_80_ZhengChenPelegYbaseSplit;valid;2;SG_15_3_2+AreaNormalization;pls;"{""n_components"": 12}";3.652;3.54035109439473
Corn_Oil_80_ZhengChenPelegYbaseSplit;valid;2;SG_15_3_2+AreaNormalization;pls;"{""n_components"": 12}";3.676;3.623548920975075
Corn_Oil_80_ZhengChenPelegYbaseSplit;valid;2;SG_15_3_2+AreaNormalization;pls;"{""n_components"": 12}";3.71;3.672910317032829
Corn_Oil_80_ZhengChenPelegYbaseSplit;valid;2;SG_15_3_2+AreaNormalization;pls;"{""n_components"": 12}";3.751;3.6598233781941074
Corn_Oil_80_ZhengChenPelegYbaseSplit;valid;2;SG_15_3_2+AreaNormalization;pls;"{""n_components"": 12}";3.787;3.8112852033196596
Corn_Oil_80_ZhengChenPelegYbaseSplit;test;2;SG_15_3_2+AreaNormalization;pls;"{""n_components"": 12}";3.163;3.1776728825225313
Corn_Oil_80_ZhengChenPelegYbaseSplit;test;2;SG_15_3_2+AreaNormalization;pls;"{""n_components"": 12}";3.226;3.277796131243298
Corn_Oil_80_ZhengChenPelegYbaseSplit;test;2;SG_15_3_2+AreaNormalization;pls;"{""n_components"": 12}";3.306;3.319349705340796
Corn_Oil_80_ZhengChenPelegYbaseSplit;test;2;SG_15_3_2+AreaNormalization;pls;"{""n_components"": 12}";3.363;3.458844163917484
Corn_Oil_80_ZhengChenPelegYbaseSplit;test;2;SG_15_3_2+AreaNormalization;pls;"{""n_components"": 12}";3.417;3.4346134415430973
Corn_Oil_80_ZhengChenPelegYbaseSplit;test;2;SG_15_3_2+AreaNormalization;pls;"{""n_components"": 12}";3.446;3.4375522345149236
Corn_Oil_80_ZhengChenPelegYbaseSplit;test;2;SG_15_3_2+AreaNormalization;pls;"{""n_components"": 12}";3.46;3.5131236432948394
Corn_Oil_80_ZhengChenPelegYbaseSplit;test;2;SG_15_3_2+AreaNormalization;pls;"{""n_components"": 12}";3.494;3.5009835662315703
Corn_Oil_80_ZhengChenPelegYbaseSplit;test;2;SG_15_3_2+AreaNormalization;pls;"{""n_components"": 12}";3.505;3.497783003937074
Corn_Oil_80_ZhengChenPelegYbaseSplit;test;2;SG_15_3_2+AreaNormalization;pls;"{""n_components"": 12}";3.541;3.5049515887817893
Corn_Oil_80_ZhengChenPelegYbaseSplit;test;2;SG_15_3_2+AreaNormalization;pls;"{""n_components"": 12}";3.569;3.5214808381205387
Corn_Oil_80_ZhengChenPelegYbaseSplit;test;2;SG_15_3_2+AreaNormalization;pls;"{""n_components"": 12}";3.595;3.4693861889437336
Corn_Oil_80_ZhengChenPelegYbaseSplit;test;2;SG_15_3_2+AreaNormalization;pls;"{""n_components"": 12}";3.661;3.6062897566880725
Corn_Oil_80_ZhengChenPelegYbaseSplit;test;2;SG_15_3_2+AreaNormalization;pls;"{""n_components"": 12}";3.687;3.5984670972649537
Corn_Oil_80_ZhengChenPelegYbaseSplit;test;2;SG_15_3_2+AreaNormalization;pls;"{""n_components"": 12}";3.72;3.617987764711578
Corn_Oil_80_ZhengChenPelegYbaseSplit;test;2;SG_15_3_2+AreaNormalization;pls;"{""n_components"": 12}";3.82;3.741893417090974
Corn_Oil_80_ZhengChenPelegYbaseSplit;valid;0;SG_21_3_2;pls;"{""n_components"": 15}";3.176;3.2063421607088616
Corn_Oil_80_ZhengChenPelegYbaseSplit;valid;0;SG_21_3_2;pls;"{""n_components"": 15}";3.201;3.192208638018804
Corn_Oil_80_ZhengChenPelegYbaseSplit;valid;0;SG_21_3_2;pls;"{""n_components"": 15}";3.264;3.243895109300159
Corn_Oil_80_ZhengChenPelegYbaseSplit;valid;0;SG_21_3_2;pls;"{""n_components"": 15}";3.28;3.3107655750345795
Corn_Oil_80_ZhengChenPelegYbaseSplit;valid;0;SG_21_3_2;pls;"{""n_components"": 15}";3.3;3.3183866459046136
Corn_Oil_80_ZhengChenPelegYbaseSplit;valid;0;SG_21_3_2;pls;"{""n_components"": 15}";3.345;3.3766089503431043
Corn_Oil_80_ZhengChenPelegYbaseSplit;valid;0;SG_21_3_2;pls;"{""n_components"": 15}";3.415;3.404722278643491
Corn_Oil_80_ZhengChenPelegYbaseSplit;valid;0;SG_21_3_2;pls;"{""n_components"": 15}";3.424;3.4413869175152008
Corn_Oil_80_ZhengChenPelegYbaseSplit;valid;0;SG_21_3_2;pls;"{""n_components"": 15}";3.435;3.434921290259815
Corn_Oil_80_ZhengChenPelegYbaseSplit;valid;0;SG_21_3_2;pls;"{""n_components"": 15}";3.451;3.4430751849339982
Corn_Oil_80_ZhengChenPelegYbaseSplit;valid;0;SG_21_3_2;pls;"{""n_components"": 15}";3.464;3.4702884160938328
Corn_Oil_80_ZhengChenPelegYbaseSplit;valid;0;SG_21_3_2;pls;"{""n_components"": 15}";3.494;3.5455445841461337
Corn_Oil_80_ZhengChenPelegYbaseSplit;valid;0;SG_21_3_2;pls;"{""n_components"": 15}";3.504;3.497405183368688
Corn_Oil_80_ZhengChenPelegYbaseSplit;valid;0;SG_21_3_2;pls;"{""n_components"": 15}";3.524;3.540002004770335
Corn_Oil_80_ZhengChenPelegYbaseSplit;valid;0;SG_21_3_2;pls;"{""n_components"": 15}";3.539;3.5337447158033255
Corn_Oil_80_ZhengChenPelegYbaseSplit;valid;0;SG_21_3_2;pls;"{""n_components"": 15}";3.556;3.5580201578738917
Corn_Oil_80_ZhengChenPelegYbaseSplit;valid;0;SG_21_3_2;pls;"{""n_components"": 15}";3.619;3.5903001174209717
Corn_Oil_80_ZhengChenPelegYbaseSplit;valid;0;SG_21_3_2;pls;"{""n_components"": 15}";3.645;3.6569241883042407
Corn_Oil_80_ZhengChenPelegYbaseSplit;valid;0;SG_21_3_2;pls;"{""n_components"": 15}";3.693;3.6683256356900493
Corn_Oil_80_ZhengChenPelegYbaseSplit;valid;0;SG_21_3_2;pls;"{""n_components"": 15}";3.699;3.675598341982997
Corn_Oil_80_ZhengChenPelegYbaseSplit;valid;0;SG_21_3_2;pls;"{""n_components"": 15}";3.748;3.702258007288322
Corn_Oil_80_ZhengChenPelegYbaseSplit;valid;0;SG_21_3_2;pls;"{""n_components"": 15}";3.822;3.8339313271708875
Corn_Oil_80_ZhengChenPelegYbaseSplit;test;0;SG_21_3_2;pls;"{""n_components"": 15}";3.163;3.1036797081657586
Corn_Oil_80_ZhengChenPelegYbaseSplit;test;0;SG_21_3_2;pls;"{""n_components"": 15}";3.226;3.2335485806659205
Corn_Oil_80_ZhengChenPelegYbaseSplit;test;0;SG_21_3_2;pls;"{""n_components"": 15}";3.306;3.2764279535003418
Corn_Oil_80_ZhengChenPelegYbaseSplit;test;0;SG_21_3_2;pls;"{""n_components"": 15}";3.363;3.4100257369096547
Corn_Oil_80_ZhengChenPelegYbaseSplit;test;0;SG_21_3_2;pls;"{""n_components"": 15}";3.417;3.416126166630137
Corn_Oil_80_ZhengChenPelegYbaseSplit;test;0;SG_21_3_2;pls;"{""n_components"": 15}";3.446;3.445161569883994
Corn_Oil_80_ZhengChenPelegYbaseSplit;test;0;SG_21_3_2;pls;"{""n_components"": 15}";3.46;3.46250179768984
Corn_Oil_80_ZhengChenPelegYbaseSplit;test;0;SG_21_3_2;pls;"{""n_components"": 15}";3.494;3.4897155264437627
Corn_Oil_80_ZhengChenPelegYbaseSplit;test;0;SG_21_3_2;pls;"{""n_components"": 15}";3.505;3.4735903583804646
Corn_Oil_80_ZhengChenPelegYbaseSplit;test;0;SG_21_3_2;pls;"{""n_components"": 15}";3.541;3.533893929770521
Corn_Oil_80_ZhengChenPelegYbaseSplit;test;0;SG_21_3_2;pls;"{""n_components"": 15}";3.569;3.526330853697551
Corn_Oil_80_ZhengChenPelegYbaseSplit;test;0;SG_21_3_2;pls;"{""n_components"": 15}";3.595;3.585100714797302
Corn_Oil_80_ZhengChenPelegYbaseSplit;test;0;SG_21_3_2;pls;"{""n_components"": 15}";3.661;3.624595512804951
Corn_Oil_80_ZhengChenPelegYbaseSplit;test;0;SG_21_3_2;pls;"{""n_components"": 15}";3.687;3.6672460770338393
Corn_Oil_80_ZhengChenPelegYbaseSplit;test;0;SG_21_3_2;pls;"{""n_components"": 15}";3.72;3.6937016972159955
Corn_Oil_80_ZhengChenPelegYbaseSplit;test;0;SG_21_3_2;pls;"{""n_components"": 15}";3.82;3.785063611294054
Corn_Oil_80_ZhengChenPelegYbaseSplit;valid;1;SG_21_3_2;pls;"{""n_components"": 15}";3.088;3.1508393107147668
Corn_Oil_80_ZhengChenPelegYbaseSplit;valid;1;SG_21_3_2;pls;"{""n_components"": 15}";3.212;3.1880799492577796
Corn_Oil_80_ZhengChenPelegYbaseSplit;valid;1;SG_21_3_2;pls;"{""n_components"": 15}";3.316;3.3703263205978415
Corn_Oil_80_ZhengChenPelegYbaseSplit;valid;1;SG_21_3_2;pls;"{""n_components"": 15}";3.328;3.295506686419467
Corn_Oil_80_ZhengChenPelegYbaseSplit;valid;1;SG_21_3_2;pls;"{""n_components"": 15}";3.407;3.3782061999092883
Corn_Oil_80_ZhengChenPelegYbaseSplit;valid;1;SG_21_3_2;pls;"{""n_components"": 15}";3.446;3.4452632093276745
Corn_Oil_80_ZhengChenPelegYbaseSplit;valid;1;SG_21_3_2;pls;"{""n_components"": 15}";3.457;3.4630586204590887
Corn_Oil_80_ZhengChenPelegYbaseSplit;valid;1;SG_21_3_2;pls;"{""n_components"": 15}";3.479;3.534729414205155
Corn_Oil_80_ZhengChenPelegYbaseSplit;valid;1;SG_21_3_2;pls;"{""n_components"": 15}";3.496;3.476725806224713
Corn_Oil_80_ZhengChenPelegYbaseSplit;valid;1;SG_21_3_2;pls;"{""n_components"": 15}";3.497;3.4991436265894733
Corn_Oil_80_ZhengChenPelegYbaseSplit;valid;1;SG_21_3_2;pls;"{""n_components"": 15}";3.507;3.5112479465148265
Corn_Oil_80_ZhengChenPelegYbaseSplit;valid;1;SG_21_3_2;pls;"{""n_components"": 15}";3.55;3.586955014859618
Corn_Oil_80_ZhengChenPelegYbaseSplit;valid;1;SG_21_3_2;pls;"{""n_components"": 15}";3.556;3.607972090889877
Corn_Oil_80_ZhengChenPelegYbaseSplit;valid;1;SG_21_3_2;pls;"{""n_components"": 15}";3.583;3.579637046917404
Corn_Oil_80_ZhengChenPelegYbaseSplit;valid;1;SG_21_3_2;pls;"{""n_components"": 15}";3.641;3.663184302324282
Corn_Oil_80_ZhengChenPelegYbaseSplit;valid;1;SG_21_3_2;pls;"{""n_components"": 15}";3.67;3.6625457948394926
Corn_Oil_80_ZhengChenPelegYbaseSplit;valid;1;SG_21_3_2;pls;"{""n_components"": 15}";3.677;3.7328583767892503
Corn_Oil_80_ZhengChenPelegYbaseSplit;valid;1;SG_21_3_2;pls;"{""n_components"": 15}";3.686;3.7015193465133533
Corn_Oil_80_ZhengChenPelegYbaseSplit;valid;1;SG_21_3_2;pls;"{""n_components"": 15}";3.716;3.7104440526327456
Corn_Oil_80_ZhengChenPelegYbaseSplit;valid;1;SG_21_3_2;pls;"{""n_components"": 15}";3.766;3.8317354687029255
Corn_Oil_80_ZhengChenPelegYbaseSplit;valid;1;SG_21_3_2;pls;"{""n_components"": 15}";3.832;3.8181313551569476
Corn_Oil_80_ZhengChenPelegYbaseSplit;test;1;SG_21_3_2;pls;"{""n_components"": 15}";3.163;3.1185290667516217
Corn_Oil_80_ZhengChenPelegYbaseSplit;test;1;SG_21_3_2;pls;"{""n_components"": 15}";3.226;3.2224218836987486
Corn_Oil_80_ZhengChenPelegYbaseSplit;test;1;SG_21_3_2;pls;"{""n_components"": 15}";3.306;3.2980302329385527
Corn_Oil_80_ZhengChenPelegYbaseSplit;test;1;SG_21_3_2;pls;"{""n_components"": 15}";3.363;3.372191287460546
Corn_Oil_80_ZhengChenPelegYbaseSplit;test;1;SG_21_3_2;pls;"{""n_components"": 15}";3.417;3.4167902452199055
Corn_Oil_80_ZhengChenPelegYbaseSplit;test;1;SG_21_3_2;pls;"{""n_components"": 15}";3.446;3.4717088245122216
Corn_Oil_80_ZhengChenPelegYbaseSplit;test;1;SG_21_3_2;pls;"{""n_components"": 15}";3.46;3.532416393264298
Corn_Oil_80_ZhengChenPelegYbaseSplit;test;1;SG_21_3_2;pls;"{""n_components"": 15}";3.494;3.504275173399675
Corn_Oil_80_ZhengChenPelegYbaseSplit;test;1;SG_21_3_2;pls;"{""n_components"": 15}";3.505;3.488402243524622
Corn_Oil_80_ZhengChenPelegYbaseSplit;test;1;SG_21_3_2;pls;"{""n_components"": 15}";3.541;3.5382441949328607
Corn_Oil_80_ZhengChenPelegYbaseSplit;test;1;SG_21_3_2;pls;"{""n_components"": 15}";3.569;3.5029296590983297
Corn_Oil_80_ZhengChenPelegYbaseSplit;test;1;SG_21_3_2;pls;"{""n_components"": 15}";3.595;3.60203338998431
Corn_Oil_80_ZhengChenPelegYbaseSplit;test;1;SG_21_3_2;pls;"{""n_components"": 15}";3.661;3.6407704840458104
Corn_Oil_80_ZhengChenPelegYbaseSplit;test;1;SG_21_3_2;pls;"{""n_components"": 15}";3.687;3.7109884503318913
Corn_Oil_80_ZhengChenPelegYbaseSplit;test;1;SG_21_3_2;pls;"{""n_components"": 15}";3.72;3.6978574118342173
Corn_Oil_80_ZhengChenPelegYbaseSplit;test;1;SG_21_3_2;pls;"{""n_components"": 15}";3.82;3.728297420325493
Corn_Oil_80_ZhengChenPelegYbaseSplit;valid;2;SG_21_3_2;pls;"{""n_components"": 15}";3.105;3.0715524909585774
Corn_Oil_80_ZhengChenPelegYbaseSplit;valid;2;SG_21_3_2;pls;"{""n_components"": 15}";3.212;3.2138694484321784
Corn_Oil_80_ZhengChenPelegYbaseSplit;valid;2;SG_21_3_2;pls;"{""n_components"": 15}";3.251;3.269511177706332
Corn_Oil_80_ZhengChenPelegYbaseSplit;valid;2;SG_21_3_2;pls;"{""n_components"": 15}";3.306;3.294406943861801
Corn_Oil_80_ZhengChenPelegYbaseSplit;valid;2;SG_21_3_2;pls;"{""n_components"": 15}";3.38;3.3375226784525505
Corn_Oil_80_ZhengChenPelegYbaseSplit;valid;2;SG_21_3_2;pls;"{""n_components"": 15}";3.404;3.408715220067667
Corn_Oil_80_ZhengChenPelegYbaseSplit;valid;2;SG_21_3_2;pls;"{""n_components"": 15}";3.437;3.4507929000363977
Corn_Oil_80_ZhengChenPelegYbaseSplit;valid;2;SG_21_3_2;pls;"{""n_components"": 15}";3.449;3.427784407561217
Corn_Oil_80_ZhengChenPelegYbaseSplit;valid;2;SG_21_3_2;pls;"{""n_components"": 15}";3.449;3.453008629809289
Corn_Oil_80_ZhengChenPelegYbaseSplit;valid;2;SG_21_3_2;pls;"{""n_components"": 15}";3.49;3.470052131710755
Corn_Oil_80_ZhengChenPelegYbaseSplit;valid;2;SG_21_3_2;pls;"{""n_components"": 15}";3.491;3.47545720384458
Corn_Oil_80_ZhengChenPelegYbaseSplit;valid;2;SG_21_3_2;pls;"{""n_components"": 15}";3.519;3.483488640701902
Corn_Oil_80_ZhengChenPelegYbaseSplit;valid;2;SG_21_3_2;pls;"{""n_components"": 15}";3.557;3.546103044505086
Corn_Oil_80_ZhengChenPelegYbaseSplit;valid;2;SG_21_3_2;pls;"{""n_components"": 15}";3.584;3.5432270276404196
Corn_Oil_80_ZhengChenPelegYbaseSplit;valid;2;SG_21_3_2;pls;"{""n_components"": 15}";3.59;3.5215640719752193
Corn_Oil_80_ZhengChenPelegYbaseSplit;valid;2;SG_21_3_2;pls;"{""n_components"": 15}";3.59;3.589696371531366
Corn_Oil_80_ZhengChenPelegYbaseSplit;valid;2;SG_21_3_2;pls;"{""n_components"": 15}";3.652;3.6817545513401915
Corn_Oil_80_ZhengChenPelegYbaseSplit;valid;2;SG_21_3_2;pls;"{""n_components"": 15}";3.676;3.6614952933626523
Corn_Oil_80_ZhengChenPelegYbaseSplit;valid;2;SG_21_3_2;pls;"{""n_components"": 15}";3.71;3.7061016229721293
Corn_Oil_80_ZhengChenPelegYbaseSplit;valid;2;SG_21_3_2;pls;"{""n_components"": 15}";3.751;3.739968502921216
Corn_Oil_80_ZhengChenPelegYbaseSplit;valid;2;SG_21_3_2;pls;"{""n_components"": 15}";3.787;3.8024782790568827
Corn_Oil_80_ZhengChenPelegYbaseSplit;test;2;SG_21_3_2;pls;"{""n_components"": 15}";3.163;3.1298727559557356
Corn_Oil_80_ZhengChenPelegYbaseSplit;test;2;SG_21_3_2;pls;"{""n_components"": 15}";3.226;3.236857846469269
Corn_Oil_80_ZhengChenPelegYbaseSplit;test;2;SG_21_3_2;pls;"{""n_components"": 15}";3.306;3.263318978946637
Corn_Oil_80_ZhengChenPelegYbaseSplit;test;2;SG_21_3_2;pls;"{""n_components"": 15}";3.363;3.3789660937318327
Corn_Oil_80_ZhengChenPelegYbaseSplit;test;2;SG_21_3_2;pls;"{""n_components"": 15}";3.417;3.409191553853212
Corn_Oil_80_ZhengChenPelegYbaseSplit;test;2;SG_21_3_2;pls;"{""n_components"": 15}";3.446;3.4607624145921956
Corn_Oil_80_ZhengChenPelegYbaseSplit;test;2;SG_21_3_2;pls;"{""n_components"": 15}";3.46;3.438563447441626
Corn_Oil_80_ZhengChenPelegYbaseSplit;test;2;SG_21_3_2;pls;"{""n_components"": 15}";3.494;3.4934046077331082
Corn_Oil_80_ZhengChenPelegYbaseSplit;test;2;SG_21_3_2;pls;"{""n_components"": 15}";3.505;3.479588063399589
Corn_Oil_80_ZhengChenPelegYbaseSplit;test;2;SG_21_3_2;pls;"{""n_components"": 15}";3.541;3.5143731032165566
Corn_Oil_80_ZhengChenPelegYbaseSplit;test;2;SG_21_3_2;pls;"{""n_components"": 15}";3.569;3.4948398555095186
Corn_Oil_80_ZhengChenPelegYbaseSplit;test;2;SG_21_3_2;pls;"{""n_components"": 15}";3.595;3.60997642453836
Corn_Oil_80_ZhengChenPelegYbaseSplit;test;2;SG_21_3_2;pls;"{""n_components"": 15}";3.661;3.6185513561171803
Corn_Oil_80_ZhengChenPelegYbaseSplit;test;2;SG_21_3_2;pls;"{""n_components"": 15}";3.687;3.6936811187710004
Corn_Oil_80_ZhengChenPelegYbaseSplit;test;2;SG_21_3_2;pls;"{""n_components"": 15}";3.72;3.6961874727254185
Corn_Oil_80_ZhengChenPelegYbaseSplit;test;2;SG_21_3_2;pls;"{""n_components"": 15}";3.82;3.7783093302695407
Corn_Oil_80_ZhengChenPelegYbaseSplit;valid;0;SG_21_3_2+Haar;pls;"{""n_components"": 19}";3.176;3.211500437942357
Corn_Oil_80_ZhengChenPelegYbaseSplit;valid;0;SG_21_3_2+Haar;pls;"{""n_components"": 19}";3.201;3.225095289642366
Corn_Oil_80_ZhengChenPelegYbaseSplit;valid;0;SG_21_3_2+Haar;pls;"{""n_components"": 19}";3.264;3.2759576928374803
Corn_Oil_80_ZhengChenPelegYbaseSplit;valid;0;SG_21_3_2+Haar;pls;"{""n_components"": 19}";3.28;3.3211811227400774
Corn_Oil_80_ZhengChenPelegYbaseSplit;valid;0;SG_21_3_2+Haar;pls;"{""n_components"": 19}";3.3;3.3270103772986452
Corn_Oil_80_ZhengChenPelegYbaseSplit;valid;0;SG_21_3_2+Haar;pls;"{""n_components"": 19}";3.345;3.347186487755213
Corn_Oil_80_ZhengChenPelegYbaseSplit;valid;0;SG_21_3_2+Haar;pls;"{""n_components"": 19}";3.415;3.3911179405871597
Corn_Oil_80_ZhengChenPelegYbaseSplit;valid;0;SG_21_3_2+Haar;pls;"{""n_components"": 19}";3.424;3.4724083667968766
Corn_Oil_80_ZhengChenPelegYbaseSplit;valid;0;SG_21_3_2+Haar;pls;"{""n_components"": 19}";3.435;3.447149648774404
Corn_Oil_80_ZhengChenPelegYbaseSplit;valid;0;SG_21_3_2+Haar;pls;"{""n_components"": 19}";3.451;3.4491989315631217
Corn_Oil_80_ZhengChenPelegYbaseSplit;valid;0;SG_21_3_2+Haar;pls;"{""n_components"": 19}";3.464;3.4678976246310316
Corn_Oil_80_ZhengChenPelegYbaseSplit;valid;0;SG_21_3_2+Haar;pls;"{""n_components"": 19}";3.494;3.5854693377298803
Corn_Oil_80_ZhengChenPelegYbaseSplit;valid;0;SG_21_3_2+Haar;pls;"{""n_components"": 19}";3.504;3.484075610381121
Corn_Oil_80_ZhengChenPelegYbaseSplit;valid;0;SG_21_3_2+Haar;pls;"{""n_components"": 19}";3.524;3.5607363574521953
Corn_Oil_80_ZhengChenPelegYbaseSplit;valid;0;SG_21_3_2+Haar;pls;"{""n_components"": 19}";3.539;3.5462870601480874
Corn_Oil_80_ZhengChenPelegYbaseSplit;valid;0;SG_21_3_2+Haar;pls;"{""n_components"": 19}";3.556;3.6005923835960933
Corn_Oil_80_ZhengChenPelegYbaseSplit;valid;0;SG_21_3_2+Haar;pls;"{""n_components"": 19}";3.619;3.6078763318436007
Corn_Oil_80_ZhengChenPelegYbaseSplit;valid;0;SG_21_3_2+Haar;pls;"{""n_components"": 19}";3.645;3.6504345477925457
Corn_Oil_80_ZhengChenPelegYbaseSplit;valid;0;SG_21_3_2+Haar;pls;"{""n_components"": 19}";3.693;3.694394650037587
Corn_Oil_80_ZhengChenPelegYbaseSplit;valid;0;SG_21_3_2+Haar;pls;"{""n_components"": 19}";3.699;3.655869171352909
Corn_Oil_80_ZhengChenPelegYbaseSplit;valid;0;SG_21_3_2+Haar;pls;"{""n_components"": 19}";3.748;3.7122599264761114
Corn_Oil_80_ZhengChenPelegYbaseSplit;valid;0;SG_21_3_2+Haar;pls;"{""n_components"": 19}";3.822;3.8355624067355625
Corn_Oil_80_ZhengChenPelegYbaseSplit;test;0;SG_21_3_2+Haar;pls;"{""n_components"": 19}";3.163;3.1682304109392367
Corn_Oil_80_ZhengChenPelegYbaseSplit;test;0;SG_21_3_2+Haar;pls;"{""n_components"": 19}";3.226;3.24223068439136
Corn_Oil_80_ZhengChenPelegYbaseSplit;test;0;SG_21_3_2+Haar;pls;"{""n_components"": 19}";3.306;3.298715255595992
Corn_Oil_80_ZhengChenPelegYbaseSplit;test;0;SG_21_3_2+Haar;pls;"{""n_components"": 19}";3.363;3.412738609205937
Corn_Oil_80_ZhengChenPelegYbaseSplit;test;0;SG_21_3_2+Haar;pls;"{""n_components"": 19}";3.417;3.412900868765713
Corn_Oil_80_ZhengChenPelegYbaseSplit;test;0;SG_21_3_2+Haar;pls;"{""n_components"": 19}";3.446;3.4740150388138566
Corn_Oil_80_ZhengChenPelegYbaseSplit;test;0;SG_21_3_2+Haar;pls;"{""n_components"": 19}";3.46;3.466500858667592
Corn_Oil_80_ZhengChenPelegYbaseSplit;test;0;SG_21_3_2+Haar;pls;"{""n_components"": 19}";3.494;3.5195631959497202
Corn_Oil_80_ZhengChenPelegYbaseSplit;test;0;SG_21_3_2+Haar;pls;"{""n_components"": 19}";3.505;3.4821308249808745
Corn_Oil_80_ZhengChenPelegYbaseSplit;test;0;SG_21_3_2+Haar;pls;"{""n_components"": 19}";3.541;3.525841774212007
Corn_Oil_80_ZhengChenPelegYbaseSplit;test;0;SG_21_3_2+Haar;pls;"{""n_components"": 19}";3.569;3.5588275727256784
Corn_Oil_80_ZhengChenPelegYbaseSplit;test;0;SG_21_3_2+Haar;pls;"{""n_components"": 19}";3.595;3.6117515528052015
Corn_Oil_80_ZhengChenPelegYbaseSplit;test;0;SG_21_3_2+Haar;pls;"{""n_components"": 19}";3.661;3.621278417927702
Corn_Oil_80_ZhengChenPelegYbaseSplit;test;0;SG_21_3_2+Haar;pls;"{""n_components"": 19}";3.687;3.7102844619810282
Corn_Oil_80_ZhengChenPelegYbaseSplit;test;0;SG_21_3_2+Haar;pls;"{""n_components"": 19}";3.72;3.679155464430395
Corn_Oil_80_ZhengChenPelegYbaseSplit;test;0;SG_21_3_2+Haar;pls;"{""n_components"": 19}";3.82;3.7632554234478492
Corn_Oil_80_ZhengChenPelegYbaseSplit;valid;1;SG_21_3_2+Haar;pls;"{""n_components"": 19}";3.088;3.190505975487242
Corn_Oil_80_ZhengChenPelegYbaseSplit;valid;1;SG_21_3_2+Haar;pls;"{""n_components"": 19}";3.212;3.197185274339417
Corn_Oil_80_ZhengChenPelegYbaseSplit;valid;1;SG_21_3_2+Haar;pls;"{""n_components"": 19}";3.316;3.364202890283625
Corn_Oil_80_ZhengChenPelegYbaseSplit;valid;1;SG_21_3_2+Haar;pls;"{""n_components"": 19}";3.328;3.303882643482347
Corn_Oil_80_ZhengChenPelegYbaseSplit;valid;1;SG_21_3_2+Haar;pls;"{""n_components"": 19}";3.407;3.3845218882192363
Corn_Oil_80_ZhengChenPelegYbaseSplit;valid;1;SG_21_3_2+Haar;pls;"{""n_components"": 19}";3.446;3.4488936121996847
Corn_Oil_80_ZhengChenPelegYbaseSplit;valid;1;SG_21_3_2+Haar;pls;"{""n_components"": 19}";3.457;3.472966579833091
Corn_Oil_80_ZhengChenPelegYbaseSplit;valid;1;SG_21_3_2+Haar;pls;"{""n_components"": 19}";3.479;3.5492563143788143
Corn_Oil_80_ZhengChenPelegYbaseSplit;valid;1;SG_21_3_2+Haar;pls;"{""n_components"": 19}";3.496;3.4902279250268995
Corn_Oil_80_ZhengChenPelegYbaseSplit;valid;1;SG_21_3_2+Haar;pls;"{""n_components"": 19}";3.497;3.5589929379960314
Corn_Oil_80_ZhengChenPelegYbaseSplit;valid;1;SG_21_3_2+Haar;pls;"{""n_components"": 19}";3.507;3.48891969071064
Corn_Oil_80_ZhengChenPelegYbaseSplit;valid;1;SG_21_3_2+Haar;pls;"{""n_components"": 19}";3.55;3.597779774340679
Corn_Oil_80_ZhengChenPelegYbaseSplit;valid;1;SG_21_3_2+Haar;pls;"{""n_components"": 19}";3.556;3.602514861703625
Corn_Oil_80_ZhengChenPelegYbaseSplit;valid;1;SG_21_3_2+Haar;pls;"{""n_components"": 19}";3.583;3.589147618891319
Corn_Oil_80_ZhengChenPelegYbaseSplit;valid;1;SG_21_3_2+Haar;pls;"{""n_components"": 19}";3.641;3.623654175881242
Corn_Oil_80_ZhengChenPelegYbaseSplit;valid;1;SG_21_3_2+Haar;pls;"{""n_components"": 19}";3.67;3.6552733917290925
Corn_Oil_80_ZhengChenPelegYbaseSplit;valid;1;SG_21_3_2+Haar;pls;"{""n_components"": 19}";3.677;3.7234269438192427
Corn_Oil_80_ZhengChenPelegYbaseSplit;valid;1;SG_21_3_2+Haar;pls;"{""n_components"": 19}";3.686;3.7133946241007663
Corn_Oil_80_ZhengChenPelegYbaseSplit;valid;1;SG_21_3_2+Haar;pls;"{""n_components"": 19}";3.716;3.7217330435852607
Corn_Oil_80_ZhengChenPelegYbaseSplit;valid;1;SG_21_3_2+Haar;pls;"{""n_components"": 19}";3.766;3.838824886722902
Corn_Oil_80_ZhengChenPelegYbaseSplit;valid;1;SG_21_3_2+Haar;pls;"{""n_components"": 19}";3.832;3.766791412397687
Corn_Oil_80_ZhengChenPelegYbaseSplit;test;1;SG_21_3_2+Haar;pls;"{""n_components"": 19}";3.163;3.165117048270755
Corn_Oil_80_ZhengChenPelegYbaseSplit;test;1;SG_21_3_2+Haar;pls;"{""n_components"": 19}";3.226;3.244091351973711
Corn_Oil_80_ZhengChenPelegYbaseSplit;test;1;SG_21_3_2+Haar;pls;"{""n_components"": 19}";3.306;3.285047062458271
Corn_Oil_80_ZhengChenPelegYbaseSplit;test;1;SG_21_3_2+Haar;pls;"{""n_components"": 19}";3.363;3.391342194915924
Corn_Oil_80_ZhengChenPelegYbaseSplit;test;1;SG_21_3_2+Haar;pls;"{""n_components"": 19}";3.417;3.425925603347979
Corn_Oil_80_ZhengChenPelegYbaseSplit;test;1;SG_21_3_2+Haar;pls;"{""n_components"": 19}";3.446;3.520213565219885
Corn_Oil_80_ZhengChenPelegYbaseSplit;test;1;SG_21_3_2+Haar;pls;"{""n_components"": 19}";3.46;3.533530198843875
Corn_Oil_80_ZhengChenPelegYbaseSplit;test;1;SG_21_3_2+Haar;pls;"{""n_components"": 19}";3.494;3.5001350044415966
Corn_Oil_80_ZhengChenPelegYbaseSplit;test;1;SG_21_3_2+Haar;pls;"{""n_components"": 19}";3.505;3.485761582277524
Corn_Oil_80_ZhengChenPelegYbaseSplit;test;1;SG_21_3_2+Haar;pls;"{""n_components"": 19}";3.541;3.546043377574966
Corn_Oil_80_ZhengChenPelegYbaseSplit;test;1;SG_21_3_2+Haar;pls;"{""n_components"": 19}";3.569;3.5321136704739584
Corn_Oil_80_ZhengChenPelegYbaseSplit;test;1;SG_21_3_2+Haar;pls;"{""n_components"": 19}";3.595;3.5856266524913067
Corn_Oil_80_ZhengChenPelegYbaseSplit;test;1;SG_21_3_2+Haar;pls;"{""n_components"": 19}";3.661;3.655843422543042
Corn_Oil_80_ZhengChenPelegYbaseSplit;test;1;SG_21_3_2+Haar;pls;"{""n_components"": 19}";3.687;3.694469877170046
Corn_Oil_80_ZhengChenPelegYbaseSplit;test;1;SG_21_3_2+Haar;pls;"{""n_components"": 19}";3.72;3.70604250846198
Corn_Oil_80_ZhengChenPelegYbaseSplit;test;1;SG_21_3_2+Haar;pls;"{""n_components"": 19}";3.82;3.710092599680592
Corn_Oil_80_ZhengChenPelegYbaseSplit;valid;2;SG_21_3_2+Haar;pls;"{""n_components"": 19}";3.105;3.10368361769893
Corn_Oil_80_ZhengChenPelegYbaseSplit;valid;2;SG_21_3_2+Haar;pls;"{""n_components"": 19}";3.212;3.2329266700407326
Corn_Oil_80_ZhengChenPelegYbaseSplit;valid;2;SG_21_3_2+Haar;pls;"{""n_components"": 19}";3.251;3.2648862942617174
Corn_Oil_80_ZhengChenPelegYbaseSplit;valid;2;SG_21_3_2+Haar;pls;"{""n_components"": 19}";3.306;3.2950482913077375
Corn_Oil_80_ZhengChenPelegYbaseSplit;valid;2;SG_21_3_2+Haar;pls;"{""n_components"": 19}";3.38;3.30254584471613
Corn_Oil_80_ZhengChenPelegYbaseSplit;valid;2;SG_21_3_2+Haar;pls;"{""n_components"": 19}";3.404;3.3983097174409265
Corn_Oil_80_ZhengChenPelegYbaseSplit;valid;2;SG_21_3_2+Haar;pls;"{""n_components"": 19}";3.437;3.4360930384699673
Corn_Oil_80_ZhengChenPelegYbaseSplit;valid;2;SG_21_3_2+Haar;pls;"{""n_components"": 19}";3.449;3.45904217822054
Corn_Oil_80_ZhengChenPelegYbaseSplit;valid;2;SG_21_3_2+Haar;pls;"{""n_components"": 19}";3.449;3.41369736144068
Corn_Oil_80_ZhengChenPelegYbaseSplit;valid;2;SG_21_3_2+Haar;pls;"{""n_components"": 19}";3.49;3.511109821721926
Corn_Oil_80_ZhengChenPelegYbaseSplit;valid;2;SG_21_3_2+Haar;pls;"{""n_components"": 19}";3.491;3.452264407932075
Corn_Oil_80_ZhengChenPelegYbaseSplit;valid;2;SG_21_3_2+Haar;pls;"{""n_components"": 19}";3.519;3.5242670988985743
Corn_Oil_80_ZhengChenPelegYbaseSplit;valid;2;SG_21_3_2+Haar;pls;"{""n_components"": 19}";3.557;3.521827427508551
Corn_Oil_80_ZhengChenPelegYbaseSplit;valid;2;SG_21_3_2+Haar;pls;"{""n_components"": 19}";3.584;3.529751696561203
Corn_Oil_80_ZhengChenPelegYbaseSplit;valid;2;SG_21_3_2+Haar;pls;"{""n_components"": 19}";3.59;3.5576743448881114
Corn_Oil_80_ZhengChenPelegYbaseSplit;valid;2;SG_21_3_2+Haar;pls;"{""n_components"": 19}";3.59;3.572002025320855
Corn_Oil_80_ZhengChenPelegYbaseSplit;valid;2;SG_21_3_2+Haar;pls;"{""n_components"": 19}";3.652;3.6402602778970006
Corn_Oil_80_ZhengChenPelegYbaseSplit;valid;2;SG_21_3_2+Haar;pls;"{""n_components"": 19}";3.676;3.6302051378374802
Corn_Oil_80_ZhengChenPelegYbaseSplit;valid;2;SG_21_3_2+Haar;pls;"{""n_components"": 19}";3.71;3.6711990357272897
Corn_Oil_80_ZhengChenPelegYbaseSplit;valid;2;SG_21_3_2+Haar;pls;"{""n_components"": 19}";3.751;3.713685904691114
Corn_Oil_80_ZhengChenPelegYbaseSplit;valid;2;SG_21_3_2+Haar;pls;"{""n_components"": 19}";3.787;3.794221429322951
Corn_Oil_80_ZhengChenPelegYbaseSplit;test;2;SG_21_3_2+Haar;pls;"{""n_components"": 19}";3.163;3.1738108493534476
Corn_Oil_80_ZhengChenPelegYbaseSplit;test;2;SG_21_3_2+Haar;pls;"{""n_components"": 19}";3.226;3.263857190763701
Corn_Oil_80_ZhengChenPelegYbaseSplit;test;2;SG_21_3_2+Haar;pls;"{""n_components"": 19}";3.306;3.2643699071477186
Corn_Oil_80_ZhengChenPelegYbaseSplit;test;2;SG_21_3_2+Haar;pls;"{""n_components"": 19}";3.363;3.3714028177196678
Corn_Oil_80_ZhengChenPelegYbaseSplit;test;2;SG_21_3_2+Haar;pls;"{""n_components"": 19}";3.417;3.410902603827716
Corn_Oil_80_ZhengChenPelegYbaseSplit;test;2;SG_21_3_2+Haar;pls;"{""n_components"": 19}";3.446;3.4667258190486434
Corn_Oil_80_ZhengChenPelegYbaseSplit;test;2;SG_21_3_2+Haar;pls;"{""n_components"": 19}";3.46;3.4735940819390354
Corn_Oil_80_ZhengChenPelegYbaseSplit;test;2;SG_21_3_2+Haar;pls;"{""n_components"": 19}";3.494;3.5053088188781127
Corn_Oil_80_ZhengChenPelegYbaseSplit;test;2;SG_21_3_2+Haar;pls;"{""n_components"": 19}";3.505;3.479336364464718
Corn_Oil_80_ZhengChenPelegYbaseSplit;test;2;SG_21_3_2+Haar;pls;"{""n_components"": 19}";3.541;3.4961098361152394
Corn_Oil_80_ZhengChenPelegYbaseSplit;test;2;SG_21_3_2+Haar;pls;"{""n_components"": 19}";3.569;3.5249972129137235
Corn_Oil_80_ZhengChenPelegYbaseSplit;test;2;SG_21_3_2+Haar;pls;"{""n_components"": 19}";3.595;3.5737623166497405
Corn_Oil_80_ZhengChenPelegYbaseSplit;test;2;SG_21_3_2+Haar;pls;"{""n_components"": 19}";3.661;3.6182301046619663
Corn_Oil_80_ZhengChenPelegYbaseSplit;test;2;SG_21_3_2+Haar;pls;"{""n_components"": 19}";3.687;3.6857041809313906
Corn_Oil_80_ZhengChenPelegYbaseSplit;test;2;SG_21_3_2+Haar;pls;"{""n_components"": 19}";3.72;3.7010618918441756
Corn_Oil_80_ZhengChenPelegYbaseSplit;test;2;SG_21_3_2+Haar;pls;"{""n_components"": 19}";3.82;3.766727754459238
Corn_Oil_80_ZhengChenPelegYbaseSplit;valid;0;SG_21_3_2+AreaNormalization;pls;"{""n_components"": 16}";3.176;3.079685833750655
Corn_Oil_80_ZhengChenPelegYbaseSplit;valid;0;SG_21_3_2+AreaNormalization;pls;"{""n_components"": 16}";3.201;3.261657997218614
Corn_Oil_80_ZhengChenPelegYbaseSplit;valid;0;SG_21_3_2+AreaNormalization;pls;"{""n_components"": 16}";3.264;3.244224268167375
Corn_Oil_80_ZhengChenPelegYbaseSplit;valid;0;SG_21_3_2+AreaNormalization;pls;"{""n_components"": 16}";3.28;3.3122429882632805
Corn_Oil_80_ZhengChenPelegYbaseSplit;valid;0;SG_21_3_2+AreaNormalization;pls;"{""n_components"": 16}";3.3;3.3123448294697115
Corn_Oil_80_ZhengChenPelegYbaseSplit;valid;0;SG_21_3_2+AreaNormalization;pls;"{""n_components"": 16}";3.345;3.402783194214873
Corn_Oil_80_ZhengChenPelegYbaseSplit;valid;0;SG_21_3_2+AreaNormalization;pls;"{""n_components"": 16}";3.415;3.3420454487935496
Corn_Oil_80_ZhengChenPelegYbaseSplit;valid;0;SG_21_3_2+AreaNormalization;pls;"{""n_components"": 16}";3.424;3.4564213520843956
Corn_Oil_80_ZhengChenPelegYbaseSplit;valid;0;SG_21_3_2+AreaNormalization;pls;"{""n_components"": 16}";3.435;3.298166337188259
Corn_Oil_80_ZhengChenPelegYbaseSplit;valid;0;SG_21_3_2+AreaNormalization;pls;"{""n_components"": 16}";3.451;3.471598893095395
Corn_Oil_80_ZhengChenPelegYbaseSplit;valid;0;SG_21_3_2+AreaNormalization;pls;"{""n_components"": 16}";3.464;3.4717125941441953
Corn_Oil_80_ZhengChenPelegYbaseSplit;valid;0;SG_21_3_2+AreaNormalization;pls;"{""n_components"": 16}";3.494;3.565741584903734
Corn_Oil_80_ZhengChenPelegYbaseSplit;valid;0;SG_21_3_2+AreaNormalization;pls;"{""n_components"": 16}";3.504;3.543358992042122
Corn_Oil_80_ZhengChenPelegYbaseSplit;valid;0;SG_21_3_2+AreaNormalization;pls;"{""n_components"": 16}";3.524;3.446305566695506
Corn_Oil_80_ZhengChenPelegYbaseSplit;valid;0;SG_21_3_2+AreaNormalization;pls;"{""n_components"": 16}";3.539;3.490698506148398
Corn_Oil_80_ZhengChenPelegYbaseSplit;valid;0;SG_21_3_2+AreaNormalization;pls;"{""n_components"": 16}";3.556;3.4963469067777324
Corn_Oil_80_ZhengChenPelegYbaseSplit;valid;0;SG_21_3_2+AreaNormalization;pls;"{""n_components"": 16}";3.619;3.6232469046707743
Corn_Oil_80_ZhengChenPelegYbaseSplit;valid;0;SG_21_3_2+AreaNormalization;pls;"{""n_components"": 16}";3.645;3.652691763428883
Corn_Oil_80_ZhengChenPelegYbaseSplit;valid;0;SG_21_3_2+AreaNormalization;pls;"{""n_components"": 16}";3.693;3.661371827688611
Corn_Oil_80_ZhengChenPelegYbaseSplit;valid;0;SG_21_3_2+AreaNormalization;pls;"{""n_components"": 16}";3.699;3.6887908810322245
Corn_Oil_80_ZhengChenPelegYbaseSplit;valid;0;SG_21_3_2+AreaNormalization;pls;"{""n_components"": 16}";3.748;3.658190545188074
Corn_Oil_80_ZhengChenPelegYbaseSplit;valid;0;SG_21_3_2+AreaNormalization;pls;"{""n_components"": 16}";3.822;3.8518918213445423
Corn_Oil_80_ZhengChenPelegYbaseSplit;test;0;SG_21_3_2+AreaNormalization;pls;"{""n_components"": 16}";3.163;3.055788408043827
Corn_Oil_80_ZhengChenPelegYbaseSplit;test;0;SG_21_3_2+AreaNormalization;pls;"{""n_components"": 16}";3.226;3.2034524460276623
Corn_Oil_80_ZhengChenPelegYbaseSplit;test;0;SG_21_3_2+AreaNormalization;pls;"{""n_components"": 16}";3.306;3.345432563388099
Corn_Oil_80_ZhengChenPelegYbaseSplit;test;0;SG_21_3_2+AreaNormalization;pls;"{""n_components"": 16}";3.363;3.367932991014829
Corn_Oil_80_ZhengChenPelegYbaseSplit;test;0;SG_21_3_2+AreaNormalization;pls;"{""n_components"": 16}";3.417;3.4370633849284307
Corn_Oil_80_ZhengChenPelegYbaseSplit;test;0;SG_21_3_2+AreaNormalization;pls;"{""n_components"": 16}";3.446;3.429847583410092
Corn_Oil_80_ZhengChenPelegYbaseSplit;test;0;SG_21_3_2+AreaNormalization;pls;"{""n_components"": 16}";3.46;3.396149315255908
Corn_Oil_80_ZhengChenPelegYbaseSplit;test;0;SG_21_3_2+AreaNormalization;pls;"{""n_components"": 16}";3.494;3.5229968348539837
Corn_Oil_80_ZhengChenPelegYbaseSplit;test;0;SG_21_3_2+AreaNormalization;pls;"{""n_components"": 16}";3.505;3.544545035740796
Corn_Oil_80_ZhengChenPelegYbaseSplit;test;0;SG_21_3_2+AreaNormalization;pls;"{""n_components"": 16}";3.541;3.4937383407465226
Corn_Oil_80_ZhengChenPelegYbaseSplit;test;0;SG_21_3_2+AreaNormalization;pls;"{""n_components"": 16}";3.569;3.537637281091574
Corn_Oil_80_ZhengChenPelegYbaseSplit;test;0;SG_21_3_2+AreaNormalization;pls;"{""n_components"": 16}";3.595;3.523069351692549
Corn_Oil_80_ZhengChenPelegYbaseSplit;test;0;SG_21_3_2+AreaNormalization;pls;"{""n_components"": 16}";3.661;3.5828448736996257
Corn_Oil_80_ZhengChenPelegYbaseSplit;test;0;SG_21_3_2+AreaNormalization;pls;"{""n_components"": 16}";3.687;3.651970014206768
Corn_Oil_80_ZhengChenPelegYbaseSplit;test;0;SG_21_3_2+AreaNormalization;pls;"{""n_components"": 16}";3.72;3.6435941115069777
Corn_Oil_80_ZhengChenPelegYbaseSplit;test;0;SG_21_3_2+AreaNormalization;pls;"{""n_components"": 16}";3.82;3.738452410685486
Corn_Oil_80_ZhengChenPelegYbaseSplit;valid;1;SG_21_3_2+AreaNormalization;pls;"{""n_components"": 16}";3.088;3.1702036628526313
Corn_Oil_80_ZhengChenPelegYbaseSplit;valid;1;SG_21_3_2+AreaNormalization;pls;"{""n_components"": 16}";3.212;3.262514182266982
Corn_Oil_80_ZhengChenPelegYbaseSplit;valid;1;SG_21_3_2+AreaNormalization;pls;"{""n_components"": 16}";3.316;3.303528771964693
Corn_Oil_80_ZhengChenPelegYbaseSplit;valid;1;SG_21_3_2+AreaNormalization;pls;"{""n_components"": 16}";3.328;3.2391467164922525
Corn_Oil_80_ZhengChenPelegYbaseSplit;valid;1;SG_21_3_2+AreaNormalization;pls;"{""n_components"": 16}";3.407;3.3996027304669787
Corn_Oil_80_ZhengChenPelegYbaseSplit;valid;1;SG_21_3_2+AreaNormalization;pls;"{""n_components"": 16}";3.446;3.520037043458034
Corn_Oil_80_ZhengChenPelegYbaseSplit;valid;1;SG_21_3_2+AreaNormalization;pls;"{""n_components"": 16}";3.457;3.5224493732843047
Corn_Oil_80_ZhengChenPelegYbaseSplit;valid;1;SG_21_3_2+AreaNormalization;pls;"{""n_components"": 16}";3.479;3.522527071994141
Corn_Oil_80_ZhengChenPelegYbaseSplit;valid;1;SG_21_3_2+AreaNormalization;pls;"{""n_components"": 16}";3.496;3.5079327480592446
Corn_Oil_80_ZhengChenPelegYbaseSplit;valid;1;SG_21_3_2+AreaNormalization;pls;"{""n_components"": 16}";3.497;3.6240750468310505
Corn_Oil_80_ZhengChenPelegYbaseSplit;valid;1;SG_21_3_2+AreaNormalization;pls;"{""n_components"": 16}";3.507;3.4959052340348786
Corn_Oil_80_ZhengChenPelegYbaseSplit;valid;1;SG_21_3_2+AreaNormalization;pls;"{""n_components"": 16}";3.55;3.520846929356386
Corn_Oil_80_ZhengChenPelegYbaseSplit;valid;1;SG_21_3_2+AreaNormalization;pls;"{""n_components"": 16}";3.556;3.5282681499258266
Corn_Oil_80_ZhengChenPelegYbaseSplit;valid;1;SG_21_3_2+AreaNormalization;pls;"{""n_components"": 16}";3.583;3.618432463966841
Corn_Oil_80_ZhengChenPelegYbaseSplit;valid;1;SG_21_3_2+AreaNormalization;pls;"{""n_components"": 16}";3.641;3.607413188907248
Corn_Oil_80_ZhengChenPelegYbaseSplit;valid;1;SG_21_3_2+AreaNormalization;pls;"{""n_components"": 16}";3.67;3.5650693583095245
Corn_Oil_80_ZhengChenPelegYbaseSplit;valid;1;SG_21_3_2+AreaNormalization;pls;"{""n_components"": 16}";3.677;3.6896828640122017
Corn_Oil_80_ZhengChenPelegYbaseSplit;valid;1;SG_21_3_2+AreaNormalization;pls;"{""n_components"": 16}";3.686;3.707444713624119
Corn_Oil_80_ZhengChenPelegYbaseSplit;valid;1;SG_21_3_2+AreaNormalization;pls;"{""n_components"": 16}";3.716;3.7169881152460165
Corn_Oil_80_ZhengChenPelegYbaseSplit;valid;1;SG_21_3_2+AreaNormalization;pls;"{""n_components"": 16}";3.766;3.6812989833915415
Corn_Oil_80_ZhengChenPelegYbaseSplit;valid;1;SG_21_3_2+AreaNormalization;pls;"{""n_components"": 16}";3.832;3.784003391617151
Corn_Oil_80_ZhengChenPelegYbaseSplit;test;1;SG_21_3_2+AreaNormalization;pls;"{""n_components"": 16}";3.163;3.151004709831718
Corn_Oil_80_ZhengChenPelegYbaseSplit;test;1;SG_21_3_2+AreaNormalization;pls;"{""n_components"": 16}";3.226;3.254085902362967
Corn_Oil_80_ZhengChenPelegYbaseSplit;test;1;SG_21_3_2+AreaNormalization;pls;"{""n_components"": 16}";3.306;3.3889498750190326
Corn_Oil_80_ZhengChenPelegYbaseSplit;test;1;SG_21_3_2+AreaNormalization;pls;"{""n_components"": 16}";3.363;3.4592211311258247
Corn_Oil_80_ZhengChenPelegYbaseSplit;test;1;SG_21_3_2+AreaNormalization;pls;"{""n_components"": 16}";3.417;3.4421757910697894
Corn_Oil_80_ZhengChenPelegYbaseSplit;test;1;SG_21_3_2+AreaNormalization;pls;"{""n_components"": 16}";3.446;3.5687401736687008
Corn_Oil_80_ZhengChenPelegYbaseSplit;test;1;SG_21_3_2+AreaNormalization;pls;"{""n_components"": 16}";3.46;3.5346971799969116
Corn_Oil_80_ZhengChenPelegYbaseSplit;test;1;SG_21_3_2+AreaNormalization;pls;"{""n_components"": 16}";3.494;3.48347541502308
Corn_Oil_80_ZhengChenPelegYbaseSplit;test;1;SG_21_3_2+AreaNormalization;pls;"{""n_components"": 16}";3.505;3.512142935254387
Corn_Oil_80_ZhengChenPelegYbaseSplit;test;1;SG_21_3_2+AreaNormalization;pls;"{""n_components"": 16}";3.541;3.5443471711736363
Corn_Oil_80_ZhengChenPelegYbaseSplit;test;1;SG_21_3_2+AreaNormalization;pls;"{""n_components"": 16}";3.569;3.4975716507091397
Corn_Oil_80_ZhengChenPelegYbaseSplit;test;1;SG_21_3_2+AreaNormalization;pls;"{""n_components"": 16}";3.595;3.4855199931232255
Corn_Oil_80_ZhengChenPelegYbaseSplit;test;1;SG_21_3_2+AreaNormalization;pls;"{""n_components"": 16}";3.661;3.5788743488818437
Corn_Oil_80_ZhengChenPelegYbaseSplit;test;1;SG_21_3_2+AreaNormalization;pls;"{""n_components"": 16}";3.687;3.6832653815421033
Corn_Oil_80_ZhengChenPelegYbaseSplit;test;1;SG_21_3_2+AreaNormalization;pls;"{""n_components"": 16}";3.72;3.6628250637674014
Corn_Oil_80_ZhengChenPelegYbaseSplit;test;1;SG_21_3_2+AreaNormalization;pls;"{""n_components"": 16}";3.82;3.7548229400068016
Corn_Oil_80_ZhengChenPelegYbaseSplit;valid;2;SG_21_3_2+AreaNormalization;pls;"{""n_components"": 16}";3.105;3.142668511197275
Corn_Oil_80_ZhengChenPelegYbaseSplit;valid;2;SG_21_3_2+AreaNormalization;pls;"{""n_components"": 16}";3.212;3.206689251491489
Corn_Oil_80_ZhengChenPelegYbaseSplit;valid;2;SG_21_3_2+AreaNormalization;pls;"{""n_components"": 16}";3.251;3.303417027938544
Corn_Oil_80_ZhengChenPelegYbaseSplit;valid;2;SG_21_3_2+AreaNormalization;pls;"{""n_components"": 16}";3.306;3.287029531281797
Corn_Oil_80_ZhengChenPelegYbaseSplit;valid;2;SG_21_3_2+AreaNormalization;pls;"{""n_components"": 16}";3.38;3.3068478323345776
Corn_Oil_80_ZhengChenPelegYbaseSplit;valid;2;SG_21_3_2+AreaNormalization;pls;"{""n_components"": 16}";3.404;3.3976717285722255
Corn_Oil_80_ZhengChenPelegYbaseSplit;valid;2;SG_21_3_2+AreaNormalization;pls;"{""n_components"": 16}";3.437;3.4502928465480456
Corn_Oil_80_ZhengChenPelegYbaseSplit;valid;2;SG_21_3_2+AreaNormalization;pls;"{""n_components"": 16}";3.449;3.484130772897587
Corn_Oil_80_ZhengChenPelegYbaseSplit;valid;2;SG_21_3_2+AreaNormalization;pls;"{""n_components"": 16}";3.449;3.364715473823561
Corn_Oil_80_ZhengChenPelegYbaseSplit;valid;2;SG_21_3_2+AreaNormalization;pls;"{""n_components"": 16}";3.49;3.6352852872096713
Corn_Oil_80_ZhengChenPelegYbaseSplit;valid;2;SG_21_3_2+AreaNormalization;pls;"{""n_components"": 16}";3.491;3.4633377068193028
Corn_Oil_80_ZhengChenPelegYbaseSplit;valid;2;SG_21_3_2+AreaNormalization;pls;"{""n_components"": 16}";3.519;3.6419172361269943
Corn_Oil_80_ZhengChenPelegYbaseSplit;valid;2;SG_21_3_2+AreaNormalization;pls;"{""n_components"": 16}";3.557;3.4826379495932014
Corn_Oil_80_ZhengChenPelegYbaseSplit;valid;2;SG_21_3_2+AreaNormalization;pls;"{""n_components"": 16}";3.584;3.5813339107267526
Corn_Oil_80_ZhengChenPelegYbaseSplit;valid;2;SG_21_3_2+AreaNormalization;pls;"{""n_components"": 16}";3.59;3.628465505831742
Corn_Oil_80_ZhengChenPelegYbaseSplit;valid;2;SG_21_3_2+AreaNormalization;pls;"{""n_components"": 16}";3.59;3.566417755623531
Corn_Oil_80_ZhengChenPelegYbaseSplit;valid;2;SG_21_3_2+AreaNormalization;pls;"{""n_components"": 16}";3.652;3.5761836831954295
Corn_Oil_80_ZhengChenPelegYbaseSplit;valid;2;SG_21_3_2+AreaNormalization;pls;"{""n_components"": 16}";3.676;3.6497249567503
Corn_Oil_80_ZhengChenPelegYbaseSplit;valid;2;SG_21_3_2+AreaNormalization;pls;"{""n_components"": 16}";3.71;3.698023221463936
Corn_Oil_80_ZhengChenPelegYbaseSplit;valid;2;SG_21_3_2+AreaNormalization;pls;"{""n_components"": 16}";3.751;3.698573332504277
Corn_Oil_80_ZhengChenPelegYbaseSplit;valid;2;SG_21_3_2+AreaNormalization;pls;"{""n_components"": 16}";3.787;3.8236563496325537
Corn_Oil_80_ZhengChenPelegYbaseSplit;test;2;SG_21_3_2+AreaNormalization;pls;"{""n_components"": 16}";3.163;3.088998666781058
Corn_Oil_80_ZhengChenPelegYbaseSplit;test;2;SG_21_3_2+AreaNormalization;pls;"{""n_components"": 16}";3.226;3.278458364275466
Corn_Oil_80_ZhengChenPelegYbaseSplit;test;2;SG_21_3_2+AreaNormalization;pls;"{""n_components"": 16}";3.306;3.3586584883947155
Corn_Oil_80_ZhengChenPelegYbaseSplit;test;2;SG_21_3_2+AreaNormalization;pls;"{""n_components"": 16}";3.363;3.4826880167640857
Corn_Oil_80_ZhengChenPelegYbaseSplit;test;2;SG_21_3_2+AreaNormalization;pls;"{""n_components"": 16}";3.417;3.408305391926148
Corn_Oil_80_ZhengChenPelegYbaseSplit;test;2;SG_21_3_2+AreaNormalization;pls;"{""n_components"": 16}";3.446;3.431774309809886
Corn_Oil_80_ZhengChenPelegYbaseSplit;test;2;SG_21_3_2+AreaNormalization;pls;"{""n_components"": 16}";3.46;3.478924976161665
Corn_Oil_80_ZhengChenPelegYbaseSplit;test;2;SG_21_3_2+AreaNormalization;pls;"{""n_components"": 16}";3.494;3.4884250539894754
Corn_Oil_80_ZhengChenPelegYbaseSplit;test;2;SG_21_3_2+AreaNormalization;pls;"{""n_components"": 16}";3.505;3.4830580197685563
Corn_Oil_80_ZhengChenPelegYbaseSplit;test;2;SG_21_3_2+AreaNormalization;pls;"{""n_components"": 16}";3.541;3.4773119036480074
Corn_Oil_80_ZhengChenPelegYbaseSplit;test;2;SG_21_3_2+AreaNormalization;pls;"{""n_components"": 16}";3.569;3.5516197058531733
Corn_Oil_80_ZhengChenPelegYbaseSplit;test;2;SG_21_3_2+AreaNormalization;pls;"{""n_components"": 16}";3.595;3.4625908459094266
Corn_Oil_80_ZhengChenPelegYbaseSplit;test;2;SG_21_3_2+AreaNormalization;pls;"{""n_components"": 16}";3.661;3.614405491237745
Corn_Oil_80_ZhengChenPelegYbaseSplit;test;2;SG_21_3_2+AreaNormalization;pls;"{""n_components"": 16}";3.687;3.669077691467981
Corn_Oil_80_ZhengChenPelegYbaseSplit;test;2;SG_21_3_2+AreaNormalization;pls;"{""n_components"": 16}";3.72;3.6341618114382173
Corn_Oil_80_ZhengChenPelegYbaseSplit;test;2;SG_21_3_2+AreaNormalization;pls;"{""n_components"": 16}";3.82;3.7767042214794193
Corn_Oil_80_ZhengChenPelegYbaseSplit;valid;0;Gaussian_1_2;pls;"{""n_components"": 20}";3.176;3.196826672384586
Corn_Oil_80_ZhengChenPelegYbaseSplit;valid;0;Gaussian_1_2;pls;"{""n_components"": 20}";3.201;3.2073779491259833
Corn_Oil_80_ZhengChenPelegYbaseSplit;valid;0;Gaussian_1_2;pls;"{""n_components"": 20}";3.264;3.2439783189946234
Corn_Oil_80_ZhengChenPelegYbaseSplit;valid;0;Gaussian_1_2;pls;"{""n_components"": 20}";3.28;3.3042564145434667
Corn_Oil_80_ZhengChenPelegYbaseSplit;valid;0;Gaussian_1_2;pls;"{""n_components"": 20}";3.3;3.3313107915025935
Corn_Oil_80_ZhengChenPelegYbaseSplit;valid;0;Gaussian_1_2;pls;"{""n_components"": 20}";3.345;3.378172347353549
Corn_Oil_80_ZhengChenPelegYbaseSplit;valid;0;Gaussian_1_2;pls;"{""n_components"": 20}";3.415;3.4154848507021023
Corn_Oil_80_ZhengChenPelegYbaseSplit;valid;0;Gaussian_1_2;pls;"{""n_components"": 20}";3.424;3.4299284733045545
Corn_Oil_80_ZhengChenPelegYbaseSplit;valid;0;Gaussian_1_2;pls;"{""n_components"": 20}";3.435;3.427440580807849
Corn_Oil_80_ZhengChenPelegYbaseSplit;valid;0;Gaussian_1_2;pls;"{""n_components"": 20}";3.451;3.453492291418539
Corn_Oil_80_ZhengChenPelegYbaseSplit;valid;0;Gaussian_1_2;pls;"{""n_components"": 20}";3.464;3.4422890296168163
Corn_Oil_80_ZhengChenPelegYbaseSplit;valid;0;Gaussian_1_2;pls;"{""n_components"": 20}";3.494;3.5506153202966275
Corn_Oil_80_ZhengChenPelegYbaseSplit;valid;0;Gaussian_1_2;pls;"{""n_components"": 20}";3.504;3.5050219638967466
Corn_Oil_80_ZhengChenPelegYbaseSplit;valid;0;Gaussian_1_2;pls;"{""n_components"": 20}";3.524;3.5594922173449186
Corn_Oil_80_ZhengChenPelegYbaseSplit;valid;0;Gaussian_1_2;pls;"{""n_components"": 20}";3.539;3.5425222362700843
Corn_Oil_80_ZhengChenPelegYbaseSplit;valid;0;Gaussian_1_2;pls;"{""n_components"": 20}";3.556;3.571028412827216
Corn_Oil_80_ZhengChenPelegYbaseSplit;valid;0;Gaussian_1_2;pls;"{""n_components"": 20}";3.619;3.5888861821671822
Corn_Oil_80_ZhengChenPelegYbaseSplit;valid;0;Gaussian_1_2;pls;"{""n_components"": 20}";3.645;3.6366335621800383
Corn_Oil_80_ZhengChenPelegYbaseSplit;valid;0;Gaussian_1_2;pls;"{""n_components"": 20}";3.693;3.6835260038923097
Corn_Oil_80_ZhengChenPelegYbaseSplit;valid;0;Gaussian_1_2;pls;"{""n_components"": 20}";3.699;3.7039097662880276
Corn_Oil_80_ZhengChenPelegYbaseSplit;valid;0;Gaussian_1_2;pls;"{""n_components"": 20}";3.748;3.723100837554452
Corn_Oil_80_ZhengChenPelegYbaseSplit;valid;0;Gaussian_1_2;pls;"{""n_components"": 20}";3.822;3.838002478804641
Corn_Oil_80_ZhengChenPelegYbaseSplit;test;0;Gaussian_1_2;pls;"{""n_components"": 20}";3.163;3.126192640862757
Corn_Oil_80_ZhengChenPelegYbaseSplit;test;0;Gaussian_1_2;pls;"{""n_components"": 20}";3.226;3.2220315808095483
Corn_Oil_80_ZhengChenPelegYbaseSplit;test;0;Gaussian_1_2;pls;"{""n_components"": 20}";3.306;3.2850318036996287
Corn_Oil_80_ZhengChenPelegYbaseSplit;test;0;Gaussian_1_2;pls;"{""n_components"": 20}";3.363;3.393835548201653
Corn_Oil_80_ZhengChenPelegYbaseSplit;test;0;Gaussian_1_2;pls;"{""n_components"": 20}";3.417;3.4456722415225487
Corn_Oil_80_ZhengChenPelegYbaseSplit;test;0;Gaussian_1_2;pls;"{""n_components"": 20}";3.446;3.4536613889996164
Corn_Oil_80_ZhengChenPelegYbaseSplit;test;0;Gaussian_1_2;pls;"{""n_components"": 20}";3.46;3.494697347295593
Corn_Oil_80_ZhengChenPelegYbaseSplit;test;0;Gaussian_1_2;pls;"{""n_components"": 20}";3.494;3.4704441247159425
Corn_Oil_80_ZhengChenPelegYbaseSplit;test;0;Gaussian_1_2;pls;"{""n_components"": 20}";3.505;3.4888520920280137
Corn_Oil_80_ZhengChenPelegYbaseSplit;test;0;Gaussian_1_2;pls;"{""n_components"": 20}";3.541;3.5563285453387494
Corn_Oil_80_ZhengChenPelegYbaseSplit;test;0;Gaussian_1_2;pls;"{""n_components"": 20}";3.569;3.5161932114355285
Corn_Oil_80_ZhengChenPelegYbaseSplit;test;0;Gaussian_1_2;pls;"{""n_components"": 20}";3.595;3.611630208717939
Corn_Oil_80_ZhengChenPelegYbaseSplit;test;0;Gaussian_1_2;pls;"{""n_components"": 20}";3.661;3.6333148187885134
Corn_Oil_80_ZhengChenPelegYbaseSplit;test;0;Gaussian_1_2;pls;"{""n_components"": 20}";3.687;3.6785258073791414
Corn_Oil_80_ZhengChenPelegYbaseSplit;test;0;Gaussian_1_2;pls;"{""n_components"": 20}";3.72;3.6788096818015585
Corn_Oil_80_ZhengChenPelegYbaseSplit;test;0;Gaussian_1_2;pls;"{""n_components"": 20}";3.82;3.7689340309828077
Corn_Oil_80_ZhengChenPelegYbaseSplit;valid;1;Gaussian_1_2;pls;"{""n_components"": 20}";3.088;3.1524668615221465
Corn_Oil_80_ZhengChenPelegYbaseSplit;valid;1;Gaussian_1_2;pls;"{""n_components"": 20}";3.212;3.1900917010748557
Corn_Oil_80_ZhengChenPelegYbaseSplit;valid;1;Gaussian_1_2;pls;"{""n_components"": 20}";3.316;3.337517196104586
Corn_Oil_80_ZhengChenPelegYbaseSplit;valid;1;Gaussian_1_2;pls;"{""n_components"": 20}";3.328;3.311335409787571
Corn_Oil_80_ZhengChenPelegYbaseSplit;valid;1;Gaussian_1_2;pls;"{""n_components"": 20}";3.407;3.391329216638839
Corn_Oil_80_ZhengChenPelegYbaseSplit;valid;1;Gaussian_1_2;pls;"{""n_components"": 20}";3.446;3.4238820957859377
Corn_Oil_80_ZhengChenPelegYbaseSplit;valid;1;Gaussian_1_2;pls;"{""n_components"": 20}";3.457;3.4792136527771613
Corn_Oil_80_ZhengChenPelegYbaseSplit;valid;1;Gaussian_1_2;pls;"{""n_components"": 20}";3.479;3.5208658399629824
Corn_Oil_80_ZhengChenPelegYbaseSplit;valid;1;Gaussian_1_2;pls;"{""n_components"": 20}";3.496;3.477962809704091
Corn_Oil_80_ZhengChenPelegYbaseSplit;valid;1;Gaussian_1_2;pls;"{""n_components"": 20}";3.497;3.5267745761019205
Corn_Oil_80_ZhengChenPelegYbaseSplit;valid;1;Gaussian_1_2;pls;"{""n_components"": 20}";3.507;3.4883582736883154
Corn_Oil_80_ZhengChenPelegYbaseSplit;valid;1;Gaussian_1_2;pls;"{""n_components"": 20}";3.55;3.5722635195561714
Corn_Oil_80_ZhengChenPelegYbaseSplit;valid;1;Gaussian_1_2;pls;"{""n_components"": 20}";3.556;3.5783018024517768
Corn_Oil_80_ZhengChenPelegYbaseSplit;valid;1;Gaussian_1_2;pls;"{""n_components"": 20}";3.583;3.5966001329256247
Corn_Oil_80_ZhengChenPelegYbaseSplit;valid;1;Gaussian_1_2;pls;"{""n_components"": 20}";3.641;3.6089129432053197
Corn_Oil_80_ZhengChenPelegYbaseSplit;valid;1;Gaussian_1_2;pls;"{""n_components"": 20}";3.67;3.645810231541358
Corn_Oil_80_ZhengChenPelegYbaseSplit;valid;1;Gaussian_1_2;pls;"{""n_components"": 20}";3.677;3.6956207289539798
Corn_Oil_80_ZhengChenPelegYbaseSplit;valid;1;Gaussian_1_2;pls;"{""n_components"": 20}";3.686;3.722006918965592
Corn_Oil_80_ZhengChenPelegYbaseSplit;valid;1;Gaussian_1_2;pls;"{""n_components"": 20}";3.716;3.7141437019823402
Corn_Oil_80_ZhengChenPelegYbaseSplit;valid;1;Gaussian_1_2;pls;"{""n_components"": 20}";3.766;3.812593552591386
Corn_Oil_80_ZhengChenPelegYbaseSplit;valid;1;Gaussian_1_2;pls;"{""n_components"": 20}";3.832;3.753862820541154
Corn_Oil_80_ZhengChenPelegYbaseSplit;test;1;Gaussian_1_2;pls;"{""n_components"": 20}";3.163;3.154895165993443
Corn_Oil_80_ZhengChenPelegYbaseSplit;test;1;Gaussian_1_2;pls;"{""n_components"": 20}";3.226;3.2173496282670717
Corn_Oil_80_ZhengChenPelegYbaseSplit;test;1;Gaussian_1_2;pls;"{""n_components"": 20}";3.306;3.291341376220241
Corn_Oil_80_ZhengChenPelegYbaseSplit;test;1;Gaussian_1_2;pls;"{""n_components"": 20}";3.363;3.365698348758544
Corn_Oil_80_ZhengChenPelegYbaseSplit;test;1;Gaussian_1_2;pls;"{""n_components"": 20}";3.417;3.4454858600089726
Corn_Oil_80_ZhengChenPelegYbaseSplit;test;1;Gaussian_1_2;pls;"{""n_components"": 20}";3.446;3.4912461733364992
Corn_Oil_80_ZhengChenPelegYbaseSplit;test;1;Gaussian_1_2;pls;"{""n_components"": 20}";3.46;3.508068867357958
Corn_Oil_80_ZhengChenPelegYbaseSplit;test;1;Gaussian_1_2;pls;"{""n_components"": 20}";3.494;3.475736591988572
Corn_Oil_80_ZhengChenPelegYbaseSplit;test;1;Gaussian_1_2;pls;"{""n_components"": 20}";3.505;3.4933876509118305
Corn_Oil_80_ZhengChenPelegYbaseSplit;test;1;Gaussian_1_2;pls;"{""n_components"": 20}";3.541;3.54241999249298
Corn_Oil_80_ZhengChenPelegYbaseSplit;test;1;Gaussian_1_2;pls;"{""n_components"": 20}";3.569;3.501950018008297
Corn_Oil_80_ZhengChenPelegYbaseSplit;test;1;Gaussian_1_2;pls;"{""n_components"": 20}";3.595;3.5866081917886223
Corn_Oil_80_ZhengChenPelegYbaseSplit;test;1;Gaussian_1_2;pls;"{""n_components"": 20}";3.661;3.615195857868989
Corn_Oil_80_ZhengChenPelegYbaseSplit;test;1;Gaussian_1_2;pls;"{""n_components"": 20}";3.687;3.711557793336093
Corn_Oil_80_ZhengChenPelegYbaseSplit;test;1;Gaussian_1_2;pls;"{""n_components"": 20}";3.72;3.7127010995989034
Corn_Oil_80_ZhengChenPelegYbaseSplit;test;1;Gaussian_1_2;pls;"{""n_components"": 20}";3.82;3.7040978688508517
Corn_Oil_80_ZhengChenPelegYbaseSplit;valid;2;Gaussian_1_2;pls;"{""n_components"": 20}";3.105;3.1178139407705068
Corn_Oil_80_ZhengChenPelegYbaseSplit;valid;2;Gaussian_1_2;pls;"{""n_components"": 20}";3.212;3.2136103968659357
Corn_Oil_80_ZhengChenPelegYbaseSplit;valid;2;Gaussian_1_2;pls;"{""n_components"": 20}";3.251;3.2869919979804814
Corn_Oil_80_ZhengChenPelegYbaseSplit;valid;2;Gaussian_1_2;pls;"{""n_components"": 20}";3.306;3.28139875137074
Corn_Oil_80_ZhengChenPelegYbaseSplit;valid;2;Gaussian_1_2;pls;"{""n_components"": 20}";3.38;3.359166777228142
Corn_Oil_80_ZhengChenPelegYbaseSplit;valid;2;Gaussian_1_2;pls;"{""n_components"": 20}";3.404;3.3870759547312694
Corn_Oil_80_ZhengChenPelegYbaseSplit;valid;2;Gaussian_1_2;pls;"{""n_components"": 20}";3.437;3.457006673992945
Corn_Oil_80_ZhengChenPelegYbaseSplit;valid;2;Gaussian_1_2;pls;"{""n_components"": 20}";3.449;3.427695236612323
Corn_Oil_80_ZhengChenPelegYbaseSplit;valid;2;Gaussian_1_2;pls;"{""n_components"": 20}";3.449;3.4683458570438233
Corn_Oil_80_ZhengChenPelegYbaseSplit;valid;2;Gaussian_1_2;pls;"{""n_components"": 20}";3.49;3.4675251973447097
Corn_Oil_80_ZhengChenPelegYbaseSplit;valid;2;Gaussian_1_2;pls;"{""n_components"": 20}";3.491;3.497118889977118
Corn_Oil_80_ZhengChenPelegYbaseSplit;valid;2;Gaussian_1_2;pls;"{""n_components"": 20}";3.519;3.481122560837516
Corn_Oil_80_ZhengChenPelegYbaseSplit;valid;2;Gaussian_1_2;pls;"{""n_components"": 20}";3.557;3.541240748492314
Corn_Oil_80_ZhengChenPelegYbaseSplit;valid;2;Gaussian_1_2;pls;"{""n_components"": 20}";3.584;3.536480116044287
Corn_Oil_80_ZhengChenPelegYbaseSplit;valid;2;Gaussian_1_2;pls;"{""n_components"": 20}";3.59;3.515748036802449
Corn_Oil_80_ZhengChenPelegYbaseSplit;valid;2;Gaussian_1_2;pls;"{""n_components"": 20}";3.59;3.5743272919604183
Corn_Oil_80_ZhengChenPelegYbaseSplit;valid;2;Gaussian_1_2;pls;"{""n_components"": 20}";3.652;3.697066088100186
Corn_Oil_80_ZhengChenPelegYbaseSplit;valid;2;Gaussian_1_2;pls;"{""n_components"": 20}";3.676;3.674618141913634
Corn_Oil_80_ZhengChenPelegYbaseSplit;valid;2;Gaussian_1_2;pls;"{""n_components"": 20}";3.71;3.7233029873395953
Corn_Oil_80_ZhengChenPelegYbaseSplit;valid;2;Gaussian_1_2;pls;"{""n_components"": 20}";3.751;3.758821062327218
Corn_Oil_80_ZhengChenPelegYbaseSplit;valid;2;Gaussian_1_2;pls;"{""n_components"": 20}";3.787;3.782174555389092
Corn_Oil_80_ZhengChenPelegYbaseSplit;test;2;Gaussian_1_2;pls;"{""n_components"": 20}";3.163;3.1555080819631804
Corn_Oil_80_ZhengChenPelegYbaseSplit;test;2;Gaussian_1_2;pls;"{""n_components"": 20}";3.226;3.228333598176973
Corn_Oil_80_ZhengChenPelegYbaseSplit;test;2;Gaussian_1_2;pls;"{""n_components"": 20}";3.306;3.282377952305133
Corn_Oil_80_ZhengChenPelegYbaseSplit;test;2;Gaussian_1_2;pls;"{""n_components"": 20}";3.363;3.3469879556289626
Corn_Oil_80_ZhengChenPelegYbaseSplit;test;2;Gaussian_1_2;pls;"{""n_components"": 20}";3.417;3.433103597739819
Corn_Oil_80_ZhengChenPelegYbaseSplit;test;2;Gaussian_1_2;pls;"{""n_components"": 20}";3.446;3.477449389787018
Corn_Oil_80_ZhengChenPelegYbaseSplit;test;2;Gaussian_1_2;pls;"{""n_components"": 20}";3.46;3.450807644848056
Corn_Oil_80_ZhengChenPelegYbaseSplit;test;2;Gaussian_1_2;pls;"{""n_components"": 20}";3.494;3.481342517494198
Corn_Oil_80_ZhengChenPelegYbaseSplit;test;2;Gaussian_1_2;pls;"{""n_components"": 20}";3.505;3.4966669076072137
Corn_Oil_80_ZhengChenPelegYbaseSplit;test;2;Gaussian_1_2;pls;"{""n_components"": 20}";3.541;3.5555884104684212
Corn_Oil_80_ZhengChenPelegYbaseSplit;test;2;Gaussian_1_2;pls;"{""n_components"": 20}";3.569;3.5000557017724265
Corn_Oil_80_ZhengChenPelegYbaseSplit;test;2;Gaussian_1_2;pls;"{""n_components"": 20}";3.595;3.6372813668575494
Corn_Oil_80_ZhengChenPelegYbaseSplit;test;2;Gaussian_1_2;pls;"{""n_components"": 20}";3.661;3.6395388922650582
Corn_Oil_80_ZhengChenPelegYbaseSplit;test;2;Gaussian_1_2;pls;"{""n_components"": 20}";3.687;3.6916899145502677
Corn_Oil_80_ZhengChenPelegYbaseSplit;test;2;Gaussian_1_2;pls;"{""n_components"": 20}";3.72;3.6866913413224958
Corn_Oil_80_ZhengChenPelegYbaseSplit;test;2;Gaussian_1_2;pls;"{""n_components"": 20}";3.82;3.7632497421386453
Corn_Oil_80_ZhengChenPelegYbaseSplit;valid;0;Gaussian_1_2+Haar;pls;"{""n_components"": 14}";3.176;3.1749780493306456
Corn_Oil_80_ZhengChenPelegYbaseSplit;valid;0;Gaussian_1_2+Haar;pls;"{""n_components"": 14}";3.201;3.2539135058361657
Corn_Oil_80_ZhengChenPelegYbaseSplit;valid;0;Gaussian_1_2+Haar;pls;"{""n_components"": 14}";3.264;3.300377078171374
Corn_Oil_80_ZhengChenPelegYbaseSplit;valid;0;Gaussian_1_2+Haar;pls;"{""n_components"": 14}";3.28;3.3482019035262205
Corn_Oil_80_ZhengChenPelegYbaseSplit;valid;0;Gaussian_1_2+Haar;pls;"{""n_components"": 14}";3.3;3.3358122745549963
Corn_Oil_80_ZhengChenPelegYbaseSplit;valid;0;Gaussian_1_2+Haar;pls;"{""n_components"": 14}";3.345;3.3134587628912655
Corn_Oil_80_ZhengChenPelegYbaseSplit;valid;0;Gaussian_1_2+Haar;pls;"{""n_components"": 14}";3.415;3.4054114787168004
Corn_Oil_80_ZhengChenPelegYbaseSplit;valid;0;Gaussian_1_2+Haar;pls;"{""n_components"": 14}";3.424;3.4663559122300796
Corn_Oil_80_ZhengChenPelegYbaseSplit;valid;0;Gaussian_1_2+Haar;pls;"{""n_components"": 14}";3.435;3.4478589350927655
Corn_Oil_80_ZhengChenPelegYbaseSplit;valid;0;Gaussian_1_2+Haar;pls;"{""n_components"": 14}";3.451;3.464622357206636
Corn_Oil_80_ZhengChenPelegYbaseSplit;valid;0;Gaussian_1_2+Haar;pls;"{""n_components"": 14}";3.464;3.4196505048547756
Corn_Oil_80_ZhengChenPelegYbaseSplit;valid;0;Gaussian_1_2+Haar;pls;"{""n_components"": 14}";3.494;3.5991584366214533
Corn_Oil_80_ZhengChenPelegYbaseSplit;valid;0;Gaussian_1_2+Haar;pls;"{""n_components"": 14}";3.504;3.515816448814126
Corn_Oil_80_ZhengChenPelegYbaseSplit;valid;0;Gaussian_1_2+Haar;pls;"{""n_components"": 14}";3.524;3.543643989965044
Corn_Oil_80_ZhengChenPelegYbaseSplit;valid;0;Gaussian_1_2+Haar;pls;"{""n_components"": 14}";3.539;3.5330078849843765
Corn_Oil_80_ZhengChenPelegYbaseSplit;valid;0;Gaussian_1_2+Haar;pls;"{""n_components"": 14}";3.556;3.6384856086554382
Corn_Oil_80_ZhengChenPelegYbaseSplit;valid;0;Gaussian_1_2+Haar;pls;"{""n_components"": 14}";3.619;3.621830532406263
Corn_Oil_80_ZhengChenPelegYbaseSplit;valid;0;Gaussian_1_2+Haar;pls;"{""n_components"": 14}";3.645;3.6240832384211847
Corn_Oil_80_ZhengChenPelegYbaseSplit;valid;0;Gaussian_1_2+Haar;pls;"{""n_components"": 14}";3.693;3.693697931009747
Corn_Oil_80_ZhengChenPelegYbaseSplit;valid;0;Gaussian_1_2+Haar;pls;"{""n_components"": 14}";3.699;3.6863989655289386
Corn_Oil_80_ZhengChenPelegYbaseSplit;valid;0;Gaussian_1_2+Haar;pls;"{""n_components"": 14}";3.748;3.734652547689435
Corn_Oil_80_ZhengChenPelegYbaseSplit;valid;0;Gaussian_1_2+Haar;pls;"{""n_components"": 14}";3.822;3.8397710636785902
Corn_Oil_80_ZhengChenPelegYbaseSplit;test;0;Gaussian_1_2+Haar;pls;"{""n_components"": 14}";3.163;3.2259737013846563
Corn_Oil_80_ZhengChenPelegYbaseSplit;test;0;Gaussian_1_2+Haar;pls;"{""n_components"": 14}";3.226;3.2667685444546946
Corn_Oil_80_ZhengChenPelegYbaseSplit;test;0;Gaussian_1_2+Haar;pls;"{""n_components"": 14}";3.306;3.2886865858320067
Corn_Oil_80_ZhengChenPelegYbaseSplit;test;0;Gaussian_1_2+Haar;pls;"{""n_components"": 14}";3.363;3.4076475588235775
Corn_Oil_80_ZhengChenPelegYbaseSplit;test;0;Gaussian_1_2+Haar;pls;"{""n_components"": 14}";3.417;3.435975416291258
Corn_Oil_80_ZhengChenPelegYbaseSplit;test;0;Gaussian_1_2+Haar;pls;"{""n_components"": 14}";3.446;3.4454759792529916
Corn_Oil_80_ZhengChenPelegYbaseSplit;test;0;Gaussian_1_2+Haar;pls;"{""n_components"": 14}";3.46;3.465302307327085
Corn_Oil_80_ZhengChenPelegYbaseSplit;test;0;Gaussian_1_2+Haar;pls;"{""n_components"": 14}";3.494;3.517076096588988
Corn_Oil_80_ZhengChenPelegYbaseSplit;test;0;Gaussian_1_2+Haar;pls;"{""n_components"": 14}";3.505;3.504517456227503
Corn_Oil_80_ZhengChenPelegYbaseSplit;test;0;Gaussian_1_2+Haar;pls;"{""n_components"": 14}";3.541;3.551855228981329
Corn_Oil_80_ZhengChenPelegYbaseSplit;test;0;Gaussian_1_2+Haar;pls;"{""n_components"": 14}";3.569;3.538038801891032
Corn_Oil_80_ZhengChenPelegYbaseSplit;test;0;Gaussian_1_2+Haar;pls;"{""n_components"": 14}";3.595;3.6060291457053513
Corn_Oil_80_ZhengChenPelegYbaseSplit;test;0;Gaussian_1_2+Haar;pls;"{""n_components"": 14}";3.661;3.63421001691978
Corn_Oil_80_ZhengChenPelegYbaseSplit;test;0;Gaussian_1_2+Haar;pls;"{""n_components"": 14}";3.687;3.6827286127029866
Corn_Oil_80_ZhengChenPelegYbaseSplit;test;0;Gaussian_1_2+Haar;pls;"{""n_components"": 14}";3.72;3.6715075369680674
Corn_Oil_80_ZhengChenPelegYbaseSplit;test;0;Gaussian_1_2+Haar;pls;"{""n_components"": 14}";3.82;3.744549542162232
Corn_Oil_80_ZhengChenPelegYbaseSplit;valid;1;Gaussian_1_2+Haar;pls;"{""n_components"": 14}";3.088;3.212885355160307
Corn_Oil_80_ZhengChenPelegYbaseSplit;valid;1;Gaussian_1_2+Haar;pls;"{""n_components"": 14}";3.212;3.2058778117503257
Corn_Oil_80_ZhengChenPelegYbaseSplit;valid;1;Gaussian_1_2+Haar;pls;"{""n_components"": 14}";3.316;3.338114007708135
Corn_Oil_80_ZhengChenPelegYbaseSplit;valid;1;Gaussian_1_2+Haar;pls;"{""n_components"": 14}";3.328;3.289634550917593
Corn_Oil_80_ZhengChenPelegYbaseSplit;valid;1;Gaussian_1_2+Haar;pls;"{""n_components"": 14}";3.407;3.405616491203146
Corn_Oil_80_ZhengChenPelegYbaseSplit;valid;1;Gaussian_1_2+Haar;pls;"{""n_components"": 14}";3.446;3.4612624293831136
Corn_Oil_80_ZhengChenPelegYbaseSplit;valid;1;Gaussian_1_2+Haar;pls;"{""n_components"": 14}";3.457;3.504120708285144
Corn_Oil_80_ZhengChenPelegYbaseSplit;valid;1;Gaussian_1_2+Haar;pls;"{""n_components"": 14}";3.479;3.5594222882057087
Corn_Oil_80_ZhengChenPelegYbaseSplit;valid;1;Gaussian_1_2+Haar;pls;"{""n_components"": 14}";3.496;3.4820076920709826
Corn_Oil_80_ZhengChenPelegYbaseSplit;valid;1;Gaussian_1_2+Haar;pls;"{""n_components"": 14}";3.497;3.5340311760213585
Corn_Oil_80_ZhengChenPelegYbaseSplit;valid;1;Gaussian_1_2+Haar;pls;"{""n_components"": 14}";3.507;3.4785757404901205
Corn_Oil_80_ZhengChenPelegYbaseSplit;valid;1;Gaussian_1_2+Haar;pls;"{""n_components"": 14}";3.55;3.55290413339341
Corn_Oil_80_ZhengChenPelegYbaseSplit;valid;1;Gaussian_1_2+Haar;pls;"{""n_components"": 14}";3.556;3.5773860680137535
Corn_Oil_80_ZhengChenPelegYbaseSplit;valid;1;Gaussian_1_2+Haar;pls;"{""n_components"": 14}";3.583;3.610733072490191
Corn_Oil_80_ZhengChenPelegYbaseSplit;valid;1;Gaussian_1_2+Haar;pls;"{""n_components"": 14}";3.641;3.6026864561707135
Corn_Oil_80_ZhengChenPelegYbaseSplit;valid;1;Gaussian_1_2+Haar;pls;"{""n_components"": 14}";3.67;3.662896694357473
Corn_Oil_80_ZhengChenPelegYbaseSplit;valid;1;Gaussian_1_2+Haar;pls;"{""n_components"": 14}";3.677;3.6997308455769895
Corn_Oil_80_ZhengChenPelegYbaseSplit;valid;1;Gaussian_1_2+Haar;pls;"{""n_components"": 14}";3.686;3.6857696442604886
Corn_Oil_80_ZhengChenPelegYbaseSplit;valid;1;Gaussian_1_2+Haar;pls;"{""n_components"": 14}";3.716;3.696116222169037
Corn_Oil_80_ZhengChenPelegYbaseSplit;valid;1;Gaussian_1_2+Haar;pls;"{""n_components"": 14}";3.766;3.823287253071806
Corn_Oil_80_ZhengChenPelegYbaseSplit;valid;1;Gaussian_1_2+Haar;pls;"{""n_components"": 14}";3.832;3.7412946996142864
Corn_Oil_80_ZhengChenPelegYbaseSplit;test;1;Gaussian_1_2+Haar;pls;"{""n_components"": 14}";3.163;3.1928629000341635
Corn_Oil_80_ZhengChenPelegYbaseSplit;test;1;Gaussian_1_2+Haar;pls;"{""n_components"": 14}";3.226;3.2714577187364138
Corn_Oil_80_ZhengChenPelegYbaseSplit;test;1;Gaussian_1_2+Haar;pls;"{""n_components"": 14}";3.306;3.3257568588953803
Corn_Oil_80_ZhengChenPelegYbaseSplit;test;1;Gaussian_1_2+Haar;pls;"{""n_components"": 14}";3.363;3.3247854347071777
Corn_Oil_80_ZhengChenPelegYbaseSplit;test;1;Gaussian_1_2+Haar;pls;"{""n_components"": 14}";3.417;3.4380580621203585
Corn_Oil_80_ZhengChenPelegYbaseSplit;test;1;Gaussian_1_2+Haar;pls;"{""n_components"": 14}";3.446;3.5174216691968945
Corn_Oil_80_ZhengChenPelegYbaseSplit;test;1;Gaussian_1_2+Haar;pls;"{""n_components"": 14}";3.46;3.513745578035342
Corn_Oil_80_ZhengChenPelegYbaseSplit;test;1;Gaussian_1_2+Haar;pls;"{""n_components"": 14}";3.494;3.4959962422659516
Corn_Oil_80_ZhengChenPelegYbaseSplit;test;1;Gaussian_1_2+Haar;pls;"{""n_components"": 14}";3.505;3.5117923838732947
Corn_Oil_80_ZhengChenPelegYbaseSplit;test;1;Gaussian_1_2+Haar;pls;"{""n_components"": 14}";3.541;3.5653326879071967
Corn_Oil_80_ZhengChenPelegYbaseSplit;test;1;Gaussian_1_2+Haar;pls;"{""n_components"": 14}";3.569;3.4923864470635455
Corn_Oil_80_ZhengChenPelegYbaseSplit;test;1;Gaussian_1_2+Haar;pls;"{""n_components"": 14}";3.595;3.590273963669586
Corn_Oil_80_ZhengChenPelegYbaseSplit;test;1;Gaussian_1_2+Haar;pls;"{""n_components"": 14}";3.661;3.632473803939805
Corn_Oil_80_ZhengChenPelegYbaseSplit;test;1;Gaussian_1_2+Haar;pls;"{""n_components"": 14}";3.687;3.6907945721794193
Corn_Oil_80_ZhengChenPelegYbaseSplit;test;1;Gaussian_1_2+Haar;pls;"{""n_components"": 14}";3.72;3.6829255172620217
Corn_Oil_80_ZhengChenPelegYbaseSplit;test;1;Gaussian_1_2+Haar;pls;"{""n_components"": 14}";3.82;3.683950127838732
Corn_Oil_80_ZhengChenPelegYbaseSplit;valid;2;Gaussian_1_2+Haar;pls;"{""n_components"": 14}";3.105;3.1495345097348997
Corn_Oil_80_ZhengChenPelegYbaseSplit;valid;2;Gaussian_1_2+Haar;pls;"{""n_components"": 14}";3.212;3.210299849961117
Corn_Oil_80_ZhengChenPelegYbaseSplit;valid;2;Gaussian_1_2+Haar;pls;"{""n_components"": 14}";3.251;3.3061773654553406
Corn_Oil_80_ZhengChenPelegYbaseSplit;valid;2;Gaussian_1_2+Haar;pls;"{""n_components"": 14}";3.306;3.2731020283664556
Corn_Oil_80_ZhengChenPelegYbaseSplit;valid;2;Gaussian_1_2+Haar;pls;"{""n_components"": 14}";3.38;3.251983417865137
Corn_Oil_80_ZhengChenPelegYbaseSplit;valid;2;Gaussian_1_2+Haar;pls;"{""n_components"": 14}";3.404;3.3698105593844
Corn_Oil_80_ZhengChenPelegYbaseSplit;valid;2;Gaussian_1_2+Haar;pls;"{""n_components"": 14}";3.437;3.479641800593213
Corn_Oil_80_ZhengChenPelegYbaseSplit;valid;2;Gaussian_1_2+Haar;pls;"{""n_components"": 14}";3.449;3.47258233053101
Corn_Oil_80_ZhengChenPelegYbaseSplit;valid;2;Gaussian_1_2+Haar;pls;"{""n_components"": 14}";3.449;3.3822363806587368
Corn_Oil_80_ZhengChenPelegYbaseSplit;valid;2;Gaussian_1_2+Haar;pls;"{""n_components"": 14}";3.49;3.515992873703457
Corn_Oil_80_ZhengChenPelegYbaseSplit;valid;2;Gaussian_1_2+Haar;pls;"{""n_components"": 14}";3.491;3.463203709951346
Corn_Oil_80_ZhengChenPelegYbaseSplit;valid;2;Gaussian_1_2+Haar;pls;"{""n_components"": 14}";3.519;3.529058149449894
Corn_Oil_80_ZhengChenPelegYbaseSplit;valid;2;Gaussian_1_2+Haar;pls;"{""n_components"": 14}";3.557;3.492037803694083
Corn_Oil_80_ZhengChenPelegYbaseSplit;valid;2;Gaussian_1_2+Haar;pls;"{""n_components"": 14}";3.584;3.5349685814614626
Corn_Oil_80_ZhengChenPelegYbaseSplit;valid;2;Gaussian_1_2+Haar;pls;"{""n_components"": 14}";3.59;3.5302606657411975
Corn_Oil_80_ZhengChenPelegYbaseSplit;valid;2;Gaussian_1_2+Haar;pls;"{""n_components"": 14}";3.59;3.5778509513554693
Corn_Oil_80_ZhengChenPelegYbaseSplit;valid;2;Gaussian_1_2+Haar;pls;"{""n_components"": 14}";3.652;3.5982330835151615
Corn_Oil_80_ZhengChenPelegYbaseSplit;valid;2;Gaussian_1_2+Haar;pls;"{""n_components"": 14}";3.676;3.6102399449086984
Corn_Oil_80_ZhengChenPelegYbaseSplit;valid;2;Gaussian_1_2+Haar;pls;"{""n_components"": 14}";3.71;3.6433361006347105
Corn_Oil_80_ZhengChenPelegYbaseSplit;valid;2;Gaussian_1_2+Haar;pls;"{""n_components"": 14}";3.751;3.700716073825717
Corn_Oil_80_ZhengChenPelegYbaseSplit;valid;2;Gaussian_1_2+Haar;pls;"{""n_components"": 14}";3.787;3.790783594196074
Corn_Oil_80_ZhengChenPelegYbaseSplit;test;2;Gaussian_1_2+Haar;pls;"{""n_components"": 14}";3.163;3.174637864029181
Corn_Oil_80_ZhengChenPelegYbaseSplit;test;2;Gaussian_1_2+Haar;pls;"{""n_components"": 14}";3.226;3.277146158731186
Corn_Oil_80_ZhengChenPelegYbaseSplit;test;2;Gaussian_1_2+Haar;pls;"{""n_components"": 14}";3.306;3.2503660968113848
Corn_Oil_80_ZhengChenPelegYbaseSplit;test;2;Gaussian_1_2+Haar;pls;"{""n_components"": 14}";3.363;3.3706037193998735
Corn_Oil_80_ZhengChenPelegYbaseSplit;test;2;Gaussian_1_2+Haar;pls;"{""n_components"": 14}";3.417;3.4535375968807465
Corn_Oil_80_ZhengChenPelegYbaseSplit;test;2;Gaussian_1_2+Haar;pls;"{""n_components"": 14}";3.446;3.455599685801783
Corn_Oil_80_ZhengChenPelegYbaseSplit;test;2;Gaussian_1_2+Haar;pls;"{""n_components"": 14}";3.46;3.4962599344789482
Corn_Oil_80_ZhengChenPelegYbaseSplit;test;2;Gaussian_1_2+Haar;pls;"{""n_components"": 14}";3.494;3.5300935234408604
Corn_Oil_80_ZhengChenPelegYbaseSplit;test;2;Gaussian_1_2+Haar;pls;"{""n_components"": 14}";3.505;3.5092176313052548
Corn_Oil_80_ZhengChenPelegYbaseSplit;test;2;Gaussian_1_2+Haar;pls;"{""n_components"": 14}";3.541;3.563537207355557
Corn_Oil_80_ZhengChenPelegYbaseSplit;test;2;Gaussian_1_2+Haar;pls;"{""n_components"": 14}";3.569;3.4755474690537076
Corn_Oil_80_ZhengChenPelegYbaseSplit;test;2;Gaussian_1_2+Haar;pls;"{""n_components"": 14}";3.595;3.5254230195746543
Corn_Oil_80_ZhengChenPelegYbaseSplit;test;2;Gaussian_1_2+Haar;pls;"{""n_components"": 14}";3.661;3.616409234670152
Corn_Oil_80_ZhengChenPelegYbaseSplit;test;2;Gaussian_1_2+Haar;pls;"{""n_components"": 14}";3.687;3.6380356448595763
Corn_Oil_80_ZhengChenPelegYbaseSplit;test;2;Gaussian_1_2+Haar;pls;"{""n_components"": 14}";3.72;3.6870794964152656
Corn_Oil_80_ZhengChenPelegYbaseSplit;test;2;Gaussian_1_2+Haar;pls;"{""n_components"": 14}";3.82;3.7300234799730645
Corn_Oil_80_ZhengChenPelegYbaseSplit;valid;0;Gaussian_1_2+AreaNormalization;pls;"{""n_components"": 17}";3.176;3.1399634534040524
Corn_Oil_80_ZhengChenPelegYbaseSplit;valid;0;Gaussian_1_2+AreaNormalization;pls;"{""n_components"": 17}";3.201;3.27503865998384
Corn_Oil_80_ZhengChenPelegYbaseSplit;valid;0;Gaussian_1_2+AreaNormalization;pls;"{""n_components"": 17}";3.264;3.2620820507210992
Corn_Oil_80_ZhengChenPelegYbaseSplit;valid;0;Gaussian_1_2+AreaNormalization;pls;"{""n_components"": 17}";3.28;3.330488374912012
Corn_Oil_80_ZhengChenPelegYbaseSplit;valid;0;Gaussian_1_2+AreaNormalization;pls;"{""n_components"": 17}";3.3;3.337717467631333
Corn_Oil_80_ZhengChenPelegYbaseSplit;valid;0;Gaussian_1_2+AreaNormalization;pls;"{""n_components"": 17}";3.345;3.372745477758523
Corn_Oil_80_ZhengChenPelegYbaseSplit;valid;0;Gaussian_1_2+AreaNormalization;pls;"{""n_components"": 17}";3.415;3.359515391093804
Corn_Oil_80_ZhengChenPelegYbaseSplit;valid;0;Gaussian_1_2+AreaNormalization;pls;"{""n_components"": 17}";3.424;3.4491336536514527
Corn_Oil_80_ZhengChenPelegYbaseSplit;valid;0;Gaussian_1_2+AreaNormalization;pls;"{""n_components"": 17}";3.435;3.421273996444025
Corn_Oil_80_ZhengChenPelegYbaseSplit;valid;0;Gaussian_1_2+AreaNormalization;pls;"{""n_components"": 17}";3.451;3.4460455318815266
Corn_Oil_80_ZhengChenPelegYbaseSplit;valid;0;Gaussian_1_2+AreaNormalization;pls;"{""n_components"": 17}";3.464;3.4115828026765924
Corn_Oil_80_ZhengChenPelegYbaseSplit;valid;0;Gaussian_1_2+AreaNormalization;pls;"{""n_components"": 17}";3.494;3.610787851994926
Corn_Oil_80_ZhengChenPelegYbaseSplit;valid;0;Gaussian_1_2+AreaNormalization;pls;"{""n_components"": 17}";3.504;3.5817592486526015
Corn_Oil_80_ZhengChenPelegYbaseSplit;valid;0;Gaussian_1_2+AreaNormalization;pls;"{""n_components"": 17}";3.524;3.4544992280934017
Corn_Oil_80_ZhengChenPelegYbaseSplit;valid;0;Gaussian_1_2+AreaNormalization;pls;"{""n_components"": 17}";3.539;3.5090117758327337
Corn_Oil_80_ZhengChenPelegYbaseSplit;valid;0;Gaussian_1_2+AreaNormalization;pls;"{""n_components"": 17}";3.556;3.557791570559449
Corn_Oil_80_ZhengChenPelegYbaseSplit;valid;0;Gaussian_1_2+AreaNormalization;pls;"{""n_components"": 17}";3.619;3.6358624369489343
Corn_Oil_80_ZhengChenPelegYbaseSplit;valid;0;Gaussian_1_2+AreaNormalization;pls;"{""n_components"": 17}";3.645;3.6062865713194254
Corn_Oil_80_ZhengChenPelegYbaseSplit;valid;0;Gaussian_1_2+AreaNormalization;pls;"{""n_components"": 17}";3.693;3.709311930176382
Corn_Oil_80_ZhengChenPelegYbaseSplit;valid;0;Gaussian_1_2+AreaNormalization;pls;"{""n_components"": 17}";3.699;3.721392308340774
Corn_Oil_80_ZhengChenPelegYbaseSplit;valid;0;Gaussian_1_2+AreaNormalization;pls;"{""n_components"": 17}";3.748;3.7060959460101133
Corn_Oil_80_ZhengChenPelegYbaseSplit;valid;0;Gaussian_1_2+AreaNormalization;pls;"{""n_components"": 17}";3.822;3.8636317749708713
Corn_Oil_80_ZhengChenPelegYbaseSplit;test;0;Gaussian_1_2+AreaNormalization;pls;"{""n_components"": 17}";3.163;3.1313255882672055
Corn_Oil_80_ZhengChenPelegYbaseSplit;test;0;Gaussian_1_2+AreaNormalization;pls;"{""n_components"": 17}";3.226;3.198539769381997
Corn_Oil_80_ZhengChenPelegYbaseSplit;test;0;Gaussian_1_2+AreaNormalization;pls;"{""n_components"": 17}";3.306;3.361390579963338
Corn_Oil_80_ZhengChenPelegYbaseSplit;test;0;Gaussian_1_2+AreaNormalization;pls;"{""n_components"": 17}";3.363;3.4237225956429294
Corn_Oil_80_ZhengChenPelegYbaseSplit;test;0;Gaussian_1_2+AreaNormalization;pls;"{""n_components"": 17}";3.417;3.495923872235692
Corn_Oil_80_ZhengChenPelegYbaseSplit;test;0;Gaussian_1_2+AreaNormalization;pls;"{""n_components"": 17}";3.446;3.4498082635601808
Corn_Oil_80_ZhengChenPelegYbaseSplit;test;0;Gaussian_1_2+AreaNormalization;pls;"{""n_components"": 17}";3.46;3.3930754476040987
Corn_Oil_80_ZhengChenPelegYbaseSplit;test;0;Gaussian_1_2+AreaNormalization;pls;"{""n_components"": 17}";3.494;3.535147035583014
Corn_Oil_80_ZhengChenPelegYbaseSplit;test;0;Gaussian_1_2+AreaNormalization;pls;"{""n_components"": 17}";3.505;3.562500572198635
Corn_Oil_80_ZhengChenPelegYbaseSplit;test;0;Gaussian_1_2+AreaNormalization;pls;"{""n_components"": 17}";3.541;3.554446949841977
Corn_Oil_80_ZhengChenPelegYbaseSplit;test;0;Gaussian_1_2+AreaNormalization;pls;"{""n_components"": 17}";3.569;3.5372624806373034
Corn_Oil_80_ZhengChenPelegYbaseSplit;test;0;Gaussian_1_2+AreaNormalization;pls;"{""n_components"": 17}";3.595;3.5648772177566586
Corn_Oil_80_ZhengChenPelegYbaseSplit;test;0;Gaussian_1_2+AreaNormalization;pls;"{""n_components"": 17}";3.661;3.6257724157598448
Corn_Oil_80_ZhengChenPelegYbaseSplit;test;0;Gaussian_1_2+AreaNormalization;pls;"{""n_components"": 17}";3.687;3.6336685489196867
Corn_Oil_80_ZhengChenPelegYbaseSplit;test;0;Gaussian_1_2+AreaNormalization;pls;"{""n_components"": 17}";3.72;3.605508851379997
Corn_Oil_80_ZhengChenPelegYbaseSplit;test;0;Gaussian_1_2+AreaNormalization;pls;"{""n_components"": 17}";3.82;3.7621983366592393
Corn_Oil_80_ZhengChenPelegYbaseSplit;valid;1;Gaussian_1_2+AreaNormalization;pls;"{""n_components"": 17}";3.088;3.228143883824383
Corn_Oil_80_ZhengChenPelegYbaseSplit;valid;1;Gaussian_1_2+AreaNormalization;pls;"{""n_components"": 17}";3.212;3.2366000557346113
Corn_Oil_80_ZhengChenPelegYbaseSplit;valid;1;Gaussian_1_2+AreaNormalization;pls;"{""n_components"": 17}";3.316;3.2885104948211787
Corn_Oil_80_ZhengChenPelegYbaseSplit;valid;1;Gaussian_1_2+AreaNormalization;pls;"{""n_components"": 17}";3.328;3.2734822473656786
Corn_Oil_80_ZhengChenPelegYbaseSplit;valid;1;Gaussian_1_2+AreaNormalization;pls;"{""n_components"": 17}";3.407;3.416035788924516
Corn_Oil_80_ZhengChenPelegYbaseSplit;valid;1;Gaussian_1_2+AreaNormalization;pls;"{""n_components"": 17}";3.446;3.4549499354255673
Corn_Oil_80_ZhengChenPelegYbaseSplit;valid;1;Gaussian_1_2+AreaNormalization;pls;"{""n_components"": 17}";3.457;3.4953870495631465
Corn_Oil_80_ZhengChenPelegYbaseSplit;valid;1;Gaussian_1_2+AreaNormalization;pls;"{""n_components"": 17}";3.479;3.537992858592655
Corn_Oil_80_ZhengChenPelegYbaseSplit;valid;1;Gaussian_1_2+AreaNormalization;pls;"{""n_components"": 17}";3.496;3.4590384799142457
Corn_Oil_80_ZhengChenPelegYbaseSplit;valid;1;Gaussian_1_2+AreaNormalization;pls;"{""n_components"": 17}";3.497;3.6351178956976424
Corn_Oil_80_ZhengChenPelegYbaseSplit;valid;1;Gaussian_1_2+AreaNormalization;pls;"{""n_components"": 17}";3.507;3.4302419935002213
Corn_Oil_80_ZhengChenPelegYbaseSplit;valid;1;Gaussian_1_2+AreaNormalization;pls;"{""n_components"": 17}";3.55;3.5508379496512017
Corn_Oil_80_ZhengChenPelegYbaseSplit;valid;1;Gaussian_1_2+AreaNormalization;pls;"{""n_components"": 17}";3.556;3.5420320205203555
Corn_Oil_80_ZhengChenPelegYbaseSplit;valid;1;Gaussian_1_2+AreaNormalization;pls;"{""n_components"": 17}";3.583;3.6240049454466723
Corn_Oil_80_ZhengChenPelegYbaseSplit;valid;1;Gaussian_1_2+AreaNormalization;pls;"{""n_components"": 17}";3.641;3.5228291477297073
Corn_Oil_80_ZhengChenPelegYbaseSplit;valid;1;Gaussian_1_2+AreaNormalization;pls;"{""n_components"": 17}";3.67;3.6396047865732224
Corn_Oil_80_ZhengChenPelegYbaseSplit;valid;1;Gaussian_1_2+AreaNormalization;pls;"{""n_components"": 17}";3.677;3.667178839411511
Corn_Oil_80_ZhengChenPelegYbaseSplit;valid;1;Gaussian_1_2+AreaNormalization;pls;"{""n_components"": 17}";3.686;3.7748306868253323
Corn_Oil_80_ZhengChenPelegYbaseSplit;valid;1;Gaussian_1_2+AreaNormalization;pls;"{""n_components"": 17}";3.716;3.6867034232853766
Corn_Oil_80_ZhengChenPelegYbaseSplit;valid;1;Gaussian_1_2+AreaNormalization;pls;"{""n_components"": 17}";3.766;3.70181782167169
Corn_Oil_80_ZhengChenPelegYbaseSplit;valid;1;Gaussian_1_2+AreaNormalization;pls;"{""n_components"": 17}";3.832;3.688942172201474
Corn_Oil_80_ZhengChenPelegYbaseSplit;test;1;Gaussian_1_2+AreaNormalization;pls;"{""n_components"": 17}";3.163;3.1691205856658033
Corn_Oil_80_ZhengChenPelegYbaseSplit;test;1;Gaussian_1_2+AreaNormalization;pls;"{""n_components"": 17}";3.226;3.22712869355547
Corn_Oil_80_ZhengChenPelegYbaseSplit;test;1;Gaussian_1_2+AreaNormalization;pls;"{""n_components"": 17}";3.306;3.319452137199844
Corn_Oil_80_ZhengChenPelegYbaseSplit;test;1;Gaussian_1_2+AreaNormalization;pls;"{""n_components"": 17}";3.363;3.479569060545837
Corn_Oil_80_ZhengChenPelegYbaseSplit;test;1;Gaussian_1_2+AreaNormalization;pls;"{""n_components"": 17}";3.417;3.48968017315101
Corn_Oil_80_ZhengChenPelegYbaseSplit;test;1;Gaussian_1_2+AreaNormalization;pls;"{""n_components"": 17}";3.446;3.5628105074682503
Corn_Oil_80_ZhengChenPelegYbaseSplit;test;1;Gaussian_1_2+AreaNormalization;pls;"{""n_components"": 17}";3.46;3.524478475058282
Corn_Oil_80_ZhengChenPelegYbaseSplit;test;1;Gaussian_1_2+AreaNormalization;pls;"{""n_components"": 17}";3.494;3.4361575774740696
Corn_Oil_80_ZhengChenPelegYbaseSplit;test;1;Gaussian_1_2+AreaNormalization;pls;"{""n_components"": 17}";3.505;3.519077950604846
Corn_Oil_80_ZhengChenPelegYbaseSplit;test;1;Gaussian_1_2+AreaNormalization;pls;"{""n_components"": 17}";3.541;3.576388512453268
Corn_Oil_80_ZhengChenPelegYbaseSplit;test;1;Gaussian_1_2+AreaNormalization;pls;"{""n_components"": 17}";3.569;3.507654430399888
Corn_Oil_80_ZhengChenPelegYbaseSplit;test;1;Gaussian_1_2+AreaNormalization;pls;"{""n_components"": 17}";3.595;3.470969684395293
Corn_Oil_80_ZhengChenPelegYbaseSplit;test;1;Gaussian_1_2+AreaNormalization;pls;"{""n_components"": 17}";3.661;3.569191717943366
Corn_Oil_80_ZhengChenPelegYbaseSplit;test;1;Gaussian_1_2+AreaNormalization;pls;"{""n_components"": 17}";3.687;3.6414662749881566
Corn_Oil_80_ZhengChenPelegYbaseSplit;test;1;Gaussian_1_2+AreaNormalization;pls;"{""n_components"": 17}";3.72;3.642481877046718
Corn_Oil_80_ZhengChenPelegYbaseSplit;test;1;Gaussian_1_2+AreaNormalization;pls;"{""n_components"": 17}";3.82;3.6862492885235003
Corn_Oil_80_ZhengChenPelegYbaseSplit;valid;2;Gaussian_1_2+AreaNormalization;pls;"{""n_components"": 17}";3.105;3.2861506852878364
Corn_Oil_80_ZhengChenPelegYbaseSplit;valid;2;Gaussian_1_2+AreaNormalization;pls;"{""n_components"": 17}";3.212;3.201882809938784
Corn_Oil_80_ZhengChenPelegYbaseSplit;valid;2;Gaussian_1_2+AreaNormalization;pls;"{""n_components"": 17}";3.251;3.2910264821604476
Corn_Oil_80_ZhengChenPelegYbaseSplit;valid;2;Gaussian_1_2+AreaNormalization;pls;"{""n_components"": 17}";3.306;3.242191210960235
Corn_Oil_80_ZhengChenPelegYbaseSplit;valid;2;Gaussian_1_2+AreaNormalization;pls;"{""n_components"": 17}";3.38;3.3241486855490323
Corn_Oil_80_ZhengChenPelegYbaseSplit;valid;2;Gaussian_1_2+AreaNormalization;pls;"{""n_components"": 17}";3.404;3.378549783738259
Corn_Oil_80_ZhengChenPelegYbaseSplit;valid;2;Gaussian_1_2+AreaNormalization;pls;"{""n_components"": 17}";3.437;3.451745173001997
Corn_Oil_80_ZhengChenPelegYbaseSplit;valid;2;Gaussian_1_2+AreaNormalization;pls;"{""n_components"": 17}";3.449;3.4636902822234403
Corn_Oil_80_ZhengChenPelegYbaseSplit;valid;2;Gaussian_1_2+AreaNormalization;pls;"{""n_components"": 17}";3.449;3.3476653569330823
Corn_Oil_80_ZhengChenPelegYbaseSplit;valid;2;Gaussian_1_2+AreaNormalization;pls;"{""n_components"": 17}";3.49;3.6365242362794987
Corn_Oil_80_ZhengChenPelegYbaseSplit;valid;2;Gaussian_1_2+AreaNormalization;pls;"{""n_components"": 17}";3.491;3.473960711552095
Corn_Oil_80_ZhengChenPelegYbaseSplit;valid;2;Gaussian_1_2+AreaNormalization;pls;"{""n_components"": 17}";3.519;3.58673786822005
Corn_Oil_80_ZhengChenPelegYbaseSplit;valid;2;Gaussian_1_2+AreaNormalization;pls;"{""n_components"": 17}";3.557;3.462873117254808
Corn_Oil_80_ZhengChenPelegYbaseSplit;valid;2;Gaussian_1_2+AreaNormalization;pls;"{""n_components"": 17}";3.584;3.6026281664451885
Corn_Oil_80_ZhengChenPelegYbaseSplit;valid;2;Gaussian_1_2+AreaNormalization;pls;"{""n_components"": 17}";3.59;3.600192328469446
Corn_Oil_80_ZhengChenPelegYbaseSplit;valid;2;Gaussian_1_2+AreaNormalization;pls;"{""n_components"": 17}";3.59;3.557603680397444
Corn_Oil_80_ZhengChenPelegYbaseSplit;valid;2;Gaussian_1_2+AreaNormalization;pls;"{""n_components"": 17}";3.652;3.550777940819236
Corn_Oil_80_ZhengChenPelegYbaseSplit;valid;2;Gaussian_1_2+AreaNormalization;pls;"{""n_components"": 17}";3.676;3.619523779273307
Corn_Oil_80_ZhengChenPelegYbaseSplit;valid;2;Gaussian_1_2+AreaNormalization;pls;"{""n_components"": 17}";3.71;3.704208438637012
Corn_Oil_80_ZhengChenPelegYbaseSplit;valid;2;Gaussian_1_2+AreaNormalization;pls;"{""n_components"": 17}";3.751;3.680974138049156
Corn_Oil_80_ZhengChenPelegYbaseSplit;valid;2;Gaussian_1_2+AreaNormalization;pls;"{""n_components"": 17}";3.787;3.807741531526621
Corn_Oil_80_ZhengChenPelegYbaseSplit;test;2;Gaussian_1_2+AreaNormalization;pls;"{""n_components"": 17}";3.163;3.073203223739463
Corn_Oil_80_ZhengChenPelegYbaseSplit;test;2;Gaussian_1_2+AreaNormalization;pls;"{""n_components"": 17}";3.226;3.23161325005096
Corn_Oil_80_ZhengChenPelegYbaseSplit;test;2;Gaussian_1_2+AreaNormalization;pls;"{""n_components"": 17}";3.306;3.2841347261790292
Corn_Oil_80_ZhengChenPelegYbaseSplit;test;2;Gaussian_1_2+AreaNormalization;pls;"{""n_components"": 17}";3.363;3.4645657552539517
Corn_Oil_80_ZhengChenPelegYbaseSplit;test;2;Gaussian_1_2+AreaNormalization;pls;"{""n_components"": 17}";3.417;3.453776104303146
Corn_Oil_80_ZhengChenPelegYbaseSplit;test;2;Gaussian_1_2+AreaNormalization;pls;"{""n_components"": 17}";3.446;3.439608761882623
Corn_Oil_80_ZhengChenPelegYbaseSplit;test;2;Gaussian_1_2+AreaNormalization;pls;"{""n_components"": 17}";3.46;3.477601452952709
Corn_Oil_80_ZhengChenPelegYbaseSplit;test;2;Gaussian_1_2+AreaNormalization;pls;"{""n_components"": 17}";3.494;3.47452941742346
Corn_Oil_80_ZhengChenPelegYbaseSplit;test;2;Gaussian_1_2+AreaNormalization;pls;"{""n_components"": 17}";3.505;3.498982804649571
Corn_Oil_80_ZhengChenPelegYbaseSplit;test;2;Gaussian_1_2+AreaNormalization;pls;"{""n_components"": 17}";3.541;3.50901509051987
Corn_Oil_80_ZhengChenPelegYbaseSplit;test;2;Gaussian_1_2+AreaNormalization;pls;"{""n_components"": 17}";3.569;3.5741788513549126
Corn_Oil_80_ZhengChenPelegYbaseSplit;test;2;Gaussian_1_2+AreaNormalization;pls;"{""n_components"": 17}";3.595;3.4464643322321513
Corn_Oil_80_ZhengChenPelegYbaseSplit;test;2;Gaussian_1_2+AreaNormalization;pls;"{""n_components"": 17}";3.661;3.6395490233655106
Corn_Oil_80_ZhengChenPelegYbaseSplit;test;2;Gaussian_1_2+AreaNormalization;pls;"{""n_components"": 17}";3.687;3.6202179915358657
Corn_Oil_80_ZhengChenPelegYbaseSplit;test;2;Gaussian_1_2+AreaNormalization;pls;"{""n_components"": 17}";3.72;3.65147357556955
Corn_Oil_80_ZhengChenPelegYbaseSplit;test;2;Gaussian_1_2+AreaNormalization;pls;"{""n_components"": 17}";3.82;3.8094748730586057
