dataset;split;fold;config;model;best_params;y_true;y_pred
Corn_Starch_80_ZhengChenPelegYbaseSplit;valid;0;None;pls;"{""n_components"": 24}";62.884;63.52937966372134
Corn_Starch_80_ZhengChenPelegYbaseSplit;valid;0;None;pls;"{""n_components"": 24}";63.246;63.210334697610996
Corn_Starch_80_ZhengChenPelegYbaseSplit;valid;0;None;pls;"{""n_components"": 24}";63.567;63.6413172851793
Corn_Starch_80_ZhengChenPelegYbaseSplit;valid;0;None;pls;"{""n_components"": 24}";63.784;63.817439296054374
Corn_Starch_80_ZhengChenPelegYbaseSplit;valid;0;None;pls;"{""n_components"": 24}";64.253;64.25110174658752
Corn_Starch_80_ZhengChenPelegYbaseSplit;valid;0;None;pls;"{""n_components"": 24}";64.261;64.42331326815835
Corn_Starch_80_ZhengChenPelegYbaseSplit;valid;0;None;pls;"{""n_components"": 24}";64.287;64.28950184263974
Corn_Starch_80_ZhengChenPelegYbaseSplit;valid;0;None;pls;"{""n_components"": 24}";64.506;64.37440423933366
Corn_Starch_80_ZhengChenPelegYbaseSplit;valid;0;None;pls;"{""n_components"": 24}";64.546;64.35540324887467
Corn_Starch_80_ZhengChenPelegYbaseSplit;valid;0;None;pls;"{""n_components"": 24}";64.632;64.67472887363988
Corn_Starch_80_ZhengChenPelegYbaseSplit;valid;0;None;pls;"{""n_components"": 24}";64.67;64.92111831041663
Corn_Starch_80_ZhengChenPelegYbaseSplit;valid;0;None;pls;"{""n_components"": 24}";64.882;64.93329775862362
Corn_Starch_80_ZhengChenPelegYbaseSplit;valid;0;None;pls;"{""n_components"": 24}";64.895;64.85541490894964
Corn_Starch_80_ZhengChenPelegYbaseSplit;valid;0;None;pls;"{""n_components"": 24}";65.022;65.1454457292027
Corn_Starch_80_ZhengChenPelegYbaseSplit;valid;0;None;pls;"{""n_components"": 24}";65.107;65.06244952226527
Corn_Starch_80_ZhengChenPelegYbaseSplit;valid;0;None;pls;"{""n_components"": 24}";65.205;65.16252886717838
Corn_Starch_80_ZhengChenPelegYbaseSplit;valid;0;None;pls;"{""n_components"": 24}";65.217;65.17921461254366
Corn_Starch_80_ZhengChenPelegYbaseSplit;valid;0;None;pls;"{""n_components"": 24}";65.294;65.2784115404103
Corn_Starch_80_ZhengChenPelegYbaseSplit;valid;0;None;pls;"{""n_components"": 24}";65.441;65.42675859079712
Corn_Starch_80_ZhengChenPelegYbaseSplit;valid;0;None;pls;"{""n_components"": 24}";65.637;65.72851252404313
Corn_Starch_80_ZhengChenPelegYbaseSplit;valid;0;None;pls;"{""n_components"": 24}";65.679;65.47692924237505
Corn_Starch_80_ZhengChenPelegYbaseSplit;valid;0;None;pls;"{""n_components"": 24}";65.903;65.79784361659827
Corn_Starch_80_ZhengChenPelegYbaseSplit;test;0;None;pls;"{""n_components"": 24}";63.021;62.924266199314204
Corn_Starch_80_ZhengChenPelegYbaseSplit;test;0;None;pls;"{""n_components"": 24}";63.356;63.49833970588852
Corn_Starch_80_ZhengChenPelegYbaseSplit;test;0;None;pls;"{""n_components"": 24}";63.631;63.65007316101831
Corn_Starch_80_ZhengChenPelegYbaseSplit;test;0;None;pls;"{""n_components"": 24}";64.148;64.22458641858528
Corn_Starch_80_ZhengChenPelegYbaseSplit;test;0;None;pls;"{""n_components"": 24}";64.292;64.29614084620319
Corn_Starch_80_ZhengChenPelegYbaseSplit;test;0;None;pls;"{""n_components"": 24}";64.539;64.2096962369033
Corn_Starch_80_ZhengChenPelegYbaseSplit;test;0;None;pls;"{""n_components"": 24}";64.613;64.69901244740292
Corn_Starch_80_ZhengChenPelegYbaseSplit;test;0;None;pls;"{""n_components"": 24}";64.757;64.64897844787079
Corn_Starch_80_ZhengChenPelegYbaseSplit;test;0;None;pls;"{""n_components"": 24}";64.853;64.99163524957737
Corn_Starch_80_ZhengChenPelegYbaseSplit;test;0;None;pls;"{""n_components"": 24}";64.933;64.96733325397936
Corn_Starch_80_ZhengChenPelegYbaseSplit;test;0;None;pls;"{""n_components"": 24}";65.144;65.22484875058647
Corn_Starch_80_ZhengChenPelegYbaseSplit;test;0;None;pls;"{""n_components"": 24}";65.233;65.64011112412466
Corn_Starch_80_ZhengChenPelegYbaseSplit;test;0;None;pls;"{""n_components"": 24}";65.386;65.49537597989601
Corn_Starch_80_ZhengChenPelegYbaseSplit;test;0;None;pls;"{""n_components"": 24}";65.519;65.38701761565137
Corn_Starch_80_ZhengChenPelegYbaseSplit;test;0;None;pls;"{""n_components"": 24}";65.646;65.97329064126045
Corn_Starch_80_ZhengChenPelegYbaseSplit;test;0;None;pls;"{""n_components"": 24}";65.841;65.6411045070019
Corn_Starch_80_ZhengChenPelegYbaseSplit;valid;1;None;pls;"{""n_components"": 24}";62.826;62.95780284620666
Corn_Starch_80_ZhengChenPelegYbaseSplit;valid;1;None;pls;"{""n_components"": 24}";63.247;63.25819311400071
Corn_Starch_80_ZhengChenPelegYbaseSplit;valid;1;None;pls;"{""n_components"": 24}";63.466;63.43061408471953
Corn_Starch_80_ZhengChenPelegYbaseSplit;valid;1;None;pls;"{""n_components"": 24}";63.823;63.81605178668963
Corn_Starch_80_ZhengChenPelegYbaseSplit;valid;1;None;pls;"{""n_components"": 24}";63.913;63.864980707433695
Corn_Starch_80_ZhengChenPelegYbaseSplit;valid;1;None;pls;"{""n_components"": 24}";64.266;64.00623834660453
Corn_Starch_80_ZhengChenPelegYbaseSplit;valid;1;None;pls;"{""n_components"": 24}";64.367;64.30568756953193
Corn_Starch_80_ZhengChenPelegYbaseSplit;valid;1;None;pls;"{""n_components"": 24}";64.42;64.52796915556368
Corn_Starch_80_ZhengChenPelegYbaseSplit;valid;1;None;pls;"{""n_components"": 24}";64.544;64.49812441341712
Corn_Starch_80_ZhengChenPelegYbaseSplit;valid;1;None;pls;"{""n_components"": 24}";64.574;64.68762647844656
Corn_Starch_80_ZhengChenPelegYbaseSplit;valid;1;None;pls;"{""n_components"": 24}";64.787;64.72851554512056
Corn_Starch_80_ZhengChenPelegYbaseSplit;valid;1;None;pls;"{""n_components"": 24}";64.806;64.79125732642817
Corn_Starch_80_ZhengChenPelegYbaseSplit;valid;1;None;pls;"{""n_components"": 24}";64.838;64.70339858446376
Corn_Starch_80_ZhengChenPelegYbaseSplit;valid;1;None;pls;"{""n_components"": 24}";64.915;64.94255218130726
Corn_Starch_80_ZhengChenPelegYbaseSplit;valid;1;None;pls;"{""n_components"": 24}";65.193;65.07801394380186
Corn_Starch_80_ZhengChenPelegYbaseSplit;valid;1;None;pls;"{""n_components"": 24}";65.371;65.32774856743485
Corn_Starch_80_ZhengChenPelegYbaseSplit;valid;1;None;pls;"{""n_components"": 24}";65.374;65.40842721317688
Corn_Starch_80_ZhengChenPelegYbaseSplit;valid;1;None;pls;"{""n_components"": 24}";65.427;65.340102311259
Corn_Starch_80_ZhengChenPelegYbaseSplit;valid;1;None;pls;"{""n_components"": 24}";65.437;65.35844331755101
Corn_Starch_80_ZhengChenPelegYbaseSplit;valid;1;None;pls;"{""n_components"": 24}";65.547;65.4044801734689
Corn_Starch_80_ZhengChenPelegYbaseSplit;valid;1;None;pls;"{""n_components"": 24}";65.72;65.59014989725495
Corn_Starch_80_ZhengChenPelegYbaseSplit;test;1;None;pls;"{""n_components"": 24}";63.021;62.86002779587396
Corn_Starch_80_ZhengChenPelegYbaseSplit;test;1;None;pls;"{""n_components"": 24}";63.356;63.198201480042556
Corn_Starch_80_ZhengChenPelegYbaseSplit;test;1;None;pls;"{""n_components"": 24}";63.631;63.44232243197223
Corn_Starch_80_ZhengChenPelegYbaseSplit;test;1;None;pls;"{""n_components"": 24}";64.148;64.37455939432184
Corn_Starch_80_ZhengChenPelegYbaseSplit;test;1;None;pls;"{""n_components"": 24}";64.292;64.18586277521739
Corn_Starch_80_ZhengChenPelegYbaseSplit;test;1;None;pls;"{""n_components"": 24}";64.539;64.21391792523644
Corn_Starch_80_ZhengChenPelegYbaseSplit;test;1;None;pls;"{""n_components"": 24}";64.613;64.51394682686913
Corn_Starch_80_ZhengChenPelegYbaseSplit;test;1;None;pls;"{""n_components"": 24}";64.757;64.61660418361993
Corn_Starch_80_ZhengChenPelegYbaseSplit;test;1;None;pls;"{""n_components"": 24}";64.853;64.80790724289707
Corn_Starch_80_ZhengChenPelegYbaseSplit;test;1;None;pls;"{""n_components"": 24}";64.933;64.96546525817682
Corn_Starch_80_ZhengChenPelegYbaseSplit;test;1;None;pls;"{""n_components"": 24}";65.144;65.22605642893366
Corn_Starch_80_ZhengChenPelegYbaseSplit;test;1;None;pls;"{""n_components"": 24}";65.233;65.33201979780578
Corn_Starch_80_ZhengChenPelegYbaseSplit;test;1;None;pls;"{""n_components"": 24}";65.386;65.43573430878689
Corn_Starch_80_ZhengChenPelegYbaseSplit;test;1;None;pls;"{""n_components"": 24}";65.519;65.43244718183067
Corn_Starch_80_ZhengChenPelegYbaseSplit;test;1;None;pls;"{""n_components"": 24}";65.646;65.77049557741816
Corn_Starch_80_ZhengChenPelegYbaseSplit;test;1;None;pls;"{""n_components"": 24}";65.841;65.55259468619408
Corn_Starch_80_ZhengChenPelegYbaseSplit;valid;2;None;pls;"{""n_components"": 24}";63.099;63.13626356248459
Corn_Starch_80_ZhengChenPelegYbaseSplit;valid;2;None;pls;"{""n_components"": 24}";63.263;63.459528061821985
Corn_Starch_80_ZhengChenPelegYbaseSplit;valid;2;None;pls;"{""n_components"": 24}";63.416;63.03129431502268
Corn_Starch_80_ZhengChenPelegYbaseSplit;valid;2;None;pls;"{""n_components"": 24}";63.513;63.574940974956725
Corn_Starch_80_ZhengChenPelegYbaseSplit;valid;2;None;pls;"{""n_components"": 24}";64.131;64.39101016497435
Corn_Starch_80_ZhengChenPelegYbaseSplit;valid;2;None;pls;"{""n_components"": 24}";64.464;64.92809154386498
Corn_Starch_80_ZhengChenPelegYbaseSplit;valid;2;None;pls;"{""n_components"": 24}";64.582;65.01171684454162
Corn_Starch_80_ZhengChenPelegYbaseSplit;valid;2;None;pls;"{""n_components"": 24}";64.62;64.90823137843573
Corn_Starch_80_ZhengChenPelegYbaseSplit;valid;2;None;pls;"{""n_components"": 24}";64.656;64.58224323082301
Corn_Starch_80_ZhengChenPelegYbaseSplit;valid;2;None;pls;"{""n_components"": 24}";64.851;64.6589066085121
Corn_Starch_80_ZhengChenPelegYbaseSplit;valid;2;None;pls;"{""n_components"": 24}";64.923;65.08574392677903
Corn_Starch_80_ZhengChenPelegYbaseSplit;valid;2;None;pls;"{""n_components"": 24}";65.104;65.03439541418348
Corn_Starch_80_ZhengChenPelegYbaseSplit;valid;2;None;pls;"{""n_components"": 24}";65.115;65.11788905379261
Corn_Starch_80_ZhengChenPelegYbaseSplit;valid;2;None;pls;"{""n_components"": 24}";65.209;65.56653689448856
Corn_Starch_80_ZhengChenPelegYbaseSplit;valid;2;None;pls;"{""n_components"": 24}";65.337;65.61979251968238
Corn_Starch_80_ZhengChenPelegYbaseSplit;valid;2;None;pls;"{""n_components"": 24}";65.474;65.46302305086222
Corn_Starch_80_ZhengChenPelegYbaseSplit;valid;2;None;pls;"{""n_components"": 24}";65.524;65.77082577635711
Corn_Starch_80_ZhengChenPelegYbaseSplit;valid;2;None;pls;"{""n_components"": 24}";65.601;65.51639391856844
Corn_Starch_80_ZhengChenPelegYbaseSplit;valid;2;None;pls;"{""n_components"": 24}";65.795;65.67892048388295
Corn_Starch_80_ZhengChenPelegYbaseSplit;valid;2;None;pls;"{""n_components"": 24}";65.808;65.86021831543387
Corn_Starch_80_ZhengChenPelegYbaseSplit;valid;2;None;pls;"{""n_components"": 24}";66.472;66.00728643498395
Corn_Starch_80_ZhengChenPelegYbaseSplit;test;2;None;pls;"{""n_components"": 24}";63.021;62.72292113712464
Corn_Starch_80_ZhengChenPelegYbaseSplit;test;2;None;pls;"{""n_components"": 24}";63.356;63.24655182275411
Corn_Starch_80_ZhengChenPelegYbaseSplit;test;2;None;pls;"{""n_components"": 24}";63.631;63.375051038432304
Corn_Starch_80_ZhengChenPelegYbaseSplit;test;2;None;pls;"{""n_components"": 24}";64.148;64.35973270446183
Corn_Starch_80_ZhengChenPelegYbaseSplit;test;2;None;pls;"{""n_components"": 24}";64.292;64.1404652456109
Corn_Starch_80_ZhengChenPelegYbaseSplit;test;2;None;pls;"{""n_components"": 24}";64.539;64.38123319615521
Corn_Starch_80_ZhengChenPelegYbaseSplit;test;2;None;pls;"{""n_components"": 24}";64.613;64.86965332427397
Corn_Starch_80_ZhengChenPelegYbaseSplit;test;2;None;pls;"{""n_components"": 24}";64.757;64.63845674550811
Corn_Starch_80_ZhengChenPelegYbaseSplit;test;2;None;pls;"{""n_components"": 24}";64.853;64.84570420789379
Corn_Starch_80_ZhengChenPelegYbaseSplit;test;2;None;pls;"{""n_components"": 24}";64.933;64.93718283231328
Corn_Starch_80_ZhengChenPelegYbaseSplit;test;2;None;pls;"{""n_components"": 24}";65.144;65.43035177352024
Corn_Starch_80_ZhengChenPelegYbaseSplit;test;2;None;pls;"{""n_components"": 24}";65.233;65.83737557547983
Corn_Starch_80_ZhengChenPelegYbaseSplit;test;2;None;pls;"{""n_components"": 24}";65.386;65.19784568732237
Corn_Starch_80_ZhengChenPelegYbaseSplit;test;2;None;pls;"{""n_components"": 24}";65.519;65.58128697545828
Corn_Starch_80_ZhengChenPelegYbaseSplit;test;2;None;pls;"{""n_components"": 24}";65.646;65.78570790219734
Corn_Starch_80_ZhengChenPelegYbaseSplit;test;2;None;pls;"{""n_components"": 24}";65.841;65.69451819153035
Corn_Starch_80_ZhengChenPelegYbaseSplit;valid;0;Haar;pls;"{""n_components"": 6}";62.884;63.2641325410975
Corn_Starch_80_ZhengChenPelegYbaseSplit;valid;0;Haar;pls;"{""n_components"": 6}";63.246;63.7046541887073
Corn_Starch_80_ZhengChenPelegYbaseSplit;valid;0;Haar;pls;"{""n_components"": 6}";63.567;63.76398522242517
Corn_Starch_80_ZhengChenPelegYbaseSplit;valid;0;Haar;pls;"{""n_components"": 6}";63.784;63.72933262763036
Corn_Starch_80_ZhengChenPelegYbaseSplit;valid;0;Haar;pls;"{""n_components"": 6}";64.253;64.55835156713623
Corn_Starch_80_ZhengChenPelegYbaseSplit;valid;0;Haar;pls;"{""n_components"": 6}";64.261;64.64561730809767
Corn_Starch_80_ZhengChenPelegYbaseSplit;valid;0;Haar;pls;"{""n_components"": 6}";64.287;64.16851862612604
Corn_Starch_80_ZhengChenPelegYbaseSplit;valid;0;Haar;pls;"{""n_components"": 6}";64.506;64.63202285844429
Corn_Starch_80_ZhengChenPelegYbaseSplit;valid;0;Haar;pls;"{""n_components"": 6}";64.546;64.5689410798294
Corn_Starch_80_ZhengChenPelegYbaseSplit;valid;0;Haar;pls;"{""n_components"": 6}";64.632;64.90914527331098
Corn_Starch_80_ZhengChenPelegYbaseSplit;valid;0;Haar;pls;"{""n_components"": 6}";64.67;64.91465084718466
Corn_Starch_80_ZhengChenPelegYbaseSplit;valid;0;Haar;pls;"{""n_components"": 6}";64.882;64.66284838491092
Corn_Starch_80_ZhengChenPelegYbaseSplit;valid;0;Haar;pls;"{""n_components"": 6}";64.895;64.4785069424046
Corn_Starch_80_ZhengChenPelegYbaseSplit;valid;0;Haar;pls;"{""n_components"": 6}";65.022;65.17566062349823
Corn_Starch_80_ZhengChenPelegYbaseSplit;valid;0;Haar;pls;"{""n_components"": 6}";65.107;64.98941212292766
Corn_Starch_80_ZhengChenPelegYbaseSplit;valid;0;Haar;pls;"{""n_components"": 6}";65.205;64.87706497410574
Corn_Starch_80_ZhengChenPelegYbaseSplit;valid;0;Haar;pls;"{""n_components"": 6}";65.217;65.26847502654735
Corn_Starch_80_ZhengChenPelegYbaseSplit;valid;0;Haar;pls;"{""n_components"": 6}";65.294;65.36648611091165
Corn_Starch_80_ZhengChenPelegYbaseSplit;valid;0;Haar;pls;"{""n_components"": 6}";65.441;65.35445939228899
Corn_Starch_80_ZhengChenPelegYbaseSplit;valid;0;Haar;pls;"{""n_components"": 6}";65.637;65.44471309710228
Corn_Starch_80_ZhengChenPelegYbaseSplit;valid;0;Haar;pls;"{""n_components"": 6}";65.679;65.71560330888043
Corn_Starch_80_ZhengChenPelegYbaseSplit;valid;0;Haar;pls;"{""n_components"": 6}";65.903;65.72605889020758
Corn_Starch_80_ZhengChenPelegYbaseSplit;test;0;Haar;pls;"{""n_components"": 6}";63.021;63.16147316672483
Corn_Starch_80_ZhengChenPelegYbaseSplit;test;0;Haar;pls;"{""n_components"": 6}";63.356;63.54224667849488
Corn_Starch_80_ZhengChenPelegYbaseSplit;test;0;Haar;pls;"{""n_components"": 6}";63.631;64.00139901030758
Corn_Starch_80_ZhengChenPelegYbaseSplit;test;0;Haar;pls;"{""n_components"": 6}";64.148;64.39907768234585
Corn_Starch_80_ZhengChenPelegYbaseSplit;test;0;Haar;pls;"{""n_components"": 6}";64.292;64.17367248432264
Corn_Starch_80_ZhengChenPelegYbaseSplit;test;0;Haar;pls;"{""n_components"": 6}";64.539;64.32168897107655
Corn_Starch_80_ZhengChenPelegYbaseSplit;test;0;Haar;pls;"{""n_components"": 6}";64.613;64.85863195097313
Corn_Starch_80_ZhengChenPelegYbaseSplit;test;0;Haar;pls;"{""n_components"": 6}";64.757;64.37798742649022
Corn_Starch_80_ZhengChenPelegYbaseSplit;test;0;Haar;pls;"{""n_components"": 6}";64.853;64.72671521185424
Corn_Starch_80_ZhengChenPelegYbaseSplit;test;0;Haar;pls;"{""n_components"": 6}";64.933;64.81905347663326
Corn_Starch_80_ZhengChenPelegYbaseSplit;test;0;Haar;pls;"{""n_components"": 6}";65.144;65.29160027170454
Corn_Starch_80_ZhengChenPelegYbaseSplit;test;0;Haar;pls;"{""n_components"": 6}";65.233;65.22158904780343
Corn_Starch_80_ZhengChenPelegYbaseSplit;test;0;Haar;pls;"{""n_components"": 6}";65.386;65.4487124422677
Corn_Starch_80_ZhengChenPelegYbaseSplit;test;0;Haar;pls;"{""n_components"": 6}";65.519;65.13826216064096
Corn_Starch_80_ZhengChenPelegYbaseSplit;test;0;Haar;pls;"{""n_components"": 6}";65.646;65.75518181346578
Corn_Starch_80_ZhengChenPelegYbaseSplit;test;0;Haar;pls;"{""n_components"": 6}";65.841;65.60803199086797
Corn_Starch_80_ZhengChenPelegYbaseSplit;valid;1;Haar;pls;"{""n_components"": 6}";62.826;63.36830074545847
Corn_Starch_80_ZhengChenPelegYbaseSplit;valid;1;Haar;pls;"{""n_components"": 6}";63.247;63.3057083163696
Corn_Starch_80_ZhengChenPelegYbaseSplit;valid;1;Haar;pls;"{""n_components"": 6}";63.466;63.612109621493964
Corn_Starch_80_ZhengChenPelegYbaseSplit;valid;1;Haar;pls;"{""n_components"": 6}";63.823;63.75090989717752
Corn_Starch_80_ZhengChenPelegYbaseSplit;valid;1;Haar;pls;"{""n_components"": 6}";63.913;63.722476603276526
Corn_Starch_80_ZhengChenPelegYbaseSplit;valid;1;Haar;pls;"{""n_components"": 6}";64.266;63.9614856847919
Corn_Starch_80_ZhengChenPelegYbaseSplit;valid;1;Haar;pls;"{""n_components"": 6}";64.367;63.968448673264646
Corn_Starch_80_ZhengChenPelegYbaseSplit;valid;1;Haar;pls;"{""n_components"": 6}";64.42;64.53453216865671
Corn_Starch_80_ZhengChenPelegYbaseSplit;valid;1;Haar;pls;"{""n_components"": 6}";64.544;64.67114742108643
Corn_Starch_80_ZhengChenPelegYbaseSplit;valid;1;Haar;pls;"{""n_components"": 6}";64.574;64.49535713125225
Corn_Starch_80_ZhengChenPelegYbaseSplit;valid;1;Haar;pls;"{""n_components"": 6}";64.787;64.38157146310496
Corn_Starch_80_ZhengChenPelegYbaseSplit;valid;1;Haar;pls;"{""n_components"": 6}";64.806;64.05796783860174
Corn_Starch_80_ZhengChenPelegYbaseSplit;valid;1;Haar;pls;"{""n_components"": 6}";64.838;64.38603565858517
Corn_Starch_80_ZhengChenPelegYbaseSplit;valid;1;Haar;pls;"{""n_components"": 6}";64.915;64.84181583636206
Corn_Starch_80_ZhengChenPelegYbaseSplit;valid;1;Haar;pls;"{""n_components"": 6}";65.193;64.87686588322264
Corn_Starch_80_ZhengChenPelegYbaseSplit;valid;1;Haar;pls;"{""n_components"": 6}";65.371;65.20320339241393
Corn_Starch_80_ZhengChenPelegYbaseSplit;valid;1;Haar;pls;"{""n_components"": 6}";65.374;65.50544584957763
Corn_Starch_80_ZhengChenPelegYbaseSplit;valid;1;Haar;pls;"{""n_components"": 6}";65.427;65.0109452863025
Corn_Starch_80_ZhengChenPelegYbaseSplit;valid;1;Haar;pls;"{""n_components"": 6}";65.437;65.75892423229989
Corn_Starch_80_ZhengChenPelegYbaseSplit;valid;1;Haar;pls;"{""n_components"": 6}";65.547;65.18019383180386
Corn_Starch_80_ZhengChenPelegYbaseSplit;valid;1;Haar;pls;"{""n_components"": 6}";65.72;65.72408921980627
Corn_Starch_80_ZhengChenPelegYbaseSplit;test;1;Haar;pls;"{""n_components"": 6}";63.021;63.026958918387415
Corn_Starch_80_ZhengChenPelegYbaseSplit;test;1;Haar;pls;"{""n_components"": 6}";63.356;63.337773545050055
Corn_Starch_80_ZhengChenPelegYbaseSplit;test;1;Haar;pls;"{""n_components"": 6}";63.631;63.65810191908053
Corn_Starch_80_ZhengChenPelegYbaseSplit;test;1;Haar;pls;"{""n_components"": 6}";64.148;64.59648828569723
Corn_Starch_80_ZhengChenPelegYbaseSplit;test;1;Haar;pls;"{""n_components"": 6}";64.292;64.18390891584116
Corn_Starch_80_ZhengChenPelegYbaseSplit;test;1;Haar;pls;"{""n_components"": 6}";64.539;64.03978663925233
Corn_Starch_80_ZhengChenPelegYbaseSplit;test;1;Haar;pls;"{""n_components"": 6}";64.613;64.86392478674362
Corn_Starch_80_ZhengChenPelegYbaseSplit;test;1;Haar;pls;"{""n_components"": 6}";64.757;63.97846262996988
Corn_Starch_80_ZhengChenPelegYbaseSplit;test;1;Haar;pls;"{""n_components"": 6}";64.853;64.64407524695316
Corn_Starch_80_ZhengChenPelegYbaseSplit;test;1;Haar;pls;"{""n_components"": 6}";64.933;64.77386308005094
Corn_Starch_80_ZhengChenPelegYbaseSplit;test;1;Haar;pls;"{""n_components"": 6}";65.144;65.18397521766698
Corn_Starch_80_ZhengChenPelegYbaseSplit;test;1;Haar;pls;"{""n_components"": 6}";65.233;65.09842742959329
Corn_Starch_80_ZhengChenPelegYbaseSplit;test;1;Haar;pls;"{""n_components"": 6}";65.386;65.58083088655484
Corn_Starch_80_ZhengChenPelegYbaseSplit;test;1;Haar;pls;"{""n_components"": 6}";65.519;65.07705740724373
Corn_Starch_80_ZhengChenPelegYbaseSplit;test;1;Haar;pls;"{""n_components"": 6}";65.646;65.63694855473466
Corn_Starch_80_ZhengChenPelegYbaseSplit;test;1;Haar;pls;"{""n_components"": 6}";65.841;65.4564769565997
Corn_Starch_80_ZhengChenPelegYbaseSplit;valid;2;Haar;pls;"{""n_components"": 6}";63.099;63.14715354025425
Corn_Starch_80_ZhengChenPelegYbaseSplit;valid;2;Haar;pls;"{""n_components"": 6}";63.263;63.526671209568015
Corn_Starch_80_ZhengChenPelegYbaseSplit;valid;2;Haar;pls;"{""n_components"": 6}";63.416;63.409166859391334
Corn_Starch_80_ZhengChenPelegYbaseSplit;valid;2;Haar;pls;"{""n_components"": 6}";63.513;63.498357171685406
Corn_Starch_80_ZhengChenPelegYbaseSplit;valid;2;Haar;pls;"{""n_components"": 6}";64.131;64.70271931322941
Corn_Starch_80_ZhengChenPelegYbaseSplit;valid;2;Haar;pls;"{""n_components"": 6}";64.464;64.8440257392972
Corn_Starch_80_ZhengChenPelegYbaseSplit;valid;2;Haar;pls;"{""n_components"": 6}";64.582;65.03736831999137
Corn_Starch_80_ZhengChenPelegYbaseSplit;valid;2;Haar;pls;"{""n_components"": 6}";64.62;64.86123114377922
Corn_Starch_80_ZhengChenPelegYbaseSplit;valid;2;Haar;pls;"{""n_components"": 6}";64.656;64.44919559073463
Corn_Starch_80_ZhengChenPelegYbaseSplit;valid;2;Haar;pls;"{""n_components"": 6}";64.851;64.45855425586764
Corn_Starch_80_ZhengChenPelegYbaseSplit;valid;2;Haar;pls;"{""n_components"": 6}";64.923;64.92869340188113
Corn_Starch_80_ZhengChenPelegYbaseSplit;valid;2;Haar;pls;"{""n_components"": 6}";65.104;64.97653372890836
Corn_Starch_80_ZhengChenPelegYbaseSplit;valid;2;Haar;pls;"{""n_components"": 6}";65.115;65.18379406248758
Corn_Starch_80_ZhengChenPelegYbaseSplit;valid;2;Haar;pls;"{""n_components"": 6}";65.209;65.38614593354302
Corn_Starch_80_ZhengChenPelegYbaseSplit;valid;2;Haar;pls;"{""n_components"": 6}";65.337;65.4779292835902
Corn_Starch_80_ZhengChenPelegYbaseSplit;valid;2;Haar;pls;"{""n_components"": 6}";65.474;65.11525228785435
Corn_Starch_80_ZhengChenPelegYbaseSplit;valid;2;Haar;pls;"{""n_components"": 6}";65.524;65.61632475533006
Corn_Starch_80_ZhengChenPelegYbaseSplit;valid;2;Haar;pls;"{""n_components"": 6}";65.601;65.33772781559911
Corn_Starch_80_ZhengChenPelegYbaseSplit;valid;2;Haar;pls;"{""n_components"": 6}";65.795;65.83171264612791
Corn_Starch_80_ZhengChenPelegYbaseSplit;valid;2;Haar;pls;"{""n_components"": 6}";65.808;65.77002442576445
Corn_Starch_80_ZhengChenPelegYbaseSplit;valid;2;Haar;pls;"{""n_components"": 6}";66.472;66.00836954319101
Corn_Starch_80_ZhengChenPelegYbaseSplit;test;2;Haar;pls;"{""n_components"": 6}";63.021;63.1274570719932
Corn_Starch_80_ZhengChenPelegYbaseSplit;test;2;Haar;pls;"{""n_components"": 6}";63.356;63.54649988140526
Corn_Starch_80_ZhengChenPelegYbaseSplit;test;2;Haar;pls;"{""n_components"": 6}";63.631;63.78648220140869
Corn_Starch_80_ZhengChenPelegYbaseSplit;test;2;Haar;pls;"{""n_components"": 6}";64.148;64.53162920189254
Corn_Starch_80_ZhengChenPelegYbaseSplit;test;2;Haar;pls;"{""n_components"": 6}";64.292;64.23249217500958
Corn_Starch_80_ZhengChenPelegYbaseSplit;test;2;Haar;pls;"{""n_components"": 6}";64.539;64.17962730041242
Corn_Starch_80_ZhengChenPelegYbaseSplit;test;2;Haar;pls;"{""n_components"": 6}";64.613;64.8788057504202
Corn_Starch_80_ZhengChenPelegYbaseSplit;test;2;Haar;pls;"{""n_components"": 6}";64.757;64.50462276727086
Corn_Starch_80_ZhengChenPelegYbaseSplit;test;2;Haar;pls;"{""n_components"": 6}";64.853;64.78043401339708
Corn_Starch_80_ZhengChenPelegYbaseSplit;test;2;Haar;pls;"{""n_components"": 6}";64.933;64.94535885646407
Corn_Starch_80_ZhengChenPelegYbaseSplit;test;2;Haar;pls;"{""n_components"": 6}";65.144;65.15003597559127
Corn_Starch_80_ZhengChenPelegYbaseSplit;test;2;Haar;pls;"{""n_components"": 6}";65.233;65.31635064136526
Corn_Starch_80_ZhengChenPelegYbaseSplit;test;2;Haar;pls;"{""n_components"": 6}";65.386;65.26127804919737
Corn_Starch_80_ZhengChenPelegYbaseSplit;test;2;Haar;pls;"{""n_components"": 6}";65.519;65.36201190010115
Corn_Starch_80_ZhengChenPelegYbaseSplit;test;2;Haar;pls;"{""n_components"": 6}";65.646;65.64541326792569
Corn_Starch_80_ZhengChenPelegYbaseSplit;test;2;Haar;pls;"{""n_components"": 6}";65.841;65.57931194782586
Corn_Starch_80_ZhengChenPelegYbaseSplit;valid;0;AreaNormalization;pls;"{""n_components"": 20}";62.884;63.0354466919899
Corn_Starch_80_ZhengChenPelegYbaseSplit;valid;0;AreaNormalization;pls;"{""n_components"": 20}";63.246;63.37768536849596
Corn_Starch_80_ZhengChenPelegYbaseSplit;valid;0;AreaNormalization;pls;"{""n_components"": 20}";63.567;63.724231719789216
Corn_Starch_80_ZhengChenPelegYbaseSplit;valid;0;AreaNormalization;pls;"{""n_components"": 20}";63.784;63.57591476934236
Corn_Starch_80_ZhengChenPelegYbaseSplit;valid;0;AreaNormalization;pls;"{""n_components"": 20}";64.253;64.38318158575187
Corn_Starch_80_ZhengChenPelegYbaseSplit;valid;0;AreaNormalization;pls;"{""n_components"": 20}";64.261;64.32801921867603
Corn_Starch_80_ZhengChenPelegYbaseSplit;valid;0;AreaNormalization;pls;"{""n_components"": 20}";64.287;64.39097349917664
Corn_Starch_80_ZhengChenPelegYbaseSplit;valid;0;AreaNormalization;pls;"{""n_components"": 20}";64.506;64.25868020018021
Corn_Starch_80_ZhengChenPelegYbaseSplit;valid;0;AreaNormalization;pls;"{""n_components"": 20}";64.546;64.33430409730958
Corn_Starch_80_ZhengChenPelegYbaseSplit;valid;0;AreaNormalization;pls;"{""n_components"": 20}";64.632;64.6699686242206
Corn_Starch_80_ZhengChenPelegYbaseSplit;valid;0;AreaNormalization;pls;"{""n_components"": 20}";64.67;64.8730398726451
Corn_Starch_80_ZhengChenPelegYbaseSplit;valid;0;AreaNormalization;pls;"{""n_components"": 20}";64.882;64.7360396862182
Corn_Starch_80_ZhengChenPelegYbaseSplit;valid;0;AreaNormalization;pls;"{""n_components"": 20}";64.895;64.86355841145122
Corn_Starch_80_ZhengChenPelegYbaseSplit;valid;0;AreaNormalization;pls;"{""n_components"": 20}";65.022;65.23410856758183
Corn_Starch_80_ZhengChenPelegYbaseSplit;valid;0;AreaNormalization;pls;"{""n_components"": 20}";65.107;65.05632103686939
Corn_Starch_80_ZhengChenPelegYbaseSplit;valid;0;AreaNormalization;pls;"{""n_components"": 20}";65.205;65.33672519675
Corn_Starch_80_ZhengChenPelegYbaseSplit;valid;0;AreaNormalization;pls;"{""n_components"": 20}";65.217;65.37867029698191
Corn_Starch_80_ZhengChenPelegYbaseSplit;valid;0;AreaNormalization;pls;"{""n_components"": 20}";65.294;65.32764697587709
Corn_Starch_80_ZhengChenPelegYbaseSplit;valid;0;AreaNormalization;pls;"{""n_components"": 20}";65.441;65.4734604305957
Corn_Starch_80_ZhengChenPelegYbaseSplit;valid;0;AreaNormalization;pls;"{""n_components"": 20}";65.637;65.59843599294064
Corn_Starch_80_ZhengChenPelegYbaseSplit;valid;0;AreaNormalization;pls;"{""n_components"": 20}";65.679;65.48378422981621
Corn_Starch_80_ZhengChenPelegYbaseSplit;valid;0;AreaNormalization;pls;"{""n_components"": 20}";65.903;65.64124878641604
Corn_Starch_80_ZhengChenPelegYbaseSplit;test;0;AreaNormalization;pls;"{""n_components"": 20}";63.021;62.891234533373286
Corn_Starch_80_ZhengChenPelegYbaseSplit;test;0;AreaNormalization;pls;"{""n_components"": 20}";63.356;63.446255725684765
Corn_Starch_80_ZhengChenPelegYbaseSplit;test;0;AreaNormalization;pls;"{""n_components"": 20}";63.631;63.71735208343173
Corn_Starch_80_ZhengChenPelegYbaseSplit;test;0;AreaNormalization;pls;"{""n_components"": 20}";64.148;64.39468336442326
Corn_Starch_80_ZhengChenPelegYbaseSplit;test;0;AreaNormalization;pls;"{""n_components"": 20}";64.292;64.25778488355306
Corn_Starch_80_ZhengChenPelegYbaseSplit;test;0;AreaNormalization;pls;"{""n_components"": 20}";64.539;64.19055021615418
Corn_Starch_80_ZhengChenPelegYbaseSplit;test;0;AreaNormalization;pls;"{""n_components"": 20}";64.613;64.65769643826917
Corn_Starch_80_ZhengChenPelegYbaseSplit;test;0;AreaNormalization;pls;"{""n_components"": 20}";64.757;64.61866368634242
Corn_Starch_80_ZhengChenPelegYbaseSplit;test;0;AreaNormalization;pls;"{""n_components"": 20}";64.853;64.86612208871836
Corn_Starch_80_ZhengChenPelegYbaseSplit;test;0;AreaNormalization;pls;"{""n_components"": 20}";64.933;64.87791545632349
Corn_Starch_80_ZhengChenPelegYbaseSplit;test;0;AreaNormalization;pls;"{""n_components"": 20}";65.144;65.07006333998827
Corn_Starch_80_ZhengChenPelegYbaseSplit;test;0;AreaNormalization;pls;"{""n_components"": 20}";65.233;65.46316056202191
Corn_Starch_80_ZhengChenPelegYbaseSplit;test;0;AreaNormalization;pls;"{""n_components"": 20}";65.386;65.36813129296281
Corn_Starch_80_ZhengChenPelegYbaseSplit;test;0;AreaNormalization;pls;"{""n_components"": 20}";65.519;65.5542380737443
Corn_Starch_80_ZhengChenPelegYbaseSplit;test;0;AreaNormalization;pls;"{""n_components"": 20}";65.646;65.95537660516337
Corn_Starch_80_ZhengChenPelegYbaseSplit;test;0;AreaNormalization;pls;"{""n_components"": 20}";65.841;65.79221446333652
Corn_Starch_80_ZhengChenPelegYbaseSplit;valid;1;AreaNormalization;pls;"{""n_components"": 20}";62.826;63.00591558019167
Corn_Starch_80_ZhengChenPelegYbaseSplit;valid;1;AreaNormalization;pls;"{""n_components"": 20}";63.247;62.975142881982165
Corn_Starch_80_ZhengChenPelegYbaseSplit;valid;1;AreaNormalization;pls;"{""n_components"": 20}";63.466;63.40693583571223
Corn_Starch_80_ZhengChenPelegYbaseSplit;valid;1;AreaNormalization;pls;"{""n_components"": 20}";63.823;63.92024313417301
Corn_Starch_80_ZhengChenPelegYbaseSplit;valid;1;AreaNormalization;pls;"{""n_components"": 20}";63.913;63.85457566983564
Corn_Starch_80_ZhengChenPelegYbaseSplit;valid;1;AreaNormalization;pls;"{""n_components"": 20}";64.266;63.86741652559079
Corn_Starch_80_ZhengChenPelegYbaseSplit;valid;1;AreaNormalization;pls;"{""n_components"": 20}";64.367;64.26180311954228
Corn_Starch_80_ZhengChenPelegYbaseSplit;valid;1;AreaNormalization;pls;"{""n_components"": 20}";64.42;64.48462129325107
Corn_Starch_80_ZhengChenPelegYbaseSplit;valid;1;AreaNormalization;pls;"{""n_components"": 20}";64.544;64.54807794636517
Corn_Starch_80_ZhengChenPelegYbaseSplit;valid;1;AreaNormalization;pls;"{""n_components"": 20}";64.574;64.69166465633917
Corn_Starch_80_ZhengChenPelegYbaseSplit;valid;1;AreaNormalization;pls;"{""n_components"": 20}";64.787;64.76133090578406
Corn_Starch_80_ZhengChenPelegYbaseSplit;valid;1;AreaNormalization;pls;"{""n_components"": 20}";64.806;64.98017328280562
Corn_Starch_80_ZhengChenPelegYbaseSplit;valid;1;AreaNormalization;pls;"{""n_components"": 20}";64.838;64.78617624943512
Corn_Starch_80_ZhengChenPelegYbaseSplit;valid;1;AreaNormalization;pls;"{""n_components"": 20}";64.915;64.93493588079109
Corn_Starch_80_ZhengChenPelegYbaseSplit;valid;1;AreaNormalization;pls;"{""n_components"": 20}";65.193;65.09618225716596
Corn_Starch_80_ZhengChenPelegYbaseSplit;valid;1;AreaNormalization;pls;"{""n_components"": 20}";65.371;65.58099684092285
Corn_Starch_80_ZhengChenPelegYbaseSplit;valid;1;AreaNormalization;pls;"{""n_components"": 20}";65.374;65.3276360852842
Corn_Starch_80_ZhengChenPelegYbaseSplit;valid;1;AreaNormalization;pls;"{""n_components"": 20}";65.427;65.46728924037475
Corn_Starch_80_ZhengChenPelegYbaseSplit;valid;1;AreaNormalization;pls;"{""n_components"": 20}";65.437;65.3344123653377
Corn_Starch_80_ZhengChenPelegYbaseSplit;valid;1;AreaNormalization;pls;"{""n_components"": 20}";65.547;65.44456136596264
Corn_Starch_80_ZhengChenPelegYbaseSplit;valid;1;AreaNormalization;pls;"{""n_components"": 20}";65.72;65.638653595726
Corn_Starch_80_ZhengChenPelegYbaseSplit;test;1;AreaNormalization;pls;"{""n_components"": 20}";63.021;62.76472716837878
Corn_Starch_80_ZhengChenPelegYbaseSplit;test;1;AreaNormalization;pls;"{""n_components"": 20}";63.356;63.06852923876932
Corn_Starch_80_ZhengChenPelegYbaseSplit;test;1;AreaNormalization;pls;"{""n_components"": 20}";63.631;63.49612833722163
Corn_Starch_80_ZhengChenPelegYbaseSplit;test;1;AreaNormalization;pls;"{""n_components"": 20}";64.148;64.44747492312634
Corn_Starch_80_ZhengChenPelegYbaseSplit;test;1;AreaNormalization;pls;"{""n_components"": 20}";64.292;64.18914279141023
Corn_Starch_80_ZhengChenPelegYbaseSplit;test;1;AreaNormalization;pls;"{""n_components"": 20}";64.539;64.10624143987484
Corn_Starch_80_ZhengChenPelegYbaseSplit;test;1;AreaNormalization;pls;"{""n_components"": 20}";64.613;64.4998023417643
Corn_Starch_80_ZhengChenPelegYbaseSplit;test;1;AreaNormalization;pls;"{""n_components"": 20}";64.757;64.7634599264236
Corn_Starch_80_ZhengChenPelegYbaseSplit;test;1;AreaNormalization;pls;"{""n_components"": 20}";64.853;64.89800004002582
Corn_Starch_80_ZhengChenPelegYbaseSplit;test;1;AreaNormalization;pls;"{""n_components"": 20}";64.933;64.97209308893935
Corn_Starch_80_ZhengChenPelegYbaseSplit;test;1;AreaNormalization;pls;"{""n_components"": 20}";65.144;65.17756460528368
Corn_Starch_80_ZhengChenPelegYbaseSplit;test;1;AreaNormalization;pls;"{""n_components"": 20}";65.233;65.43779428712884
Corn_Starch_80_ZhengChenPelegYbaseSplit;test;1;AreaNormalization;pls;"{""n_components"": 20}";65.386;65.41195584625304
Corn_Starch_80_ZhengChenPelegYbaseSplit;test;1;AreaNormalization;pls;"{""n_components"": 20}";65.519;65.54216421121097
Corn_Starch_80_ZhengChenPelegYbaseSplit;test;1;AreaNormalization;pls;"{""n_components"": 20}";65.646;65.78691876278938
Corn_Starch_80_ZhengChenPelegYbaseSplit;test;1;AreaNormalization;pls;"{""n_components"": 20}";65.841;65.60947435680919
Corn_Starch_80_ZhengChenPelegYbaseSplit;valid;2;AreaNormalization;pls;"{""n_components"": 20}";63.099;63.17210843394932
Corn_Starch_80_ZhengChenPelegYbaseSplit;valid;2;AreaNormalization;pls;"{""n_components"": 20}";63.263;63.3376042342647
Corn_Starch_80_ZhengChenPelegYbaseSplit;valid;2;AreaNormalization;pls;"{""n_components"": 20}";63.416;63.1744158744016
Corn_Starch_80_ZhengChenPelegYbaseSplit;valid;2;AreaNormalization;pls;"{""n_components"": 20}";63.513;63.56199659853401
Corn_Starch_80_ZhengChenPelegYbaseSplit;valid;2;AreaNormalization;pls;"{""n_components"": 20}";64.131;64.32873638752365
Corn_Starch_80_ZhengChenPelegYbaseSplit;valid;2;AreaNormalization;pls;"{""n_components"": 20}";64.464;65.01491662949313
Corn_Starch_80_ZhengChenPelegYbaseSplit;valid;2;AreaNormalization;pls;"{""n_components"": 20}";64.582;64.99988682020667
Corn_Starch_80_ZhengChenPelegYbaseSplit;valid;2;AreaNormalization;pls;"{""n_components"": 20}";64.62;64.85924080186368
Corn_Starch_80_ZhengChenPelegYbaseSplit;valid;2;AreaNormalization;pls;"{""n_components"": 20}";64.656;64.57294399301006
Corn_Starch_80_ZhengChenPelegYbaseSplit;valid;2;AreaNormalization;pls;"{""n_components"": 20}";64.851;64.67958543654768
Corn_Starch_80_ZhengChenPelegYbaseSplit;valid;2;AreaNormalization;pls;"{""n_components"": 20}";64.923;65.08559061103614
Corn_Starch_80_ZhengChenPelegYbaseSplit;valid;2;AreaNormalization;pls;"{""n_components"": 20}";65.104;65.14307127499494
Corn_Starch_80_ZhengChenPelegYbaseSplit;valid;2;AreaNormalization;pls;"{""n_components"": 20}";65.115;65.14044655993285
Corn_Starch_80_ZhengChenPelegYbaseSplit;valid;2;AreaNormalization;pls;"{""n_components"": 20}";65.209;65.55705523984106
Corn_Starch_80_ZhengChenPelegYbaseSplit;valid;2;AreaNormalization;pls;"{""n_components"": 20}";65.337;65.65795186789897
Corn_Starch_80_ZhengChenPelegYbaseSplit;valid;2;AreaNormalization;pls;"{""n_components"": 20}";65.474;65.41868024456205
Corn_Starch_80_ZhengChenPelegYbaseSplit;valid;2;AreaNormalization;pls;"{""n_components"": 20}";65.524;65.71002385467858
Corn_Starch_80_ZhengChenPelegYbaseSplit;valid;2;AreaNormalization;pls;"{""n_components"": 20}";65.601;65.43040776571384
Corn_Starch_80_ZhengChenPelegYbaseSplit;valid;2;AreaNormalization;pls;"{""n_components"": 20}";65.795;65.419129408498
Corn_Starch_80_ZhengChenPelegYbaseSplit;valid;2;AreaNormalization;pls;"{""n_components"": 20}";65.808;65.81232666356047
Corn_Starch_80_ZhengChenPelegYbaseSplit;valid;2;AreaNormalization;pls;"{""n_components"": 20}";66.472;65.63238288812649
Corn_Starch_80_ZhengChenPelegYbaseSplit;test;2;AreaNormalization;pls;"{""n_components"": 20}";63.021;62.547372992188144
Corn_Starch_80_ZhengChenPelegYbaseSplit;test;2;AreaNormalization;pls;"{""n_components"": 20}";63.356;63.13290373750956
Corn_Starch_80_ZhengChenPelegYbaseSplit;test;2;AreaNormalization;pls;"{""n_components"": 20}";63.631;63.40310359135536
Corn_Starch_80_ZhengChenPelegYbaseSplit;test;2;AreaNormalization;pls;"{""n_components"": 20}";64.148;64.35913244850924
Corn_Starch_80_ZhengChenPelegYbaseSplit;test;2;AreaNormalization;pls;"{""n_components"": 20}";64.292;64.19241564746771
Corn_Starch_80_ZhengChenPelegYbaseSplit;test;2;AreaNormalization;pls;"{""n_components"": 20}";64.539;64.45347877209507
Corn_Starch_80_ZhengChenPelegYbaseSplit;test;2;AreaNormalization;pls;"{""n_components"": 20}";64.613;64.73992294238455
Corn_Starch_80_ZhengChenPelegYbaseSplit;test;2;AreaNormalization;pls;"{""n_components"": 20}";64.757;64.64747735252257
Corn_Starch_80_ZhengChenPelegYbaseSplit;test;2;AreaNormalization;pls;"{""n_components"": 20}";64.853;64.94533879119196
Corn_Starch_80_ZhengChenPelegYbaseSplit;test;2;AreaNormalization;pls;"{""n_components"": 20}";64.933;64.92654332658563
Corn_Starch_80_ZhengChenPelegYbaseSplit;test;2;AreaNormalization;pls;"{""n_components"": 20}";65.144;65.51128259527182
Corn_Starch_80_ZhengChenPelegYbaseSplit;test;2;AreaNormalization;pls;"{""n_components"": 20}";65.233;65.88383944498435
Corn_Starch_80_ZhengChenPelegYbaseSplit;test;2;AreaNormalization;pls;"{""n_components"": 20}";65.386;65.02174798741304
Corn_Starch_80_ZhengChenPelegYbaseSplit;test;2;AreaNormalization;pls;"{""n_components"": 20}";65.519;65.43099333159248
Corn_Starch_80_ZhengChenPelegYbaseSplit;test;2;AreaNormalization;pls;"{""n_components"": 20}";65.646;65.58198221423696
Corn_Starch_80_ZhengChenPelegYbaseSplit;test;2;AreaNormalization;pls;"{""n_components"": 20}";65.841;65.66667578814345
Corn_Starch_80_ZhengChenPelegYbaseSplit;valid;0;ASLSBaseline;pls;"{""n_components"": 19}";62.884;63.07584640260386
Corn_Starch_80_ZhengChenPelegYbaseSplit;valid;0;ASLSBaseline;pls;"{""n_components"": 19}";63.246;63.27956949616836
Corn_Starch_80_ZhengChenPelegYbaseSplit;valid;0;ASLSBaseline;pls;"{""n_components"": 19}";63.567;63.6046582311654
Corn_Starch_80_ZhengChenPelegYbaseSplit;valid;0;ASLSBaseline;pls;"{""n_components"": 19}";63.784;63.517558888799144
Corn_Starch_80_ZhengChenPelegYbaseSplit;valid;0;ASLSBaseline;pls;"{""n_components"": 19}";64.253;64.28459476018018
Corn_Starch_80_ZhengChenPelegYbaseSplit;valid;0;ASLSBaseline;pls;"{""n_components"": 19}";64.261;64.55554969610267
Corn_Starch_80_ZhengChenPelegYbaseSplit;valid;0;ASLSBaseline;pls;"{""n_components"": 19}";64.287;64.38977205028168
Corn_Starch_80_ZhengChenPelegYbaseSplit;valid;0;ASLSBaseline;pls;"{""n_components"": 19}";64.506;64.30848681468174
Corn_Starch_80_ZhengChenPelegYbaseSplit;valid;0;ASLSBaseline;pls;"{""n_components"": 19}";64.546;64.36511312633877
Corn_Starch_80_ZhengChenPelegYbaseSplit;valid;0;ASLSBaseline;pls;"{""n_components"": 19}";64.632;64.73883782911439
Corn_Starch_80_ZhengChenPelegYbaseSplit;valid;0;ASLSBaseline;pls;"{""n_components"": 19}";64.67;64.9313429788647
Corn_Starch_80_ZhengChenPelegYbaseSplit;valid;0;ASLSBaseline;pls;"{""n_components"": 19}";64.882;64.8458513582899
Corn_Starch_80_ZhengChenPelegYbaseSplit;valid;0;ASLSBaseline;pls;"{""n_components"": 19}";64.895;64.70177279456547
Corn_Starch_80_ZhengChenPelegYbaseSplit;valid;0;ASLSBaseline;pls;"{""n_components"": 19}";65.022;65.12377478306335
Corn_Starch_80_ZhengChenPelegYbaseSplit;valid;0;ASLSBaseline;pls;"{""n_components"": 19}";65.107;65.02547339321892
Corn_Starch_80_ZhengChenPelegYbaseSplit;valid;0;ASLSBaseline;pls;"{""n_components"": 19}";65.205;65.2997800993748
Corn_Starch_80_ZhengChenPelegYbaseSplit;valid;0;ASLSBaseline;pls;"{""n_components"": 19}";65.217;65.19534847445712
Corn_Starch_80_ZhengChenPelegYbaseSplit;valid;0;ASLSBaseline;pls;"{""n_components"": 19}";65.294;65.27702623157357
Corn_Starch_80_ZhengChenPelegYbaseSplit;valid;0;ASLSBaseline;pls;"{""n_components"": 19}";65.441;65.50581062842811
Corn_Starch_80_ZhengChenPelegYbaseSplit;valid;0;ASLSBaseline;pls;"{""n_components"": 19}";65.637;65.6815835398799
Corn_Starch_80_ZhengChenPelegYbaseSplit;valid;0;ASLSBaseline;pls;"{""n_components"": 19}";65.679;65.38794270584579
Corn_Starch_80_ZhengChenPelegYbaseSplit;valid;0;ASLSBaseline;pls;"{""n_components"": 19}";65.903;65.96987429731942
Corn_Starch_80_ZhengChenPelegYbaseSplit;test;0;ASLSBaseline;pls;"{""n_components"": 19}";63.021;63.076907892381875
Corn_Starch_80_ZhengChenPelegYbaseSplit;test;0;ASLSBaseline;pls;"{""n_components"": 19}";63.356;63.58716012428107
Corn_Starch_80_ZhengChenPelegYbaseSplit;test;0;ASLSBaseline;pls;"{""n_components"": 19}";63.631;63.680891182429264
Corn_Starch_80_ZhengChenPelegYbaseSplit;test;0;ASLSBaseline;pls;"{""n_components"": 19}";64.148;64.32109726376017
Corn_Starch_80_ZhengChenPelegYbaseSplit;test;0;ASLSBaseline;pls;"{""n_components"": 19}";64.292;64.45811942901155
Corn_Starch_80_ZhengChenPelegYbaseSplit;test;0;ASLSBaseline;pls;"{""n_components"": 19}";64.539;64.2359948894505
Corn_Starch_80_ZhengChenPelegYbaseSplit;test;0;ASLSBaseline;pls;"{""n_components"": 19}";64.613;64.77146468389462
Corn_Starch_80_ZhengChenPelegYbaseSplit;test;0;ASLSBaseline;pls;"{""n_components"": 19}";64.757;64.65505551363994
Corn_Starch_80_ZhengChenPelegYbaseSplit;test;0;ASLSBaseline;pls;"{""n_components"": 19}";64.853;65.20916927788338
Corn_Starch_80_ZhengChenPelegYbaseSplit;test;0;ASLSBaseline;pls;"{""n_components"": 19}";64.933;64.85861082339578
Corn_Starch_80_ZhengChenPelegYbaseSplit;test;0;ASLSBaseline;pls;"{""n_components"": 19}";65.144;65.34669537377727
Corn_Starch_80_ZhengChenPelegYbaseSplit;test;0;ASLSBaseline;pls;"{""n_components"": 19}";65.233;65.53940205778352
Corn_Starch_80_ZhengChenPelegYbaseSplit;test;0;ASLSBaseline;pls;"{""n_components"": 19}";65.386;65.40691342678709
Corn_Starch_80_ZhengChenPelegYbaseSplit;test;0;ASLSBaseline;pls;"{""n_components"": 19}";65.519;65.4905690579834
Corn_Starch_80_ZhengChenPelegYbaseSplit;test;0;ASLSBaseline;pls;"{""n_components"": 19}";65.646;65.8920115925976
Corn_Starch_80_ZhengChenPelegYbaseSplit;test;0;ASLSBaseline;pls;"{""n_components"": 19}";65.841;65.51582878185854
Corn_Starch_80_ZhengChenPelegYbaseSplit;valid;1;ASLSBaseline;pls;"{""n_components"": 19}";62.826;63.03877046797038
Corn_Starch_80_ZhengChenPelegYbaseSplit;valid;1;ASLSBaseline;pls;"{""n_components"": 19}";63.247;63.33409419676727
Corn_Starch_80_ZhengChenPelegYbaseSplit;valid;1;ASLSBaseline;pls;"{""n_components"": 19}";63.466;63.49675319768684
Corn_Starch_80_ZhengChenPelegYbaseSplit;valid;1;ASLSBaseline;pls;"{""n_components"": 19}";63.823;63.859522254745045
Corn_Starch_80_ZhengChenPelegYbaseSplit;valid;1;ASLSBaseline;pls;"{""n_components"": 19}";63.913;63.81542628103815
Corn_Starch_80_ZhengChenPelegYbaseSplit;valid;1;ASLSBaseline;pls;"{""n_components"": 19}";64.266;63.92754862271756
Corn_Starch_80_ZhengChenPelegYbaseSplit;valid;1;ASLSBaseline;pls;"{""n_components"": 19}";64.367;64.2382927030018
Corn_Starch_80_ZhengChenPelegYbaseSplit;valid;1;ASLSBaseline;pls;"{""n_components"": 19}";64.42;64.45614845336958
Corn_Starch_80_ZhengChenPelegYbaseSplit;valid;1;ASLSBaseline;pls;"{""n_components"": 19}";64.544;64.51915794048195
Corn_Starch_80_ZhengChenPelegYbaseSplit;valid;1;ASLSBaseline;pls;"{""n_components"": 19}";64.574;64.59304359805267
Corn_Starch_80_ZhengChenPelegYbaseSplit;valid;1;ASLSBaseline;pls;"{""n_components"": 19}";64.787;64.71588074512584
Corn_Starch_80_ZhengChenPelegYbaseSplit;valid;1;ASLSBaseline;pls;"{""n_components"": 19}";64.806;64.72714471173218
Corn_Starch_80_ZhengChenPelegYbaseSplit;valid;1;ASLSBaseline;pls;"{""n_components"": 19}";64.838;64.63658724240213
Corn_Starch_80_ZhengChenPelegYbaseSplit;valid;1;ASLSBaseline;pls;"{""n_components"": 19}";64.915;64.8742675453178
Corn_Starch_80_ZhengChenPelegYbaseSplit;valid;1;ASLSBaseline;pls;"{""n_components"": 19}";65.193;64.95245233838239
Corn_Starch_80_ZhengChenPelegYbaseSplit;valid;1;ASLSBaseline;pls;"{""n_components"": 19}";65.371;65.37012145224091
Corn_Starch_80_ZhengChenPelegYbaseSplit;valid;1;ASLSBaseline;pls;"{""n_components"": 19}";65.374;65.38386891532706
Corn_Starch_80_ZhengChenPelegYbaseSplit;valid;1;ASLSBaseline;pls;"{""n_components"": 19}";65.427;65.17365411890601
Corn_Starch_80_ZhengChenPelegYbaseSplit;valid;1;ASLSBaseline;pls;"{""n_components"": 19}";65.437;65.3263383328193
Corn_Starch_80_ZhengChenPelegYbaseSplit;valid;1;ASLSBaseline;pls;"{""n_components"": 19}";65.547;65.51317474473379
Corn_Starch_80_ZhengChenPelegYbaseSplit;valid;1;ASLSBaseline;pls;"{""n_components"": 19}";65.72;65.59329134128417
Corn_Starch_80_ZhengChenPelegYbaseSplit;test;1;ASLSBaseline;pls;"{""n_components"": 19}";63.021;63.05602147081675
Corn_Starch_80_ZhengChenPelegYbaseSplit;test;1;ASLSBaseline;pls;"{""n_components"": 19}";63.356;63.36688529481958
Corn_Starch_80_ZhengChenPelegYbaseSplit;test;1;ASLSBaseline;pls;"{""n_components"": 19}";63.631;63.520951600446885
Corn_Starch_80_ZhengChenPelegYbaseSplit;test;1;ASLSBaseline;pls;"{""n_components"": 19}";64.148;64.407793912959
Corn_Starch_80_ZhengChenPelegYbaseSplit;test;1;ASLSBaseline;pls;"{""n_components"": 19}";64.292;64.31046698624237
Corn_Starch_80_ZhengChenPelegYbaseSplit;test;1;ASLSBaseline;pls;"{""n_components"": 19}";64.539;64.13201628035866
Corn_Starch_80_ZhengChenPelegYbaseSplit;test;1;ASLSBaseline;pls;"{""n_components"": 19}";64.613;64.64457418313141
Corn_Starch_80_ZhengChenPelegYbaseSplit;test;1;ASLSBaseline;pls;"{""n_components"": 19}";64.757;64.60512328914511
Corn_Starch_80_ZhengChenPelegYbaseSplit;test;1;ASLSBaseline;pls;"{""n_components"": 19}";64.853;65.04067763254614
Corn_Starch_80_ZhengChenPelegYbaseSplit;test;1;ASLSBaseline;pls;"{""n_components"": 19}";64.933;64.93681797707325
Corn_Starch_80_ZhengChenPelegYbaseSplit;test;1;ASLSBaseline;pls;"{""n_components"": 19}";65.144;65.27509511206367
Corn_Starch_80_ZhengChenPelegYbaseSplit;test;1;ASLSBaseline;pls;"{""n_components"": 19}";65.233;65.2465270699371
Corn_Starch_80_ZhengChenPelegYbaseSplit;test;1;ASLSBaseline;pls;"{""n_components"": 19}";65.386;65.5036751850175
Corn_Starch_80_ZhengChenPelegYbaseSplit;test;1;ASLSBaseline;pls;"{""n_components"": 19}";65.519;65.38680101833006
Corn_Starch_80_ZhengChenPelegYbaseSplit;test;1;ASLSBaseline;pls;"{""n_components"": 19}";65.646;65.88967176263978
Corn_Starch_80_ZhengChenPelegYbaseSplit;test;1;ASLSBaseline;pls;"{""n_components"": 19}";65.841;65.50926707840445
Corn_Starch_80_ZhengChenPelegYbaseSplit;valid;2;ASLSBaseline;pls;"{""n_components"": 19}";63.099;63.15961624587178
Corn_Starch_80_ZhengChenPelegYbaseSplit;valid;2;ASLSBaseline;pls;"{""n_components"": 19}";63.263;63.47373343752595
Corn_Starch_80_ZhengChenPelegYbaseSplit;valid;2;ASLSBaseline;pls;"{""n_components"": 19}";63.416;63.00904828098097
Corn_Starch_80_ZhengChenPelegYbaseSplit;valid;2;ASLSBaseline;pls;"{""n_components"": 19}";63.513;63.67503922820311
Corn_Starch_80_ZhengChenPelegYbaseSplit;valid;2;ASLSBaseline;pls;"{""n_components"": 19}";64.131;64.46582380116189
Corn_Starch_80_ZhengChenPelegYbaseSplit;valid;2;ASLSBaseline;pls;"{""n_components"": 19}";64.464;64.91712049156672
Corn_Starch_80_ZhengChenPelegYbaseSplit;valid;2;ASLSBaseline;pls;"{""n_components"": 19}";64.582;65.19353224674052
Corn_Starch_80_ZhengChenPelegYbaseSplit;valid;2;ASLSBaseline;pls;"{""n_components"": 19}";64.62;64.93954929759315
Corn_Starch_80_ZhengChenPelegYbaseSplit;valid;2;ASLSBaseline;pls;"{""n_components"": 19}";64.656;64.54371282927389
Corn_Starch_80_ZhengChenPelegYbaseSplit;valid;2;ASLSBaseline;pls;"{""n_components"": 19}";64.851;64.53373059302845
Corn_Starch_80_ZhengChenPelegYbaseSplit;valid;2;ASLSBaseline;pls;"{""n_components"": 19}";64.923;65.13986941899896
Corn_Starch_80_ZhengChenPelegYbaseSplit;valid;2;ASLSBaseline;pls;"{""n_components"": 19}";65.104;64.99564358304404
Corn_Starch_80_ZhengChenPelegYbaseSplit;valid;2;ASLSBaseline;pls;"{""n_components"": 19}";65.115;65.09658188959943
Corn_Starch_80_ZhengChenPelegYbaseSplit;valid;2;ASLSBaseline;pls;"{""n_components"": 19}";65.209;65.50427553217747
Corn_Starch_80_ZhengChenPelegYbaseSplit;valid;2;ASLSBaseline;pls;"{""n_components"": 19}";65.337;65.57954743369666
Corn_Starch_80_ZhengChenPelegYbaseSplit;valid;2;ASLSBaseline;pls;"{""n_components"": 19}";65.474;65.35088485275028
Corn_Starch_80_ZhengChenPelegYbaseSplit;valid;2;ASLSBaseline;pls;"{""n_components"": 19}";65.524;65.89692434744849
Corn_Starch_80_ZhengChenPelegYbaseSplit;valid;2;ASLSBaseline;pls;"{""n_components"": 19}";65.601;65.455844371788
Corn_Starch_80_ZhengChenPelegYbaseSplit;valid;2;ASLSBaseline;pls;"{""n_components"": 19}";65.795;66.05505916836952
Corn_Starch_80_ZhengChenPelegYbaseSplit;valid;2;ASLSBaseline;pls;"{""n_components"": 19}";65.808;65.77337037793103
Corn_Starch_80_ZhengChenPelegYbaseSplit;valid;2;ASLSBaseline;pls;"{""n_components"": 19}";66.472;65.94825103390046
Corn_Starch_80_ZhengChenPelegYbaseSplit;test;2;ASLSBaseline;pls;"{""n_components"": 19}";63.021;62.79709768683668
Corn_Starch_80_ZhengChenPelegYbaseSplit;test;2;ASLSBaseline;pls;"{""n_components"": 19}";63.356;63.325933441328964
Corn_Starch_80_ZhengChenPelegYbaseSplit;test;2;ASLSBaseline;pls;"{""n_components"": 19}";63.631;63.468287757222214
Corn_Starch_80_ZhengChenPelegYbaseSplit;test;2;ASLSBaseline;pls;"{""n_components"": 19}";64.148;64.47029407159025
Corn_Starch_80_ZhengChenPelegYbaseSplit;test;2;ASLSBaseline;pls;"{""n_components"": 19}";64.292;64.0856329869413
Corn_Starch_80_ZhengChenPelegYbaseSplit;test;2;ASLSBaseline;pls;"{""n_components"": 19}";64.539;64.31173006776136
Corn_Starch_80_ZhengChenPelegYbaseSplit;test;2;ASLSBaseline;pls;"{""n_components"": 19}";64.613;64.95168552303629
Corn_Starch_80_ZhengChenPelegYbaseSplit;test;2;ASLSBaseline;pls;"{""n_components"": 19}";64.757;64.60468021031855
Corn_Starch_80_ZhengChenPelegYbaseSplit;test;2;ASLSBaseline;pls;"{""n_components"": 19}";64.853;64.8441885768173
Corn_Starch_80_ZhengChenPelegYbaseSplit;test;2;ASLSBaseline;pls;"{""n_components"": 19}";64.933;64.91056749250681
Corn_Starch_80_ZhengChenPelegYbaseSplit;test;2;ASLSBaseline;pls;"{""n_components"": 19}";65.144;65.46647481806772
Corn_Starch_80_ZhengChenPelegYbaseSplit;test;2;ASLSBaseline;pls;"{""n_components"": 19}";65.233;65.89226163418374
Corn_Starch_80_ZhengChenPelegYbaseSplit;test;2;ASLSBaseline;pls;"{""n_components"": 19}";65.386;65.21363857731141
Corn_Starch_80_ZhengChenPelegYbaseSplit;test;2;ASLSBaseline;pls;"{""n_components"": 19}";65.519;65.88210425802716
Corn_Starch_80_ZhengChenPelegYbaseSplit;test;2;ASLSBaseline;pls;"{""n_components"": 19}";65.646;65.86355804909768
Corn_Starch_80_ZhengChenPelegYbaseSplit;test;2;ASLSBaseline;pls;"{""n_components"": 19}";65.841;65.67174375573217
Corn_Starch_80_ZhengChenPelegYbaseSplit;valid;0;ASLSBaseline+Haar;pls;"{""n_components"": 5}";62.884;63.42557394575995
Corn_Starch_80_ZhengChenPelegYbaseSplit;valid;0;ASLSBaseline+Haar;pls;"{""n_components"": 5}";63.246;63.682381510633704
Corn_Starch_80_ZhengChenPelegYbaseSplit;valid;0;ASLSBaseline+Haar;pls;"{""n_components"": 5}";63.567;63.59567664429688
Corn_Starch_80_ZhengChenPelegYbaseSplit;valid;0;ASLSBaseline+Haar;pls;"{""n_components"": 5}";63.784;63.72808806070575
Corn_Starch_80_ZhengChenPelegYbaseSplit;valid;0;ASLSBaseline+Haar;pls;"{""n_components"": 5}";64.253;64.42419463755446
Corn_Starch_80_ZhengChenPelegYbaseSplit;valid;0;ASLSBaseline+Haar;pls;"{""n_components"": 5}";64.261;64.60704194117672
Corn_Starch_80_ZhengChenPelegYbaseSplit;valid;0;ASLSBaseline+Haar;pls;"{""n_components"": 5}";64.287;64.20226929718416
Corn_Starch_80_ZhengChenPelegYbaseSplit;valid;0;ASLSBaseline+Haar;pls;"{""n_components"": 5}";64.506;64.6231270674195
Corn_Starch_80_ZhengChenPelegYbaseSplit;valid;0;ASLSBaseline+Haar;pls;"{""n_components"": 5}";64.546;64.55847890459546
Corn_Starch_80_ZhengChenPelegYbaseSplit;valid;0;ASLSBaseline+Haar;pls;"{""n_components"": 5}";64.632;64.87430217003048
Corn_Starch_80_ZhengChenPelegYbaseSplit;valid;0;ASLSBaseline+Haar;pls;"{""n_components"": 5}";64.67;64.88650614838333
Corn_Starch_80_ZhengChenPelegYbaseSplit;valid;0;ASLSBaseline+Haar;pls;"{""n_components"": 5}";64.882;64.7393301383905
Corn_Starch_80_ZhengChenPelegYbaseSplit;valid;0;ASLSBaseline+Haar;pls;"{""n_components"": 5}";64.895;64.42961875742942
Corn_Starch_80_ZhengChenPelegYbaseSplit;valid;0;ASLSBaseline+Haar;pls;"{""n_components"": 5}";65.022;65.05897339277504
Corn_Starch_80_ZhengChenPelegYbaseSplit;valid;0;ASLSBaseline+Haar;pls;"{""n_components"": 5}";65.107;64.90785993827852
Corn_Starch_80_ZhengChenPelegYbaseSplit;valid;0;ASLSBaseline+Haar;pls;"{""n_components"": 5}";65.205;65.03307830314719
Corn_Starch_80_ZhengChenPelegYbaseSplit;valid;0;ASLSBaseline+Haar;pls;"{""n_components"": 5}";65.217;65.25330356393428
Corn_Starch_80_ZhengChenPelegYbaseSplit;valid;0;ASLSBaseline+Haar;pls;"{""n_components"": 5}";65.294;65.43068860102798
Corn_Starch_80_ZhengChenPelegYbaseSplit;valid;0;ASLSBaseline+Haar;pls;"{""n_components"": 5}";65.441;65.32536854501181
Corn_Starch_80_ZhengChenPelegYbaseSplit;valid;0;ASLSBaseline+Haar;pls;"{""n_components"": 5}";65.637;65.41634168533935
Corn_Starch_80_ZhengChenPelegYbaseSplit;valid;0;ASLSBaseline+Haar;pls;"{""n_components"": 5}";65.679;65.74113163556794
Corn_Starch_80_ZhengChenPelegYbaseSplit;valid;0;ASLSBaseline+Haar;pls;"{""n_components"": 5}";65.903;65.93550900120634
Corn_Starch_80_ZhengChenPelegYbaseSplit;test;0;ASLSBaseline+Haar;pls;"{""n_components"": 5}";63.021;63.16032973535827
Corn_Starch_80_ZhengChenPelegYbaseSplit;test;0;ASLSBaseline+Haar;pls;"{""n_components"": 5}";63.356;63.53147164345434
Corn_Starch_80_ZhengChenPelegYbaseSplit;test;0;ASLSBaseline+Haar;pls;"{""n_components"": 5}";63.631;63.90327463994147
Corn_Starch_80_ZhengChenPelegYbaseSplit;test;0;ASLSBaseline+Haar;pls;"{""n_components"": 5}";64.148;64.41722519357326
Corn_Starch_80_ZhengChenPelegYbaseSplit;test;0;ASLSBaseline+Haar;pls;"{""n_components"": 5}";64.292;64.1953465008766
Corn_Starch_80_ZhengChenPelegYbaseSplit;test;0;ASLSBaseline+Haar;pls;"{""n_components"": 5}";64.539;64.41692093175755
Corn_Starch_80_ZhengChenPelegYbaseSplit;test;0;ASLSBaseline+Haar;pls;"{""n_components"": 5}";64.613;64.97207707584826
Corn_Starch_80_ZhengChenPelegYbaseSplit;test;0;ASLSBaseline+Haar;pls;"{""n_components"": 5}";64.757;64.34421726256952
Corn_Starch_80_ZhengChenPelegYbaseSplit;test;0;ASLSBaseline+Haar;pls;"{""n_components"": 5}";64.853;64.89915717119074
Corn_Starch_80_ZhengChenPelegYbaseSplit;test;0;ASLSBaseline+Haar;pls;"{""n_components"": 5}";64.933;64.86516536872318
Corn_Starch_80_ZhengChenPelegYbaseSplit;test;0;ASLSBaseline+Haar;pls;"{""n_components"": 5}";65.144;65.36944177999347
Corn_Starch_80_ZhengChenPelegYbaseSplit;test;0;ASLSBaseline+Haar;pls;"{""n_components"": 5}";65.233;65.40922614795305
Corn_Starch_80_ZhengChenPelegYbaseSplit;test;0;ASLSBaseline+Haar;pls;"{""n_components"": 5}";65.386;65.41946222684372
Corn_Starch_80_ZhengChenPelegYbaseSplit;test;0;ASLSBaseline+Haar;pls;"{""n_components"": 5}";65.519;65.14879972371669
Corn_Starch_80_ZhengChenPelegYbaseSplit;test;0;ASLSBaseline+Haar;pls;"{""n_components"": 5}";65.646;65.7865812192596
Corn_Starch_80_ZhengChenPelegYbaseSplit;test;0;ASLSBaseline+Haar;pls;"{""n_components"": 5}";65.841;65.5833643282381
Corn_Starch_80_ZhengChenPelegYbaseSplit;valid;1;ASLSBaseline+Haar;pls;"{""n_components"": 5}";62.826;63.354507792442476
Corn_Starch_80_ZhengChenPelegYbaseSplit;valid;1;ASLSBaseline+Haar;pls;"{""n_components"": 5}";63.247;63.38087031454832
Corn_Starch_80_ZhengChenPelegYbaseSplit;valid;1;ASLSBaseline+Haar;pls;"{""n_components"": 5}";63.466;63.653915614392226
Corn_Starch_80_ZhengChenPelegYbaseSplit;valid;1;ASLSBaseline+Haar;pls;"{""n_components"": 5}";63.823;63.78501001201331
Corn_Starch_80_ZhengChenPelegYbaseSplit;valid;1;ASLSBaseline+Haar;pls;"{""n_components"": 5}";63.913;63.61344136634442
Corn_Starch_80_ZhengChenPelegYbaseSplit;valid;1;ASLSBaseline+Haar;pls;"{""n_components"": 5}";64.266;64.01068986226649
Corn_Starch_80_ZhengChenPelegYbaseSplit;valid;1;ASLSBaseline+Haar;pls;"{""n_components"": 5}";64.367;64.09372549094469
Corn_Starch_80_ZhengChenPelegYbaseSplit;valid;1;ASLSBaseline+Haar;pls;"{""n_components"": 5}";64.42;64.50147492193837
Corn_Starch_80_ZhengChenPelegYbaseSplit;valid;1;ASLSBaseline+Haar;pls;"{""n_components"": 5}";64.544;64.75802495912893
Corn_Starch_80_ZhengChenPelegYbaseSplit;valid;1;ASLSBaseline+Haar;pls;"{""n_components"": 5}";64.574;64.62337512241415
Corn_Starch_80_ZhengChenPelegYbaseSplit;valid;1;ASLSBaseline+Haar;pls;"{""n_components"": 5}";64.787;64.41832325515495
Corn_Starch_80_ZhengChenPelegYbaseSplit;valid;1;ASLSBaseline+Haar;pls;"{""n_components"": 5}";64.806;64.08458184817647
Corn_Starch_80_ZhengChenPelegYbaseSplit;valid;1;ASLSBaseline+Haar;pls;"{""n_components"": 5}";64.838;64.41422017190038
Corn_Starch_80_ZhengChenPelegYbaseSplit;valid;1;ASLSBaseline+Haar;pls;"{""n_components"": 5}";64.915;64.82766337538948
Corn_Starch_80_ZhengChenPelegYbaseSplit;valid;1;ASLSBaseline+Haar;pls;"{""n_components"": 5}";65.193;64.87424166540839
Corn_Starch_80_ZhengChenPelegYbaseSplit;valid;1;ASLSBaseline+Haar;pls;"{""n_components"": 5}";65.371;65.20762960741136
Corn_Starch_80_ZhengChenPelegYbaseSplit;valid;1;ASLSBaseline+Haar;pls;"{""n_components"": 5}";65.374;65.54701756998979
Corn_Starch_80_ZhengChenPelegYbaseSplit;valid;1;ASLSBaseline+Haar;pls;"{""n_components"": 5}";65.427;64.94463666460464
Corn_Starch_80_ZhengChenPelegYbaseSplit;valid;1;ASLSBaseline+Haar;pls;"{""n_components"": 5}";65.437;65.86599879269055
Corn_Starch_80_ZhengChenPelegYbaseSplit;valid;1;ASLSBaseline+Haar;pls;"{""n_components"": 5}";65.547;65.31289914847854
Corn_Starch_80_ZhengChenPelegYbaseSplit;valid;1;ASLSBaseline+Haar;pls;"{""n_components"": 5}";65.72;65.67931416780301
Corn_Starch_80_ZhengChenPelegYbaseSplit;test;1;ASLSBaseline+Haar;pls;"{""n_components"": 5}";63.021;63.04408026095643
Corn_Starch_80_ZhengChenPelegYbaseSplit;test;1;ASLSBaseline+Haar;pls;"{""n_components"": 5}";63.356;63.34724345237836
Corn_Starch_80_ZhengChenPelegYbaseSplit;test;1;ASLSBaseline+Haar;pls;"{""n_components"": 5}";63.631;63.64915136986169
Corn_Starch_80_ZhengChenPelegYbaseSplit;test;1;ASLSBaseline+Haar;pls;"{""n_components"": 5}";64.148;64.55754326858406
Corn_Starch_80_ZhengChenPelegYbaseSplit;test;1;ASLSBaseline+Haar;pls;"{""n_components"": 5}";64.292;64.20220055101423
Corn_Starch_80_ZhengChenPelegYbaseSplit;test;1;ASLSBaseline+Haar;pls;"{""n_components"": 5}";64.539;64.14036384155071
Corn_Starch_80_ZhengChenPelegYbaseSplit;test;1;ASLSBaseline+Haar;pls;"{""n_components"": 5}";64.613;64.92169970176953
Corn_Starch_80_ZhengChenPelegYbaseSplit;test;1;ASLSBaseline+Haar;pls;"{""n_components"": 5}";64.757;63.98856746788182
Corn_Starch_80_ZhengChenPelegYbaseSplit;test;1;ASLSBaseline+Haar;pls;"{""n_components"": 5}";64.853;64.82447061319237
Corn_Starch_80_ZhengChenPelegYbaseSplit;test;1;ASLSBaseline+Haar;pls;"{""n_components"": 5}";64.933;64.7949227455056
Corn_Starch_80_ZhengChenPelegYbaseSplit;test;1;ASLSBaseline+Haar;pls;"{""n_components"": 5}";65.144;65.23278284329281
Corn_Starch_80_ZhengChenPelegYbaseSplit;test;1;ASLSBaseline+Haar;pls;"{""n_components"": 5}";65.233;65.33261848302196
Corn_Starch_80_ZhengChenPelegYbaseSplit;test;1;ASLSBaseline+Haar;pls;"{""n_components"": 5}";65.386;65.55476356811627
Corn_Starch_80_ZhengChenPelegYbaseSplit;test;1;ASLSBaseline+Haar;pls;"{""n_components"": 5}";65.519;65.05687759074588
Corn_Starch_80_ZhengChenPelegYbaseSplit;test;1;ASLSBaseline+Haar;pls;"{""n_components"": 5}";65.646;65.74822238814446
Corn_Starch_80_ZhengChenPelegYbaseSplit;test;1;ASLSBaseline+Haar;pls;"{""n_components"": 5}";65.841;65.45439148067472
Corn_Starch_80_ZhengChenPelegYbaseSplit;valid;2;ASLSBaseline+Haar;pls;"{""n_components"": 5}";63.099;63.19656671279596
Corn_Starch_80_ZhengChenPelegYbaseSplit;valid;2;ASLSBaseline+Haar;pls;"{""n_components"": 5}";63.263;63.48377557444075
Corn_Starch_80_ZhengChenPelegYbaseSplit;valid;2;ASLSBaseline+Haar;pls;"{""n_components"": 5}";63.416;63.37948365135543
Corn_Starch_80_ZhengChenPelegYbaseSplit;valid;2;ASLSBaseline+Haar;pls;"{""n_components"": 5}";63.513;63.49156916530623
Corn_Starch_80_ZhengChenPelegYbaseSplit;valid;2;ASLSBaseline+Haar;pls;"{""n_components"": 5}";64.131;64.59739921057071
Corn_Starch_80_ZhengChenPelegYbaseSplit;valid;2;ASLSBaseline+Haar;pls;"{""n_components"": 5}";64.464;64.87616392932055
Corn_Starch_80_ZhengChenPelegYbaseSplit;valid;2;ASLSBaseline+Haar;pls;"{""n_components"": 5}";64.582;65.02864242900016
Corn_Starch_80_ZhengChenPelegYbaseSplit;valid;2;ASLSBaseline+Haar;pls;"{""n_components"": 5}";64.62;64.83602233783812
Corn_Starch_80_ZhengChenPelegYbaseSplit;valid;2;ASLSBaseline+Haar;pls;"{""n_components"": 5}";64.656;64.40932393878234
Corn_Starch_80_ZhengChenPelegYbaseSplit;valid;2;ASLSBaseline+Haar;pls;"{""n_components"": 5}";64.851;64.51067108688525
Corn_Starch_80_ZhengChenPelegYbaseSplit;valid;2;ASLSBaseline+Haar;pls;"{""n_components"": 5}";64.923;64.93711935916421
Corn_Starch_80_ZhengChenPelegYbaseSplit;valid;2;ASLSBaseline+Haar;pls;"{""n_components"": 5}";65.104;65.01450611650496
Corn_Starch_80_ZhengChenPelegYbaseSplit;valid;2;ASLSBaseline+Haar;pls;"{""n_components"": 5}";65.115;65.18613452992474
Corn_Starch_80_ZhengChenPelegYbaseSplit;valid;2;ASLSBaseline+Haar;pls;"{""n_components"": 5}";65.209;65.21582389710618
Corn_Starch_80_ZhengChenPelegYbaseSplit;valid;2;ASLSBaseline+Haar;pls;"{""n_components"": 5}";65.337;65.42353470239544
Corn_Starch_80_ZhengChenPelegYbaseSplit;valid;2;ASLSBaseline+Haar;pls;"{""n_components"": 5}";65.474;65.09928108982415
Corn_Starch_80_ZhengChenPelegYbaseSplit;valid;2;ASLSBaseline+Haar;pls;"{""n_components"": 5}";65.524;65.53545650183293
Corn_Starch_80_ZhengChenPelegYbaseSplit;valid;2;ASLSBaseline+Haar;pls;"{""n_components"": 5}";65.601;65.39120034219383
Corn_Starch_80_ZhengChenPelegYbaseSplit;valid;2;ASLSBaseline+Haar;pls;"{""n_components"": 5}";65.795;65.80063392213584
Corn_Starch_80_ZhengChenPelegYbaseSplit;valid;2;ASLSBaseline+Haar;pls;"{""n_components"": 5}";65.808;65.69105252580984
Corn_Starch_80_ZhengChenPelegYbaseSplit;valid;2;ASLSBaseline+Haar;pls;"{""n_components"": 5}";66.472;65.96146747339868
Corn_Starch_80_ZhengChenPelegYbaseSplit;test;2;ASLSBaseline+Haar;pls;"{""n_components"": 5}";63.021;63.16294175749083
Corn_Starch_80_ZhengChenPelegYbaseSplit;test;2;ASLSBaseline+Haar;pls;"{""n_components"": 5}";63.356;63.545270858404244
Corn_Starch_80_ZhengChenPelegYbaseSplit;test;2;ASLSBaseline+Haar;pls;"{""n_components"": 5}";63.631;63.83675235776849
Corn_Starch_80_ZhengChenPelegYbaseSplit;test;2;ASLSBaseline+Haar;pls;"{""n_components"": 5}";64.148;64.55849120784636
Corn_Starch_80_ZhengChenPelegYbaseSplit;test;2;ASLSBaseline+Haar;pls;"{""n_components"": 5}";64.292;64.17842140412466
Corn_Starch_80_ZhengChenPelegYbaseSplit;test;2;ASLSBaseline+Haar;pls;"{""n_components"": 5}";64.539;64.18743630376744
Corn_Starch_80_ZhengChenPelegYbaseSplit;test;2;ASLSBaseline+Haar;pls;"{""n_components"": 5}";64.613;64.85715217003805
Corn_Starch_80_ZhengChenPelegYbaseSplit;test;2;ASLSBaseline+Haar;pls;"{""n_components"": 5}";64.757;64.47743090513814
Corn_Starch_80_ZhengChenPelegYbaseSplit;test;2;ASLSBaseline+Haar;pls;"{""n_components"": 5}";64.853;64.71700298865231
Corn_Starch_80_ZhengChenPelegYbaseSplit;test;2;ASLSBaseline+Haar;pls;"{""n_components"": 5}";64.933;64.93713624039461
Corn_Starch_80_ZhengChenPelegYbaseSplit;test;2;ASLSBaseline+Haar;pls;"{""n_components"": 5}";65.144;65.11267944710966
Corn_Starch_80_ZhengChenPelegYbaseSplit;test;2;ASLSBaseline+Haar;pls;"{""n_components"": 5}";65.233;65.24378971985934
Corn_Starch_80_ZhengChenPelegYbaseSplit;test;2;ASLSBaseline+Haar;pls;"{""n_components"": 5}";65.386;65.17313826136173
Corn_Starch_80_ZhengChenPelegYbaseSplit;test;2;ASLSBaseline+Haar;pls;"{""n_components"": 5}";65.519;65.31273876629025
Corn_Starch_80_ZhengChenPelegYbaseSplit;test;2;ASLSBaseline+Haar;pls;"{""n_components"": 5}";65.646;65.65841815401514
Corn_Starch_80_ZhengChenPelegYbaseSplit;test;2;ASLSBaseline+Haar;pls;"{""n_components"": 5}";65.841;65.6035561893675
Corn_Starch_80_ZhengChenPelegYbaseSplit;valid;0;ASLSBaseline+AreaNormalization;pls;"{""n_components"": 16}";62.884;62.70076561445396
Corn_Starch_80_ZhengChenPelegYbaseSplit;valid;0;ASLSBaseline+AreaNormalization;pls;"{""n_components"": 16}";63.246;63.43960852066842
Corn_Starch_80_ZhengChenPelegYbaseSplit;valid;0;ASLSBaseline+AreaNormalization;pls;"{""n_components"": 16}";63.567;63.64967897122456
Corn_Starch_80_ZhengChenPelegYbaseSplit;valid;0;ASLSBaseline+AreaNormalization;pls;"{""n_components"": 16}";63.784;63.38592757531523
Corn_Starch_80_ZhengChenPelegYbaseSplit;valid;0;ASLSBaseline+AreaNormalization;pls;"{""n_components"": 16}";64.253;64.42302652283658
Corn_Starch_80_ZhengChenPelegYbaseSplit;valid;0;ASLSBaseline+AreaNormalization;pls;"{""n_components"": 16}";64.261;64.5038183778853
Corn_Starch_80_ZhengChenPelegYbaseSplit;valid;0;ASLSBaseline+AreaNormalization;pls;"{""n_components"": 16}";64.287;64.47954544521116
Corn_Starch_80_ZhengChenPelegYbaseSplit;valid;0;ASLSBaseline+AreaNormalization;pls;"{""n_components"": 16}";64.506;64.21785066317962
Corn_Starch_80_ZhengChenPelegYbaseSplit;valid;0;ASLSBaseline+AreaNormalization;pls;"{""n_components"": 16}";64.546;64.39488593460821
Corn_Starch_80_ZhengChenPelegYbaseSplit;valid;0;ASLSBaseline+AreaNormalization;pls;"{""n_components"": 16}";64.632;64.73030089547402
Corn_Starch_80_ZhengChenPelegYbaseSplit;valid;0;ASLSBaseline+AreaNormalization;pls;"{""n_components"": 16}";64.67;64.8636149096391
Corn_Starch_80_ZhengChenPelegYbaseSplit;valid;0;ASLSBaseline+AreaNormalization;pls;"{""n_components"": 16}";64.882;64.66379608599371
Corn_Starch_80_ZhengChenPelegYbaseSplit;valid;0;ASLSBaseline+AreaNormalization;pls;"{""n_components"": 16}";64.895;64.6735996965458
Corn_Starch_80_ZhengChenPelegYbaseSplit;valid;0;ASLSBaseline+AreaNormalization;pls;"{""n_components"": 16}";65.022;65.20695097501525
Corn_Starch_80_ZhengChenPelegYbaseSplit;valid;0;ASLSBaseline+AreaNormalization;pls;"{""n_components"": 16}";65.107;65.08131790528721
Corn_Starch_80_ZhengChenPelegYbaseSplit;valid;0;ASLSBaseline+AreaNormalization;pls;"{""n_components"": 16}";65.205;65.44188407996708
Corn_Starch_80_ZhengChenPelegYbaseSplit;valid;0;ASLSBaseline+AreaNormalization;pls;"{""n_components"": 16}";65.217;65.43246419065525
Corn_Starch_80_ZhengChenPelegYbaseSplit;valid;0;ASLSBaseline+AreaNormalization;pls;"{""n_components"": 16}";65.294;65.28716097615775
Corn_Starch_80_ZhengChenPelegYbaseSplit;valid;0;ASLSBaseline+AreaNormalization;pls;"{""n_components"": 16}";65.441;65.56903001676488
Corn_Starch_80_ZhengChenPelegYbaseSplit;valid;0;ASLSBaseline+AreaNormalization;pls;"{""n_components"": 16}";65.637;65.49786699976592
Corn_Starch_80_ZhengChenPelegYbaseSplit;valid;0;ASLSBaseline+AreaNormalization;pls;"{""n_components"": 16}";65.679;65.4001269707618
Corn_Starch_80_ZhengChenPelegYbaseSplit;valid;0;ASLSBaseline+AreaNormalization;pls;"{""n_components"": 16}";65.903;65.78755134471041
Corn_Starch_80_ZhengChenPelegYbaseSplit;test;0;ASLSBaseline+AreaNormalization;pls;"{""n_components"": 16}";63.021;63.10194693924856
Corn_Starch_80_ZhengChenPelegYbaseSplit;test;0;ASLSBaseline+AreaNormalization;pls;"{""n_components"": 16}";63.356;63.55097047390767
Corn_Starch_80_ZhengChenPelegYbaseSplit;test;0;ASLSBaseline+AreaNormalization;pls;"{""n_components"": 16}";63.631;63.7213091299013
Corn_Starch_80_ZhengChenPelegYbaseSplit;test;0;ASLSBaseline+AreaNormalization;pls;"{""n_components"": 16}";64.148;64.4405779018847
Corn_Starch_80_ZhengChenPelegYbaseSplit;test;0;ASLSBaseline+AreaNormalization;pls;"{""n_components"": 16}";64.292;64.36835870882707
Corn_Starch_80_ZhengChenPelegYbaseSplit;test;0;ASLSBaseline+AreaNormalization;pls;"{""n_components"": 16}";64.539;64.21515725631403
Corn_Starch_80_ZhengChenPelegYbaseSplit;test;0;ASLSBaseline+AreaNormalization;pls;"{""n_components"": 16}";64.613;64.71226453054567
Corn_Starch_80_ZhengChenPelegYbaseSplit;test;0;ASLSBaseline+AreaNormalization;pls;"{""n_components"": 16}";64.757;64.68506338440606
Corn_Starch_80_ZhengChenPelegYbaseSplit;test;0;ASLSBaseline+AreaNormalization;pls;"{""n_components"": 16}";64.853;65.1219612342933
Corn_Starch_80_ZhengChenPelegYbaseSplit;test;0;ASLSBaseline+AreaNormalization;pls;"{""n_components"": 16}";64.933;64.76655270584554
Corn_Starch_80_ZhengChenPelegYbaseSplit;test;0;ASLSBaseline+AreaNormalization;pls;"{""n_components"": 16}";65.144;65.17463774331
Corn_Starch_80_ZhengChenPelegYbaseSplit;test;0;ASLSBaseline+AreaNormalization;pls;"{""n_components"": 16}";65.233;65.39467334153572
Corn_Starch_80_ZhengChenPelegYbaseSplit;test;0;ASLSBaseline+AreaNormalization;pls;"{""n_components"": 16}";65.386;65.30474409979388
Corn_Starch_80_ZhengChenPelegYbaseSplit;test;0;ASLSBaseline+AreaNormalization;pls;"{""n_components"": 16}";65.519;65.74525734009077
Corn_Starch_80_ZhengChenPelegYbaseSplit;test;0;ASLSBaseline+AreaNormalization;pls;"{""n_components"": 16}";65.646;65.79409496377612
Corn_Starch_80_ZhengChenPelegYbaseSplit;test;0;ASLSBaseline+AreaNormalization;pls;"{""n_components"": 16}";65.841;65.70110039981853
Corn_Starch_80_ZhengChenPelegYbaseSplit;valid;1;ASLSBaseline+AreaNormalization;pls;"{""n_components"": 16}";62.826;63.06886110466211
Corn_Starch_80_ZhengChenPelegYbaseSplit;valid;1;ASLSBaseline+AreaNormalization;pls;"{""n_components"": 16}";63.247;63.23245991649399
Corn_Starch_80_ZhengChenPelegYbaseSplit;valid;1;ASLSBaseline+AreaNormalization;pls;"{""n_components"": 16}";63.466;63.48395520574933
Corn_Starch_80_ZhengChenPelegYbaseSplit;valid;1;ASLSBaseline+AreaNormalization;pls;"{""n_components"": 16}";63.823;64.01273494337973
Corn_Starch_80_ZhengChenPelegYbaseSplit;valid;1;ASLSBaseline+AreaNormalization;pls;"{""n_components"": 16}";63.913;63.79744509403431
Corn_Starch_80_ZhengChenPelegYbaseSplit;valid;1;ASLSBaseline+AreaNormalization;pls;"{""n_components"": 16}";64.266;63.73718785510876
Corn_Starch_80_ZhengChenPelegYbaseSplit;valid;1;ASLSBaseline+AreaNormalization;pls;"{""n_components"": 16}";64.367;64.39130213067712
Corn_Starch_80_ZhengChenPelegYbaseSplit;valid;1;ASLSBaseline+AreaNormalization;pls;"{""n_components"": 16}";64.42;64.37230383765316
Corn_Starch_80_ZhengChenPelegYbaseSplit;valid;1;ASLSBaseline+AreaNormalization;pls;"{""n_components"": 16}";64.544;64.53648887142462
Corn_Starch_80_ZhengChenPelegYbaseSplit;valid;1;ASLSBaseline+AreaNormalization;pls;"{""n_components"": 16}";64.574;64.62416684882719
Corn_Starch_80_ZhengChenPelegYbaseSplit;valid;1;ASLSBaseline+AreaNormalization;pls;"{""n_components"": 16}";64.787;64.85152418881097
Corn_Starch_80_ZhengChenPelegYbaseSplit;valid;1;ASLSBaseline+AreaNormalization;pls;"{""n_components"": 16}";64.806;65.0229964532117
Corn_Starch_80_ZhengChenPelegYbaseSplit;valid;1;ASLSBaseline+AreaNormalization;pls;"{""n_components"": 16}";64.838;64.80685531892469
Corn_Starch_80_ZhengChenPelegYbaseSplit;valid;1;ASLSBaseline+AreaNormalization;pls;"{""n_components"": 16}";64.915;64.8917768890943
Corn_Starch_80_ZhengChenPelegYbaseSplit;valid;1;ASLSBaseline+AreaNormalization;pls;"{""n_components"": 16}";65.193;64.95704531781271
Corn_Starch_80_ZhengChenPelegYbaseSplit;valid;1;ASLSBaseline+AreaNormalization;pls;"{""n_components"": 16}";65.371;65.38060778784302
Corn_Starch_80_ZhengChenPelegYbaseSplit;valid;1;ASLSBaseline+AreaNormalization;pls;"{""n_components"": 16}";65.374;65.28240083012686
Corn_Starch_80_ZhengChenPelegYbaseSplit;valid;1;ASLSBaseline+AreaNormalization;pls;"{""n_components"": 16}";65.427;65.34693810586276
Corn_Starch_80_ZhengChenPelegYbaseSplit;valid;1;ASLSBaseline+AreaNormalization;pls;"{""n_components"": 16}";65.437;65.25098698405337
Corn_Starch_80_ZhengChenPelegYbaseSplit;valid;1;ASLSBaseline+AreaNormalization;pls;"{""n_components"": 16}";65.547;65.52485518690341
Corn_Starch_80_ZhengChenPelegYbaseSplit;valid;1;ASLSBaseline+AreaNormalization;pls;"{""n_components"": 16}";65.72;65.64453757145542
Corn_Starch_80_ZhengChenPelegYbaseSplit;test;1;ASLSBaseline+AreaNormalization;pls;"{""n_components"": 16}";63.021;63.01196306061442
Corn_Starch_80_ZhengChenPelegYbaseSplit;test;1;ASLSBaseline+AreaNormalization;pls;"{""n_components"": 16}";63.356;63.32953235520155
Corn_Starch_80_ZhengChenPelegYbaseSplit;test;1;ASLSBaseline+AreaNormalization;pls;"{""n_components"": 16}";63.631;63.51255723866891
Corn_Starch_80_ZhengChenPelegYbaseSplit;test;1;ASLSBaseline+AreaNormalization;pls;"{""n_components"": 16}";64.148;64.54755964779325
Corn_Starch_80_ZhengChenPelegYbaseSplit;test;1;ASLSBaseline+AreaNormalization;pls;"{""n_components"": 16}";64.292;64.33893295358867
Corn_Starch_80_ZhengChenPelegYbaseSplit;test;1;ASLSBaseline+AreaNormalization;pls;"{""n_components"": 16}";64.539;64.15125162082425
Corn_Starch_80_ZhengChenPelegYbaseSplit;test;1;ASLSBaseline+AreaNormalization;pls;"{""n_components"": 16}";64.613;64.65754602789461
Corn_Starch_80_ZhengChenPelegYbaseSplit;test;1;ASLSBaseline+AreaNormalization;pls;"{""n_components"": 16}";64.757;64.84862384525594
Corn_Starch_80_ZhengChenPelegYbaseSplit;test;1;ASLSBaseline+AreaNormalization;pls;"{""n_components"": 16}";64.853;65.24332167860898
Corn_Starch_80_ZhengChenPelegYbaseSplit;test;1;ASLSBaseline+AreaNormalization;pls;"{""n_components"": 16}";64.933;64.87833596574195
Corn_Starch_80_ZhengChenPelegYbaseSplit;test;1;ASLSBaseline+AreaNormalization;pls;"{""n_components"": 16}";65.144;65.26469759181767
Corn_Starch_80_ZhengChenPelegYbaseSplit;test;1;ASLSBaseline+AreaNormalization;pls;"{""n_components"": 16}";65.233;65.36835347688759
Corn_Starch_80_ZhengChenPelegYbaseSplit;test;1;ASLSBaseline+AreaNormalization;pls;"{""n_components"": 16}";65.386;65.38314463624098
Corn_Starch_80_ZhengChenPelegYbaseSplit;test;1;ASLSBaseline+AreaNormalization;pls;"{""n_components"": 16}";65.519;65.6751587114149
Corn_Starch_80_ZhengChenPelegYbaseSplit;test;1;ASLSBaseline+AreaNormalization;pls;"{""n_components"": 16}";65.646;65.70768415618987
Corn_Starch_80_ZhengChenPelegYbaseSplit;test;1;ASLSBaseline+AreaNormalization;pls;"{""n_components"": 16}";65.841;65.55088249493636
Corn_Starch_80_ZhengChenPelegYbaseSplit;valid;2;ASLSBaseline+AreaNormalization;pls;"{""n_components"": 16}";63.099;63.0784864021945
Corn_Starch_80_ZhengChenPelegYbaseSplit;valid;2;ASLSBaseline+AreaNormalization;pls;"{""n_components"": 16}";63.263;63.35294395126498
Corn_Starch_80_ZhengChenPelegYbaseSplit;valid;2;ASLSBaseline+AreaNormalization;pls;"{""n_components"": 16}";63.416;63.01755105195993
Corn_Starch_80_ZhengChenPelegYbaseSplit;valid;2;ASLSBaseline+AreaNormalization;pls;"{""n_components"": 16}";63.513;63.5601590068536
Corn_Starch_80_ZhengChenPelegYbaseSplit;valid;2;ASLSBaseline+AreaNormalization;pls;"{""n_components"": 16}";64.131;64.52213906516093
Corn_Starch_80_ZhengChenPelegYbaseSplit;valid;2;ASLSBaseline+AreaNormalization;pls;"{""n_components"": 16}";64.464;65.08197276584235
Corn_Starch_80_ZhengChenPelegYbaseSplit;valid;2;ASLSBaseline+AreaNormalization;pls;"{""n_components"": 16}";64.582;65.24541244478047
Corn_Starch_80_ZhengChenPelegYbaseSplit;valid;2;ASLSBaseline+AreaNormalization;pls;"{""n_components"": 16}";64.62;64.83202537290131
Corn_Starch_80_ZhengChenPelegYbaseSplit;valid;2;ASLSBaseline+AreaNormalization;pls;"{""n_components"": 16}";64.656;64.5133594949198
Corn_Starch_80_ZhengChenPelegYbaseSplit;valid;2;ASLSBaseline+AreaNormalization;pls;"{""n_components"": 16}";64.851;64.52851946167925
Corn_Starch_80_ZhengChenPelegYbaseSplit;valid;2;ASLSBaseline+AreaNormalization;pls;"{""n_components"": 16}";64.923;65.07496703782783
Corn_Starch_80_ZhengChenPelegYbaseSplit;valid;2;ASLSBaseline+AreaNormalization;pls;"{""n_components"": 16}";65.104;65.14382687815682
Corn_Starch_80_ZhengChenPelegYbaseSplit;valid;2;ASLSBaseline+AreaNormalization;pls;"{""n_components"": 16}";65.115;65.07066207101624
Corn_Starch_80_ZhengChenPelegYbaseSplit;valid;2;ASLSBaseline+AreaNormalization;pls;"{""n_components"": 16}";65.209;65.54698806538678
Corn_Starch_80_ZhengChenPelegYbaseSplit;valid;2;ASLSBaseline+AreaNormalization;pls;"{""n_components"": 16}";65.337;65.6508853891035
Corn_Starch_80_ZhengChenPelegYbaseSplit;valid;2;ASLSBaseline+AreaNormalization;pls;"{""n_components"": 16}";65.474;65.33449345409048
Corn_Starch_80_ZhengChenPelegYbaseSplit;valid;2;ASLSBaseline+AreaNormalization;pls;"{""n_components"": 16}";65.524;65.79980413891693
Corn_Starch_80_ZhengChenPelegYbaseSplit;valid;2;ASLSBaseline+AreaNormalization;pls;"{""n_components"": 16}";65.601;65.36336507068067
Corn_Starch_80_ZhengChenPelegYbaseSplit;valid;2;ASLSBaseline+AreaNormalization;pls;"{""n_components"": 16}";65.795;65.81933507281454
Corn_Starch_80_ZhengChenPelegYbaseSplit;valid;2;ASLSBaseline+AreaNormalization;pls;"{""n_components"": 16}";65.808;65.7537762639716
Corn_Starch_80_ZhengChenPelegYbaseSplit;valid;2;ASLSBaseline+AreaNormalization;pls;"{""n_components"": 16}";66.472;65.6113885989638
Corn_Starch_80_ZhengChenPelegYbaseSplit;test;2;ASLSBaseline+AreaNormalization;pls;"{""n_components"": 16}";63.021;62.57519369371117
Corn_Starch_80_ZhengChenPelegYbaseSplit;test;2;ASLSBaseline+AreaNormalization;pls;"{""n_components"": 16}";63.356;63.21581588248177
Corn_Starch_80_ZhengChenPelegYbaseSplit;test;2;ASLSBaseline+AreaNormalization;pls;"{""n_components"": 16}";63.631;63.427103314416726
Corn_Starch_80_ZhengChenPelegYbaseSplit;test;2;ASLSBaseline+AreaNormalization;pls;"{""n_components"": 16}";64.148;64.44006244526356
Corn_Starch_80_ZhengChenPelegYbaseSplit;test;2;ASLSBaseline+AreaNormalization;pls;"{""n_components"": 16}";64.292;64.12379661106341
Corn_Starch_80_ZhengChenPelegYbaseSplit;test;2;ASLSBaseline+AreaNormalization;pls;"{""n_components"": 16}";64.539;64.34623593981246
Corn_Starch_80_ZhengChenPelegYbaseSplit;test;2;ASLSBaseline+AreaNormalization;pls;"{""n_components"": 16}";64.613;64.9033893191762
Corn_Starch_80_ZhengChenPelegYbaseSplit;test;2;ASLSBaseline+AreaNormalization;pls;"{""n_components"": 16}";64.757;64.62422961881265
Corn_Starch_80_ZhengChenPelegYbaseSplit;test;2;ASLSBaseline+AreaNormalization;pls;"{""n_components"": 16}";64.853;64.94434965287711
Corn_Starch_80_ZhengChenPelegYbaseSplit;test;2;ASLSBaseline+AreaNormalization;pls;"{""n_components"": 16}";64.933;64.88262256596377
Corn_Starch_80_ZhengChenPelegYbaseSplit;test;2;ASLSBaseline+AreaNormalization;pls;"{""n_components"": 16}";65.144;65.54375386054232
Corn_Starch_80_ZhengChenPelegYbaseSplit;test;2;ASLSBaseline+AreaNormalization;pls;"{""n_components"": 16}";65.233;66.05177894785008
Corn_Starch_80_ZhengChenPelegYbaseSplit;test;2;ASLSBaseline+AreaNormalization;pls;"{""n_components"": 16}";65.386;65.02089300988678
Corn_Starch_80_ZhengChenPelegYbaseSplit;test;2;ASLSBaseline+AreaNormalization;pls;"{""n_components"": 16}";65.519;65.72832541738607
Corn_Starch_80_ZhengChenPelegYbaseSplit;test;2;ASLSBaseline+AreaNormalization;pls;"{""n_components"": 16}";65.646;65.60697247784019
Corn_Starch_80_ZhengChenPelegYbaseSplit;test;2;ASLSBaseline+AreaNormalization;pls;"{""n_components"": 16}";65.841;65.65715928937459
Corn_Starch_80_ZhengChenPelegYbaseSplit;valid;0;SG_11_2_1;pls;"{""n_components"": 24}";62.884;63.08285121846131
Corn_Starch_80_ZhengChenPelegYbaseSplit;valid;0;SG_11_2_1;pls;"{""n_components"": 24}";63.246;63.142355958820744
Corn_Starch_80_ZhengChenPelegYbaseSplit;valid;0;SG_11_2_1;pls;"{""n_components"": 24}";63.567;63.59500102243341
Corn_Starch_80_ZhengChenPelegYbaseSplit;valid;0;SG_11_2_1;pls;"{""n_components"": 24}";63.784;63.569178965956574
Corn_Starch_80_ZhengChenPelegYbaseSplit;valid;0;SG_11_2_1;pls;"{""n_components"": 24}";64.253;64.2770490610881
Corn_Starch_80_ZhengChenPelegYbaseSplit;valid;0;SG_11_2_1;pls;"{""n_components"": 24}";64.261;64.38755473273699
Corn_Starch_80_ZhengChenPelegYbaseSplit;valid;0;SG_11_2_1;pls;"{""n_components"": 24}";64.287;64.11117584201766
Corn_Starch_80_ZhengChenPelegYbaseSplit;valid;0;SG_11_2_1;pls;"{""n_components"": 24}";64.506;64.47751426951027
Corn_Starch_80_ZhengChenPelegYbaseSplit;valid;0;SG_11_2_1;pls;"{""n_components"": 24}";64.546;64.40641313339293
Corn_Starch_80_ZhengChenPelegYbaseSplit;valid;0;SG_11_2_1;pls;"{""n_components"": 24}";64.632;64.71304041681135
Corn_Starch_80_ZhengChenPelegYbaseSplit;valid;0;SG_11_2_1;pls;"{""n_components"": 24}";64.67;64.75209001261248
Corn_Starch_80_ZhengChenPelegYbaseSplit;valid;0;SG_11_2_1;pls;"{""n_components"": 24}";64.882;64.93346769672371
Corn_Starch_80_ZhengChenPelegYbaseSplit;valid;0;SG_11_2_1;pls;"{""n_components"": 24}";64.895;64.87429391144732
Corn_Starch_80_ZhengChenPelegYbaseSplit;valid;0;SG_11_2_1;pls;"{""n_components"": 24}";65.022;65.12155252783676
Corn_Starch_80_ZhengChenPelegYbaseSplit;valid;0;SG_11_2_1;pls;"{""n_components"": 24}";65.107;65.12703990275372
Corn_Starch_80_ZhengChenPelegYbaseSplit;valid;0;SG_11_2_1;pls;"{""n_components"": 24}";65.205;65.09246842899022
Corn_Starch_80_ZhengChenPelegYbaseSplit;valid;0;SG_11_2_1;pls;"{""n_components"": 24}";65.217;65.24165988402989
Corn_Starch_80_ZhengChenPelegYbaseSplit;valid;0;SG_11_2_1;pls;"{""n_components"": 24}";65.294;65.35222657306738
Corn_Starch_80_ZhengChenPelegYbaseSplit;valid;0;SG_11_2_1;pls;"{""n_components"": 24}";65.441;65.38519482286128
Corn_Starch_80_ZhengChenPelegYbaseSplit;valid;0;SG_11_2_1;pls;"{""n_components"": 24}";65.637;65.60853404056554
Corn_Starch_80_ZhengChenPelegYbaseSplit;valid;0;SG_11_2_1;pls;"{""n_components"": 24}";65.679;65.67734604565007
Corn_Starch_80_ZhengChenPelegYbaseSplit;valid;0;SG_11_2_1;pls;"{""n_components"": 24}";65.903;65.75546057029884
Corn_Starch_80_ZhengChenPelegYbaseSplit;test;0;SG_11_2_1;pls;"{""n_components"": 24}";63.021;62.92778031545336
Corn_Starch_80_ZhengChenPelegYbaseSplit;test;0;SG_11_2_1;pls;"{""n_components"": 24}";63.356;63.31501386400499
Corn_Starch_80_ZhengChenPelegYbaseSplit;test;0;SG_11_2_1;pls;"{""n_components"": 24}";63.631;63.48289250366153
Corn_Starch_80_ZhengChenPelegYbaseSplit;test;0;SG_11_2_1;pls;"{""n_components"": 24}";64.148;64.11786060828341
Corn_Starch_80_ZhengChenPelegYbaseSplit;test;0;SG_11_2_1;pls;"{""n_components"": 24}";64.292;64.25812886069448
Corn_Starch_80_ZhengChenPelegYbaseSplit;test;0;SG_11_2_1;pls;"{""n_components"": 24}";64.539;64.26132789952726
Corn_Starch_80_ZhengChenPelegYbaseSplit;test;0;SG_11_2_1;pls;"{""n_components"": 24}";64.613;64.71452641105643
Corn_Starch_80_ZhengChenPelegYbaseSplit;test;0;SG_11_2_1;pls;"{""n_components"": 24}";64.757;64.64901200388152
Corn_Starch_80_ZhengChenPelegYbaseSplit;test;0;SG_11_2_1;pls;"{""n_components"": 24}";64.853;64.93038921326405
Corn_Starch_80_ZhengChenPelegYbaseSplit;test;0;SG_11_2_1;pls;"{""n_components"": 24}";64.933;64.90824741412227
Corn_Starch_80_ZhengChenPelegYbaseSplit;test;0;SG_11_2_1;pls;"{""n_components"": 24}";65.144;65.24395767891141
Corn_Starch_80_ZhengChenPelegYbaseSplit;test;0;SG_11_2_1;pls;"{""n_components"": 24}";65.233;65.41527500233498
Corn_Starch_80_ZhengChenPelegYbaseSplit;test;0;SG_11_2_1;pls;"{""n_components"": 24}";65.386;65.39441862218503
Corn_Starch_80_ZhengChenPelegYbaseSplit;test;0;SG_11_2_1;pls;"{""n_components"": 24}";65.519;65.39169198147628
Corn_Starch_80_ZhengChenPelegYbaseSplit;test;0;SG_11_2_1;pls;"{""n_components"": 24}";65.646;65.80001543821105
Corn_Starch_80_ZhengChenPelegYbaseSplit;test;0;SG_11_2_1;pls;"{""n_components"": 24}";65.841;65.6194541246209
Corn_Starch_80_ZhengChenPelegYbaseSplit;valid;1;SG_11_2_1;pls;"{""n_components"": 24}";62.826;62.91341919817917
Corn_Starch_80_ZhengChenPelegYbaseSplit;valid;1;SG_11_2_1;pls;"{""n_components"": 24}";63.247;63.39989475989926
Corn_Starch_80_ZhengChenPelegYbaseSplit;valid;1;SG_11_2_1;pls;"{""n_components"": 24}";63.466;63.42343323423448
Corn_Starch_80_ZhengChenPelegYbaseSplit;valid;1;SG_11_2_1;pls;"{""n_components"": 24}";63.823;63.79668727249924
Corn_Starch_80_ZhengChenPelegYbaseSplit;valid;1;SG_11_2_1;pls;"{""n_components"": 24}";63.913;63.847433385268054
Corn_Starch_80_ZhengChenPelegYbaseSplit;valid;1;SG_11_2_1;pls;"{""n_components"": 24}";64.266;63.99825461622613
Corn_Starch_80_ZhengChenPelegYbaseSplit;valid;1;SG_11_2_1;pls;"{""n_components"": 24}";64.367;64.3768754652962
Corn_Starch_80_ZhengChenPelegYbaseSplit;valid;1;SG_11_2_1;pls;"{""n_components"": 24}";64.42;64.48993990084348
Corn_Starch_80_ZhengChenPelegYbaseSplit;valid;1;SG_11_2_1;pls;"{""n_components"": 24}";64.544;64.5284317784658
Corn_Starch_80_ZhengChenPelegYbaseSplit;valid;1;SG_11_2_1;pls;"{""n_components"": 24}";64.574;64.66832595241081
Corn_Starch_80_ZhengChenPelegYbaseSplit;valid;1;SG_11_2_1;pls;"{""n_components"": 24}";64.787;64.76029190705309
Corn_Starch_80_ZhengChenPelegYbaseSplit;valid;1;SG_11_2_1;pls;"{""n_components"": 24}";64.806;64.60262779286116
Corn_Starch_80_ZhengChenPelegYbaseSplit;valid;1;SG_11_2_1;pls;"{""n_components"": 24}";64.838;64.64075509997927
Corn_Starch_80_ZhengChenPelegYbaseSplit;valid;1;SG_11_2_1;pls;"{""n_components"": 24}";64.915;64.87612298459871
Corn_Starch_80_ZhengChenPelegYbaseSplit;valid;1;SG_11_2_1;pls;"{""n_components"": 24}";65.193;65.09796845300541
Corn_Starch_80_ZhengChenPelegYbaseSplit;valid;1;SG_11_2_1;pls;"{""n_components"": 24}";65.371;65.45437940668504
Corn_Starch_80_ZhengChenPelegYbaseSplit;valid;1;SG_11_2_1;pls;"{""n_components"": 24}";65.374;65.37224564920157
Corn_Starch_80_ZhengChenPelegYbaseSplit;valid;1;SG_11_2_1;pls;"{""n_components"": 24}";65.427;65.36404722629018
Corn_Starch_80_ZhengChenPelegYbaseSplit;valid;1;SG_11_2_1;pls;"{""n_components"": 24}";65.437;65.42842297993892
Corn_Starch_80_ZhengChenPelegYbaseSplit;valid;1;SG_11_2_1;pls;"{""n_components"": 24}";65.547;65.49625104812795
Corn_Starch_80_ZhengChenPelegYbaseSplit;valid;1;SG_11_2_1;pls;"{""n_components"": 24}";65.72;65.62880995059263
Corn_Starch_80_ZhengChenPelegYbaseSplit;test;1;SG_11_2_1;pls;"{""n_components"": 24}";63.021;62.98852312953788
Corn_Starch_80_ZhengChenPelegYbaseSplit;test;1;SG_11_2_1;pls;"{""n_components"": 24}";63.356;63.290992265752685
Corn_Starch_80_ZhengChenPelegYbaseSplit;test;1;SG_11_2_1;pls;"{""n_components"": 24}";63.631;63.47585426826361
Corn_Starch_80_ZhengChenPelegYbaseSplit;test;1;SG_11_2_1;pls;"{""n_components"": 24}";64.148;64.34468508752248
Corn_Starch_80_ZhengChenPelegYbaseSplit;test;1;SG_11_2_1;pls;"{""n_components"": 24}";64.292;64.25463262566508
Corn_Starch_80_ZhengChenPelegYbaseSplit;test;1;SG_11_2_1;pls;"{""n_components"": 24}";64.539;64.2287568120954
Corn_Starch_80_ZhengChenPelegYbaseSplit;test;1;SG_11_2_1;pls;"{""n_components"": 24}";64.613;64.54480968005244
Corn_Starch_80_ZhengChenPelegYbaseSplit;test;1;SG_11_2_1;pls;"{""n_components"": 24}";64.757;64.4743695014285
Corn_Starch_80_ZhengChenPelegYbaseSplit;test;1;SG_11_2_1;pls;"{""n_components"": 24}";64.853;64.86819307325898
Corn_Starch_80_ZhengChenPelegYbaseSplit;test;1;SG_11_2_1;pls;"{""n_components"": 24}";64.933;64.87139769242373
Corn_Starch_80_ZhengChenPelegYbaseSplit;test;1;SG_11_2_1;pls;"{""n_components"": 24}";65.144;65.16423234229993
Corn_Starch_80_ZhengChenPelegYbaseSplit;test;1;SG_11_2_1;pls;"{""n_components"": 24}";65.233;65.27926004800639
Corn_Starch_80_ZhengChenPelegYbaseSplit;test;1;SG_11_2_1;pls;"{""n_components"": 24}";65.386;65.34975834055746
Corn_Starch_80_ZhengChenPelegYbaseSplit;test;1;SG_11_2_1;pls;"{""n_components"": 24}";65.519;65.40871819076582
Corn_Starch_80_ZhengChenPelegYbaseSplit;test;1;SG_11_2_1;pls;"{""n_components"": 24}";65.646;65.65215660207042
Corn_Starch_80_ZhengChenPelegYbaseSplit;test;1;SG_11_2_1;pls;"{""n_components"": 24}";65.841;65.53926554062774
Corn_Starch_80_ZhengChenPelegYbaseSplit;valid;2;SG_11_2_1;pls;"{""n_components"": 24}";63.099;63.129088094706425
Corn_Starch_80_ZhengChenPelegYbaseSplit;valid;2;SG_11_2_1;pls;"{""n_components"": 24}";63.263;63.415572973122615
Corn_Starch_80_ZhengChenPelegYbaseSplit;valid;2;SG_11_2_1;pls;"{""n_components"": 24}";63.416;63.22730553684779
Corn_Starch_80_ZhengChenPelegYbaseSplit;valid;2;SG_11_2_1;pls;"{""n_components"": 24}";63.513;63.52131620190692
Corn_Starch_80_ZhengChenPelegYbaseSplit;valid;2;SG_11_2_1;pls;"{""n_components"": 24}";64.131;64.43363098085015
Corn_Starch_80_ZhengChenPelegYbaseSplit;valid;2;SG_11_2_1;pls;"{""n_components"": 24}";64.464;64.67198910232698
Corn_Starch_80_ZhengChenPelegYbaseSplit;valid;2;SG_11_2_1;pls;"{""n_components"": 24}";64.582;65.07800345375844
Corn_Starch_80_ZhengChenPelegYbaseSplit;valid;2;SG_11_2_1;pls;"{""n_components"": 24}";64.62;64.79045137705192
Corn_Starch_80_ZhengChenPelegYbaseSplit;valid;2;SG_11_2_1;pls;"{""n_components"": 24}";64.656;64.62486525288307
Corn_Starch_80_ZhengChenPelegYbaseSplit;valid;2;SG_11_2_1;pls;"{""n_components"": 24}";64.851;64.65231031818658
Corn_Starch_80_ZhengChenPelegYbaseSplit;valid;2;SG_11_2_1;pls;"{""n_components"": 24}";64.923;65.10379421081515
Corn_Starch_80_ZhengChenPelegYbaseSplit;valid;2;SG_11_2_1;pls;"{""n_components"": 24}";65.104;65.05977196550224
Corn_Starch_80_ZhengChenPelegYbaseSplit;valid;2;SG_11_2_1;pls;"{""n_components"": 24}";65.115;65.0856012469687
Corn_Starch_80_ZhengChenPelegYbaseSplit;valid;2;SG_11_2_1;pls;"{""n_components"": 24}";65.209;65.40904836495659
Corn_Starch_80_ZhengChenPelegYbaseSplit;valid;2;SG_11_2_1;pls;"{""n_components"": 24}";65.337;65.39910032661646
Corn_Starch_80_ZhengChenPelegYbaseSplit;valid;2;SG_11_2_1;pls;"{""n_components"": 24}";65.474;65.42843132623233
Corn_Starch_80_ZhengChenPelegYbaseSplit;valid;2;SG_11_2_1;pls;"{""n_components"": 24}";65.524;65.73900314407386
Corn_Starch_80_ZhengChenPelegYbaseSplit;valid;2;SG_11_2_1;pls;"{""n_components"": 24}";65.601;65.43843986689095
Corn_Starch_80_ZhengChenPelegYbaseSplit;valid;2;SG_11_2_1;pls;"{""n_components"": 24}";65.795;65.6932810937937
Corn_Starch_80_ZhengChenPelegYbaseSplit;valid;2;SG_11_2_1;pls;"{""n_components"": 24}";65.808;65.80434536415453
Corn_Starch_80_ZhengChenPelegYbaseSplit;valid;2;SG_11_2_1;pls;"{""n_components"": 24}";66.472;66.1510343251251
Corn_Starch_80_ZhengChenPelegYbaseSplit;test;2;SG_11_2_1;pls;"{""n_components"": 24}";63.021;62.71348132259996
Corn_Starch_80_ZhengChenPelegYbaseSplit;test;2;SG_11_2_1;pls;"{""n_components"": 24}";63.356;63.29823777830262
Corn_Starch_80_ZhengChenPelegYbaseSplit;test;2;SG_11_2_1;pls;"{""n_components"": 24}";63.631;63.38387298893923
Corn_Starch_80_ZhengChenPelegYbaseSplit;test;2;SG_11_2_1;pls;"{""n_components"": 24}";64.148;64.36197240938782
Corn_Starch_80_ZhengChenPelegYbaseSplit;test;2;SG_11_2_1;pls;"{""n_components"": 24}";64.292;64.2063453956961
Corn_Starch_80_ZhengChenPelegYbaseSplit;test;2;SG_11_2_1;pls;"{""n_components"": 24}";64.539;64.3828138618147
Corn_Starch_80_ZhengChenPelegYbaseSplit;test;2;SG_11_2_1;pls;"{""n_components"": 24}";64.613;65.0333740701916
Corn_Starch_80_ZhengChenPelegYbaseSplit;test;2;SG_11_2_1;pls;"{""n_components"": 24}";64.757;64.67782297734396
Corn_Starch_80_ZhengChenPelegYbaseSplit;test;2;SG_11_2_1;pls;"{""n_components"": 24}";64.853;64.90593397554187
Corn_Starch_80_ZhengChenPelegYbaseSplit;test;2;SG_11_2_1;pls;"{""n_components"": 24}";64.933;64.87608991287875
Corn_Starch_80_ZhengChenPelegYbaseSplit;test;2;SG_11_2_1;pls;"{""n_components"": 24}";65.144;65.43316412286289
Corn_Starch_80_ZhengChenPelegYbaseSplit;test;2;SG_11_2_1;pls;"{""n_components"": 24}";65.233;65.69494304429026
Corn_Starch_80_ZhengChenPelegYbaseSplit;test;2;SG_11_2_1;pls;"{""n_components"": 24}";65.386;65.14011460486432
Corn_Starch_80_ZhengChenPelegYbaseSplit;test;2;SG_11_2_1;pls;"{""n_components"": 24}";65.519;65.46021131627
Corn_Starch_80_ZhengChenPelegYbaseSplit;test;2;SG_11_2_1;pls;"{""n_components"": 24}";65.646;65.69299230039216
Corn_Starch_80_ZhengChenPelegYbaseSplit;test;2;SG_11_2_1;pls;"{""n_components"": 24}";65.841;65.66589917889111
Corn_Starch_80_ZhengChenPelegYbaseSplit;valid;0;SG_11_2_1+Haar;pls;"{""n_components"": 26}";62.884;63.303017714229675
Corn_Starch_80_ZhengChenPelegYbaseSplit;valid;0;SG_11_2_1+Haar;pls;"{""n_components"": 26}";63.246;63.32106662978178
Corn_Starch_80_ZhengChenPelegYbaseSplit;valid;0;SG_11_2_1+Haar;pls;"{""n_components"": 26}";63.567;63.59755725964154
Corn_Starch_80_ZhengChenPelegYbaseSplit;valid;0;SG_11_2_1+Haar;pls;"{""n_components"": 26}";63.784;63.36286867142865
Corn_Starch_80_ZhengChenPelegYbaseSplit;valid;0;SG_11_2_1+Haar;pls;"{""n_components"": 26}";64.253;64.46498710096519
Corn_Starch_80_ZhengChenPelegYbaseSplit;valid;0;SG_11_2_1+Haar;pls;"{""n_components"": 26}";64.261;64.48131962438467
Corn_Starch_80_ZhengChenPelegYbaseSplit;valid;0;SG_11_2_1+Haar;pls;"{""n_components"": 26}";64.287;64.07050397136535
Corn_Starch_80_ZhengChenPelegYbaseSplit;valid;0;SG_11_2_1+Haar;pls;"{""n_components"": 26}";64.506;64.48811431633557
Corn_Starch_80_ZhengChenPelegYbaseSplit;valid;0;SG_11_2_1+Haar;pls;"{""n_components"": 26}";64.546;64.56708306321097
Corn_Starch_80_ZhengChenPelegYbaseSplit;valid;0;SG_11_2_1+Haar;pls;"{""n_components"": 26}";64.632;64.76006645200519
Corn_Starch_80_ZhengChenPelegYbaseSplit;valid;0;SG_11_2_1+Haar;pls;"{""n_components"": 26}";64.67;64.90163915805526
Corn_Starch_80_ZhengChenPelegYbaseSplit;valid;0;SG_11_2_1+Haar;pls;"{""n_components"": 26}";64.882;64.91323381023415
Corn_Starch_80_ZhengChenPelegYbaseSplit;valid;0;SG_11_2_1+Haar;pls;"{""n_components"": 26}";64.895;64.70405275508139
Corn_Starch_80_ZhengChenPelegYbaseSplit;valid;0;SG_11_2_1+Haar;pls;"{""n_components"": 26}";65.022;65.08238455964553
Corn_Starch_80_ZhengChenPelegYbaseSplit;valid;0;SG_11_2_1+Haar;pls;"{""n_components"": 26}";65.107;64.88060411169454
Corn_Starch_80_ZhengChenPelegYbaseSplit;valid;0;SG_11_2_1+Haar;pls;"{""n_components"": 26}";65.205;65.27463259131666
Corn_Starch_80_ZhengChenPelegYbaseSplit;valid;0;SG_11_2_1+Haar;pls;"{""n_components"": 26}";65.217;65.25415304694602
Corn_Starch_80_ZhengChenPelegYbaseSplit;valid;0;SG_11_2_1+Haar;pls;"{""n_components"": 26}";65.294;65.31373327536413
Corn_Starch_80_ZhengChenPelegYbaseSplit;valid;0;SG_11_2_1+Haar;pls;"{""n_components"": 26}";65.441;65.43974516544903
Corn_Starch_80_ZhengChenPelegYbaseSplit;valid;0;SG_11_2_1+Haar;pls;"{""n_components"": 26}";65.637;65.67235308737364
Corn_Starch_80_ZhengChenPelegYbaseSplit;valid;0;SG_11_2_1+Haar;pls;"{""n_components"": 26}";65.679;65.721456707892
Corn_Starch_80_ZhengChenPelegYbaseSplit;valid;0;SG_11_2_1+Haar;pls;"{""n_components"": 26}";65.903;65.75486858371367
Corn_Starch_80_ZhengChenPelegYbaseSplit;test;0;SG_11_2_1+Haar;pls;"{""n_components"": 26}";63.021;63.211492008985886
Corn_Starch_80_ZhengChenPelegYbaseSplit;test;0;SG_11_2_1+Haar;pls;"{""n_components"": 26}";63.356;63.48997755465923
Corn_Starch_80_ZhengChenPelegYbaseSplit;test;0;SG_11_2_1+Haar;pls;"{""n_components"": 26}";63.631;63.6826963257491
Corn_Starch_80_ZhengChenPelegYbaseSplit;test;0;SG_11_2_1+Haar;pls;"{""n_components"": 26}";64.148;64.08660329973728
Corn_Starch_80_ZhengChenPelegYbaseSplit;test;0;SG_11_2_1+Haar;pls;"{""n_components"": 26}";64.292;64.27933431046306
Corn_Starch_80_ZhengChenPelegYbaseSplit;test;0;SG_11_2_1+Haar;pls;"{""n_components"": 26}";64.539;64.32628758658431
Corn_Starch_80_ZhengChenPelegYbaseSplit;test;0;SG_11_2_1+Haar;pls;"{""n_components"": 26}";64.613;65.05428020622296
Corn_Starch_80_ZhengChenPelegYbaseSplit;test;0;SG_11_2_1+Haar;pls;"{""n_components"": 26}";64.757;64.55265977176248
Corn_Starch_80_ZhengChenPelegYbaseSplit;test;0;SG_11_2_1+Haar;pls;"{""n_components"": 26}";64.853;65.04503626255676
Corn_Starch_80_ZhengChenPelegYbaseSplit;test;0;SG_11_2_1+Haar;pls;"{""n_components"": 26}";64.933;64.78266387312362
Corn_Starch_80_ZhengChenPelegYbaseSplit;test;0;SG_11_2_1+Haar;pls;"{""n_components"": 26}";65.144;65.11672108661008
Corn_Starch_80_ZhengChenPelegYbaseSplit;test;0;SG_11_2_1+Haar;pls;"{""n_components"": 26}";65.233;65.54474559115896
Corn_Starch_80_ZhengChenPelegYbaseSplit;test;0;SG_11_2_1+Haar;pls;"{""n_components"": 26}";65.386;65.27796060987231
Corn_Starch_80_ZhengChenPelegYbaseSplit;test;0;SG_11_2_1+Haar;pls;"{""n_components"": 26}";65.519;65.48570465695833
Corn_Starch_80_ZhengChenPelegYbaseSplit;test;0;SG_11_2_1+Haar;pls;"{""n_components"": 26}";65.646;65.60201866210588
Corn_Starch_80_ZhengChenPelegYbaseSplit;test;0;SG_11_2_1+Haar;pls;"{""n_components"": 26}";65.841;65.400221410374
Corn_Starch_80_ZhengChenPelegYbaseSplit;valid;1;SG_11_2_1+Haar;pls;"{""n_components"": 26}";62.826;63.14532610902404
Corn_Starch_80_ZhengChenPelegYbaseSplit;valid;1;SG_11_2_1+Haar;pls;"{""n_components"": 26}";63.247;63.46619600668335
Corn_Starch_80_ZhengChenPelegYbaseSplit;valid;1;SG_11_2_1+Haar;pls;"{""n_components"": 26}";63.466;63.64619961912764
Corn_Starch_80_ZhengChenPelegYbaseSplit;valid;1;SG_11_2_1+Haar;pls;"{""n_components"": 26}";63.823;63.90210647106924
Corn_Starch_80_ZhengChenPelegYbaseSplit;valid;1;SG_11_2_1+Haar;pls;"{""n_components"": 26}";63.913;63.91665403635594
Corn_Starch_80_ZhengChenPelegYbaseSplit;valid;1;SG_11_2_1+Haar;pls;"{""n_components"": 26}";64.266;63.961528275536956
Corn_Starch_80_ZhengChenPelegYbaseSplit;valid;1;SG_11_2_1+Haar;pls;"{""n_components"": 26}";64.367;64.12499077721702
Corn_Starch_80_ZhengChenPelegYbaseSplit;valid;1;SG_11_2_1+Haar;pls;"{""n_components"": 26}";64.42;64.53758417087126
Corn_Starch_80_ZhengChenPelegYbaseSplit;valid;1;SG_11_2_1+Haar;pls;"{""n_components"": 26}";64.544;64.4744007337584
Corn_Starch_80_ZhengChenPelegYbaseSplit;valid;1;SG_11_2_1+Haar;pls;"{""n_components"": 26}";64.574;64.60330206968632
Corn_Starch_80_ZhengChenPelegYbaseSplit;valid;1;SG_11_2_1+Haar;pls;"{""n_components"": 26}";64.787;64.61439148638578
Corn_Starch_80_ZhengChenPelegYbaseSplit;valid;1;SG_11_2_1+Haar;pls;"{""n_components"": 26}";64.806;64.24410239124265
Corn_Starch_80_ZhengChenPelegYbaseSplit;valid;1;SG_11_2_1+Haar;pls;"{""n_components"": 26}";64.838;64.59584683361254
Corn_Starch_80_ZhengChenPelegYbaseSplit;valid;1;SG_11_2_1+Haar;pls;"{""n_components"": 26}";64.915;64.76293370895105
Corn_Starch_80_ZhengChenPelegYbaseSplit;valid;1;SG_11_2_1+Haar;pls;"{""n_components"": 26}";65.193;65.15112703556474
Corn_Starch_80_ZhengChenPelegYbaseSplit;valid;1;SG_11_2_1+Haar;pls;"{""n_components"": 26}";65.371;65.34891226664404
Corn_Starch_80_ZhengChenPelegYbaseSplit;valid;1;SG_11_2_1+Haar;pls;"{""n_components"": 26}";65.374;65.23573103672194
Corn_Starch_80_ZhengChenPelegYbaseSplit;valid;1;SG_11_2_1+Haar;pls;"{""n_components"": 26}";65.427;65.36931666736508
Corn_Starch_80_ZhengChenPelegYbaseSplit;valid;1;SG_11_2_1+Haar;pls;"{""n_components"": 26}";65.437;65.43003422835135
Corn_Starch_80_ZhengChenPelegYbaseSplit;valid;1;SG_11_2_1+Haar;pls;"{""n_components"": 26}";65.547;65.54081252405732
Corn_Starch_80_ZhengChenPelegYbaseSplit;valid;1;SG_11_2_1+Haar;pls;"{""n_components"": 26}";65.72;65.55543367234928
Corn_Starch_80_ZhengChenPelegYbaseSplit;test;1;SG_11_2_1+Haar;pls;"{""n_components"": 26}";63.021;62.91152418048166
Corn_Starch_80_ZhengChenPelegYbaseSplit;test;1;SG_11_2_1+Haar;pls;"{""n_components"": 26}";63.356;63.19710817772016
Corn_Starch_80_ZhengChenPelegYbaseSplit;test;1;SG_11_2_1+Haar;pls;"{""n_components"": 26}";63.631;63.390598112289545
Corn_Starch_80_ZhengChenPelegYbaseSplit;test;1;SG_11_2_1+Haar;pls;"{""n_components"": 26}";64.148;64.20488635399653
Corn_Starch_80_ZhengChenPelegYbaseSplit;test;1;SG_11_2_1+Haar;pls;"{""n_components"": 26}";64.292;64.43332919093841
Corn_Starch_80_ZhengChenPelegYbaseSplit;test;1;SG_11_2_1+Haar;pls;"{""n_components"": 26}";64.539;64.10695555607455
Corn_Starch_80_ZhengChenPelegYbaseSplit;test;1;SG_11_2_1+Haar;pls;"{""n_components"": 26}";64.613;64.9038909414631
Corn_Starch_80_ZhengChenPelegYbaseSplit;test;1;SG_11_2_1+Haar;pls;"{""n_components"": 26}";64.757;64.10832554073001
Corn_Starch_80_ZhengChenPelegYbaseSplit;test;1;SG_11_2_1+Haar;pls;"{""n_components"": 26}";64.853;64.79149723222763
Corn_Starch_80_ZhengChenPelegYbaseSplit;test;1;SG_11_2_1+Haar;pls;"{""n_components"": 26}";64.933;64.74052032057399
Corn_Starch_80_ZhengChenPelegYbaseSplit;test;1;SG_11_2_1+Haar;pls;"{""n_components"": 26}";65.144;65.03647648567275
Corn_Starch_80_ZhengChenPelegYbaseSplit;test;1;SG_11_2_1+Haar;pls;"{""n_components"": 26}";65.233;65.17460081185604
Corn_Starch_80_ZhengChenPelegYbaseSplit;test;1;SG_11_2_1+Haar;pls;"{""n_components"": 26}";65.386;65.3146263963502
Corn_Starch_80_ZhengChenPelegYbaseSplit;test;1;SG_11_2_1+Haar;pls;"{""n_components"": 26}";65.519;65.28308076911301
Corn_Starch_80_ZhengChenPelegYbaseSplit;test;1;SG_11_2_1+Haar;pls;"{""n_components"": 26}";65.646;65.62847263935814
Corn_Starch_80_ZhengChenPelegYbaseSplit;test;1;SG_11_2_1+Haar;pls;"{""n_components"": 26}";65.841;65.32554491207092
Corn_Starch_80_ZhengChenPelegYbaseSplit;valid;2;SG_11_2_1+Haar;pls;"{""n_components"": 26}";63.099;62.904199606258715
Corn_Starch_80_ZhengChenPelegYbaseSplit;valid;2;SG_11_2_1+Haar;pls;"{""n_components"": 26}";63.263;63.43567271407338
Corn_Starch_80_ZhengChenPelegYbaseSplit;valid;2;SG_11_2_1+Haar;pls;"{""n_components"": 26}";63.416;63.42376963858689
Corn_Starch_80_ZhengChenPelegYbaseSplit;valid;2;SG_11_2_1+Haar;pls;"{""n_components"": 26}";63.513;63.296965833539325
Corn_Starch_80_ZhengChenPelegYbaseSplit;valid;2;SG_11_2_1+Haar;pls;"{""n_components"": 26}";64.131;64.44166310511584
Corn_Starch_80_ZhengChenPelegYbaseSplit;valid;2;SG_11_2_1+Haar;pls;"{""n_components"": 26}";64.464;65.0747188506584
Corn_Starch_80_ZhengChenPelegYbaseSplit;valid;2;SG_11_2_1+Haar;pls;"{""n_components"": 26}";64.582;65.05369113400396
Corn_Starch_80_ZhengChenPelegYbaseSplit;valid;2;SG_11_2_1+Haar;pls;"{""n_components"": 26}";64.62;64.73828516744632
Corn_Starch_80_ZhengChenPelegYbaseSplit;valid;2;SG_11_2_1+Haar;pls;"{""n_components"": 26}";64.656;64.62382430462388
Corn_Starch_80_ZhengChenPelegYbaseSplit;valid;2;SG_11_2_1+Haar;pls;"{""n_components"": 26}";64.851;64.45095250401735
Corn_Starch_80_ZhengChenPelegYbaseSplit;valid;2;SG_11_2_1+Haar;pls;"{""n_components"": 26}";64.923;65.2989659496449
Corn_Starch_80_ZhengChenPelegYbaseSplit;valid;2;SG_11_2_1+Haar;pls;"{""n_components"": 26}";65.104;65.08933228252678
Corn_Starch_80_ZhengChenPelegYbaseSplit;valid;2;SG_11_2_1+Haar;pls;"{""n_components"": 26}";65.115;65.12757379320988
Corn_Starch_80_ZhengChenPelegYbaseSplit;valid;2;SG_11_2_1+Haar;pls;"{""n_components"": 26}";65.209;65.48326048126147
Corn_Starch_80_ZhengChenPelegYbaseSplit;valid;2;SG_11_2_1+Haar;pls;"{""n_components"": 26}";65.337;65.4418205452079
Corn_Starch_80_ZhengChenPelegYbaseSplit;valid;2;SG_11_2_1+Haar;pls;"{""n_components"": 26}";65.474;65.39359650321695
Corn_Starch_80_ZhengChenPelegYbaseSplit;valid;2;SG_11_2_1+Haar;pls;"{""n_components"": 26}";65.524;65.52962248173773
Corn_Starch_80_ZhengChenPelegYbaseSplit;valid;2;SG_11_2_1+Haar;pls;"{""n_components"": 26}";65.601;65.40806769511005
Corn_Starch_80_ZhengChenPelegYbaseSplit;valid;2;SG_11_2_1+Haar;pls;"{""n_components"": 26}";65.795;65.52557287170217
Corn_Starch_80_ZhengChenPelegYbaseSplit;valid;2;SG_11_2_1+Haar;pls;"{""n_components"": 26}";65.808;65.71413233040766
Corn_Starch_80_ZhengChenPelegYbaseSplit;valid;2;SG_11_2_1+Haar;pls;"{""n_components"": 26}";66.472;65.71808877154508
Corn_Starch_80_ZhengChenPelegYbaseSplit;test;2;SG_11_2_1+Haar;pls;"{""n_components"": 26}";63.021;62.83838698840589
Corn_Starch_80_ZhengChenPelegYbaseSplit;test;2;SG_11_2_1+Haar;pls;"{""n_components"": 26}";63.356;63.33733565365247
Corn_Starch_80_ZhengChenPelegYbaseSplit;test;2;SG_11_2_1+Haar;pls;"{""n_components"": 26}";63.631;63.27308317421876
Corn_Starch_80_ZhengChenPelegYbaseSplit;test;2;SG_11_2_1+Haar;pls;"{""n_components"": 26}";64.148;64.1773331846499
Corn_Starch_80_ZhengChenPelegYbaseSplit;test;2;SG_11_2_1+Haar;pls;"{""n_components"": 26}";64.292;64.3108386034297
Corn_Starch_80_ZhengChenPelegYbaseSplit;test;2;SG_11_2_1+Haar;pls;"{""n_components"": 26}";64.539;64.37515991518916
Corn_Starch_80_ZhengChenPelegYbaseSplit;test;2;SG_11_2_1+Haar;pls;"{""n_components"": 26}";64.613;65.26764453310857
Corn_Starch_80_ZhengChenPelegYbaseSplit;test;2;SG_11_2_1+Haar;pls;"{""n_components"": 26}";64.757;64.65358551165373
Corn_Starch_80_ZhengChenPelegYbaseSplit;test;2;SG_11_2_1+Haar;pls;"{""n_components"": 26}";64.853;65.07419155789327
Corn_Starch_80_ZhengChenPelegYbaseSplit;test;2;SG_11_2_1+Haar;pls;"{""n_components"": 26}";64.933;64.79342244661346
Corn_Starch_80_ZhengChenPelegYbaseSplit;test;2;SG_11_2_1+Haar;pls;"{""n_components"": 26}";65.144;65.49778463876982
Corn_Starch_80_ZhengChenPelegYbaseSplit;test;2;SG_11_2_1+Haar;pls;"{""n_components"": 26}";65.233;65.55738456710694
Corn_Starch_80_ZhengChenPelegYbaseSplit;test;2;SG_11_2_1+Haar;pls;"{""n_components"": 26}";65.386;64.96866682512466
Corn_Starch_80_ZhengChenPelegYbaseSplit;test;2;SG_11_2_1+Haar;pls;"{""n_components"": 26}";65.519;65.32638035733675
Corn_Starch_80_ZhengChenPelegYbaseSplit;test;2;SG_11_2_1+Haar;pls;"{""n_components"": 26}";65.646;65.54074360594207
Corn_Starch_80_ZhengChenPelegYbaseSplit;test;2;SG_11_2_1+Haar;pls;"{""n_components"": 26}";65.841;65.66428151604836
Corn_Starch_80_ZhengChenPelegYbaseSplit;valid;0;SG_11_2_1+AreaNormalization;pls;"{""n_components"": 24}";62.884;62.85170170224844
Corn_Starch_80_ZhengChenPelegYbaseSplit;valid;0;SG_11_2_1+AreaNormalization;pls;"{""n_components"": 24}";63.246;63.28657870394402
Corn_Starch_80_ZhengChenPelegYbaseSplit;valid;0;SG_11_2_1+AreaNormalization;pls;"{""n_components"": 24}";63.567;63.612821586078766
Corn_Starch_80_ZhengChenPelegYbaseSplit;valid;0;SG_11_2_1+AreaNormalization;pls;"{""n_components"": 24}";63.784;63.460369824243905
Corn_Starch_80_ZhengChenPelegYbaseSplit;valid;0;SG_11_2_1+AreaNormalization;pls;"{""n_components"": 24}";64.253;64.37809901748491
Corn_Starch_80_ZhengChenPelegYbaseSplit;valid;0;SG_11_2_1+AreaNormalization;pls;"{""n_components"": 24}";64.261;64.2789744217991
Corn_Starch_80_ZhengChenPelegYbaseSplit;valid;0;SG_11_2_1+AreaNormalization;pls;"{""n_components"": 24}";64.287;64.13695890186047
Corn_Starch_80_ZhengChenPelegYbaseSplit;valid;0;SG_11_2_1+AreaNormalization;pls;"{""n_components"": 24}";64.506;64.36421040180504
Corn_Starch_80_ZhengChenPelegYbaseSplit;valid;0;SG_11_2_1+AreaNormalization;pls;"{""n_components"": 24}";64.546;64.4082284784025
Corn_Starch_80_ZhengChenPelegYbaseSplit;valid;0;SG_11_2_1+AreaNormalization;pls;"{""n_components"": 24}";64.632;64.71208738727161
Corn_Starch_80_ZhengChenPelegYbaseSplit;valid;0;SG_11_2_1+AreaNormalization;pls;"{""n_components"": 24}";64.67;64.70495599612849
Corn_Starch_80_ZhengChenPelegYbaseSplit;valid;0;SG_11_2_1+AreaNormalization;pls;"{""n_components"": 24}";64.882;64.87806473732083
Corn_Starch_80_ZhengChenPelegYbaseSplit;valid;0;SG_11_2_1+AreaNormalization;pls;"{""n_components"": 24}";64.895;64.92514540454151
Corn_Starch_80_ZhengChenPelegYbaseSplit;valid;0;SG_11_2_1+AreaNormalization;pls;"{""n_components"": 24}";65.022;65.17496452121082
Corn_Starch_80_ZhengChenPelegYbaseSplit;valid;0;SG_11_2_1+AreaNormalization;pls;"{""n_components"": 24}";65.107;65.13311064889477
Corn_Starch_80_ZhengChenPelegYbaseSplit;valid;0;SG_11_2_1+AreaNormalization;pls;"{""n_components"": 24}";65.205;65.23447789599487
Corn_Starch_80_ZhengChenPelegYbaseSplit;valid;0;SG_11_2_1+AreaNormalization;pls;"{""n_components"": 24}";65.217;65.34000526075113
Corn_Starch_80_ZhengChenPelegYbaseSplit;valid;0;SG_11_2_1+AreaNormalization;pls;"{""n_components"": 24}";65.294;65.39994810658592
Corn_Starch_80_ZhengChenPelegYbaseSplit;valid;0;SG_11_2_1+AreaNormalization;pls;"{""n_components"": 24}";65.441;65.38868165997376
Corn_Starch_80_ZhengChenPelegYbaseSplit;valid;0;SG_11_2_1+AreaNormalization;pls;"{""n_components"": 24}";65.637;65.53223857309933
Corn_Starch_80_ZhengChenPelegYbaseSplit;valid;0;SG_11_2_1+AreaNormalization;pls;"{""n_components"": 24}";65.679;65.63697685768835
Corn_Starch_80_ZhengChenPelegYbaseSplit;valid;0;SG_11_2_1+AreaNormalization;pls;"{""n_components"": 24}";65.903;65.58682300200763
Corn_Starch_80_ZhengChenPelegYbaseSplit;test;0;SG_11_2_1+AreaNormalization;pls;"{""n_components"": 24}";63.021;62.88866102805674
Corn_Starch_80_ZhengChenPelegYbaseSplit;test;0;SG_11_2_1+AreaNormalization;pls;"{""n_components"": 24}";63.356;63.28054862029613
Corn_Starch_80_ZhengChenPelegYbaseSplit;test;0;SG_11_2_1+AreaNormalization;pls;"{""n_components"": 24}";63.631;63.55895568201215
Corn_Starch_80_ZhengChenPelegYbaseSplit;test;0;SG_11_2_1+AreaNormalization;pls;"{""n_components"": 24}";64.148;64.18892360390353
Corn_Starch_80_ZhengChenPelegYbaseSplit;test;0;SG_11_2_1+AreaNormalization;pls;"{""n_components"": 24}";64.292;64.18661342484236
Corn_Starch_80_ZhengChenPelegYbaseSplit;test;0;SG_11_2_1+AreaNormalization;pls;"{""n_components"": 24}";64.539;64.26266487315435
Corn_Starch_80_ZhengChenPelegYbaseSplit;test;0;SG_11_2_1+AreaNormalization;pls;"{""n_components"": 24}";64.613;64.72308140776973
Corn_Starch_80_ZhengChenPelegYbaseSplit;test;0;SG_11_2_1+AreaNormalization;pls;"{""n_components"": 24}";64.757;64.64035638536305
Corn_Starch_80_ZhengChenPelegYbaseSplit;test;0;SG_11_2_1+AreaNormalization;pls;"{""n_components"": 24}";64.853;64.8309830171072
Corn_Starch_80_ZhengChenPelegYbaseSplit;test;0;SG_11_2_1+AreaNormalization;pls;"{""n_components"": 24}";64.933;64.87134101818502
Corn_Starch_80_ZhengChenPelegYbaseSplit;test;0;SG_11_2_1+AreaNormalization;pls;"{""n_components"": 24}";65.144;65.08477863365833
Corn_Starch_80_ZhengChenPelegYbaseSplit;test;0;SG_11_2_1+AreaNormalization;pls;"{""n_components"": 24}";65.233;65.3648181478524
Corn_Starch_80_ZhengChenPelegYbaseSplit;test;0;SG_11_2_1+AreaNormalization;pls;"{""n_components"": 24}";65.386;65.35311193633135
Corn_Starch_80_ZhengChenPelegYbaseSplit;test;0;SG_11_2_1+AreaNormalization;pls;"{""n_components"": 24}";65.519;65.56339513615971
Corn_Starch_80_ZhengChenPelegYbaseSplit;test;0;SG_11_2_1+AreaNormalization;pls;"{""n_components"": 24}";65.646;65.74078492780481
Corn_Starch_80_ZhengChenPelegYbaseSplit;test;0;SG_11_2_1+AreaNormalization;pls;"{""n_components"": 24}";65.841;65.7395962513719
Corn_Starch_80_ZhengChenPelegYbaseSplit;valid;1;SG_11_2_1+AreaNormalization;pls;"{""n_components"": 24}";62.826;62.93533291142379
Corn_Starch_80_ZhengChenPelegYbaseSplit;valid;1;SG_11_2_1+AreaNormalization;pls;"{""n_components"": 24}";63.247;63.22630748786638
Corn_Starch_80_ZhengChenPelegYbaseSplit;valid;1;SG_11_2_1+AreaNormalization;pls;"{""n_components"": 24}";63.466;63.40241459485372
Corn_Starch_80_ZhengChenPelegYbaseSplit;valid;1;SG_11_2_1+AreaNormalization;pls;"{""n_components"": 24}";63.823;63.8659577896762
Corn_Starch_80_ZhengChenPelegYbaseSplit;valid;1;SG_11_2_1+AreaNormalization;pls;"{""n_components"": 24}";63.913;63.76329663858761
Corn_Starch_80_ZhengChenPelegYbaseSplit;valid;1;SG_11_2_1+AreaNormalization;pls;"{""n_components"": 24}";64.266;63.79036872862097
Corn_Starch_80_ZhengChenPelegYbaseSplit;valid;1;SG_11_2_1+AreaNormalization;pls;"{""n_components"": 24}";64.367;64.35682640402712
Corn_Starch_80_ZhengChenPelegYbaseSplit;valid;1;SG_11_2_1+AreaNormalization;pls;"{""n_components"": 24}";64.42;64.55560791706105
Corn_Starch_80_ZhengChenPelegYbaseSplit;valid;1;SG_11_2_1+AreaNormalization;pls;"{""n_components"": 24}";64.544;64.50560681616186
Corn_Starch_80_ZhengChenPelegYbaseSplit;valid;1;SG_11_2_1+AreaNormalization;pls;"{""n_components"": 24}";64.574;64.66144482003034
Corn_Starch_80_ZhengChenPelegYbaseSplit;valid;1;SG_11_2_1+AreaNormalization;pls;"{""n_components"": 24}";64.787;64.75493616212661
Corn_Starch_80_ZhengChenPelegYbaseSplit;valid;1;SG_11_2_1+AreaNormalization;pls;"{""n_components"": 24}";64.806;64.81357474275073
Corn_Starch_80_ZhengChenPelegYbaseSplit;valid;1;SG_11_2_1+AreaNormalization;pls;"{""n_components"": 24}";64.838;64.66321780125541
Corn_Starch_80_ZhengChenPelegYbaseSplit;valid;1;SG_11_2_1+AreaNormalization;pls;"{""n_components"": 24}";64.915;64.87162031557489
Corn_Starch_80_ZhengChenPelegYbaseSplit;valid;1;SG_11_2_1+AreaNormalization;pls;"{""n_components"": 24}";65.193;65.12729070944728
Corn_Starch_80_ZhengChenPelegYbaseSplit;valid;1;SG_11_2_1+AreaNormalization;pls;"{""n_components"": 24}";65.371;65.53980485405735
Corn_Starch_80_ZhengChenPelegYbaseSplit;valid;1;SG_11_2_1+AreaNormalization;pls;"{""n_components"": 24}";65.374;65.26221733137326
Corn_Starch_80_ZhengChenPelegYbaseSplit;valid;1;SG_11_2_1+AreaNormalization;pls;"{""n_components"": 24}";65.427;65.40441416156673
Corn_Starch_80_ZhengChenPelegYbaseSplit;valid;1;SG_11_2_1+AreaNormalization;pls;"{""n_components"": 24}";65.437;65.32234271936846
Corn_Starch_80_ZhengChenPelegYbaseSplit;valid;1;SG_11_2_1+AreaNormalization;pls;"{""n_components"": 24}";65.547;65.51665214379656
Corn_Starch_80_ZhengChenPelegYbaseSplit;valid;1;SG_11_2_1+AreaNormalization;pls;"{""n_components"": 24}";65.72;65.67224669379215
Corn_Starch_80_ZhengChenPelegYbaseSplit;test;1;SG_11_2_1+AreaNormalization;pls;"{""n_components"": 24}";63.021;63.0549226417043
Corn_Starch_80_ZhengChenPelegYbaseSplit;test;1;SG_11_2_1+AreaNormalization;pls;"{""n_components"": 24}";63.356;63.224162562322505
Corn_Starch_80_ZhengChenPelegYbaseSplit;test;1;SG_11_2_1+AreaNormalization;pls;"{""n_components"": 24}";63.631;63.517121377833824
Corn_Starch_80_ZhengChenPelegYbaseSplit;test;1;SG_11_2_1+AreaNormalization;pls;"{""n_components"": 24}";64.148;64.40267771842439
Corn_Starch_80_ZhengChenPelegYbaseSplit;test;1;SG_11_2_1+AreaNormalization;pls;"{""n_components"": 24}";64.292;64.14231212318306
Corn_Starch_80_ZhengChenPelegYbaseSplit;test;1;SG_11_2_1+AreaNormalization;pls;"{""n_components"": 24}";64.539;64.12776834820696
Corn_Starch_80_ZhengChenPelegYbaseSplit;test;1;SG_11_2_1+AreaNormalization;pls;"{""n_components"": 24}";64.613;64.47089818549155
Corn_Starch_80_ZhengChenPelegYbaseSplit;test;1;SG_11_2_1+AreaNormalization;pls;"{""n_components"": 24}";64.757;64.6346466582215
Corn_Starch_80_ZhengChenPelegYbaseSplit;test;1;SG_11_2_1+AreaNormalization;pls;"{""n_components"": 24}";64.853;64.89387678259564
Corn_Starch_80_ZhengChenPelegYbaseSplit;test;1;SG_11_2_1+AreaNormalization;pls;"{""n_components"": 24}";64.933;64.85487091718934
Corn_Starch_80_ZhengChenPelegYbaseSplit;test;1;SG_11_2_1+AreaNormalization;pls;"{""n_components"": 24}";65.144;65.07310243500504
Corn_Starch_80_ZhengChenPelegYbaseSplit;test;1;SG_11_2_1+AreaNormalization;pls;"{""n_components"": 24}";65.233;65.25655007666795
Corn_Starch_80_ZhengChenPelegYbaseSplit;test;1;SG_11_2_1+AreaNormalization;pls;"{""n_components"": 24}";65.386;65.35767256364579
Corn_Starch_80_ZhengChenPelegYbaseSplit;test;1;SG_11_2_1+AreaNormalization;pls;"{""n_components"": 24}";65.519;65.60567202049405
Corn_Starch_80_ZhengChenPelegYbaseSplit;test;1;SG_11_2_1+AreaNormalization;pls;"{""n_components"": 24}";65.646;65.62804902012705
Corn_Starch_80_ZhengChenPelegYbaseSplit;test;1;SG_11_2_1+AreaNormalization;pls;"{""n_components"": 24}";65.841;65.5215624019207
Corn_Starch_80_ZhengChenPelegYbaseSplit;valid;2;SG_11_2_1+AreaNormalization;pls;"{""n_components"": 24}";63.099;63.13272111934088
Corn_Starch_80_ZhengChenPelegYbaseSplit;valid;2;SG_11_2_1+AreaNormalization;pls;"{""n_components"": 24}";63.263;63.318295408184184
Corn_Starch_80_ZhengChenPelegYbaseSplit;valid;2;SG_11_2_1+AreaNormalization;pls;"{""n_components"": 24}";63.416;63.28593554241701
Corn_Starch_80_ZhengChenPelegYbaseSplit;valid;2;SG_11_2_1+AreaNormalization;pls;"{""n_components"": 24}";63.513;63.45443548822715
Corn_Starch_80_ZhengChenPelegYbaseSplit;valid;2;SG_11_2_1+AreaNormalization;pls;"{""n_components"": 24}";64.131;64.35832927958529
Corn_Starch_80_ZhengChenPelegYbaseSplit;valid;2;SG_11_2_1+AreaNormalization;pls;"{""n_components"": 24}";64.464;64.6997912067575
Corn_Starch_80_ZhengChenPelegYbaseSplit;valid;2;SG_11_2_1+AreaNormalization;pls;"{""n_components"": 24}";64.582;65.05808516949821
Corn_Starch_80_ZhengChenPelegYbaseSplit;valid;2;SG_11_2_1+AreaNormalization;pls;"{""n_components"": 24}";64.62;64.74635039698302
Corn_Starch_80_ZhengChenPelegYbaseSplit;valid;2;SG_11_2_1+AreaNormalization;pls;"{""n_components"": 24}";64.656;64.61854655802834
Corn_Starch_80_ZhengChenPelegYbaseSplit;valid;2;SG_11_2_1+AreaNormalization;pls;"{""n_components"": 24}";64.851;64.77218864408134
Corn_Starch_80_ZhengChenPelegYbaseSplit;valid;2;SG_11_2_1+AreaNormalization;pls;"{""n_components"": 24}";64.923;65.12617032023788
Corn_Starch_80_ZhengChenPelegYbaseSplit;valid;2;SG_11_2_1+AreaNormalization;pls;"{""n_components"": 24}";65.104;65.2122262571755
Corn_Starch_80_ZhengChenPelegYbaseSplit;valid;2;SG_11_2_1+AreaNormalization;pls;"{""n_components"": 24}";65.115;65.04231709851784
Corn_Starch_80_ZhengChenPelegYbaseSplit;valid;2;SG_11_2_1+AreaNormalization;pls;"{""n_components"": 24}";65.209;65.36337063413556
Corn_Starch_80_ZhengChenPelegYbaseSplit;valid;2;SG_11_2_1+AreaNormalization;pls;"{""n_components"": 24}";65.337;65.3719594902477
Corn_Starch_80_ZhengChenPelegYbaseSplit;valid;2;SG_11_2_1+AreaNormalization;pls;"{""n_components"": 24}";65.474;65.4559071361651
Corn_Starch_80_ZhengChenPelegYbaseSplit;valid;2;SG_11_2_1+AreaNormalization;pls;"{""n_components"": 24}";65.524;65.61591476649133
Corn_Starch_80_ZhengChenPelegYbaseSplit;valid;2;SG_11_2_1+AreaNormalization;pls;"{""n_components"": 24}";65.601;65.35574253707321
Corn_Starch_80_ZhengChenPelegYbaseSplit;valid;2;SG_11_2_1+AreaNormalization;pls;"{""n_components"": 24}";65.795;65.57829090272296
Corn_Starch_80_ZhengChenPelegYbaseSplit;valid;2;SG_11_2_1+AreaNormalization;pls;"{""n_components"": 24}";65.808;65.80459886884447
Corn_Starch_80_ZhengChenPelegYbaseSplit;valid;2;SG_11_2_1+AreaNormalization;pls;"{""n_components"": 24}";66.472;65.86351516881433
Corn_Starch_80_ZhengChenPelegYbaseSplit;test;2;SG_11_2_1+AreaNormalization;pls;"{""n_components"": 24}";63.021;62.554507505652985
Corn_Starch_80_ZhengChenPelegYbaseSplit;test;2;SG_11_2_1+AreaNormalization;pls;"{""n_components"": 24}";63.356;63.18616816256925
Corn_Starch_80_ZhengChenPelegYbaseSplit;test;2;SG_11_2_1+AreaNormalization;pls;"{""n_components"": 24}";63.631;63.38245677629035
Corn_Starch_80_ZhengChenPelegYbaseSplit;test;2;SG_11_2_1+AreaNormalization;pls;"{""n_components"": 24}";64.148;64.31389504470634
Corn_Starch_80_ZhengChenPelegYbaseSplit;test;2;SG_11_2_1+AreaNormalization;pls;"{""n_components"": 24}";64.292;64.2105029705662
Corn_Starch_80_ZhengChenPelegYbaseSplit;test;2;SG_11_2_1+AreaNormalization;pls;"{""n_components"": 24}";64.539;64.42321418014082
Corn_Starch_80_ZhengChenPelegYbaseSplit;test;2;SG_11_2_1+AreaNormalization;pls;"{""n_components"": 24}";64.613;64.95355957200053
Corn_Starch_80_ZhengChenPelegYbaseSplit;test;2;SG_11_2_1+AreaNormalization;pls;"{""n_components"": 24}";64.757;64.67358382869378
Corn_Starch_80_ZhengChenPelegYbaseSplit;test;2;SG_11_2_1+AreaNormalization;pls;"{""n_components"": 24}";64.853;64.95625430055331
Corn_Starch_80_ZhengChenPelegYbaseSplit;test;2;SG_11_2_1+AreaNormalization;pls;"{""n_components"": 24}";64.933;64.87999751563305
Corn_Starch_80_ZhengChenPelegYbaseSplit;test;2;SG_11_2_1+AreaNormalization;pls;"{""n_components"": 24}";65.144;65.45752518548674
Corn_Starch_80_ZhengChenPelegYbaseSplit;test;2;SG_11_2_1+AreaNormalization;pls;"{""n_components"": 24}";65.233;65.67770172049416
Corn_Starch_80_ZhengChenPelegYbaseSplit;test;2;SG_11_2_1+AreaNormalization;pls;"{""n_components"": 24}";65.386;65.03105629074645
Corn_Starch_80_ZhengChenPelegYbaseSplit;test;2;SG_11_2_1+AreaNormalization;pls;"{""n_components"": 24}";65.519;65.42280220521776
Corn_Starch_80_ZhengChenPelegYbaseSplit;test;2;SG_11_2_1+AreaNormalization;pls;"{""n_components"": 24}";65.646;65.55944998600043
Corn_Starch_80_ZhengChenPelegYbaseSplit;test;2;SG_11_2_1+AreaNormalization;pls;"{""n_components"": 24}";65.841;65.70091364190475
Corn_Starch_80_ZhengChenPelegYbaseSplit;valid;0;SG_15_2_1;pls;"{""n_components"": 23}";62.884;63.03450945831922
Corn_Starch_80_ZhengChenPelegYbaseSplit;valid;0;SG_15_2_1;pls;"{""n_components"": 23}";63.246;63.14680241849571
Corn_Starch_80_ZhengChenPelegYbaseSplit;valid;0;SG_15_2_1;pls;"{""n_components"": 23}";63.567;63.59828525229533
Corn_Starch_80_ZhengChenPelegYbaseSplit;valid;0;SG_15_2_1;pls;"{""n_components"": 23}";63.784;63.594521326737876
Corn_Starch_80_ZhengChenPelegYbaseSplit;valid;0;SG_15_2_1;pls;"{""n_components"": 23}";64.253;64.32853199347504
Corn_Starch_80_ZhengChenPelegYbaseSplit;valid;0;SG_15_2_1;pls;"{""n_components"": 23}";64.261;64.36498805101738
Corn_Starch_80_ZhengChenPelegYbaseSplit;valid;0;SG_15_2_1;pls;"{""n_components"": 23}";64.287;64.156196066705
Corn_Starch_80_ZhengChenPelegYbaseSplit;valid;0;SG_15_2_1;pls;"{""n_components"": 23}";64.506;64.41621180596456
Corn_Starch_80_ZhengChenPelegYbaseSplit;valid;0;SG_15_2_1;pls;"{""n_components"": 23}";64.546;64.3710935293833
Corn_Starch_80_ZhengChenPelegYbaseSplit;valid;0;SG_15_2_1;pls;"{""n_components"": 23}";64.632;64.65927494561623
Corn_Starch_80_ZhengChenPelegYbaseSplit;valid;0;SG_15_2_1;pls;"{""n_components"": 23}";64.67;64.74256809701947
Corn_Starch_80_ZhengChenPelegYbaseSplit;valid;0;SG_15_2_1;pls;"{""n_components"": 23}";64.882;64.91679420315813
Corn_Starch_80_ZhengChenPelegYbaseSplit;valid;0;SG_15_2_1;pls;"{""n_components"": 23}";64.895;64.89996853786025
Corn_Starch_80_ZhengChenPelegYbaseSplit;valid;0;SG_15_2_1;pls;"{""n_components"": 23}";65.022;65.12975609558652
Corn_Starch_80_ZhengChenPelegYbaseSplit;valid;0;SG_15_2_1;pls;"{""n_components"": 23}";65.107;65.16850301043522
Corn_Starch_80_ZhengChenPelegYbaseSplit;valid;0;SG_15_2_1;pls;"{""n_components"": 23}";65.205;65.1057136275853
Corn_Starch_80_ZhengChenPelegYbaseSplit;valid;0;SG_15_2_1;pls;"{""n_components"": 23}";65.217;65.22136227982813
Corn_Starch_80_ZhengChenPelegYbaseSplit;valid;0;SG_15_2_1;pls;"{""n_components"": 23}";65.294;65.32617440997204
Corn_Starch_80_ZhengChenPelegYbaseSplit;valid;0;SG_15_2_1;pls;"{""n_components"": 23}";65.441;65.34856661409405
Corn_Starch_80_ZhengChenPelegYbaseSplit;valid;0;SG_15_2_1;pls;"{""n_components"": 23}";65.637;65.6014662566164
Corn_Starch_80_ZhengChenPelegYbaseSplit;valid;0;SG_15_2_1;pls;"{""n_components"": 23}";65.679;65.74659080534292
Corn_Starch_80_ZhengChenPelegYbaseSplit;valid;0;SG_15_2_1;pls;"{""n_components"": 23}";65.903;65.75381147539714
Corn_Starch_80_ZhengChenPelegYbaseSplit;test;0;SG_15_2_1;pls;"{""n_components"": 23}";63.021;62.92679472900305
Corn_Starch_80_ZhengChenPelegYbaseSplit;test;0;SG_15_2_1;pls;"{""n_components"": 23}";63.356;63.36270859163611
Corn_Starch_80_ZhengChenPelegYbaseSplit;test;0;SG_15_2_1;pls;"{""n_components"": 23}";63.631;63.485231616734005
Corn_Starch_80_ZhengChenPelegYbaseSplit;test;0;SG_15_2_1;pls;"{""n_components"": 23}";64.148;64.14843192906874
Corn_Starch_80_ZhengChenPelegYbaseSplit;test;0;SG_15_2_1;pls;"{""n_components"": 23}";64.292;64.33968372088235
Corn_Starch_80_ZhengChenPelegYbaseSplit;test;0;SG_15_2_1;pls;"{""n_components"": 23}";64.539;64.26900544854547
Corn_Starch_80_ZhengChenPelegYbaseSplit;test;0;SG_15_2_1;pls;"{""n_components"": 23}";64.613;64.70244673115923
Corn_Starch_80_ZhengChenPelegYbaseSplit;test;0;SG_15_2_1;pls;"{""n_components"": 23}";64.757;64.67954011809339
Corn_Starch_80_ZhengChenPelegYbaseSplit;test;0;SG_15_2_1;pls;"{""n_components"": 23}";64.853;64.95335753524743
Corn_Starch_80_ZhengChenPelegYbaseSplit;test;0;SG_15_2_1;pls;"{""n_components"": 23}";64.933;64.94765916912611
Corn_Starch_80_ZhengChenPelegYbaseSplit;test;0;SG_15_2_1;pls;"{""n_components"": 23}";65.144;65.24169924492914
Corn_Starch_80_ZhengChenPelegYbaseSplit;test;0;SG_15_2_1;pls;"{""n_components"": 23}";65.233;65.40227383551685
Corn_Starch_80_ZhengChenPelegYbaseSplit;test;0;SG_15_2_1;pls;"{""n_components"": 23}";65.386;65.37609577313894
Corn_Starch_80_ZhengChenPelegYbaseSplit;test;0;SG_15_2_1;pls;"{""n_components"": 23}";65.519;65.44134858194292
Corn_Starch_80_ZhengChenPelegYbaseSplit;test;0;SG_15_2_1;pls;"{""n_components"": 23}";65.646;65.75455302940472
Corn_Starch_80_ZhengChenPelegYbaseSplit;test;0;SG_15_2_1;pls;"{""n_components"": 23}";65.841;65.65290261968975
Corn_Starch_80_ZhengChenPelegYbaseSplit;valid;1;SG_15_2_1;pls;"{""n_components"": 23}";62.826;62.977661584342556
Corn_Starch_80_ZhengChenPelegYbaseSplit;valid;1;SG_15_2_1;pls;"{""n_components"": 23}";63.247;63.35611059356805
Corn_Starch_80_ZhengChenPelegYbaseSplit;valid;1;SG_15_2_1;pls;"{""n_components"": 23}";63.466;63.46455496403109
Corn_Starch_80_ZhengChenPelegYbaseSplit;valid;1;SG_15_2_1;pls;"{""n_components"": 23}";63.823;63.80393540561742
Corn_Starch_80_ZhengChenPelegYbaseSplit;valid;1;SG_15_2_1;pls;"{""n_components"": 23}";63.913;63.91938000071722
Corn_Starch_80_ZhengChenPelegYbaseSplit;valid;1;SG_15_2_1;pls;"{""n_components"": 23}";64.266;64.03994937995478
Corn_Starch_80_ZhengChenPelegYbaseSplit;valid;1;SG_15_2_1;pls;"{""n_components"": 23}";64.367;64.26304293853124
Corn_Starch_80_ZhengChenPelegYbaseSplit;valid;1;SG_15_2_1;pls;"{""n_components"": 23}";64.42;64.47966918584315
Corn_Starch_80_ZhengChenPelegYbaseSplit;valid;1;SG_15_2_1;pls;"{""n_components"": 23}";64.544;64.53588725537492
Corn_Starch_80_ZhengChenPelegYbaseSplit;valid;1;SG_15_2_1;pls;"{""n_components"": 23}";64.574;64.61344023771379
Corn_Starch_80_ZhengChenPelegYbaseSplit;valid;1;SG_15_2_1;pls;"{""n_components"": 23}";64.787;64.75564840963949
Corn_Starch_80_ZhengChenPelegYbaseSplit;valid;1;SG_15_2_1;pls;"{""n_components"": 23}";64.806;64.68712260572873
Corn_Starch_80_ZhengChenPelegYbaseSplit;valid;1;SG_15_2_1;pls;"{""n_components"": 23}";64.838;64.66456896484215
Corn_Starch_80_ZhengChenPelegYbaseSplit;valid;1;SG_15_2_1;pls;"{""n_components"": 23}";64.915;64.87781652239183
Corn_Starch_80_ZhengChenPelegYbaseSplit;valid;1;SG_15_2_1;pls;"{""n_components"": 23}";65.193;65.07310502111505
Corn_Starch_80_ZhengChenPelegYbaseSplit;valid;1;SG_15_2_1;pls;"{""n_components"": 23}";65.371;65.56399730164347
Corn_Starch_80_ZhengChenPelegYbaseSplit;valid;1;SG_15_2_1;pls;"{""n_components"": 23}";65.374;65.38939639985544
Corn_Starch_80_ZhengChenPelegYbaseSplit;valid;1;SG_15_2_1;pls;"{""n_components"": 23}";65.427;65.354806882433
Corn_Starch_80_ZhengChenPelegYbaseSplit;valid;1;SG_15_2_1;pls;"{""n_components"": 23}";65.437;65.45914046758996
Corn_Starch_80_ZhengChenPelegYbaseSplit;valid;1;SG_15_2_1;pls;"{""n_components"": 23}";65.547;65.45588256021546
Corn_Starch_80_ZhengChenPelegYbaseSplit;valid;1;SG_15_2_1;pls;"{""n_components"": 23}";65.72;65.61617045717152
Corn_Starch_80_ZhengChenPelegYbaseSplit;test;1;SG_15_2_1;pls;"{""n_components"": 23}";63.021;62.9439186983504
Corn_Starch_80_ZhengChenPelegYbaseSplit;test;1;SG_15_2_1;pls;"{""n_components"": 23}";63.356;63.23884308950546
Corn_Starch_80_ZhengChenPelegYbaseSplit;test;1;SG_15_2_1;pls;"{""n_components"": 23}";63.631;63.4967832773143
Corn_Starch_80_ZhengChenPelegYbaseSplit;test;1;SG_15_2_1;pls;"{""n_components"": 23}";64.148;64.3231577997292
Corn_Starch_80_ZhengChenPelegYbaseSplit;test;1;SG_15_2_1;pls;"{""n_components"": 23}";64.292;64.26517030221261
Corn_Starch_80_ZhengChenPelegYbaseSplit;test;1;SG_15_2_1;pls;"{""n_components"": 23}";64.539;64.21395141949624
Corn_Starch_80_ZhengChenPelegYbaseSplit;test;1;SG_15_2_1;pls;"{""n_components"": 23}";64.613;64.53405600173738
Corn_Starch_80_ZhengChenPelegYbaseSplit;test;1;SG_15_2_1;pls;"{""n_components"": 23}";64.757;64.57256701962788
Corn_Starch_80_ZhengChenPelegYbaseSplit;test;1;SG_15_2_1;pls;"{""n_components"": 23}";64.853;64.86091624608488
Corn_Starch_80_ZhengChenPelegYbaseSplit;test;1;SG_15_2_1;pls;"{""n_components"": 23}";64.933;64.93442362288803
Corn_Starch_80_ZhengChenPelegYbaseSplit;test;1;SG_15_2_1;pls;"{""n_components"": 23}";65.144;65.22075285954956
Corn_Starch_80_ZhengChenPelegYbaseSplit;test;1;SG_15_2_1;pls;"{""n_components"": 23}";65.233;65.37310766450511
Corn_Starch_80_ZhengChenPelegYbaseSplit;test;1;SG_15_2_1;pls;"{""n_components"": 23}";65.386;65.31490495954152
Corn_Starch_80_ZhengChenPelegYbaseSplit;test;1;SG_15_2_1;pls;"{""n_components"": 23}";65.519;65.36090697873672
Corn_Starch_80_ZhengChenPelegYbaseSplit;test;1;SG_15_2_1;pls;"{""n_components"": 23}";65.646;65.68381740007084
Corn_Starch_80_ZhengChenPelegYbaseSplit;test;1;SG_15_2_1;pls;"{""n_components"": 23}";65.841;65.5459332182228
Corn_Starch_80_ZhengChenPelegYbaseSplit;valid;2;SG_15_2_1;pls;"{""n_components"": 23}";63.099;63.13342490196367
Corn_Starch_80_ZhengChenPelegYbaseSplit;valid;2;SG_15_2_1;pls;"{""n_components"": 23}";63.263;63.44030389824785
Corn_Starch_80_ZhengChenPelegYbaseSplit;valid;2;SG_15_2_1;pls;"{""n_components"": 23}";63.416;63.22439265264626
Corn_Starch_80_ZhengChenPelegYbaseSplit;valid;2;SG_15_2_1;pls;"{""n_components"": 23}";63.513;63.52361907294006
Corn_Starch_80_ZhengChenPelegYbaseSplit;valid;2;SG_15_2_1;pls;"{""n_components"": 23}";64.131;64.42585018404846
Corn_Starch_80_ZhengChenPelegYbaseSplit;valid;2;SG_15_2_1;pls;"{""n_components"": 23}";64.464;64.61918157682136
Corn_Starch_80_ZhengChenPelegYbaseSplit;valid;2;SG_15_2_1;pls;"{""n_components"": 23}";64.582;65.05791911186556
Corn_Starch_80_ZhengChenPelegYbaseSplit;valid;2;SG_15_2_1;pls;"{""n_components"": 23}";64.62;64.82344699755929
Corn_Starch_80_ZhengChenPelegYbaseSplit;valid;2;SG_15_2_1;pls;"{""n_components"": 23}";64.656;64.6482055734798
Corn_Starch_80_ZhengChenPelegYbaseSplit;valid;2;SG_15_2_1;pls;"{""n_components"": 23}";64.851;64.6604794683726
Corn_Starch_80_ZhengChenPelegYbaseSplit;valid;2;SG_15_2_1;pls;"{""n_components"": 23}";64.923;65.06776837737173
Corn_Starch_80_ZhengChenPelegYbaseSplit;valid;2;SG_15_2_1;pls;"{""n_components"": 23}";65.104;65.04795815787857
Corn_Starch_80_ZhengChenPelegYbaseSplit;valid;2;SG_15_2_1;pls;"{""n_components"": 23}";65.115;65.10464533982268
Corn_Starch_80_ZhengChenPelegYbaseSplit;valid;2;SG_15_2_1;pls;"{""n_components"": 23}";65.209;65.38984303414291
Corn_Starch_80_ZhengChenPelegYbaseSplit;valid;2;SG_15_2_1;pls;"{""n_components"": 23}";65.337;65.3635245775278
Corn_Starch_80_ZhengChenPelegYbaseSplit;valid;2;SG_15_2_1;pls;"{""n_components"": 23}";65.474;65.39522517797361
Corn_Starch_80_ZhengChenPelegYbaseSplit;valid;2;SG_15_2_1;pls;"{""n_components"": 23}";65.524;65.76917658707667
Corn_Starch_80_ZhengChenPelegYbaseSplit;valid;2;SG_15_2_1;pls;"{""n_components"": 23}";65.601;65.45166359453106
Corn_Starch_80_ZhengChenPelegYbaseSplit;valid;2;SG_15_2_1;pls;"{""n_components"": 23}";65.795;65.68979473139954
Corn_Starch_80_ZhengChenPelegYbaseSplit;valid;2;SG_15_2_1;pls;"{""n_components"": 23}";65.808;65.8055921961047
Corn_Starch_80_ZhengChenPelegYbaseSplit;valid;2;SG_15_2_1;pls;"{""n_components"": 23}";66.472;66.19955725587265
Corn_Starch_80_ZhengChenPelegYbaseSplit;test;2;SG_15_2_1;pls;"{""n_components"": 23}";63.021;62.71127627735976
Corn_Starch_80_ZhengChenPelegYbaseSplit;test;2;SG_15_2_1;pls;"{""n_components"": 23}";63.356;63.27758691278033
Corn_Starch_80_ZhengChenPelegYbaseSplit;test;2;SG_15_2_1;pls;"{""n_components"": 23}";63.631;63.37067158885624
Corn_Starch_80_ZhengChenPelegYbaseSplit;test;2;SG_15_2_1;pls;"{""n_components"": 23}";64.148;64.37436284824501
Corn_Starch_80_ZhengChenPelegYbaseSplit;test;2;SG_15_2_1;pls;"{""n_components"": 23}";64.292;64.20454649207844
Corn_Starch_80_ZhengChenPelegYbaseSplit;test;2;SG_15_2_1;pls;"{""n_components"": 23}";64.539;64.35899377347688
Corn_Starch_80_ZhengChenPelegYbaseSplit;test;2;SG_15_2_1;pls;"{""n_components"": 23}";64.613;64.99853348465567
Corn_Starch_80_ZhengChenPelegYbaseSplit;test;2;SG_15_2_1;pls;"{""n_components"": 23}";64.757;64.66753851188705
Corn_Starch_80_ZhengChenPelegYbaseSplit;test;2;SG_15_2_1;pls;"{""n_components"": 23}";64.853;64.87338571540694
Corn_Starch_80_ZhengChenPelegYbaseSplit;test;2;SG_15_2_1;pls;"{""n_components"": 23}";64.933;64.8719073933698
Corn_Starch_80_ZhengChenPelegYbaseSplit;test;2;SG_15_2_1;pls;"{""n_components"": 23}";65.144;65.4111763243808
Corn_Starch_80_ZhengChenPelegYbaseSplit;test;2;SG_15_2_1;pls;"{""n_components"": 23}";65.233;65.72473450654958
Corn_Starch_80_ZhengChenPelegYbaseSplit;test;2;SG_15_2_1;pls;"{""n_components"": 23}";65.386;65.16374344686078
Corn_Starch_80_ZhengChenPelegYbaseSplit;test;2;SG_15_2_1;pls;"{""n_components"": 23}";65.519;65.46776237333818
Corn_Starch_80_ZhengChenPelegYbaseSplit;test;2;SG_15_2_1;pls;"{""n_components"": 23}";65.646;65.70905701875701
Corn_Starch_80_ZhengChenPelegYbaseSplit;test;2;SG_15_2_1;pls;"{""n_components"": 23}";65.841;65.66529872919045
Corn_Starch_80_ZhengChenPelegYbaseSplit;valid;0;SG_15_2_1+Haar;pls;"{""n_components"": 14}";62.884;63.03677172635547
Corn_Starch_80_ZhengChenPelegYbaseSplit;valid;0;SG_15_2_1+Haar;pls;"{""n_components"": 14}";63.246;63.245934446297134
Corn_Starch_80_ZhengChenPelegYbaseSplit;valid;0;SG_15_2_1+Haar;pls;"{""n_components"": 14}";63.567;63.57626566122304
Corn_Starch_80_ZhengChenPelegYbaseSplit;valid;0;SG_15_2_1+Haar;pls;"{""n_components"": 14}";63.784;63.467553717487796
Corn_Starch_80_ZhengChenPelegYbaseSplit;valid;0;SG_15_2_1+Haar;pls;"{""n_components"": 14}";64.253;64.39014464310493
Corn_Starch_80_ZhengChenPelegYbaseSplit;valid;0;SG_15_2_1+Haar;pls;"{""n_components"": 14}";64.261;64.52988198529847
Corn_Starch_80_ZhengChenPelegYbaseSplit;valid;0;SG_15_2_1+Haar;pls;"{""n_components"": 14}";64.287;64.21212681718683
Corn_Starch_80_ZhengChenPelegYbaseSplit;valid;0;SG_15_2_1+Haar;pls;"{""n_components"": 14}";64.506;64.42892716442073
Corn_Starch_80_ZhengChenPelegYbaseSplit;valid;0;SG_15_2_1+Haar;pls;"{""n_components"": 14}";64.546;64.58091192294737
Corn_Starch_80_ZhengChenPelegYbaseSplit;valid;0;SG_15_2_1+Haar;pls;"{""n_components"": 14}";64.632;64.69917481713962
Corn_Starch_80_ZhengChenPelegYbaseSplit;valid;0;SG_15_2_1+Haar;pls;"{""n_components"": 14}";64.67;64.6732671899726
Corn_Starch_80_ZhengChenPelegYbaseSplit;valid;0;SG_15_2_1+Haar;pls;"{""n_components"": 14}";64.882;64.86364559246933
Corn_Starch_80_ZhengChenPelegYbaseSplit;valid;0;SG_15_2_1+Haar;pls;"{""n_components"": 14}";64.895;64.81021987755418
Corn_Starch_80_ZhengChenPelegYbaseSplit;valid;0;SG_15_2_1+Haar;pls;"{""n_components"": 14}";65.022;65.15513929532156
Corn_Starch_80_ZhengChenPelegYbaseSplit;valid;0;SG_15_2_1+Haar;pls;"{""n_components"": 14}";65.107;65.16388618782125
Corn_Starch_80_ZhengChenPelegYbaseSplit;valid;0;SG_15_2_1+Haar;pls;"{""n_components"": 14}";65.205;65.2755200914048
Corn_Starch_80_ZhengChenPelegYbaseSplit;valid;0;SG_15_2_1+Haar;pls;"{""n_components"": 14}";65.217;65.29635844105859
Corn_Starch_80_ZhengChenPelegYbaseSplit;valid;0;SG_15_2_1+Haar;pls;"{""n_components"": 14}";65.294;65.2875721314767
Corn_Starch_80_ZhengChenPelegYbaseSplit;valid;0;SG_15_2_1+Haar;pls;"{""n_components"": 14}";65.441;65.36964314268911
Corn_Starch_80_ZhengChenPelegYbaseSplit;valid;0;SG_15_2_1+Haar;pls;"{""n_components"": 14}";65.637;65.49754146356108
Corn_Starch_80_ZhengChenPelegYbaseSplit;valid;0;SG_15_2_1+Haar;pls;"{""n_components"": 14}";65.679;65.51234346432784
Corn_Starch_80_ZhengChenPelegYbaseSplit;valid;0;SG_15_2_1+Haar;pls;"{""n_components"": 14}";65.903;65.82676061887922
Corn_Starch_80_ZhengChenPelegYbaseSplit;test;0;SG_15_2_1+Haar;pls;"{""n_components"": 14}";63.021;63.089511132477824
Corn_Starch_80_ZhengChenPelegYbaseSplit;test;0;SG_15_2_1+Haar;pls;"{""n_components"": 14}";63.356;63.27252317908224
Corn_Starch_80_ZhengChenPelegYbaseSplit;test;0;SG_15_2_1+Haar;pls;"{""n_components"": 14}";63.631;63.497419157328295
Corn_Starch_80_ZhengChenPelegYbaseSplit;test;0;SG_15_2_1+Haar;pls;"{""n_components"": 14}";64.148;64.17411396318329
Corn_Starch_80_ZhengChenPelegYbaseSplit;test;0;SG_15_2_1+Haar;pls;"{""n_components"": 14}";64.292;64.31055577745012
Corn_Starch_80_ZhengChenPelegYbaseSplit;test;0;SG_15_2_1+Haar;pls;"{""n_components"": 14}";64.539;64.26302522473131
Corn_Starch_80_ZhengChenPelegYbaseSplit;test;0;SG_15_2_1+Haar;pls;"{""n_components"": 14}";64.613;64.88249604908928
Corn_Starch_80_ZhengChenPelegYbaseSplit;test;0;SG_15_2_1+Haar;pls;"{""n_components"": 14}";64.757;64.59120557339851
Corn_Starch_80_ZhengChenPelegYbaseSplit;test;0;SG_15_2_1+Haar;pls;"{""n_components"": 14}";64.853;64.98107585583442
Corn_Starch_80_ZhengChenPelegYbaseSplit;test;0;SG_15_2_1+Haar;pls;"{""n_components"": 14}";64.933;64.83356779060071
Corn_Starch_80_ZhengChenPelegYbaseSplit;test;0;SG_15_2_1+Haar;pls;"{""n_components"": 14}";65.144;65.15080400920552
Corn_Starch_80_ZhengChenPelegYbaseSplit;test;0;SG_15_2_1+Haar;pls;"{""n_components"": 14}";65.233;65.48276596900385
Corn_Starch_80_ZhengChenPelegYbaseSplit;test;0;SG_15_2_1+Haar;pls;"{""n_components"": 14}";65.386;65.27025195507942
Corn_Starch_80_ZhengChenPelegYbaseSplit;test;0;SG_15_2_1+Haar;pls;"{""n_components"": 14}";65.519;65.62351169904863
Corn_Starch_80_ZhengChenPelegYbaseSplit;test;0;SG_15_2_1+Haar;pls;"{""n_components"": 14}";65.646;65.63159415068343
Corn_Starch_80_ZhengChenPelegYbaseSplit;test;0;SG_15_2_1+Haar;pls;"{""n_components"": 14}";65.841;65.53183445846253
Corn_Starch_80_ZhengChenPelegYbaseSplit;valid;1;SG_15_2_1+Haar;pls;"{""n_components"": 14}";62.826;63.036486246562475
Corn_Starch_80_ZhengChenPelegYbaseSplit;valid;1;SG_15_2_1+Haar;pls;"{""n_components"": 14}";63.247;63.43804523808175
Corn_Starch_80_ZhengChenPelegYbaseSplit;valid;1;SG_15_2_1+Haar;pls;"{""n_components"": 14}";63.466;63.5380318599799
Corn_Starch_80_ZhengChenPelegYbaseSplit;valid;1;SG_15_2_1+Haar;pls;"{""n_components"": 14}";63.823;63.81852428458368
Corn_Starch_80_ZhengChenPelegYbaseSplit;valid;1;SG_15_2_1+Haar;pls;"{""n_components"": 14}";63.913;63.76852138206989
Corn_Starch_80_ZhengChenPelegYbaseSplit;valid;1;SG_15_2_1+Haar;pls;"{""n_components"": 14}";64.266;63.959143319239864
Corn_Starch_80_ZhengChenPelegYbaseSplit;valid;1;SG_15_2_1+Haar;pls;"{""n_components"": 14}";64.367;64.24268627338132
Corn_Starch_80_ZhengChenPelegYbaseSplit;valid;1;SG_15_2_1+Haar;pls;"{""n_components"": 14}";64.42;64.47397477927136
Corn_Starch_80_ZhengChenPelegYbaseSplit;valid;1;SG_15_2_1+Haar;pls;"{""n_components"": 14}";64.544;64.54188783947771
Corn_Starch_80_ZhengChenPelegYbaseSplit;valid;1;SG_15_2_1+Haar;pls;"{""n_components"": 14}";64.574;64.5380892557267
Corn_Starch_80_ZhengChenPelegYbaseSplit;valid;1;SG_15_2_1+Haar;pls;"{""n_components"": 14}";64.787;64.58340702982687
Corn_Starch_80_ZhengChenPelegYbaseSplit;valid;1;SG_15_2_1+Haar;pls;"{""n_components"": 14}";64.806;64.3189516820404
Corn_Starch_80_ZhengChenPelegYbaseSplit;valid;1;SG_15_2_1+Haar;pls;"{""n_components"": 14}";64.838;64.46653989055565
Corn_Starch_80_ZhengChenPelegYbaseSplit;valid;1;SG_15_2_1+Haar;pls;"{""n_components"": 14}";64.915;64.74933339733415
Corn_Starch_80_ZhengChenPelegYbaseSplit;valid;1;SG_15_2_1+Haar;pls;"{""n_components"": 14}";65.193;65.02257522250488
Corn_Starch_80_ZhengChenPelegYbaseSplit;valid;1;SG_15_2_1+Haar;pls;"{""n_components"": 14}";65.371;65.54486137352798
Corn_Starch_80_ZhengChenPelegYbaseSplit;valid;1;SG_15_2_1+Haar;pls;"{""n_components"": 14}";65.374;65.3036470838008
Corn_Starch_80_ZhengChenPelegYbaseSplit;valid;1;SG_15_2_1+Haar;pls;"{""n_components"": 14}";65.427;65.30804239688437
Corn_Starch_80_ZhengChenPelegYbaseSplit;valid;1;SG_15_2_1+Haar;pls;"{""n_components"": 14}";65.437;65.42691345815923
Corn_Starch_80_ZhengChenPelegYbaseSplit;valid;1;SG_15_2_1+Haar;pls;"{""n_components"": 14}";65.547;65.57965880019243
Corn_Starch_80_ZhengChenPelegYbaseSplit;valid;1;SG_15_2_1+Haar;pls;"{""n_components"": 14}";65.72;65.50303674398793
Corn_Starch_80_ZhengChenPelegYbaseSplit;test;1;SG_15_2_1+Haar;pls;"{""n_components"": 14}";63.021;63.05483579478391
Corn_Starch_80_ZhengChenPelegYbaseSplit;test;1;SG_15_2_1+Haar;pls;"{""n_components"": 14}";63.356;63.25162119988389
Corn_Starch_80_ZhengChenPelegYbaseSplit;test;1;SG_15_2_1+Haar;pls;"{""n_components"": 14}";63.631;63.41532937520829
Corn_Starch_80_ZhengChenPelegYbaseSplit;test;1;SG_15_2_1+Haar;pls;"{""n_components"": 14}";64.148;64.32823665566849
Corn_Starch_80_ZhengChenPelegYbaseSplit;test;1;SG_15_2_1+Haar;pls;"{""n_components"": 14}";64.292;64.24392024619641
Corn_Starch_80_ZhengChenPelegYbaseSplit;test;1;SG_15_2_1+Haar;pls;"{""n_components"": 14}";64.539;64.09971431303609
Corn_Starch_80_ZhengChenPelegYbaseSplit;test;1;SG_15_2_1+Haar;pls;"{""n_components"": 14}";64.613;64.88864759435302
Corn_Starch_80_ZhengChenPelegYbaseSplit;test;1;SG_15_2_1+Haar;pls;"{""n_components"": 14}";64.757;64.1997240559802
Corn_Starch_80_ZhengChenPelegYbaseSplit;test;1;SG_15_2_1+Haar;pls;"{""n_components"": 14}";64.853;64.96376759251234
Corn_Starch_80_ZhengChenPelegYbaseSplit;test;1;SG_15_2_1+Haar;pls;"{""n_components"": 14}";64.933;64.72030749697274
Corn_Starch_80_ZhengChenPelegYbaseSplit;test;1;SG_15_2_1+Haar;pls;"{""n_components"": 14}";65.144;65.089051521648
Corn_Starch_80_ZhengChenPelegYbaseSplit;test;1;SG_15_2_1+Haar;pls;"{""n_components"": 14}";65.233;65.24981548336297
Corn_Starch_80_ZhengChenPelegYbaseSplit;test;1;SG_15_2_1+Haar;pls;"{""n_components"": 14}";65.386;65.28419728972464
Corn_Starch_80_ZhengChenPelegYbaseSplit;test;1;SG_15_2_1+Haar;pls;"{""n_components"": 14}";65.519;65.46163769220868
Corn_Starch_80_ZhengChenPelegYbaseSplit;test;1;SG_15_2_1+Haar;pls;"{""n_components"": 14}";65.646;65.64915230639654
Corn_Starch_80_ZhengChenPelegYbaseSplit;test;1;SG_15_2_1+Haar;pls;"{""n_components"": 14}";65.841;65.50566963084829
Corn_Starch_80_ZhengChenPelegYbaseSplit;valid;2;SG_15_2_1+Haar;pls;"{""n_components"": 14}";63.099;63.043710326497624
Corn_Starch_80_ZhengChenPelegYbaseSplit;valid;2;SG_15_2_1+Haar;pls;"{""n_components"": 14}";63.263;63.49904921906294
Corn_Starch_80_ZhengChenPelegYbaseSplit;valid;2;SG_15_2_1+Haar;pls;"{""n_components"": 14}";63.416;63.39686485860838
Corn_Starch_80_ZhengChenPelegYbaseSplit;valid;2;SG_15_2_1+Haar;pls;"{""n_components"": 14}";63.513;63.361233269297415
Corn_Starch_80_ZhengChenPelegYbaseSplit;valid;2;SG_15_2_1+Haar;pls;"{""n_components"": 14}";64.131;64.39913469225273
Corn_Starch_80_ZhengChenPelegYbaseSplit;valid;2;SG_15_2_1+Haar;pls;"{""n_components"": 14}";64.464;64.93615807597524
Corn_Starch_80_ZhengChenPelegYbaseSplit;valid;2;SG_15_2_1+Haar;pls;"{""n_components"": 14}";64.582;65.1254427386747
Corn_Starch_80_ZhengChenPelegYbaseSplit;valid;2;SG_15_2_1+Haar;pls;"{""n_components"": 14}";64.62;64.74700233713281
Corn_Starch_80_ZhengChenPelegYbaseSplit;valid;2;SG_15_2_1+Haar;pls;"{""n_components"": 14}";64.656;64.59994648138893
Corn_Starch_80_ZhengChenPelegYbaseSplit;valid;2;SG_15_2_1+Haar;pls;"{""n_components"": 14}";64.851;64.46040730387239
Corn_Starch_80_ZhengChenPelegYbaseSplit;valid;2;SG_15_2_1+Haar;pls;"{""n_components"": 14}";64.923;65.37896665904329
Corn_Starch_80_ZhengChenPelegYbaseSplit;valid;2;SG_15_2_1+Haar;pls;"{""n_components"": 14}";65.104;65.11383859141087
Corn_Starch_80_ZhengChenPelegYbaseSplit;valid;2;SG_15_2_1+Haar;pls;"{""n_components"": 14}";65.115;65.11035241310483
Corn_Starch_80_ZhengChenPelegYbaseSplit;valid;2;SG_15_2_1+Haar;pls;"{""n_components"": 14}";65.209;65.4911863064832
Corn_Starch_80_ZhengChenPelegYbaseSplit;valid;2;SG_15_2_1+Haar;pls;"{""n_components"": 14}";65.337;65.39245405560762
Corn_Starch_80_ZhengChenPelegYbaseSplit;valid;2;SG_15_2_1+Haar;pls;"{""n_components"": 14}";65.474;65.41334917957909
Corn_Starch_80_ZhengChenPelegYbaseSplit;valid;2;SG_15_2_1+Haar;pls;"{""n_components"": 14}";65.524;65.61705157104062
Corn_Starch_80_ZhengChenPelegYbaseSplit;valid;2;SG_15_2_1+Haar;pls;"{""n_components"": 14}";65.601;65.36300505188302
Corn_Starch_80_ZhengChenPelegYbaseSplit;valid;2;SG_15_2_1+Haar;pls;"{""n_components"": 14}";65.795;65.68138435282489
Corn_Starch_80_ZhengChenPelegYbaseSplit;valid;2;SG_15_2_1+Haar;pls;"{""n_components"": 14}";65.808;65.73451365454477
Corn_Starch_80_ZhengChenPelegYbaseSplit;valid;2;SG_15_2_1+Haar;pls;"{""n_components"": 14}";66.472;65.71806917271758
Corn_Starch_80_ZhengChenPelegYbaseSplit;test;2;SG_15_2_1+Haar;pls;"{""n_components"": 14}";63.021;62.77265137410629
Corn_Starch_80_ZhengChenPelegYbaseSplit;test;2;SG_15_2_1+Haar;pls;"{""n_components"": 14}";63.356;63.19665627377531
Corn_Starch_80_ZhengChenPelegYbaseSplit;test;2;SG_15_2_1+Haar;pls;"{""n_components"": 14}";63.631;63.22990710507745
Corn_Starch_80_ZhengChenPelegYbaseSplit;test;2;SG_15_2_1+Haar;pls;"{""n_components"": 14}";64.148;64.27060685569985
Corn_Starch_80_ZhengChenPelegYbaseSplit;test;2;SG_15_2_1+Haar;pls;"{""n_components"": 14}";64.292;64.26303742155667
Corn_Starch_80_ZhengChenPelegYbaseSplit;test;2;SG_15_2_1+Haar;pls;"{""n_components"": 14}";64.539;64.3878739136743
Corn_Starch_80_ZhengChenPelegYbaseSplit;test;2;SG_15_2_1+Haar;pls;"{""n_components"": 14}";64.613;65.33233391843858
Corn_Starch_80_ZhengChenPelegYbaseSplit;test;2;SG_15_2_1+Haar;pls;"{""n_components"": 14}";64.757;64.62148386375324
Corn_Starch_80_ZhengChenPelegYbaseSplit;test;2;SG_15_2_1+Haar;pls;"{""n_components"": 14}";64.853;65.13045222614915
Corn_Starch_80_ZhengChenPelegYbaseSplit;test;2;SG_15_2_1+Haar;pls;"{""n_components"": 14}";64.933;64.73307465590263
Corn_Starch_80_ZhengChenPelegYbaseSplit;test;2;SG_15_2_1+Haar;pls;"{""n_components"": 14}";65.144;65.50090801654005
Corn_Starch_80_ZhengChenPelegYbaseSplit;test;2;SG_15_2_1+Haar;pls;"{""n_components"": 14}";65.233;65.68316343273754
Corn_Starch_80_ZhengChenPelegYbaseSplit;test;2;SG_15_2_1+Haar;pls;"{""n_components"": 14}";65.386;64.92848436617467
Corn_Starch_80_ZhengChenPelegYbaseSplit;test;2;SG_15_2_1+Haar;pls;"{""n_components"": 14}";65.519;65.33051905282281
Corn_Starch_80_ZhengChenPelegYbaseSplit;test;2;SG_15_2_1+Haar;pls;"{""n_components"": 14}";65.646;65.59306821700787
Corn_Starch_80_ZhengChenPelegYbaseSplit;test;2;SG_15_2_1+Haar;pls;"{""n_components"": 14}";65.841;65.7045748333301
Corn_Starch_80_ZhengChenPelegYbaseSplit;valid;0;SG_15_2_1+AreaNormalization;pls;"{""n_components"": 28}";62.884;62.76927455082739
Corn_Starch_80_ZhengChenPelegYbaseSplit;valid;0;SG_15_2_1+AreaNormalization;pls;"{""n_components"": 28}";63.246;63.29708393652851
Corn_Starch_80_ZhengChenPelegYbaseSplit;valid;0;SG_15_2_1+AreaNormalization;pls;"{""n_components"": 28}";63.567;63.62633904162489
Corn_Starch_80_ZhengChenPelegYbaseSplit;valid;0;SG_15_2_1+AreaNormalization;pls;"{""n_components"": 28}";63.784;63.489751503689796
Corn_Starch_80_ZhengChenPelegYbaseSplit;valid;0;SG_15_2_1+AreaNormalization;pls;"{""n_components"": 28}";64.253;64.37458821330952
Corn_Starch_80_ZhengChenPelegYbaseSplit;valid;0;SG_15_2_1+AreaNormalization;pls;"{""n_components"": 28}";64.261;64.26775787277388
Corn_Starch_80_ZhengChenPelegYbaseSplit;valid;0;SG_15_2_1+AreaNormalization;pls;"{""n_components"": 28}";64.287;64.18326915793003
Corn_Starch_80_ZhengChenPelegYbaseSplit;valid;0;SG_15_2_1+AreaNormalization;pls;"{""n_components"": 28}";64.506;64.34089526444565
Corn_Starch_80_ZhengChenPelegYbaseSplit;valid;0;SG_15_2_1+AreaNormalization;pls;"{""n_components"": 28}";64.546;64.37718569398022
Corn_Starch_80_ZhengChenPelegYbaseSplit;valid;0;SG_15_2_1+AreaNormalization;pls;"{""n_components"": 28}";64.632;64.65531442243103
Corn_Starch_80_ZhengChenPelegYbaseSplit;valid;0;SG_15_2_1+AreaNormalization;pls;"{""n_components"": 28}";64.67;64.68980533380956
Corn_Starch_80_ZhengChenPelegYbaseSplit;valid;0;SG_15_2_1+AreaNormalization;pls;"{""n_components"": 28}";64.882;64.83788922971449
Corn_Starch_80_ZhengChenPelegYbaseSplit;valid;0;SG_15_2_1+AreaNormalization;pls;"{""n_components"": 28}";64.895;64.91967955996215
Corn_Starch_80_ZhengChenPelegYbaseSplit;valid;0;SG_15_2_1+AreaNormalization;pls;"{""n_components"": 28}";65.022;65.20181103673792
Corn_Starch_80_ZhengChenPelegYbaseSplit;valid;0;SG_15_2_1+AreaNormalization;pls;"{""n_components"": 28}";65.107;65.17653320053661
Corn_Starch_80_ZhengChenPelegYbaseSplit;valid;0;SG_15_2_1+AreaNormalization;pls;"{""n_components"": 28}";65.205;65.20824379624763
Corn_Starch_80_ZhengChenPelegYbaseSplit;valid;0;SG_15_2_1+AreaNormalization;pls;"{""n_components"": 28}";65.217;65.34225489519928
Corn_Starch_80_ZhengChenPelegYbaseSplit;valid;0;SG_15_2_1+AreaNormalization;pls;"{""n_components"": 28}";65.294;65.35924114194168
Corn_Starch_80_ZhengChenPelegYbaseSplit;valid;0;SG_15_2_1+AreaNormalization;pls;"{""n_components"": 28}";65.441;65.36999096625156
Corn_Starch_80_ZhengChenPelegYbaseSplit;valid;0;SG_15_2_1+AreaNormalization;pls;"{""n_components"": 28}";65.637;65.49952644896462
Corn_Starch_80_ZhengChenPelegYbaseSplit;valid;0;SG_15_2_1+AreaNormalization;pls;"{""n_components"": 28}";65.679;65.7319704388511
Corn_Starch_80_ZhengChenPelegYbaseSplit;valid;0;SG_15_2_1+AreaNormalization;pls;"{""n_components"": 28}";65.903;65.55076732309361
Corn_Starch_80_ZhengChenPelegYbaseSplit;test;0;SG_15_2_1+AreaNormalization;pls;"{""n_components"": 28}";63.021;62.886681258509114
Corn_Starch_80_ZhengChenPelegYbaseSplit;test;0;SG_15_2_1+AreaNormalization;pls;"{""n_components"": 28}";63.356;63.32306534664982
Corn_Starch_80_ZhengChenPelegYbaseSplit;test;0;SG_15_2_1+AreaNormalization;pls;"{""n_components"": 28}";63.631;63.55024189118173
Corn_Starch_80_ZhengChenPelegYbaseSplit;test;0;SG_15_2_1+AreaNormalization;pls;"{""n_components"": 28}";64.148;64.21030479275747
Corn_Starch_80_ZhengChenPelegYbaseSplit;test;0;SG_15_2_1+AreaNormalization;pls;"{""n_components"": 28}";64.292;64.25905445959872
Corn_Starch_80_ZhengChenPelegYbaseSplit;test;0;SG_15_2_1+AreaNormalization;pls;"{""n_components"": 28}";64.539;64.2608377410183
Corn_Starch_80_ZhengChenPelegYbaseSplit;test;0;SG_15_2_1+AreaNormalization;pls;"{""n_components"": 28}";64.613;64.71051121833554
Corn_Starch_80_ZhengChenPelegYbaseSplit;test;0;SG_15_2_1+AreaNormalization;pls;"{""n_components"": 28}";64.757;64.66633680342719
Corn_Starch_80_ZhengChenPelegYbaseSplit;test;0;SG_15_2_1+AreaNormalization;pls;"{""n_components"": 28}";64.853;64.81124776073311
Corn_Starch_80_ZhengChenPelegYbaseSplit;test;0;SG_15_2_1+AreaNormalization;pls;"{""n_components"": 28}";64.933;64.90475245642858
Corn_Starch_80_ZhengChenPelegYbaseSplit;test;0;SG_15_2_1+AreaNormalization;pls;"{""n_components"": 28}";65.144;65.0896321533187
Corn_Starch_80_ZhengChenPelegYbaseSplit;test;0;SG_15_2_1+AreaNormalization;pls;"{""n_components"": 28}";65.233;65.33146644943334
Corn_Starch_80_ZhengChenPelegYbaseSplit;test;0;SG_15_2_1+AreaNormalization;pls;"{""n_components"": 28}";65.386;65.35825539519655
Corn_Starch_80_ZhengChenPelegYbaseSplit;test;0;SG_15_2_1+AreaNormalization;pls;"{""n_components"": 28}";65.519;65.56755331964325
Corn_Starch_80_ZhengChenPelegYbaseSplit;test;0;SG_15_2_1+AreaNormalization;pls;"{""n_components"": 28}";65.646;65.73570138114324
Corn_Starch_80_ZhengChenPelegYbaseSplit;test;0;SG_15_2_1+AreaNormalization;pls;"{""n_components"": 28}";65.841;65.7969420547253
Corn_Starch_80_ZhengChenPelegYbaseSplit;valid;1;SG_15_2_1+AreaNormalization;pls;"{""n_components"": 28}";62.826;62.95136297172396
Corn_Starch_80_ZhengChenPelegYbaseSplit;valid;1;SG_15_2_1+AreaNormalization;pls;"{""n_components"": 28}";63.247;63.24300727538168
Corn_Starch_80_ZhengChenPelegYbaseSplit;valid;1;SG_15_2_1+AreaNormalization;pls;"{""n_components"": 28}";63.466;63.397400012011616
Corn_Starch_80_ZhengChenPelegYbaseSplit;valid;1;SG_15_2_1+AreaNormalization;pls;"{""n_components"": 28}";63.823;63.866711964568616
Corn_Starch_80_ZhengChenPelegYbaseSplit;valid;1;SG_15_2_1+AreaNormalization;pls;"{""n_components"": 28}";63.913;63.759372876222734
Corn_Starch_80_ZhengChenPelegYbaseSplit;valid;1;SG_15_2_1+AreaNormalization;pls;"{""n_components"": 28}";64.266;63.85785300730921
Corn_Starch_80_ZhengChenPelegYbaseSplit;valid;1;SG_15_2_1+AreaNormalization;pls;"{""n_components"": 28}";64.367;64.36401864807146
Corn_Starch_80_ZhengChenPelegYbaseSplit;valid;1;SG_15_2_1+AreaNormalization;pls;"{""n_components"": 28}";64.42;64.58232084232257
Corn_Starch_80_ZhengChenPelegYbaseSplit;valid;1;SG_15_2_1+AreaNormalization;pls;"{""n_components"": 28}";64.544;64.5179092190409
Corn_Starch_80_ZhengChenPelegYbaseSplit;valid;1;SG_15_2_1+AreaNormalization;pls;"{""n_components"": 28}";64.574;64.56717728067555
Corn_Starch_80_ZhengChenPelegYbaseSplit;valid;1;SG_15_2_1+AreaNormalization;pls;"{""n_components"": 28}";64.787;64.74379289043442
Corn_Starch_80_ZhengChenPelegYbaseSplit;valid;1;SG_15_2_1+AreaNormalization;pls;"{""n_components"": 28}";64.806;64.86616440553595
Corn_Starch_80_ZhengChenPelegYbaseSplit;valid;1;SG_15_2_1+AreaNormalization;pls;"{""n_components"": 28}";64.838;64.59157122682026
Corn_Starch_80_ZhengChenPelegYbaseSplit;valid;1;SG_15_2_1+AreaNormalization;pls;"{""n_components"": 28}";64.915;64.86977221994137
Corn_Starch_80_ZhengChenPelegYbaseSplit;valid;1;SG_15_2_1+AreaNormalization;pls;"{""n_components"": 28}";65.193;65.10333609750894
Corn_Starch_80_ZhengChenPelegYbaseSplit;valid;1;SG_15_2_1+AreaNormalization;pls;"{""n_components"": 28}";65.371;65.51521755025348
Corn_Starch_80_ZhengChenPelegYbaseSplit;valid;1;SG_15_2_1+AreaNormalization;pls;"{""n_components"": 28}";65.374;65.26096385570045
Corn_Starch_80_ZhengChenPelegYbaseSplit;valid;1;SG_15_2_1+AreaNormalization;pls;"{""n_components"": 28}";65.427;65.41685127310835
Corn_Starch_80_ZhengChenPelegYbaseSplit;valid;1;SG_15_2_1+AreaNormalization;pls;"{""n_components"": 28}";65.437;65.2625067247172
Corn_Starch_80_ZhengChenPelegYbaseSplit;valid;1;SG_15_2_1+AreaNormalization;pls;"{""n_components"": 28}";65.547;65.49244394789196
Corn_Starch_80_ZhengChenPelegYbaseSplit;valid;1;SG_15_2_1+AreaNormalization;pls;"{""n_components"": 28}";65.72;65.64646775090733
Corn_Starch_80_ZhengChenPelegYbaseSplit;test;1;SG_15_2_1+AreaNormalization;pls;"{""n_components"": 28}";63.021;63.02629742615393
Corn_Starch_80_ZhengChenPelegYbaseSplit;test;1;SG_15_2_1+AreaNormalization;pls;"{""n_components"": 28}";63.356;63.18926954400894
Corn_Starch_80_ZhengChenPelegYbaseSplit;test;1;SG_15_2_1+AreaNormalization;pls;"{""n_components"": 28}";63.631;63.53382631364513
Corn_Starch_80_ZhengChenPelegYbaseSplit;test;1;SG_15_2_1+AreaNormalization;pls;"{""n_components"": 28}";64.148;64.36526189369296
Corn_Starch_80_ZhengChenPelegYbaseSplit;test;1;SG_15_2_1+AreaNormalization;pls;"{""n_components"": 28}";64.292;64.09922407623694
Corn_Starch_80_ZhengChenPelegYbaseSplit;test;1;SG_15_2_1+AreaNormalization;pls;"{""n_components"": 28}";64.539;64.13396042743867
Corn_Starch_80_ZhengChenPelegYbaseSplit;test;1;SG_15_2_1+AreaNormalization;pls;"{""n_components"": 28}";64.613;64.42088037973221
Corn_Starch_80_ZhengChenPelegYbaseSplit;test;1;SG_15_2_1+AreaNormalization;pls;"{""n_components"": 28}";64.757;64.71447399733036
Corn_Starch_80_ZhengChenPelegYbaseSplit;test;1;SG_15_2_1+AreaNormalization;pls;"{""n_components"": 28}";64.853;64.84816642786679
Corn_Starch_80_ZhengChenPelegYbaseSplit;test;1;SG_15_2_1+AreaNormalization;pls;"{""n_components"": 28}";64.933;64.81838071191237
Corn_Starch_80_ZhengChenPelegYbaseSplit;test;1;SG_15_2_1+AreaNormalization;pls;"{""n_components"": 28}";65.144;65.07584678358627
Corn_Starch_80_ZhengChenPelegYbaseSplit;test;1;SG_15_2_1+AreaNormalization;pls;"{""n_components"": 28}";65.233;65.19615158211062
Corn_Starch_80_ZhengChenPelegYbaseSplit;test;1;SG_15_2_1+AreaNormalization;pls;"{""n_components"": 28}";65.386;65.42383382534149
Corn_Starch_80_ZhengChenPelegYbaseSplit;test;1;SG_15_2_1+AreaNormalization;pls;"{""n_components"": 28}";65.519;65.63796569100442
Corn_Starch_80_ZhengChenPelegYbaseSplit;test;1;SG_15_2_1+AreaNormalization;pls;"{""n_components"": 28}";65.646;65.68536176575309
Corn_Starch_80_ZhengChenPelegYbaseSplit;test;1;SG_15_2_1+AreaNormalization;pls;"{""n_components"": 28}";65.841;65.5102357997271
Corn_Starch_80_ZhengChenPelegYbaseSplit;valid;2;SG_15_2_1+AreaNormalization;pls;"{""n_components"": 28}";63.099;63.14600638038128
Corn_Starch_80_ZhengChenPelegYbaseSplit;valid;2;SG_15_2_1+AreaNormalization;pls;"{""n_components"": 28}";63.263;63.36779046549681
Corn_Starch_80_ZhengChenPelegYbaseSplit;valid;2;SG_15_2_1+AreaNormalization;pls;"{""n_components"": 28}";63.416;63.26822515518932
Corn_Starch_80_ZhengChenPelegYbaseSplit;valid;2;SG_15_2_1+AreaNormalization;pls;"{""n_components"": 28}";63.513;63.4704747159599
Corn_Starch_80_ZhengChenPelegYbaseSplit;valid;2;SG_15_2_1+AreaNormalization;pls;"{""n_components"": 28}";64.131;64.35524487784514
Corn_Starch_80_ZhengChenPelegYbaseSplit;valid;2;SG_15_2_1+AreaNormalization;pls;"{""n_components"": 28}";64.464;64.6500063273624
Corn_Starch_80_ZhengChenPelegYbaseSplit;valid;2;SG_15_2_1+AreaNormalization;pls;"{""n_components"": 28}";64.582;65.06891936765645
Corn_Starch_80_ZhengChenPelegYbaseSplit;valid;2;SG_15_2_1+AreaNormalization;pls;"{""n_components"": 28}";64.62;64.76288520242316
Corn_Starch_80_ZhengChenPelegYbaseSplit;valid;2;SG_15_2_1+AreaNormalization;pls;"{""n_components"": 28}";64.656;64.64153355897878
Corn_Starch_80_ZhengChenPelegYbaseSplit;valid;2;SG_15_2_1+AreaNormalization;pls;"{""n_components"": 28}";64.851;64.77720534998203
Corn_Starch_80_ZhengChenPelegYbaseSplit;valid;2;SG_15_2_1+AreaNormalization;pls;"{""n_components"": 28}";64.923;65.10885161583329
Corn_Starch_80_ZhengChenPelegYbaseSplit;valid;2;SG_15_2_1+AreaNormalization;pls;"{""n_components"": 28}";65.104;65.18308079741087
Corn_Starch_80_ZhengChenPelegYbaseSplit;valid;2;SG_15_2_1+AreaNormalization;pls;"{""n_components"": 28}";65.115;65.04612167783728
Corn_Starch_80_ZhengChenPelegYbaseSplit;valid;2;SG_15_2_1+AreaNormalization;pls;"{""n_components"": 28}";65.209;65.35337873373626
Corn_Starch_80_ZhengChenPelegYbaseSplit;valid;2;SG_15_2_1+AreaNormalization;pls;"{""n_components"": 28}";65.337;65.36863358400024
Corn_Starch_80_ZhengChenPelegYbaseSplit;valid;2;SG_15_2_1+AreaNormalization;pls;"{""n_components"": 28}";65.474;65.44811403200923
Corn_Starch_80_ZhengChenPelegYbaseSplit;valid;2;SG_15_2_1+AreaNormalization;pls;"{""n_components"": 28}";65.524;65.6370003507025
Corn_Starch_80_ZhengChenPelegYbaseSplit;valid;2;SG_15_2_1+AreaNormalization;pls;"{""n_components"": 28}";65.601;65.38196344143492
Corn_Starch_80_ZhengChenPelegYbaseSplit;valid;2;SG_15_2_1+AreaNormalization;pls;"{""n_components"": 28}";65.795;65.56324659511317
Corn_Starch_80_ZhengChenPelegYbaseSplit;valid;2;SG_15_2_1+AreaNormalization;pls;"{""n_components"": 28}";65.808;65.80228989102524
Corn_Starch_80_ZhengChenPelegYbaseSplit;valid;2;SG_15_2_1+AreaNormalization;pls;"{""n_components"": 28}";66.472;65.90010251560338
Corn_Starch_80_ZhengChenPelegYbaseSplit;test;2;SG_15_2_1+AreaNormalization;pls;"{""n_components"": 28}";63.021;62.57836570245244
Corn_Starch_80_ZhengChenPelegYbaseSplit;test;2;SG_15_2_1+AreaNormalization;pls;"{""n_components"": 28}";63.356;63.18271903425232
Corn_Starch_80_ZhengChenPelegYbaseSplit;test;2;SG_15_2_1+AreaNormalization;pls;"{""n_components"": 28}";63.631;63.376509936067805
Corn_Starch_80_ZhengChenPelegYbaseSplit;test;2;SG_15_2_1+AreaNormalization;pls;"{""n_components"": 28}";64.148;64.32265167161324
Corn_Starch_80_ZhengChenPelegYbaseSplit;test;2;SG_15_2_1+AreaNormalization;pls;"{""n_components"": 28}";64.292;64.17781224264496
Corn_Starch_80_ZhengChenPelegYbaseSplit;test;2;SG_15_2_1+AreaNormalization;pls;"{""n_components"": 28}";64.539;64.40568031131453
Corn_Starch_80_ZhengChenPelegYbaseSplit;test;2;SG_15_2_1+AreaNormalization;pls;"{""n_components"": 28}";64.613;64.92191317397081
Corn_Starch_80_ZhengChenPelegYbaseSplit;test;2;SG_15_2_1+AreaNormalization;pls;"{""n_components"": 28}";64.757;64.68090620781811
Corn_Starch_80_ZhengChenPelegYbaseSplit;test;2;SG_15_2_1+AreaNormalization;pls;"{""n_components"": 28}";64.853;64.92279906147864
Corn_Starch_80_ZhengChenPelegYbaseSplit;test;2;SG_15_2_1+AreaNormalization;pls;"{""n_components"": 28}";64.933;64.8637903024879
Corn_Starch_80_ZhengChenPelegYbaseSplit;test;2;SG_15_2_1+AreaNormalization;pls;"{""n_components"": 28}";65.144;65.42673179682704
Corn_Starch_80_ZhengChenPelegYbaseSplit;test;2;SG_15_2_1+AreaNormalization;pls;"{""n_components"": 28}";65.233;65.68293815929506
Corn_Starch_80_ZhengChenPelegYbaseSplit;test;2;SG_15_2_1+AreaNormalization;pls;"{""n_components"": 28}";65.386;65.06003583910514
Corn_Starch_80_ZhengChenPelegYbaseSplit;test;2;SG_15_2_1+AreaNormalization;pls;"{""n_components"": 28}";65.519;65.43181030305904
Corn_Starch_80_ZhengChenPelegYbaseSplit;test;2;SG_15_2_1+AreaNormalization;pls;"{""n_components"": 28}";65.646;65.55997430168897
Corn_Starch_80_ZhengChenPelegYbaseSplit;test;2;SG_15_2_1+AreaNormalization;pls;"{""n_components"": 28}";65.841;65.70260159087843
Corn_Starch_80_ZhengChenPelegYbaseSplit;valid;0;SG_21_2_1;pls;"{""n_components"": 26}";62.884;63.12394235265441
Corn_Starch_80_ZhengChenPelegYbaseSplit;valid;0;SG_21_2_1;pls;"{""n_components"": 26}";63.246;63.19701244280709
Corn_Starch_80_ZhengChenPelegYbaseSplit;valid;0;SG_21_2_1;pls;"{""n_components"": 26}";63.567;63.52899676854543
Corn_Starch_80_ZhengChenPelegYbaseSplit;valid;0;SG_21_2_1;pls;"{""n_components"": 26}";63.784;63.62661587949987
Corn_Starch_80_ZhengChenPelegYbaseSplit;valid;0;SG_21_2_1;pls;"{""n_components"": 26}";64.253;64.25125090055441
Corn_Starch_80_ZhengChenPelegYbaseSplit;valid;0;SG_21_2_1;pls;"{""n_components"": 26}";64.261;64.3195291868863
Corn_Starch_80_ZhengChenPelegYbaseSplit;valid;0;SG_21_2_1;pls;"{""n_components"": 26}";64.287;64.15619442730218
Corn_Starch_80_ZhengChenPelegYbaseSplit;valid;0;SG_21_2_1;pls;"{""n_components"": 26}";64.506;64.39753117381402
Corn_Starch_80_ZhengChenPelegYbaseSplit;valid;0;SG_21_2_1;pls;"{""n_components"": 26}";64.546;64.33723179472935
Corn_Starch_80_ZhengChenPelegYbaseSplit;valid;0;SG_21_2_1;pls;"{""n_components"": 26}";64.632;64.68509046482704
Corn_Starch_80_ZhengChenPelegYbaseSplit;valid;0;SG_21_2_1;pls;"{""n_components"": 26}";64.67;64.73573544732938
Corn_Starch_80_ZhengChenPelegYbaseSplit;valid;0;SG_21_2_1;pls;"{""n_components"": 26}";64.882;64.97132203178835
Corn_Starch_80_ZhengChenPelegYbaseSplit;valid;0;SG_21_2_1;pls;"{""n_components"": 26}";64.895;64.84676321000141
Corn_Starch_80_ZhengChenPelegYbaseSplit;valid;0;SG_21_2_1;pls;"{""n_components"": 26}";65.022;65.10323927563775
Corn_Starch_80_ZhengChenPelegYbaseSplit;valid;0;SG_21_2_1;pls;"{""n_components"": 26}";65.107;65.19108581804788
Corn_Starch_80_ZhengChenPelegYbaseSplit;valid;0;SG_21_2_1;pls;"{""n_components"": 26}";65.205;65.0924005029895
Corn_Starch_80_ZhengChenPelegYbaseSplit;valid;0;SG_21_2_1;pls;"{""n_components"": 26}";65.217;65.10359155425466
Corn_Starch_80_ZhengChenPelegYbaseSplit;valid;0;SG_21_2_1;pls;"{""n_components"": 26}";65.294;65.35374446637906
Corn_Starch_80_ZhengChenPelegYbaseSplit;valid;0;SG_21_2_1;pls;"{""n_components"": 26}";65.441;65.30670554397626
Corn_Starch_80_ZhengChenPelegYbaseSplit;valid;0;SG_21_2_1;pls;"{""n_components"": 26}";65.637;65.64832134697342
Corn_Starch_80_ZhengChenPelegYbaseSplit;valid;0;SG_21_2_1;pls;"{""n_components"": 26}";65.679;65.58265435880408
Corn_Starch_80_ZhengChenPelegYbaseSplit;valid;0;SG_21_2_1;pls;"{""n_components"": 26}";65.903;65.84134668824075
Corn_Starch_80_ZhengChenPelegYbaseSplit;test;0;SG_21_2_1;pls;"{""n_components"": 26}";63.021;62.8863462151574
Corn_Starch_80_ZhengChenPelegYbaseSplit;test;0;SG_21_2_1;pls;"{""n_components"": 26}";63.356;63.34834163998782
Corn_Starch_80_ZhengChenPelegYbaseSplit;test;0;SG_21_2_1;pls;"{""n_components"": 26}";63.631;63.503749706568684
Corn_Starch_80_ZhengChenPelegYbaseSplit;test;0;SG_21_2_1;pls;"{""n_components"": 26}";64.148;64.05794201602721
Corn_Starch_80_ZhengChenPelegYbaseSplit;test;0;SG_21_2_1;pls;"{""n_components"": 26}";64.292;64.24350037776674
Corn_Starch_80_ZhengChenPelegYbaseSplit;test;0;SG_21_2_1;pls;"{""n_components"": 26}";64.539;64.24677006556543
Corn_Starch_80_ZhengChenPelegYbaseSplit;test;0;SG_21_2_1;pls;"{""n_components"": 26}";64.613;64.66547360650078
Corn_Starch_80_ZhengChenPelegYbaseSplit;test;0;SG_21_2_1;pls;"{""n_components"": 26}";64.757;64.72369713657432
Corn_Starch_80_ZhengChenPelegYbaseSplit;test;0;SG_21_2_1;pls;"{""n_components"": 26}";64.853;64.9242212851245
Corn_Starch_80_ZhengChenPelegYbaseSplit;test;0;SG_21_2_1;pls;"{""n_components"": 26}";64.933;64.89559866505175
Corn_Starch_80_ZhengChenPelegYbaseSplit;test;0;SG_21_2_1;pls;"{""n_components"": 26}";65.144;65.23140958771376
Corn_Starch_80_ZhengChenPelegYbaseSplit;test;0;SG_21_2_1;pls;"{""n_components"": 26}";65.233;65.50602920559183
Corn_Starch_80_ZhengChenPelegYbaseSplit;test;0;SG_21_2_1;pls;"{""n_components"": 26}";65.386;65.46291557189907
Corn_Starch_80_ZhengChenPelegYbaseSplit;test;0;SG_21_2_1;pls;"{""n_components"": 26}";65.519;65.46073106480131
Corn_Starch_80_ZhengChenPelegYbaseSplit;test;0;SG_21_2_1;pls;"{""n_components"": 26}";65.646;65.85465078546255
Corn_Starch_80_ZhengChenPelegYbaseSplit;test;0;SG_21_2_1;pls;"{""n_components"": 26}";65.841;65.60496881773472
Corn_Starch_80_ZhengChenPelegYbaseSplit;valid;1;SG_21_2_1;pls;"{""n_components"": 26}";62.826;63.008555697598496
Corn_Starch_80_ZhengChenPelegYbaseSplit;valid;1;SG_21_2_1;pls;"{""n_components"": 26}";63.247;63.34695144492439
Corn_Starch_80_ZhengChenPelegYbaseSplit;valid;1;SG_21_2_1;pls;"{""n_components"": 26}";63.466;63.454949721062164
Corn_Starch_80_ZhengChenPelegYbaseSplit;valid;1;SG_21_2_1;pls;"{""n_components"": 26}";63.823;63.82455341250213
Corn_Starch_80_ZhengChenPelegYbaseSplit;valid;1;SG_21_2_1;pls;"{""n_components"": 26}";63.913;63.976918096723686
Corn_Starch_80_ZhengChenPelegYbaseSplit;valid;1;SG_21_2_1;pls;"{""n_components"": 26}";64.266;64.06253683337577
Corn_Starch_80_ZhengChenPelegYbaseSplit;valid;1;SG_21_2_1;pls;"{""n_components"": 26}";64.367;64.18281155989239
Corn_Starch_80_ZhengChenPelegYbaseSplit;valid;1;SG_21_2_1;pls;"{""n_components"": 26}";64.42;64.49226406553099
Corn_Starch_80_ZhengChenPelegYbaseSplit;valid;1;SG_21_2_1;pls;"{""n_components"": 26}";64.544;64.58391529361573
Corn_Starch_80_ZhengChenPelegYbaseSplit;valid;1;SG_21_2_1;pls;"{""n_components"": 26}";64.574;64.61710051225353
Corn_Starch_80_ZhengChenPelegYbaseSplit;valid;1;SG_21_2_1;pls;"{""n_components"": 26}";64.787;64.75745587425837
Corn_Starch_80_ZhengChenPelegYbaseSplit;valid;1;SG_21_2_1;pls;"{""n_components"": 26}";64.806;64.83487261062109
Corn_Starch_80_ZhengChenPelegYbaseSplit;valid;1;SG_21_2_1;pls;"{""n_components"": 26}";64.838;64.6956572283205
Corn_Starch_80_ZhengChenPelegYbaseSplit;valid;1;SG_21_2_1;pls;"{""n_components"": 26}";64.915;64.83762101392378
Corn_Starch_80_ZhengChenPelegYbaseSplit;valid;1;SG_21_2_1;pls;"{""n_components"": 26}";65.193;65.02498988420814
Corn_Starch_80_ZhengChenPelegYbaseSplit;valid;1;SG_21_2_1;pls;"{""n_components"": 26}";65.371;65.54175454788717
Corn_Starch_80_ZhengChenPelegYbaseSplit;valid;1;SG_21_2_1;pls;"{""n_components"": 26}";65.374;65.44053903617488
Corn_Starch_80_ZhengChenPelegYbaseSplit;valid;1;SG_21_2_1;pls;"{""n_components"": 26}";65.427;65.3769545431273
Corn_Starch_80_ZhengChenPelegYbaseSplit;valid;1;SG_21_2_1;pls;"{""n_components"": 26}";65.437;65.47580457644038
Corn_Starch_80_ZhengChenPelegYbaseSplit;valid;1;SG_21_2_1;pls;"{""n_components"": 26}";65.547;65.45511321380397
Corn_Starch_80_ZhengChenPelegYbaseSplit;valid;1;SG_21_2_1;pls;"{""n_components"": 26}";65.72;65.6921798450273
Corn_Starch_80_ZhengChenPelegYbaseSplit;test;1;SG_21_2_1;pls;"{""n_components"": 26}";63.021;62.90394605017343
Corn_Starch_80_ZhengChenPelegYbaseSplit;test;1;SG_21_2_1;pls;"{""n_components"": 26}";63.356;63.19209445697774
Corn_Starch_80_ZhengChenPelegYbaseSplit;test;1;SG_21_2_1;pls;"{""n_components"": 26}";63.631;63.49725977654357
Corn_Starch_80_ZhengChenPelegYbaseSplit;test;1;SG_21_2_1;pls;"{""n_components"": 26}";64.148;64.26846622848987
Corn_Starch_80_ZhengChenPelegYbaseSplit;test;1;SG_21_2_1;pls;"{""n_components"": 26}";64.292;64.30298170231025
Corn_Starch_80_ZhengChenPelegYbaseSplit;test;1;SG_21_2_1;pls;"{""n_components"": 26}";64.539;64.26254520340564
Corn_Starch_80_ZhengChenPelegYbaseSplit;test;1;SG_21_2_1;pls;"{""n_components"": 26}";64.613;64.47703834371771
Corn_Starch_80_ZhengChenPelegYbaseSplit;test;1;SG_21_2_1;pls;"{""n_components"": 26}";64.757;64.73195212491297
Corn_Starch_80_ZhengChenPelegYbaseSplit;test;1;SG_21_2_1;pls;"{""n_components"": 26}";64.853;64.90285362407516
Corn_Starch_80_ZhengChenPelegYbaseSplit;test;1;SG_21_2_1;pls;"{""n_components"": 26}";64.933;65.02163365387868
Corn_Starch_80_ZhengChenPelegYbaseSplit;test;1;SG_21_2_1;pls;"{""n_components"": 26}";65.144;65.25563740983667
Corn_Starch_80_ZhengChenPelegYbaseSplit;test;1;SG_21_2_1;pls;"{""n_components"": 26}";65.233;65.383274375091
Corn_Starch_80_ZhengChenPelegYbaseSplit;test;1;SG_21_2_1;pls;"{""n_components"": 26}";65.386;65.36164935510261
Corn_Starch_80_ZhengChenPelegYbaseSplit;test;1;SG_21_2_1;pls;"{""n_components"": 26}";65.519;65.32373517572636
Corn_Starch_80_ZhengChenPelegYbaseSplit;test;1;SG_21_2_1;pls;"{""n_components"": 26}";65.646;65.70683512398755
Corn_Starch_80_ZhengChenPelegYbaseSplit;test;1;SG_21_2_1;pls;"{""n_components"": 26}";65.841;65.57554773188825
Corn_Starch_80_ZhengChenPelegYbaseSplit;valid;2;SG_21_2_1;pls;"{""n_components"": 26}";63.099;63.117476336246945
Corn_Starch_80_ZhengChenPelegYbaseSplit;valid;2;SG_21_2_1;pls;"{""n_components"": 26}";63.263;63.45227476857542
Corn_Starch_80_ZhengChenPelegYbaseSplit;valid;2;SG_21_2_1;pls;"{""n_components"": 26}";63.416;63.15158219674498
Corn_Starch_80_ZhengChenPelegYbaseSplit;valid;2;SG_21_2_1;pls;"{""n_components"": 26}";63.513;63.54016741012673
Corn_Starch_80_ZhengChenPelegYbaseSplit;valid;2;SG_21_2_1;pls;"{""n_components"": 26}";64.131;64.44123239021687
Corn_Starch_80_ZhengChenPelegYbaseSplit;valid;2;SG_21_2_1;pls;"{""n_components"": 26}";64.464;64.61570977603208
Corn_Starch_80_ZhengChenPelegYbaseSplit;valid;2;SG_21_2_1;pls;"{""n_components"": 26}";64.582;65.033007869171
Corn_Starch_80_ZhengChenPelegYbaseSplit;valid;2;SG_21_2_1;pls;"{""n_components"": 26}";64.62;64.82994324815994
Corn_Starch_80_ZhengChenPelegYbaseSplit;valid;2;SG_21_2_1;pls;"{""n_components"": 26}";64.656;64.68845793485751
Corn_Starch_80_ZhengChenPelegYbaseSplit;valid;2;SG_21_2_1;pls;"{""n_components"": 26}";64.851;64.68595803299361
Corn_Starch_80_ZhengChenPelegYbaseSplit;valid;2;SG_21_2_1;pls;"{""n_components"": 26}";64.923;64.97470362578552
Corn_Starch_80_ZhengChenPelegYbaseSplit;valid;2;SG_21_2_1;pls;"{""n_components"": 26}";65.104;65.01622846823872
Corn_Starch_80_ZhengChenPelegYbaseSplit;valid;2;SG_21_2_1;pls;"{""n_components"": 26}";65.115;65.10076096590988
Corn_Starch_80_ZhengChenPelegYbaseSplit;valid;2;SG_21_2_1;pls;"{""n_components"": 26}";65.209;65.40851643794183
Corn_Starch_80_ZhengChenPelegYbaseSplit;valid;2;SG_21_2_1;pls;"{""n_components"": 26}";65.337;65.43066063407714
Corn_Starch_80_ZhengChenPelegYbaseSplit;valid;2;SG_21_2_1;pls;"{""n_components"": 26}";65.474;65.36702496265382
Corn_Starch_80_ZhengChenPelegYbaseSplit;valid;2;SG_21_2_1;pls;"{""n_components"": 26}";65.524;65.79848496787926
Corn_Starch_80_ZhengChenPelegYbaseSplit;valid;2;SG_21_2_1;pls;"{""n_components"": 26}";65.601;65.46927352120447
Corn_Starch_80_ZhengChenPelegYbaseSplit;valid;2;SG_21_2_1;pls;"{""n_components"": 26}";65.795;65.72210657319623
Corn_Starch_80_ZhengChenPelegYbaseSplit;valid;2;SG_21_2_1;pls;"{""n_components"": 26}";65.808;65.80430450579733
Corn_Starch_80_ZhengChenPelegYbaseSplit;valid;2;SG_21_2_1;pls;"{""n_components"": 26}";66.472;66.32069579363805
Corn_Starch_80_ZhengChenPelegYbaseSplit;test;2;SG_21_2_1;pls;"{""n_components"": 26}";63.021;62.77089223082089
Corn_Starch_80_ZhengChenPelegYbaseSplit;test;2;SG_21_2_1;pls;"{""n_components"": 26}";63.356;63.30618940633761
Corn_Starch_80_ZhengChenPelegYbaseSplit;test;2;SG_21_2_1;pls;"{""n_components"": 26}";63.631;63.43044684593004
Corn_Starch_80_ZhengChenPelegYbaseSplit;test;2;SG_21_2_1;pls;"{""n_components"": 26}";64.148;64.35900766074818
Corn_Starch_80_ZhengChenPelegYbaseSplit;test;2;SG_21_2_1;pls;"{""n_components"": 26}";64.292;64.11758326776216
Corn_Starch_80_ZhengChenPelegYbaseSplit;test;2;SG_21_2_1;pls;"{""n_components"": 26}";64.539;64.31516185942259
Corn_Starch_80_ZhengChenPelegYbaseSplit;test;2;SG_21_2_1;pls;"{""n_components"": 26}";64.613;64.86589370559766
Corn_Starch_80_ZhengChenPelegYbaseSplit;test;2;SG_21_2_1;pls;"{""n_components"": 26}";64.757;64.70129849100705
Corn_Starch_80_ZhengChenPelegYbaseSplit;test;2;SG_21_2_1;pls;"{""n_components"": 26}";64.853;64.84718812952657
Corn_Starch_80_ZhengChenPelegYbaseSplit;test;2;SG_21_2_1;pls;"{""n_components"": 26}";64.933;64.85829603912333
Corn_Starch_80_ZhengChenPelegYbaseSplit;test;2;SG_21_2_1;pls;"{""n_components"": 26}";65.144;65.32501744986169
Corn_Starch_80_ZhengChenPelegYbaseSplit;test;2;SG_21_2_1;pls;"{""n_components"": 26}";65.233;65.73617588611644
Corn_Starch_80_ZhengChenPelegYbaseSplit;test;2;SG_21_2_1;pls;"{""n_components"": 26}";65.386;65.31511071851259
Corn_Starch_80_ZhengChenPelegYbaseSplit;test;2;SG_21_2_1;pls;"{""n_components"": 26}";65.519;65.56634306356976
Corn_Starch_80_ZhengChenPelegYbaseSplit;test;2;SG_21_2_1;pls;"{""n_components"": 26}";65.646;65.72665899084812
Corn_Starch_80_ZhengChenPelegYbaseSplit;test;2;SG_21_2_1;pls;"{""n_components"": 26}";65.841;65.65111140281714
Corn_Starch_80_ZhengChenPelegYbaseSplit;valid;0;SG_21_2_1+Haar;pls;"{""n_components"": 21}";62.884;63.0578299580259
Corn_Starch_80_ZhengChenPelegYbaseSplit;valid;0;SG_21_2_1+Haar;pls;"{""n_components"": 21}";63.246;63.324613622047664
Corn_Starch_80_ZhengChenPelegYbaseSplit;valid;0;SG_21_2_1+Haar;pls;"{""n_components"": 21}";63.567;63.547453151697596
Corn_Starch_80_ZhengChenPelegYbaseSplit;valid;0;SG_21_2_1+Haar;pls;"{""n_components"": 21}";63.784;63.43458428335292
Corn_Starch_80_ZhengChenPelegYbaseSplit;valid;0;SG_21_2_1+Haar;pls;"{""n_components"": 21}";64.253;64.30913799789872
Corn_Starch_80_ZhengChenPelegYbaseSplit;valid;0;SG_21_2_1+Haar;pls;"{""n_components"": 21}";64.261;64.6918429225247
Corn_Starch_80_ZhengChenPelegYbaseSplit;valid;0;SG_21_2_1+Haar;pls;"{""n_components"": 21}";64.287;64.18786117356444
Corn_Starch_80_ZhengChenPelegYbaseSplit;valid;0;SG_21_2_1+Haar;pls;"{""n_components"": 21}";64.506;64.45382092407236
Corn_Starch_80_ZhengChenPelegYbaseSplit;valid;0;SG_21_2_1+Haar;pls;"{""n_components"": 21}";64.546;64.5896742175093
Corn_Starch_80_ZhengChenPelegYbaseSplit;valid;0;SG_21_2_1+Haar;pls;"{""n_components"": 21}";64.632;64.6701034259642
Corn_Starch_80_ZhengChenPelegYbaseSplit;valid;0;SG_21_2_1+Haar;pls;"{""n_components"": 21}";64.67;64.72787520141699
Corn_Starch_80_ZhengChenPelegYbaseSplit;valid;0;SG_21_2_1+Haar;pls;"{""n_components"": 21}";64.882;64.78941138973043
Corn_Starch_80_ZhengChenPelegYbaseSplit;valid;0;SG_21_2_1+Haar;pls;"{""n_components"": 21}";64.895;64.76326178821513
Corn_Starch_80_ZhengChenPelegYbaseSplit;valid;0;SG_21_2_1+Haar;pls;"{""n_components"": 21}";65.022;65.23343600799586
Corn_Starch_80_ZhengChenPelegYbaseSplit;valid;0;SG_21_2_1+Haar;pls;"{""n_components"": 21}";65.107;65.04221753268597
Corn_Starch_80_ZhengChenPelegYbaseSplit;valid;0;SG_21_2_1+Haar;pls;"{""n_components"": 21}";65.205;65.17441943560576
Corn_Starch_80_ZhengChenPelegYbaseSplit;valid;0;SG_21_2_1+Haar;pls;"{""n_components"": 21}";65.217;65.355843962517
Corn_Starch_80_ZhengChenPelegYbaseSplit;valid;0;SG_21_2_1+Haar;pls;"{""n_components"": 21}";65.294;65.22720626348
Corn_Starch_80_ZhengChenPelegYbaseSplit;valid;0;SG_21_2_1+Haar;pls;"{""n_components"": 21}";65.441;65.39421893362844
Corn_Starch_80_ZhengChenPelegYbaseSplit;valid;0;SG_21_2_1+Haar;pls;"{""n_components"": 21}";65.637;65.44596404486072
Corn_Starch_80_ZhengChenPelegYbaseSplit;valid;0;SG_21_2_1+Haar;pls;"{""n_components"": 21}";65.679;65.72501236838146
Corn_Starch_80_ZhengChenPelegYbaseSplit;valid;0;SG_21_2_1+Haar;pls;"{""n_components"": 21}";65.903;65.81063636142636
Corn_Starch_80_ZhengChenPelegYbaseSplit;test;0;SG_21_2_1+Haar;pls;"{""n_components"": 21}";63.021;63.1561098748083
Corn_Starch_80_ZhengChenPelegYbaseSplit;test;0;SG_21_2_1+Haar;pls;"{""n_components"": 21}";63.356;63.33974042520474
Corn_Starch_80_ZhengChenPelegYbaseSplit;test;0;SG_21_2_1+Haar;pls;"{""n_components"": 21}";63.631;63.59809686155396
Corn_Starch_80_ZhengChenPelegYbaseSplit;test;0;SG_21_2_1+Haar;pls;"{""n_components"": 21}";64.148;64.17080125412033
Corn_Starch_80_ZhengChenPelegYbaseSplit;test;0;SG_21_2_1+Haar;pls;"{""n_components"": 21}";64.292;64.42656310760593
Corn_Starch_80_ZhengChenPelegYbaseSplit;test;0;SG_21_2_1+Haar;pls;"{""n_components"": 21}";64.539;64.31196107591488
Corn_Starch_80_ZhengChenPelegYbaseSplit;test;0;SG_21_2_1+Haar;pls;"{""n_components"": 21}";64.613;64.76065173222683
Corn_Starch_80_ZhengChenPelegYbaseSplit;test;0;SG_21_2_1+Haar;pls;"{""n_components"": 21}";64.757;64.66770094553532
Corn_Starch_80_ZhengChenPelegYbaseSplit;test;0;SG_21_2_1+Haar;pls;"{""n_components"": 21}";64.853;65.19799119620832
Corn_Starch_80_ZhengChenPelegYbaseSplit;test;0;SG_21_2_1+Haar;pls;"{""n_components"": 21}";64.933;64.80998885844875
Corn_Starch_80_ZhengChenPelegYbaseSplit;test;0;SG_21_2_1+Haar;pls;"{""n_components"": 21}";65.144;65.3773656344995
Corn_Starch_80_ZhengChenPelegYbaseSplit;test;0;SG_21_2_1+Haar;pls;"{""n_components"": 21}";65.233;65.37701367704152
Corn_Starch_80_ZhengChenPelegYbaseSplit;test;0;SG_21_2_1+Haar;pls;"{""n_components"": 21}";65.386;65.32915343296338
Corn_Starch_80_ZhengChenPelegYbaseSplit;test;0;SG_21_2_1+Haar;pls;"{""n_components"": 21}";65.519;65.56371761211291
Corn_Starch_80_ZhengChenPelegYbaseSplit;test;0;SG_21_2_1+Haar;pls;"{""n_components"": 21}";65.646;65.71178727127652
Corn_Starch_80_ZhengChenPelegYbaseSplit;test;0;SG_21_2_1+Haar;pls;"{""n_components"": 21}";65.841;65.47400311056484
Corn_Starch_80_ZhengChenPelegYbaseSplit;valid;1;SG_21_2_1+Haar;pls;"{""n_components"": 21}";62.826;63.03702914637484
Corn_Starch_80_ZhengChenPelegYbaseSplit;valid;1;SG_21_2_1+Haar;pls;"{""n_components"": 21}";63.247;63.41050613325694
Corn_Starch_80_ZhengChenPelegYbaseSplit;valid;1;SG_21_2_1+Haar;pls;"{""n_components"": 21}";63.466;63.36241342561645
Corn_Starch_80_ZhengChenPelegYbaseSplit;valid;1;SG_21_2_1+Haar;pls;"{""n_components"": 21}";63.823;63.87453979984816
Corn_Starch_80_ZhengChenPelegYbaseSplit;valid;1;SG_21_2_1+Haar;pls;"{""n_components"": 21}";63.913;63.87365972542196
Corn_Starch_80_ZhengChenPelegYbaseSplit;valid;1;SG_21_2_1+Haar;pls;"{""n_components"": 21}";64.266;63.99020521387664
Corn_Starch_80_ZhengChenPelegYbaseSplit;valid;1;SG_21_2_1+Haar;pls;"{""n_components"": 21}";64.367;64.27343364877603
Corn_Starch_80_ZhengChenPelegYbaseSplit;valid;1;SG_21_2_1+Haar;pls;"{""n_components"": 21}";64.42;64.4563037580214
Corn_Starch_80_ZhengChenPelegYbaseSplit;valid;1;SG_21_2_1+Haar;pls;"{""n_components"": 21}";64.544;64.50434689024404
Corn_Starch_80_ZhengChenPelegYbaseSplit;valid;1;SG_21_2_1+Haar;pls;"{""n_components"": 21}";64.574;64.54360069386325
Corn_Starch_80_ZhengChenPelegYbaseSplit;valid;1;SG_21_2_1+Haar;pls;"{""n_components"": 21}";64.787;64.63134574261076
Corn_Starch_80_ZhengChenPelegYbaseSplit;valid;1;SG_21_2_1+Haar;pls;"{""n_components"": 21}";64.806;64.42187879490727
Corn_Starch_80_ZhengChenPelegYbaseSplit;valid;1;SG_21_2_1+Haar;pls;"{""n_components"": 21}";64.838;64.44457361053574
Corn_Starch_80_ZhengChenPelegYbaseSplit;valid;1;SG_21_2_1+Haar;pls;"{""n_components"": 21}";64.915;64.83434038073625
Corn_Starch_80_ZhengChenPelegYbaseSplit;valid;1;SG_21_2_1+Haar;pls;"{""n_components"": 21}";65.193;65.01609217342894
Corn_Starch_80_ZhengChenPelegYbaseSplit;valid;1;SG_21_2_1+Haar;pls;"{""n_components"": 21}";65.371;65.57325771763952
Corn_Starch_80_ZhengChenPelegYbaseSplit;valid;1;SG_21_2_1+Haar;pls;"{""n_components"": 21}";65.374;65.27223474969651
Corn_Starch_80_ZhengChenPelegYbaseSplit;valid;1;SG_21_2_1+Haar;pls;"{""n_components"": 21}";65.427;65.2936744527697
Corn_Starch_80_ZhengChenPelegYbaseSplit;valid;1;SG_21_2_1+Haar;pls;"{""n_components"": 21}";65.437;65.22558630917183
Corn_Starch_80_ZhengChenPelegYbaseSplit;valid;1;SG_21_2_1+Haar;pls;"{""n_components"": 21}";65.547;65.51931975093905
Corn_Starch_80_ZhengChenPelegYbaseSplit;valid;1;SG_21_2_1+Haar;pls;"{""n_components"": 21}";65.72;65.57406041215452
Corn_Starch_80_ZhengChenPelegYbaseSplit;test;1;SG_21_2_1+Haar;pls;"{""n_components"": 21}";63.021;63.03919663233984
Corn_Starch_80_ZhengChenPelegYbaseSplit;test;1;SG_21_2_1+Haar;pls;"{""n_components"": 21}";63.356;63.218227858169286
Corn_Starch_80_ZhengChenPelegYbaseSplit;test;1;SG_21_2_1+Haar;pls;"{""n_components"": 21}";63.631;63.49784293920466
Corn_Starch_80_ZhengChenPelegYbaseSplit;test;1;SG_21_2_1+Haar;pls;"{""n_components"": 21}";64.148;64.40792635039791
Corn_Starch_80_ZhengChenPelegYbaseSplit;test;1;SG_21_2_1+Haar;pls;"{""n_components"": 21}";64.292;64.42241265032597
Corn_Starch_80_ZhengChenPelegYbaseSplit;test;1;SG_21_2_1+Haar;pls;"{""n_components"": 21}";64.539;64.14901261279627
Corn_Starch_80_ZhengChenPelegYbaseSplit;test;1;SG_21_2_1+Haar;pls;"{""n_components"": 21}";64.613;64.66707605433461
Corn_Starch_80_ZhengChenPelegYbaseSplit;test;1;SG_21_2_1+Haar;pls;"{""n_components"": 21}";64.757;64.36529450898317
Corn_Starch_80_ZhengChenPelegYbaseSplit;test;1;SG_21_2_1+Haar;pls;"{""n_components"": 21}";64.853;65.09408382439618
Corn_Starch_80_ZhengChenPelegYbaseSplit;test;1;SG_21_2_1+Haar;pls;"{""n_components"": 21}";64.933;64.75340363996928
Corn_Starch_80_ZhengChenPelegYbaseSplit;test;1;SG_21_2_1+Haar;pls;"{""n_components"": 21}";65.144;65.2145933935706
Corn_Starch_80_ZhengChenPelegYbaseSplit;test;1;SG_21_2_1+Haar;pls;"{""n_components"": 21}";65.233;65.14460885209998
Corn_Starch_80_ZhengChenPelegYbaseSplit;test;1;SG_21_2_1+Haar;pls;"{""n_components"": 21}";65.386;65.22840531268415
Corn_Starch_80_ZhengChenPelegYbaseSplit;test;1;SG_21_2_1+Haar;pls;"{""n_components"": 21}";65.519;65.42350504148737
Corn_Starch_80_ZhengChenPelegYbaseSplit;test;1;SG_21_2_1+Haar;pls;"{""n_components"": 21}";65.646;65.7283901012604
Corn_Starch_80_ZhengChenPelegYbaseSplit;test;1;SG_21_2_1+Haar;pls;"{""n_components"": 21}";65.841;65.38057964158925
Corn_Starch_80_ZhengChenPelegYbaseSplit;valid;2;SG_21_2_1+Haar;pls;"{""n_components"": 21}";63.099;62.97216348944959
Corn_Starch_80_ZhengChenPelegYbaseSplit;valid;2;SG_21_2_1+Haar;pls;"{""n_components"": 21}";63.263;63.61352666337019
Corn_Starch_80_ZhengChenPelegYbaseSplit;valid;2;SG_21_2_1+Haar;pls;"{""n_components"": 21}";63.416;63.2578167474859
Corn_Starch_80_ZhengChenPelegYbaseSplit;valid;2;SG_21_2_1+Haar;pls;"{""n_components"": 21}";63.513;63.39009514059854
Corn_Starch_80_ZhengChenPelegYbaseSplit;valid;2;SG_21_2_1+Haar;pls;"{""n_components"": 21}";64.131;64.45916312758997
Corn_Starch_80_ZhengChenPelegYbaseSplit;valid;2;SG_21_2_1+Haar;pls;"{""n_components"": 21}";64.464;64.92932850399164
Corn_Starch_80_ZhengChenPelegYbaseSplit;valid;2;SG_21_2_1+Haar;pls;"{""n_components"": 21}";64.582;65.22283300774835
Corn_Starch_80_ZhengChenPelegYbaseSplit;valid;2;SG_21_2_1+Haar;pls;"{""n_components"": 21}";64.62;64.87908920033645
Corn_Starch_80_ZhengChenPelegYbaseSplit;valid;2;SG_21_2_1+Haar;pls;"{""n_components"": 21}";64.656;64.62066828273007
Corn_Starch_80_ZhengChenPelegYbaseSplit;valid;2;SG_21_2_1+Haar;pls;"{""n_components"": 21}";64.851;64.61420353850313
Corn_Starch_80_ZhengChenPelegYbaseSplit;valid;2;SG_21_2_1+Haar;pls;"{""n_components"": 21}";64.923;65.17130766028285
Corn_Starch_80_ZhengChenPelegYbaseSplit;valid;2;SG_21_2_1+Haar;pls;"{""n_components"": 21}";65.104;65.10857464649193
Corn_Starch_80_ZhengChenPelegYbaseSplit;valid;2;SG_21_2_1+Haar;pls;"{""n_components"": 21}";65.115;65.04921369524796
Corn_Starch_80_ZhengChenPelegYbaseSplit;valid;2;SG_21_2_1+Haar;pls;"{""n_components"": 21}";65.209;65.60016300960302
Corn_Starch_80_ZhengChenPelegYbaseSplit;valid;2;SG_21_2_1+Haar;pls;"{""n_components"": 21}";65.337;65.50927258813006
Corn_Starch_80_ZhengChenPelegYbaseSplit;valid;2;SG_21_2_1+Haar;pls;"{""n_components"": 21}";65.474;65.34631609154214
Corn_Starch_80_ZhengChenPelegYbaseSplit;valid;2;SG_21_2_1+Haar;pls;"{""n_components"": 21}";65.524;65.63762144155177
Corn_Starch_80_ZhengChenPelegYbaseSplit;valid;2;SG_21_2_1+Haar;pls;"{""n_components"": 21}";65.601;65.47308426431822
Corn_Starch_80_ZhengChenPelegYbaseSplit;valid;2;SG_21_2_1+Haar;pls;"{""n_components"": 21}";65.795;65.63913423932942
Corn_Starch_80_ZhengChenPelegYbaseSplit;valid;2;SG_21_2_1+Haar;pls;"{""n_components"": 21}";65.808;65.806137107155
Corn_Starch_80_ZhengChenPelegYbaseSplit;valid;2;SG_21_2_1+Haar;pls;"{""n_components"": 21}";66.472;66.09519470806116
Corn_Starch_80_ZhengChenPelegYbaseSplit;test;2;SG_21_2_1+Haar;pls;"{""n_components"": 21}";63.021;62.78652871837381
Corn_Starch_80_ZhengChenPelegYbaseSplit;test;2;SG_21_2_1+Haar;pls;"{""n_components"": 21}";63.356;63.2746083020153
Corn_Starch_80_ZhengChenPelegYbaseSplit;test;2;SG_21_2_1+Haar;pls;"{""n_components"": 21}";63.631;63.314283885732415
Corn_Starch_80_ZhengChenPelegYbaseSplit;test;2;SG_21_2_1+Haar;pls;"{""n_components"": 21}";64.148;64.38876476868579
Corn_Starch_80_ZhengChenPelegYbaseSplit;test;2;SG_21_2_1+Haar;pls;"{""n_components"": 21}";64.292;64.1816525915623
Corn_Starch_80_ZhengChenPelegYbaseSplit;test;2;SG_21_2_1+Haar;pls;"{""n_components"": 21}";64.539;64.41760642565556
Corn_Starch_80_ZhengChenPelegYbaseSplit;test;2;SG_21_2_1+Haar;pls;"{""n_components"": 21}";64.613;65.19113239402994
Corn_Starch_80_ZhengChenPelegYbaseSplit;test;2;SG_21_2_1+Haar;pls;"{""n_components"": 21}";64.757;64.76599281255135
Corn_Starch_80_ZhengChenPelegYbaseSplit;test;2;SG_21_2_1+Haar;pls;"{""n_components"": 21}";64.853;65.21615532904919
Corn_Starch_80_ZhengChenPelegYbaseSplit;test;2;SG_21_2_1+Haar;pls;"{""n_components"": 21}";64.933;64.75255062452676
Corn_Starch_80_ZhengChenPelegYbaseSplit;test;2;SG_21_2_1+Haar;pls;"{""n_components"": 21}";65.144;65.5208170128207
Corn_Starch_80_ZhengChenPelegYbaseSplit;test;2;SG_21_2_1+Haar;pls;"{""n_components"": 21}";65.233;65.84563187173075
Corn_Starch_80_ZhengChenPelegYbaseSplit;test;2;SG_21_2_1+Haar;pls;"{""n_components"": 21}";65.386;65.05111530768937
Corn_Starch_80_ZhengChenPelegYbaseSplit;test;2;SG_21_2_1+Haar;pls;"{""n_components"": 21}";65.519;65.42545715697365
Corn_Starch_80_ZhengChenPelegYbaseSplit;test;2;SG_21_2_1+Haar;pls;"{""n_components"": 21}";65.646;65.61663982373975
Corn_Starch_80_ZhengChenPelegYbaseSplit;test;2;SG_21_2_1+Haar;pls;"{""n_components"": 21}";65.841;65.66199169945311
Corn_Starch_80_ZhengChenPelegYbaseSplit;valid;0;SG_21_2_1+AreaNormalization;pls;"{""n_components"": 26}";62.884;62.75489174006843
Corn_Starch_80_ZhengChenPelegYbaseSplit;valid;0;SG_21_2_1+AreaNormalization;pls;"{""n_components"": 26}";63.246;63.33131800446555
Corn_Starch_80_ZhengChenPelegYbaseSplit;valid;0;SG_21_2_1+AreaNormalization;pls;"{""n_components"": 26}";63.567;63.52378156047012
Corn_Starch_80_ZhengChenPelegYbaseSplit;valid;0;SG_21_2_1+AreaNormalization;pls;"{""n_components"": 26}";63.784;63.43602210013135
Corn_Starch_80_ZhengChenPelegYbaseSplit;valid;0;SG_21_2_1+AreaNormalization;pls;"{""n_components"": 26}";64.253;64.3015751207258
Corn_Starch_80_ZhengChenPelegYbaseSplit;valid;0;SG_21_2_1+AreaNormalization;pls;"{""n_components"": 26}";64.261;64.26883424781036
Corn_Starch_80_ZhengChenPelegYbaseSplit;valid;0;SG_21_2_1+AreaNormalization;pls;"{""n_components"": 26}";64.287;64.26369429124077
Corn_Starch_80_ZhengChenPelegYbaseSplit;valid;0;SG_21_2_1+AreaNormalization;pls;"{""n_components"": 26}";64.506;64.28178828796234
Corn_Starch_80_ZhengChenPelegYbaseSplit;valid;0;SG_21_2_1+AreaNormalization;pls;"{""n_components"": 26}";64.546;64.3743913668204
Corn_Starch_80_ZhengChenPelegYbaseSplit;valid;0;SG_21_2_1+AreaNormalization;pls;"{""n_components"": 26}";64.632;64.67109714089015
Corn_Starch_80_ZhengChenPelegYbaseSplit;valid;0;SG_21_2_1+AreaNormalization;pls;"{""n_components"": 26}";64.67;64.71301921410664
Corn_Starch_80_ZhengChenPelegYbaseSplit;valid;0;SG_21_2_1+AreaNormalization;pls;"{""n_components"": 26}";64.882;64.8670109739645
Corn_Starch_80_ZhengChenPelegYbaseSplit;valid;0;SG_21_2_1+AreaNormalization;pls;"{""n_components"": 26}";64.895;64.86198337152196
Corn_Starch_80_ZhengChenPelegYbaseSplit;valid;0;SG_21_2_1+AreaNormalization;pls;"{""n_components"": 26}";65.022;65.18338915815144
Corn_Starch_80_ZhengChenPelegYbaseSplit;valid;0;SG_21_2_1+AreaNormalization;pls;"{""n_components"": 26}";65.107;65.20048415317189
Corn_Starch_80_ZhengChenPelegYbaseSplit;valid;0;SG_21_2_1+AreaNormalization;pls;"{""n_components"": 26}";65.205;65.26170431493249
Corn_Starch_80_ZhengChenPelegYbaseSplit;valid;0;SG_21_2_1+AreaNormalization;pls;"{""n_components"": 26}";65.217;65.24107941763305
Corn_Starch_80_ZhengChenPelegYbaseSplit;valid;0;SG_21_2_1+AreaNormalization;pls;"{""n_components"": 26}";65.294;65.39834666494238
Corn_Starch_80_ZhengChenPelegYbaseSplit;valid;0;SG_21_2_1+AreaNormalization;pls;"{""n_components"": 26}";65.441;65.3517755447262
Corn_Starch_80_ZhengChenPelegYbaseSplit;valid;0;SG_21_2_1+AreaNormalization;pls;"{""n_components"": 26}";65.637;65.5462908976953
Corn_Starch_80_ZhengChenPelegYbaseSplit;valid;0;SG_21_2_1+AreaNormalization;pls;"{""n_components"": 26}";65.679;65.57385080412065
Corn_Starch_80_ZhengChenPelegYbaseSplit;valid;0;SG_21_2_1+AreaNormalization;pls;"{""n_components"": 26}";65.903;65.70021943752319
Corn_Starch_80_ZhengChenPelegYbaseSplit;test;0;SG_21_2_1+AreaNormalization;pls;"{""n_components"": 26}";63.021;62.89057569567867
Corn_Starch_80_ZhengChenPelegYbaseSplit;test;0;SG_21_2_1+AreaNormalization;pls;"{""n_components"": 26}";63.356;63.3580978512237
Corn_Starch_80_ZhengChenPelegYbaseSplit;test;0;SG_21_2_1+AreaNormalization;pls;"{""n_components"": 26}";63.631;63.59242527286606
Corn_Starch_80_ZhengChenPelegYbaseSplit;test;0;SG_21_2_1+AreaNormalization;pls;"{""n_components"": 26}";64.148;64.17015760373246
Corn_Starch_80_ZhengChenPelegYbaseSplit;test;0;SG_21_2_1+AreaNormalization;pls;"{""n_components"": 26}";64.292;64.1945204145756
Corn_Starch_80_ZhengChenPelegYbaseSplit;test;0;SG_21_2_1+AreaNormalization;pls;"{""n_components"": 26}";64.539;64.25030139755418
Corn_Starch_80_ZhengChenPelegYbaseSplit;test;0;SG_21_2_1+AreaNormalization;pls;"{""n_components"": 26}";64.613;64.68766209041014
Corn_Starch_80_ZhengChenPelegYbaseSplit;test;0;SG_21_2_1+AreaNormalization;pls;"{""n_components"": 26}";64.757;64.72036250095174
Corn_Starch_80_ZhengChenPelegYbaseSplit;test;0;SG_21_2_1+AreaNormalization;pls;"{""n_components"": 26}";64.853;64.85302285059858
Corn_Starch_80_ZhengChenPelegYbaseSplit;test;0;SG_21_2_1+AreaNormalization;pls;"{""n_components"": 26}";64.933;64.83020772978145
Corn_Starch_80_ZhengChenPelegYbaseSplit;test;0;SG_21_2_1+AreaNormalization;pls;"{""n_components"": 26}";65.144;65.14275056325931
Corn_Starch_80_ZhengChenPelegYbaseSplit;test;0;SG_21_2_1+AreaNormalization;pls;"{""n_components"": 26}";65.233;65.44412236106045
Corn_Starch_80_ZhengChenPelegYbaseSplit;test;0;SG_21_2_1+AreaNormalization;pls;"{""n_components"": 26}";65.386;65.42742268899161
Corn_Starch_80_ZhengChenPelegYbaseSplit;test;0;SG_21_2_1+AreaNormalization;pls;"{""n_components"": 26}";65.519;65.63610423493162
Corn_Starch_80_ZhengChenPelegYbaseSplit;test;0;SG_21_2_1+AreaNormalization;pls;"{""n_components"": 26}";65.646;65.8050951068929
Corn_Starch_80_ZhengChenPelegYbaseSplit;test;0;SG_21_2_1+AreaNormalization;pls;"{""n_components"": 26}";65.841;65.72374388220138
Corn_Starch_80_ZhengChenPelegYbaseSplit;valid;1;SG_21_2_1+AreaNormalization;pls;"{""n_components"": 26}";62.826;63.00326413451551
Corn_Starch_80_ZhengChenPelegYbaseSplit;valid;1;SG_21_2_1+AreaNormalization;pls;"{""n_components"": 26}";63.247;63.144439500013924
Corn_Starch_80_ZhengChenPelegYbaseSplit;valid;1;SG_21_2_1+AreaNormalization;pls;"{""n_components"": 26}";63.466;63.475382539562005
Corn_Starch_80_ZhengChenPelegYbaseSplit;valid;1;SG_21_2_1+AreaNormalization;pls;"{""n_components"": 26}";63.823;63.96454588940075
Corn_Starch_80_ZhengChenPelegYbaseSplit;valid;1;SG_21_2_1+AreaNormalization;pls;"{""n_components"": 26}";63.913;63.916314347254755
Corn_Starch_80_ZhengChenPelegYbaseSplit;valid;1;SG_21_2_1+AreaNormalization;pls;"{""n_components"": 26}";64.266;63.886554542236176
Corn_Starch_80_ZhengChenPelegYbaseSplit;valid;1;SG_21_2_1+AreaNormalization;pls;"{""n_components"": 26}";64.367;64.20778945789205
Corn_Starch_80_ZhengChenPelegYbaseSplit;valid;1;SG_21_2_1+AreaNormalization;pls;"{""n_components"": 26}";64.42;64.46667386323996
Corn_Starch_80_ZhengChenPelegYbaseSplit;valid;1;SG_21_2_1+AreaNormalization;pls;"{""n_components"": 26}";64.544;64.59016016291142
Corn_Starch_80_ZhengChenPelegYbaseSplit;valid;1;SG_21_2_1+AreaNormalization;pls;"{""n_components"": 26}";64.574;64.56014436956252
Corn_Starch_80_ZhengChenPelegYbaseSplit;valid;1;SG_21_2_1+AreaNormalization;pls;"{""n_components"": 26}";64.787;64.73592385003536
Corn_Starch_80_ZhengChenPelegYbaseSplit;valid;1;SG_21_2_1+AreaNormalization;pls;"{""n_components"": 26}";64.806;64.99675587926559
Corn_Starch_80_ZhengChenPelegYbaseSplit;valid;1;SG_21_2_1+AreaNormalization;pls;"{""n_components"": 26}";64.838;64.64242868410196
Corn_Starch_80_ZhengChenPelegYbaseSplit;valid;1;SG_21_2_1+AreaNormalization;pls;"{""n_components"": 26}";64.915;64.95256033514713
Corn_Starch_80_ZhengChenPelegYbaseSplit;valid;1;SG_21_2_1+AreaNormalization;pls;"{""n_components"": 26}";65.193;65.0219947913189
Corn_Starch_80_ZhengChenPelegYbaseSplit;valid;1;SG_21_2_1+AreaNormalization;pls;"{""n_components"": 26}";65.371;65.58485671984661
Corn_Starch_80_ZhengChenPelegYbaseSplit;valid;1;SG_21_2_1+AreaNormalization;pls;"{""n_components"": 26}";65.374;65.36215438076567
Corn_Starch_80_ZhengChenPelegYbaseSplit;valid;1;SG_21_2_1+AreaNormalization;pls;"{""n_components"": 26}";65.427;65.4487606607031
Corn_Starch_80_ZhengChenPelegYbaseSplit;valid;1;SG_21_2_1+AreaNormalization;pls;"{""n_components"": 26}";65.437;65.39351328716567
Corn_Starch_80_ZhengChenPelegYbaseSplit;valid;1;SG_21_2_1+AreaNormalization;pls;"{""n_components"": 26}";65.547;65.4704043843648
Corn_Starch_80_ZhengChenPelegYbaseSplit;valid;1;SG_21_2_1+AreaNormalization;pls;"{""n_components"": 26}";65.72;65.6591995080932
Corn_Starch_80_ZhengChenPelegYbaseSplit;test;1;SG_21_2_1+AreaNormalization;pls;"{""n_components"": 26}";63.021;62.94311503554263
Corn_Starch_80_ZhengChenPelegYbaseSplit;test;1;SG_21_2_1+AreaNormalization;pls;"{""n_components"": 26}";63.356;63.1242042955964
Corn_Starch_80_ZhengChenPelegYbaseSplit;test;1;SG_21_2_1+AreaNormalization;pls;"{""n_components"": 26}";63.631;63.51210705506342
Corn_Starch_80_ZhengChenPelegYbaseSplit;test;1;SG_21_2_1+AreaNormalization;pls;"{""n_components"": 26}";64.148;64.32471374656015
Corn_Starch_80_ZhengChenPelegYbaseSplit;test;1;SG_21_2_1+AreaNormalization;pls;"{""n_components"": 26}";64.292;64.21201218435316
Corn_Starch_80_ZhengChenPelegYbaseSplit;test;1;SG_21_2_1+AreaNormalization;pls;"{""n_components"": 26}";64.539;64.12793798138371
Corn_Starch_80_ZhengChenPelegYbaseSplit;test;1;SG_21_2_1+AreaNormalization;pls;"{""n_components"": 26}";64.613;64.42451608956941
Corn_Starch_80_ZhengChenPelegYbaseSplit;test;1;SG_21_2_1+AreaNormalization;pls;"{""n_components"": 26}";64.757;64.87845492596873
Corn_Starch_80_ZhengChenPelegYbaseSplit;test;1;SG_21_2_1+AreaNormalization;pls;"{""n_components"": 26}";64.853;64.96780944317015
Corn_Starch_80_ZhengChenPelegYbaseSplit;test;1;SG_21_2_1+AreaNormalization;pls;"{""n_components"": 26}";64.933;64.98649017093607
Corn_Starch_80_ZhengChenPelegYbaseSplit;test;1;SG_21_2_1+AreaNormalization;pls;"{""n_components"": 26}";65.144;65.2000945167306
Corn_Starch_80_ZhengChenPelegYbaseSplit;test;1;SG_21_2_1+AreaNormalization;pls;"{""n_components"": 26}";65.233;65.36159965891046
Corn_Starch_80_ZhengChenPelegYbaseSplit;test;1;SG_21_2_1+AreaNormalization;pls;"{""n_components"": 26}";65.386;65.34400306188331
Corn_Starch_80_ZhengChenPelegYbaseSplit;test;1;SG_21_2_1+AreaNormalization;pls;"{""n_components"": 26}";65.519;65.53045360240638
Corn_Starch_80_ZhengChenPelegYbaseSplit;test;1;SG_21_2_1+AreaNormalization;pls;"{""n_components"": 26}";65.646;65.64448042108681
Corn_Starch_80_ZhengChenPelegYbaseSplit;test;1;SG_21_2_1+AreaNormalization;pls;"{""n_components"": 26}";65.841;65.60583795057282
Corn_Starch_80_ZhengChenPelegYbaseSplit;valid;2;SG_21_2_1+AreaNormalization;pls;"{""n_components"": 26}";63.099;63.14414436542796
Corn_Starch_80_ZhengChenPelegYbaseSplit;valid;2;SG_21_2_1+AreaNormalization;pls;"{""n_components"": 26}";63.263;63.38683793900639
Corn_Starch_80_ZhengChenPelegYbaseSplit;valid;2;SG_21_2_1+AreaNormalization;pls;"{""n_components"": 26}";63.416;63.217073774994894
Corn_Starch_80_ZhengChenPelegYbaseSplit;valid;2;SG_21_2_1+AreaNormalization;pls;"{""n_components"": 26}";63.513;63.51072255047327
Corn_Starch_80_ZhengChenPelegYbaseSplit;valid;2;SG_21_2_1+AreaNormalization;pls;"{""n_components"": 26}";64.131;64.37727574353757
Corn_Starch_80_ZhengChenPelegYbaseSplit;valid;2;SG_21_2_1+AreaNormalization;pls;"{""n_components"": 26}";64.464;64.6460835091039
Corn_Starch_80_ZhengChenPelegYbaseSplit;valid;2;SG_21_2_1+AreaNormalization;pls;"{""n_components"": 26}";64.582;65.05035868243884
Corn_Starch_80_ZhengChenPelegYbaseSplit;valid;2;SG_21_2_1+AreaNormalization;pls;"{""n_components"": 26}";64.62;64.7758210789711
Corn_Starch_80_ZhengChenPelegYbaseSplit;valid;2;SG_21_2_1+AreaNormalization;pls;"{""n_components"": 26}";64.656;64.68696234611222
Corn_Starch_80_ZhengChenPelegYbaseSplit;valid;2;SG_21_2_1+AreaNormalization;pls;"{""n_components"": 26}";64.851;64.78689157225823
Corn_Starch_80_ZhengChenPelegYbaseSplit;valid;2;SG_21_2_1+AreaNormalization;pls;"{""n_components"": 26}";64.923;65.04376659986028
Corn_Starch_80_ZhengChenPelegYbaseSplit;valid;2;SG_21_2_1+AreaNormalization;pls;"{""n_components"": 26}";65.104;65.13157821226972
Corn_Starch_80_ZhengChenPelegYbaseSplit;valid;2;SG_21_2_1+AreaNormalization;pls;"{""n_components"": 26}";65.115;65.04015105729268
Corn_Starch_80_ZhengChenPelegYbaseSplit;valid;2;SG_21_2_1+AreaNormalization;pls;"{""n_components"": 26}";65.209;65.39645762215429
Corn_Starch_80_ZhengChenPelegYbaseSplit;valid;2;SG_21_2_1+AreaNormalization;pls;"{""n_components"": 26}";65.337;65.47332498729513
Corn_Starch_80_ZhengChenPelegYbaseSplit;valid;2;SG_21_2_1+AreaNormalization;pls;"{""n_components"": 26}";65.474;65.42164759801102
Corn_Starch_80_ZhengChenPelegYbaseSplit;valid;2;SG_21_2_1+AreaNormalization;pls;"{""n_components"": 26}";65.524;65.70159917462422
Corn_Starch_80_ZhengChenPelegYbaseSplit;valid;2;SG_21_2_1+AreaNormalization;pls;"{""n_components"": 26}";65.601;65.3857463158546
Corn_Starch_80_ZhengChenPelegYbaseSplit;valid;2;SG_21_2_1+AreaNormalization;pls;"{""n_components"": 26}";65.795;65.60633513311554
Corn_Starch_80_ZhengChenPelegYbaseSplit;valid;2;SG_21_2_1+AreaNormalization;pls;"{""n_components"": 26}";65.808;65.80760935491026
Corn_Starch_80_ZhengChenPelegYbaseSplit;valid;2;SG_21_2_1+AreaNormalization;pls;"{""n_components"": 26}";66.472;66.01843104635844
Corn_Starch_80_ZhengChenPelegYbaseSplit;test;2;SG_21_2_1+AreaNormalization;pls;"{""n_components"": 26}";63.021;62.66950797349945
Corn_Starch_80_ZhengChenPelegYbaseSplit;test;2;SG_21_2_1+AreaNormalization;pls;"{""n_components"": 26}";63.356;63.243403051220206
Corn_Starch_80_ZhengChenPelegYbaseSplit;test;2;SG_21_2_1+AreaNormalization;pls;"{""n_components"": 26}";63.631;63.439737847155456
Corn_Starch_80_ZhengChenPelegYbaseSplit;test;2;SG_21_2_1+AreaNormalization;pls;"{""n_components"": 26}";64.148;64.31438346020808
Corn_Starch_80_ZhengChenPelegYbaseSplit;test;2;SG_21_2_1+AreaNormalization;pls;"{""n_components"": 26}";64.292;64.09012404776462
Corn_Starch_80_ZhengChenPelegYbaseSplit;test;2;SG_21_2_1+AreaNormalization;pls;"{""n_components"": 26}";64.539;64.35774949063419
Corn_Starch_80_ZhengChenPelegYbaseSplit;test;2;SG_21_2_1+AreaNormalization;pls;"{""n_components"": 26}";64.613;64.79683478047231
Corn_Starch_80_ZhengChenPelegYbaseSplit;test;2;SG_21_2_1+AreaNormalization;pls;"{""n_components"": 26}";64.757;64.70718283123361
Corn_Starch_80_ZhengChenPelegYbaseSplit;test;2;SG_21_2_1+AreaNormalization;pls;"{""n_components"": 26}";64.853;64.87739302981991
Corn_Starch_80_ZhengChenPelegYbaseSplit;test;2;SG_21_2_1+AreaNormalization;pls;"{""n_components"": 26}";64.933;64.84426706487055
Corn_Starch_80_ZhengChenPelegYbaseSplit;test;2;SG_21_2_1+AreaNormalization;pls;"{""n_components"": 26}";65.144;65.3342734682298
Corn_Starch_80_ZhengChenPelegYbaseSplit;test;2;SG_21_2_1+AreaNormalization;pls;"{""n_components"": 26}";65.233;65.6940303096676
Corn_Starch_80_ZhengChenPelegYbaseSplit;test;2;SG_21_2_1+AreaNormalization;pls;"{""n_components"": 26}";65.386;65.19493702535162
Corn_Starch_80_ZhengChenPelegYbaseSplit;test;2;SG_21_2_1+AreaNormalization;pls;"{""n_components"": 26}";65.519;65.54118559698001
Corn_Starch_80_ZhengChenPelegYbaseSplit;test;2;SG_21_2_1+AreaNormalization;pls;"{""n_components"": 26}";65.646;65.58256248142973
Corn_Starch_80_ZhengChenPelegYbaseSplit;test;2;SG_21_2_1+AreaNormalization;pls;"{""n_components"": 26}";65.841;65.67538328232318
Corn_Starch_80_ZhengChenPelegYbaseSplit;valid;0;SG_15_3_2;pls;"{""n_components"": 25}";62.884;63.00932051641335
Corn_Starch_80_ZhengChenPelegYbaseSplit;valid;0;SG_15_3_2;pls;"{""n_components"": 25}";63.246;63.15353797224319
Corn_Starch_80_ZhengChenPelegYbaseSplit;valid;0;SG_15_3_2;pls;"{""n_components"": 25}";63.567;63.50202726706131
Corn_Starch_80_ZhengChenPelegYbaseSplit;valid;0;SG_15_3_2;pls;"{""n_components"": 25}";63.784;63.354642805305396
Corn_Starch_80_ZhengChenPelegYbaseSplit;valid;0;SG_15_3_2;pls;"{""n_components"": 25}";64.253;64.4385564350131
Corn_Starch_80_ZhengChenPelegYbaseSplit;valid;0;SG_15_3_2;pls;"{""n_components"": 25}";64.261;64.52916424209556
Corn_Starch_80_ZhengChenPelegYbaseSplit;valid;0;SG_15_3_2;pls;"{""n_components"": 25}";64.287;64.1208840337403
Corn_Starch_80_ZhengChenPelegYbaseSplit;valid;0;SG_15_3_2;pls;"{""n_components"": 25}";64.506;64.42863247193837
Corn_Starch_80_ZhengChenPelegYbaseSplit;valid;0;SG_15_3_2;pls;"{""n_components"": 25}";64.546;64.57107506221814
Corn_Starch_80_ZhengChenPelegYbaseSplit;valid;0;SG_15_3_2;pls;"{""n_components"": 25}";64.632;64.66546766630562
Corn_Starch_80_ZhengChenPelegYbaseSplit;valid;0;SG_15_3_2;pls;"{""n_components"": 25}";64.67;64.650947279455
Corn_Starch_80_ZhengChenPelegYbaseSplit;valid;0;SG_15_3_2;pls;"{""n_components"": 25}";64.882;65.02639234152025
Corn_Starch_80_ZhengChenPelegYbaseSplit;valid;0;SG_15_3_2;pls;"{""n_components"": 25}";64.895;64.83617141295696
Corn_Starch_80_ZhengChenPelegYbaseSplit;valid;0;SG_15_3_2;pls;"{""n_components"": 25}";65.022;65.16576236612163
Corn_Starch_80_ZhengChenPelegYbaseSplit;valid;0;SG_15_3_2;pls;"{""n_components"": 25}";65.107;64.79563473156254
Corn_Starch_80_ZhengChenPelegYbaseSplit;valid;0;SG_15_3_2;pls;"{""n_components"": 25}";65.205;65.30806401093932
Corn_Starch_80_ZhengChenPelegYbaseSplit;valid;0;SG_15_3_2;pls;"{""n_components"": 25}";65.217;65.38134839024137
Corn_Starch_80_ZhengChenPelegYbaseSplit;valid;0;SG_15_3_2;pls;"{""n_components"": 25}";65.294;65.30040416927994
Corn_Starch_80_ZhengChenPelegYbaseSplit;valid;0;SG_15_3_2;pls;"{""n_components"": 25}";65.441;65.3455642450915
Corn_Starch_80_ZhengChenPelegYbaseSplit;valid;0;SG_15_3_2;pls;"{""n_components"": 25}";65.637;65.62908920402357
Corn_Starch_80_ZhengChenPelegYbaseSplit;valid;0;SG_15_3_2;pls;"{""n_components"": 25}";65.679;65.6392840021315
Corn_Starch_80_ZhengChenPelegYbaseSplit;valid;0;SG_15_3_2;pls;"{""n_components"": 25}";65.903;65.71831187442254
Corn_Starch_80_ZhengChenPelegYbaseSplit;test;0;SG_15_3_2;pls;"{""n_components"": 25}";63.021;63.233232055473316
Corn_Starch_80_ZhengChenPelegYbaseSplit;test;0;SG_15_3_2;pls;"{""n_components"": 25}";63.356;63.38334415568268
Corn_Starch_80_ZhengChenPelegYbaseSplit;test;0;SG_15_3_2;pls;"{""n_components"": 25}";63.631;63.65467760542346
Corn_Starch_80_ZhengChenPelegYbaseSplit;test;0;SG_15_3_2;pls;"{""n_components"": 25}";64.148;64.201578069115
Corn_Starch_80_ZhengChenPelegYbaseSplit;test;0;SG_15_3_2;pls;"{""n_components"": 25}";64.292;64.34885765011873
Corn_Starch_80_ZhengChenPelegYbaseSplit;test;0;SG_15_3_2;pls;"{""n_components"": 25}";64.539;64.34137117586381
Corn_Starch_80_ZhengChenPelegYbaseSplit;test;0;SG_15_3_2;pls;"{""n_components"": 25}";64.613;64.95822462599698
Corn_Starch_80_ZhengChenPelegYbaseSplit;test;0;SG_15_3_2;pls;"{""n_components"": 25}";64.757;64.64786071745908
Corn_Starch_80_ZhengChenPelegYbaseSplit;test;0;SG_15_3_2;pls;"{""n_components"": 25}";64.853;65.0762380887769
Corn_Starch_80_ZhengChenPelegYbaseSplit;test;0;SG_15_3_2;pls;"{""n_components"": 25}";64.933;64.82758615821014
Corn_Starch_80_ZhengChenPelegYbaseSplit;test;0;SG_15_3_2;pls;"{""n_components"": 25}";65.144;65.10486669377521
Corn_Starch_80_ZhengChenPelegYbaseSplit;test;0;SG_15_3_2;pls;"{""n_components"": 25}";65.233;65.3485860678496
Corn_Starch_80_ZhengChenPelegYbaseSplit;test;0;SG_15_3_2;pls;"{""n_components"": 25}";65.386;65.20340588708619
Corn_Starch_80_ZhengChenPelegYbaseSplit;test;0;SG_15_3_2;pls;"{""n_components"": 25}";65.519;65.60477674328732
Corn_Starch_80_ZhengChenPelegYbaseSplit;test;0;SG_15_3_2;pls;"{""n_components"": 25}";65.646;65.62253171602873
Corn_Starch_80_ZhengChenPelegYbaseSplit;test;0;SG_15_3_2;pls;"{""n_components"": 25}";65.841;65.39173466680367
Corn_Starch_80_ZhengChenPelegYbaseSplit;valid;1;SG_15_3_2;pls;"{""n_components"": 25}";62.826;63.03149548197192
Corn_Starch_80_ZhengChenPelegYbaseSplit;valid;1;SG_15_3_2;pls;"{""n_components"": 25}";63.247;63.45005363348031
Corn_Starch_80_ZhengChenPelegYbaseSplit;valid;1;SG_15_3_2;pls;"{""n_components"": 25}";63.466;63.480614433248135
Corn_Starch_80_ZhengChenPelegYbaseSplit;valid;1;SG_15_3_2;pls;"{""n_components"": 25}";63.823;63.89204413531412
Corn_Starch_80_ZhengChenPelegYbaseSplit;valid;1;SG_15_3_2;pls;"{""n_components"": 25}";63.913;63.850435150344225
Corn_Starch_80_ZhengChenPelegYbaseSplit;valid;1;SG_15_3_2;pls;"{""n_components"": 25}";64.266;63.967820980693524
Corn_Starch_80_ZhengChenPelegYbaseSplit;valid;1;SG_15_3_2;pls;"{""n_components"": 25}";64.367;64.36585325676526
Corn_Starch_80_ZhengChenPelegYbaseSplit;valid;1;SG_15_3_2;pls;"{""n_components"": 25}";64.42;64.43204412249169
Corn_Starch_80_ZhengChenPelegYbaseSplit;valid;1;SG_15_3_2;pls;"{""n_components"": 25}";64.544;64.4364707354891
Corn_Starch_80_ZhengChenPelegYbaseSplit;valid;1;SG_15_3_2;pls;"{""n_components"": 25}";64.574;64.53539496538261
Corn_Starch_80_ZhengChenPelegYbaseSplit;valid;1;SG_15_3_2;pls;"{""n_components"": 25}";64.787;64.65542247256266
Corn_Starch_80_ZhengChenPelegYbaseSplit;valid;1;SG_15_3_2;pls;"{""n_components"": 25}";64.806;64.28692440697081
Corn_Starch_80_ZhengChenPelegYbaseSplit;valid;1;SG_15_3_2;pls;"{""n_components"": 25}";64.838;64.61925830858445
Corn_Starch_80_ZhengChenPelegYbaseSplit;valid;1;SG_15_3_2;pls;"{""n_components"": 25}";64.915;64.84154092108598
Corn_Starch_80_ZhengChenPelegYbaseSplit;valid;1;SG_15_3_2;pls;"{""n_components"": 25}";65.193;65.00624779154971
Corn_Starch_80_ZhengChenPelegYbaseSplit;valid;1;SG_15_3_2;pls;"{""n_components"": 25}";65.371;65.45658496088733
Corn_Starch_80_ZhengChenPelegYbaseSplit;valid;1;SG_15_3_2;pls;"{""n_components"": 25}";65.374;65.25115262693109
Corn_Starch_80_ZhengChenPelegYbaseSplit;valid;1;SG_15_3_2;pls;"{""n_components"": 25}";65.427;65.43022880691115
Corn_Starch_80_ZhengChenPelegYbaseSplit;valid;1;SG_15_3_2;pls;"{""n_components"": 25}";65.437;65.35917662788287
Corn_Starch_80_ZhengChenPelegYbaseSplit;valid;1;SG_15_3_2;pls;"{""n_components"": 25}";65.547;65.65756934414038
Corn_Starch_80_ZhengChenPelegYbaseSplit;valid;1;SG_15_3_2;pls;"{""n_components"": 25}";65.72;65.47328252042708
Corn_Starch_80_ZhengChenPelegYbaseSplit;test;1;SG_15_3_2;pls;"{""n_components"": 25}";63.021;63.04434514152572
Corn_Starch_80_ZhengChenPelegYbaseSplit;test;1;SG_15_3_2;pls;"{""n_components"": 25}";63.356;63.2238335387298
Corn_Starch_80_ZhengChenPelegYbaseSplit;test;1;SG_15_3_2;pls;"{""n_components"": 25}";63.631;63.44236487180419
Corn_Starch_80_ZhengChenPelegYbaseSplit;test;1;SG_15_3_2;pls;"{""n_components"": 25}";64.148;64.36692529426195
Corn_Starch_80_ZhengChenPelegYbaseSplit;test;1;SG_15_3_2;pls;"{""n_components"": 25}";64.292;64.41724569950098
Corn_Starch_80_ZhengChenPelegYbaseSplit;test;1;SG_15_3_2;pls;"{""n_components"": 25}";64.539;64.21237709719055
Corn_Starch_80_ZhengChenPelegYbaseSplit;test;1;SG_15_3_2;pls;"{""n_components"": 25}";64.613;64.73605935783094
Corn_Starch_80_ZhengChenPelegYbaseSplit;test;1;SG_15_3_2;pls;"{""n_components"": 25}";64.757;64.33438999121698
Corn_Starch_80_ZhengChenPelegYbaseSplit;test;1;SG_15_3_2;pls;"{""n_components"": 25}";64.853;64.9589427761326
Corn_Starch_80_ZhengChenPelegYbaseSplit;test;1;SG_15_3_2;pls;"{""n_components"": 25}";64.933;64.7531948041968
Corn_Starch_80_ZhengChenPelegYbaseSplit;test;1;SG_15_3_2;pls;"{""n_components"": 25}";65.144;65.04026954815447
Corn_Starch_80_ZhengChenPelegYbaseSplit;test;1;SG_15_3_2;pls;"{""n_components"": 25}";65.233;65.03967254858269
Corn_Starch_80_ZhengChenPelegYbaseSplit;test;1;SG_15_3_2;pls;"{""n_components"": 25}";65.386;65.16030436907866
Corn_Starch_80_ZhengChenPelegYbaseSplit;test;1;SG_15_3_2;pls;"{""n_components"": 25}";65.519;65.43618449487502
Corn_Starch_80_ZhengChenPelegYbaseSplit;test;1;SG_15_3_2;pls;"{""n_components"": 25}";65.646;65.63445367867781
Corn_Starch_80_ZhengChenPelegYbaseSplit;test;1;SG_15_3_2;pls;"{""n_components"": 25}";65.841;65.38554518722539
Corn_Starch_80_ZhengChenPelegYbaseSplit;valid;2;SG_15_3_2;pls;"{""n_components"": 25}";63.099;63.03312851855547
Corn_Starch_80_ZhengChenPelegYbaseSplit;valid;2;SG_15_3_2;pls;"{""n_components"": 25}";63.263;63.49868659734296
Corn_Starch_80_ZhengChenPelegYbaseSplit;valid;2;SG_15_3_2;pls;"{""n_components"": 25}";63.416;63.42795392341724
Corn_Starch_80_ZhengChenPelegYbaseSplit;valid;2;SG_15_3_2;pls;"{""n_components"": 25}";63.513;63.45974221666399
Corn_Starch_80_ZhengChenPelegYbaseSplit;valid;2;SG_15_3_2;pls;"{""n_components"": 25}";64.131;64.44960850413463
Corn_Starch_80_ZhengChenPelegYbaseSplit;valid;2;SG_15_3_2;pls;"{""n_components"": 25}";64.464;64.87514815623237
Corn_Starch_80_ZhengChenPelegYbaseSplit;valid;2;SG_15_3_2;pls;"{""n_components"": 25}";64.582;65.1546985671158
Corn_Starch_80_ZhengChenPelegYbaseSplit;valid;2;SG_15_3_2;pls;"{""n_components"": 25}";64.62;64.75644254099515
Corn_Starch_80_ZhengChenPelegYbaseSplit;valid;2;SG_15_3_2;pls;"{""n_components"": 25}";64.656;64.61116206834812
Corn_Starch_80_ZhengChenPelegYbaseSplit;valid;2;SG_15_3_2;pls;"{""n_components"": 25}";64.851;64.59439393225306
Corn_Starch_80_ZhengChenPelegYbaseSplit;valid;2;SG_15_3_2;pls;"{""n_components"": 25}";64.923;65.31277109658191
Corn_Starch_80_ZhengChenPelegYbaseSplit;valid;2;SG_15_3_2;pls;"{""n_components"": 25}";65.104;65.12445285043268
Corn_Starch_80_ZhengChenPelegYbaseSplit;valid;2;SG_15_3_2;pls;"{""n_components"": 25}";65.115;65.05481932842953
Corn_Starch_80_ZhengChenPelegYbaseSplit;valid;2;SG_15_3_2;pls;"{""n_components"": 25}";65.209;65.50272264923062
Corn_Starch_80_ZhengChenPelegYbaseSplit;valid;2;SG_15_3_2;pls;"{""n_components"": 25}";65.337;65.42223233740432
Corn_Starch_80_ZhengChenPelegYbaseSplit;valid;2;SG_15_3_2;pls;"{""n_components"": 25}";65.474;65.42037575041822
Corn_Starch_80_ZhengChenPelegYbaseSplit;valid;2;SG_15_3_2;pls;"{""n_components"": 25}";65.524;65.5900776868302
Corn_Starch_80_ZhengChenPelegYbaseSplit;valid;2;SG_15_3_2;pls;"{""n_components"": 25}";65.601;65.47638778579241
Corn_Starch_80_ZhengChenPelegYbaseSplit;valid;2;SG_15_3_2;pls;"{""n_components"": 25}";65.795;65.61728342404938
Corn_Starch_80_ZhengChenPelegYbaseSplit;valid;2;SG_15_3_2;pls;"{""n_components"": 25}";65.808;65.69804938135411
Corn_Starch_80_ZhengChenPelegYbaseSplit;valid;2;SG_15_3_2;pls;"{""n_components"": 25}";66.472;65.97999669323322
Corn_Starch_80_ZhengChenPelegYbaseSplit;test;2;SG_15_3_2;pls;"{""n_components"": 25}";63.021;62.78679745330343
Corn_Starch_80_ZhengChenPelegYbaseSplit;test;2;SG_15_3_2;pls;"{""n_components"": 25}";63.356;63.32161289568465
Corn_Starch_80_ZhengChenPelegYbaseSplit;test;2;SG_15_3_2;pls;"{""n_components"": 25}";63.631;63.3596944001348
Corn_Starch_80_ZhengChenPelegYbaseSplit;test;2;SG_15_3_2;pls;"{""n_components"": 25}";64.148;64.387826154224
Corn_Starch_80_ZhengChenPelegYbaseSplit;test;2;SG_15_3_2;pls;"{""n_components"": 25}";64.292;64.30200291194872
Corn_Starch_80_ZhengChenPelegYbaseSplit;test;2;SG_15_3_2;pls;"{""n_components"": 25}";64.539;64.46933481264217
Corn_Starch_80_ZhengChenPelegYbaseSplit;test;2;SG_15_3_2;pls;"{""n_components"": 25}";64.613;65.28193942221912
Corn_Starch_80_ZhengChenPelegYbaseSplit;test;2;SG_15_3_2;pls;"{""n_components"": 25}";64.757;64.7392236665659
Corn_Starch_80_ZhengChenPelegYbaseSplit;test;2;SG_15_3_2;pls;"{""n_components"": 25}";64.853;65.1548196212264
Corn_Starch_80_ZhengChenPelegYbaseSplit;test;2;SG_15_3_2;pls;"{""n_components"": 25}";64.933;64.90740447784104
Corn_Starch_80_ZhengChenPelegYbaseSplit;test;2;SG_15_3_2;pls;"{""n_components"": 25}";65.144;65.49830426592408
Corn_Starch_80_ZhengChenPelegYbaseSplit;test;2;SG_15_3_2;pls;"{""n_components"": 25}";65.233;65.60523488032202
Corn_Starch_80_ZhengChenPelegYbaseSplit;test;2;SG_15_3_2;pls;"{""n_components"": 25}";65.386;64.99924633150304
Corn_Starch_80_ZhengChenPelegYbaseSplit;test;2;SG_15_3_2;pls;"{""n_components"": 25}";65.519;65.3976960908047
Corn_Starch_80_ZhengChenPelegYbaseSplit;test;2;SG_15_3_2;pls;"{""n_components"": 25}";65.646;65.59921486829636
Corn_Starch_80_ZhengChenPelegYbaseSplit;test;2;SG_15_3_2;pls;"{""n_components"": 25}";65.841;65.60965892634941
Corn_Starch_80_ZhengChenPelegYbaseSplit;valid;0;SG_15_3_2+Haar;pls;"{""n_components"": 13}";62.884;63.34564914496285
Corn_Starch_80_ZhengChenPelegYbaseSplit;valid;0;SG_15_3_2+Haar;pls;"{""n_components"": 13}";63.246;63.51303430669413
Corn_Starch_80_ZhengChenPelegYbaseSplit;valid;0;SG_15_3_2+Haar;pls;"{""n_components"": 13}";63.567;63.5306882023303
Corn_Starch_80_ZhengChenPelegYbaseSplit;valid;0;SG_15_3_2+Haar;pls;"{""n_components"": 13}";63.784;63.519873924097496
Corn_Starch_80_ZhengChenPelegYbaseSplit;valid;0;SG_15_3_2+Haar;pls;"{""n_components"": 13}";64.253;64.57264299137651
Corn_Starch_80_ZhengChenPelegYbaseSplit;valid;0;SG_15_3_2+Haar;pls;"{""n_components"": 13}";64.261;64.574516243333
Corn_Starch_80_ZhengChenPelegYbaseSplit;valid;0;SG_15_3_2+Haar;pls;"{""n_components"": 13}";64.287;64.3308043505218
Corn_Starch_80_ZhengChenPelegYbaseSplit;valid;0;SG_15_3_2+Haar;pls;"{""n_components"": 13}";64.506;64.51111372376096
Corn_Starch_80_ZhengChenPelegYbaseSplit;valid;0;SG_15_3_2+Haar;pls;"{""n_components"": 13}";64.546;64.62883558200443
Corn_Starch_80_ZhengChenPelegYbaseSplit;valid;0;SG_15_3_2+Haar;pls;"{""n_components"": 13}";64.632;64.80937417208182
Corn_Starch_80_ZhengChenPelegYbaseSplit;valid;0;SG_15_3_2+Haar;pls;"{""n_components"": 13}";64.67;64.85150114634772
Corn_Starch_80_ZhengChenPelegYbaseSplit;valid;0;SG_15_3_2+Haar;pls;"{""n_components"": 13}";64.882;65.09911547365907
Corn_Starch_80_ZhengChenPelegYbaseSplit;valid;0;SG_15_3_2+Haar;pls;"{""n_components"": 13}";64.895;64.60916661639102
Corn_Starch_80_ZhengChenPelegYbaseSplit;valid;0;SG_15_3_2+Haar;pls;"{""n_components"": 13}";65.022;65.07839628449015
Corn_Starch_80_ZhengChenPelegYbaseSplit;valid;0;SG_15_3_2+Haar;pls;"{""n_components"": 13}";65.107;64.77009693892069
Corn_Starch_80_ZhengChenPelegYbaseSplit;valid;0;SG_15_3_2+Haar;pls;"{""n_components"": 13}";65.205;65.06186741577366
Corn_Starch_80_ZhengChenPelegYbaseSplit;valid;0;SG_15_3_2+Haar;pls;"{""n_components"": 13}";65.217;65.39816815578044
Corn_Starch_80_ZhengChenPelegYbaseSplit;valid;0;SG_15_3_2+Haar;pls;"{""n_components"": 13}";65.294;65.04177750939623
Corn_Starch_80_ZhengChenPelegYbaseSplit;valid;0;SG_15_3_2+Haar;pls;"{""n_components"": 13}";65.441;65.33836747997503
Corn_Starch_80_ZhengChenPelegYbaseSplit;valid;0;SG_15_3_2+Haar;pls;"{""n_components"": 13}";65.637;65.66385030161548
Corn_Starch_80_ZhengChenPelegYbaseSplit;valid;0;SG_15_3_2+Haar;pls;"{""n_components"": 13}";65.679;66.07948448301212
Corn_Starch_80_ZhengChenPelegYbaseSplit;valid;0;SG_15_3_2+Haar;pls;"{""n_components"": 13}";65.903;65.56542181638636
Corn_Starch_80_ZhengChenPelegYbaseSplit;test;0;SG_15_3_2+Haar;pls;"{""n_components"": 13}";63.021;63.29052904351891
Corn_Starch_80_ZhengChenPelegYbaseSplit;test;0;SG_15_3_2+Haar;pls;"{""n_components"": 13}";63.356;63.61417375993539
Corn_Starch_80_ZhengChenPelegYbaseSplit;test;0;SG_15_3_2+Haar;pls;"{""n_components"": 13}";63.631;63.80432853922294
Corn_Starch_80_ZhengChenPelegYbaseSplit;test;0;SG_15_3_2+Haar;pls;"{""n_components"": 13}";64.148;64.22506123460023
Corn_Starch_80_ZhengChenPelegYbaseSplit;test;0;SG_15_3_2+Haar;pls;"{""n_components"": 13}";64.292;64.3825356047445
Corn_Starch_80_ZhengChenPelegYbaseSplit;test;0;SG_15_3_2+Haar;pls;"{""n_components"": 13}";64.539;64.21497023969663
Corn_Starch_80_ZhengChenPelegYbaseSplit;test;0;SG_15_3_2+Haar;pls;"{""n_components"": 13}";64.613;65.3018613920797
Corn_Starch_80_ZhengChenPelegYbaseSplit;test;0;SG_15_3_2+Haar;pls;"{""n_components"": 13}";64.757;64.39618138666349
Corn_Starch_80_ZhengChenPelegYbaseSplit;test;0;SG_15_3_2+Haar;pls;"{""n_components"": 13}";64.853;65.02769440616089
Corn_Starch_80_ZhengChenPelegYbaseSplit;test;0;SG_15_3_2+Haar;pls;"{""n_components"": 13}";64.933;64.86071624663498
Corn_Starch_80_ZhengChenPelegYbaseSplit;test;0;SG_15_3_2+Haar;pls;"{""n_components"": 13}";65.144;65.03689140742092
Corn_Starch_80_ZhengChenPelegYbaseSplit;test;0;SG_15_3_2+Haar;pls;"{""n_components"": 13}";65.233;65.45161943866081
Corn_Starch_80_ZhengChenPelegYbaseSplit;test;0;SG_15_3_2+Haar;pls;"{""n_components"": 13}";65.386;65.25392728522051
Corn_Starch_80_ZhengChenPelegYbaseSplit;test;0;SG_15_3_2+Haar;pls;"{""n_components"": 13}";65.519;65.61364321603692
Corn_Starch_80_ZhengChenPelegYbaseSplit;test;0;SG_15_3_2+Haar;pls;"{""n_components"": 13}";65.646;65.54762925457074
Corn_Starch_80_ZhengChenPelegYbaseSplit;test;0;SG_15_3_2+Haar;pls;"{""n_components"": 13}";65.841;65.31378625756646
Corn_Starch_80_ZhengChenPelegYbaseSplit;valid;1;SG_15_3_2+Haar;pls;"{""n_components"": 13}";62.826;63.26703156046034
Corn_Starch_80_ZhengChenPelegYbaseSplit;valid;1;SG_15_3_2+Haar;pls;"{""n_components"": 13}";63.247;63.4184962975363
Corn_Starch_80_ZhengChenPelegYbaseSplit;valid;1;SG_15_3_2+Haar;pls;"{""n_components"": 13}";63.466;63.88485348267723
Corn_Starch_80_ZhengChenPelegYbaseSplit;valid;1;SG_15_3_2+Haar;pls;"{""n_components"": 13}";63.823;64.01568795917397
Corn_Starch_80_ZhengChenPelegYbaseSplit;valid;1;SG_15_3_2+Haar;pls;"{""n_components"": 13}";63.913;64.09707971484927
Corn_Starch_80_ZhengChenPelegYbaseSplit;valid;1;SG_15_3_2+Haar;pls;"{""n_components"": 13}";64.266;64.05002668320199
Corn_Starch_80_ZhengChenPelegYbaseSplit;valid;1;SG_15_3_2+Haar;pls;"{""n_components"": 13}";64.367;64.01292346091125
Corn_Starch_80_ZhengChenPelegYbaseSplit;valid;1;SG_15_3_2+Haar;pls;"{""n_components"": 13}";64.42;64.69889237252022
Corn_Starch_80_ZhengChenPelegYbaseSplit;valid;1;SG_15_3_2+Haar;pls;"{""n_components"": 13}";64.544;64.13048067765784
Corn_Starch_80_ZhengChenPelegYbaseSplit;valid;1;SG_15_3_2+Haar;pls;"{""n_components"": 13}";64.574;64.61534929237737
Corn_Starch_80_ZhengChenPelegYbaseSplit;valid;1;SG_15_3_2+Haar;pls;"{""n_components"": 13}";64.787;64.60844192081375
Corn_Starch_80_ZhengChenPelegYbaseSplit;valid;1;SG_15_3_2+Haar;pls;"{""n_components"": 13}";64.806;64.0830911981586
Corn_Starch_80_ZhengChenPelegYbaseSplit;valid;1;SG_15_3_2+Haar;pls;"{""n_components"": 13}";64.838;64.96799732230436
Corn_Starch_80_ZhengChenPelegYbaseSplit;valid;1;SG_15_3_2+Haar;pls;"{""n_components"": 13}";64.915;64.707184013369
Corn_Starch_80_ZhengChenPelegYbaseSplit;valid;1;SG_15_3_2+Haar;pls;"{""n_components"": 13}";65.193;65.28802496312261
Corn_Starch_80_ZhengChenPelegYbaseSplit;valid;1;SG_15_3_2+Haar;pls;"{""n_components"": 13}";65.371;65.16440618572318
Corn_Starch_80_ZhengChenPelegYbaseSplit;valid;1;SG_15_3_2+Haar;pls;"{""n_components"": 13}";65.374;65.08736788474285
Corn_Starch_80_ZhengChenPelegYbaseSplit;valid;1;SG_15_3_2+Haar;pls;"{""n_components"": 13}";65.427;65.20499517253643
Corn_Starch_80_ZhengChenPelegYbaseSplit;valid;1;SG_15_3_2+Haar;pls;"{""n_components"": 13}";65.437;65.22777936414447
Corn_Starch_80_ZhengChenPelegYbaseSplit;valid;1;SG_15_3_2+Haar;pls;"{""n_components"": 13}";65.547;65.33989999292442
Corn_Starch_80_ZhengChenPelegYbaseSplit;valid;1;SG_15_3_2+Haar;pls;"{""n_components"": 13}";65.72;65.61494856577842
Corn_Starch_80_ZhengChenPelegYbaseSplit;test;1;SG_15_3_2+Haar;pls;"{""n_components"": 13}";63.021;63.0030498783469
Corn_Starch_80_ZhengChenPelegYbaseSplit;test;1;SG_15_3_2+Haar;pls;"{""n_components"": 13}";63.356;63.22119340528061
Corn_Starch_80_ZhengChenPelegYbaseSplit;test;1;SG_15_3_2+Haar;pls;"{""n_components"": 13}";63.631;63.391973187428334
Corn_Starch_80_ZhengChenPelegYbaseSplit;test;1;SG_15_3_2+Haar;pls;"{""n_components"": 13}";64.148;64.32178381730611
Corn_Starch_80_ZhengChenPelegYbaseSplit;test;1;SG_15_3_2+Haar;pls;"{""n_components"": 13}";64.292;64.50254940842783
Corn_Starch_80_ZhengChenPelegYbaseSplit;test;1;SG_15_3_2+Haar;pls;"{""n_components"": 13}";64.539;64.15084653141842
Corn_Starch_80_ZhengChenPelegYbaseSplit;test;1;SG_15_3_2+Haar;pls;"{""n_components"": 13}";64.613;65.11099341188044
Corn_Starch_80_ZhengChenPelegYbaseSplit;test;1;SG_15_3_2+Haar;pls;"{""n_components"": 13}";64.757;63.9641707994583
Corn_Starch_80_ZhengChenPelegYbaseSplit;test;1;SG_15_3_2+Haar;pls;"{""n_components"": 13}";64.853;64.54595224512909
Corn_Starch_80_ZhengChenPelegYbaseSplit;test;1;SG_15_3_2+Haar;pls;"{""n_components"": 13}";64.933;64.75846507825013
Corn_Starch_80_ZhengChenPelegYbaseSplit;test;1;SG_15_3_2+Haar;pls;"{""n_components"": 13}";65.144;64.988594725565
Corn_Starch_80_ZhengChenPelegYbaseSplit;test;1;SG_15_3_2+Haar;pls;"{""n_components"": 13}";65.233;65.03701851505303
Corn_Starch_80_ZhengChenPelegYbaseSplit;test;1;SG_15_3_2+Haar;pls;"{""n_components"": 13}";65.386;65.10057180412085
Corn_Starch_80_ZhengChenPelegYbaseSplit;test;1;SG_15_3_2+Haar;pls;"{""n_components"": 13}";65.519;65.19255982731913
Corn_Starch_80_ZhengChenPelegYbaseSplit;test;1;SG_15_3_2+Haar;pls;"{""n_components"": 13}";65.646;65.55509351587982
Corn_Starch_80_ZhengChenPelegYbaseSplit;test;1;SG_15_3_2+Haar;pls;"{""n_components"": 13}";65.841;65.11605644259402
Corn_Starch_80_ZhengChenPelegYbaseSplit;valid;2;SG_15_3_2+Haar;pls;"{""n_components"": 13}";63.099;62.951530669411625
Corn_Starch_80_ZhengChenPelegYbaseSplit;valid;2;SG_15_3_2+Haar;pls;"{""n_components"": 13}";63.263;63.37467873904732
Corn_Starch_80_ZhengChenPelegYbaseSplit;valid;2;SG_15_3_2+Haar;pls;"{""n_components"": 13}";63.416;63.462005108981806
Corn_Starch_80_ZhengChenPelegYbaseSplit;valid;2;SG_15_3_2+Haar;pls;"{""n_components"": 13}";63.513;63.3524804830544
Corn_Starch_80_ZhengChenPelegYbaseSplit;valid;2;SG_15_3_2+Haar;pls;"{""n_components"": 13}";64.131;64.46842816112965
Corn_Starch_80_ZhengChenPelegYbaseSplit;valid;2;SG_15_3_2+Haar;pls;"{""n_components"": 13}";64.464;65.02584723289561
Corn_Starch_80_ZhengChenPelegYbaseSplit;valid;2;SG_15_3_2+Haar;pls;"{""n_components"": 13}";64.582;64.98768269437232
Corn_Starch_80_ZhengChenPelegYbaseSplit;valid;2;SG_15_3_2+Haar;pls;"{""n_components"": 13}";64.62;64.88851520950699
Corn_Starch_80_ZhengChenPelegYbaseSplit;valid;2;SG_15_3_2+Haar;pls;"{""n_components"": 13}";64.656;64.50920638150981
Corn_Starch_80_ZhengChenPelegYbaseSplit;valid;2;SG_15_3_2+Haar;pls;"{""n_components"": 13}";64.851;64.5028670387726
Corn_Starch_80_ZhengChenPelegYbaseSplit;valid;2;SG_15_3_2+Haar;pls;"{""n_components"": 13}";64.923;65.41113271555965
Corn_Starch_80_ZhengChenPelegYbaseSplit;valid;2;SG_15_3_2+Haar;pls;"{""n_components"": 13}";65.104;64.96438765282322
Corn_Starch_80_ZhengChenPelegYbaseSplit;valid;2;SG_15_3_2+Haar;pls;"{""n_components"": 13}";65.115;65.15308370458621
Corn_Starch_80_ZhengChenPelegYbaseSplit;valid;2;SG_15_3_2+Haar;pls;"{""n_components"": 13}";65.209;65.65371796321632
Corn_Starch_80_ZhengChenPelegYbaseSplit;valid;2;SG_15_3_2+Haar;pls;"{""n_components"": 13}";65.337;65.39563666302166
Corn_Starch_80_ZhengChenPelegYbaseSplit;valid;2;SG_15_3_2+Haar;pls;"{""n_components"": 13}";65.474;65.41339138436075
Corn_Starch_80_ZhengChenPelegYbaseSplit;valid;2;SG_15_3_2+Haar;pls;"{""n_components"": 13}";65.524;65.74427700288338
Corn_Starch_80_ZhengChenPelegYbaseSplit;valid;2;SG_15_3_2+Haar;pls;"{""n_components"": 13}";65.601;65.35982853520841
Corn_Starch_80_ZhengChenPelegYbaseSplit;valid;2;SG_15_3_2+Haar;pls;"{""n_components"": 13}";65.795;65.62628067360782
Corn_Starch_80_ZhengChenPelegYbaseSplit;valid;2;SG_15_3_2+Haar;pls;"{""n_components"": 13}";65.808;65.8963231278408
Corn_Starch_80_ZhengChenPelegYbaseSplit;valid;2;SG_15_3_2+Haar;pls;"{""n_components"": 13}";66.472;65.8579549293795
Corn_Starch_80_ZhengChenPelegYbaseSplit;test;2;SG_15_3_2+Haar;pls;"{""n_components"": 13}";63.021;62.77829925720928
Corn_Starch_80_ZhengChenPelegYbaseSplit;test;2;SG_15_3_2+Haar;pls;"{""n_components"": 13}";63.356;63.431782887486484
Corn_Starch_80_ZhengChenPelegYbaseSplit;test;2;SG_15_3_2+Haar;pls;"{""n_components"": 13}";63.631;63.40420116137166
Corn_Starch_80_ZhengChenPelegYbaseSplit;test;2;SG_15_3_2+Haar;pls;"{""n_components"": 13}";64.148;64.37167645236457
Corn_Starch_80_ZhengChenPelegYbaseSplit;test;2;SG_15_3_2+Haar;pls;"{""n_components"": 13}";64.292;64.43281816510486
Corn_Starch_80_ZhengChenPelegYbaseSplit;test;2;SG_15_3_2+Haar;pls;"{""n_components"": 13}";64.539;64.4128503229016
Corn_Starch_80_ZhengChenPelegYbaseSplit;test;2;SG_15_3_2+Haar;pls;"{""n_components"": 13}";64.613;65.47795770226378
Corn_Starch_80_ZhengChenPelegYbaseSplit;test;2;SG_15_3_2+Haar;pls;"{""n_components"": 13}";64.757;64.48196747005552
Corn_Starch_80_ZhengChenPelegYbaseSplit;test;2;SG_15_3_2+Haar;pls;"{""n_components"": 13}";64.853;65.02933021852307
Corn_Starch_80_ZhengChenPelegYbaseSplit;test;2;SG_15_3_2+Haar;pls;"{""n_components"": 13}";64.933;64.93081174294443
Corn_Starch_80_ZhengChenPelegYbaseSplit;test;2;SG_15_3_2+Haar;pls;"{""n_components"": 13}";65.144;65.37522058306635
Corn_Starch_80_ZhengChenPelegYbaseSplit;test;2;SG_15_3_2+Haar;pls;"{""n_components"": 13}";65.233;65.5890511716196
Corn_Starch_80_ZhengChenPelegYbaseSplit;test;2;SG_15_3_2+Haar;pls;"{""n_components"": 13}";65.386;64.9433795483515
Corn_Starch_80_ZhengChenPelegYbaseSplit;test;2;SG_15_3_2+Haar;pls;"{""n_components"": 13}";65.519;65.48723187574213
Corn_Starch_80_ZhengChenPelegYbaseSplit;test;2;SG_15_3_2+Haar;pls;"{""n_components"": 13}";65.646;65.61449672568703
Corn_Starch_80_ZhengChenPelegYbaseSplit;test;2;SG_15_3_2+Haar;pls;"{""n_components"": 13}";65.841;65.71297628525815
Corn_Starch_80_ZhengChenPelegYbaseSplit;valid;0;SG_15_3_2+AreaNormalization;pls;"{""n_components"": 27}";62.884;62.904557865149485
Corn_Starch_80_ZhengChenPelegYbaseSplit;valid;0;SG_15_3_2+AreaNormalization;pls;"{""n_components"": 27}";63.246;63.2131435108322
Corn_Starch_80_ZhengChenPelegYbaseSplit;valid;0;SG_15_3_2+AreaNormalization;pls;"{""n_components"": 27}";63.567;63.51040515360997
Corn_Starch_80_ZhengChenPelegYbaseSplit;valid;0;SG_15_3_2+AreaNormalization;pls;"{""n_components"": 27}";63.784;63.20372775350515
Corn_Starch_80_ZhengChenPelegYbaseSplit;valid;0;SG_15_3_2+AreaNormalization;pls;"{""n_components"": 27}";64.253;64.59385263084503
Corn_Starch_80_ZhengChenPelegYbaseSplit;valid;0;SG_15_3_2+AreaNormalization;pls;"{""n_components"": 27}";64.261;64.35495404571479
Corn_Starch_80_ZhengChenPelegYbaseSplit;valid;0;SG_15_3_2+AreaNormalization;pls;"{""n_components"": 27}";64.287;63.89864122574768
Corn_Starch_80_ZhengChenPelegYbaseSplit;valid;0;SG_15_3_2+AreaNormalization;pls;"{""n_components"": 27}";64.506;64.33723995811577
Corn_Starch_80_ZhengChenPelegYbaseSplit;valid;0;SG_15_3_2+AreaNormalization;pls;"{""n_components"": 27}";64.546;64.64934198351826
Corn_Starch_80_ZhengChenPelegYbaseSplit;valid;0;SG_15_3_2+AreaNormalization;pls;"{""n_components"": 27}";64.632;64.60342607685158
Corn_Starch_80_ZhengChenPelegYbaseSplit;valid;0;SG_15_3_2+AreaNormalization;pls;"{""n_components"": 27}";64.67;64.73533214216124
Corn_Starch_80_ZhengChenPelegYbaseSplit;valid;0;SG_15_3_2+AreaNormalization;pls;"{""n_components"": 27}";64.882;65.12389736410712
Corn_Starch_80_ZhengChenPelegYbaseSplit;valid;0;SG_15_3_2+AreaNormalization;pls;"{""n_components"": 27}";64.895;64.88723471303214
Corn_Starch_80_ZhengChenPelegYbaseSplit;valid;0;SG_15_3_2+AreaNormalization;pls;"{""n_components"": 27}";65.022;65.23427319322923
Corn_Starch_80_ZhengChenPelegYbaseSplit;valid;0;SG_15_3_2+AreaNormalization;pls;"{""n_components"": 27}";65.107;64.98801982835869
Corn_Starch_80_ZhengChenPelegYbaseSplit;valid;0;SG_15_3_2+AreaNormalization;pls;"{""n_components"": 27}";65.205;65.47373433696787
Corn_Starch_80_ZhengChenPelegYbaseSplit;valid;0;SG_15_3_2+AreaNormalization;pls;"{""n_components"": 27}";65.217;65.29294732714648
Corn_Starch_80_ZhengChenPelegYbaseSplit;valid;0;SG_15_3_2+AreaNormalization;pls;"{""n_components"": 27}";65.294;65.38435707792875
Corn_Starch_80_ZhengChenPelegYbaseSplit;valid;0;SG_15_3_2+AreaNormalization;pls;"{""n_components"": 27}";65.441;65.17703154587333
Corn_Starch_80_ZhengChenPelegYbaseSplit;valid;0;SG_15_3_2+AreaNormalization;pls;"{""n_components"": 27}";65.637;65.72783087271132
Corn_Starch_80_ZhengChenPelegYbaseSplit;valid;0;SG_15_3_2+AreaNormalization;pls;"{""n_components"": 27}";65.679;65.423915550227
Corn_Starch_80_ZhengChenPelegYbaseSplit;valid;0;SG_15_3_2+AreaNormalization;pls;"{""n_components"": 27}";65.903;65.84578978952649
Corn_Starch_80_ZhengChenPelegYbaseSplit;test;0;SG_15_3_2+AreaNormalization;pls;"{""n_components"": 27}";63.021;62.77533962054285
Corn_Starch_80_ZhengChenPelegYbaseSplit;test;0;SG_15_3_2+AreaNormalization;pls;"{""n_components"": 27}";63.356;62.920849947355066
Corn_Starch_80_ZhengChenPelegYbaseSplit;test;0;SG_15_3_2+AreaNormalization;pls;"{""n_components"": 27}";63.631;63.56221924589772
Corn_Starch_80_ZhengChenPelegYbaseSplit;test;0;SG_15_3_2+AreaNormalization;pls;"{""n_components"": 27}";64.148;64.03564641111002
Corn_Starch_80_ZhengChenPelegYbaseSplit;test;0;SG_15_3_2+AreaNormalization;pls;"{""n_components"": 27}";64.292;64.39728348295925
Corn_Starch_80_ZhengChenPelegYbaseSplit;test;0;SG_15_3_2+AreaNormalization;pls;"{""n_components"": 27}";64.539;64.43524215633637
Corn_Starch_80_ZhengChenPelegYbaseSplit;test;0;SG_15_3_2+AreaNormalization;pls;"{""n_components"": 27}";64.613;65.06977581451689
Corn_Starch_80_ZhengChenPelegYbaseSplit;test;0;SG_15_3_2+AreaNormalization;pls;"{""n_components"": 27}";64.757;64.76806758956243
Corn_Starch_80_ZhengChenPelegYbaseSplit;test;0;SG_15_3_2+AreaNormalization;pls;"{""n_components"": 27}";64.853;65.25555948442809
Corn_Starch_80_ZhengChenPelegYbaseSplit;test;0;SG_15_3_2+AreaNormalization;pls;"{""n_components"": 27}";64.933;64.93595766632367
Corn_Starch_80_ZhengChenPelegYbaseSplit;test;0;SG_15_3_2+AreaNormalization;pls;"{""n_components"": 27}";65.144;65.17481505277753
Corn_Starch_80_ZhengChenPelegYbaseSplit;test;0;SG_15_3_2+AreaNormalization;pls;"{""n_components"": 27}";65.233;65.46355617996092
Corn_Starch_80_ZhengChenPelegYbaseSplit;test;0;SG_15_3_2+AreaNormalization;pls;"{""n_components"": 27}";65.386;65.16352108890258
Corn_Starch_80_ZhengChenPelegYbaseSplit;test;0;SG_15_3_2+AreaNormalization;pls;"{""n_components"": 27}";65.519;65.7579471923236
Corn_Starch_80_ZhengChenPelegYbaseSplit;test;0;SG_15_3_2+AreaNormalization;pls;"{""n_components"": 27}";65.646;65.44538023111447
Corn_Starch_80_ZhengChenPelegYbaseSplit;test;0;SG_15_3_2+AreaNormalization;pls;"{""n_components"": 27}";65.841;65.30561563326053
Corn_Starch_80_ZhengChenPelegYbaseSplit;valid;1;SG_15_3_2+AreaNormalization;pls;"{""n_components"": 27}";62.826;63.18832987034779
Corn_Starch_80_ZhengChenPelegYbaseSplit;valid;1;SG_15_3_2+AreaNormalization;pls;"{""n_components"": 27}";63.247;63.57907689168178
Corn_Starch_80_ZhengChenPelegYbaseSplit;valid;1;SG_15_3_2+AreaNormalization;pls;"{""n_components"": 27}";63.466;63.63209274573392
Corn_Starch_80_ZhengChenPelegYbaseSplit;valid;1;SG_15_3_2+AreaNormalization;pls;"{""n_components"": 27}";63.823;63.98945874379939
Corn_Starch_80_ZhengChenPelegYbaseSplit;valid;1;SG_15_3_2+AreaNormalization;pls;"{""n_components"": 27}";63.913;63.93390095949694
Corn_Starch_80_ZhengChenPelegYbaseSplit;valid;1;SG_15_3_2+AreaNormalization;pls;"{""n_components"": 27}";64.266;64.02912232602601
Corn_Starch_80_ZhengChenPelegYbaseSplit;valid;1;SG_15_3_2+AreaNormalization;pls;"{""n_components"": 27}";64.367;64.43974664432028
Corn_Starch_80_ZhengChenPelegYbaseSplit;valid;1;SG_15_3_2+AreaNormalization;pls;"{""n_components"": 27}";64.42;64.29391390818081
Corn_Starch_80_ZhengChenPelegYbaseSplit;valid;1;SG_15_3_2+AreaNormalization;pls;"{""n_components"": 27}";64.544;64.4632388289263
Corn_Starch_80_ZhengChenPelegYbaseSplit;valid;1;SG_15_3_2+AreaNormalization;pls;"{""n_components"": 27}";64.574;64.3522473567302
Corn_Starch_80_ZhengChenPelegYbaseSplit;valid;1;SG_15_3_2+AreaNormalization;pls;"{""n_components"": 27}";64.787;64.57194708202952
Corn_Starch_80_ZhengChenPelegYbaseSplit;valid;1;SG_15_3_2+AreaNormalization;pls;"{""n_components"": 27}";64.806;64.42834957406832
Corn_Starch_80_ZhengChenPelegYbaseSplit;valid;1;SG_15_3_2+AreaNormalization;pls;"{""n_components"": 27}";64.838;64.61359377702533
Corn_Starch_80_ZhengChenPelegYbaseSplit;valid;1;SG_15_3_2+AreaNormalization;pls;"{""n_components"": 27}";64.915;64.91780404117182
Corn_Starch_80_ZhengChenPelegYbaseSplit;valid;1;SG_15_3_2+AreaNormalization;pls;"{""n_components"": 27}";65.193;65.01436863510048
Corn_Starch_80_ZhengChenPelegYbaseSplit;valid;1;SG_15_3_2+AreaNormalization;pls;"{""n_components"": 27}";65.371;65.6300642885526
Corn_Starch_80_ZhengChenPelegYbaseSplit;valid;1;SG_15_3_2+AreaNormalization;pls;"{""n_components"": 27}";65.374;65.20187410755209
Corn_Starch_80_ZhengChenPelegYbaseSplit;valid;1;SG_15_3_2+AreaNormalization;pls;"{""n_components"": 27}";65.427;65.3382301263057
Corn_Starch_80_ZhengChenPelegYbaseSplit;valid;1;SG_15_3_2+AreaNormalization;pls;"{""n_components"": 27}";65.437;65.13668577995779
Corn_Starch_80_ZhengChenPelegYbaseSplit;valid;1;SG_15_3_2+AreaNormalization;pls;"{""n_components"": 27}";65.547;65.47808435645162
Corn_Starch_80_ZhengChenPelegYbaseSplit;valid;1;SG_15_3_2+AreaNormalization;pls;"{""n_components"": 27}";65.72;65.52730242347539
Corn_Starch_80_ZhengChenPelegYbaseSplit;test;1;SG_15_3_2+AreaNormalization;pls;"{""n_components"": 27}";63.021;62.755691366893195
Corn_Starch_80_ZhengChenPelegYbaseSplit;test;1;SG_15_3_2+AreaNormalization;pls;"{""n_components"": 27}";63.356;62.82089632742051
Corn_Starch_80_ZhengChenPelegYbaseSplit;test;1;SG_15_3_2+AreaNormalization;pls;"{""n_components"": 27}";63.631;63.409605977149305
Corn_Starch_80_ZhengChenPelegYbaseSplit;test;1;SG_15_3_2+AreaNormalization;pls;"{""n_components"": 27}";64.148;64.34818760201465
Corn_Starch_80_ZhengChenPelegYbaseSplit;test;1;SG_15_3_2+AreaNormalization;pls;"{""n_components"": 27}";64.292;64.45557451175017
Corn_Starch_80_ZhengChenPelegYbaseSplit;test;1;SG_15_3_2+AreaNormalization;pls;"{""n_components"": 27}";64.539;64.19714091613466
Corn_Starch_80_ZhengChenPelegYbaseSplit;test;1;SG_15_3_2+AreaNormalization;pls;"{""n_components"": 27}";64.613;64.7037171140446
Corn_Starch_80_ZhengChenPelegYbaseSplit;test;1;SG_15_3_2+AreaNormalization;pls;"{""n_components"": 27}";64.757;64.4893555451401
Corn_Starch_80_ZhengChenPelegYbaseSplit;test;1;SG_15_3_2+AreaNormalization;pls;"{""n_components"": 27}";64.853;65.08313103563094
Corn_Starch_80_ZhengChenPelegYbaseSplit;test;1;SG_15_3_2+AreaNormalization;pls;"{""n_components"": 27}";64.933;64.75435335846134
Corn_Starch_80_ZhengChenPelegYbaseSplit;test;1;SG_15_3_2+AreaNormalization;pls;"{""n_components"": 27}";65.144;65.04856758740252
Corn_Starch_80_ZhengChenPelegYbaseSplit;test;1;SG_15_3_2+AreaNormalization;pls;"{""n_components"": 27}";65.233;65.0641570717992
Corn_Starch_80_ZhengChenPelegYbaseSplit;test;1;SG_15_3_2+AreaNormalization;pls;"{""n_components"": 27}";65.386;65.09269278356605
Corn_Starch_80_ZhengChenPelegYbaseSplit;test;1;SG_15_3_2+AreaNormalization;pls;"{""n_components"": 27}";65.519;65.79403429228505
Corn_Starch_80_ZhengChenPelegYbaseSplit;test;1;SG_15_3_2+AreaNormalization;pls;"{""n_components"": 27}";65.646;65.49211632510922
Corn_Starch_80_ZhengChenPelegYbaseSplit;test;1;SG_15_3_2+AreaNormalization;pls;"{""n_components"": 27}";65.841;65.3978389471473
Corn_Starch_80_ZhengChenPelegYbaseSplit;valid;2;SG_15_3_2+AreaNormalization;pls;"{""n_components"": 27}";63.099;63.125331413451924
Corn_Starch_80_ZhengChenPelegYbaseSplit;valid;2;SG_15_3_2+AreaNormalization;pls;"{""n_components"": 27}";63.263;63.47557325504725
Corn_Starch_80_ZhengChenPelegYbaseSplit;valid;2;SG_15_3_2+AreaNormalization;pls;"{""n_components"": 27}";63.416;63.33990807341217
Corn_Starch_80_ZhengChenPelegYbaseSplit;valid;2;SG_15_3_2+AreaNormalization;pls;"{""n_components"": 27}";63.513;63.58655498347939
Corn_Starch_80_ZhengChenPelegYbaseSplit;valid;2;SG_15_3_2+AreaNormalization;pls;"{""n_components"": 27}";64.131;64.49607596739037
Corn_Starch_80_ZhengChenPelegYbaseSplit;valid;2;SG_15_3_2+AreaNormalization;pls;"{""n_components"": 27}";64.464;64.9351656067901
Corn_Starch_80_ZhengChenPelegYbaseSplit;valid;2;SG_15_3_2+AreaNormalization;pls;"{""n_components"": 27}";64.582;65.25710543863615
Corn_Starch_80_ZhengChenPelegYbaseSplit;valid;2;SG_15_3_2+AreaNormalization;pls;"{""n_components"": 27}";64.62;64.78793316304925
Corn_Starch_80_ZhengChenPelegYbaseSplit;valid;2;SG_15_3_2+AreaNormalization;pls;"{""n_components"": 27}";64.656;64.58256681834723
Corn_Starch_80_ZhengChenPelegYbaseSplit;valid;2;SG_15_3_2+AreaNormalization;pls;"{""n_components"": 27}";64.851;64.4930163037261
Corn_Starch_80_ZhengChenPelegYbaseSplit;valid;2;SG_15_3_2+AreaNormalization;pls;"{""n_components"": 27}";64.923;65.26617625880205
Corn_Starch_80_ZhengChenPelegYbaseSplit;valid;2;SG_15_3_2+AreaNormalization;pls;"{""n_components"": 27}";65.104;65.02558036698044
Corn_Starch_80_ZhengChenPelegYbaseSplit;valid;2;SG_15_3_2+AreaNormalization;pls;"{""n_components"": 27}";65.115;65.11766555122702
Corn_Starch_80_ZhengChenPelegYbaseSplit;valid;2;SG_15_3_2+AreaNormalization;pls;"{""n_components"": 27}";65.209;65.50713931408725
Corn_Starch_80_ZhengChenPelegYbaseSplit;valid;2;SG_15_3_2+AreaNormalization;pls;"{""n_components"": 27}";65.337;65.87083534526674
Corn_Starch_80_ZhengChenPelegYbaseSplit;valid;2;SG_15_3_2+AreaNormalization;pls;"{""n_components"": 27}";65.474;65.41251340025308
Corn_Starch_80_ZhengChenPelegYbaseSplit;valid;2;SG_15_3_2+AreaNormalization;pls;"{""n_components"": 27}";65.524;65.67491539366002
Corn_Starch_80_ZhengChenPelegYbaseSplit;valid;2;SG_15_3_2+AreaNormalization;pls;"{""n_components"": 27}";65.601;65.54273813322847
Corn_Starch_80_ZhengChenPelegYbaseSplit;valid;2;SG_15_3_2+AreaNormalization;pls;"{""n_components"": 27}";65.795;65.49573902067915
Corn_Starch_80_ZhengChenPelegYbaseSplit;valid;2;SG_15_3_2+AreaNormalization;pls;"{""n_components"": 27}";65.808;65.68034848383256
Corn_Starch_80_ZhengChenPelegYbaseSplit;valid;2;SG_15_3_2+AreaNormalization;pls;"{""n_components"": 27}";66.472;65.92353704124538
Corn_Starch_80_ZhengChenPelegYbaseSplit;test;2;SG_15_3_2+AreaNormalization;pls;"{""n_components"": 27}";63.021;62.404999941497195
Corn_Starch_80_ZhengChenPelegYbaseSplit;test;2;SG_15_3_2+AreaNormalization;pls;"{""n_components"": 27}";63.356;63.13365999558152
Corn_Starch_80_ZhengChenPelegYbaseSplit;test;2;SG_15_3_2+AreaNormalization;pls;"{""n_components"": 27}";63.631;63.38949343656122
Corn_Starch_80_ZhengChenPelegYbaseSplit;test;2;SG_15_3_2+AreaNormalization;pls;"{""n_components"": 27}";64.148;64.36137067515553
Corn_Starch_80_ZhengChenPelegYbaseSplit;test;2;SG_15_3_2+AreaNormalization;pls;"{""n_components"": 27}";64.292;64.37713654524204
Corn_Starch_80_ZhengChenPelegYbaseSplit;test;2;SG_15_3_2+AreaNormalization;pls;"{""n_components"": 27}";64.539;64.53765663373818
Corn_Starch_80_ZhengChenPelegYbaseSplit;test;2;SG_15_3_2+AreaNormalization;pls;"{""n_components"": 27}";64.613;65.2663095259938
Corn_Starch_80_ZhengChenPelegYbaseSplit;test;2;SG_15_3_2+AreaNormalization;pls;"{""n_components"": 27}";64.757;64.7698971763608
Corn_Starch_80_ZhengChenPelegYbaseSplit;test;2;SG_15_3_2+AreaNormalization;pls;"{""n_components"": 27}";64.853;65.27260967234088
Corn_Starch_80_ZhengChenPelegYbaseSplit;test;2;SG_15_3_2+AreaNormalization;pls;"{""n_components"": 27}";64.933;65.04271893717323
Corn_Starch_80_ZhengChenPelegYbaseSplit;test;2;SG_15_3_2+AreaNormalization;pls;"{""n_components"": 27}";65.144;65.57510624483739
Corn_Starch_80_ZhengChenPelegYbaseSplit;test;2;SG_15_3_2+AreaNormalization;pls;"{""n_components"": 27}";65.233;65.7735156637751
Corn_Starch_80_ZhengChenPelegYbaseSplit;test;2;SG_15_3_2+AreaNormalization;pls;"{""n_components"": 27}";65.386;65.03785471028269
Corn_Starch_80_ZhengChenPelegYbaseSplit;test;2;SG_15_3_2+AreaNormalization;pls;"{""n_components"": 27}";65.519;65.3733323607385
Corn_Starch_80_ZhengChenPelegYbaseSplit;test;2;SG_15_3_2+AreaNormalization;pls;"{""n_components"": 27}";65.646;65.4469585248331
Corn_Starch_80_ZhengChenPelegYbaseSplit;test;2;SG_15_3_2+AreaNormalization;pls;"{""n_components"": 27}";65.841;65.54120455440183
Corn_Starch_80_ZhengChenPelegYbaseSplit;valid;0;SG_21_3_2;pls;"{""n_components"": 25}";62.884;62.7585857324677
Corn_Starch_80_ZhengChenPelegYbaseSplit;valid;0;SG_21_3_2;pls;"{""n_components"": 25}";63.246;63.07115713254375
Corn_Starch_80_ZhengChenPelegYbaseSplit;valid;0;SG_21_3_2;pls;"{""n_components"": 25}";63.567;63.580836828337944
Corn_Starch_80_ZhengChenPelegYbaseSplit;valid;0;SG_21_3_2;pls;"{""n_components"": 25}";63.784;63.34911687481873
Corn_Starch_80_ZhengChenPelegYbaseSplit;valid;0;SG_21_3_2;pls;"{""n_components"": 25}";64.253;64.4557643626542
Corn_Starch_80_ZhengChenPelegYbaseSplit;valid;0;SG_21_3_2;pls;"{""n_components"": 25}";64.261;64.58380212179823
Corn_Starch_80_ZhengChenPelegYbaseSplit;valid;0;SG_21_3_2;pls;"{""n_components"": 25}";64.287;63.92960669204189
Corn_Starch_80_ZhengChenPelegYbaseSplit;valid;0;SG_21_3_2;pls;"{""n_components"": 25}";64.506;64.34262454548632
Corn_Starch_80_ZhengChenPelegYbaseSplit;valid;0;SG_21_3_2;pls;"{""n_components"": 25}";64.546;64.50154094751917
Corn_Starch_80_ZhengChenPelegYbaseSplit;valid;0;SG_21_3_2;pls;"{""n_components"": 25}";64.632;64.61042315709327
Corn_Starch_80_ZhengChenPelegYbaseSplit;valid;0;SG_21_3_2;pls;"{""n_components"": 25}";64.67;64.55821052729794
Corn_Starch_80_ZhengChenPelegYbaseSplit;valid;0;SG_21_3_2;pls;"{""n_components"": 25}";64.882;64.75541627938402
Corn_Starch_80_ZhengChenPelegYbaseSplit;valid;0;SG_21_3_2;pls;"{""n_components"": 25}";64.895;64.89987360886482
Corn_Starch_80_ZhengChenPelegYbaseSplit;valid;0;SG_21_3_2;pls;"{""n_components"": 25}";65.022;65.22503481680653
Corn_Starch_80_ZhengChenPelegYbaseSplit;valid;0;SG_21_3_2;pls;"{""n_components"": 25}";65.107;65.25271233890663
Corn_Starch_80_ZhengChenPelegYbaseSplit;valid;0;SG_21_3_2;pls;"{""n_components"": 25}";65.205;65.23910690859131
Corn_Starch_80_ZhengChenPelegYbaseSplit;valid;0;SG_21_3_2;pls;"{""n_components"": 25}";65.217;65.46816727324148
Corn_Starch_80_ZhengChenPelegYbaseSplit;valid;0;SG_21_3_2;pls;"{""n_components"": 25}";65.294;65.3289030050401
Corn_Starch_80_ZhengChenPelegYbaseSplit;valid;0;SG_21_3_2;pls;"{""n_components"": 25}";65.441;65.27074774270339
Corn_Starch_80_ZhengChenPelegYbaseSplit;valid;0;SG_21_3_2;pls;"{""n_components"": 25}";65.637;65.40773283561052
Corn_Starch_80_ZhengChenPelegYbaseSplit;valid;0;SG_21_3_2;pls;"{""n_components"": 25}";65.679;65.52252147693088
Corn_Starch_80_ZhengChenPelegYbaseSplit;valid;0;SG_21_3_2;pls;"{""n_components"": 25}";65.903;65.72387450761371
Corn_Starch_80_ZhengChenPelegYbaseSplit;test;0;SG_21_3_2;pls;"{""n_components"": 25}";63.021;63.02238798075619
Corn_Starch_80_ZhengChenPelegYbaseSplit;test;0;SG_21_3_2;pls;"{""n_components"": 25}";63.356;63.20740211371523
Corn_Starch_80_ZhengChenPelegYbaseSplit;test;0;SG_21_3_2;pls;"{""n_components"": 25}";63.631;63.437834212598645
Corn_Starch_80_ZhengChenPelegYbaseSplit;test;0;SG_21_3_2;pls;"{""n_components"": 25}";64.148;64.06246082709909
Corn_Starch_80_ZhengChenPelegYbaseSplit;test;0;SG_21_3_2;pls;"{""n_components"": 25}";64.292;64.4430367865604
Corn_Starch_80_ZhengChenPelegYbaseSplit;test;0;SG_21_3_2;pls;"{""n_components"": 25}";64.539;64.32575508583344
Corn_Starch_80_ZhengChenPelegYbaseSplit;test;0;SG_21_3_2;pls;"{""n_components"": 25}";64.613;64.71565273855397
Corn_Starch_80_ZhengChenPelegYbaseSplit;test;0;SG_21_3_2;pls;"{""n_components"": 25}";64.757;64.74164466546588
Corn_Starch_80_ZhengChenPelegYbaseSplit;test;0;SG_21_3_2;pls;"{""n_components"": 25}";64.853;65.06432593987194
Corn_Starch_80_ZhengChenPelegYbaseSplit;test;0;SG_21_3_2;pls;"{""n_components"": 25}";64.933;64.85435444689521
Corn_Starch_80_ZhengChenPelegYbaseSplit;test;0;SG_21_3_2;pls;"{""n_components"": 25}";65.144;65.25437983462061
Corn_Starch_80_ZhengChenPelegYbaseSplit;test;0;SG_21_3_2;pls;"{""n_components"": 25}";65.233;65.21386739249927
Corn_Starch_80_ZhengChenPelegYbaseSplit;test;0;SG_21_3_2;pls;"{""n_components"": 25}";65.386;65.24971816467176
Corn_Starch_80_ZhengChenPelegYbaseSplit;test;0;SG_21_3_2;pls;"{""n_components"": 25}";65.519;65.58584417815489
Corn_Starch_80_ZhengChenPelegYbaseSplit;test;0;SG_21_3_2;pls;"{""n_components"": 25}";65.646;65.60091132787576
Corn_Starch_80_ZhengChenPelegYbaseSplit;test;0;SG_21_3_2;pls;"{""n_components"": 25}";65.841;65.52481972594137
Corn_Starch_80_ZhengChenPelegYbaseSplit;valid;1;SG_21_3_2;pls;"{""n_components"": 25}";62.826;62.949857948584004
Corn_Starch_80_ZhengChenPelegYbaseSplit;valid;1;SG_21_3_2;pls;"{""n_components"": 25}";63.247;63.440956411335016
Corn_Starch_80_ZhengChenPelegYbaseSplit;valid;1;SG_21_3_2;pls;"{""n_components"": 25}";63.466;63.499283713422344
Corn_Starch_80_ZhengChenPelegYbaseSplit;valid;1;SG_21_3_2;pls;"{""n_components"": 25}";63.823;63.75616508937127
Corn_Starch_80_ZhengChenPelegYbaseSplit;valid;1;SG_21_3_2;pls;"{""n_components"": 25}";63.913;63.771282957076664
Corn_Starch_80_ZhengChenPelegYbaseSplit;valid;1;SG_21_3_2;pls;"{""n_components"": 25}";64.266;63.963888360136714
Corn_Starch_80_ZhengChenPelegYbaseSplit;valid;1;SG_21_3_2;pls;"{""n_components"": 25}";64.367;64.34127567467904
Corn_Starch_80_ZhengChenPelegYbaseSplit;valid;1;SG_21_3_2;pls;"{""n_components"": 25}";64.42;64.3495057813965
Corn_Starch_80_ZhengChenPelegYbaseSplit;valid;1;SG_21_3_2;pls;"{""n_components"": 25}";64.544;64.57504924017846
Corn_Starch_80_ZhengChenPelegYbaseSplit;valid;1;SG_21_3_2;pls;"{""n_components"": 25}";64.574;64.370576075796
Corn_Starch_80_ZhengChenPelegYbaseSplit;valid;1;SG_21_3_2;pls;"{""n_components"": 25}";64.787;64.64456048619722
Corn_Starch_80_ZhengChenPelegYbaseSplit;valid;1;SG_21_3_2;pls;"{""n_components"": 25}";64.806;64.1627519273684
Corn_Starch_80_ZhengChenPelegYbaseSplit;valid;1;SG_21_3_2;pls;"{""n_components"": 25}";64.838;64.37462039300333
Corn_Starch_80_ZhengChenPelegYbaseSplit;valid;1;SG_21_3_2;pls;"{""n_components"": 25}";64.915;64.91865223143361
Corn_Starch_80_ZhengChenPelegYbaseSplit;valid;1;SG_21_3_2;pls;"{""n_components"": 25}";65.193;65.06549847192034
Corn_Starch_80_ZhengChenPelegYbaseSplit;valid;1;SG_21_3_2;pls;"{""n_components"": 25}";65.371;65.58436121017941
Corn_Starch_80_ZhengChenPelegYbaseSplit;valid;1;SG_21_3_2;pls;"{""n_components"": 25}";65.374;65.29737134468533
Corn_Starch_80_ZhengChenPelegYbaseSplit;valid;1;SG_21_3_2;pls;"{""n_components"": 25}";65.427;65.32262617343092
Corn_Starch_80_ZhengChenPelegYbaseSplit;valid;1;SG_21_3_2;pls;"{""n_components"": 25}";65.437;65.35158044565402
Corn_Starch_80_ZhengChenPelegYbaseSplit;valid;1;SG_21_3_2;pls;"{""n_components"": 25}";65.547;65.63778495171141
Corn_Starch_80_ZhengChenPelegYbaseSplit;valid;1;SG_21_3_2;pls;"{""n_components"": 25}";65.72;65.44267376933526
Corn_Starch_80_ZhengChenPelegYbaseSplit;test;1;SG_21_3_2;pls;"{""n_components"": 25}";63.021;63.067128288029345
Corn_Starch_80_ZhengChenPelegYbaseSplit;test;1;SG_21_3_2;pls;"{""n_components"": 25}";63.356;63.29488786643471
Corn_Starch_80_ZhengChenPelegYbaseSplit;test;1;SG_21_3_2;pls;"{""n_components"": 25}";63.631;63.481325984258014
Corn_Starch_80_ZhengChenPelegYbaseSplit;test;1;SG_21_3_2;pls;"{""n_components"": 25}";64.148;64.39177857036437
Corn_Starch_80_ZhengChenPelegYbaseSplit;test;1;SG_21_3_2;pls;"{""n_components"": 25}";64.292;64.29563747836998
Corn_Starch_80_ZhengChenPelegYbaseSplit;test;1;SG_21_3_2;pls;"{""n_components"": 25}";64.539;64.13850816749466
Corn_Starch_80_ZhengChenPelegYbaseSplit;test;1;SG_21_3_2;pls;"{""n_components"": 25}";64.613;64.6798821564212
Corn_Starch_80_ZhengChenPelegYbaseSplit;test;1;SG_21_3_2;pls;"{""n_components"": 25}";64.757;64.21770163901404
Corn_Starch_80_ZhengChenPelegYbaseSplit;test;1;SG_21_3_2;pls;"{""n_components"": 25}";64.853;65.04834379247735
Corn_Starch_80_ZhengChenPelegYbaseSplit;test;1;SG_21_3_2;pls;"{""n_components"": 25}";64.933;64.66431851215178
Corn_Starch_80_ZhengChenPelegYbaseSplit;test;1;SG_21_3_2;pls;"{""n_components"": 25}";65.144;65.0821165138303
Corn_Starch_80_ZhengChenPelegYbaseSplit;test;1;SG_21_3_2;pls;"{""n_components"": 25}";65.233;65.09525531831034
Corn_Starch_80_ZhengChenPelegYbaseSplit;test;1;SG_21_3_2;pls;"{""n_components"": 25}";65.386;65.28329811526424
Corn_Starch_80_ZhengChenPelegYbaseSplit;test;1;SG_21_3_2;pls;"{""n_components"": 25}";65.519;65.48893602909375
Corn_Starch_80_ZhengChenPelegYbaseSplit;test;1;SG_21_3_2;pls;"{""n_components"": 25}";65.646;65.62228196805387
Corn_Starch_80_ZhengChenPelegYbaseSplit;test;1;SG_21_3_2;pls;"{""n_components"": 25}";65.841;65.39988494298326
Corn_Starch_80_ZhengChenPelegYbaseSplit;valid;2;SG_21_3_2;pls;"{""n_components"": 25}";63.099;63.08148284855576
Corn_Starch_80_ZhengChenPelegYbaseSplit;valid;2;SG_21_3_2;pls;"{""n_components"": 25}";63.263;63.58340223568651
Corn_Starch_80_ZhengChenPelegYbaseSplit;valid;2;SG_21_3_2;pls;"{""n_components"": 25}";63.416;63.489440067276405
Corn_Starch_80_ZhengChenPelegYbaseSplit;valid;2;SG_21_3_2;pls;"{""n_components"": 25}";63.513;63.54035627887021
Corn_Starch_80_ZhengChenPelegYbaseSplit;valid;2;SG_21_3_2;pls;"{""n_components"": 25}";64.131;64.39470732191798
Corn_Starch_80_ZhengChenPelegYbaseSplit;valid;2;SG_21_3_2;pls;"{""n_components"": 25}";64.464;64.67614204542744
Corn_Starch_80_ZhengChenPelegYbaseSplit;valid;2;SG_21_3_2;pls;"{""n_components"": 25}";64.582;65.19607568284721
Corn_Starch_80_ZhengChenPelegYbaseSplit;valid;2;SG_21_3_2;pls;"{""n_components"": 25}";64.62;64.84243701655281
Corn_Starch_80_ZhengChenPelegYbaseSplit;valid;2;SG_21_3_2;pls;"{""n_components"": 25}";64.656;64.69020492431935
Corn_Starch_80_ZhengChenPelegYbaseSplit;valid;2;SG_21_3_2;pls;"{""n_components"": 25}";64.851;64.63389347340156
Corn_Starch_80_ZhengChenPelegYbaseSplit;valid;2;SG_21_3_2;pls;"{""n_components"": 25}";64.923;65.32184304533449
Corn_Starch_80_ZhengChenPelegYbaseSplit;valid;2;SG_21_3_2;pls;"{""n_components"": 25}";65.104;65.19136757495446
Corn_Starch_80_ZhengChenPelegYbaseSplit;valid;2;SG_21_3_2;pls;"{""n_components"": 25}";65.115;65.0516003942599
Corn_Starch_80_ZhengChenPelegYbaseSplit;valid;2;SG_21_3_2;pls;"{""n_components"": 25}";65.209;65.56239916792266
Corn_Starch_80_ZhengChenPelegYbaseSplit;valid;2;SG_21_3_2;pls;"{""n_components"": 25}";65.337;65.3400025049601
Corn_Starch_80_ZhengChenPelegYbaseSplit;valid;2;SG_21_3_2;pls;"{""n_components"": 25}";65.474;65.47485529585589
Corn_Starch_80_ZhengChenPelegYbaseSplit;valid;2;SG_21_3_2;pls;"{""n_components"": 25}";65.524;65.67890592386497
Corn_Starch_80_ZhengChenPelegYbaseSplit;valid;2;SG_21_3_2;pls;"{""n_components"": 25}";65.601;65.36523072586611
Corn_Starch_80_ZhengChenPelegYbaseSplit;valid;2;SG_21_3_2;pls;"{""n_components"": 25}";65.795;65.70063185572135
Corn_Starch_80_ZhengChenPelegYbaseSplit;valid;2;SG_21_3_2;pls;"{""n_components"": 25}";65.808;65.78457264989795
Corn_Starch_80_ZhengChenPelegYbaseSplit;valid;2;SG_21_3_2;pls;"{""n_components"": 25}";66.472;66.07795257719839
Corn_Starch_80_ZhengChenPelegYbaseSplit;test;2;SG_21_3_2;pls;"{""n_components"": 25}";63.021;62.67624428545929
Corn_Starch_80_ZhengChenPelegYbaseSplit;test;2;SG_21_3_2;pls;"{""n_components"": 25}";63.356;63.27622120404655
Corn_Starch_80_ZhengChenPelegYbaseSplit;test;2;SG_21_3_2;pls;"{""n_components"": 25}";63.631;63.35996025994071
Corn_Starch_80_ZhengChenPelegYbaseSplit;test;2;SG_21_3_2;pls;"{""n_components"": 25}";64.148;64.35272237267444
Corn_Starch_80_ZhengChenPelegYbaseSplit;test;2;SG_21_3_2;pls;"{""n_components"": 25}";64.292;64.29460622132726
Corn_Starch_80_ZhengChenPelegYbaseSplit;test;2;SG_21_3_2;pls;"{""n_components"": 25}";64.539;64.53200442218426
Corn_Starch_80_ZhengChenPelegYbaseSplit;test;2;SG_21_3_2;pls;"{""n_components"": 25}";64.613;65.36851951154057
Corn_Starch_80_ZhengChenPelegYbaseSplit;test;2;SG_21_3_2;pls;"{""n_components"": 25}";64.757;64.75572608054101
Corn_Starch_80_ZhengChenPelegYbaseSplit;test;2;SG_21_3_2;pls;"{""n_components"": 25}";64.853;65.27788303478093
Corn_Starch_80_ZhengChenPelegYbaseSplit;test;2;SG_21_3_2;pls;"{""n_components"": 25}";64.933;64.79298206207591
Corn_Starch_80_ZhengChenPelegYbaseSplit;test;2;SG_21_3_2;pls;"{""n_components"": 25}";65.144;65.64626682400727
Corn_Starch_80_ZhengChenPelegYbaseSplit;test;2;SG_21_3_2;pls;"{""n_components"": 25}";65.233;65.74306822231509
Corn_Starch_80_ZhengChenPelegYbaseSplit;test;2;SG_21_3_2;pls;"{""n_components"": 25}";65.386;65.03727476001474
Corn_Starch_80_ZhengChenPelegYbaseSplit;test;2;SG_21_3_2;pls;"{""n_components"": 25}";65.519;65.26498553599438
Corn_Starch_80_ZhengChenPelegYbaseSplit;test;2;SG_21_3_2;pls;"{""n_components"": 25}";65.646;65.66358844967266
Corn_Starch_80_ZhengChenPelegYbaseSplit;test;2;SG_21_3_2;pls;"{""n_components"": 25}";65.841;65.5856219710882
Corn_Starch_80_ZhengChenPelegYbaseSplit;valid;0;SG_21_3_2+Haar;pls;"{""n_components"": 15}";62.884;62.98897317960158
Corn_Starch_80_ZhengChenPelegYbaseSplit;valid;0;SG_21_3_2+Haar;pls;"{""n_components"": 15}";63.246;63.161053185605844
Corn_Starch_80_ZhengChenPelegYbaseSplit;valid;0;SG_21_3_2+Haar;pls;"{""n_components"": 15}";63.567;63.54692847464271
Corn_Starch_80_ZhengChenPelegYbaseSplit;valid;0;SG_21_3_2+Haar;pls;"{""n_components"": 15}";63.784;63.3640051989407
Corn_Starch_80_ZhengChenPelegYbaseSplit;valid;0;SG_21_3_2+Haar;pls;"{""n_components"": 15}";64.253;64.4395593191827
Corn_Starch_80_ZhengChenPelegYbaseSplit;valid;0;SG_21_3_2+Haar;pls;"{""n_components"": 15}";64.261;64.79385484608008
Corn_Starch_80_ZhengChenPelegYbaseSplit;valid;0;SG_21_3_2+Haar;pls;"{""n_components"": 15}";64.287;64.1607856201042
Corn_Starch_80_ZhengChenPelegYbaseSplit;valid;0;SG_21_3_2+Haar;pls;"{""n_components"": 15}";64.506;64.38619318774947
Corn_Starch_80_ZhengChenPelegYbaseSplit;valid;0;SG_21_3_2+Haar;pls;"{""n_components"": 15}";64.546;64.54140621335696
Corn_Starch_80_ZhengChenPelegYbaseSplit;valid;0;SG_21_3_2+Haar;pls;"{""n_components"": 15}";64.632;64.67257543274516
Corn_Starch_80_ZhengChenPelegYbaseSplit;valid;0;SG_21_3_2+Haar;pls;"{""n_components"": 15}";64.67;64.77934384174831
Corn_Starch_80_ZhengChenPelegYbaseSplit;valid;0;SG_21_3_2+Haar;pls;"{""n_components"": 15}";64.882;64.74382971519191
Corn_Starch_80_ZhengChenPelegYbaseSplit;valid;0;SG_21_3_2+Haar;pls;"{""n_components"": 15}";64.895;64.6274771581653
Corn_Starch_80_ZhengChenPelegYbaseSplit;valid;0;SG_21_3_2+Haar;pls;"{""n_components"": 15}";65.022;65.0754496324002
Corn_Starch_80_ZhengChenPelegYbaseSplit;valid;0;SG_21_3_2+Haar;pls;"{""n_components"": 15}";65.107;64.85175710728002
Corn_Starch_80_ZhengChenPelegYbaseSplit;valid;0;SG_21_3_2+Haar;pls;"{""n_components"": 15}";65.205;65.10930333524246
Corn_Starch_80_ZhengChenPelegYbaseSplit;valid;0;SG_21_3_2+Haar;pls;"{""n_components"": 15}";65.217;65.3184481448245
Corn_Starch_80_ZhengChenPelegYbaseSplit;valid;0;SG_21_3_2+Haar;pls;"{""n_components"": 15}";65.294;65.43692006897915
Corn_Starch_80_ZhengChenPelegYbaseSplit;valid;0;SG_21_3_2+Haar;pls;"{""n_components"": 15}";65.441;65.38071603100062
Corn_Starch_80_ZhengChenPelegYbaseSplit;valid;0;SG_21_3_2+Haar;pls;"{""n_components"": 15}";65.637;65.38421023957711
Corn_Starch_80_ZhengChenPelegYbaseSplit;valid;0;SG_21_3_2+Haar;pls;"{""n_components"": 15}";65.679;65.59791731919175
Corn_Starch_80_ZhengChenPelegYbaseSplit;valid;0;SG_21_3_2+Haar;pls;"{""n_components"": 15}";65.903;65.61338011301079
Corn_Starch_80_ZhengChenPelegYbaseSplit;test;0;SG_21_3_2+Haar;pls;"{""n_components"": 15}";63.021;63.31472245323505
Corn_Starch_80_ZhengChenPelegYbaseSplit;test;0;SG_21_3_2+Haar;pls;"{""n_components"": 15}";63.356;63.50754325627631
Corn_Starch_80_ZhengChenPelegYbaseSplit;test;0;SG_21_3_2+Haar;pls;"{""n_components"": 15}";63.631;63.81220766878446
Corn_Starch_80_ZhengChenPelegYbaseSplit;test;0;SG_21_3_2+Haar;pls;"{""n_components"": 15}";64.148;64.15899599812566
Corn_Starch_80_ZhengChenPelegYbaseSplit;test;0;SG_21_3_2+Haar;pls;"{""n_components"": 15}";64.292;64.26840647831051
Corn_Starch_80_ZhengChenPelegYbaseSplit;test;0;SG_21_3_2+Haar;pls;"{""n_components"": 15}";64.539;64.34804011184818
Corn_Starch_80_ZhengChenPelegYbaseSplit;test;0;SG_21_3_2+Haar;pls;"{""n_components"": 15}";64.613;64.92360142359543
Corn_Starch_80_ZhengChenPelegYbaseSplit;test;0;SG_21_3_2+Haar;pls;"{""n_components"": 15}";64.757;64.52473971762737
Corn_Starch_80_ZhengChenPelegYbaseSplit;test;0;SG_21_3_2+Haar;pls;"{""n_components"": 15}";64.853;64.98329274873096
Corn_Starch_80_ZhengChenPelegYbaseSplit;test;0;SG_21_3_2+Haar;pls;"{""n_components"": 15}";64.933;64.68805407670614
Corn_Starch_80_ZhengChenPelegYbaseSplit;test;0;SG_21_3_2+Haar;pls;"{""n_components"": 15}";65.144;65.16429401138197
Corn_Starch_80_ZhengChenPelegYbaseSplit;test;0;SG_21_3_2+Haar;pls;"{""n_components"": 15}";65.233;65.20737920565396
Corn_Starch_80_ZhengChenPelegYbaseSplit;test;0;SG_21_3_2+Haar;pls;"{""n_components"": 15}";65.386;65.22146346122423
Corn_Starch_80_ZhengChenPelegYbaseSplit;test;0;SG_21_3_2+Haar;pls;"{""n_components"": 15}";65.519;65.5726535077133
Corn_Starch_80_ZhengChenPelegYbaseSplit;test;0;SG_21_3_2+Haar;pls;"{""n_components"": 15}";65.646;65.74121478483573
Corn_Starch_80_ZhengChenPelegYbaseSplit;test;0;SG_21_3_2+Haar;pls;"{""n_components"": 15}";65.841;65.35366632554309
Corn_Starch_80_ZhengChenPelegYbaseSplit;valid;1;SG_21_3_2+Haar;pls;"{""n_components"": 15}";62.826;63.085856219809976
Corn_Starch_80_ZhengChenPelegYbaseSplit;valid;1;SG_21_3_2+Haar;pls;"{""n_components"": 15}";63.247;63.37044176645294
Corn_Starch_80_ZhengChenPelegYbaseSplit;valid;1;SG_21_3_2+Haar;pls;"{""n_components"": 15}";63.466;63.58118981320424
Corn_Starch_80_ZhengChenPelegYbaseSplit;valid;1;SG_21_3_2+Haar;pls;"{""n_components"": 15}";63.823;63.898777260324245
Corn_Starch_80_ZhengChenPelegYbaseSplit;valid;1;SG_21_3_2+Haar;pls;"{""n_components"": 15}";63.913;63.8518078940516
Corn_Starch_80_ZhengChenPelegYbaseSplit;valid;1;SG_21_3_2+Haar;pls;"{""n_components"": 15}";64.266;63.983383755087594
Corn_Starch_80_ZhengChenPelegYbaseSplit;valid;1;SG_21_3_2+Haar;pls;"{""n_components"": 15}";64.367;64.29391434498609
Corn_Starch_80_ZhengChenPelegYbaseSplit;valid;1;SG_21_3_2+Haar;pls;"{""n_components"": 15}";64.42;64.34152283220436
Corn_Starch_80_ZhengChenPelegYbaseSplit;valid;1;SG_21_3_2+Haar;pls;"{""n_components"": 15}";64.544;64.50237872882012
Corn_Starch_80_ZhengChenPelegYbaseSplit;valid;1;SG_21_3_2+Haar;pls;"{""n_components"": 15}";64.574;64.40703841566561
Corn_Starch_80_ZhengChenPelegYbaseSplit;valid;1;SG_21_3_2+Haar;pls;"{""n_components"": 15}";64.787;64.63961257023085
Corn_Starch_80_ZhengChenPelegYbaseSplit;valid;1;SG_21_3_2+Haar;pls;"{""n_components"": 15}";64.806;64.07557182090352
Corn_Starch_80_ZhengChenPelegYbaseSplit;valid;1;SG_21_3_2+Haar;pls;"{""n_components"": 15}";64.838;64.52999351192797
Corn_Starch_80_ZhengChenPelegYbaseSplit;valid;1;SG_21_3_2+Haar;pls;"{""n_components"": 15}";64.915;64.83224541070169
Corn_Starch_80_ZhengChenPelegYbaseSplit;valid;1;SG_21_3_2+Haar;pls;"{""n_components"": 15}";65.193;65.01044523974547
Corn_Starch_80_ZhengChenPelegYbaseSplit;valid;1;SG_21_3_2+Haar;pls;"{""n_components"": 15}";65.371;65.55918216398993
Corn_Starch_80_ZhengChenPelegYbaseSplit;valid;1;SG_21_3_2+Haar;pls;"{""n_components"": 15}";65.374;65.17639528071466
Corn_Starch_80_ZhengChenPelegYbaseSplit;valid;1;SG_21_3_2+Haar;pls;"{""n_components"": 15}";65.427;65.34659240726224
Corn_Starch_80_ZhengChenPelegYbaseSplit;valid;1;SG_21_3_2+Haar;pls;"{""n_components"": 15}";65.437;65.52508567312418
Corn_Starch_80_ZhengChenPelegYbaseSplit;valid;1;SG_21_3_2+Haar;pls;"{""n_components"": 15}";65.547;65.57253959287547
Corn_Starch_80_ZhengChenPelegYbaseSplit;valid;1;SG_21_3_2+Haar;pls;"{""n_components"": 15}";65.72;65.56644995582458
Corn_Starch_80_ZhengChenPelegYbaseSplit;test;1;SG_21_3_2+Haar;pls;"{""n_components"": 15}";63.021;63.15885015378521
Corn_Starch_80_ZhengChenPelegYbaseSplit;test;1;SG_21_3_2+Haar;pls;"{""n_components"": 15}";63.356;63.47161400959772
Corn_Starch_80_ZhengChenPelegYbaseSplit;test;1;SG_21_3_2+Haar;pls;"{""n_components"": 15}";63.631;63.47476255658096
Corn_Starch_80_ZhengChenPelegYbaseSplit;test;1;SG_21_3_2+Haar;pls;"{""n_components"": 15}";64.148;64.38763789404668
Corn_Starch_80_ZhengChenPelegYbaseSplit;test;1;SG_21_3_2+Haar;pls;"{""n_components"": 15}";64.292;64.44058336962611
Corn_Starch_80_ZhengChenPelegYbaseSplit;test;1;SG_21_3_2+Haar;pls;"{""n_components"": 15}";64.539;64.09649026798319
Corn_Starch_80_ZhengChenPelegYbaseSplit;test;1;SG_21_3_2+Haar;pls;"{""n_components"": 15}";64.613;65.04455871297016
Corn_Starch_80_ZhengChenPelegYbaseSplit;test;1;SG_21_3_2+Haar;pls;"{""n_components"": 15}";64.757;64.01677939942333
Corn_Starch_80_ZhengChenPelegYbaseSplit;test;1;SG_21_3_2+Haar;pls;"{""n_components"": 15}";64.853;64.99106844037675
Corn_Starch_80_ZhengChenPelegYbaseSplit;test;1;SG_21_3_2+Haar;pls;"{""n_components"": 15}";64.933;64.61424289957655
Corn_Starch_80_ZhengChenPelegYbaseSplit;test;1;SG_21_3_2+Haar;pls;"{""n_components"": 15}";65.144;65.06089584823503
Corn_Starch_80_ZhengChenPelegYbaseSplit;test;1;SG_21_3_2+Haar;pls;"{""n_components"": 15}";65.233;65.16831243433698
Corn_Starch_80_ZhengChenPelegYbaseSplit;test;1;SG_21_3_2+Haar;pls;"{""n_components"": 15}";65.386;65.07265857488277
Corn_Starch_80_ZhengChenPelegYbaseSplit;test;1;SG_21_3_2+Haar;pls;"{""n_components"": 15}";65.519;65.49836877840288
Corn_Starch_80_ZhengChenPelegYbaseSplit;test;1;SG_21_3_2+Haar;pls;"{""n_components"": 15}";65.646;65.54698622647194
Corn_Starch_80_ZhengChenPelegYbaseSplit;test;1;SG_21_3_2+Haar;pls;"{""n_components"": 15}";65.841;65.38607322822058
Corn_Starch_80_ZhengChenPelegYbaseSplit;valid;2;SG_21_3_2+Haar;pls;"{""n_components"": 15}";63.099;62.93222867645536
Corn_Starch_80_ZhengChenPelegYbaseSplit;valid;2;SG_21_3_2+Haar;pls;"{""n_components"": 15}";63.263;63.55358883623852
Corn_Starch_80_ZhengChenPelegYbaseSplit;valid;2;SG_21_3_2+Haar;pls;"{""n_components"": 15}";63.416;63.40566760950874
Corn_Starch_80_ZhengChenPelegYbaseSplit;valid;2;SG_21_3_2+Haar;pls;"{""n_components"": 15}";63.513;63.41097874116564
Corn_Starch_80_ZhengChenPelegYbaseSplit;valid;2;SG_21_3_2+Haar;pls;"{""n_components"": 15}";64.131;64.4599890267114
Corn_Starch_80_ZhengChenPelegYbaseSplit;valid;2;SG_21_3_2+Haar;pls;"{""n_components"": 15}";64.464;64.90362997930049
Corn_Starch_80_ZhengChenPelegYbaseSplit;valid;2;SG_21_3_2+Haar;pls;"{""n_components"": 15}";64.582;65.12490585502186
Corn_Starch_80_ZhengChenPelegYbaseSplit;valid;2;SG_21_3_2+Haar;pls;"{""n_components"": 15}";64.62;64.79774985157748
Corn_Starch_80_ZhengChenPelegYbaseSplit;valid;2;SG_21_3_2+Haar;pls;"{""n_components"": 15}";64.656;64.50526904566684
Corn_Starch_80_ZhengChenPelegYbaseSplit;valid;2;SG_21_3_2+Haar;pls;"{""n_components"": 15}";64.851;64.53132011730993
Corn_Starch_80_ZhengChenPelegYbaseSplit;valid;2;SG_21_3_2+Haar;pls;"{""n_components"": 15}";64.923;65.50623020571145
Corn_Starch_80_ZhengChenPelegYbaseSplit;valid;2;SG_21_3_2+Haar;pls;"{""n_components"": 15}";65.104;65.26566161056631
Corn_Starch_80_ZhengChenPelegYbaseSplit;valid;2;SG_21_3_2+Haar;pls;"{""n_components"": 15}";65.115;65.11503813524766
Corn_Starch_80_ZhengChenPelegYbaseSplit;valid;2;SG_21_3_2+Haar;pls;"{""n_components"": 15}";65.209;65.37930863008872
Corn_Starch_80_ZhengChenPelegYbaseSplit;valid;2;SG_21_3_2+Haar;pls;"{""n_components"": 15}";65.337;65.3727712029584
Corn_Starch_80_ZhengChenPelegYbaseSplit;valid;2;SG_21_3_2+Haar;pls;"{""n_components"": 15}";65.474;65.57523064850076
Corn_Starch_80_ZhengChenPelegYbaseSplit;valid;2;SG_21_3_2+Haar;pls;"{""n_components"": 15}";65.524;65.6260323848097
Corn_Starch_80_ZhengChenPelegYbaseSplit;valid;2;SG_21_3_2+Haar;pls;"{""n_components"": 15}";65.601;65.2424830147045
Corn_Starch_80_ZhengChenPelegYbaseSplit;valid;2;SG_21_3_2+Haar;pls;"{""n_components"": 15}";65.795;65.59079283660978
Corn_Starch_80_ZhengChenPelegYbaseSplit;valid;2;SG_21_3_2+Haar;pls;"{""n_components"": 15}";65.808;65.74637902358606
Corn_Starch_80_ZhengChenPelegYbaseSplit;valid;2;SG_21_3_2+Haar;pls;"{""n_components"": 15}";66.472;65.62713398175512
Corn_Starch_80_ZhengChenPelegYbaseSplit;test;2;SG_21_3_2+Haar;pls;"{""n_components"": 15}";63.021;62.8016300465745
Corn_Starch_80_ZhengChenPelegYbaseSplit;test;2;SG_21_3_2+Haar;pls;"{""n_components"": 15}";63.356;63.39200567941362
Corn_Starch_80_ZhengChenPelegYbaseSplit;test;2;SG_21_3_2+Haar;pls;"{""n_components"": 15}";63.631;63.24144740866036
Corn_Starch_80_ZhengChenPelegYbaseSplit;test;2;SG_21_3_2+Haar;pls;"{""n_components"": 15}";64.148;64.27606259739123
Corn_Starch_80_ZhengChenPelegYbaseSplit;test;2;SG_21_3_2+Haar;pls;"{""n_components"": 15}";64.292;64.34175233408045
Corn_Starch_80_ZhengChenPelegYbaseSplit;test;2;SG_21_3_2+Haar;pls;"{""n_components"": 15}";64.539;64.57064877296574
Corn_Starch_80_ZhengChenPelegYbaseSplit;test;2;SG_21_3_2+Haar;pls;"{""n_components"": 15}";64.613;65.41271147820834
Corn_Starch_80_ZhengChenPelegYbaseSplit;test;2;SG_21_3_2+Haar;pls;"{""n_components"": 15}";64.757;64.59743432445488
Corn_Starch_80_ZhengChenPelegYbaseSplit;test;2;SG_21_3_2+Haar;pls;"{""n_components"": 15}";64.853;65.22914462258832
Corn_Starch_80_ZhengChenPelegYbaseSplit;test;2;SG_21_3_2+Haar;pls;"{""n_components"": 15}";64.933;64.91107926816922
Corn_Starch_80_ZhengChenPelegYbaseSplit;test;2;SG_21_3_2+Haar;pls;"{""n_components"": 15}";65.144;65.43936028278739
Corn_Starch_80_ZhengChenPelegYbaseSplit;test;2;SG_21_3_2+Haar;pls;"{""n_components"": 15}";65.233;65.52169109834617
Corn_Starch_80_ZhengChenPelegYbaseSplit;test;2;SG_21_3_2+Haar;pls;"{""n_components"": 15}";65.386;64.79759190018845
Corn_Starch_80_ZhengChenPelegYbaseSplit;test;2;SG_21_3_2+Haar;pls;"{""n_components"": 15}";65.519;65.35222837882121
Corn_Starch_80_ZhengChenPelegYbaseSplit;test;2;SG_21_3_2+Haar;pls;"{""n_components"": 15}";65.646;65.62926800925804
Corn_Starch_80_ZhengChenPelegYbaseSplit;test;2;SG_21_3_2+Haar;pls;"{""n_components"": 15}";65.841;65.71641482251775
Corn_Starch_80_ZhengChenPelegYbaseSplit;valid;0;SG_21_3_2+AreaNormalization;pls;"{""n_components"": 12}";62.884;62.491218986208814
Corn_Starch_80_ZhengChenPelegYbaseSplit;valid;0;SG_21_3_2+AreaNormalization;pls;"{""n_components"": 12}";63.246;63.220412311558874
Corn_Starch_80_ZhengChenPelegYbaseSplit;valid;0;SG_21_3_2+AreaNormalization;pls;"{""n_components"": 12}";63.567;63.48501870821524
Corn_Starch_80_ZhengChenPelegYbaseSplit;valid;0;SG_21_3_2+AreaNormalization;pls;"{""n_components"": 12}";63.784;63.13801261105268
Corn_Starch_80_ZhengChenPelegYbaseSplit;valid;0;SG_21_3_2+AreaNormalization;pls;"{""n_components"": 12}";64.253;64.36447843099887
Corn_Starch_80_ZhengChenPelegYbaseSplit;valid;0;SG_21_3_2+AreaNormalization;pls;"{""n_components"": 12}";64.261;64.58663899441589
Corn_Starch_80_ZhengChenPelegYbaseSplit;valid;0;SG_21_3_2+AreaNormalization;pls;"{""n_components"": 12}";64.287;64.0359822389548
Corn_Starch_80_ZhengChenPelegYbaseSplit;valid;0;SG_21_3_2+AreaNormalization;pls;"{""n_components"": 12}";64.506;64.37592700821811
Corn_Starch_80_ZhengChenPelegYbaseSplit;valid;0;SG_21_3_2+AreaNormalization;pls;"{""n_components"": 12}";64.546;64.6579558882458
Corn_Starch_80_ZhengChenPelegYbaseSplit;valid;0;SG_21_3_2+AreaNormalization;pls;"{""n_components"": 12}";64.632;64.64436736865117
Corn_Starch_80_ZhengChenPelegYbaseSplit;valid;0;SG_21_3_2+AreaNormalization;pls;"{""n_components"": 12}";64.67;64.65655700986912
Corn_Starch_80_ZhengChenPelegYbaseSplit;valid;0;SG_21_3_2+AreaNormalization;pls;"{""n_components"": 12}";64.882;64.94215884220868
Corn_Starch_80_ZhengChenPelegYbaseSplit;valid;0;SG_21_3_2+AreaNormalization;pls;"{""n_components"": 12}";64.895;64.80101919116738
Corn_Starch_80_ZhengChenPelegYbaseSplit;valid;0;SG_21_3_2+AreaNormalization;pls;"{""n_components"": 12}";65.022;65.22031296057244
Corn_Starch_80_ZhengChenPelegYbaseSplit;valid;0;SG_21_3_2+AreaNormalization;pls;"{""n_components"": 12}";65.107;65.10133296167494
Corn_Starch_80_ZhengChenPelegYbaseSplit;valid;0;SG_21_3_2+AreaNormalization;pls;"{""n_components"": 12}";65.205;65.38185883776012
Corn_Starch_80_ZhengChenPelegYbaseSplit;valid;0;SG_21_3_2+AreaNormalization;pls;"{""n_components"": 12}";65.217;65.35166887925654
Corn_Starch_80_ZhengChenPelegYbaseSplit;valid;0;SG_21_3_2+AreaNormalization;pls;"{""n_components"": 12}";65.294;65.35504493946475
Corn_Starch_80_ZhengChenPelegYbaseSplit;valid;0;SG_21_3_2+AreaNormalization;pls;"{""n_components"": 12}";65.441;65.37423906919273
Corn_Starch_80_ZhengChenPelegYbaseSplit;valid;0;SG_21_3_2+AreaNormalization;pls;"{""n_components"": 12}";65.637;65.39294237684987
Corn_Starch_80_ZhengChenPelegYbaseSplit;valid;0;SG_21_3_2+AreaNormalization;pls;"{""n_components"": 12}";65.679;65.36411417844835
Corn_Starch_80_ZhengChenPelegYbaseSplit;valid;0;SG_21_3_2+AreaNormalization;pls;"{""n_components"": 12}";65.903;65.80896682066438
Corn_Starch_80_ZhengChenPelegYbaseSplit;test;0;SG_21_3_2+AreaNormalization;pls;"{""n_components"": 12}";63.021;62.96312308891735
Corn_Starch_80_ZhengChenPelegYbaseSplit;test;0;SG_21_3_2+AreaNormalization;pls;"{""n_components"": 12}";63.356;63.19315948097159
Corn_Starch_80_ZhengChenPelegYbaseSplit;test;0;SG_21_3_2+AreaNormalization;pls;"{""n_components"": 12}";63.631;63.471954815130495
Corn_Starch_80_ZhengChenPelegYbaseSplit;test;0;SG_21_3_2+AreaNormalization;pls;"{""n_components"": 12}";64.148;64.02687486328237
Corn_Starch_80_ZhengChenPelegYbaseSplit;test;0;SG_21_3_2+AreaNormalization;pls;"{""n_components"": 12}";64.292;64.40518642192714
Corn_Starch_80_ZhengChenPelegYbaseSplit;test;0;SG_21_3_2+AreaNormalization;pls;"{""n_components"": 12}";64.539;64.37365830642632
Corn_Starch_80_ZhengChenPelegYbaseSplit;test;0;SG_21_3_2+AreaNormalization;pls;"{""n_components"": 12}";64.613;64.78446033162535
Corn_Starch_80_ZhengChenPelegYbaseSplit;test;0;SG_21_3_2+AreaNormalization;pls;"{""n_components"": 12}";64.757;64.78740966073634
Corn_Starch_80_ZhengChenPelegYbaseSplit;test;0;SG_21_3_2+AreaNormalization;pls;"{""n_components"": 12}";64.853;65.18097233665972
Corn_Starch_80_ZhengChenPelegYbaseSplit;test;0;SG_21_3_2+AreaNormalization;pls;"{""n_components"": 12}";64.933;64.73585045955411
Corn_Starch_80_ZhengChenPelegYbaseSplit;test;0;SG_21_3_2+AreaNormalization;pls;"{""n_components"": 12}";65.144;65.24355929773265
Corn_Starch_80_ZhengChenPelegYbaseSplit;test;0;SG_21_3_2+AreaNormalization;pls;"{""n_components"": 12}";65.233;65.40161868243773
Corn_Starch_80_ZhengChenPelegYbaseSplit;test;0;SG_21_3_2+AreaNormalization;pls;"{""n_components"": 12}";65.386;65.19884602115447
Corn_Starch_80_ZhengChenPelegYbaseSplit;test;0;SG_21_3_2+AreaNormalization;pls;"{""n_components"": 12}";65.519;65.66970317767549
Corn_Starch_80_ZhengChenPelegYbaseSplit;test;0;SG_21_3_2+AreaNormalization;pls;"{""n_components"": 12}";65.646;65.6409886669841
Corn_Starch_80_ZhengChenPelegYbaseSplit;test;0;SG_21_3_2+AreaNormalization;pls;"{""n_components"": 12}";65.841;65.48094445432302
Corn_Starch_80_ZhengChenPelegYbaseSplit;valid;1;SG_21_3_2+AreaNormalization;pls;"{""n_components"": 12}";62.826;63.09946387660211
Corn_Starch_80_ZhengChenPelegYbaseSplit;valid;1;SG_21_3_2+AreaNormalization;pls;"{""n_components"": 12}";63.247;63.32214597535652
Corn_Starch_80_ZhengChenPelegYbaseSplit;valid;1;SG_21_3_2+AreaNormalization;pls;"{""n_components"": 12}";63.466;63.49286227116842
Corn_Starch_80_ZhengChenPelegYbaseSplit;valid;1;SG_21_3_2+AreaNormalization;pls;"{""n_components"": 12}";63.823;63.939378952267354
Corn_Starch_80_ZhengChenPelegYbaseSplit;valid;1;SG_21_3_2+AreaNormalization;pls;"{""n_components"": 12}";63.913;63.65766360399138
Corn_Starch_80_ZhengChenPelegYbaseSplit;valid;1;SG_21_3_2+AreaNormalization;pls;"{""n_components"": 12}";64.266;63.981863988149996
Corn_Starch_80_ZhengChenPelegYbaseSplit;valid;1;SG_21_3_2+AreaNormalization;pls;"{""n_components"": 12}";64.367;64.47385424410243
Corn_Starch_80_ZhengChenPelegYbaseSplit;valid;1;SG_21_3_2+AreaNormalization;pls;"{""n_components"": 12}";64.42;64.46941681763879
Corn_Starch_80_ZhengChenPelegYbaseSplit;valid;1;SG_21_3_2+AreaNormalization;pls;"{""n_components"": 12}";64.544;64.55923500092051
Corn_Starch_80_ZhengChenPelegYbaseSplit;valid;1;SG_21_3_2+AreaNormalization;pls;"{""n_components"": 12}";64.574;64.541576270527
Corn_Starch_80_ZhengChenPelegYbaseSplit;valid;1;SG_21_3_2+AreaNormalization;pls;"{""n_components"": 12}";64.787;64.45421078051957
Corn_Starch_80_ZhengChenPelegYbaseSplit;valid;1;SG_21_3_2+AreaNormalization;pls;"{""n_components"": 12}";64.806;64.51810510385755
Corn_Starch_80_ZhengChenPelegYbaseSplit;valid;1;SG_21_3_2+AreaNormalization;pls;"{""n_components"": 12}";64.838;64.5066831163018
Corn_Starch_80_ZhengChenPelegYbaseSplit;valid;1;SG_21_3_2+AreaNormalization;pls;"{""n_components"": 12}";64.915;64.81858280897086
Corn_Starch_80_ZhengChenPelegYbaseSplit;valid;1;SG_21_3_2+AreaNormalization;pls;"{""n_components"": 12}";65.193;65.00913138432138
Corn_Starch_80_ZhengChenPelegYbaseSplit;valid;1;SG_21_3_2+AreaNormalization;pls;"{""n_components"": 12}";65.371;65.75186704285385
Corn_Starch_80_ZhengChenPelegYbaseSplit;valid;1;SG_21_3_2+AreaNormalization;pls;"{""n_components"": 12}";65.374;65.24454491397344
Corn_Starch_80_ZhengChenPelegYbaseSplit;valid;1;SG_21_3_2+AreaNormalization;pls;"{""n_components"": 12}";65.427;65.30548577633338
Corn_Starch_80_ZhengChenPelegYbaseSplit;valid;1;SG_21_3_2+AreaNormalization;pls;"{""n_components"": 12}";65.437;65.06293125335236
Corn_Starch_80_ZhengChenPelegYbaseSplit;valid;1;SG_21_3_2+AreaNormalization;pls;"{""n_components"": 12}";65.547;65.4901704874542
Corn_Starch_80_ZhengChenPelegYbaseSplit;valid;1;SG_21_3_2+AreaNormalization;pls;"{""n_components"": 12}";65.72;65.61515709781676
Corn_Starch_80_ZhengChenPelegYbaseSplit;test;1;SG_21_3_2+AreaNormalization;pls;"{""n_components"": 12}";63.021;63.01912555652297
Corn_Starch_80_ZhengChenPelegYbaseSplit;test;1;SG_21_3_2+AreaNormalization;pls;"{""n_components"": 12}";63.356;63.062186327605325
Corn_Starch_80_ZhengChenPelegYbaseSplit;test;1;SG_21_3_2+AreaNormalization;pls;"{""n_components"": 12}";63.631;63.3161572345395
Corn_Starch_80_ZhengChenPelegYbaseSplit;test;1;SG_21_3_2+AreaNormalization;pls;"{""n_components"": 12}";64.148;64.34218178960045
Corn_Starch_80_ZhengChenPelegYbaseSplit;test;1;SG_21_3_2+AreaNormalization;pls;"{""n_components"": 12}";64.292;64.21233525142006
Corn_Starch_80_ZhengChenPelegYbaseSplit;test;1;SG_21_3_2+AreaNormalization;pls;"{""n_components"": 12}";64.539;64.1076522442098
Corn_Starch_80_ZhengChenPelegYbaseSplit;test;1;SG_21_3_2+AreaNormalization;pls;"{""n_components"": 12}";64.613;64.70785640170938
Corn_Starch_80_ZhengChenPelegYbaseSplit;test;1;SG_21_3_2+AreaNormalization;pls;"{""n_components"": 12}";64.757;64.60974226472138
Corn_Starch_80_ZhengChenPelegYbaseSplit;test;1;SG_21_3_2+AreaNormalization;pls;"{""n_components"": 12}";64.853;65.17261026575915
Corn_Starch_80_ZhengChenPelegYbaseSplit;test;1;SG_21_3_2+AreaNormalization;pls;"{""n_components"": 12}";64.933;64.67957253895129
Corn_Starch_80_ZhengChenPelegYbaseSplit;test;1;SG_21_3_2+AreaNormalization;pls;"{""n_components"": 12}";65.144;65.10717765172647
Corn_Starch_80_ZhengChenPelegYbaseSplit;test;1;SG_21_3_2+AreaNormalization;pls;"{""n_components"": 12}";65.233;65.15714409150921
Corn_Starch_80_ZhengChenPelegYbaseSplit;test;1;SG_21_3_2+AreaNormalization;pls;"{""n_components"": 12}";65.386;65.23032450824876
Corn_Starch_80_ZhengChenPelegYbaseSplit;test;1;SG_21_3_2+AreaNormalization;pls;"{""n_components"": 12}";65.519;65.89331782326306
Corn_Starch_80_ZhengChenPelegYbaseSplit;test;1;SG_21_3_2+AreaNormalization;pls;"{""n_components"": 12}";65.646;65.74611298353051
Corn_Starch_80_ZhengChenPelegYbaseSplit;test;1;SG_21_3_2+AreaNormalization;pls;"{""n_components"": 12}";65.841;65.52514587722926
Corn_Starch_80_ZhengChenPelegYbaseSplit;valid;2;SG_21_3_2+AreaNormalization;pls;"{""n_components"": 12}";63.099;63.11395375393846
Corn_Starch_80_ZhengChenPelegYbaseSplit;valid;2;SG_21_3_2+AreaNormalization;pls;"{""n_components"": 12}";63.263;63.50336559878146
Corn_Starch_80_ZhengChenPelegYbaseSplit;valid;2;SG_21_3_2+AreaNormalization;pls;"{""n_components"": 12}";63.416;63.27516954440955
Corn_Starch_80_ZhengChenPelegYbaseSplit;valid;2;SG_21_3_2+AreaNormalization;pls;"{""n_components"": 12}";63.513;63.44386744558152
Corn_Starch_80_ZhengChenPelegYbaseSplit;valid;2;SG_21_3_2+AreaNormalization;pls;"{""n_components"": 12}";64.131;64.45986920711601
Corn_Starch_80_ZhengChenPelegYbaseSplit;valid;2;SG_21_3_2+AreaNormalization;pls;"{""n_components"": 12}";64.464;65.07542576054531
Corn_Starch_80_ZhengChenPelegYbaseSplit;valid;2;SG_21_3_2+AreaNormalization;pls;"{""n_components"": 12}";64.582;65.18215711037352
Corn_Starch_80_ZhengChenPelegYbaseSplit;valid;2;SG_21_3_2+AreaNormalization;pls;"{""n_components"": 12}";64.62;64.8184618625982
Corn_Starch_80_ZhengChenPelegYbaseSplit;valid;2;SG_21_3_2+AreaNormalization;pls;"{""n_components"": 12}";64.656;64.68046400288648
Corn_Starch_80_ZhengChenPelegYbaseSplit;valid;2;SG_21_3_2+AreaNormalization;pls;"{""n_components"": 12}";64.851;64.4840794483109
Corn_Starch_80_ZhengChenPelegYbaseSplit;valid;2;SG_21_3_2+AreaNormalization;pls;"{""n_components"": 12}";64.923;65.35228534052186
Corn_Starch_80_ZhengChenPelegYbaseSplit;valid;2;SG_21_3_2+AreaNormalization;pls;"{""n_components"": 12}";65.104;65.18551252337038
Corn_Starch_80_ZhengChenPelegYbaseSplit;valid;2;SG_21_3_2+AreaNormalization;pls;"{""n_components"": 12}";65.115;65.13846544449551
Corn_Starch_80_ZhengChenPelegYbaseSplit;valid;2;SG_21_3_2+AreaNormalization;pls;"{""n_components"": 12}";65.209;65.58842114036109
Corn_Starch_80_ZhengChenPelegYbaseSplit;valid;2;SG_21_3_2+AreaNormalization;pls;"{""n_components"": 12}";65.337;65.57044698773572
Corn_Starch_80_ZhengChenPelegYbaseSplit;valid;2;SG_21_3_2+AreaNormalization;pls;"{""n_components"": 12}";65.474;65.41141016662283
Corn_Starch_80_ZhengChenPelegYbaseSplit;valid;2;SG_21_3_2+AreaNormalization;pls;"{""n_components"": 12}";65.524;65.65730500436445
Corn_Starch_80_ZhengChenPelegYbaseSplit;valid;2;SG_21_3_2+AreaNormalization;pls;"{""n_components"": 12}";65.601;65.31625612239672
Corn_Starch_80_ZhengChenPelegYbaseSplit;valid;2;SG_21_3_2+AreaNormalization;pls;"{""n_components"": 12}";65.795;65.53653111176672
Corn_Starch_80_ZhengChenPelegYbaseSplit;valid;2;SG_21_3_2+AreaNormalization;pls;"{""n_components"": 12}";65.808;65.77138450633251
Corn_Starch_80_ZhengChenPelegYbaseSplit;valid;2;SG_21_3_2+AreaNormalization;pls;"{""n_components"": 12}";66.472;65.67685343327874
Corn_Starch_80_ZhengChenPelegYbaseSplit;test;2;SG_21_3_2+AreaNormalization;pls;"{""n_components"": 12}";63.021;62.64272722838696
Corn_Starch_80_ZhengChenPelegYbaseSplit;test;2;SG_21_3_2+AreaNormalization;pls;"{""n_components"": 12}";63.356;63.21177553328381
Corn_Starch_80_ZhengChenPelegYbaseSplit;test;2;SG_21_3_2+AreaNormalization;pls;"{""n_components"": 12}";63.631;63.252545165979406
Corn_Starch_80_ZhengChenPelegYbaseSplit;test;2;SG_21_3_2+AreaNormalization;pls;"{""n_components"": 12}";64.148;64.2862344289065
Corn_Starch_80_ZhengChenPelegYbaseSplit;test;2;SG_21_3_2+AreaNormalization;pls;"{""n_components"": 12}";64.292;64.33008341302717
Corn_Starch_80_ZhengChenPelegYbaseSplit;test;2;SG_21_3_2+AreaNormalization;pls;"{""n_components"": 12}";64.539;64.52629957517775
Corn_Starch_80_ZhengChenPelegYbaseSplit;test;2;SG_21_3_2+AreaNormalization;pls;"{""n_components"": 12}";64.613;65.22920167584658
Corn_Starch_80_ZhengChenPelegYbaseSplit;test;2;SG_21_3_2+AreaNormalization;pls;"{""n_components"": 12}";64.757;64.80522133720054
Corn_Starch_80_ZhengChenPelegYbaseSplit;test;2;SG_21_3_2+AreaNormalization;pls;"{""n_components"": 12}";64.853;65.46058654355109
Corn_Starch_80_ZhengChenPelegYbaseSplit;test;2;SG_21_3_2+AreaNormalization;pls;"{""n_components"": 12}";64.933;64.75928642771139
Corn_Starch_80_ZhengChenPelegYbaseSplit;test;2;SG_21_3_2+AreaNormalization;pls;"{""n_components"": 12}";65.144;65.66597964618431
Corn_Starch_80_ZhengChenPelegYbaseSplit;test;2;SG_21_3_2+AreaNormalization;pls;"{""n_components"": 12}";65.233;65.82353515246582
Corn_Starch_80_ZhengChenPelegYbaseSplit;test;2;SG_21_3_2+AreaNormalization;pls;"{""n_components"": 12}";65.386;64.85957955198222
Corn_Starch_80_ZhengChenPelegYbaseSplit;test;2;SG_21_3_2+AreaNormalization;pls;"{""n_components"": 12}";65.519;65.41725405736491
Corn_Starch_80_ZhengChenPelegYbaseSplit;test;2;SG_21_3_2+AreaNormalization;pls;"{""n_components"": 12}";65.646;65.55302812514451
Corn_Starch_80_ZhengChenPelegYbaseSplit;test;2;SG_21_3_2+AreaNormalization;pls;"{""n_components"": 12}";65.841;65.68533564991127
Corn_Starch_80_ZhengChenPelegYbaseSplit;valid;0;Gaussian_1_2;pls;"{""n_components"": 20}";62.884;63.16299298510181
Corn_Starch_80_ZhengChenPelegYbaseSplit;valid;0;Gaussian_1_2;pls;"{""n_components"": 20}";63.246;63.144003815550334
Corn_Starch_80_ZhengChenPelegYbaseSplit;valid;0;Gaussian_1_2;pls;"{""n_components"": 20}";63.567;63.589198875752516
Corn_Starch_80_ZhengChenPelegYbaseSplit;valid;0;Gaussian_1_2;pls;"{""n_components"": 20}";63.784;63.518686561386
Corn_Starch_80_ZhengChenPelegYbaseSplit;valid;0;Gaussian_1_2;pls;"{""n_components"": 20}";64.253;64.24154717629355
Corn_Starch_80_ZhengChenPelegYbaseSplit;valid;0;Gaussian_1_2;pls;"{""n_components"": 20}";64.261;64.42674133058749
Corn_Starch_80_ZhengChenPelegYbaseSplit;valid;0;Gaussian_1_2;pls;"{""n_components"": 20}";64.287;64.11999280491713
Corn_Starch_80_ZhengChenPelegYbaseSplit;valid;0;Gaussian_1_2;pls;"{""n_components"": 20}";64.506;64.48296319041415
Corn_Starch_80_ZhengChenPelegYbaseSplit;valid;0;Gaussian_1_2;pls;"{""n_components"": 20}";64.546;64.4254943909114
Corn_Starch_80_ZhengChenPelegYbaseSplit;valid;0;Gaussian_1_2;pls;"{""n_components"": 20}";64.632;64.74977533797156
Corn_Starch_80_ZhengChenPelegYbaseSplit;valid;0;Gaussian_1_2;pls;"{""n_components"": 20}";64.67;64.78835502540021
Corn_Starch_80_ZhengChenPelegYbaseSplit;valid;0;Gaussian_1_2;pls;"{""n_components"": 20}";64.882;64.92315025328806
Corn_Starch_80_ZhengChenPelegYbaseSplit;valid;0;Gaussian_1_2;pls;"{""n_components"": 20}";64.895;64.88068429823154
Corn_Starch_80_ZhengChenPelegYbaseSplit;valid;0;Gaussian_1_2;pls;"{""n_components"": 20}";65.022;65.09859018851085
Corn_Starch_80_ZhengChenPelegYbaseSplit;valid;0;Gaussian_1_2;pls;"{""n_components"": 20}";65.107;65.05622160417802
Corn_Starch_80_ZhengChenPelegYbaseSplit;valid;0;Gaussian_1_2;pls;"{""n_components"": 20}";65.205;65.12199152888213
Corn_Starch_80_ZhengChenPelegYbaseSplit;valid;0;Gaussian_1_2;pls;"{""n_components"": 20}";65.217;65.22824977300817
Corn_Starch_80_ZhengChenPelegYbaseSplit;valid;0;Gaussian_1_2;pls;"{""n_components"": 20}";65.294;65.39504223255965
Corn_Starch_80_ZhengChenPelegYbaseSplit;valid;0;Gaussian_1_2;pls;"{""n_components"": 20}";65.441;65.40664859493589
Corn_Starch_80_ZhengChenPelegYbaseSplit;valid;0;Gaussian_1_2;pls;"{""n_components"": 20}";65.637;65.64087567159034
Corn_Starch_80_ZhengChenPelegYbaseSplit;valid;0;Gaussian_1_2;pls;"{""n_components"": 20}";65.679;65.61202459214228
Corn_Starch_80_ZhengChenPelegYbaseSplit;valid;0;Gaussian_1_2;pls;"{""n_components"": 20}";65.903;65.77809586903841
Corn_Starch_80_ZhengChenPelegYbaseSplit;test;0;Gaussian_1_2;pls;"{""n_components"": 20}";63.021;62.977139739365455
Corn_Starch_80_ZhengChenPelegYbaseSplit;test;0;Gaussian_1_2;pls;"{""n_components"": 20}";63.356;63.30017186946352
Corn_Starch_80_ZhengChenPelegYbaseSplit;test;0;Gaussian_1_2;pls;"{""n_components"": 20}";63.631;63.49510765529061
Corn_Starch_80_ZhengChenPelegYbaseSplit;test;0;Gaussian_1_2;pls;"{""n_components"": 20}";64.148;64.13132318149582
Corn_Starch_80_ZhengChenPelegYbaseSplit;test;0;Gaussian_1_2;pls;"{""n_components"": 20}";64.292;64.22451511388059
Corn_Starch_80_ZhengChenPelegYbaseSplit;test;0;Gaussian_1_2;pls;"{""n_components"": 20}";64.539;64.28746607052919
Corn_Starch_80_ZhengChenPelegYbaseSplit;test;0;Gaussian_1_2;pls;"{""n_components"": 20}";64.613;64.7682555498754
Corn_Starch_80_ZhengChenPelegYbaseSplit;test;0;Gaussian_1_2;pls;"{""n_components"": 20}";64.757;64.65373996116314
Corn_Starch_80_ZhengChenPelegYbaseSplit;test;0;Gaussian_1_2;pls;"{""n_components"": 20}";64.853;64.93947404137097
Corn_Starch_80_ZhengChenPelegYbaseSplit;test;0;Gaussian_1_2;pls;"{""n_components"": 20}";64.933;64.89242296991144
Corn_Starch_80_ZhengChenPelegYbaseSplit;test;0;Gaussian_1_2;pls;"{""n_components"": 20}";65.144;65.23692322696262
Corn_Starch_80_ZhengChenPelegYbaseSplit;test;0;Gaussian_1_2;pls;"{""n_components"": 20}";65.233;65.41863030900416
Corn_Starch_80_ZhengChenPelegYbaseSplit;test;0;Gaussian_1_2;pls;"{""n_components"": 20}";65.386;65.33632960738468
Corn_Starch_80_ZhengChenPelegYbaseSplit;test;0;Gaussian_1_2;pls;"{""n_components"": 20}";65.519;65.40414622655818
Corn_Starch_80_ZhengChenPelegYbaseSplit;test;0;Gaussian_1_2;pls;"{""n_components"": 20}";65.646;65.81997161532902
Corn_Starch_80_ZhengChenPelegYbaseSplit;test;0;Gaussian_1_2;pls;"{""n_components"": 20}";65.841;65.55707502341481
Corn_Starch_80_ZhengChenPelegYbaseSplit;valid;1;Gaussian_1_2;pls;"{""n_components"": 20}";62.826;62.92592828391582
Corn_Starch_80_ZhengChenPelegYbaseSplit;valid;1;Gaussian_1_2;pls;"{""n_components"": 20}";63.247;63.38868263776684
Corn_Starch_80_ZhengChenPelegYbaseSplit;valid;1;Gaussian_1_2;pls;"{""n_components"": 20}";63.466;63.40436454077781
Corn_Starch_80_ZhengChenPelegYbaseSplit;valid;1;Gaussian_1_2;pls;"{""n_components"": 20}";63.823;63.83371134781009
Corn_Starch_80_ZhengChenPelegYbaseSplit;valid;1;Gaussian_1_2;pls;"{""n_components"": 20}";63.913;63.810751066211964
Corn_Starch_80_ZhengChenPelegYbaseSplit;valid;1;Gaussian_1_2;pls;"{""n_components"": 20}";64.266;63.97267101076641
Corn_Starch_80_ZhengChenPelegYbaseSplit;valid;1;Gaussian_1_2;pls;"{""n_components"": 20}";64.367;64.3907071490077
Corn_Starch_80_ZhengChenPelegYbaseSplit;valid;1;Gaussian_1_2;pls;"{""n_components"": 20}";64.42;64.47993127526183
Corn_Starch_80_ZhengChenPelegYbaseSplit;valid;1;Gaussian_1_2;pls;"{""n_components"": 20}";64.544;64.55691171185445
Corn_Starch_80_ZhengChenPelegYbaseSplit;valid;1;Gaussian_1_2;pls;"{""n_components"": 20}";64.574;64.68607529544649
Corn_Starch_80_ZhengChenPelegYbaseSplit;valid;1;Gaussian_1_2;pls;"{""n_components"": 20}";64.787;64.74237466799401
Corn_Starch_80_ZhengChenPelegYbaseSplit;valid;1;Gaussian_1_2;pls;"{""n_components"": 20}";64.806;64.57999374300468
Corn_Starch_80_ZhengChenPelegYbaseSplit;valid;1;Gaussian_1_2;pls;"{""n_components"": 20}";64.838;64.60996986149232
Corn_Starch_80_ZhengChenPelegYbaseSplit;valid;1;Gaussian_1_2;pls;"{""n_components"": 20}";64.915;64.87435459601879
Corn_Starch_80_ZhengChenPelegYbaseSplit;valid;1;Gaussian_1_2;pls;"{""n_components"": 20}";65.193;65.07471586767295
Corn_Starch_80_ZhengChenPelegYbaseSplit;valid;1;Gaussian_1_2;pls;"{""n_components"": 20}";65.371;65.4224935369933
Corn_Starch_80_ZhengChenPelegYbaseSplit;valid;1;Gaussian_1_2;pls;"{""n_components"": 20}";65.374;65.34712352278753
Corn_Starch_80_ZhengChenPelegYbaseSplit;valid;1;Gaussian_1_2;pls;"{""n_components"": 20}";65.427;65.36582231485725
Corn_Starch_80_ZhengChenPelegYbaseSplit;valid;1;Gaussian_1_2;pls;"{""n_components"": 20}";65.437;65.39478610902466
Corn_Starch_80_ZhengChenPelegYbaseSplit;valid;1;Gaussian_1_2;pls;"{""n_components"": 20}";65.547;65.52142711409581
Corn_Starch_80_ZhengChenPelegYbaseSplit;valid;1;Gaussian_1_2;pls;"{""n_components"": 20}";65.72;65.62280209271438
Corn_Starch_80_ZhengChenPelegYbaseSplit;test;1;Gaussian_1_2;pls;"{""n_components"": 20}";63.021;63.00501092687768
Corn_Starch_80_ZhengChenPelegYbaseSplit;test;1;Gaussian_1_2;pls;"{""n_components"": 20}";63.356;63.320881571843806
Corn_Starch_80_ZhengChenPelegYbaseSplit;test;1;Gaussian_1_2;pls;"{""n_components"": 20}";63.631;63.470994153452224
Corn_Starch_80_ZhengChenPelegYbaseSplit;test;1;Gaussian_1_2;pls;"{""n_components"": 20}";64.148;64.3752081994567
Corn_Starch_80_ZhengChenPelegYbaseSplit;test;1;Gaussian_1_2;pls;"{""n_components"": 20}";64.292;64.28635516450565
Corn_Starch_80_ZhengChenPelegYbaseSplit;test;1;Gaussian_1_2;pls;"{""n_components"": 20}";64.539;64.20839350503518
Corn_Starch_80_ZhengChenPelegYbaseSplit;test;1;Gaussian_1_2;pls;"{""n_components"": 20}";64.613;64.5670654594249
Corn_Starch_80_ZhengChenPelegYbaseSplit;test;1;Gaussian_1_2;pls;"{""n_components"": 20}";64.757;64.46116845360869
Corn_Starch_80_ZhengChenPelegYbaseSplit;test;1;Gaussian_1_2;pls;"{""n_components"": 20}";64.853;64.90948609245079
Corn_Starch_80_ZhengChenPelegYbaseSplit;test;1;Gaussian_1_2;pls;"{""n_components"": 20}";64.933;64.85327112148877
Corn_Starch_80_ZhengChenPelegYbaseSplit;test;1;Gaussian_1_2;pls;"{""n_components"": 20}";65.144;65.14791504459096
Corn_Starch_80_ZhengChenPelegYbaseSplit;test;1;Gaussian_1_2;pls;"{""n_components"": 20}";65.233;65.26146538380962
Corn_Starch_80_ZhengChenPelegYbaseSplit;test;1;Gaussian_1_2;pls;"{""n_components"": 20}";65.386;65.33888927240653
Corn_Starch_80_ZhengChenPelegYbaseSplit;test;1;Gaussian_1_2;pls;"{""n_components"": 20}";65.519;65.4262659852
Corn_Starch_80_ZhengChenPelegYbaseSplit;test;1;Gaussian_1_2;pls;"{""n_components"": 20}";65.646;65.65870530777835
Corn_Starch_80_ZhengChenPelegYbaseSplit;test;1;Gaussian_1_2;pls;"{""n_components"": 20}";65.841;65.50474719566952
Corn_Starch_80_ZhengChenPelegYbaseSplit;valid;2;Gaussian_1_2;pls;"{""n_components"": 20}";63.099;63.14900728635107
Corn_Starch_80_ZhengChenPelegYbaseSplit;valid;2;Gaussian_1_2;pls;"{""n_components"": 20}";63.263;63.38940304562278
Corn_Starch_80_ZhengChenPelegYbaseSplit;valid;2;Gaussian_1_2;pls;"{""n_components"": 20}";63.416;63.212126811999795
Corn_Starch_80_ZhengChenPelegYbaseSplit;valid;2;Gaussian_1_2;pls;"{""n_components"": 20}";63.513;63.52115005571457
Corn_Starch_80_ZhengChenPelegYbaseSplit;valid;2;Gaussian_1_2;pls;"{""n_components"": 20}";64.131;64.434102801367
Corn_Starch_80_ZhengChenPelegYbaseSplit;valid;2;Gaussian_1_2;pls;"{""n_components"": 20}";64.464;64.75555250995329
Corn_Starch_80_ZhengChenPelegYbaseSplit;valid;2;Gaussian_1_2;pls;"{""n_components"": 20}";64.582;65.06712411054357
Corn_Starch_80_ZhengChenPelegYbaseSplit;valid;2;Gaussian_1_2;pls;"{""n_components"": 20}";64.62;64.78817065459867
Corn_Starch_80_ZhengChenPelegYbaseSplit;valid;2;Gaussian_1_2;pls;"{""n_components"": 20}";64.656;64.58170682824196
Corn_Starch_80_ZhengChenPelegYbaseSplit;valid;2;Gaussian_1_2;pls;"{""n_components"": 20}";64.851;64.63194309553376
Corn_Starch_80_ZhengChenPelegYbaseSplit;valid;2;Gaussian_1_2;pls;"{""n_components"": 20}";64.923;65.1279651202063
Corn_Starch_80_ZhengChenPelegYbaseSplit;valid;2;Gaussian_1_2;pls;"{""n_components"": 20}";65.104;65.07648081034415
Corn_Starch_80_ZhengChenPelegYbaseSplit;valid;2;Gaussian_1_2;pls;"{""n_components"": 20}";65.115;65.09394978331198
Corn_Starch_80_ZhengChenPelegYbaseSplit;valid;2;Gaussian_1_2;pls;"{""n_components"": 20}";65.209;65.35485662107233
Corn_Starch_80_ZhengChenPelegYbaseSplit;valid;2;Gaussian_1_2;pls;"{""n_components"": 20}";65.337;65.42137988015767
Corn_Starch_80_ZhengChenPelegYbaseSplit;valid;2;Gaussian_1_2;pls;"{""n_components"": 20}";65.474;65.44873987259345
Corn_Starch_80_ZhengChenPelegYbaseSplit;valid;2;Gaussian_1_2;pls;"{""n_components"": 20}";65.524;65.69477456138092
Corn_Starch_80_ZhengChenPelegYbaseSplit;valid;2;Gaussian_1_2;pls;"{""n_components"": 20}";65.601;65.458922520833
Corn_Starch_80_ZhengChenPelegYbaseSplit;valid;2;Gaussian_1_2;pls;"{""n_components"": 20}";65.795;65.6994310515151
Corn_Starch_80_ZhengChenPelegYbaseSplit;valid;2;Gaussian_1_2;pls;"{""n_components"": 20}";65.808;65.80627707777397
Corn_Starch_80_ZhengChenPelegYbaseSplit;valid;2;Gaussian_1_2;pls;"{""n_components"": 20}";66.472;66.09778171631616
Corn_Starch_80_ZhengChenPelegYbaseSplit;test;2;Gaussian_1_2;pls;"{""n_components"": 20}";63.021;62.7618064094675
Corn_Starch_80_ZhengChenPelegYbaseSplit;test;2;Gaussian_1_2;pls;"{""n_components"": 20}";63.356;63.33126095993933
Corn_Starch_80_ZhengChenPelegYbaseSplit;test;2;Gaussian_1_2;pls;"{""n_components"": 20}";63.631;63.383406607180945
Corn_Starch_80_ZhengChenPelegYbaseSplit;test;2;Gaussian_1_2;pls;"{""n_components"": 20}";64.148;64.35213600050228
Corn_Starch_80_ZhengChenPelegYbaseSplit;test;2;Gaussian_1_2;pls;"{""n_components"": 20}";64.292;64.22846584399338
Corn_Starch_80_ZhengChenPelegYbaseSplit;test;2;Gaussian_1_2;pls;"{""n_components"": 20}";64.539;64.40903511531329
Corn_Starch_80_ZhengChenPelegYbaseSplit;test;2;Gaussian_1_2;pls;"{""n_components"": 20}";64.613;64.98712148398901
Corn_Starch_80_ZhengChenPelegYbaseSplit;test;2;Gaussian_1_2;pls;"{""n_components"": 20}";64.757;64.69164410840496
Corn_Starch_80_ZhengChenPelegYbaseSplit;test;2;Gaussian_1_2;pls;"{""n_components"": 20}";64.853;64.90684094823206
Corn_Starch_80_ZhengChenPelegYbaseSplit;test;2;Gaussian_1_2;pls;"{""n_components"": 20}";64.933;64.87484428793346
Corn_Starch_80_ZhengChenPelegYbaseSplit;test;2;Gaussian_1_2;pls;"{""n_components"": 20}";65.144;65.3925286875193
Corn_Starch_80_ZhengChenPelegYbaseSplit;test;2;Gaussian_1_2;pls;"{""n_components"": 20}";65.233;65.60091788656844
Corn_Starch_80_ZhengChenPelegYbaseSplit;test;2;Gaussian_1_2;pls;"{""n_components"": 20}";65.386;65.14567850284541
Corn_Starch_80_ZhengChenPelegYbaseSplit;test;2;Gaussian_1_2;pls;"{""n_components"": 20}";65.519;65.40492584297502
Corn_Starch_80_ZhengChenPelegYbaseSplit;test;2;Gaussian_1_2;pls;"{""n_components"": 20}";65.646;65.73929568195707
Corn_Starch_80_ZhengChenPelegYbaseSplit;test;2;Gaussian_1_2;pls;"{""n_components"": 20}";65.841;65.65510882917476
Corn_Starch_80_ZhengChenPelegYbaseSplit;valid;0;Gaussian_1_2+Haar;pls;"{""n_components"": 18}";62.884;63.42471994608641
Corn_Starch_80_ZhengChenPelegYbaseSplit;valid;0;Gaussian_1_2+Haar;pls;"{""n_components"": 18}";63.246;63.34336827172759
Corn_Starch_80_ZhengChenPelegYbaseSplit;valid;0;Gaussian_1_2+Haar;pls;"{""n_components"": 18}";63.567;63.46622265729757
Corn_Starch_80_ZhengChenPelegYbaseSplit;valid;0;Gaussian_1_2+Haar;pls;"{""n_components"": 18}";63.784;63.49447205285353
Corn_Starch_80_ZhengChenPelegYbaseSplit;valid;0;Gaussian_1_2+Haar;pls;"{""n_components"": 18}";64.253;64.24577653126339
Corn_Starch_80_ZhengChenPelegYbaseSplit;valid;0;Gaussian_1_2+Haar;pls;"{""n_components"": 18}";64.261;64.57222396697173
Corn_Starch_80_ZhengChenPelegYbaseSplit;valid;0;Gaussian_1_2+Haar;pls;"{""n_components"": 18}";64.287;64.15065977160754
Corn_Starch_80_ZhengChenPelegYbaseSplit;valid;0;Gaussian_1_2+Haar;pls;"{""n_components"": 18}";64.506;64.45534822543547
Corn_Starch_80_ZhengChenPelegYbaseSplit;valid;0;Gaussian_1_2+Haar;pls;"{""n_components"": 18}";64.546;64.65669611710219
Corn_Starch_80_ZhengChenPelegYbaseSplit;valid;0;Gaussian_1_2+Haar;pls;"{""n_components"": 18}";64.632;64.72599852306107
Corn_Starch_80_ZhengChenPelegYbaseSplit;valid;0;Gaussian_1_2+Haar;pls;"{""n_components"": 18}";64.67;64.72384727097888
Corn_Starch_80_ZhengChenPelegYbaseSplit;valid;0;Gaussian_1_2+Haar;pls;"{""n_components"": 18}";64.882;64.90415560858206
Corn_Starch_80_ZhengChenPelegYbaseSplit;valid;0;Gaussian_1_2+Haar;pls;"{""n_components"": 18}";64.895;64.77425844805194
Corn_Starch_80_ZhengChenPelegYbaseSplit;valid;0;Gaussian_1_2+Haar;pls;"{""n_components"": 18}";65.022;65.09081335824169
Corn_Starch_80_ZhengChenPelegYbaseSplit;valid;0;Gaussian_1_2+Haar;pls;"{""n_components"": 18}";65.107;64.92101356951714
Corn_Starch_80_ZhengChenPelegYbaseSplit;valid;0;Gaussian_1_2+Haar;pls;"{""n_components"": 18}";65.205;65.08963660442508
Corn_Starch_80_ZhengChenPelegYbaseSplit;valid;0;Gaussian_1_2+Haar;pls;"{""n_components"": 18}";65.217;65.30178178238242
Corn_Starch_80_ZhengChenPelegYbaseSplit;valid;0;Gaussian_1_2+Haar;pls;"{""n_components"": 18}";65.294;65.19596741224836
Corn_Starch_80_ZhengChenPelegYbaseSplit;valid;0;Gaussian_1_2+Haar;pls;"{""n_components"": 18}";65.441;65.38208712397129
Corn_Starch_80_ZhengChenPelegYbaseSplit;valid;0;Gaussian_1_2+Haar;pls;"{""n_components"": 18}";65.637;65.72096180309961
Corn_Starch_80_ZhengChenPelegYbaseSplit;valid;0;Gaussian_1_2+Haar;pls;"{""n_components"": 18}";65.679;65.80279312089355
Corn_Starch_80_ZhengChenPelegYbaseSplit;valid;0;Gaussian_1_2+Haar;pls;"{""n_components"": 18}";65.903;65.76548751278301
Corn_Starch_80_ZhengChenPelegYbaseSplit;test;0;Gaussian_1_2+Haar;pls;"{""n_components"": 18}";63.021;63.21847991052675
Corn_Starch_80_ZhengChenPelegYbaseSplit;test;0;Gaussian_1_2+Haar;pls;"{""n_components"": 18}";63.356;63.49844711222612
Corn_Starch_80_ZhengChenPelegYbaseSplit;test;0;Gaussian_1_2+Haar;pls;"{""n_components"": 18}";63.631;63.56926436664467
Corn_Starch_80_ZhengChenPelegYbaseSplit;test;0;Gaussian_1_2+Haar;pls;"{""n_components"": 18}";64.148;64.16195820094835
Corn_Starch_80_ZhengChenPelegYbaseSplit;test;0;Gaussian_1_2+Haar;pls;"{""n_components"": 18}";64.292;64.25627659114512
Corn_Starch_80_ZhengChenPelegYbaseSplit;test;0;Gaussian_1_2+Haar;pls;"{""n_components"": 18}";64.539;64.31815620886051
Corn_Starch_80_ZhengChenPelegYbaseSplit;test;0;Gaussian_1_2+Haar;pls;"{""n_components"": 18}";64.613;65.11316785388777
Corn_Starch_80_ZhengChenPelegYbaseSplit;test;0;Gaussian_1_2+Haar;pls;"{""n_components"": 18}";64.757;64.47511298230336
Corn_Starch_80_ZhengChenPelegYbaseSplit;test;0;Gaussian_1_2+Haar;pls;"{""n_components"": 18}";64.853;65.0480065363054
Corn_Starch_80_ZhengChenPelegYbaseSplit;test;0;Gaussian_1_2+Haar;pls;"{""n_components"": 18}";64.933;64.6962106999954
Corn_Starch_80_ZhengChenPelegYbaseSplit;test;0;Gaussian_1_2+Haar;pls;"{""n_components"": 18}";65.144;64.98316666022312
Corn_Starch_80_ZhengChenPelegYbaseSplit;test;0;Gaussian_1_2+Haar;pls;"{""n_components"": 18}";65.233;65.34309082591778
Corn_Starch_80_ZhengChenPelegYbaseSplit;test;0;Gaussian_1_2+Haar;pls;"{""n_components"": 18}";65.386;65.25192830227529
Corn_Starch_80_ZhengChenPelegYbaseSplit;test;0;Gaussian_1_2+Haar;pls;"{""n_components"": 18}";65.519;65.62782771395585
Corn_Starch_80_ZhengChenPelegYbaseSplit;test;0;Gaussian_1_2+Haar;pls;"{""n_components"": 18}";65.646;65.65133865936875
Corn_Starch_80_ZhengChenPelegYbaseSplit;test;0;Gaussian_1_2+Haar;pls;"{""n_components"": 18}";65.841;65.17906543931878
Corn_Starch_80_ZhengChenPelegYbaseSplit;valid;1;Gaussian_1_2+Haar;pls;"{""n_components"": 18}";62.826;63.19605209974263
Corn_Starch_80_ZhengChenPelegYbaseSplit;valid;1;Gaussian_1_2+Haar;pls;"{""n_components"": 18}";63.247;63.430613838139216
Corn_Starch_80_ZhengChenPelegYbaseSplit;valid;1;Gaussian_1_2+Haar;pls;"{""n_components"": 18}";63.466;63.591132681161106
Corn_Starch_80_ZhengChenPelegYbaseSplit;valid;1;Gaussian_1_2+Haar;pls;"{""n_components"": 18}";63.823;63.981509732130334
Corn_Starch_80_ZhengChenPelegYbaseSplit;valid;1;Gaussian_1_2+Haar;pls;"{""n_components"": 18}";63.913;63.81486033152054
Corn_Starch_80_ZhengChenPelegYbaseSplit;valid;1;Gaussian_1_2+Haar;pls;"{""n_components"": 18}";64.266;63.95924601500458
Corn_Starch_80_ZhengChenPelegYbaseSplit;valid;1;Gaussian_1_2+Haar;pls;"{""n_components"": 18}";64.367;64.17824494365979
Corn_Starch_80_ZhengChenPelegYbaseSplit;valid;1;Gaussian_1_2+Haar;pls;"{""n_components"": 18}";64.42;64.55514655691178
Corn_Starch_80_ZhengChenPelegYbaseSplit;valid;1;Gaussian_1_2+Haar;pls;"{""n_components"": 18}";64.544;64.35280985733971
Corn_Starch_80_ZhengChenPelegYbaseSplit;valid;1;Gaussian_1_2+Haar;pls;"{""n_components"": 18}";64.574;64.55379774171291
Corn_Starch_80_ZhengChenPelegYbaseSplit;valid;1;Gaussian_1_2+Haar;pls;"{""n_components"": 18}";64.787;64.67379819888166
Corn_Starch_80_ZhengChenPelegYbaseSplit;valid;1;Gaussian_1_2+Haar;pls;"{""n_components"": 18}";64.806;64.32213286363462
Corn_Starch_80_ZhengChenPelegYbaseSplit;valid;1;Gaussian_1_2+Haar;pls;"{""n_components"": 18}";64.838;64.71573392588108
Corn_Starch_80_ZhengChenPelegYbaseSplit;valid;1;Gaussian_1_2+Haar;pls;"{""n_components"": 18}";64.915;64.83036168815923
Corn_Starch_80_ZhengChenPelegYbaseSplit;valid;1;Gaussian_1_2+Haar;pls;"{""n_components"": 18}";65.193;65.04251456068775
Corn_Starch_80_ZhengChenPelegYbaseSplit;valid;1;Gaussian_1_2+Haar;pls;"{""n_components"": 18}";65.371;65.2546807809386
Corn_Starch_80_ZhengChenPelegYbaseSplit;valid;1;Gaussian_1_2+Haar;pls;"{""n_components"": 18}";65.374;65.24420096150321
Corn_Starch_80_ZhengChenPelegYbaseSplit;valid;1;Gaussian_1_2+Haar;pls;"{""n_components"": 18}";65.427;65.42970334312878
Corn_Starch_80_ZhengChenPelegYbaseSplit;valid;1;Gaussian_1_2+Haar;pls;"{""n_components"": 18}";65.437;65.39319639086455
Corn_Starch_80_ZhengChenPelegYbaseSplit;valid;1;Gaussian_1_2+Haar;pls;"{""n_components"": 18}";65.547;65.55161829937828
Corn_Starch_80_ZhengChenPelegYbaseSplit;valid;1;Gaussian_1_2+Haar;pls;"{""n_components"": 18}";65.72;65.63642308757882
Corn_Starch_80_ZhengChenPelegYbaseSplit;test;1;Gaussian_1_2+Haar;pls;"{""n_components"": 18}";63.021;63.03692450644086
Corn_Starch_80_ZhengChenPelegYbaseSplit;test;1;Gaussian_1_2+Haar;pls;"{""n_components"": 18}";63.356;63.30963295660463
Corn_Starch_80_ZhengChenPelegYbaseSplit;test;1;Gaussian_1_2+Haar;pls;"{""n_components"": 18}";63.631;63.376378134021145
Corn_Starch_80_ZhengChenPelegYbaseSplit;test;1;Gaussian_1_2+Haar;pls;"{""n_components"": 18}";64.148;64.3393104688481
Corn_Starch_80_ZhengChenPelegYbaseSplit;test;1;Gaussian_1_2+Haar;pls;"{""n_components"": 18}";64.292;64.40471614377324
Corn_Starch_80_ZhengChenPelegYbaseSplit;test;1;Gaussian_1_2+Haar;pls;"{""n_components"": 18}";64.539;64.18320917344795
Corn_Starch_80_ZhengChenPelegYbaseSplit;test;1;Gaussian_1_2+Haar;pls;"{""n_components"": 18}";64.613;64.9377194272259
Corn_Starch_80_ZhengChenPelegYbaseSplit;test;1;Gaussian_1_2+Haar;pls;"{""n_components"": 18}";64.757;64.19146890723965
Corn_Starch_80_ZhengChenPelegYbaseSplit;test;1;Gaussian_1_2+Haar;pls;"{""n_components"": 18}";64.853;64.81282771949368
Corn_Starch_80_ZhengChenPelegYbaseSplit;test;1;Gaussian_1_2+Haar;pls;"{""n_components"": 18}";64.933;64.85655715881715
Corn_Starch_80_ZhengChenPelegYbaseSplit;test;1;Gaussian_1_2+Haar;pls;"{""n_components"": 18}";65.144;65.08393172251115
Corn_Starch_80_ZhengChenPelegYbaseSplit;test;1;Gaussian_1_2+Haar;pls;"{""n_components"": 18}";65.233;65.14245588910713
Corn_Starch_80_ZhengChenPelegYbaseSplit;test;1;Gaussian_1_2+Haar;pls;"{""n_components"": 18}";65.386;65.15001673098331
Corn_Starch_80_ZhengChenPelegYbaseSplit;test;1;Gaussian_1_2+Haar;pls;"{""n_components"": 18}";65.519;65.45021837242933
Corn_Starch_80_ZhengChenPelegYbaseSplit;test;1;Gaussian_1_2+Haar;pls;"{""n_components"": 18}";65.646;65.68488012726516
Corn_Starch_80_ZhengChenPelegYbaseSplit;test;1;Gaussian_1_2+Haar;pls;"{""n_components"": 18}";65.841;65.35751302543325
Corn_Starch_80_ZhengChenPelegYbaseSplit;valid;2;Gaussian_1_2+Haar;pls;"{""n_components"": 18}";63.099;63.01620252445406
Corn_Starch_80_ZhengChenPelegYbaseSplit;valid;2;Gaussian_1_2+Haar;pls;"{""n_components"": 18}";63.263;63.39491832953804
Corn_Starch_80_ZhengChenPelegYbaseSplit;valid;2;Gaussian_1_2+Haar;pls;"{""n_components"": 18}";63.416;63.297729155178104
Corn_Starch_80_ZhengChenPelegYbaseSplit;valid;2;Gaussian_1_2+Haar;pls;"{""n_components"": 18}";63.513;63.42734825649157
Corn_Starch_80_ZhengChenPelegYbaseSplit;valid;2;Gaussian_1_2+Haar;pls;"{""n_components"": 18}";64.131;64.60371083460056
Corn_Starch_80_ZhengChenPelegYbaseSplit;valid;2;Gaussian_1_2+Haar;pls;"{""n_components"": 18}";64.464;65.03155962877217
Corn_Starch_80_ZhengChenPelegYbaseSplit;valid;2;Gaussian_1_2+Haar;pls;"{""n_components"": 18}";64.582;64.94878075798947
Corn_Starch_80_ZhengChenPelegYbaseSplit;valid;2;Gaussian_1_2+Haar;pls;"{""n_components"": 18}";64.62;64.81746123068541
Corn_Starch_80_ZhengChenPelegYbaseSplit;valid;2;Gaussian_1_2+Haar;pls;"{""n_components"": 18}";64.656;64.50613793453665
Corn_Starch_80_ZhengChenPelegYbaseSplit;valid;2;Gaussian_1_2+Haar;pls;"{""n_components"": 18}";64.851;64.58264306069256
Corn_Starch_80_ZhengChenPelegYbaseSplit;valid;2;Gaussian_1_2+Haar;pls;"{""n_components"": 18}";64.923;65.33372736195227
Corn_Starch_80_ZhengChenPelegYbaseSplit;valid;2;Gaussian_1_2+Haar;pls;"{""n_components"": 18}";65.104;65.08985882467174
Corn_Starch_80_ZhengChenPelegYbaseSplit;valid;2;Gaussian_1_2+Haar;pls;"{""n_components"": 18}";65.115;65.06085386388423
Corn_Starch_80_ZhengChenPelegYbaseSplit;valid;2;Gaussian_1_2+Haar;pls;"{""n_components"": 18}";65.209;65.36470749847038
Corn_Starch_80_ZhengChenPelegYbaseSplit;valid;2;Gaussian_1_2+Haar;pls;"{""n_components"": 18}";65.337;65.48657310191825
Corn_Starch_80_ZhengChenPelegYbaseSplit;valid;2;Gaussian_1_2+Haar;pls;"{""n_components"": 18}";65.474;65.42113336196
Corn_Starch_80_ZhengChenPelegYbaseSplit;valid;2;Gaussian_1_2+Haar;pls;"{""n_components"": 18}";65.524;65.60988301346976
Corn_Starch_80_ZhengChenPelegYbaseSplit;valid;2;Gaussian_1_2+Haar;pls;"{""n_components"": 18}";65.601;65.44824979867737
Corn_Starch_80_ZhengChenPelegYbaseSplit;valid;2;Gaussian_1_2+Haar;pls;"{""n_components"": 18}";65.795;65.66652396110292
Corn_Starch_80_ZhengChenPelegYbaseSplit;valid;2;Gaussian_1_2+Haar;pls;"{""n_components"": 18}";65.808;65.78120441194442
Corn_Starch_80_ZhengChenPelegYbaseSplit;valid;2;Gaussian_1_2+Haar;pls;"{""n_components"": 18}";66.472;65.94994207483258
Corn_Starch_80_ZhengChenPelegYbaseSplit;test;2;Gaussian_1_2+Haar;pls;"{""n_components"": 18}";63.021;62.9417524904483
Corn_Starch_80_ZhengChenPelegYbaseSplit;test;2;Gaussian_1_2+Haar;pls;"{""n_components"": 18}";63.356;63.42141828901063
Corn_Starch_80_ZhengChenPelegYbaseSplit;test;2;Gaussian_1_2+Haar;pls;"{""n_components"": 18}";63.631;63.340332692051234
Corn_Starch_80_ZhengChenPelegYbaseSplit;test;2;Gaussian_1_2+Haar;pls;"{""n_components"": 18}";64.148;64.3191306708662
Corn_Starch_80_ZhengChenPelegYbaseSplit;test;2;Gaussian_1_2+Haar;pls;"{""n_components"": 18}";64.292;64.30279987399175
Corn_Starch_80_ZhengChenPelegYbaseSplit;test;2;Gaussian_1_2+Haar;pls;"{""n_components"": 18}";64.539;64.49454633428594
Corn_Starch_80_ZhengChenPelegYbaseSplit;test;2;Gaussian_1_2+Haar;pls;"{""n_components"": 18}";64.613;65.21336467922507
Corn_Starch_80_ZhengChenPelegYbaseSplit;test;2;Gaussian_1_2+Haar;pls;"{""n_components"": 18}";64.757;64.57830563129228
Corn_Starch_80_ZhengChenPelegYbaseSplit;test;2;Gaussian_1_2+Haar;pls;"{""n_components"": 18}";64.853;65.01147774841121
Corn_Starch_80_ZhengChenPelegYbaseSplit;test;2;Gaussian_1_2+Haar;pls;"{""n_components"": 18}";64.933;64.84662323192745
Corn_Starch_80_ZhengChenPelegYbaseSplit;test;2;Gaussian_1_2+Haar;pls;"{""n_components"": 18}";65.144;65.22072526190239
Corn_Starch_80_ZhengChenPelegYbaseSplit;test;2;Gaussian_1_2+Haar;pls;"{""n_components"": 18}";65.233;65.42067158476218
Corn_Starch_80_ZhengChenPelegYbaseSplit;test;2;Gaussian_1_2+Haar;pls;"{""n_components"": 18}";65.386;64.9665186161561
Corn_Starch_80_ZhengChenPelegYbaseSplit;test;2;Gaussian_1_2+Haar;pls;"{""n_components"": 18}";65.519;65.59195208997134
Corn_Starch_80_ZhengChenPelegYbaseSplit;test;2;Gaussian_1_2+Haar;pls;"{""n_components"": 18}";65.646;65.64468370645243
Corn_Starch_80_ZhengChenPelegYbaseSplit;test;2;Gaussian_1_2+Haar;pls;"{""n_components"": 18}";65.841;65.62507444556881
Corn_Starch_80_ZhengChenPelegYbaseSplit;valid;0;Gaussian_1_2+AreaNormalization;pls;"{""n_components"": 25}";62.884;62.92475075736893
Corn_Starch_80_ZhengChenPelegYbaseSplit;valid;0;Gaussian_1_2+AreaNormalization;pls;"{""n_components"": 25}";63.246;63.31158092132777
Corn_Starch_80_ZhengChenPelegYbaseSplit;valid;0;Gaussian_1_2+AreaNormalization;pls;"{""n_components"": 25}";63.567;63.61911713069339
Corn_Starch_80_ZhengChenPelegYbaseSplit;valid;0;Gaussian_1_2+AreaNormalization;pls;"{""n_components"": 25}";63.784;63.439544073772296
Corn_Starch_80_ZhengChenPelegYbaseSplit;valid;0;Gaussian_1_2+AreaNormalization;pls;"{""n_components"": 25}";64.253;64.35310246103393
Corn_Starch_80_ZhengChenPelegYbaseSplit;valid;0;Gaussian_1_2+AreaNormalization;pls;"{""n_components"": 25}";64.261;64.29759843464412
Corn_Starch_80_ZhengChenPelegYbaseSplit;valid;0;Gaussian_1_2+AreaNormalization;pls;"{""n_components"": 25}";64.287;64.1470934942326
Corn_Starch_80_ZhengChenPelegYbaseSplit;valid;0;Gaussian_1_2+AreaNormalization;pls;"{""n_components"": 25}";64.506;64.3897642549766
Corn_Starch_80_ZhengChenPelegYbaseSplit;valid;0;Gaussian_1_2+AreaNormalization;pls;"{""n_components"": 25}";64.546;64.40385631319164
Corn_Starch_80_ZhengChenPelegYbaseSplit;valid;0;Gaussian_1_2+AreaNormalization;pls;"{""n_components"": 25}";64.632;64.73843480714996
Corn_Starch_80_ZhengChenPelegYbaseSplit;valid;0;Gaussian_1_2+AreaNormalization;pls;"{""n_components"": 25}";64.67;64.72741104388267
Corn_Starch_80_ZhengChenPelegYbaseSplit;valid;0;Gaussian_1_2+AreaNormalization;pls;"{""n_components"": 25}";64.882;64.86461950875697
Corn_Starch_80_ZhengChenPelegYbaseSplit;valid;0;Gaussian_1_2+AreaNormalization;pls;"{""n_components"": 25}";64.895;64.90675926831099
Corn_Starch_80_ZhengChenPelegYbaseSplit;valid;0;Gaussian_1_2+AreaNormalization;pls;"{""n_components"": 25}";65.022;65.16633810944424
Corn_Starch_80_ZhengChenPelegYbaseSplit;valid;0;Gaussian_1_2+AreaNormalization;pls;"{""n_components"": 25}";65.107;65.07793401474365
Corn_Starch_80_ZhengChenPelegYbaseSplit;valid;0;Gaussian_1_2+AreaNormalization;pls;"{""n_components"": 25}";65.205;65.24572750661451
Corn_Starch_80_ZhengChenPelegYbaseSplit;valid;0;Gaussian_1_2+AreaNormalization;pls;"{""n_components"": 25}";65.217;65.33559098861834
Corn_Starch_80_ZhengChenPelegYbaseSplit;valid;0;Gaussian_1_2+AreaNormalization;pls;"{""n_components"": 25}";65.294;65.41033469112084
Corn_Starch_80_ZhengChenPelegYbaseSplit;valid;0;Gaussian_1_2+AreaNormalization;pls;"{""n_components"": 25}";65.441;65.40826875561702
Corn_Starch_80_ZhengChenPelegYbaseSplit;valid;0;Gaussian_1_2+AreaNormalization;pls;"{""n_components"": 25}";65.637;65.54816932337053
Corn_Starch_80_ZhengChenPelegYbaseSplit;valid;0;Gaussian_1_2+AreaNormalization;pls;"{""n_components"": 25}";65.679;65.62342208906969
Corn_Starch_80_ZhengChenPelegYbaseSplit;valid;0;Gaussian_1_2+AreaNormalization;pls;"{""n_components"": 25}";65.903;65.59477932652057
Corn_Starch_80_ZhengChenPelegYbaseSplit;test;0;Gaussian_1_2+AreaNormalization;pls;"{""n_components"": 25}";63.021;62.92956275412518
Corn_Starch_80_ZhengChenPelegYbaseSplit;test;0;Gaussian_1_2+AreaNormalization;pls;"{""n_components"": 25}";63.356;63.26102996156986
Corn_Starch_80_ZhengChenPelegYbaseSplit;test;0;Gaussian_1_2+AreaNormalization;pls;"{""n_components"": 25}";63.631;63.55720848783395
Corn_Starch_80_ZhengChenPelegYbaseSplit;test;0;Gaussian_1_2+AreaNormalization;pls;"{""n_components"": 25}";64.148;64.21523645101124
Corn_Starch_80_ZhengChenPelegYbaseSplit;test;0;Gaussian_1_2+AreaNormalization;pls;"{""n_components"": 25}";64.292;64.16318710017055
Corn_Starch_80_ZhengChenPelegYbaseSplit;test;0;Gaussian_1_2+AreaNormalization;pls;"{""n_components"": 25}";64.539;64.27498799078265
Corn_Starch_80_ZhengChenPelegYbaseSplit;test;0;Gaussian_1_2+AreaNormalization;pls;"{""n_components"": 25}";64.613;64.7508054696148
Corn_Starch_80_ZhengChenPelegYbaseSplit;test;0;Gaussian_1_2+AreaNormalization;pls;"{""n_components"": 25}";64.757;64.6610781817366
Corn_Starch_80_ZhengChenPelegYbaseSplit;test;0;Gaussian_1_2+AreaNormalization;pls;"{""n_components"": 25}";64.853;64.83071649325552
Corn_Starch_80_ZhengChenPelegYbaseSplit;test;0;Gaussian_1_2+AreaNormalization;pls;"{""n_components"": 25}";64.933;64.85512148357692
Corn_Starch_80_ZhengChenPelegYbaseSplit;test;0;Gaussian_1_2+AreaNormalization;pls;"{""n_components"": 25}";65.144;65.09216772905029
Corn_Starch_80_ZhengChenPelegYbaseSplit;test;0;Gaussian_1_2+AreaNormalization;pls;"{""n_components"": 25}";65.233;65.37033989217946
Corn_Starch_80_ZhengChenPelegYbaseSplit;test;0;Gaussian_1_2+AreaNormalization;pls;"{""n_components"": 25}";65.386;65.28707870376175
Corn_Starch_80_ZhengChenPelegYbaseSplit;test;0;Gaussian_1_2+AreaNormalization;pls;"{""n_components"": 25}";65.519;65.54967286156587
Corn_Starch_80_ZhengChenPelegYbaseSplit;test;0;Gaussian_1_2+AreaNormalization;pls;"{""n_components"": 25}";65.646;65.74110814499979
Corn_Starch_80_ZhengChenPelegYbaseSplit;test;0;Gaussian_1_2+AreaNormalization;pls;"{""n_components"": 25}";65.841;65.7029549366118
Corn_Starch_80_ZhengChenPelegYbaseSplit;valid;1;Gaussian_1_2+AreaNormalization;pls;"{""n_components"": 25}";62.826;62.930199302084795
Corn_Starch_80_ZhengChenPelegYbaseSplit;valid;1;Gaussian_1_2+AreaNormalization;pls;"{""n_components"": 25}";63.247;63.24015844033348
Corn_Starch_80_ZhengChenPelegYbaseSplit;valid;1;Gaussian_1_2+AreaNormalization;pls;"{""n_components"": 25}";63.466;63.39849137359259
Corn_Starch_80_ZhengChenPelegYbaseSplit;valid;1;Gaussian_1_2+AreaNormalization;pls;"{""n_components"": 25}";63.823;63.90562824022003
Corn_Starch_80_ZhengChenPelegYbaseSplit;valid;1;Gaussian_1_2+AreaNormalization;pls;"{""n_components"": 25}";63.913;63.76598773096582
Corn_Starch_80_ZhengChenPelegYbaseSplit;valid;1;Gaussian_1_2+AreaNormalization;pls;"{""n_components"": 25}";64.266;63.792563486315416
Corn_Starch_80_ZhengChenPelegYbaseSplit;valid;1;Gaussian_1_2+AreaNormalization;pls;"{""n_components"": 25}";64.367;64.39722527443848
Corn_Starch_80_ZhengChenPelegYbaseSplit;valid;1;Gaussian_1_2+AreaNormalization;pls;"{""n_components"": 25}";64.42;64.50180835369234
Corn_Starch_80_ZhengChenPelegYbaseSplit;valid;1;Gaussian_1_2+AreaNormalization;pls;"{""n_components"": 25}";64.544;64.55056667776947
Corn_Starch_80_ZhengChenPelegYbaseSplit;valid;1;Gaussian_1_2+AreaNormalization;pls;"{""n_components"": 25}";64.574;64.7030040572208
Corn_Starch_80_ZhengChenPelegYbaseSplit;valid;1;Gaussian_1_2+AreaNormalization;pls;"{""n_components"": 25}";64.787;64.76253689677966
Corn_Starch_80_ZhengChenPelegYbaseSplit;valid;1;Gaussian_1_2+AreaNormalization;pls;"{""n_components"": 25}";64.806;64.75082087253774
Corn_Starch_80_ZhengChenPelegYbaseSplit;valid;1;Gaussian_1_2+AreaNormalization;pls;"{""n_components"": 25}";64.838;64.64262196310828
Corn_Starch_80_ZhengChenPelegYbaseSplit;valid;1;Gaussian_1_2+AreaNormalization;pls;"{""n_components"": 25}";64.915;64.86301910589847
Corn_Starch_80_ZhengChenPelegYbaseSplit;valid;1;Gaussian_1_2+AreaNormalization;pls;"{""n_components"": 25}";65.193;65.11467201943485
Corn_Starch_80_ZhengChenPelegYbaseSplit;valid;1;Gaussian_1_2+AreaNormalization;pls;"{""n_components"": 25}";65.371;65.55804857151215
Corn_Starch_80_ZhengChenPelegYbaseSplit;valid;1;Gaussian_1_2+AreaNormalization;pls;"{""n_components"": 25}";65.374;65.25998710701711
Corn_Starch_80_ZhengChenPelegYbaseSplit;valid;1;Gaussian_1_2+AreaNormalization;pls;"{""n_components"": 25}";65.427;65.43401350481459
Corn_Starch_80_ZhengChenPelegYbaseSplit;valid;1;Gaussian_1_2+AreaNormalization;pls;"{""n_components"": 25}";65.437;65.31044723110914
Corn_Starch_80_ZhengChenPelegYbaseSplit;valid;1;Gaussian_1_2+AreaNormalization;pls;"{""n_components"": 25}";65.547;65.5263593394159
Corn_Starch_80_ZhengChenPelegYbaseSplit;valid;1;Gaussian_1_2+AreaNormalization;pls;"{""n_components"": 25}";65.72;65.67216771745343
Corn_Starch_80_ZhengChenPelegYbaseSplit;test;1;Gaussian_1_2+AreaNormalization;pls;"{""n_components"": 25}";63.021;63.01450273273429
Corn_Starch_80_ZhengChenPelegYbaseSplit;test;1;Gaussian_1_2+AreaNormalization;pls;"{""n_components"": 25}";63.356;63.231928746476335
Corn_Starch_80_ZhengChenPelegYbaseSplit;test;1;Gaussian_1_2+AreaNormalization;pls;"{""n_components"": 25}";63.631;63.49228218618836
Corn_Starch_80_ZhengChenPelegYbaseSplit;test;1;Gaussian_1_2+AreaNormalization;pls;"{""n_components"": 25}";64.148;64.43003064291415
Corn_Starch_80_ZhengChenPelegYbaseSplit;test;1;Gaussian_1_2+AreaNormalization;pls;"{""n_components"": 25}";64.292;64.21958795638017
Corn_Starch_80_ZhengChenPelegYbaseSplit;test;1;Gaussian_1_2+AreaNormalization;pls;"{""n_components"": 25}";64.539;64.11849097804178
Corn_Starch_80_ZhengChenPelegYbaseSplit;test;1;Gaussian_1_2+AreaNormalization;pls;"{""n_components"": 25}";64.613;64.47145381836037
Corn_Starch_80_ZhengChenPelegYbaseSplit;test;1;Gaussian_1_2+AreaNormalization;pls;"{""n_components"": 25}";64.757;64.57149246921348
Corn_Starch_80_ZhengChenPelegYbaseSplit;test;1;Gaussian_1_2+AreaNormalization;pls;"{""n_components"": 25}";64.853;64.94195554483915
Corn_Starch_80_ZhengChenPelegYbaseSplit;test;1;Gaussian_1_2+AreaNormalization;pls;"{""n_components"": 25}";64.933;64.82329709183897
Corn_Starch_80_ZhengChenPelegYbaseSplit;test;1;Gaussian_1_2+AreaNormalization;pls;"{""n_components"": 25}";65.144;65.05975815428336
Corn_Starch_80_ZhengChenPelegYbaseSplit;test;1;Gaussian_1_2+AreaNormalization;pls;"{""n_components"": 25}";65.233;65.28254438810882
Corn_Starch_80_ZhengChenPelegYbaseSplit;test;1;Gaussian_1_2+AreaNormalization;pls;"{""n_components"": 25}";65.386;65.33056385977176
Corn_Starch_80_ZhengChenPelegYbaseSplit;test;1;Gaussian_1_2+AreaNormalization;pls;"{""n_components"": 25}";65.519;65.59129891490753
Corn_Starch_80_ZhengChenPelegYbaseSplit;test;1;Gaussian_1_2+AreaNormalization;pls;"{""n_components"": 25}";65.646;65.61014267094009
Corn_Starch_80_ZhengChenPelegYbaseSplit;test;1;Gaussian_1_2+AreaNormalization;pls;"{""n_components"": 25}";65.841;65.53838807237778
Corn_Starch_80_ZhengChenPelegYbaseSplit;valid;2;Gaussian_1_2+AreaNormalization;pls;"{""n_components"": 25}";63.099;63.140244763177115
Corn_Starch_80_ZhengChenPelegYbaseSplit;valid;2;Gaussian_1_2+AreaNormalization;pls;"{""n_components"": 25}";63.263;63.28750844519812
Corn_Starch_80_ZhengChenPelegYbaseSplit;valid;2;Gaussian_1_2+AreaNormalization;pls;"{""n_components"": 25}";63.416;63.267861014185286
Corn_Starch_80_ZhengChenPelegYbaseSplit;valid;2;Gaussian_1_2+AreaNormalization;pls;"{""n_components"": 25}";63.513;63.43916881681443
Corn_Starch_80_ZhengChenPelegYbaseSplit;valid;2;Gaussian_1_2+AreaNormalization;pls;"{""n_components"": 25}";64.131;64.37357240439
Corn_Starch_80_ZhengChenPelegYbaseSplit;valid;2;Gaussian_1_2+AreaNormalization;pls;"{""n_components"": 25}";64.464;64.79776090758172
Corn_Starch_80_ZhengChenPelegYbaseSplit;valid;2;Gaussian_1_2+AreaNormalization;pls;"{""n_components"": 25}";64.582;65.0722321218169
Corn_Starch_80_ZhengChenPelegYbaseSplit;valid;2;Gaussian_1_2+AreaNormalization;pls;"{""n_components"": 25}";64.62;64.76520831506373
Corn_Starch_80_ZhengChenPelegYbaseSplit;valid;2;Gaussian_1_2+AreaNormalization;pls;"{""n_components"": 25}";64.656;64.58719860817737
Corn_Starch_80_ZhengChenPelegYbaseSplit;valid;2;Gaussian_1_2+AreaNormalization;pls;"{""n_components"": 25}";64.851;64.72491273845422
Corn_Starch_80_ZhengChenPelegYbaseSplit;valid;2;Gaussian_1_2+AreaNormalization;pls;"{""n_components"": 25}";64.923;65.13137820778617
Corn_Starch_80_ZhengChenPelegYbaseSplit;valid;2;Gaussian_1_2+AreaNormalization;pls;"{""n_components"": 25}";65.104;65.2093289683233
Corn_Starch_80_ZhengChenPelegYbaseSplit;valid;2;Gaussian_1_2+AreaNormalization;pls;"{""n_components"": 25}";65.115;65.05698313130522
Corn_Starch_80_ZhengChenPelegYbaseSplit;valid;2;Gaussian_1_2+AreaNormalization;pls;"{""n_components"": 25}";65.209;65.33403045446424
Corn_Starch_80_ZhengChenPelegYbaseSplit;valid;2;Gaussian_1_2+AreaNormalization;pls;"{""n_components"": 25}";65.337;65.40076933556647
Corn_Starch_80_ZhengChenPelegYbaseSplit;valid;2;Gaussian_1_2+AreaNormalization;pls;"{""n_components"": 25}";65.474;65.46094718917635
Corn_Starch_80_ZhengChenPelegYbaseSplit;valid;2;Gaussian_1_2+AreaNormalization;pls;"{""n_components"": 25}";65.524;65.58983175085538
Corn_Starch_80_ZhengChenPelegYbaseSplit;valid;2;Gaussian_1_2+AreaNormalization;pls;"{""n_components"": 25}";65.601;65.37360850058795
Corn_Starch_80_ZhengChenPelegYbaseSplit;valid;2;Gaussian_1_2+AreaNormalization;pls;"{""n_components"": 25}";65.795;65.54212039274394
Corn_Starch_80_ZhengChenPelegYbaseSplit;valid;2;Gaussian_1_2+AreaNormalization;pls;"{""n_components"": 25}";65.808;65.81670651402926
Corn_Starch_80_ZhengChenPelegYbaseSplit;valid;2;Gaussian_1_2+AreaNormalization;pls;"{""n_components"": 25}";66.472;65.8281202843778
Corn_Starch_80_ZhengChenPelegYbaseSplit;test;2;Gaussian_1_2+AreaNormalization;pls;"{""n_components"": 25}";63.021;62.58956936692766
Corn_Starch_80_ZhengChenPelegYbaseSplit;test;2;Gaussian_1_2+AreaNormalization;pls;"{""n_components"": 25}";63.356;63.226641362219574
Corn_Starch_80_ZhengChenPelegYbaseSplit;test;2;Gaussian_1_2+AreaNormalization;pls;"{""n_components"": 25}";63.631;63.38229397160652
Corn_Starch_80_ZhengChenPelegYbaseSplit;test;2;Gaussian_1_2+AreaNormalization;pls;"{""n_components"": 25}";64.148;64.30596371690548
Corn_Starch_80_ZhengChenPelegYbaseSplit;test;2;Gaussian_1_2+AreaNormalization;pls;"{""n_components"": 25}";64.292;64.23841392738478
Corn_Starch_80_ZhengChenPelegYbaseSplit;test;2;Gaussian_1_2+AreaNormalization;pls;"{""n_components"": 25}";64.539;64.45734518924506
Corn_Starch_80_ZhengChenPelegYbaseSplit;test;2;Gaussian_1_2+AreaNormalization;pls;"{""n_components"": 25}";64.613;64.9263754563617
Corn_Starch_80_ZhengChenPelegYbaseSplit;test;2;Gaussian_1_2+AreaNormalization;pls;"{""n_components"": 25}";64.757;64.70592934611953
Corn_Starch_80_ZhengChenPelegYbaseSplit;test;2;Gaussian_1_2+AreaNormalization;pls;"{""n_components"": 25}";64.853;64.97943037719347
Corn_Starch_80_ZhengChenPelegYbaseSplit;test;2;Gaussian_1_2+AreaNormalization;pls;"{""n_components"": 25}";64.933;64.88138386123329
Corn_Starch_80_ZhengChenPelegYbaseSplit;test;2;Gaussian_1_2+AreaNormalization;pls;"{""n_components"": 25}";65.144;65.44968222053782
Corn_Starch_80_ZhengChenPelegYbaseSplit;test;2;Gaussian_1_2+AreaNormalization;pls;"{""n_components"": 25}";65.233;65.60889800015636
Corn_Starch_80_ZhengChenPelegYbaseSplit;test;2;Gaussian_1_2+AreaNormalization;pls;"{""n_components"": 25}";65.386;65.02931738294629
Corn_Starch_80_ZhengChenPelegYbaseSplit;test;2;Gaussian_1_2+AreaNormalization;pls;"{""n_components"": 25}";65.519;65.34209884296175
Corn_Starch_80_ZhengChenPelegYbaseSplit;test;2;Gaussian_1_2+AreaNormalization;pls;"{""n_components"": 25}";65.646;65.59707372611014
Corn_Starch_80_ZhengChenPelegYbaseSplit;test;2;Gaussian_1_2+AreaNormalization;pls;"{""n_components"": 25}";65.841;65.70363114924899
