y_pred,y_true
13.52453899383545,15.600000381469727
37.19597244262695,33.5
46.746246337890625,66.0999984741211
43.16874313354492,38.099998474121094
28.96116065979004,26.5
20.267534255981445,12.800000190734863
13.236674308776855,12.699999809265137
33.57541275024414,28.600000381469727
17.207300186157227,14.899999618530273
49.008056640625,43.20000076293945
23.690324783325195,22.399999618530273
38.56971740722656,33.79999923706055
32.9337158203125,35.79999923706055
25.202138900756836,28.399999618530273
31.40913200378418,50.70000076293945
19.436105728149414,17.399999618530273
23.300119400024414,7.900000095367432
29.253671646118164,24.5
19.973154067993164,23.299999237060547
17.628873825073242,9.899999618530273
34.790889739990234,35.900001525878906
17.328035354614258,10.699999809265137
33.32505798339844,27.600000381469727
32.764278411865234,27.5
15.879073143005371,10.800000190734863
15.782645225524902,18.0
24.242341995239258,26.5
39.6871452331543,28.0
24.249300003051758,26.799999237060547
30.95157241821289,24.700000762939453
40.352378845214844,45.099998474121094
16.114355087280273,14.5
50.45003890991211,25.600000381469727
29.884004592895508,24.5
35.84494400024414,22.600000381469727
18.41349220275879,19.0
27.84248161315918,30.700000762939453
28.136178970336914,24.100000381469727
43.72884750366211,14.5
19.70611000061035,11.100000381469727
34.04026794433594,23.799999237060547
41.55238723754883,31.799999237060547
9.870532035827637,12.699999809265137
24.56904411315918,21.600000381469727
45.834957122802734,36.099998474121094
32.15496063232422,19.899999618530273
22.8275203704834,14.399999618530273
80.91056823730469,49.5
31.08927345275879,21.200000762939453
56.055381774902344,40.79999923706055
12.22852611541748,10.600000381469727
31.371152877807617,21.0
22.641836166381836,12.399999618530273
18.31815528869629,12.5
23.664499282836914,22.0
10.877852439880371,13.0
13.646090507507324,9.300000190734863
22.98130989074707,17.0
46.377288818359375,37.0
20.56694984436035,13.199999809265137
17.53288459777832,11.100000381469727
22.931737899780273,20.399999618530273
30.40550422668457,34.0
39.818695068359375,25.299999237060547
28.39935874938965,24.399999618530273
31.435068130493164,21.799999237060547
49.85054016113281,43.900001525878906
56.59574890136719,49.599998474121094
24.666357040405273,22.600000381469727
19.19159507751465,17.200000762939453
12.129611015319824,11.199999809265137
20.157838821411133,16.5
16.1169376373291,10.699999809265137
11.9533109664917,10.0
36.7033805847168,26.600000381469727
19.170854568481445,14.899999618530273
15.32617473602295,11.0
12.46256160736084,11.899999618530273
18.595632553100586,11.699999809265137
10.662264823913574,8.399999618530273
11.080035209655762,7.900000095367432
13.666804313659668,11.100000381469727
10.509379386901855,7.099999904632568
15.44650936126709,12.100000381469727
17.94578742980957,15.699999809265137
14.137743949890137,10.399999618530273
15.071417808532715,13.399999618530273
11.188246726989746,11.699999809265137
22.368249893188477,16.700000762939453
38.40876770019531,32.400001525878906
19.398313522338867,13.300000190734863
18.12420082092285,20.100000381469727
17.098608016967773,14.100000381469727
14.744555473327637,14.100000381469727
15.963438987731934,12.199999809265137
42.876461029052734,45.20000076293945
24.793439865112305,22.299999237060547
14.432814598083496,17.600000381469727
11.028433799743652,8.199999809265137
12.764689445495605,10.600000381469727
12.92975902557373,13.699999809265137
12.609087944030762,9.800000190734863
14.016440391540527,12.800000190734863
16.242921829223633,13.100000381469727
13.17688274383545,10.600000381469727
13.364436149597168,10.399999618530273
12.428435325622559,10.300000190734863
15.549750328063965,12.399999618530273
13.50983715057373,7.800000190734863
18.952219009399414,11.399999618530273
18.308435440063477,15.0
11.970820426940918,12.399999618530273
16.288774490356445,7.599999904632568
15.20630168914795,11.0
13.635401725769043,12.0
13.515746116638184,9.300000190734863
16.02384376525879,11.0
10.59506893157959,8.300000190734863
16.06012535095215,11.899999618530273
12.896784782409668,11.399999618530273
16.859045028686523,14.5
14.15906047821045,15.199999809265137
12.420069694519043,9.199999809265137
16.850767135620117,15.699999809265137
13.870028495788574,9.0
13.646018028259277,10.600000381469727
19.380258560180664,14.399999618530273
14.12320613861084,9.699999809265137
19.427858352661133,12.0
14.30610179901123,11.399999618530273
10.992423057556152,8.899999618530273
16.147748947143555,9.699999809265137
14.624335289001465,9.899999618530273
12.800677299499512,11.899999618530273
16.09935188293457,10.899999618530273
12.895525932312012,9.899999618530273
32.069393157958984,41.599998474121094
33.86123275756836,40.5
15.807360649108887,17.100000381469727
21.737619400024414,27.799999237060547
17.190820693969727,18.0
30.94928741455078,31.5
35.190547943115234,36.0
17.508337020874023,27.399999618530273
29.643972396850586,26.5
33.913818359375,33.79999923706055
25.899755477905273,26.299999237060547
14.71119213104248,13.600000381469727
37.664913177490234,41.900001525878906
30.780887603759766,37.70000076293945
32.370849609375,31.299999237060547
12.81528377532959,10.800000190734863
14.282988548278809,9.399999618530273
16.796293258666992,16.700000762939453
15.472804069519043,14.800000190734863
18.07645606994629,22.799999237060547
46.1994743347168,33.29999923706055
14.443621635437012,13.399999618530273
47.49373245239258,67.5
28.590646743774414,20.899999618530273
16.190893173217773,18.0
19.422033309936523,13.300000190734863
46.9789924621582,27.700000762939453
25.14885139465332,16.5
34.13840103149414,34.400001525878906
28.73329734802246,25.0
21.638864517211914,13.899999618530273
15.323561668395996,11.399999618530273
28.230615615844727,32.29999923706055
11.98648738861084,7.599999904632568
14.846426963806152,12.699999809265137
16.261247634887695,12.899999618530273
9.28644847869873,9.0
12.826678276062012,12.5
16.92036247253418,14.100000381469727
34.06232833862305,26.200000762939453
17.71046257019043,15.399999618530273
16.273103713989258,17.600000381469727
19.40047264099121,16.700000762939453
14.10959529876709,10.5
11.873335838317871,11.699999809265137
29.310640335083008,20.5
30.14118003845215,22.0
16.38395118713379,12.800000190734863
18.83412742614746,7.5
17.867773056030273,17.299999237060547
14.79978084564209,13.5
12.678427696228027,10.800000190734863
12.080790519714355,10.100000381469727
13.057177543640137,11.800000190734863
24.212621688842773,18.5
13.118041038513184,10.199999809265137
15.105788230895996,17.600000381469727
12.859419822692871,10.199999809265137
30.628923416137695,21.0
15.337740898132324,10.300000190734863
16.257741928100586,16.0
38.09575653076172,33.29999923706055
41.94769287109375,34.0
22.226823806762695,11.300000190734863
28.418214797973633,14.600000381469727
43.62263870239258,30.299999237060547
16.959829330444336,17.299999237060547
19.007516860961914,14.699999809265137
16.218412399291992,11.600000381469727
22.891111373901367,23.0
42.85712814331055,53.70000076293945
38.23146438598633,35.20000076293945
23.132505416870117,32.70000076293945
37.10573959350586,29.5
34.97242736816406,36.70000076293945
24.11744499206543,25.5
31.82209587097168,20.299999237060547
16.827619552612305,16.700000762939453
49.943077087402344,53.400001525878906
35.774662017822266,31.100000381469727
32.43862533569336,34.099998474121094
35.076148986816406,30.700000762939453
43.10858154296875,39.70000076293945
15.24335765838623,14.300000190734863
20.19047737121582,13.100000381469727
25.93169593811035,15.5
19.511369705200195,12.0
33.4966926574707,24.899999618530273
8.055289268493652,7.5
19.705480575561523,17.700000762939453
16.19710350036621,22.899999618530273
9.667094230651855,7.5
21.150606155395508,12.0
9.962183952331543,7.300000190734863
21.590864181518555,20.0
44.0531005859375,30.700000762939453
11.694159507751465,10.899999618530273
10.777388572692871,15.399999618530273
52.70433044433594,39.79999923706055
43.18523025512695,21.100000381469727
12.44559383392334,11.0
27.00941276550293,21.899999618530273
17.40633201599121,19.600000381469727
16.167062759399414,21.0
13.597918510437012,13.0
44.779441833496094,49.5
18.22043800354004,13.199999809265137
42.92588424682617,63.400001525878906
21.128820419311523,17.600000381469727
19.696435928344727,16.600000381469727
12.920039176940918,13.300000190734863
30.917490005493164,18.600000381469727
21.877103805541992,18.299999237060547
11.423644065856934,13.800000190734863
14.509394645690918,10.600000381469727
16.408987045288086,11.5
39.15806198120117,31.100000381469727
28.494470596313477,21.0
20.384981155395508,14.300000190734863
19.450658798217773,21.299999237060547
18.854372024536133,11.699999809265137
16.898534774780273,17.299999237060547
14.889044761657715,15.0
11.021357536315918,10.5
29.393762588500977,3.5
28.63616371154785,27.399999618530273
14.694361686706543,18.0
14.955782890319824,15.899999618530273
15.267043113708496,11.100000381469727
22.047822952270508,15.199999809265137
13.733859062194824,12.600000381469727
24.16947364807129,20.0
15.104735374450684,11.600000381469727
13.735636711120605,14.800000190734863
21.41471290588379,13.5
22.855722427368164,20.399999618530273
14.97413158416748,18.5
14.674689292907715,12.300000190734863
20.2346134185791,42.099998474121094
22.009008407592773,10.899999618530273
23.85652732849121,19.0
20.15468406677246,11.5
17.075040817260742,9.899999618530273
15.166190147399902,16.5
20.653074264526367,11.5
23.144399642944336,16.700000762939453
18.10371208190918,14.699999809265137
28.912504196166992,15.800000190734863
26.471349716186523,23.799999237060547
18.959028244018555,13.5
15.857569694519043,11.300000190734863
10.846610069274902,13.399999618530273
7.422488212585449,9.399999618530273
26.979127883911133,23.799999237060547
28.22410774230957,21.700000762939453
18.690401077270508,12.300000190734863
13.324053764343262,19.799999237060547
16.370290756225586,16.799999237060547
16.51215171813965,12.199999809265137
16.00141716003418,12.300000190734863
14.414931297302246,10.899999618530273
27.347932815551758,20.100000381469727
16.327096939086914,12.0
17.185754776000977,15.300000190734863
28.0036563873291,25.0
18.857667922973633,12.699999809265137
18.600187301635742,12.699999809265137
15.346220970153809,15.399999618530273
20.854028701782227,15.300000190734863
26.406755447387695,23.5
19.11907386779785,19.0
18.040319442749023,15.600000381469727
13.17453670501709,13.100000381469727
18.9412784576416,20.899999618530273
14.16126537322998,11.899999618530273
12.464632987976074,8.699999809265137
46.75682067871094,32.79999923706055
22.419740676879883,29.600000381469727
24.201791763305664,20.799999237060547
15.319575309753418,7.599999904632568
17.40095329284668,17.399999618530273
19.454347610473633,11.0
20.635942459106445,21.700000762939453
56.61442947387695,53.0
24.58600425720215,19.299999237060547
16.407255172729492,11.699999809265137
39.49941635131836,58.599998474121094
16.116262435913086,13.100000381469727
32.513668060302734,20.700000762939453
27.7753963470459,30.399999618530273
24.466096878051758,25.399999618530273
18.258581161499023,14.199999809265137
22.89012336730957,19.5
14.821913719177246,10.899999618530273
13.178202629089355,12.0
17.477468490600586,9.899999618530273
21.468366622924805,20.600000381469727
19.697660446166992,7.300000190734863
13.872485160827637,16.299999237060547
12.17618465423584,12.5
10.711150169372559,14.199999809265137
38.40241622924805,21.799999237060547
12.585650444030762,13.0
58.82295227050781,47.5
16.863195419311523,12.800000190734863
34.18911361694336,13.800000190734863
19.54547691345215,9.5
38.353736877441406,27.399999618530273
79.012939453125,62.5
12.326441764831543,13.5
34.15391159057617,33.5
12.769293785095215,12.199999809265137
42.121280670166016,30.700000762939453
29.67930030822754,25.799999237060547
25.908910751342773,19.100000381469727
23.03537940979004,14.5
18.412443161010742,14.800000190734863
29.27828025817871,35.400001525878906
28.6781063079834,30.700000762939453
33.769996643066406,20.5
18.8795108795166,11.300000190734863
22.927942276000977,22.100000381469727
25.4980411529541,17.5
18.10991859436035,11.399999618530273
25.444143295288086,27.600000381469727
24.6229190826416,14.0
12.32905101776123,14.399999618530273
12.636027336120605,9.699999809265137
13.098284721374512,9.699999809265137
12.936541557312012,11.800000190734863
14.1742582321167,7.199999809265137
30.665483474731445,13.899999618530273
27.665315628051758,22.799999237060547
38.19047927856445,39.599998474121094
18.416513442993164,10.0
25.983549118041992,26.200000762939453
40.788780212402344,31.899999618530273
34.74870300292969,27.899999618530273
14.122389793395996,14.800000190734863
19.53477668762207,20.600000381469727
28.000383377075195,25.100000381469727
15.35180950164795,17.600000381469727
17.941511154174805,12.399999618530273
34.5135612487793,12.899999618530273
32.780757904052734,28.0
14.359217643737793,12.100000381469727
13.612494468688965,11.699999809265137
12.531062126159668,16.5
13.569148063659668,15.0
20.61542320251465,13.100000381469727
25.556116104125977,21.200000762939453
13.812891960144043,15.600000381469727
20.69767189025879,20.600000381469727
31.956254959106445,17.5
14.742980003356934,12.0
22.351686477661133,13.699999809265137
30.837461471557617,13.600000381469727
17.74049186706543,10.300000190734863
18.319833755493164,13.699999809265137
15.632296562194824,24.399999618530273
19.643510818481445,15.399999618530273
26.21250343322754,12.300000190734863
16.433515548706055,11.600000381469727
16.857954025268555,11.399999618530273
26.159509658813477,16.200000762939453
20.70347785949707,13.699999809265137
15.639288902282715,15.5
32.88562774658203,51.400001525878906
31.591421127319336,18.700000762939453
14.660506248474121,21.799999237060547
15.426714897155762,11.600000381469727
24.834714889526367,7.900000095367432
15.017382621765137,5.099999904632568
12.109187126159668,9.899999618530273
8.8267240524292,5.199999809265137
13.888331413269043,14.699999809265137
16.398622512817383,16.200000762939453
13.102900505065918,11.399999618530273
14.587023735046387,7.199999809265137
21.325319290161133,9.600000381469727
27.49845314025879,17.5
13.8444242477417,13.199999809265137
13.750617027282715,13.300000190734863
18.430871963500977,11.600000381469727
13.326163291931152,6.199999809265137
11.790610313415527,10.699999809265137
16.057104110717773,8.100000381469727
28.74357795715332,16.5
25.65241050720215,24.299999237060547
15.856917381286621,10.800000190734863
39.859535217285156,30.299999237060547
9.24838924407959,8.100000381469727
11.038012504577637,5.900000095367432
38.613407135009766,8.800000190734863
28.77476692199707,22.0
14.823500633239746,15.199999809265137
44.8385124206543,34.20000076293945
24.850656509399414,23.700000762939453
13.452555656433105,9.699999809265137
26.909841537475586,15.199999809265137
13.637526512145996,9.199999809265137
11.670916557312012,11.5
31.083267211914062,14.600000381469727
24.799314498901367,20.799999237060547
13.634589195251465,14.300000190734863
7.993826866149902,6.900000095367432
19.02720069885254,13.800000190734863
19.096616744995117,15.300000190734863
15.158263206481934,14.100000381469727
22.024744033813477,17.200000762939453
16.45195198059082,6.400000095367432
23.74632453918457,25.899999618530273
21.50315284729004,10.0
13.065993309020996,14.0
12.953673362731934,14.800000190734863
9.282591819763184,8.399999618530273
18.238004684448242,9.0
11.7770414352417,7.599999904632568
9.799578666687012,8.0
21.797895431518555,21.0
20.34025001525879,9.100000381469727
26.660703659057617,27.100000381469727
15.93000316619873,11.800000190734863
17.951189041137695,21.700000762939453
21.24311637878418,37.099998474121094
14.639910697937012,14.5
15.510687828063965,14.600000381469727
9.47358226776123,16.100000381469727
10.565886497497559,11.800000190734863
14.004569053649902,14.0
12.85522747039795,17.299999237060547
14.236407279968262,10.300000190734863
30.028005599975586,25.700000762939453
12.3021879196167,12.399999618530273
17.156827926635742,13.300000190734863
24.51981544494629,29.200000762939453
19.697092056274414,21.100000381469727
33.35460662841797,34.29999923706055
19.6214542388916,16.200000762939453
31.5633544921875,54.099998474121094
23.708566665649414,26.5
31.453998565673828,37.400001525878906
29.967363357543945,12.100000381469727
26.951982498168945,36.79999923706055
16.743471145629883,22.399999618530273
32.25353240966797,19.899999618530273
25.1574764251709,20.399999618530273
18.295412063598633,25.200000762939453
24.02414894104004,19.5
15.079222679138184,13.399999618530273
28.921113967895508,22.0
19.988405227661133,11.600000381469727
23.004560470581055,15.0
19.96402931213379,11.399999618530273
21.144441604614258,13.100000381469727
26.865358352661133,30.0
19.90675163269043,17.799999237060547
17.07167625427246,16.799999237060547
20.42503547668457,17.799999237060547
28.526540756225586,23.600000381469727
33.580257415771484,42.5
32.82417678833008,33.79999923706055
17.15057945251465,15.399999618530273
24.273645401000977,19.299999237060547
24.58509635925293,21.600000381469727
16.63271141052246,15.0
22.71659278869629,15.199999809265137
35.091796875,26.899999618530273
31.186201095581055,25.399999618530273
23.92017936706543,20.5
12.74170207977295,13.100000381469727
21.29250144958496,25.899999618530273
27.858957290649414,19.299999237060547
15.602648735046387,14.399999618530273
22.649030685424805,20.0
29.246389389038086,35.5
16.303197860717773,20.100000381469727
6.9056196212768555,5.199999809265137
11.466364860534668,9.300000190734863
16.40580940246582,18.200000762939453
18.624372482299805,11.399999618530273
17.158411026000977,6.699999809265137
22.592599868774414,22.299999237060547
18.703699111938477,20.899999618530273
13.61722469329834,16.399999618530273
35.08436584472656,45.400001525878906
63.530967712402344,55.70000076293945
30.969322204589844,29.100000381469727
27.847768783569336,26.399999618530273
37.28635025024414,27.700000762939453
47.57701110839844,34.0
21.357778549194336,21.799999237060547
25.4437198638916,23.5
15.341383934020996,12.800000190734863
49.390289306640625,60.400001525878906
11.16749095916748,11.300000190734863
15.79422664642334,10.5
13.432356834411621,9.100000381469727
34.80307388305664,30.200000762939453
23.201189041137695,15.699999809265137
35.311866760253906,23.200000762939453
32.07426071166992,19.799999237060547
44.854591369628906,35.20000076293945
20.342668533325195,25.700000762939453
33.69544982910156,19.399999618530273
21.20171546936035,8.699999809265137
17.207780838012695,9.0
16.534208297729492,8.100000381469727
26.142656326293945,14.5
20.648958206176758,19.100000381469727
24.97138023376465,5.5
26.48895835876465,23.299999237060547
29.871461868286133,7.199999809265137
16.86672019958496,12.800000190734863
13.62012767791748,13.300000190734863
13.831759452819824,13.300000190734863
15.441058158874512,13.5
18.554414749145508,12.399999618530273
18.58115577697754,14.100000381469727
23.295312881469727,12.399999618530273
22.96567726135254,18.100000381469727
18.768892288208008,13.0
17.921327590942383,25.399999618530273
28.063100814819336,23.299999237060547
47.314231872558594,39.79999923706055
18.8742733001709,12.300000190734863
49.84744644165039,36.900001525878906
14.02985668182373,9.300000190734863
17.460371017456055,16.100000381469727
13.065802574157715,7.5
25.68338966369629,12.5
20.840070724487305,11.800000190734863
22.393293380737305,11.699999809265137
16.539701461791992,12.399999618530273
12.650267601013184,10.399999618530273
15.849394798278809,11.199999809265137
15.364413261413574,41.5
14.050593376159668,12.600000381469727
15.596556663513184,18.299999237060547
14.435957908630371,11.699999809265137
21.3325252532959,13.100000381469727
17.675764083862305,14.699999809265137
24.984968185424805,20.299999237060547
17.770475387573242,10.0
18.94405174255371,16.799999237060547
17.150854110717773,12.399999618530273
13.688582420349121,12.100000381469727
11.330042839050293,10.600000381469727
13.177569389343262,14.399999618530273
15.034953117370605,14.100000381469727
15.100810050964355,10.399999618530273
17.977033615112305,6.900000095367432
8.875933647155762,3.200000047683716
29.412458419799805,6.300000190734863
16.00367546081543,7.400000095367432
14.22513484954834,11.5
11.463702201843262,7.300000190734863
31.471359252929688,15.300000190734863
31.98883628845215,18.899999618530273
49.90885543823242,24.200000762939453
31.325897216796875,28.0
21.200979232788086,18.100000381469727
32.86301040649414,40.79999923706055
42.12739181518555,43.5
25.681245803833008,19.399999618530273
21.194292068481445,26.299999237060547
12.837626457214355,12.600000381469727
21.952573776245117,14.5
16.19154167175293,13.899999618530273
18.40708351135254,9.100000381469727
15.418078422546387,11.899999618530273
22.142351150512695,14.800000190734863
18.797090530395508,8.0
11.47033977508545,10.399999618530273
13.211413383483887,7.699999809265137
12.428351402282715,9.800000190734863
19.386625289916992,10.600000381469727
12.08588695526123,12.899999618530273
11.6331205368042,12.399999618530273
15.996493339538574,13.699999809265137
32.365081787109375,47.29999923706055
43.94869613647461,49.29999923706055
15.664031028747559,17.700000762939453
32.86064910888672,29.0
41.34058380126953,39.599998474121094
14.9529447555542,13.300000190734863
10.591814994812012,12.699999809265137
10.365405082702637,10.899999618530273
13.90112590789795,10.399999618530273
18.51759910583496,18.600000381469727
18.013887405395508,13.0
14.522894859313965,13.300000190734863
11.384997367858887,5.300000190734863
11.45114803314209,9.100000381469727
13.678755760192871,6.5
21.011999130249023,12.100000381469727
12.677165031433105,12.100000381469727
26.44169044494629,29.600000381469727
32.28152084350586,25.0
20.279375076293945,17.600000381469727
43.21214294433594,31.299999237060547
34.14544677734375,14.0
17.407522201538086,9.5
11.711691856384277,11.399999618530273
15.199946403503418,8.600000381469727
29.329805374145508,35.099998474121094
24.623258590698242,10.899999618530273
20.986448287963867,12.5
16.511499404907227,6.5
17.314699172973633,13.100000381469727
52.426753997802734,42.900001525878906
24.861494064331055,35.0
13.28711986541748,15.300000190734863
18.894460678100586,13.199999809265137
12.08637523651123,12.5
18.405672073364258,19.0
26.74672508239746,21.200000762939453
18.777761459350586,27.899999618530273
20.584753036499023,11.0
18.05894660949707,13.800000190734863
20.61202049255371,13.100000381469727
14.03156566619873,6.599999904632568
11.041350364685059,10.199999809265137
12.694453239440918,13.399999618530273
13.008017539978027,13.5
39.936248779296875,46.5
14.55408763885498,18.0
28.220518112182617,18.200000762939453
23.13288688659668,22.399999618530273
23.2548885345459,17.600000381469727
6.3421430587768555,6.5
7.017359733581543,11.600000381469727
11.204813957214355,6.5
3.523329496383667,2.5
14.715415000915527,13.300000190734863
7.194563865661621,7.599999904632568
12.86634349822998,12.899999618530273
23.29111671447754,29.600000381469727
17.661714553833008,22.100000381469727
25.657590866088867,26.799999237060547
14.50159740447998,13.100000381469727
18.065526962280273,21.799999237060547
18.238252639770508,14.100000381469727
14.582877159118652,8.5
14.660136222839355,13.199999809265137
13.906176567077637,12.0
16.7804012298584,16.5
24.340341567993164,18.899999618530273
22.93013572692871,25.0
15.215750694274902,13.800000190734863
21.924345016479492,23.700000762939453
14.849081993103027,13.300000190734863
13.054045677185059,18.0
8.963725090026855,6.699999809265137
10.838728904724121,8.0
24.052995681762695,19.200000762939453
20.05741310119629,27.600000381469727
11.47122859954834,13.600000381469727
10.377974510192871,10.899999618530273
8.549410820007324,11.100000381469727
8.424006462097168,9.699999809265137
34.90694808959961,44.900001525878906
12.169207572937012,10.699999809265137
11.191325187683105,10.600000381469727
11.295771598815918,8.0
21.536943435668945,25.5
12.581507682800293,11.300000190734863
19.475248336791992,44.900001525878906
21.53752326965332,43.099998474121094
13.224257469177246,14.0
9.080878257751465,7.0
9.506293296813965,9.199999809265137
7.875845909118652,5.699999809265137
20.00614356994629,22.299999237060547
12.736144065856934,15.699999809265137
12.758318901062012,10.0
24.79119300842285,8.199999809265137
15.343916893005371,10.800000190734863
19.092256546020508,17.399999618530273
14.67096996307373,12.800000190734863
15.937861442565918,17.399999618530273
22.19959831237793,26.299999237060547
14.697352409362793,17.600000381469727
24.13869285583496,27.5
18.582151412963867,24.100000381469727
12.168723106384277,9.300000190734863
18.235708236694336,20.700000762939453
16.047422409057617,17.5
9.403674125671387,5.900000095367432
17.71523094177246,15.300000190734863
34.326080322265625,36.900001525878906
18.77573585510254,22.399999618530273
14.352389335632324,14.300000190734863
12.019637107849121,7.5
16.5930118560791,15.5
21.244234085083008,18.0
22.59173011779785,21.399999618530273
34.0458869934082,22.5
38.91303253173828,19.899999618530273
24.5968074798584,27.399999618530273
19.578371047973633,23.399999618530273
14.4688138961792,7.199999809265137
14.342005729675293,9.199999809265137
12.924090385437012,5.199999809265137
17.076730728149414,6.699999809265137
15.215373039245605,16.299999237060547
16.850645065307617,15.300000190734863
20.96565055847168,11.399999618530273
9.341170310974121,10.399999618530273
17.055727005004883,19.700000762939453
15.054129600524902,11.600000381469727
30.878103256225586,44.70000076293945
20.88420295715332,24.600000381469727
12.503859519958496,13.5
14.29841136932373,9.5
22.825841903686523,16.399999618530273
8.450621604919434,4.400000095367432
13.015185356140137,18.899999618530273
18.648195266723633,18.5
17.062013626098633,5.599999904632568
17.778478622436523,19.899999618530273
16.34229850769043,12.100000381469727
19.691919326782227,25.399999618530273
17.078752517700195,19.799999237060547
15.864951133728027,19.200000762939453
17.280733108520508,15.0
32.3386344909668,31.5
14.231505393981934,14.199999809265137
23.723112106323242,18.799999237060547
12.30228328704834,11.899999618530273
18.146940231323242,18.399999618530273
20.117982864379883,17.200000762939453
13.760214805603027,12.600000381469727
10.898390769958496,9.199999809265137
17.79890251159668,16.600000381469727
12.121947288513184,12.300000190734863
8.527579307556152,7.800000190734863
13.51761531829834,15.300000190734863
12.194567680358887,8.600000381469727
10.270983695983887,12.399999618530273
9.4664945602417,8.600000381469727
9.977004051208496,11.0
12.584555625915527,13.800000190734863
21.05537223815918,18.899999618530273
7.25272274017334,5.800000190734863
12.6972074508667,13.100000381469727
30.222261428833008,16.5
10.202372550964355,9.800000190734863
8.367663383483887,8.199999809265137
12.666525840759277,15.600000381469727
12.604601860046387,12.300000190734863
13.732584953308105,13.899999618530273
11.9544095993042,15.600000381469727
19.10438346862793,26.200000762939453
30.47382926940918,23.700000762939453
12.606017112731934,9.5
20.367395401000977,17.5
13.917281150817871,10.699999809265137
14.407362937927246,15.0
32.058021545410156,21.399999618530273
16.593042373657227,14.5
8.950224876403809,6.900000095367432
10.458983421325684,11.5
14.564764976501465,11.100000381469727
11.008761405944824,13.300000190734863
22.622724533081055,19.299999237060547
14.925894737243652,16.299999237060547
14.086382865905762,12.100000381469727
12.360335350036621,12.199999809265137
20.760465621948242,18.700000762939453
19.129228591918945,22.100000381469727
19.825632095336914,20.399999618530273
19.984384536743164,16.299999237060547
34.85508728027344,43.70000076293945
4.1396894454956055,5.599999904632568
32.330013275146484,30.799999237060547
26.08437156677246,27.399999618530273
26.50431251525879,25.299999237060547
15.632929801940918,13.0
20.7161922454834,25.100000381469727
10.250338554382324,9.0
23.97733497619629,26.600000381469727
23.87055015563965,26.5
48.09072494506836,25.799999237060547
53.13256072998047,36.70000076293945
27.892927169799805,21.399999618530273
47.4266357421875,44.0
29.128297805786133,46.70000076293945
53.70359420776367,41.400001525878906
64.34911346435547,51.5
41.3866081237793,28.200000762939453
42.506465911865234,25.200000762939453
42.499149322509766,36.099998474121094
63.94841384887695,93.69999694824219
86.0936508178711,77.80000305175781
26.386205673217773,16.200000762939453
44.15983963012695,29.899999618530273
34.17366027832031,19.299999237060547
98.71057891845703,70.9000015258789
43.2917366027832,36.70000076293945
61.14332580566406,61.5
39.28711700439453,19.399999618530273
67.5047378540039,45.79999923706055
44.89505386352539,34.900001525878906
28.178194046020508,19.299999237060547
48.98127365112305,28.799999237060547
64.62712097167969,35.20000076293945
37.95207595825195,16.799999237060547
50.791648864746094,37.900001525878906
65.22979736328125,45.900001525878906
28.305810928344727,36.599998474121094
61.71137619018555,45.5
31.988462448120117,26.299999237060547
30.9874267578125,17.5
39.957149505615234,29.700000762939453
44.31291961669922,20.600000381469727
31.328622817993164,25.399999618530273
44.2094841003418,28.799999237060547
25.232698440551758,20.799999237060547
38.18050765991211,15.300000190734863
41.404327392578125,36.900001525878906
25.397165298461914,25.799999237060547
48.05855178833008,37.29999923706055
32.106468200683594,29.600000381469727
22.21223258972168,16.899999618530273
12.216742515563965,9.699999809265137
11.031233787536621,14.899999618530273
19.389711380004883,22.399999618530273
24.757410049438477,31.299999237060547
21.833707809448242,22.0
19.525548934936523,18.799999237060547
20.7240047454834,18.399999618530273
32.909915924072266,38.5
13.3673734664917,13.399999618530273
20.71718406677246,8.300000190734863
16.855600357055664,17.299999237060547
16.68229866027832,16.799999237060547
27.709142684936523,28.899999618530273
14.87924861907959,17.100000381469727
8.9430570602417,9.899999618530273
12.216639518737793,18.799999237060547
39.977813720703125,79.80000305175781
10.36194133758545,15.300000190734863
11.634448051452637,8.800000190734863
12.446459770202637,14.800000190734863
8.993918418884277,6.099999904632568
15.03034496307373,17.0
18.270021438598633,10.800000190734863
18.50242805480957,25.799999237060547
15.59607219696045,14.0
23.657800674438477,27.200000762939453
17.31025505065918,15.899999618530273
12.683623313903809,12.100000381469727
14.772074699401855,12.199999809265137
20.913278579711914,22.0
13.421622276306152,12.600000381469727
20.658994674682617,23.100000381469727
18.147554397583008,21.5
15.748625755310059,15.100000381469727
12.635787010192871,12.399999618530273
18.161821365356445,19.899999618530273
19.968713760375977,13.899999618530273
22.363523483276367,29.5
23.00639533996582,33.099998474121094
10.136836051940918,12.199999809265137
14.30948543548584,15.100000381469727
12.09671688079834,10.5
37.740962982177734,28.399999618530273
40.438697814941406,61.900001525878906
11.897116661071777,8.100000381469727
54.33186721801758,79.0
13.318446159362793,16.700000762939453
16.367387771606445,27.200000762939453
10.089446067810059,17.399999618530273
25.354562759399414,33.5
11.256388664245605,10.300000190734863
15.10205364227295,15.300000190734863
30.68120765686035,28.799999237060547
22.022462844848633,16.600000381469727
12.808939933776855,18.700000762939453
5.650179862976074,10.399999618530273
29.337011337280273,25.5
13.793749809265137,15.199999809265137
10.266379356384277,7.0
8.722502708435059,14.399999618530273
21.47025489807129,25.0
28.047487258911133,24.700000762939453
39.494903564453125,50.400001525878906
15.923583030700684,16.799999237060547
16.670026779174805,14.399999618530273
17.210416793823242,18.799999237060547
15.439261436462402,15.800000190734863
16.219331741333008,20.100000381469727
10.007288932800293,8.800000190734863
10.622881889343262,7.900000095367432
24.713342666625977,25.399999618530273
12.135592460632324,10.800000190734863
13.270358085632324,13.5
10.617949485778809,9.300000190734863
17.359926223754883,20.299999237060547
10.915621757507324,10.699999809265137
11.746115684509277,10.899999618530273
13.332030296325684,14.5
15.275324821472168,15.800000190734863
11.437163352966309,12.199999809265137
11.768187522888184,12.5
13.087565422058105,10.699999809265137
10.581511497497559,11.300000190734863
11.570380210876465,11.800000190734863
13.02640438079834,13.699999809265137
15.2368803024292,13.100000381469727
31.734346389770508,33.29999923706055
19.887033462524414,18.600000381469727
11.731154441833496,7.400000095367432
14.363387107849121,13.600000381469727
10.701491355895996,6.5
8.071551322937012,9.0
10.978049278259277,6.800000190734863
14.897150993347168,12.199999809265137
16.59552574157715,11.899999618530273
19.781957626342773,18.399999618530273
12.70617961883545,17.700000762939453
17.411405563354492,16.299999237060547
21.54265785217285,27.899999618530273
12.167998313903809,11.100000381469727
17.574831008911133,19.700000762939453
11.668375968933105,11.399999618530273
10.970141410827637,11.899999618530273
12.190627098083496,13.199999809265137
17.98210334777832,35.70000076293945
12.391268730163574,9.300000190734863
10.340197563171387,13.800000190734863
10.058218955993652,15.800000190734863
13.078410148620605,13.300000190734863
14.531401634216309,14.199999809265137
14.43442440032959,14.300000190734863
11.462164878845215,11.199999809265137
13.878771781921387,20.100000381469727
11.703112602233887,9.800000190734863
27.047639846801758,26.5
8.829771995544434,7.699999809265137
15.534895896911621,16.600000381469727
21.463022232055664,23.299999237060547
19.990320205688477,20.299999237060547
16.687292098999023,15.600000381469727
14.99366283416748,13.100000381469727
14.813822746276855,15.899999618530273
12.131857872009277,9.899999618530273
28.262048721313477,25.5
20.296598434448242,24.5
9.884799003601074,9.0
21.781587600708008,31.899999618530273
36.6040153503418,39.5
19.156152725219727,18.200000762939453
14.628108024597168,17.799999237060547
31.65294075012207,44.5
24.1362247467041,29.600000381469727
29.2838077545166,31.600000381469727
20.13600730895996,23.600000381469727
25.44896125793457,32.400001525878906
16.30000114440918,12.399999618530273
13.861956596374512,14.5
8.678671836853027,5.5
10.381354331970215,7.800000190734863
13.850577354431152,13.800000190734863
16.976747512817383,43.20000076293945
14.63095760345459,13.399999618530273
15.627699851989746,17.399999618530273
10.191393852233887,5.900000095367432
16.81352424621582,10.899999618530273
12.5714750289917,12.800000190734863
12.064974784851074,14.199999809265137
9.698054313659668,11.0
20.07843589782715,20.899999618530273
14.422263145446777,13.800000190734863
29.104825973510742,21.799999237060547
23.25245475769043,28.200000762939453
12.611613273620605,8.600000381469727
9.009093284606934,11.5
10.207961082458496,13.0
22.155244827270508,28.0
7.683966636657715,7.199999809265137
12.115195274353027,15.100000381469727
12.62161922454834,13.100000381469727
9.749571800231934,12.0
38.006996154785156,41.5
39.89439392089844,54.599998474121094
24.20733070373535,24.200000762939453
9.27060604095459,8.600000381469727
14.168845176696777,13.199999809265137
9.180079460144043,17.399999618530273
8.342860221862793,9.0
16.45008659362793,17.5
16.752378463745117,16.799999237060547
13.602622032165527,15.899999618530273
12.46467113494873,10.199999809265137
9.599989891052246,9.0
12.910628318786621,12.399999618530273
9.695754051208496,8.600000381469727
10.20328426361084,9.5
11.02436351776123,9.899999618530273
10.300681114196777,8.5
14.049216270446777,15.199999809265137
11.956900596618652,13.0
12.035696983337402,12.100000381469727
9.208083152770996,6.800000190734863
7.555052757263184,6.099999904632568
13.189040184020996,14.699999809265137
17.755807876586914,15.0
10.954852104187012,9.899999618530273
10.511652946472168,10.600000381469727
10.585867881774902,10.600000381469727
11.993090629577637,9.300000190734863
7.681750297546387,5.199999809265137
13.256247520446777,13.800000190734863
11.067770957946777,11.800000190734863
10.52527904510498,8.800000190734863
10.443221092224121,9.600000381469727
10.288409233093262,7.800000190734863
8.316119194030762,8.800000190734863
10.556731224060059,7.599999904632568
9.419154167175293,8.199999809265137
12.412230491638184,13.399999618530273
9.661974906921387,9.399999618530273
16.21302604675293,17.899999618530273
17.701257705688477,15.5
14.010298728942871,14.699999809265137
12.228117942810059,9.800000190734863
30.86394500732422,32.0
12.827940940856934,16.299999237060547
8.908373832702637,5.199999809265137
11.608241081237793,10.399999618530273
14.066500663757324,13.199999809265137
19.98737907409668,22.299999237060547
29.272550582885742,26.100000381469727
27.1087703704834,19.399999618530273
12.924555778503418,10.5
8.846297264099121,9.300000190734863
14.866087913513184,14.600000381469727
26.78969383239746,22.200000762939453
15.544142723083496,13.0
16.48622703552246,19.799999237060547
15.903925895690918,16.5
21.600248336791992,24.100000381469727
12.180136680603027,12.300000190734863
23.56566047668457,20.299999237060547
13.538081169128418,20.799999237060547
12.965727806091309,10.899999618530273
12.31909465789795,11.899999618530273
12.810076713562012,9.199999809265137
8.819293022155762,9.199999809265137
11.001250267028809,9.300000190734863
14.663958549499512,15.100000381469727
12.227316856384277,8.300000190734863
31.726673126220703,41.900001525878906
10.786429405212402,13.600000381469727
24.160375595092773,30.0
15.178950309753418,15.800000190734863
13.34726619720459,17.200000762939453
15.295462608337402,15.399999618530273
7.345404624938965,4.300000190734863
26.778959274291992,34.099998474121094
15.114130973815918,14.800000190734863
13.632658958435059,22.0
12.406844139099121,14.0
11.518221855163574,10.0
9.357264518737793,7.400000095367432
10.198039054870605,10.899999618530273
10.099276542663574,9.199999809265137
12.92902660369873,14.100000381469727
12.570578575134277,12.100000381469727
12.02033519744873,12.0
10.264575004577637,6.0
9.834303855895996,5.599999904632568
18.114606857299805,17.799999237060547
15.915366172790527,13.899999618530273
15.944037437438965,13.100000381469727
7.706007957458496,4.699999809265137
12.220526695251465,9.600000381469727
15.103243827819824,16.700000762939453
16.799829483032227,16.0
11.011977195739746,11.0
9.504057884216309,5.199999809265137
15.397162437438965,12.5
12.568072319030762,12.0
10.754603385925293,10.300000190734863
23.01038932800293,12.699999809265137
14.803004264831543,14.0
13.034419059753418,12.600000381469727
14.652846336364746,15.5
13.675223350524902,12.100000381469727
10.431036949157715,9.5
15.222899436950684,20.0
17.12361717224121,17.600000381469727
15.172354698181152,11.300000190734863
21.17244529724121,22.399999618530273
16.098825454711914,23.700000762939453
23.94883155822754,13.899999618530273
17.103208541870117,22.799999237060547
14.515563011169434,18.100000381469727
12.812891960144043,13.5
9.473528861999512,9.300000190734863
10.647688865661621,8.699999809265137
11.704516410827637,11.0
13.688582420349121,13.699999809265137
8.837271690368652,9.399999618530273
8.840983390808105,4.5
13.256682395935059,13.300000190734863
11.514994621276855,10.100000381469727
13.63654613494873,10.699999809265137
11.043673515319824,7.599999904632568
16.553991317749023,12.100000381469727
17.152799606323242,15.300000190734863
8.767050743103027,5.5
11.933802604675293,10.600000381469727
7.61594295501709,7.400000095367432
13.4894437789917,15.5
7.115103721618652,2.799999952316284
11.252615928649902,6.599999904632568
18.631235122680664,15.899999618530273
15.390971183776855,15.5
21.670251846313477,13.300000190734863
10.143168449401855,12.399999618530273
14.151946067810059,12.0
16.30335807800293,15.899999618530273
11.178656578063965,11.399999618530273
12.686091423034668,12.600000381469727
14.877856254577637,29.700000762939453
16.748567581176758,23.100000381469727
28.87190055847168,25.100000381469727
14.479544639587402,12.399999618530273
10.769743919372559,10.5
13.61478328704834,10.600000381469727
21.39444923400879,19.799999237060547
16.79363441467285,12.399999618530273
14.912497520446777,13.300000190734863
12.863219261169434,16.399999618530273
20.441343307495117,21.899999618530273
9.987849235534668,8.699999809265137
11.886359214782715,10.100000381469727
15.947596549987793,23.0
15.729212760925293,20.100000381469727
20.276193618774414,16.799999237060547
20.26038932800293,27.799999237060547
14.239470481872559,15.100000381469727
13.988951683044434,19.0
14.588702201843262,11.5
15.658930778503418,19.600000381469727
20.120515823364258,15.899999618530273
17.643159866333008,20.799999237060547
14.084460258483887,13.800000190734863
10.478060722351074,8.600000381469727
14.378134727478027,15.399999618530273
21.933259963989258,14.899999618530273
17.1729793548584,18.700000762939453
10.35507869720459,8.300000190734863
9.57285213470459,13.699999809265137
22.769651412963867,13.699999809265137
7.226893424987793,5.900000095367432
13.023634910583496,11.0
22.14130210876465,28.799999237060547
15.039546012878418,16.5
11.433711051940918,19.600000381469727
19.536592483520508,26.100000381469727
9.06253719329834,9.399999618530273
11.58716869354248,8.800000190734863
21.17389488220215,28.399999618530273
33.71329116821289,30.600000381469727
10.4653959274292,11.399999618530273
31.57423210144043,18.200000762939453
14.9683256149292,18.200000762939453
22.34244728088379,21.5
18.463666915893555,12.399999618530273
16.42555046081543,6.0
21.260229110717773,12.0
20.01578712463379,10.199999809265137
10.7865629196167,11.800000190734863
13.25251293182373,15.699999809265137
15.53940486907959,22.100000381469727
15.372401237487793,14.0
11.316390037536621,9.699999809265137
13.73233699798584,15.0
19.682546615600586,5.900000095367432
15.145075798034668,11.199999809265137
22.81932258605957,13.300000190734863
16.02191734313965,11.300000190734863
17.86284828186035,23.399999618530273
33.71590042114258,32.599998474121094
18.60181999206543,18.899999618530273
15.742571830749512,23.700000762939453
13.082663536071777,14.899999618530273
14.818987846374512,20.5
19.389535903930664,12.5
15.378035545349121,16.600000381469727
26.078229904174805,25.5
20.370943069458008,9.899999618530273
33.31918716430664,16.5
23.74540138244629,20.299999237060547
16.843481063842773,17.799999237060547
24.542631149291992,14.300000190734863
13.72617244720459,13.5
24.636930465698242,22.600000381469727
10.880454063415527,8.899999618530273
14.520712852478027,24.100000381469727
36.438594818115234,34.20000076293945
15.145689964294434,18.299999237060547
14.309706687927246,14.300000190734863
16.92641258239746,11.800000190734863
15.240790367126465,11.5
14.888358116149902,10.300000190734863
15.254870414733887,20.100000381469727
24.46891212463379,26.100000381469727
28.92790412902832,25.700000762939453
14.259642601013184,11.800000190734863
12.245768547058105,12.100000381469727
10.864527702331543,9.600000381469727
17.055959701538086,12.600000381469727
13.45835018157959,7.599999904632568
13.873763084411621,14.0
12.55350399017334,13.100000381469727
12.549025535583496,26.5
11.499075889587402,11.800000190734863
24.4036808013916,20.799999237060547
12.373187065124512,8.699999809265137
10.390509605407715,5.699999809265137
16.070676803588867,10.899999618530273
18.441877365112305,23.200000762939453
15.928797721862793,14.300000190734863
10.680094718933105,11.899999618530273
19.404111862182617,13.800000190734863
14.424181938171387,15.300000190734863
15.109187126159668,17.899999618530273
14.738436698913574,14.5
23.2087345123291,21.399999618530273
13.86139965057373,11.100000381469727
18.07221794128418,16.399999618530273
15.271479606628418,15.5
27.4929141998291,30.700000762939453
28.923856735229492,26.399999618530273
12.104178428649902,17.399999618530273
18.826684951782227,15.100000381469727
19.346097946166992,23.5
12.879546165466309,12.300000190734863
14.017424583435059,18.799999237060547
12.172595024108887,17.700000762939453
17.309350967407227,17.299999237060547
16.814847946166992,18.600000381469727
20.527830123901367,16.0
15.048426628112793,19.200000762939453
14.041125297546387,27.299999237060547
14.272353172302246,15.5
26.69746971130371,23.700000762939453
16.714815139770508,15.399999618530273
15.415709495544434,17.299999237060547
18.574026107788086,19.299999237060547
26.410715103149414,29.100000381469727
14.187216758728027,15.5
10.915362358093262,5.900000095367432
19.839628219604492,28.600000381469727
10.17756175994873,10.5
18.71956443786621,16.200000762939453
12.26710033416748,11.600000381469727
20.37648582458496,12.899999618530273
14.777205467224121,13.699999809265137
13.665614128112793,5.800000190734863
11.329611778259277,12.899999618530273
16.114744186401367,15.699999809265137
14.159918785095215,9.399999618530273
15.172774314880371,15.5
15.319598197937012,22.899999618530273
13.694315910339355,12.600000381469727
20.952661514282227,17.799999237060547
15.941012382507324,15.399999618530273
13.727206230163574,14.300000190734863
22.340993881225586,23.0
24.094655990600586,18.299999237060547
12.894515037536621,12.399999618530273
12.89709758758545,11.899999618530273
18.057771682739258,18.100000381469727
21.898469924926758,23.0
17.89324378967285,14.800000190734863
20.589738845825195,19.899999618530273
14.464442253112793,14.899999618530273
42.86012649536133,49.29999923706055
19.597368240356445,25.799999237060547
21.06012535095215,13.699999809265137
21.400911331176758,18.0
19.2662296295166,18.200000762939453
15.359084129333496,13.899999618530273
11.577544212341309,10.300000190734863
18.628740310668945,17.600000381469727
24.658857345581055,14.699999809265137
19.878915786743164,12.0
17.989412307739258,11.800000190734863
14.259081840515137,15.399999618530273
20.77663230895996,14.300000190734863
15.066691398620605,13.899999618530273
27.66706657409668,38.0
16.026273727416992,14.800000190734863
26.826391220092773,21.700000762939453
16.58881950378418,22.200000762939453
24.796571731567383,17.399999618530273
14.499190330505371,13.300000190734863
18.690889358520508,18.899999618530273
13.236315727233887,11.699999809265137
11.150298118591309,17.399999618530273
16.200788497924805,15.399999618530273
20.044702529907227,27.600000381469727
15.314448356628418,14.0
18.694753646850586,16.799999237060547
12.052000999450684,7.699999809265137
15.516554832458496,10.699999809265137
16.89375114440918,13.100000381469727
14.257235527038574,11.0
21.69078254699707,11.199999809265137
16.71030616760254,17.200000762939453
12.921072959899902,14.199999809265137
13.8670072555542,15.0
15.972460746765137,17.700000762939453
14.643298149108887,24.0
15.728075981140137,12.800000190734863
21.7264347076416,22.799999237060547
14.54917049407959,15.600000381469727
12.18189525604248,14.100000381469727
13.309588432312012,9.199999809265137
12.064295768737793,12.100000381469727
15.144042015075684,9.0
14.985091209411621,15.699999809265137
20.007173538208008,28.700000762939453
9.618319511413574,12.800000190734863
21.043546676635742,19.399999618530273
14.267233848571777,22.600000381469727
21.715742111206055,24.600000381469727
14.106867790222168,22.399999618530273
47.474544525146484,17.600000381469727
21.14984703063965,12.899999618530273
15.094599723815918,14.5
15.461882591247559,14.600000381469727
18.481233596801758,13.199999809265137
19.8933162689209,14.699999809265137
21.158323287963867,18.899999618530273
19.540674209594727,14.699999809265137
20.574480056762695,36.79999923706055
14.811678886413574,18.100000381469727
16.705530166625977,19.200000762939453
22.869760513305664,16.200000762939453
23.81831932067871,15.699999809265137
14.140891075134277,16.5
11.81647777557373,12.600000381469727
19.204965591430664,23.700000762939453
14.1826810836792,14.5
14.829386711120605,12.399999618530273
17.58982276916504,16.700000762939453
22.548715591430664,21.0
23.777517318725586,19.200000762939453
25.783288955688477,28.899999618530273
18.623624801635742,16.200000762939453
33.103271484375,22.299999237060547
18.44386863708496,15.699999809265137
14.720847129821777,11.300000190734863
18.632349014282227,16.299999237060547
16.21623420715332,19.600000381469727
16.22492027282715,21.600000381469727
13.274561882019043,9.300000190734863
26.90943717956543,12.100000381469727
31.560392379760742,33.0
20.32464027404785,23.799999237060547
17.243562698364258,20.600000381469727
22.418581008911133,22.399999618530273
17.33620262145996,19.399999618530273
55.645263671875,40.0
29.484010696411133,8.300000190734863
13.85349178314209,16.200000762939453
14.394248008728027,11.899999618530273
20.02034568786621,20.700000762939453
28.864206314086914,51.29999923706055
14.17823314666748,16.899999618530273
12.747000694274902,16.100000381469727
27.8492488861084,37.900001525878906
38.63859176635742,34.20000076293945
12.895689964294434,22.700000762939453
35.03976821899414,11.0
14.155318260192871,9.199999809265137
16.7764835357666,23.5
18.62202262878418,18.299999237060547
19.305803298950195,20.200000762939453
21.40472984313965,29.0
14.989150047302246,23.299999237060547
13.98856258392334,18.100000381469727
20.847043991088867,19.899999618530273
13.529952049255371,12.600000381469727
29.618253707885742,17.0
16.23056983947754,17.200000762939453
22.83137321472168,30.399999618530273
18.464509963989258,24.200000762939453
18.977201461791992,25.700000762939453
17.193872451782227,4.099999904632568
10.697600364685059,11.800000190734863
12.8384428024292,9.600000381469727
43.61792755126953,27.0
14.965628623962402,11.399999618530273
29.946603775024414,12.5
12.79666805267334,23.600000381469727
9.384799003601074,5.099999904632568
31.37932777404785,48.400001525878906
16.1400203704834,29.600000381469727
22.36795997619629,15.600000381469727
25.91037940979004,28.899999618530273
25.741960525512695,14.699999809265137
14.184584617614746,14.699999809265137
12.947657585144043,12.699999809265137
22.784650802612305,26.399999618530273
19.401155471801758,11.300000190734863
22.421689987182617,15.899999618530273
22.765989303588867,18.5
24.3908748626709,17.5
20.713808059692383,18.200000762939453
14.645819664001465,16.299999237060547
19.863943099975586,20.700000762939453
26.514528274536133,14.899999618530273
14.741461753845215,9.100000381469727
20.327238082885742,13.5
15.352965354919434,13.800000190734863
7.445490837097168,0.0
10.41699504852295,11.199999809265137
22.485044479370117,14.399999618530273
27.25834083557129,24.0
30.901203155517578,21.899999618530273
17.67264747619629,16.700000762939453
14.3027982711792,12.399999618530273
9.810187339782715,5.800000190734863
25.615549087524414,31.600000381469727
26.790597915649414,18.899999618530273
27.5555362701416,21.0
17.513994216918945,18.399999618530273
15.264948844909668,13.399999618530273
43.30573272705078,52.79999923706055
28.269529342651367,24.600000381469727
20.598134994506836,21.899999618530273
12.239867210388184,8.699999809265137
16.202627182006836,16.899999618530273
20.191972732543945,18.100000381469727
14.756388664245605,21.100000381469727
21.69852638244629,18.200000762939453
21.207914352416992,22.700000762939453
33.43460464477539,32.599998474121094
13.719962120056152,13.600000381469727
31.286264419555664,17.700000762939453
24.867586135864258,20.600000381469727
13.250468254089355,11.600000381469727
20.274202346801758,21.600000381469727
16.5679874420166,22.399999618530273
19.31040382385254,16.799999237060547
17.356950759887695,11.600000381469727
13.306918144226074,9.5
22.28757667541504,15.5
16.06217384338379,13.600000381469727
12.983660697937012,10.699999809265137
14.200976371765137,12.699999809265137
20.083051681518555,13.600000381469727
15.413676261901855,13.399999618530273
15.852316856384277,18.100000381469727
23.542680740356445,19.0
13.834010124206543,16.799999237060547
14.371237754821777,22.799999237060547
14.912684440612793,38.400001525878906
10.978754997253418,14.0
18.120580673217773,15.300000190734863
14.04141902923584,14.699999809265137
19.011648178100586,14.5
32.52888107299805,83.69999694824219
9.990939140319824,5.099999904632568
23.185617446899414,23.600000381469727
19.263845443725586,13.5
20.032968521118164,18.700000762939453
13.728301048278809,11.0
13.823111534118652,11.699999809265137
16.115686416625977,19.899999618530273
12.053339958190918,14.800000190734863
13.823531150817871,12.899999618530273
24.87822151184082,25.5
29.68660545349121,11.800000190734863
25.373674392700195,33.099998474121094
21.70078468322754,28.600000381469727
32.07890319824219,65.80000305175781
15.806300163269043,11.699999809265137
16.686738967895508,10.899999618530273
18.37697410583496,13.600000381469727
17.954660415649414,24.200000762939453
16.10306739807129,17.399999618530273
13.622660636901855,16.700000762939453
18.132917404174805,9.699999809265137
26.440736770629883,7.699999809265137
11.61478328704834,7.900000095367432
7.967944145202637,7.400000095367432
7.606040000915527,9.600000381469727
9.967925071716309,10.100000381469727
13.901217460632324,13.399999618530273
11.160922050476074,11.600000381469727
9.878012657165527,5.099999904632568
6.746157646179199,0.0
11.991007804870605,8.399999618530273
10.844962120056152,13.0
26.01750373840332,18.799999237060547
20.309736251831055,13.0
14.908759117126465,20.0
15.773818016052246,20.200000762939453
16.89923667907715,6.300000190734863
12.624869346618652,10.399999618530273
11.283099174499512,12.5
12.350066184997559,15.5
11.652018547058105,12.0
12.15494441986084,11.300000190734863
10.445197105407715,9.699999809265137
11.330660820007324,14.899999618530273
9.352675437927246,10.199999809265137
13.883551597595215,16.5
12.836554527282715,8.600000381469727
13.719523429870605,11.699999809265137
12.730731010437012,12.800000190734863
17.55634880065918,20.299999237060547
11.386515617370605,10.100000381469727
20.13277244567871,25.299999237060547
10.192587852478027,13.399999618530273
11.543791770935059,14.300000190734863
9.22464656829834,9.0
10.792624473571777,13.5
23.847402572631836,27.899999618530273
10.413413047790527,9.600000381469727
13.701277732849121,14.600000381469727
8.428519248962402,13.0
12.068263053894043,9.199999809265137
12.086779594421387,12.0
16.150903701782227,17.600000381469727
9.878283500671387,12.600000381469727
12.83481502532959,11.399999618530273
12.436251640319824,10.899999618530273
20.0382022857666,15.300000190734863
12.67386531829834,14.0
18.35207176208496,25.100000381469727
11.458785057067871,10.899999618530273
16.776765823364258,20.299999237060547
13.93643856048584,8.100000381469727
16.03205680847168,10.5
13.061301231384277,9.300000190734863
12.288416862487793,10.5
12.60644817352295,12.5
12.434901237487793,10.5
13.941733360290527,13.5
14.477614402770996,11.800000190734863
10.540453910827637,5.800000190734863
21.39763069152832,13.100000381469727
16.14457130432129,19.200000762939453
14.856978416442871,9.5
10.724810600280762,9.0
10.784239768981934,9.699999809265137
33.059234619140625,11.199999809265137
21.939706802368164,9.0
18.533002853393555,12.800000190734863
23.583879470825195,14.5
23.14398765563965,20.0
11.560343742370605,10.199999809265137
29.71158790588379,29.399999618530273
10.877593040466309,6.099999904632568
12.010722160339355,6.699999809265137
10.61319637298584,9.199999809265137
9.666522026062012,6.400000095367432
11.07861614227295,9.0
12.339404106140137,7.099999904632568
9.806292533874512,7.300000190734863
13.350481986999512,9.100000381469727
15.525362968444824,11.399999618530273
12.235381126403809,7.300000190734863
8.998438835144043,6.400000095367432
12.921263694763184,8.600000381469727
9.573878288269043,5.5
12.696272850036621,7.199999809265137
10.3635892868042,5.5
15.996077537536621,16.600000381469727
17.076631546020508,11.399999618530273
8.216044425964355,7.800000190734863
10.716185569763184,7.800000190734863
12.7382230758667,9.899999618530273
22.307260513305664,7.900000095367432
14.157332420349121,11.5
17.694482803344727,9.199999809265137
18.14333152770996,16.799999237060547
11.47489070892334,10.800000190734863
12.524497032165527,9.300000190734863
29.837793350219727,37.29999923706055
10.955008506774902,7.900000095367432
14.3082914352417,13.899999618530273
13.28430461883545,14.100000381469727
12.26410961151123,13.600000381469727
10.762740135192871,16.5
13.455096244812012,10.300000190734863
14.00623607635498,13.300000190734863
12.343756675720215,11.199999809265137
31.319046020507812,31.799999237060547
18.84134864807129,22.700000762939453
10.272242546081543,9.5
9.321322441101074,7.800000190734863
10.677485466003418,8.800000190734863
13.317133903503418,14.0
25.42103385925293,23.600000381469727
13.965216636657715,10.899999618530273
12.797591209411621,10.300000190734863
11.587759971618652,9.899999618530273
14.857775688171387,16.600000381469727
9.354079246520996,7.0
13.498923301696777,8.300000190734863
25.508817672729492,22.899999618530273
10.566180229187012,7.199999809265137
11.204947471618652,10.699999809265137
14.560450553894043,14.399999618530273
17.711328506469727,14.699999809265137
15.73346996307373,13.5
8.657584190368652,7.199999809265137
12.278002738952637,10.699999809265137
8.323626518249512,5.5
26.85045051574707,20.0
29.53708839416504,16.600000381469727
40.135128021240234,36.5
10.588324546813965,7.699999809265137
10.7825345993042,8.899999618530273
13.683920860290527,9.100000381469727
15.559950828552246,18.700000762939453
12.396620750427246,7.900000095367432
17.308420181274414,10.800000190734863
14.065890312194824,8.800000190734863
10.808688163757324,8.300000190734863
12.162775993347168,6.400000095367432
8.851752281188965,7.599999904632568
12.801981925964355,6.800000190734863
9.854716300964355,8.699999809265137
12.333395957946777,9.699999809265137
8.56611156463623,9.699999809265137
11.589625358581543,9.699999809265137
11.498042106628418,12.300000190734863
9.415778160095215,10.800000190734863
19.86578941345215,14.899999618530273
17.374929428100586,18.200000762939453
18.202775955200195,10.0
11.566397666931152,8.5
12.639822959899902,10.0
10.856173515319824,8.0
9.136881828308105,6.900000095367432
10.89587688446045,8.0
18.704408645629883,12.899999618530273
9.297560691833496,9.199999809265137
12.478484153747559,9.600000381469727
11.463175773620605,8.800000190734863
14.895445823669434,16.899999618530273
15.295855522155762,14.899999618530273
9.686018943786621,13.100000381469727
11.994894981384277,14.899999618530273
11.01969051361084,9.199999809265137
40.112361907958984,9.399999618530273
7.545489311218262,7.900000095367432
11.358416557312012,8.0
10.372794151306152,9.800000190734863
8.434603691101074,7.900000095367432
14.083979606628418,15.600000381469727
13.442538261413574,13.699999809265137
12.241888999938965,6.099999904632568
14.846861839294434,15.800000190734863
14.311121940612793,9.300000190734863
12.398131370544434,7.099999904632568
13.929404258728027,14.0
11.425982475280762,9.100000381469727
11.16015911102295,15.0
9.319731712341309,10.699999809265137
11.165976524353027,14.199999809265137
22.622968673706055,12.0
15.915637016296387,7.199999809265137
14.367724418640137,12.300000190734863
13.067843437194824,12.800000190734863
11.08518123626709,11.800000190734863
21.387205123901367,11.600000381469727
15.165263175964355,14.300000190734863
29.687074661254883,30.899999618530273
11.713141441345215,11.199999809265137
11.90500545501709,7.5
14.46863079071045,23.0
11.395586967468262,9.199999809265137
22.71518898010254,18.5
15.026846885681152,14.5
10.931811332702637,10.0
14.370284080505371,10.300000190734863
13.401373863220215,10.199999809265137
17.238435745239258,8.5
14.983565330505371,17.100000381469727
19.691709518432617,14.399999618530273
9.64991283416748,6.199999809265137
14.572749137878418,7.599999904632568
13.545096397399902,14.300000190734863
10.856738090515137,5.699999809265137
9.20969295501709,8.600000381469727
14.013983726501465,9.899999618530273
25.343549728393555,24.700000762939453
15.573317527770996,14.899999618530273
11.587641716003418,10.399999618530273
22.371538162231445,23.799999237060547
17.183549880981445,14.800000190734863
12.34802532196045,11.899999618530273
10.62110424041748,7.900000095367432
13.631110191345215,10.5
13.628191947937012,11.600000381469727
9.641085624694824,7.900000095367432
11.435084342956543,10.899999618530273
13.74069881439209,12.600000381469727
13.760188102722168,13.100000381469727
10.258475303649902,9.199999809265137
11.916857719421387,13.300000190734863
18.538270950317383,26.200000762939453
9.158488273620605,6.099999904632568
12.318400382995605,6.599999904632568
16.30803871154785,18.100000381469727
11.79257869720459,9.699999809265137
19.659337997436523,14.5
12.749529838562012,9.100000381469727
10.632697105407715,7.099999904632568
10.112959861755371,8.899999618530273
11.254698753356934,8.100000381469727
12.177599906921387,9.800000190734863
17.509397506713867,13.300000190734863
13.445185661315918,12.0
13.70727825164795,10.199999809265137
21.177289962768555,26.600000381469727
20.062101364135742,9.600000381469727
11.421900749206543,9.300000190734863
13.124300956726074,10.800000190734863
11.981780052185059,7.800000190734863
18.0513858795166,14.0
13.560965538024902,13.100000381469727
9.278098106384277,7.800000190734863
13.707942008972168,14.100000381469727
9.253722190856934,9.100000381469727
11.624445915222168,15.199999809265137
11.514784812927246,9.100000381469727
10.164057731628418,7.300000190734863
19.861970901489258,12.0
13.9948148727417,12.600000381469727
17.82780647277832,14.199999809265137
11.364325523376465,12.699999809265137
11.429045677185059,11.699999809265137
11.89432430267334,8.800000190734863
22.606569290161133,13.800000190734863
9.125990867614746,6.400000095367432
18.639738082885742,6.699999809265137
14.671614646911621,11.0
12.80884838104248,5.5
8.610007286071777,8.100000381469727
10.495055198669434,10.0
13.019988059997559,8.399999618530273
23.700605392456055,14.399999618530273
10.061545372009277,9.100000381469727
9.938544273376465,10.100000381469727
12.140105247497559,8.899999618530273
11.750666618347168,7.300000190734863
21.684412002563477,15.600000381469727
22.3419132232666,8.5
13.389819145202637,11.800000190734863
17.15569496154785,13.600000381469727
15.640875816345215,13.5
18.0089168548584,11.699999809265137
12.71994686126709,10.199999809265137
19.87871742248535,19.799999237060547
54.32792282104492,29.600000381469727
16.793203353881836,18.5
19.9737491607666,21.0
17.93308448791504,13.699999809265137
13.503222465515137,13.0
12.487170219421387,15.0
13.39503002166748,7.900000095367432
11.281584739685059,10.199999809265137
16.44752311706543,19.200000762939453
18.446062088012695,12.699999809265137
13.618327140808105,9.0
24.524938583374023,10.0
15.873492240905762,13.699999809265137
14.015059471130371,13.199999809265137
32.918067932128906,22.700000762939453
32.811500549316406,27.799999237060547
9.502795219421387,9.399999618530273
9.26972484588623,8.199999809265137
15.74012279510498,12.600000381469727
11.271636009216309,13.5
19.2093563079834,8.800000190734863
19.05094337463379,6.900000095367432
12.652640342712402,9.5
13.233073234558105,9.899999618530273
13.453341484069824,10.899999618530273
12.700304985046387,9.0
12.73401165008545,6.900000095367432
10.010100364685059,13.300000190734863
10.222216606140137,10.899999618530273
11.795626640319824,8.600000381469727
11.779562950134277,7.800000190734863
14.215590476989746,17.0
12.65418529510498,10.600000381469727
12.47324275970459,6.099999904632568
9.747641563415527,7.599999904632568
10.16492748260498,5.599999904632568
10.294646263122559,9.699999809265137
12.183485984802246,13.199999809265137
12.87283992767334,9.5
17.339323043823242,9.899999618530273
10.831042289733887,10.800000190734863
14.84982967376709,12.899999618530273
11.510149955749512,9.800000190734863
14.8019437789917,13.199999809265137
14.480170249938965,8.199999809265137
20.158384323120117,12.800000190734863
12.820143699645996,7.5
17.812437057495117,10.5
16.334901809692383,13.800000190734863
11.734057426452637,9.100000381469727
9.498251914978027,11.300000190734863
14.280043601989746,8.399999618530273
11.275263786315918,12.300000190734863
44.36518478393555,43.599998474121094
8.902998924255371,7.400000095367432
10.531722068786621,13.399999618530273
11.974448204040527,10.399999618530273
10.472403526306152,9.0
15.36987590789795,8.600000381469727
19.22503089904785,11.800000190734863
11.823901176452637,8.600000381469727
27.977968215942383,12.0
22.667726516723633,14.699999809265137
10.185656547546387,6.599999904632568
23.613542556762695,16.600000381469727
10.2706937789917,10.0
8.510161399841309,4.400000095367432
11.066218376159668,9.0
17.687536239624023,20.600000381469727
12.49042797088623,13.5
14.947463035583496,11.800000190734863
8.88938045501709,3.4000000953674316
15.52616024017334,8.800000190734863
12.880351066589355,12.0
16.400339126586914,8.399999618530273
20.10075569152832,10.399999618530273
13.056925773620605,12.600000381469727
10.96311092376709,9.800000190734863
14.848727226257324,7.900000095367432
15.122431755065918,9.300000190734863
13.358054161071777,10.199999809265137
13.640902519226074,13.800000190734863
15.178427696228027,27.700000762939453
13.743063926696777,19.100000381469727
22.3264102935791,16.200000762939453
8.645659446716309,5.900000095367432
14.994261741638184,16.399999618530273
16.9954891204834,12.5
9.300978660583496,2.4000000953674316
9.99863338470459,13.699999809265137
16.680818557739258,18.100000381469727
13.26074504852295,11.899999618530273
13.057433128356934,15.300000190734863
12.913680076599121,10.199999809265137
19.2088680267334,22.0
22.723588943481445,16.5
12.260348320007324,8.699999809265137
17.16977882385254,10.5
10.986021995544434,11.899999618530273
16.362184524536133,17.200000762939453
12.275324821472168,12.300000190734863
18.633405685424805,37.20000076293945
10.904158592224121,7.099999904632568
33.048065185546875,31.399999618530273
13.448630332946777,15.5
10.515006065368652,13.0
11.2655668258667,6.400000095367432
13.62097454071045,9.100000381469727
14.70508861541748,12.199999809265137
13.301772117614746,13.0
9.196951866149902,6.900000095367432
12.591486930847168,15.300000190734863
9.983813285827637,11.899999618530273
15.446322441101074,11.699999809265137
11.163744926452637,6.599999904632568
8.825243949890137,6.300000190734863
8.963122367858887,11.699999809265137
11.108920097351074,6.400000095367432
30.410493850708008,26.100000381469727
28.25287437438965,12.300000190734863
9.516661643981934,9.300000190734863
13.017867088317871,27.299999237060547
12.17835521697998,10.399999618530273
10.149947166442871,8.100000381469727
11.21778392791748,11.899999618530273
15.185221672058105,9.899999618530273
10.770770072937012,8.399999618530273
11.543269157409668,10.600000381469727
9.308600425720215,9.600000381469727
12.049830436706543,10.600000381469727
11.897238731384277,5.199999809265137
14.935431480407715,12.699999809265137
17.60896873474121,7.800000190734863
11.509917259216309,10.600000381469727
10.848002433776855,9.399999618530273
9.856905937194824,9.600000381469727
19.613950729370117,9.399999618530273
16.88472557067871,10.0
10.30768871307373,7.0
9.498797416687012,7.199999809265137
14.677252769470215,8.300000190734863
11.061236381530762,9.800000190734863
12.143561363220215,8.5
11.206267356872559,11.100000381469727
6.740843772888184,3.9000000953674316
9.922263145446777,8.0
11.631159782409668,13.699999809265137
14.642569541931152,13.899999618530273
13.051115989685059,5.400000095367432
11.665751457214355,17.899999618530273
14.654681205749512,4.599999904632568
20.46305274963379,10.5
9.277148246765137,8.5
11.724120140075684,6.099999904632568
8.708441734313965,5.5
12.131545066833496,8.0
15.478617668151855,5.5
9.142745018005371,9.399999618530273
10.111788749694824,8.800000190734863
10.393092155456543,9.0
10.767104148864746,7.0
13.966628074645996,9.399999618530273
15.063658714294434,10.300000190734863
13.83713436126709,8.399999618530273
12.418116569519043,9.199999809265137
8.760214805603027,6.099999904632568
16.10439109802246,13.600000381469727
12.46496868133545,10.600000381469727
11.861586570739746,12.199999809265137
8.584288597106934,7.0
12.92761516571045,7.599999904632568
10.193995475769043,10.699999809265137
14.237395286560059,11.899999618530273
10.688338279724121,6.599999904632568
11.13093090057373,7.300000190734863
12.895602226257324,9.300000190734863
22.93620491027832,17.700000762939453
14.015936851501465,7.900000095367432
16.84653663635254,23.299999237060547
10.341647148132324,5.900000095367432
10.384440422058105,10.199999809265137
17.428892135620117,6.300000190734863
18.250654220581055,13.300000190734863
14.773959159851074,9.899999618530273
17.937448501586914,4.699999809265137
9.532225608825684,7.099999904632568
7.892352104187012,9.699999809265137
13.054518699645996,8.0
10.821497917175293,6.800000190734863
7.537226676940918,6.0
15.94153881072998,16.5
13.176054954528809,10.699999809265137
8.843661308288574,7.5
14.130606651306152,9.100000381469727
9.56650447845459,8.800000190734863
12.4529447555542,8.199999809265137
12.17700481414795,17.200000762939453
11.883589744567871,10.300000190734863
10.682074546813965,9.699999809265137
13.104723930358887,10.399999618530273
13.588946342468262,10.100000381469727
12.395010948181152,8.699999809265137
21.819372177124023,17.799999237060547
13.839598655700684,6.400000095367432
9.466670036315918,10.0
10.604514122009277,5.599999904632568
7.320609092712402,6.800000190734863
9.881396293640137,8.699999809265137
10.781306266784668,7.300000190734863
9.276888847351074,10.899999618530273
10.626208305358887,12.800000190734863
27.96291160583496,37.70000076293945
8.509490013122559,8.600000381469727
11.00614070892334,12.199999809265137
9.713301658630371,8.300000190734863
8.836970329284668,13.0
13.842974662780762,12.899999618530273
22.73271369934082,25.899999618530273
30.7910213470459,18.899999618530273
8.155413627624512,7.300000190734863
9.363390922546387,7.699999809265137
31.946308135986328,66.0999984741211
8.746233940124512,8.300000190734863
11.326388359069824,12.100000381469727
14.357340812683105,10.899999618530273
12.712714195251465,8.300000190734863
11.898890495300293,12.300000190734863
11.72238826751709,9.199999809265137
8.563040733337402,8.800000190734863
12.325316429138184,9.699999809265137
13.210062980651855,10.5
17.64204216003418,19.899999618530273
13.218535423278809,11.0
9.487948417663574,9.800000190734863
19.19529914855957,21.5
11.724104881286621,8.800000190734863
14.091994285583496,12.100000381469727
37.284324645996094,39.599998474121094
11.767760276794434,6.900000095367432
13.230971336364746,9.399999618530273
19.425020217895508,20.700000762939453
11.83725643157959,8.199999809265137
22.950773239135742,12.100000381469727
11.323344230651855,6.699999809265137
20.80665397644043,21.0
11.15168285369873,10.800000190734863
11.30075740814209,10.699999809265137
14.122397422790527,8.300000190734863
10.842432975769043,8.300000190734863
16.796445846557617,9.899999618530273
14.227992057800293,9.0
9.482409477233887,8.600000381469727
20.07843589782715,11.199999809265137
13.361845970153809,9.100000381469727
10.339224815368652,7.199999809265137
20.412065505981445,21.600000381469727
13.327075004577637,13.100000381469727
14.446455955505371,12.899999618530273
11.511923789978027,11.399999618530273
9.316756248474121,7.300000190734863
17.77947425842285,21.399999618530273
18.4550724029541,13.100000381469727
10.550230979919434,9.699999809265137
21.509748458862305,11.300000190734863
9.606047630310059,10.100000381469727
15.62473201751709,14.300000190734863
23.43727684020996,36.599998474121094
11.668612480163574,12.899999618530273
9.7030668258667,5.800000190734863
17.321561813354492,11.5
9.457083702087402,8.300000190734863
15.802443504333496,9.300000190734863
10.381613731384277,10.199999809265137
18.8370418548584,17.700000762939453
10.801844596862793,17.299999237060547
19.933778762817383,11.399999618530273
18.752546310424805,30.799999237060547
15.961424827575684,12.800000190734863
26.529306411743164,24.5
12.280566215515137,11.199999809265137
9.587447166442871,8.199999809265137
15.517779350280762,13.300000190734863
9.39075756072998,10.5
10.575739860534668,9.800000190734863
14.202006340026855,10.699999809265137
10.488177299499512,7.699999809265137
12.604514122009277,12.300000190734863
14.762038230895996,10.800000190734863
14.135516166687012,10.699999809265137
19.746641159057617,13.0
9.44434642791748,9.5
9.392848014831543,11.0
9.041106224060059,9.199999809265137
11.562853813171387,15.199999809265137
9.773688316345215,9.0
10.806166648864746,10.300000190734863
11.40143871307373,9.300000190734863
12.121325492858887,14.199999809265137
10.556365013122559,11.600000381469727
9.83594799041748,9.699999809265137
11.378069877624512,11.600000381469727
12.008723258972168,11.0
14.180953025817871,11.699999809265137
12.486254692077637,9.0
11.090922355651855,9.399999618530273
13.222460746765137,9.399999618530273
24.435026168823242,8.0
8.332049369812012,8.5
17.700963973999023,18.299999237060547
20.162073135375977,30.5
10.582964897155762,9.100000381469727
23.35267448425293,31.899999618530273
14.360495567321777,20.200000762939453
17.984235763549805,23.799999237060547
11.636286735534668,11.199999809265137
11.112605094909668,8.300000190734863
12.567973136901855,12.100000381469727
16.207521438598633,9.199999809265137
14.474371910095215,15.199999809265137
9.040884971618652,6.099999904632568
17.078062057495117,14.199999809265137
12.216208457946777,17.5
14.4389066696167,12.5
15.890666007995605,13.800000190734863
16.747812271118164,10.199999809265137
10.532061576843262,12.5
9.558817863464355,6.5
11.438567161560059,9.199999809265137
10.411829948425293,6.0
25.78786277770996,26.5
18.219621658325195,14.199999809265137
24.482717514038086,26.700000762939453
18.3599796295166,20.600000381469727
24.46355628967285,26.299999237060547
14.88501262664795,14.199999809265137
21.43279457092285,17.799999237060547
25.62962532043457,22.799999237060547
36.16461181640625,47.29999923706055
41.18238067626953,13.699999809265137
11.81116771697998,12.899999618530273
15.946860313415527,10.300000190734863
12.603388786315918,12.399999618530273
18.39143943786621,20.200000762939453
9.86075496673584,14.899999618530273
12.562407493591309,11.800000190734863
21.03444480895996,23.899999618530273
28.95432472229004,28.399999618530273
52.567230224609375,33.20000076293945
30.627729415893555,32.0
21.154970169067383,14.100000381469727
27.4257755279541,30.899999618530273
28.10300636291504,7.0
34.115238189697266,36.20000076293945
17.235780715942383,18.899999618530273
23.58432960510254,4.599999904632568
16.29006004333496,12.899999618530273
18.34126853942871,16.899999618530273
15.019091606140137,21.899999618530273
14.341448783874512,6.599999904632568
15.470965385437012,13.899999618530273
23.389848709106445,14.199999809265137
25.93817710876465,12.199999809265137
28.92155647277832,29.5
17.16805076599121,23.399999618530273
18.965639114379883,11.0
25.61750602722168,14.0
29.988332748413086,29.200000762939453
15.826380729675293,18.200000762939453
21.55902671813965,6.800000190734863
20.13779640197754,7.5
16.66126823425293,5.099999904632568
20.826539993286133,4.300000190734863
17.8969669342041,15.199999809265137
15.293013572692871,10.600000381469727
23.608816146850586,16.799999237060547
18.627126693725586,11.699999809265137
13.528285026550293,6.800000190734863
20.887887954711914,10.100000381469727
19.779756546020508,22.899999618530273
25.713075637817383,14.899999618530273
14.516337394714355,15.399999618530273
48.22036361694336,16.700000762939453
6.543826103210449,5.699999809265137
8.424269676208496,11.0
18.281888961791992,15.699999809265137
31.349323272705078,16.799999237060547
15.998625755310059,16.700000762939453
17.98030662536621,9.800000190734863
7.404829978942871,11.300000190734863
35.98678970336914,48.099998474121094
9.826266288757324,11.899999618530273
28.181344985961914,22.799999237060547
16.455419540405273,10.600000381469727
14.10377025604248,12.600000381469727
18.06171226501465,11.899999618530273
28.691652297973633,22.899999618530273
11.794455528259277,19.700000762939453
14.824732780456543,10.100000381469727
36.26732635498047,36.79999923706055
35.165306091308594,62.29999923706055
9.29367733001709,9.5
27.11283302307129,32.5
27.508588790893555,9.600000381469727
21.177656173706055,9.5
17.97715187072754,15.100000381469727
18.333547592163086,9.699999809265137
17.77058982849121,3.799999952316284
36.184329986572266,8.5
80.83585357666016,34.099998474121094
9.323180198669434,13.199999809265137
16.60233497619629,8.300000190734863
11.081198692321777,16.100000381469727
11.368483543395996,10.600000381469727
32.510955810546875,24.5
7.943770408630371,5.300000190734863
28.408788681030273,33.70000076293945
17.11936378479004,8.199999809265137
15.550398826599121,17.799999237060547
21.641305923461914,25.0
23.325223922729492,24.600000381469727
68.24098205566406,43.400001525878906
12.475295066833496,16.700000762939453
10.59681224822998,7.800000190734863
13.1337308883667,12.399999618530273
16.8313045501709,18.0
9.723944664001465,4.900000095367432
22.751699447631836,49.599998474121094
31.830310821533203,60.5
48.631492614746094,47.400001525878906
18.278898239135742,9.600000381469727
14.810515403747559,17.399999618530273
10.559805870056152,11.300000190734863
22.82069206237793,6.599999904632568
28.965456008911133,13.199999809265137
25.25425910949707,13.699999809265137
27.50588035583496,29.700000762939453
15.818671226501465,15.800000190734863
22.0069522857666,20.0
17.66240882873535,20.799999237060547
6.972926139831543,7.300000190734863
13.389132499694824,7.699999809265137
16.952726364135742,11.100000381469727
17.087785720825195,22.100000381469727
49.45073318481445,56.900001525878906
23.227327346801758,20.700000762939453
20.92655372619629,48.900001525878906
12.678183555603027,12.699999809265137
39.84804916381836,51.0
30.52420997619629,27.799999237060547
13.41071605682373,14.100000381469727
25.08696174621582,39.099998474121094
32.132137298583984,23.799999237060547
101.43927764892578,37.79999923706055
48.946712493896484,32.599998474121094
18.148408889770508,15.800000190734863
24.896589279174805,21.600000381469727
24.93171501159668,26.600000381469727
65.69905090332031,24.399999618530273
45.4981689453125,80.80000305175781
39.91757583618164,40.0
38.17670822143555,34.099998474121094
26.79829216003418,24.899999618530273
33.34476852416992,25.600000381469727
39.23627471923828,36.099998474121094
44.7838020324707,42.400001525878906
34.34199905395508,41.599998474121094
24.317434310913086,20.0
13.409323692321777,14.100000381469727
17.81947898864746,27.399999618530273
58.90348434448242,71.5999984741211
41.331912994384766,44.70000076293945
57.031612396240234,70.0999984741211
20.022375106811523,25.0
17.946035385131836,23.600000381469727
16.8321475982666,11.699999809265137
18.50356101989746,29.200000762939453
22.770105361938477,25.200000762939453
19.4060115814209,9.899999618530273
25.683320999145508,24.0
29.5096492767334,26.299999237060547
30.490610122680664,16.5
30.187910079956055,24.799999237060547
23.019487380981445,16.100000381469727
48.18785858154297,15.100000381469727
38.608116149902344,31.799999237060547
127.55540466308594,59.79999923706055
62.75161361694336,53.400001525878906
46.56037902832031,25.5
23.70839500427246,12.199999809265137
34.124210357666016,37.79999923706055
39.31151580810547,24.399999618530273
46.21506118774414,61.79999923706055
32.897647857666016,23.799999237060547
32.20256423950195,29.5
20.187570571899414,18.600000381469727
31.019311904907227,31.399999618530273
28.86674690246582,15.699999809265137
30.159109115600586,23.299999237060547
35.10442352294922,28.5
32.372188568115234,20.700000762939453
44.76698684692383,49.29999923706055
26.636510848999023,12.600000381469727
17.486780166625977,17.299999237060547
62.93551254272461,67.0999984741211
21.88865089416504,21.299999237060547
27.71708106994629,18.200000762939453
23.507863998413086,22.399999618530273
34.0263671875,34.599998474121094
66.81330108642578,55.0
23.147321701049805,20.299999237060547
27.455476760864258,24.700000762939453
65.92471313476562,71.9000015258789
14.855090141296387,12.399999618530273
66.61707305908203,57.900001525878906
15.175108909606934,19.700000762939453
28.01460838317871,27.899999618530273
44.68947219848633,38.29999923706055
23.430150985717773,21.399999618530273
24.22381019592285,15.5
21.959848403930664,21.0
25.0291690826416,22.399999618530273
50.27138900756836,34.0
26.845701217651367,16.399999618530273
31.146100997924805,38.20000076293945
61.39772033691406,88.0
37.26140213012695,37.599998474121094
29.3948917388916,22.700000762939453
26.756807327270508,25.600000381469727
33.084388732910156,41.099998474121094
51.17267990112305,53.20000076293945
17.311155319213867,20.700000762939453
22.008100509643555,19.799999237060547
57.13919448852539,58.0
28.323579788208008,72.9000015258789
68.88745880126953,99.5
46.446537017822266,65.5999984741211
34.485477447509766,42.5
49.372074127197266,15.300000190734863
53.97247314453125,33.70000076293945
20.04313087463379,26.0
32.642173767089844,31.600000381469727
90.46907806396484,77.80000305175781
45.31719207763672,16.399999618530273
33.76905059814453,52.0
46.84233474731445,90.69999694824219
42.20793914794922,31.100000381469727
14.821181297302246,13.600000381469727
77.69829559326172,47.099998474121094
45.330223083496094,38.0
72.566650390625,87.5999984741211
32.3808708190918,28.299999237060547
18.189584732055664,21.799999237060547
14.918791770935059,13.399999618530273
19.00105857849121,17.399999618530273
19.614168167114258,15.800000190734863
94.52128601074219,95.69999694824219
24.371206283569336,21.600000381469727
26.007081985473633,31.399999618530273
22.922456741333008,24.0
25.468637466430664,37.099998474121094
57.41325759887695,54.79999923706055
13.976485252380371,11.0
16.349111557006836,12.399999618530273
28.558244705200195,21.799999237060547
14.108355522155762,12.0
25.38764762878418,18.200000762939453
18.03837013244629,13.100000381469727
22.56255531311035,25.899999618530273
22.333486557006836,22.799999237060547
21.909208297729492,26.899999618530273
22.447134017944336,31.700000762939453
23.115251541137695,23.299999237060547
27.767641067504883,24.899999618530273
20.427885055541992,26.5
20.220659255981445,24.299999237060547
17.69585609436035,19.600000381469727
28.620397567749023,62.29999923706055
37.941871643066406,28.700000762939453
38.30674743652344,39.599998474121094
34.11336135864258,24.5
22.400564193725586,26.799999237060547
13.931410789489746,10.699999809265137
31.795656204223633,27.700000762939453
23.066762924194336,18.299999237060547
24.960145950317383,19.600000381469727
18.852922439575195,23.5
23.845277786254883,27.799999237060547
26.302316665649414,19.100000381469727
14.260993003845215,13.100000381469727
21.133333206176758,20.700000762939453
27.04258155822754,28.700000762939453
18.591524124145508,13.199999809265137
46.87144088745117,30.899999618530273
19.168214797973633,16.399999618530273
12.861083030700684,8.199999809265137
16.920625686645508,17.0
15.60816478729248,11.300000190734863
21.688501358032227,20.799999237060547
23.37782096862793,29.5
28.18442726135254,20.899999618530273
29.397958755493164,21.5
20.161760330200195,10.600000381469727
29.962068557739258,28.600000381469727
35.22003936767578,24.299999237060547
28.30388832092285,29.299999237060547
26.751028060913086,34.5
47.428253173828125,47.599998474121094
11.700556755065918,12.600000381469727
35.57767105102539,14.699999809265137
34.07987976074219,24.100000381469727
42.84976577758789,32.099998474121094
42.52718734741211,45.599998474121094
36.06935119628906,26.0
80.45489501953125,51.0
22.682588577270508,22.399999618530273
22.290666580200195,19.200000762939453
23.4556941986084,13.800000190734863
35.83864974975586,28.399999618530273
27.196470260620117,46.79999923706055
22.162588119506836,34.900001525878906
125.93379211425781,104.19999694824219
21.15006446838379,16.600000381469727
30.42970848083496,36.900001525878906
16.635377883911133,21.700000762939453
11.622939109802246,11.600000381469727
11.54108715057373,9.699999809265137
21.065095901489258,22.0
15.824278831481934,9.199999809265137
41.779781341552734,22.399999618530273
43.02873611450195,22.799999237060547
19.84246253967285,13.199999809265137
23.013673782348633,38.400001525878906
23.485788345336914,16.799999237060547
28.94725227355957,31.799999237060547
31.21669578552246,26.0
31.534635543823242,16.700000762939453
27.288782119750977,23.100000381469727
25.842618942260742,31.299999237060547
76.10179138183594,99.5
28.23479652404785,26.399999618530273
33.48594665527344,33.400001525878906
16.119962692260742,12.100000381469727
75.13369750976562,89.19999694824219
31.832286834716797,46.599998474121094
32.71988296508789,25.100000381469727
17.20619773864746,17.600000381469727
32.86331558227539,19.200000762939453
43.859928131103516,48.0
49.1603889465332,86.19999694824219
40.65643310546875,46.900001525878906
35.370506286621094,34.0
43.80009460449219,47.099998474121094
24.957307815551758,19.700000762939453
23.00435447692871,54.29999923706055
86.1216812133789,77.9000015258789
44.118011474609375,66.0
58.87128829956055,20.299999237060547
80.83401489257812,69.30000305175781
53.905311584472656,52.0
80.81845092773438,47.0
38.201515197753906,36.79999923706055
24.438276290893555,38.20000076293945
77.3868637084961,60.0
27.899141311645508,37.099998474121094
21.352853775024414,14.0
53.11613082885742,45.29999923706055
21.58512306213379,13.100000381469727
28.721139907836914,22.5
17.28578758239746,16.100000381469727
31.298566818237305,28.799999237060547
98.11534118652344,65.9000015258789
32.7880744934082,44.5
33.703426361083984,28.899999618530273
29.812959671020508,23.399999618530273
21.376176834106445,29.5
30.701311111450195,42.29999923706055
29.274076461791992,20.200000762939453
29.707372665405273,26.200000762939453
25.50929069519043,18.600000381469727
22.304597854614258,16.600000381469727
16.660661697387695,20.5
46.28003692626953,34.29999923706055
9.909892082214355,23.799999237060547
33.76649856567383,29.299999237060547
17.216665267944336,19.899999618530273
44.83149719238281,51.099998474121094
20.586156845092773,19.299999237060547
23.8900089263916,23.100000381469727
61.504539489746094,76.0
58.58260726928711,66.5
29.363813400268555,37.70000076293945
18.26270866394043,22.299999237060547
38.2772331237793,36.29999923706055
22.85810661315918,33.5
19.898550033569336,24.399999618530273
11.115374565124512,10.5
26.024595260620117,30.0
79.28887176513672,111.19999694824219
52.222225189208984,47.099998474121094
45.44334030151367,50.400001525878906
45.896644592285156,32.099998474121094
36.11772537231445,51.79999923706055
26.446043014526367,23.799999237060547
58.74283218383789,60.70000076293945
56.39643859863281,57.099998474121094
33.43865966796875,26.5
24.1588077545166,51.5
37.764251708984375,59.20000076293945
15.20032787322998,13.800000190734863
14.524493217468262,18.799999237060547
24.048715591430664,24.700000762939453
26.464872360229492,23.700000762939453
13.800787925720215,11.699999809265137
16.675607681274414,20.100000381469727
11.029364585876465,11.399999618530273
18.987009048461914,44.400001525878906
14.835963249206543,15.300000190734863
19.676652908325195,36.70000076293945
21.733598709106445,23.899999618530273
11.214999198913574,12.100000381469727
22.77131462097168,49.70000076293945
58.899845123291016,48.20000076293945
18.791643142700195,11.300000190734863
20.899309158325195,18.0
60.747947692871094,35.5
43.86409378051758,63.20000076293945
33.864227294921875,27.700000762939453
18.2728214263916,31.5
33.180335998535156,40.0
27.75275230407715,28.700000762939453
36.32101821899414,38.0
24.691492080688477,29.100000381469727
18.991743087768555,26.600000381469727
32.25307083129883,70.0999984741211
48.19192123413086,45.70000076293945
22.537229537963867,17.799999237060547
15.200095176696777,25.399999618530273
20.81354331970215,27.5
99.38312530517578,84.30000305175781
24.52382469177246,24.5
38.51206970214844,33.099998474121094
32.06475067138672,27.700000762939453
25.477750778198242,13.199999809265137
28.795259475708008,30.700000762939453
26.60133171081543,24.600000381469727
23.34174919128418,53.79999923706055
27.740713119506836,17.899999618530273
15.302302360534668,14.899999618530273
41.3071403503418,47.0
61.873390197753906,27.299999237060547
15.926955223083496,22.700000762939453
17.2940616607666,25.700000762939453
76.85839080810547,53.70000076293945
22.723310470581055,13.399999618530273
25.551469802856445,23.600000381469727
21.567136764526367,15.600000381469727
19.532255172729492,11.399999618530273
21.52335548400879,38.70000076293945
10.358344078063965,23.200000762939453
38.747108459472656,28.799999237060547
12.204710960388184,12.300000190734863
40.91060256958008,26.899999618530273
56.74779510498047,45.79999923706055
20.243715286254883,4.5
44.889949798583984,22.299999237060547
24.41874122619629,16.600000381469727
25.44962501525879,5.099999904632568
18.80280113220215,17.799999237060547
25.304311752319336,11.0
30.219942092895508,10.300000190734863
20.867422103881836,16.299999237060547
29.934873580932617,18.799999237060547
73.84049224853516,64.5
20.519723892211914,17.0
17.897687911987305,28.100000381469727
30.026765823364258,25.0
15.878561973571777,8.0
16.759397506713867,18.700000762939453
27.727067947387695,26.899999618530273
17.25569725036621,15.5
18.88841438293457,13.899999618530273
16.352930068969727,19.200000762939453
19.07491111755371,9.100000381469727
33.67658996582031,21.5
22.899797439575195,12.300000190734863
13.280379295349121,17.600000381469727
20.43861198425293,12.399999618530273
22.926847457885742,17.899999618530273
18.59721565246582,18.799999237060547
18.432897567749023,11.399999618530273
54.80960464477539,33.20000076293945
17.37837791442871,15.800000190734863
18.689973831176758,5.699999809265137
53.13787078857422,24.700000762939453
31.249114990234375,27.299999237060547
25.125532150268555,26.200000762939453
45.588233947753906,47.099998474121094
15.363821983337402,15.0
14.677924156188965,3.9000000953674316
25.009428024291992,21.100000381469727
35.68994903564453,22.700000762939453
29.532487869262695,20.100000381469727
22.237516403198242,17.5
22.60601234436035,19.100000381469727
30.709375381469727,18.700000762939453
26.9483585357666,18.299999237060547
30.717683792114258,26.299999237060547
31.39801788330078,30.200000762939453
29.30843162536621,27.0
26.61699867248535,11.0
37.349082946777344,33.400001525878906
19.892141342163086,10.399999618530273
23.787111282348633,13.899999618530273
17.92217445373535,26.0
12.39741039276123,7.0
21.249509811401367,31.700000762939453
33.230289459228516,26.0
16.35057258605957,9.699999809265137
22.877519607543945,32.400001525878906
17.967710494995117,11.5
28.182130813598633,76.5
11.789111137390137,10.800000190734863
22.845216751098633,25.200000762939453
20.0679988861084,35.5
27.1735782623291,33.79999923706055
22.59406852722168,19.700000762939453
26.437395095825195,10.899999618530273
32.47349166870117,22.5
13.004969596862793,9.100000381469727
21.474000930786133,15.300000190734863
24.751989364624023,20.899999618530273
23.17198371887207,19.5
28.277101516723633,17.5
19.87498664855957,15.100000381469727
34.43965148925781,24.5
25.491025924682617,11.0
28.844087600708008,20.899999618530273
21.97780418395996,19.200000762939453
21.75065040588379,10.199999809265137
13.039061546325684,10.5
14.695338249206543,19.799999237060547
16.985193252563477,15.199999809265137
17.320478439331055,18.100000381469727
19.0174617767334,18.100000381469727
23.598840713500977,22.299999237060547
26.136247634887695,29.100000381469727
17.238252639770508,17.700000762939453
27.14435386657715,16.399999618530273
13.312312126159668,6.5
18.028757095336914,25.5
39.60132598876953,61.29999923706055
30.577844619750977,30.600000381469727
26.336389541625977,18.299999237060547
28.530954360961914,29.600000381469727
17.191125869750977,13.899999618530273
21.3537654876709,14.399999618530273
32.516475677490234,29.200000762939453
29.28148078918457,41.20000076293945
15.252535820007324,13.800000190734863
17.94111442565918,19.700000762939453
30.852251052856445,29.0
22.317235946655273,13.300000190734863
20.69756507873535,21.200000762939453
13.146147727966309,12.800000190734863
18.879518508911133,19.100000381469727
40.125370025634766,43.0
23.990827560424805,19.600000381469727
91.15916442871094,107.30000305175781
20.085477828979492,12.899999618530273
42.867027282714844,45.599998474121094
33.85334014892578,27.700000762939453
24.826658248901367,23.600000381469727
46.40142059326172,43.599998474121094
22.137006759643555,17.299999237060547
7.8217267990112305,6.400000095367432
16.25555992126465,12.5
19.533952713012695,16.299999237060547
79.88177490234375,76.5
31.19639015197754,32.0
15.703131675720215,14.300000190734863
22.344175338745117,18.299999237060547
26.275419235229492,18.299999237060547
11.106493949890137,2.299999952316284
13.507121086120605,12.199999809265137
17.10378074645996,10.0
9.254530906677246,2.200000047683716
15.87707805633545,20.600000381469727
18.08772850036621,7.0
20.220102310180664,15.800000190734863
28.39409828186035,58.900001525878906
17.4681453704834,19.100000381469727
37.1120491027832,44.099998474121094
32.01592254638672,32.29999923706055
48.10292053222656,49.400001525878906
27.606779098510742,25.5
82.53091430664062,80.9000015258789
18.315420150756836,31.700000762939453
26.600873947143555,40.900001525878906
29.97905921936035,20.100000381469727
23.40424919128418,35.400001525878906
20.54266929626465,24.399999618530273
38.163455963134766,35.5
29.687658309936523,50.400001525878906
91.45182800292969,89.5999984741211
11.62939739227295,15.100000381469727
28.080129623413086,24.100000381469727
12.912039756774902,13.800000190734863
21.20139503479004,27.200000762939453
48.944313049316406,47.70000076293945
23.616613388061523,35.79999923706055
17.84222984313965,19.799999237060547
10.149371147155762,12.399999618530273
11.972212791442871,14.800000190734863
22.504697799682617,23.399999618530273
18.693113327026367,15.199999809265137
31.59264373779297,27.600000381469727
14.272177696228027,7.699999809265137
14.082785606384277,10.100000381469727
19.2092342376709,16.600000381469727
23.732202529907227,13.199999809265137
24.238821029663086,27.5
16.274194717407227,25.100000381469727
25.181848526000977,26.399999618530273
27.41758918762207,37.900001525878906
47.67107391357422,40.20000076293945
28.50632667541504,33.20000076293945
29.31743049621582,20.0
44.52836608886719,61.70000076293945
40.55672836303711,23.0
32.31935501098633,16.899999618530273
13.79880428314209,11.600000381469727
24.84699821472168,38.5
28.762964248657227,25.100000381469727
33.70517349243164,26.899999618530273
20.459321975708008,20.200000762939453
33.37194061279297,40.099998474121094
18.87482261657715,27.5
27.38640022277832,29.100000381469727
22.781221389770508,20.600000381469727
16.658605575561523,17.100000381469727
45.88408660888672,35.400001525878906
24.769651412963867,29.100000381469727
18.840791702270508,15.0
25.53493309020996,38.70000076293945
38.07155990600586,37.20000076293945
18.145776748657227,19.799999237060547
29.843420028686523,57.099998474121094
30.385332107543945,23.600000381469727
20.150014877319336,18.899999618530273
67.91203308105469,46.29999923706055
19.32436180114746,36.29999923706055
19.035062789916992,17.799999237060547
14.677691459655762,12.0
16.82066535949707,15.899999618530273
23.80567741394043,23.399999618530273
46.15342712402344,38.599998474121094
41.464500427246094,50.70000076293945
43.296443939208984,26.5
21.634477615356445,22.100000381469727
38.631160736083984,56.599998474121094
21.890336990356445,25.600000381469727
14.414519309997559,17.299999237060547
21.046518325805664,14.800000190734863
36.835025787353516,46.599998474121094
29.30611228942871,39.20000076293945
17.67155647277832,49.5
33.316932678222656,24.100000381469727
20.20111656188965,9.600000381469727
60.331912994384766,33.70000076293945
30.95368766784668,44.29999923706055
18.617292404174805,14.399999618530273
21.73701286315918,24.5
29.173933029174805,22.299999237060547
57.332725524902344,69.5999984741211
13.761431694030762,7.199999809265137
26.3584041595459,26.100000381469727
18.790346145629883,18.0
16.551542282104492,18.5
40.50533676147461,40.5
20.36162757873535,12.0
17.881555557250977,11.300000190734863
15.88904857635498,7.0
14.572272300720215,10.699999809265137
15.992411613464355,12.5
15.849982261657715,10.800000190734863
14.988387107849121,11.600000381469727
15.39035701751709,8.199999809265137
36.520206451416016,25.5
17.13878059387207,14.399999618530273
19.572885513305664,14.5
22.82573890686035,29.799999237060547
59.85024642944336,70.5
29.167959213256836,18.100000381469727
19.168954849243164,8.100000381469727
19.230634689331055,28.5
13.845171928405762,8.600000381469727
27.32984733581543,27.799999237060547
35.1385383605957,31.700000762939453
14.219908714294434,11.800000190734863
17.285215377807617,17.899999618530273
22.375944137573242,24.100000381469727
19.794260025024414,15.399999618530273
13.149474143981934,20.899999618530273
24.40752601623535,24.899999618530273
15.410487174987793,13.0
16.323522567749023,14.199999809265137
14.056796073913574,17.0
15.843066215515137,14.899999618530273
21.17313575744629,19.5
15.652495384216309,16.899999618530273
22.83616828918457,33.099998474121094
39.55524444580078,38.5
25.22243309020996,22.299999237060547
23.631128311157227,18.600000381469727
48.837955474853516,48.099998474121094
20.683313369750977,20.5
30.5815486907959,38.20000076293945
24.770780563354492,17.299999237060547
26.594736099243164,38.79999923706055
62.186073303222656,67.5999984741211
20.473066329956055,16.399999618530273
13.433547019958496,20.100000381469727
39.300289154052734,65.4000015258789
33.71321105957031,20.0
31.956907272338867,33.70000076293945
19.61370277404785,19.399999618530273
27.363924026489258,30.0
22.091344833374023,24.5
15.496821403503418,16.399999618530273
14.53534984588623,19.100000381469727
19.690980911254883,30.100000381469727
16.483972549438477,20.100000381469727
27.3317813873291,22.600000381469727
47.21012878417969,39.0
24.080286026000977,21.899999618530273
21.493249893188477,25.0
15.348528861999512,17.899999618530273
13.074206352233887,12.0
26.35572624206543,30.399999618530273
24.030969619750977,17.799999237060547
34.67145919799805,29.100000381469727
12.431384086608887,11.5
10.220290184020996,11.100000381469727
49.631103515625,33.29999923706055
26.387136459350586,27.399999618530273
20.355424880981445,13.399999618530273
26.322633743286133,25.0
22.04340171813965,20.399999618530273
14.111907005310059,10.199999809265137
27.811479568481445,19.799999237060547
25.920499801635742,31.600000381469727
33.124855041503906,25.799999237060547
32.49077224731445,24.0
17.74785041809082,18.100000381469727
51.2966194152832,31.299999237060547
35.81003189086914,44.400001525878906
15.740588188171387,13.0
31.40679168701172,40.29999923706055
15.907588005065918,17.700000762939453
28.496015548706055,42.599998474121094
12.845038414001465,16.799999237060547
34.54291915893555,35.099998474121094
25.528295516967773,18.399999618530273
18.78605079650879,25.200000762939453
26.810197830200195,37.5
18.447446823120117,21.799999237060547
12.258708000183105,11.600000381469727
55.317623138427734,38.400001525878906
19.425291061401367,14.199999809265137
22.847204208374023,10.300000190734863
28.381025314331055,33.099998474121094
74.76799774169922,49.20000076293945
104.8389892578125,60.599998474121094
68.3744888305664,67.5
24.891252517700195,31.799999237060547
12.52481746673584,12.300000190734863
46.59368133544922,47.5
16.083871841430664,13.100000381469727
39.232276916503906,16.799999237060547
114.80677795410156,83.0
13.921034812927246,11.600000381469727
111.46534729003906,85.9000015258789
27.07041358947754,24.399999618530273
43.45258712768555,62.0
85.76876831054688,98.69999694824219
32.866912841796875,37.599998474121094
58.76060485839844,27.600000381469727
28.96082878112793,19.799999237060547
21.410444259643555,14.600000381469727
35.91069030761719,39.29999923706055
35.08531951904297,32.5
16.702932357788086,13.100000381469727
18.935319900512695,20.100000381469727
43.78592300415039,54.099998474121094
46.36701965332031,47.5
81.9982681274414,121.5999984741211
20.5644588470459,30.799999237060547
62.181610107421875,68.4000015258789
86.32681274414062,72.0999984741211
23.640199661254883,17.399999618530273
46.70280838012695,51.70000076293945
64.51654052734375,38.099998474121094
38.499813079833984,30.600000381469727
39.806396484375,30.399999618530273
41.102481842041016,55.099998474121094
18.522851943969727,26.799999237060547
24.478479385375977,28.899999618530273
13.65354061126709,13.600000381469727
13.809584617614746,27.5
27.157812118530273,29.100000381469727
23.605485916137695,36.20000076293945
43.408363342285156,52.70000076293945
53.44086456298828,57.400001525878906
47.61896514892578,44.099998474121094
20.414525985717773,31.799999237060547
13.002856254577637,18.700000762939453
38.396602630615234,52.099998474121094
97.95453643798828,55.0
17.63248634338379,19.799999237060547
73.84068298339844,52.099998474121094
21.21995735168457,19.200000762939453
33.570735931396484,41.20000076293945
61.405433654785156,70.0999984741211
27.86693000793457,32.599998474121094
17.1489200592041,20.5
79.62187957763672,52.0
11.813067436218262,12.899999618530273
61.469818115234375,40.20000076293945
57.05865478515625,49.20000076293945
42.1287727355957,55.599998474121094
22.19525718688965,20.100000381469727
20.592355728149414,20.299999237060547
30.0426082611084,23.100000381469727
12.338774681091309,14.5
30.66172218322754,33.599998474121094
15.116950035095215,13.800000190734863
19.913415908813477,24.700000762939453
22.921438217163086,18.0
14.144614219665527,12.300000190734863
34.608036041259766,34.599998474121094
26.913259506225586,33.099998474121094
18.309057235717773,21.899999618530273
15.593489646911621,15.5
14.765769004821777,19.0
38.38469696044922,39.099998474121094
41.626731872558594,41.400001525878906
12.484545707702637,12.600000381469727
18.671098709106445,13.0
23.92308235168457,18.200000762939453
23.33255958557129,27.100000381469727
37.000099182128906,35.70000076293945
13.9079008102417,11.199999809265137
24.495168685913086,25.5
45.3498420715332,46.70000076293945
20.77042579650879,21.0
34.69087600708008,29.299999237060547
23.617063522338867,18.899999618530273
19.93440055847168,26.299999237060547
55.873756408691406,67.9000015258789
12.350958824157715,15.699999809265137
13.338576316833496,15.0
44.052589416503906,38.20000076293945
23.641977310180664,34.099998474121094
13.948653221130371,15.800000190734863
15.223727226257324,16.399999618530273
25.107797622680664,22.799999237060547
16.326749801635742,12.300000190734863
13.763175010681152,16.899999618530273
28.687578201293945,42.099998474121094
16.3026180267334,18.299999237060547
13.487921714782715,14.399999618530273
29.318029403686523,31.5
14.603217124938965,18.200000762939453
13.778975486755371,11.5
20.867502212524414,7.5
38.76274490356445,30.899999618530273
13.272223472595215,10.5
16.52773094177246,15.600000381469727
18.878232955932617,21.299999237060547
20.30594825744629,28.399999618530273
34.87651443481445,33.5
13.179457664489746,20.0
14.76545238494873,14.300000190734863
15.823187828063965,17.100000381469727
11.828104972839355,23.200000762939453
14.607768058776855,16.100000381469727
14.73901653289795,12.199999809265137
13.661314964294434,13.699999809265137
13.928744316101074,15.699999809265137
19.47833824157715,26.799999237060547
16.9266300201416,15.699999809265137
24.165620803833008,20.100000381469727
13.962458610534668,13.0
14.116427421569824,13.0
16.8278865814209,10.800000190734863
21.938066482543945,22.799999237060547
14.841368675231934,12.300000190734863
12.945387840270996,14.0
17.73305320739746,19.700000762939453
15.5618314743042,15.100000381469727
12.344393730163574,14.100000381469727
15.087374687194824,15.399999618530273
11.228915214538574,10.899999618530273
17.078767776489258,17.600000381469727
13.72577953338623,13.199999809265137
12.772047996520996,13.0
20.429014205932617,21.700000762939453
11.571612358093262,11.0
16.453699111938477,19.899999618530273
18.711442947387695,24.399999618530273
29.285810470581055,36.599998474121094
35.39089584350586,39.0
30.193532943725586,20.5
24.419607162475586,22.5
14.251574516296387,15.199999809265137
32.79615783691406,33.79999923706055
13.652785301208496,13.600000381469727
18.194990158081055,21.600000381469727
20.07122230529785,22.0
19.359289169311523,20.799999237060547
14.810946464538574,14.0
12.568903923034668,12.100000381469727
18.60396385192871,23.399999618530273
21.05580711364746,26.299999237060547
15.070963859558105,12.5
14.977126121520996,10.300000190734863
13.717833518981934,12.399999618530273
26.46004295349121,25.0
33.10999298095703,30.0
22.19205665588379,27.399999618530273
21.94724464416504,20.600000381469727
25.54090690612793,23.399999618530273
21.7805118560791,19.5
28.305700302124023,20.700000762939453
13.696307182312012,12.600000381469727
13.937609672546387,18.5
15.491446495056152,18.700000762939453
16.476274490356445,23.899999618530273
38.20648956298828,41.900001525878906
47.966793060302734,44.79999923706055
15.202311515808105,14.300000190734863
31.041332244873047,40.099998474121094
18.477312088012695,15.800000190734863
13.983267784118652,23.399999618530273
11.897955894470215,25.100000381469727
12.886004447937012,11.199999809265137
13.60346508026123,16.600000381469727
17.987009048461914,8.399999618530273
21.211084365844727,15.0
22.515722274780273,14.899999618530273
18.783998489379883,17.299999237060547
13.773005485534668,9.699999809265137
15.101214408874512,29.899999618530273
31.225990295410156,12.0
13.790698051452637,0.0
21.956872940063477,19.200000762939453
26.761308670043945,33.099998474121094
12.208456993103027,8.5
13.453936576843262,10.300000190734863
34.761756896972656,9.100000381469727
16.12541389465332,15.399999618530273
12.226313591003418,12.5
12.347960472106934,17.200000762939453
20.700105667114258,23.100000381469727
20.73124885559082,9.300000190734863
22.35823631286621,13.199999809265137
23.87791633605957,15.100000381469727
22.208890914916992,16.700000762939453
20.040739059448242,16.299999237060547
15.41141414642334,16.100000381469727
28.49229621887207,17.399999618530273
17.774988174438477,16.399999618530273
21.092164993286133,17.299999237060547
31.397323608398438,25.200000762939453
14.162135124206543,41.29999923706055
15.880202293395996,14.699999809265137
25.40778160095215,52.900001525878906
20.93033790588379,29.399999618530273
15.364367485046387,20.899999618530273
19.08198356628418,20.200000762939453
61.90727996826172,47.400001525878906
27.954267501831055,31.100000381469727
13.487227439880371,7.900000095367432
46.11648941040039,58.79999923706055
34.542049407958984,34.5
23.16522789001465,19.399999618530273
19.61057472229004,21.600000381469727
17.14518165588379,17.200000762939453
10.814604759216309,12.600000381469727
13.690524101257324,34.0
26.825578689575195,29.299999237060547
13.597140312194824,14.300000190734863
16.690885543823242,15.699999809265137
36.65479278564453,27.0
22.600793838500977,24.399999618530273
54.17644119262695,51.099998474121094
57.90950393676758,51.29999923706055
23.759443283081055,20.0
32.459476470947266,24.700000762939453
40.3115119934082,32.900001525878906
16.047086715698242,12.5
27.03973960876465,29.5
18.543115615844727,9.300000190734863
27.5553035736084,22.100000381469727
44.49267578125,39.900001525878906
20.16352653503418,22.700000762939453
14.079951286315918,21.700000762939453
31.624135971069336,19.600000381469727
24.7407169342041,26.299999237060547
16.202489852905273,17.299999237060547
37.567649841308594,30.799999237060547
36.53373336791992,32.599998474121094
23.191865921020508,34.599998474121094
19.3315486907959,27.200000762939453
23.17762565612793,25.700000762939453
24.244287490844727,20.200000762939453
30.282079696655273,33.400001525878906
33.607295989990234,35.79999923706055
45.457801818847656,47.79999923706055
36.55760955810547,61.29999923706055
32.26116180419922,44.0
26.662317276000977,17.600000381469727
24.506040573120117,24.600000381469727
26.11431312561035,45.099998474121094
18.327451705932617,22.799999237060547
29.547391891479492,26.100000381469727
19.7479190826416,15.899999618530273
30.725160598754883,29.200000762939453
41.71977233886719,29.0
26.147523880004883,15.699999809265137
26.984899520874023,24.399999618530273
33.720489501953125,24.899999618530273
24.492586135864258,22.799999237060547
15.55884838104248,35.20000076293945
36.85101318359375,40.900001525878906
33.651947021484375,27.299999237060547
32.05222702026367,28.0
26.79412269592285,27.700000762939453
42.23375701904297,35.20000076293945
21.809091567993164,19.700000762939453
39.52592086791992,28.100000381469727
29.587297439575195,34.70000076293945
32.484134674072266,36.29999923706055
57.815731048583984,42.900001525878906
15.55338191986084,23.399999618530273
16.37388801574707,16.799999237060547
40.49925231933594,32.29999923706055
29.764860153198242,32.5
30.583890914916992,30.200000762939453
36.574005126953125,38.79999923706055
44.304588317871094,40.79999923706055
34.320003509521484,28.600000381469727
27.137300491333008,29.200000762939453
31.365633010864258,29.100000381469727
13.89123821258545,5.0
26.94920539855957,21.899999618530273
32.66756057739258,37.79999923706055
13.895709037780762,9.899999618530273
19.008169174194336,14.0
10.491595268249512,11.399999618530273
36.123233795166016,16.5
30.757516860961914,11.800000190734863
24.937231063842773,27.299999237060547
57.65389633178711,55.0
12.68167781829834,13.399999618530273
13.29395580291748,10.199999809265137
17.612947463989258,17.399999618530273
17.224958419799805,13.100000381469727
14.893767356872559,18.5
20.591604232788086,17.600000381469727
17.610158920288086,14.100000381469727
67.04956817626953,59.400001525878906
27.941652297973633,22.100000381469727
33.06911849975586,42.400001525878906
56.926292419433594,55.79999923706055
44.75035858154297,30.799999237060547
41.76877975463867,37.5
53.444496154785156,40.099998474121094
34.17892837524414,28.100000381469727
45.2478141784668,46.70000076293945
56.65251159667969,56.400001525878906
55.6103401184082,60.0
37.81684494018555,40.099998474121094
18.469045639038086,15.800000190734863
40.86238479614258,39.20000076293945
25.27113151550293,22.100000381469727
35.19934844970703,30.799999237060547
17.035436630249023,13.199999809265137
39.65437698364258,39.900001525878906
52.95600509643555,48.29999923706055
29.34239387512207,36.599998474121094
42.96147918701172,33.5
11.165373802185059,12.100000381469727
12.635104179382324,16.700000762939453
20.88731575012207,34.400001525878906
15.998835563659668,17.5
8.844820976257324,10.100000381469727
12.522604942321777,11.800000190734863
26.36958122253418,18.899999618530273
16.884504318237305,12.5
30.16539192199707,17.799999237060547
27.54725456237793,22.700000762939453
29.861085891723633,36.900001525878906
11.909655570983887,10.199999809265137
34.365169525146484,35.400001525878906
42.521949768066406,51.900001525878906
17.9858341217041,21.799999237060547
15.93903636932373,13.699999809265137
25.867956161499023,29.0
37.86552047729492,56.0
35.111419677734375,23.899999618530273
22.953752517700195,25.200000762939453
37.16964340209961,32.29999923706055
39.347373962402344,32.0
21.203317642211914,25.5
24.340078353881836,31.0
48.371986389160156,25.399999618530273
13.867182731628418,14.800000190734863
13.17859935760498,14.199999809265137
20.558671951293945,7.5
33.84684371948242,32.0
14.192599296569824,10.699999809265137
16.06130027770996,16.899999618530273
19.343820571899414,21.5
18.37248420715332,19.700000762939453
31.181629180908203,45.5
17.111658096313477,9.600000381469727
17.644926071166992,22.100000381469727
13.541930198669434,17.899999618530273
18.105825424194336,23.200000762939453
14.4483060836792,14.600000381469727
13.186312675476074,14.899999618530273
26.320825576782227,22.200000762939453
20.623281478881836,15.600000381469727
17.035497665405273,19.799999237060547
24.81319236755371,25.299999237060547
21.819429397583008,23.200000762939453
28.617090225219727,26.700000762939453
14.493292808532715,12.800000190734863
23.02259635925293,24.899999618530273
27.409059524536133,28.700000762939453
29.814001083374023,30.799999237060547
24.93410301208496,29.899999618530273
42.37284469604492,55.599998474121094
15.200751304626465,16.5
17.818147659301758,20.600000381469727
27.785741806030273,21.200000762939453
27.03931999206543,34.79999923706055
20.100751876831055,21.899999618530273
19.149717330932617,30.899999618530273
15.304892539978027,10.600000381469727
35.56474685668945,42.400001525878906
21.544343948364258,20.399999618530273
17.33208656311035,15.100000381469727
40.68632507324219,92.0999984741211
34.21295166015625,27.299999237060547
13.220999717712402,14.199999809265137
29.409666061401367,24.899999618530273
13.234835624694824,10.399999618530273
22.406404495239258,14.699999809265137
14.193659782409668,14.300000190734863
15.916289329528809,17.0
23.42572593688965,29.0
18.21442222595215,29.899999618530273
15.098631858825684,17.799999237060547
19.245450973510742,21.100000381469727
34.688838958740234,46.20000076293945
28.0203800201416,28.299999237060547
28.128236770629883,43.20000076293945
22.76835060119629,32.900001525878906
21.676977157592773,45.29999923706055
12.023756980895996,17.100000381469727
17.378374099731445,17.100000381469727
15.311507225036621,19.799999237060547
27.554479598999023,20.399999618530273
23.367277145385742,13.0
28.888273239135742,39.20000076293945
31.787809371948242,37.20000076293945
14.867911338806152,9.600000381469727
35.112457275390625,17.200000762939453
17.596738815307617,16.899999618530273
49.310890197753906,44.599998474121094
10.315180778503418,7.5
17.536745071411133,18.799999237060547
12.13910961151123,12.0
14.70200252532959,15.199999809265137
26.340696334838867,38.0
14.05856990814209,17.700000762939453
10.646506309509277,11.0
10.157793998718262,10.800000190734863
10.278285026550293,16.5
10.335551261901855,8.300000190734863
16.55015754699707,18.299999237060547
18.210939407348633,38.599998474121094
11.731451988220215,9.399999618530273
11.089171409606934,13.100000381469727
12.871012687683105,11.5
17.352338790893555,19.100000381469727
13.352438926696777,13.300000190734863
13.446757316589355,10.800000190734863
19.466569900512695,18.200000762939453
20.098432540893555,20.600000381469727
24.363298416137695,21.600000381469727
14.635954856872559,13.699999809265137
49.62977600097656,28.600000381469727
37.824668884277344,26.399999618530273
13.888052940368652,12.300000190734863
27.55863380432129,29.399999618530273
20.92464256286621,4.900000095367432
12.67136287689209,11.199999809265137
13.733908653259277,9.300000190734863
21.446290969848633,24.799999237060547
8.1345853805542,13.600000381469727
7.510260581970215,11.0
6.536700248718262,7.199999809265137
11.464022636413574,5.599999904632568
14.369967460632324,14.699999809265137
27.555715560913086,22.0
20.305089950561523,32.79999923706055
35.09836959838867,32.0
14.674094200134277,6.5
12.563796043395996,9.5
19.96034049987793,15.899999618530273
13.25605297088623,13.699999809265137
10.02670955657959,5.900000095367432
14.245146751403809,13.199999809265137
14.139281272888184,11.100000381469727
7.0973005294799805,10.600000381469727
11.166007041931152,12.399999618530273
21.500890731811523,30.100000381469727
12.135313987731934,15.800000190734863
34.354583740234375,23.200000762939453
6.301959037780762,10.0
19.941255569458008,35.5
45.999149322509766,46.5
35.64322280883789,32.5
14.49552059173584,15.699999809265137
10.596098899841309,14.300000190734863
46.38150405883789,38.599998474121094
20.07503318786621,22.0
8.5418119430542,13.899999618530273
12.33375072479248,13.699999809265137
17.406694412231445,16.600000381469727
13.197413444519043,9.600000381469727
11.938841819763184,20.0
12.216174125671387,13.399999618530273
25.665807723999023,21.5
12.297232627868652,14.199999809265137
21.01719093322754,20.5
18.64274024963379,19.700000762939453
30.53400993347168,39.400001525878906
27.622255325317383,27.299999237060547
22.9106502532959,23.5
14.841910362243652,12.300000190734863
17.116418838500977,10.399999618530273
21.091245651245117,27.0
14.102156639099121,12.5
17.510194778442383,9.5
22.30771827697754,13.699999809265137
9.252936363220215,7.400000095367432
21.80497932434082,8.0
14.61371898651123,12.300000190734863
15.740229606628418,10.5
31.566598892211914,24.700000762939453
45.81847381591797,33.70000076293945
18.686220169067383,9.399999618530273
16.2792911529541,9.899999618530273
38.65299987792969,29.200000762939453
23.078001022338867,18.0
40.789730072021484,38.20000076293945
15.56293773651123,8.5
27.17613410949707,26.399999618530273
38.49049377441406,34.0
43.12208938598633,15.399999618530273
26.880037307739258,13.300000190734863
16.558504104614258,16.5
17.30665397644043,10.800000190734863
44.069984436035156,15.800000190734863
16.210783004760742,8.800000190734863
73.6958236694336,21.5
30.10142707824707,27.899999618530273
38.19278335571289,37.900001525878906
37.3634147644043,35.79999923706055
16.334054946899414,35.400001525878906
15.62177562713623,24.200000762939453
15.559332847595215,14.600000381469727
21.69367790222168,15.699999809265137
29.97465705871582,36.400001525878906
19.401247024536133,12.699999809265137
11.416369438171387,15.699999809265137
15.174193382263184,16.299999237060547
13.55026912689209,11.0
12.938162803649902,24.299999237060547
26.375638961791992,20.799999237060547
39.216651916503906,28.700000762939453
15.750418663024902,16.899999618530273
13.004599571228027,10.199999809265137
16.871965408325195,15.300000190734863
19.032522201538086,15.0
18.394987106323242,25.5
16.351545333862305,11.199999809265137
11.100211143493652,13.0
10.936820030212402,8.600000381469727
18.64996910095215,3.700000047683716
10.373759269714355,5.0
16.556528091430664,11.100000381469727
17.51862907409668,22.600000381469727
13.156859397888184,14.800000190734863
19.899106979370117,6.300000190734863
21.00248908996582,16.700000762939453
17.4472599029541,10.399999618530273
20.102914810180664,10.199999809265137
19.705026626586914,5.699999809265137
46.41670227050781,24.299999237060547
42.72431945800781,37.099998474121094
29.045808792114258,13.800000190734863
23.484220504760742,19.5
36.6237678527832,23.299999237060547
34.55353546142578,10.800000190734863
17.79054832458496,7.800000190734863
19.819185256958008,13.800000190734863
16.932809829711914,13.899999618530273
19.05961799621582,20.700000762939453
37.39385223388672,29.399999618530273
14.049845695495605,12.800000190734863
12.656210899353027,13.5
8.193202018737793,5.199999809265137
22.960126876831055,13.199999809265137
35.90984344482422,28.600000381469727
15.602694511413574,18.5
22.1857852935791,18.0
24.598115921020508,29.299999237060547
19.74129295349121,23.600000381469727
18.537965774536133,25.899999618530273
13.740374565124512,8.699999809265137
13.255118370056152,13.5
28.407594680786133,20.5
20.186975479125977,18.299999237060547
25.477373123168945,24.600000381469727
17.85050392150879,16.200000762939453
15.142210960388184,19.0
22.269399642944336,12.199999809265137
16.25603675842285,13.100000381469727
9.584395408630371,13.699999809265137
14.754096031188965,12.100000381469727
11.06238079071045,9.800000190734863
16.0543270111084,15.100000381469727
31.014095306396484,24.299999237060547
25.707014083862305,18.399999618530273
15.853934288024902,8.5
17.975797653198242,31.299999237060547
48.947410583496094,73.69999694824219
27.315866470336914,25.200000762939453
23.81684684753418,20.200000762939453
36.97644805908203,31.899999618530273
19.719778060913086,19.399999618530273
14.603930473327637,16.899999618530273
32.1594123840332,37.29999923706055
19.649816513061523,22.700000762939453
10.926241874694824,13.800000190734863
16.229135513305664,12.899999618530273
14.643462181091309,12.100000381469727
19.09421730041504,22.600000381469727
15.118395805358887,11.5
14.265379905700684,14.300000190734863
24.49040412902832,36.400001525878906
16.466520309448242,15.600000381469727
13.446722984313965,10.699999809265137
24.661840438842773,23.299999237060547
25.751230239868164,14.600000381469727
19.880441665649414,17.299999237060547
11.738726615905762,12.899999618530273
15.889941215515137,17.0
28.099607467651367,17.600000381469727
17.483755111694336,14.600000381469727
11.774275779724121,9.0
11.820769309997559,15.100000381469727
25.221555709838867,27.899999618530273
16.07349967956543,24.200000762939453
26.554677963256836,28.299999237060547
23.541547775268555,26.700000762939453
42.33833694458008,45.70000076293945
29.9566593170166,32.20000076293945
24.39735984802246,26.600000381469727
23.264604568481445,20.799999237060547
15.234740257263184,16.299999237060547
13.968367576599121,8.199999809265137
51.51593017578125,40.79999923706055
35.24192810058594,27.600000381469727
12.163424491882324,13.699999809265137
21.850542068481445,14.199999809265137
10.684222221374512,9.600000381469727
13.17749309539795,16.799999237060547
13.265830039978027,12.5
17.39295768737793,8.0
18.187040328979492,15.800000190734863
9.182036399841309,5.599999904632568
9.667525291442871,9.800000190734863
11.56379222869873,13.899999618530273
11.924044609069824,19.899999618530273
10.169428825378418,8.399999618530273
18.000391006469727,18.200000762939453
23.33475685119629,9.100000381469727
10.243494987487793,8.300000190734863
10.488532066345215,8.100000381469727
28.297956466674805,50.400001525878906
31.00473976135254,30.200000762939453
15.045619010925293,14.800000190734863
34.200321197509766,39.5
18.276090621948242,18.899999618530273
15.252467155456543,17.399999618530273
13.815783500671387,13.5
48.336029052734375,45.099998474121094
35.507415771484375,31.100000381469727
19.765111923217773,12.899999618530273
26.52839469909668,22.700000762939453
34.047935485839844,31.399999618530273
15.285616874694824,15.0
29.668676376342773,22.600000381469727
23.453001022338867,21.5
40.28831481933594,28.200000762939453
12.312285423278809,12.5
19.256425857543945,12.899999618530273
20.776586532592773,16.299999237060547
29.66716957092285,22.5
44.24856185913086,37.400001525878906
42.79021453857422,34.70000076293945
22.769739151000977,12.600000381469727
15.115347862243652,15.399999618530273
14.753600120544434,11.399999618530273
14.09265422821045,10.399999618530273
16.209165573120117,16.799999237060547
16.23216438293457,14.899999618530273
16.006010055541992,17.0
14.825907707214355,11.800000190734863
25.077199935913086,58.400001525878906
28.29157829284668,27.200000762939453
15.034819602966309,16.799999237060547
14.025015830993652,15.0
27.131013870239258,25.0
15.379935264587402,16.899999618530273
21.92217445373535,11.399999618530273
22.60700035095215,20.100000381469727
19.036375045776367,18.299999237060547
13.248793601989746,14.5
15.591944694519043,9.600000381469727
10.636458396911621,13.399999618530273
18.567502975463867,16.899999618530273
18.2436580657959,13.699999809265137
30.230180740356445,9.800000190734863
14.177855491638184,16.899999618530273
11.900599479675293,12.600000381469727
13.866633415222168,23.799999237060547
18.22096824645996,14.5
13.613924980163574,18.5
20.66411781311035,18.5
20.131380081176758,11.100000381469727
21.69611930847168,22.0
12.47803020477295,11.600000381469727
23.95463752746582,18.200000762939453
22.03929328918457,16.399999618530273
20.889982223510742,26.0
13.023329734802246,10.699999809265137
21.507856369018555,18.700000762939453
20.100610733032227,13.300000190734863
20.35560417175293,15.600000381469727
11.57612133026123,14.5
15.079390525817871,7.699999809265137
41.945579528808594,24.899999618530273
9.951979637145996,10.399999618530273
12.038008689880371,12.399999618530273
10.776957511901855,12.0
18.33583641052246,19.0
15.268599510192871,16.100000381469727
14.246977806091309,13.399999618530273
17.476964950561523,17.299999237060547
18.59007453918457,14.199999809265137
19.064237594604492,18.299999237060547
20.3887882232666,18.0
15.437468528747559,8.100000381469727
16.57610511779785,17.399999618530273
24.443296432495117,19.0
12.495451927185059,9.100000381469727
22.527925491333008,22.200000762939453
16.052804946899414,22.399999618530273
43.524959564208984,19.700000762939453
18.566606521606445,19.5
24.66749382019043,17.799999237060547
62.46319580078125,39.900001525878906
70.45298767089844,84.0
20.42366600036621,19.200000762939453
18.32859230041504,19.299999237060547
18.370798110961914,19.5
14.492857933044434,54.70000076293945
30.84458351135254,23.0
66.55575561523438,110.5
41.53407287597656,45.599998474121094
22.70940589904785,17.799999237060547
21.216520309448242,24.799999237060547
30.28438377380371,28.399999618530273
17.867727279663086,20.899999618530273
36.88079833984375,50.5
22.80068016052246,28.100000381469727
26.121091842651367,24.200000762939453
20.035619735717773,15.600000381469727
45.68693542480469,35.400001525878906
16.84501075744629,16.700000762939453
23.508840560913086,20.399999618530273
31.01878547668457,31.899999618530273
65.72452545166016,112.69999694824219
19.226228713989258,21.5
17.350614547729492,22.600000381469727
68.9845199584961,54.599998474121094
25.924123764038086,14.100000381469727
15.848479270935059,19.700000762939453
16.6971378326416,12.0
12.947386741638184,11.300000190734863
30.186357498168945,20.899999618530273
21.52203941345215,24.100000381469727
34.0033073425293,35.0
18.0111026763916,10.899999618530273
14.186259269714355,14.0
18.3106746673584,16.0
16.864152908325195,18.0
28.660634994506836,18.799999237060547
23.81257438659668,18.899999618530273
30.108152389526367,22.5
14.21552562713623,18.600000381469727
18.96217155456543,16.399999618530273
20.0014705657959,17.600000381469727
21.574575424194336,21.799999237060547
20.690340042114258,18.0
20.949796676635742,15.600000381469727
25.307851791381836,28.5
28.196714401245117,20.200000762939453
28.446001052856445,16.399999618530273
22.775793075561523,25.299999237060547
25.145170211791992,27.600000381469727
27.85479164123535,32.29999923706055
15.6886625289917,13.199999809265137
15.701308250427246,13.600000381469727
31.00762939453125,12.199999809265137
16.972200393676758,14.800000190734863
15.434863090515137,8.699999809265137
19.896257400512695,23.100000381469727
18.536298751831055,18.700000762939453
18.401277542114258,23.399999618530273
34.816734313964844,33.70000076293945
31.42463493347168,11.399999618530273
16.675817489624023,13.199999809265137
17.542978286743164,20.600000381469727
14.278914451599121,9.0
21.678407669067383,29.0
15.301928520202637,20.600000381469727
18.26030158996582,25.700000762939453
19.629972457885742,11.899999618530273
17.451818466186523,16.299999237060547
24.288480758666992,20.100000381469727
20.764699935913086,18.5
15.162428855895996,11.399999618530273
33.870906829833984,21.600000381469727
26.761125564575195,22.299999237060547
15.908076286315918,11.800000190734863
33.437255859375,9.199999809265137
19.2139835357666,18.200000762939453
15.541522026062012,22.799999237060547
30.213937759399414,20.0
22.183900833129883,19.700000762939453
14.35172176361084,16.5
12.410086631774902,16.399999618530273
12.292136192321777,13.399999618530273
14.650965690612793,15.699999809265137
13.620989799499512,16.399999618530273
17.500394821166992,17.799999237060547
12.59836483001709,13.300000190734863
12.734084129333496,13.199999809265137
14.162943840026855,11.800000190734863
10.926619529724121,11.800000190734863
9.976752281188965,9.800000190734863
26.92070960998535,19.700000762939453
14.627772331237793,12.199999809265137
14.419939994812012,19.299999237060547
26.73393440246582,34.900001525878906
16.919343948364258,27.600000381469727
27.767786026000977,38.900001525878906
11.923296928405762,14.100000381469727
14.576071739196777,16.100000381469727
10.500998497009277,10.300000190734863
15.330134391784668,16.399999618530273
11.51276683807373,15.399999618530273
18.264177322387695,29.700000762939453
37.9797248840332,28.5
13.622832298278809,14.899999618530273
14.597018241882324,19.299999237060547
10.225035667419434,12.5
13.101347923278809,15.399999618530273
33.04802703857422,16.100000381469727
10.529009819030762,12.699999809265137
11.933157920837402,15.100000381469727
9.824088096618652,10.300000190734863
11.45654582977295,44.400001525878906
12.81424617767334,17.799999237060547
8.157275199890137,12.0
23.453969955444336,22.399999618530273
27.878976821899414,28.5
16.128984451293945,17.700000762939453
17.02910804748535,16.299999237060547
11.12296199798584,11.399999618530273
12.074385643005371,12.899999618530273
12.954485893249512,12.600000381469727
17.878427505493164,20.799999237060547
10.332961082458496,12.600000381469727
10.229331016540527,12.100000381469727
10.29114818572998,9.0
10.831355094909668,8.699999809265137
13.829447746276855,11.899999618530273
11.889754295349121,11.399999618530273
12.153071403503418,12.5
13.499640464782715,15.0
12.034213066101074,8.800000190734863
10.765959739685059,11.600000381469727
12.11160945892334,8.5
6.57938289642334,20.200000762939453
9.212016105651855,8.899999618530273
9.574950218200684,9.300000190734863
14.892470359802246,15.100000381469727
10.284125328063965,12.199999809265137
15.3161039352417,12.5
14.273547172546387,9.300000190734863
12.241328239440918,15.199999809265137
21.158845901489258,15.0
32.38585662841797,30.5
10.947028160095215,16.200000762939453
12.936915397644043,13.5
13.467467308044434,12.899999618530273
11.960894584655762,9.899999618530273
10.353590965270996,11.0
13.389052391052246,14.800000190734863
10.830523490905762,12.800000190734863
10.814925193786621,11.0
11.708754539489746,10.300000190734863
18.346006393432617,19.0
11.618903160095215,7.400000095367432
10.852721214294434,11.5
16.16020393371582,16.299999237060547
12.624079704284668,11.399999618530273
18.91254997253418,16.0
15.868346214294434,20.399999618530273
35.34230041503906,21.100000381469727
13.839762687683105,12.600000381469727
14.180556297302246,12.0
13.899279594421387,15.399999618530273
10.271842002868652,7.5
10.502902030944824,11.100000381469727
10.61462688446045,7.599999904632568
7.501547813415527,3.299999952316284
7.1174116134643555,7.300000190734863
20.02442741394043,14.100000381469727
13.57258129119873,16.200000762939453
12.39880657196045,11.0
13.837565422058105,11.300000190734863
18.323740005493164,15.899999618530273
13.814406394958496,14.600000381469727
12.58719539642334,15.100000381469727
11.943629264831543,11.800000190734863
12.744616508483887,7.699999809265137
11.207770347595215,10.399999618530273
16.284929275512695,4.5
12.990706443786621,13.199999809265137
12.26602840423584,11.699999809265137
10.666239738464355,12.899999618530273
11.252264976501465,13.199999809265137
12.05911922454834,9.399999618530273
15.192545890808105,13.600000381469727
15.12348461151123,13.399999618530273
32.26017379760742,45.70000076293945
17.4608097076416,17.0
9.967604637145996,7.199999809265137
9.690123558044434,10.899999618530273
7.665453910827637,7.5
14.681078910827637,12.199999809265137
15.388678550720215,14.399999618530273
16.710725784301758,10.300000190734863
23.870820999145508,25.100000381469727
29.255399703979492,14.0
18.08414649963379,13.399999618530273
41.69864273071289,37.400001525878906
19.841035842895508,22.200000762939453
11.877448081970215,6.699999809265137
12.226908683776855,6.199999809265137
15.428545951843262,16.700000762939453
10.495512962341309,14.100000381469727
9.378840446472168,11.600000381469727
28.125375747680664,28.299999237060547
18.05360221862793,18.399999618530273
11.189314842224121,8.0
13.369353294372559,15.0
10.437823295593262,13.600000381469727
13.626872062683105,18.0
18.020830154418945,13.5
14.494853019714355,13.0
14.053217887878418,11.300000190734863
11.82087230682373,4.5
16.908876419067383,6.099999904632568
11.329901695251465,7.0
20.51629066467285,17.100000381469727
12.178984642028809,12.300000190734863
19.88627815246582,19.100000381469727
23.0022029876709,16.799999237060547
12.483500480651855,17.0
13.484339714050293,17.299999237060547
12.915572166442871,26.100000381469727
15.433306694030762,20.5
22.48795509338379,40.29999923706055
20.7502384185791,27.299999237060547
9.997145652770996,11.399999618530273
12.044516563415527,12.100000381469727
13.464510917663574,13.300000190734863
15.589449882507324,11.399999618530273
15.074034690856934,18.100000381469727
12.489375114440918,11.100000381469727
12.059908866882324,11.100000381469727
13.304945945739746,22.5
12.742377281188965,9.699999809265137
17.23262596130371,18.0
17.098588943481445,18.799999237060547
6.980277061462402,11.699999809265137
10.40390682220459,13.399999618530273
15.720747947692871,23.0
15.824019432067871,17.799999237060547
14.333151817321777,22.700000762939453
12.589797019958496,13.399999618530273
12.400008201599121,10.5
11.41816234588623,7.699999809265137
14.056647300720215,18.899999618530273
9.597617149353027,12.899999618530273
10.441493034362793,12.600000381469727
29.975309371948242,36.400001525878906
22.0296573638916,15.800000190734863
12.699141502380371,12.5
23.1923885345459,30.899999618530273
16.49555778503418,18.299999237060547
9.895686149597168,9.0
26.996572494506836,46.5
10.475077629089355,12.899999618530273
8.639986991882324,36.099998474121094
16.605154037475586,15.800000190734863
13.056193351745605,8.300000190734863
17.50340461730957,17.5
12.346179008483887,7.099999904632568
12.934798240661621,10.199999809265137
10.01572322845459,10.699999809265137
13.47265911102295,8.600000381469727
16.3139591217041,21.0
12.670092582702637,16.200000762939453
9.619574546813965,2.200000047683716
16.206987380981445,14.699999809265137
10.525683403015137,10.0
15.418292045593262,14.699999809265137
10.371356010437012,5.300000190734863
7.886984825134277,15.800000190734863
13.052489280700684,8.199999809265137
24.6055965423584,16.899999618530273
12.983603477478027,15.399999618530273
10.608977317810059,16.100000381469727
12.459731101989746,14.300000190734863
7.501471519470215,10.199999809265137
10.075705528259277,6.900000095367432
8.834525108337402,4.599999904632568
22.192148208618164,21.5
9.358553886413574,7.400000095367432
29.02864646911621,39.0
7.3491010665893555,9.600000381469727
8.65146541595459,5.099999904632568
30.96731185913086,35.400001525878906
23.269384384155273,19.299999237060547
15.738627433776855,11.399999618530273
16.79903221130371,16.5
16.245115280151367,23.600000381469727
16.189756393432617,6.699999809265137
13.513171195983887,5.0
11.575407981872559,10.600000381469727
13.825469017028809,7.199999809265137
9.932181358337402,0.0
13.591765403747559,11.5
11.647368431091309,11.399999618530273
20.13282585144043,13.300000190734863
20.19242286682129,24.200000762939453
13.18249797821045,11.300000190734863
13.21424388885498,7.099999904632568
16.280561447143555,18.899999618530273
11.160365104675293,9.600000381469727
17.458433151245117,2.200000047683716
12.866045951843262,6.199999809265137
24.562990188598633,47.29999923706055
15.763030052185059,5.900000095367432
7.3994855880737305,11.100000381469727
2.84991717338562,5.199999809265137
11.156432151794434,11.0
3.4343936443328857,3.5
19.545251846313477,19.799999237060547
11.601668357849121,7.300000190734863
10.95996379852295,6.199999809265137
23.37093162536621,14.399999618530273
9.697134971618652,2.799999952316284
12.21766185760498,7.5
16.455293655395508,13.800000190734863
9.154898643493652,9.399999618530273
14.049796104431152,14.5
10.914237022399902,14.399999618530273
8.385958671569824,15.0
10.378230094909668,11.5
13.933356285095215,10.0
12.040202140808105,7.800000190734863
8.5165433883667,7.599999904632568
11.12439250946045,11.0
11.560770988464355,11.699999809265137
37.2639045715332,55.5
12.408476829528809,7.300000190734863
21.92576026916504,22.399999618530273
10.982253074645996,7.5
15.155375480651855,10.300000190734863
24.744230270385742,15.300000190734863
10.346182823181152,7.5
25.79819679260254,16.5
11.384821891784668,18.299999237060547
22.060270309448242,21.0
29.2442569732666,32.70000076293945
25.35380744934082,32.5
35.503074645996094,49.20000076293945
14.3519926071167,11.600000381469727
10.819880485534668,7.800000190734863
17.324018478393555,9.100000381469727
13.115397453308105,6.699999809265137
12.015681266784668,3.799999952316284
5.03293514251709,3.5
8.134299278259277,4.800000190734863
8.893351554870605,14.199999809265137
9.0267972946167,6.400000095367432
9.572188377380371,9.0
11.309882164001465,17.5
18.03288459777832,14.0
9.191126823425293,6.199999809265137
6.171462059020996,4.400000095367432
12.92126750946045,8.0
16.888010025024414,19.200000762939453
24.81587028503418,32.599998474121094
10.549799919128418,13.0
35.494998931884766,40.79999923706055
26.584253311157227,29.5
13.815939903259277,13.199999809265137
13.750502586364746,16.100000381469727
11.960444450378418,8.199999809265137
12.526659965515137,9.100000381469727
19.46734046936035,10.800000190734863
10.921469688415527,5.699999809265137
12.726378440856934,13.800000190734863
16.428274154663086,14.300000190734863
10.377917289733887,10.399999618530273
9.91428279876709,13.399999618530273
18.124589920043945,12.899999618530273
11.303759574890137,10.199999809265137
7.940722465515137,7.800000190734863
7.862055778503418,11.0
9.434081077575684,9.699999809265137
12.416892051696777,12.399999618530273
10.828856468200684,8.899999618530273
12.66260051727295,17.700000762939453
10.004572868347168,11.100000381469727
10.501654624938965,12.5
12.300433158874512,16.600000381469727
14.019999504089355,20.100000381469727
16.920461654663086,20.200000762939453
8.801268577575684,4.599999904632568
5.348528861999512,12.699999809265137
10.143160820007324,10.600000381469727
19.975454330444336,17.799999237060547
7.621943473815918,5.900000095367432
13.326651573181152,10.5
10.284239768981934,11.100000381469727
6.409426689147949,8.0
8.88574504852295,9.199999809265137
14.04004192352295,14.0
9.062701225280762,8.5
11.119780540466309,13.100000381469727
34.23872756958008,26.5
17.05669593811035,11.300000190734863
6.40714168548584,6.0
7.199210166931152,6.099999904632568
9.480269432067871,10.899999618530273
18.611234664916992,17.600000381469727
13.380080223083496,7.599999904632568
12.446986198425293,8.100000381469727
16.88763999938965,18.299999237060547
9.508566856384277,4.800000190734863
7.168597221374512,5.5
25.46726417541504,5.099999904632568
10.918444633483887,12.399999618530273
15.086256980895996,11.300000190734863
9.15866756439209,4.599999904632568
13.228140830993652,10.0
7.814558982849121,3.5
12.879115104675293,13.0
11.570658683776855,7.199999809265137
12.051962852478027,10.100000381469727
14.698336601257324,21.100000381469727
9.216883659362793,4.800000190734863
19.30547523498535,19.5
23.92228126525879,28.100000381469727
15.060519218444824,16.799999237060547
7.855410575866699,3.4000000953674316
11.167891502380371,12.199999809265137
3.7763888835906982,5.300000190734863
7.999358177185059,8.800000190734863
16.55335807800293,15.600000381469727
7.1459760665893555,5.900000095367432
4.0035200119018555,2.299999952316284
10.33322811126709,11.399999618530273
13.405360221862793,5.099999904632568
8.538348197937012,11.699999809265137
15.198840141296387,9.800000190734863
40.75114440917969,21.600000381469727
20.554880142211914,17.700000762939453
17.850637435913086,19.0
13.121581077575684,4.900000095367432
2.6885287761688232,2.4000000953674316
34.48394775390625,55.599998474121094
5.167666435241699,2.299999952316284
18.79722023010254,9.100000381469727
7.777796745300293,5.5
15.273886680603027,18.299999237060547
28.87755012512207,23.899999618530273
8.802634239196777,5.099999904632568
7.360014915466309,4.099999904632568
29.799474716186523,24.399999618530273
17.286523818969727,6.199999809265137
7.212424278259277,3.5999999046325684
7.155322074890137,4.800000190734863
9.01975154876709,8.100000381469727
6.285296440124512,4.5
4.8219099044799805,6.300000190734863
10.033976554870605,5.099999904632568
4.91275691986084,3.5999999046325684
6.8742780685424805,3.5999999046325684
19.693330764770508,9.199999809265137
16.85138511657715,5.400000095367432
7.825106620788574,7.099999904632568
8.172003746032715,7.800000190734863
4.765704154968262,3.700000047683716
6.276881217956543,3.700000047683716
15.20542049407959,3.4000000953674316
3.7837588787078857,3.9000000953674316
4.512419700622559,3.200000047683716
4.887938499450684,2.200000047683716
13.872397422790527,7.300000190734863
12.726275444030762,8.5
14.445239067077637,5.800000190734863
5.288866996765137,4.800000190734863
5.531905174255371,3.299999952316284
4.972044944763184,2.200000047683716
5.0186567306518555,2.0
11.197928428649902,10.699999809265137
6.4285688400268555,5.199999809265137
7.991381645202637,8.600000381469727
11.479578971862793,6.699999809265137
11.77723217010498,9.300000190734863
6.408434867858887,5.599999904632568
5.260394096374512,3.700000047683716
22.154096603393555,28.100000381469727
6.953051567077637,9.100000381469727
9.898547172546387,9.899999618530273
36.35137176513672,29.0
18.056608200073242,35.20000076293945
10.287344932556152,9.699999809265137
13.36042308807373,10.800000190734863
28.492341995239258,22.0
16.288694381713867,15.699999809265137
28.895227432250977,45.900001525878906
16.66337013244629,14.800000190734863
23.444746017456055,24.5
53.06745910644531,64.69999694824219
25.119417190551758,18.100000381469727
30.2126407623291,27.899999618530273
48.846153259277344,36.79999923706055
21.25655174255371,21.299999237060547
18.73628044128418,17.600000381469727
43.61861801147461,52.29999923706055
8.149558067321777,12.5
23.434057235717773,17.100000381469727
26.911489486694336,31.600000381469727
33.15456008911133,21.200000762939453
11.866904258728027,9.300000190734863
14.542452812194824,10.199999809265137
14.6530179977417,11.699999809265137
26.901185989379883,29.899999618530273
25.008962631225586,20.899999618530273
18.515432357788086,30.399999618530273
12.461169242858887,12.0
14.639601707458496,13.0
12.344450950622559,8.800000190734863
19.59870719909668,15.100000381469727
10.975813865661621,9.300000190734863
22.520837783813477,21.799999237060547
17.952226638793945,14.300000190734863
16.611207962036133,12.600000381469727
16.86098289489746,15.300000190734863
15.48001766204834,16.100000381469727
13.977812767028809,15.100000381469727
11.412653923034668,18.799999237060547
7.071505546569824,8.100000381469727
10.710997581481934,18.100000381469727
7.982745170593262,8.5
9.424395561218262,11.399999618530273
6.0681867599487305,7.5
4.395270347595215,6.300000190734863
10.596007347106934,7.599999904632568
14.120787620544434,19.0
9.310587882995605,11.800000190734863
6.715785026550293,7.900000095367432
9.510058403015137,11.100000381469727
18.000219345092773,22.200000762939453
10.861327171325684,15.199999809265137
15.660822868347168,20.600000381469727
14.324812889099121,14.199999809265137
13.254672050476074,42.20000076293945
16.181135177612305,17.100000381469727
28.839460372924805,27.100000381469727
19.98262596130371,23.299999237060547
17.715330123901367,24.200000762939453
14.231169700622559,18.600000381469727
13.339617729187012,18.299999237060547
9.80737590789795,11.699999809265137
13.358332633972168,17.5
12.629355430603027,12.699999809265137
13.401637077331543,17.700000762939453
15.614249229431152,21.600000381469727
13.0403470993042,13.199999809265137
10.970458030700684,12.899999618530273
16.035520553588867,18.100000381469727
12.619074821472168,16.600000381469727
17.695043563842773,16.700000762939453
20.89837074279785,17.700000762939453
19.369020462036133,31.0
19.544660568237305,30.0
9.613432884216309,12.600000381469727
12.998747825622559,13.399999618530273
14.661517143249512,14.300000190734863
26.30454444885254,32.70000076293945
10.290556907653809,15.699999809265137
13.207892417907715,16.100000381469727
13.430830955505371,14.5
17.428190231323242,26.100000381469727
11.333605766296387,13.399999618530273
9.770194053649902,10.600000381469727
12.574690818786621,16.0
12.873297691345215,11.199999809265137
5.447443962097168,6.699999809265137
13.07526683807373,17.600000381469727
13.163966178894043,13.699999809265137
12.031615257263184,20.0
17.63093376159668,14.199999809265137
18.151166915893555,21.299999237060547
13.865843772888184,15.899999618530273
14.403891563415527,12.800000190734863
23.660036087036133,14.800000190734863
11.054091453552246,15.100000381469727
8.980734825134277,6.599999904632568
10.564784049987793,10.5
9.848967552185059,16.299999237060547
11.247138023376465,12.100000381469727
10.084158897399902,10.899999618530273
6.974814414978027,6.800000190734863
14.59296703338623,10.699999809265137
12.593070030212402,14.699999809265137
15.781695365905762,13.5
10.221049308776855,12.0
31.62820053100586,36.0
15.24280071258545,16.899999618530273
13.789576530456543,14.399999618530273
10.969687461853027,7.900000095367432
19.054323196411133,15.100000381469727
13.862257957458496,13.100000381469727
9.978198051452637,8.800000190734863
12.820109367370605,9.899999618530273
23.315420150756836,11.0
9.875044822692871,8.699999809265137
12.871684074401855,14.300000190734863
13.050028800964355,15.5
10.816027641296387,11.899999618530273
10.573637962341309,13.300000190734863
19.74370765686035,9.199999809265137
17.758665084838867,17.299999237060547
9.425795555114746,9.600000381469727
11.811911582946777,13.5
3.987665891647339,8.399999618530273
8.316176414489746,7.699999809265137
21.333513259887695,16.200000762939453
16.54851722717285,15.800000190734863
13.285578727722168,13.100000381469727
27.059534072875977,28.100000381469727
17.166772842407227,17.600000381469727
8.845030784606934,6.699999809265137
13.432692527770996,11.600000381469727
21.391286849975586,24.5
8.263705253601074,10.300000190734863
18.286054611206055,19.700000762939453
13.611563682556152,13.399999618530273
12.585246086120605,14.100000381469727
22.43806266784668,19.299999237060547
10.103976249694824,11.600000381469727
10.405905723571777,10.300000190734863
5.793047904968262,3.5
13.921771049499512,16.799999237060547
11.91711711883545,13.600000381469727
22.110361099243164,19.0
24.9271183013916,25.600000381469727
21.79167366027832,21.200000762939453
11.167990684509277,17.899999618530273
17.83210563659668,11.100000381469727
14.438529014587402,22.100000381469727
20.265737533569336,21.200000762939453
16.385408401489258,18.100000381469727
12.264636039733887,14.399999618530273
9.241602897644043,11.699999809265137
20.111703872680664,28.399999618530273
21.989294052124023,18.799999237060547
25.053831100463867,25.200000762939453
10.233428001403809,8.800000190734863
9.911665916442871,9.199999809265137
12.545886039733887,14.5
16.552907943725586,12.100000381469727
13.922503471374512,16.799999237060547
18.979867935180664,27.700000762939453
11.590785026550293,8.5
13.633753776550293,12.899999618530273
23.56578254699707,21.700000762939453
11.486735343933105,10.899999618530273
10.872054100036621,7.199999809265137
21.034059524536133,19.100000381469727
17.781492233276367,18.399999618530273
14.701033592224121,12.800000190734863
15.281939506530762,15.699999809265137
14.580817222595215,22.100000381469727
11.724886894226074,13.0
13.246844291687012,8.199999809265137
9.521235466003418,8.100000381469727
8.34437084197998,4.300000190734863
7.951430320739746,8.699999809265137
10.698187828063965,10.800000190734863
14.013598442077637,14.100000381469727
14.432723045349121,9.699999809265137
18.123254776000977,16.799999237060547
17.498491287231445,12.199999809265137
11.750994682312012,9.699999809265137
11.578112602233887,11.100000381469727
15.376555442810059,15.199999809265137
15.92866039276123,17.100000381469727
22.91253089904785,16.399999618530273
23.054964065551758,22.100000381469727
30.654264450073242,30.0
15.239272117614746,12.899999618530273
14.433592796325684,10.5
11.515856742858887,12.800000190734863
28.767099380493164,35.599998474121094
47.07392120361328,33.29999923706055
16.659128189086914,15.300000190734863
12.208235740661621,14.0
16.545583724975586,19.700000762939453
9.370444297790527,11.600000381469727
11.69324779510498,12.600000381469727
9.864840507507324,12.300000190734863
22.05702018737793,22.899999618530273
11.823187828063965,8.899999618530273
6.699881553649902,8.699999809265137
12.648863792419434,15.199999809265137
14.30191707611084,14.199999809265137
17.03269386291504,17.100000381469727
15.950091361999512,12.399999618530273
15.121088981628418,13.300000190734863
11.67969799041748,11.800000190734863
16.4238224029541,10.199999809265137
10.609087944030762,7.5
14.255763053894043,12.100000381469727
2.0718905925750732,4.900000095367432
10.848998069763184,10.0
10.8892240524292,9.100000381469727
15.850363731384277,18.0
18.34136390686035,15.5
18.135080337524414,17.0
11.087237358093262,12.300000190734863
13.065199851989746,10.699999809265137
21.811555862426758,28.799999237060547
13.01206111907959,12.300000190734863
40.898040771484375,32.599998474121094
11.367609977722168,9.199999809265137
13.063334465026855,14.300000190734863
9.502772331237793,6.800000190734863
15.522234916687012,16.100000381469727
14.4124174118042,10.699999809265137
28.516355514526367,30.299999237060547
12.22360897064209,10.899999618530273
11.758566856384277,10.699999809265137
12.659594535827637,11.199999809265137
17.46660804748535,16.200000762939453
14.594408988952637,11.399999618530273
21.544218063354492,18.600000381469727
14.418517112731934,13.699999809265137
11.275629997253418,11.300000190734863
27.01923179626465,30.100000381469727
23.33229637145996,30.899999618530273
13.501910209655762,11.800000190734863
9.933310508728027,8.899999618530273
49.71738815307617,47.70000076293945
41.235294342041016,37.20000076293945
60.23173904418945,59.099998474121094
9.368121147155762,11.399999618530273
25.544221878051758,29.200000762939453
48.170719146728516,51.0
40.10321807861328,25.100000381469727
18.2353572845459,13.0
35.300025939941406,34.20000076293945
14.748335838317871,14.399999618530273
44.49510192871094,30.600000381469727
33.85321044921875,28.399999618530273
69.6412353515625,73.9000015258789
16.589651107788086,16.700000762939453
9.18295955657959,8.0
20.92110252380371,17.5
52.54790496826172,29.100000381469727
41.28423309326172,55.599998474121094
59.157691955566406,44.29999923706055
11.580718040466309,8.199999809265137
60.76559829711914,39.20000076293945
32.03938674926758,55.29999923706055
22.01612663269043,30.799999237060547
28.234403610229492,35.70000076293945
29.737321853637695,18.299999237060547
38.61465835571289,33.900001525878906
16.461145401000977,13.699999809265137
53.46763229370117,31.5
11.316290855407715,11.5
14.76502513885498,12.899999618530273
33.42181396484375,30.100000381469727
16.01556968688965,12.600000381469727
22.46626853942871,17.299999237060547
27.10270118713379,31.600000381469727
14.370795249938965,18.100000381469727
19.961889266967773,17.899999618530273
15.226691246032715,9.800000190734863
15.70114803314209,17.399999618530273
32.51351547241211,32.599998474121094
6.092879295349121,7.599999904632568
8.288603782653809,10.100000381469727
10.204821586608887,6.5
9.138773918151855,7.400000095367432
7.141081809997559,6.099999904632568
5.353240013122559,3.200000047683716
7.183459281921387,6.099999904632568
14.172213554382324,17.299999237060547
10.226672172546387,12.100000381469727
9.473406791687012,8.600000381469727
6.644953727722168,7.099999904632568
8.317130088806152,8.800000190734863
10.419398307800293,11.699999809265137
10.58447551727295,10.199999809265137
16.76801872253418,9.399999618530273
14.223280906677246,10.300000190734863
6.93131160736084,5.900000095367432
9.130354881286621,9.699999809265137
11.987048149108887,7.300000190734863
14.263838768005371,20.600000381469727
13.066283226013184,8.800000190734863
6.581965446472168,6.800000190734863
10.961691856384277,7.0
48.356082916259766,32.29999923706055
7.532000541687012,6.699999809265137
11.736197471618652,15.699999809265137
11.80872631072998,13.399999618530273
15.0991849899292,21.100000381469727
40.77561569213867,31.100000381469727
33.882965087890625,46.20000076293945
7.841486930847168,10.300000190734863
14.293665885925293,14.300000190734863
9.237574577331543,6.099999904632568
15.087271690368652,7.300000190734863
20.238420486450195,13.600000381469727
15.92309856414795,18.200000762939453
19.247602462768555,18.600000381469727
22.4195499420166,17.799999237060547
8.210844993591309,6.0
14.753497123718262,18.0
21.834035873413086,2.0999999046325684
18.668500900268555,27.200000762939453
20.33570671081543,26.799999237060547
12.87031078338623,14.800000190734863
11.194792747497559,10.899999618530273
22.40961265563965,26.299999237060547
13.21461009979248,8.100000381469727
22.6732234954834,18.399999618530273
16.194963455200195,12.800000190734863
17.53154945373535,19.600000381469727
16.924394607543945,17.100000381469727
13.78339672088623,17.5
12.630778312683105,14.800000190734863
12.97253704071045,6.0
25.815507888793945,16.0
14.491072654724121,5.099999904632568
28.02593421936035,25.200000762939453
14.513419151306152,11.899999618530273
7.005648612976074,4.699999809265137
18.023435592651367,17.799999237060547
16.4623966217041,11.600000381469727
16.643693923950195,12.199999809265137
12.999884605407715,8.0
10.6835355758667,6.699999809265137
14.20902156829834,9.100000381469727
16.450407028198242,17.600000381469727
34.41310501098633,32.29999923706055
16.20270347595215,16.200000762939453
12.323897361755371,11.5
39.5687370300293,32.900001525878906
27.650178909301758,16.700000762939453
14.644892692565918,10.300000190734863
12.174643516540527,11.300000190734863
29.66197395324707,16.700000762939453
24.960325241088867,26.0
6.907042503356934,5.599999904632568
26.163576126098633,13.0
25.224145889282227,25.799999237060547
12.288783073425293,8.300000190734863
10.049437522888184,5.699999809265137
12.824320793151855,10.399999618530273
8.971415519714355,6.699999809265137
16.108423233032227,10.0
52.72822570800781,35.400001525878906
20.380064010620117,13.899999618530273
7.9780683517456055,8.699999809265137
15.464003562927246,17.799999237060547
15.223711967468262,14.899999618530273
16.03251075744629,15.5
16.823762893676758,13.699999809265137
13.844916343688965,9.699999809265137
28.658395767211914,22.0
15.162806510925293,14.399999618530273
17.256757736206055,8.199999809265137
16.817750930786133,16.5
18.348360061645508,9.600000381469727
18.299203872680664,19.100000381469727
15.03964900970459,16.200000762939453
14.774298667907715,13.100000381469727
21.528215408325195,19.100000381469727
6.573626518249512,3.5999999046325684
11.291487693786621,9.899999618530273
18.291593551635742,13.699999809265137
19.123579025268555,14.800000190734863
11.680174827575684,5.099999904632568
13.55942440032959,9.5
21.362619400024414,10.699999809265137
20.690828323364258,15.399999618530273
15.071154594421387,8.300000190734863
17.79530143737793,20.700000762939453
7.083247184753418,11.600000381469727
15.904688835144043,19.799999237060547
15.318888664245605,18.399999618530273
18.363550186157227,17.700000762939453
13.04465389251709,9.399999618530273
17.6008243560791,22.700000762939453
14.246695518493652,21.899999618530273
19.053125381469727,19.200000762939453
14.850142478942871,13.199999809265137
14.945158958435059,12.0
11.65014934539795,9.0
14.2700834274292,10.199999809265137
36.2857551574707,30.600000381469727
15.238913536071777,22.0
10.703852653503418,10.5
27.14155387878418,32.099998474121094
7.938849449157715,7.199999809265137
7.592947959899902,7.199999809265137
25.925764083862305,11.699999809265137
8.668566703796387,8.699999809265137
39.63312911987305,49.79999923706055
16.571744918823242,9.600000381469727
9.195796012878418,9.300000190734863
6.492300987243652,7.199999809265137
34.112674713134766,17.799999237060547
13.398402214050293,10.5
35.2379264831543,39.0
27.23368263244629,16.600000381469727
13.913500785827637,11.800000190734863
10.38856029510498,10.699999809265137
27.83884620666504,20.700000762939453
25.668386459350586,35.400001525878906
9.211630821228027,17.100000381469727
35.050193786621094,21.0
12.58957576751709,7.5
51.93033981323242,47.29999923706055
36.35728454589844,36.79999923706055
21.811925888061523,22.299999237060547
30.3685245513916,17.700000762939453
26.368059158325195,21.600000381469727
53.2237434387207,30.700000762939453
19.308279037475586,17.100000381469727
15.503100395202637,15.199999809265137
25.7658634185791,21.200000762939453
38.016170501708984,37.900001525878906
32.76859664916992,35.5
15.271010398864746,30.5
13.019042015075684,15.5
25.510210037231445,17.200000762939453
25.13261604309082,20.899999618530273
28.2762393951416,22.200000762939453
22.975969314575195,22.399999618530273
20.51277732849121,12.100000381469727
50.11933517456055,61.70000076293945
121.96856689453125,164.6999969482422
72.44139862060547,76.69999694824219
29.75681495666504,23.799999237060547
40.547264099121094,42.0
21.503915786743164,16.899999618530273
61.33512878417969,75.0
21.442792892456055,15.5
41.647464752197266,39.29999923706055
14.14710521697998,19.399999618530273
36.52164840698242,35.0
64.6844711303711,36.400001525878906
59.94948959350586,38.900001525878906
27.01825523376465,27.5
53.755615234375,39.599998474121094
50.10850143432617,34.400001525878906
49.57176971435547,36.099998474121094
19.7393741607666,23.600000381469727
24.01807975769043,20.5
15.171286582946777,14.699999809265137
34.11705780029297,43.099998474121094
11.76313304901123,12.0
43.46598434448242,52.400001525878906
14.97999095916748,31.299999237060547
48.67292785644531,47.70000076293945
22.78266716003418,26.0
35.78664779663086,33.099998474121094
61.59882354736328,94.0
42.31966018676758,38.599998474121094
19.999422073364258,17.0
40.92274475097656,24.799999237060547
30.592302322387695,34.29999923706055
45.52846145629883,41.599998474121094
16.4239559173584,19.600000381469727
36.510658264160156,37.79999923706055
17.21430778503418,18.600000381469727
31.879858016967773,33.900001525878906
33.947139739990234,35.70000076293945
24.35456657409668,20.600000381469727
25.675500869750977,21.399999618530273
18.817930221557617,31.600000381469727
34.12841033935547,35.20000076293945
24.202714920043945,23.0
77.84175109863281,85.80000305175781
38.39312744140625,30.399999618530273
19.036802291870117,16.700000762939453
15.912859916687012,13.5
31.878278732299805,39.0
13.131560325622559,12.699999809265137
14.115363121032715,14.399999618530273
55.97289276123047,65.80000305175781
71.6681900024414,69.80000305175781
11.096583366394043,12.199999809265137
112.7264175415039,121.5
11.470396995544434,11.699999809265137
25.53789710998535,20.299999237060547
31.036535263061523,24.5
18.30574607849121,23.299999237060547
58.98936462402344,45.099998474121094
50.24037170410156,50.20000076293945
18.058141708374023,17.600000381469727
46.761898040771484,42.70000076293945
39.850250244140625,31.200000762939453
32.6396598815918,27.100000381469727
15.70533275604248,12.5
56.39585876464844,34.099998474121094
53.622169494628906,38.5
65.94058990478516,52.900001525878906
47.34317398071289,38.099998474121094
18.050813674926758,21.5
74.98526763916016,55.79999923706055
100.19347381591797,75.80000305175781
56.86117935180664,41.900001525878906
26.1248836517334,24.799999237060547
27.299829483032227,20.600000381469727
106.19590759277344,97.9000015258789
21.7348575592041,20.5
51.42988586425781,43.79999923706055
82.66533660888672,60.099998474121094
40.15985107421875,48.5
38.690799713134766,37.0
38.38060760498047,40.0
59.87849426269531,66.0
44.42010498046875,33.0
28.318960189819336,17.700000762939453
29.238134384155273,35.599998474121094
23.52614402770996,16.299999237060547
20.07828712463379,5.300000190734863
29.707048416137695,24.799999237060547
25.330202102661133,6.900000095367432
49.72186279296875,48.400001525878906
17.795408248901367,19.899999618530273
20.15476417541504,23.5
38.068885803222656,31.5
33.469993591308594,28.200000762939453
19.24217414855957,13.5
36.39506530761719,27.399999618530273
16.798608779907227,18.299999237060547
95.71279907226562,66.9000015258789
35.21691131591797,28.299999237060547
42.724029541015625,48.0
13.771891593933105,14.0
18.366945266723633,12.899999618530273
33.40386962890625,41.29999923706055
29.418203353881836,23.799999237060547
35.40458679199219,23.899999618530273
31.229108810424805,26.700000762939453
20.03679084777832,16.600000381469727
16.956850051879883,21.5
21.632261276245117,8.800000190734863
12.67145824432373,10.0
14.214255332946777,16.5
21.9593448638916,30.200000762939453
20.623254776000977,18.600000381469727
30.16884422302246,31.399999618530273
27.935529708862305,23.399999618530273
50.597320556640625,37.70000076293945
22.417966842651367,18.0
37.635372161865234,32.20000076293945
42.58606719970703,35.70000076293945
18.657442092895508,10.300000190734863
12.673434257507324,11.5
10.96219539642334,5.599999904632568
30.63612937927246,22.200000762939453
25.2562313079834,16.5
16.42076301574707,4.099999904632568
46.48553466796875,32.29999923706055
19.980871200561523,14.199999809265137
19.359922409057617,11.199999809265137
15.552313804626465,7.699999809265137
59.5153694152832,40.0
32.71159744262695,21.100000381469727
58.81657409667969,50.20000076293945
28.894376754760742,20.700000762939453
47.56644058227539,78.19999694824219
37.104408264160156,40.400001525878906
22.091325759887695,21.100000381469727
28.471776962280273,18.700000762939453
40.32061004638672,29.899999618530273
46.49980545043945,57.79999923706055
32.18965148925781,34.900001525878906
53.07905960083008,44.5
23.78644371032715,32.900001525878906
51.31028747558594,60.400001525878906
28.063058853149414,41.79999923706055
35.9846076965332,55.0
43.28604507446289,34.20000076293945
63.2987174987793,52.70000076293945
52.977638244628906,59.0
35.40624237060547,20.5
42.586795806884766,44.20000076293945
31.78305435180664,28.200000762939453
37.68605041503906,20.5
43.72110366821289,47.099998474121094
54.39718246459961,41.400001525878906
38.94823455810547,27.0
109.63485717773438,108.80000305175781
18.39835548400879,20.0
70.06222534179688,36.70000076293945
16.297609329223633,14.800000190734863
16.44647789001465,14.5
15.394293785095215,9.899999618530273
45.00708770751953,38.900001525878906
41.08495330810547,26.200000762939453
22.762380599975586,20.100000381469727
21.268144607543945,24.399999618530273
20.749906539916992,26.399999618530273
55.61541748046875,71.9000015258789
99.30538177490234,92.80000305175781
18.205678939819336,20.899999618530273
61.473060607910156,44.79999923706055
19.007822036743164,20.799999237060547
22.060331344604492,41.29999923706055
56.49029541015625,66.0
15.536852836608887,14.600000381469727
14.65854549407959,10.800000190734863
28.775854110717773,27.5
45.92204284667969,31.200000762939453
36.839378356933594,28.200000762939453
26.85040855407715,9.300000190734863
9.039637565612793,4.099999904632568
34.69589614868164,33.5
23.3546199798584,14.699999809265137
90.96305084228516,97.9000015258789
23.53902244567871,20.899999618530273
31.2609806060791,34.400001525878906
13.7057523727417,15.899999618530273
16.276926040649414,15.300000190734863
11.176817893981934,11.0
15.120326042175293,8.300000190734863
24.993852615356445,22.0
62.98448944091797,46.599998474121094
12.597647666931152,8.699999809265137
22.119688034057617,17.100000381469727
44.71943664550781,37.0
25.395471572875977,21.100000381469727
31.63325309753418,23.700000762939453
17.57602882385254,13.699999809265137
25.78656578063965,41.099998474121094
19.347585678100586,17.0
20.73603630065918,19.600000381469727
44.57037353515625,30.899999618530273
36.69575881958008,41.29999923706055
35.501285552978516,43.70000076293945
37.74684143066406,30.200000762939453
30.294626235961914,16.600000381469727
16.280187606811523,14.199999809265137
22.29620933532715,36.29999923706055
31.52597999572754,29.200000762939453
8.341265678405762,4.0
12.672682762145996,9.600000381469727
24.327924728393555,22.200000762939453
28.22920036315918,25.5
42.26315689086914,40.099998474121094
21.630765914916992,21.5
29.41022300720215,27.700000762939453
72.62628173828125,73.80000305175781
55.8734016418457,45.599998474121094
24.288225173950195,44.79999923706055
40.7720947265625,26.200000762939453
43.93987274169922,53.20000076293945
45.575374603271484,33.0
27.77570915222168,22.899999618530273
47.644981384277344,44.900001525878906
29.288049697875977,26.100000381469727
28.090974807739258,29.700000762939453
46.63272476196289,32.0
19.724397659301758,27.799999237060547
23.73545265197754,26.5
56.967689514160156,41.70000076293945
19.764970779418945,15.300000190734863
48.21989822387695,30.799999237060547
18.39898109436035,20.299999237060547
29.59431266784668,26.799999237060547
16.39006996154785,11.600000381469727
23.77589225769043,14.600000381469727
23.093107223510742,17.100000381469727
10.677153587341309,6.0
10.0558500289917,8.100000381469727
13.495467185974121,7.199999809265137
16.9428653717041,10.899999618530273
9.782774925231934,11.699999809265137
13.096518516540527,17.899999618530273
14.036948204040527,8.100000381469727
36.19190979003906,29.899999618530273
23.74580192565918,11.699999809265137
18.942838668823242,16.5
19.04701805114746,23.799999237060547
25.311826705932617,20.600000381469727
18.604833602905273,15.300000190734863
17.643518447875977,9.199999809265137
16.97846031188965,15.800000190734863
20.931180953979492,17.899999618530273
41.8039436340332,48.5
82.811279296875,83.0999984741211
31.0327091217041,25.700000762939453
33.2791862487793,35.900001525878906
94.50943756103516,154.89999389648438
20.692129135131836,17.399999618530273
28.595922470092773,38.400001525878906
29.270597457885742,27.200000762939453
46.7218017578125,45.900001525878906
28.2468318939209,21.899999618530273
45.175655364990234,30.799999237060547
28.485448837280273,10.800000190734863
31.81938362121582,23.600000381469727
22.91902732849121,18.399999618530273
14.214072227478027,13.899999618530273
12.744959831237793,15.600000381469727
48.2423095703125,58.599998474121094
55.64800262451172,69.9000015258789
39.637542724609375,32.400001525878906
22.724977493286133,30.899999618530273
16.11927604675293,15.800000190734863
48.90742492675781,41.79999923706055
12.99399471282959,19.700000762939453
25.274187088012695,30.799999237060547
26.47838020324707,19.700000762939453
19.132413864135742,6.599999904632568
17.00520133972168,18.899999618530273
14.098841667175293,15.800000190734863
41.68560028076172,29.100000381469727
17.01934242248535,8.899999618530273
36.199371337890625,29.5
46.82393264770508,28.600000381469727
121.41112518310547,213.39999389648438
26.161794662475586,17.100000381469727
17.33177375793457,14.399999618530273
58.191951751708984,48.599998474121094
29.780736923217773,29.299999237060547
51.57537078857422,39.29999923706055
40.24124526977539,53.599998474121094
9.605036735534668,4.599999904632568
22.60343360900879,15.699999809265137
12.356284141540527,10.199999809265137
31.027542114257812,34.79999923706055
13.47214412689209,7.5
30.449392318725586,30.100000381469727
20.810537338256836,15.399999618530273
58.288597106933594,45.900001525878906
26.8024959564209,21.700000762939453
33.39308166503906,16.899999618530273
7.8527631759643555,6.699999809265137
25.657716751098633,22.100000381469727
15.872923851013184,20.0
66.75951385498047,133.10000610351562
42.54854965209961,27.799999237060547
40.17654037475586,34.70000076293945
16.1914119720459,15.699999809265137
9.823943138122559,12.800000190734863
34.85305404663086,19.600000381469727
8.56525707244873,10.699999809265137
8.12665843963623,6.099999904632568
13.275465965270996,11.399999618530273
35.89692687988281,27.600000381469727
22.275941848754883,21.899999618530273
42.43639373779297,40.70000076293945
13.435454368591309,11.899999618530273
22.546358108520508,21.799999237060547
10.072112083435059,10.100000381469727
23.771379470825195,20.899999618530273
31.260793685913086,26.600000381469727
14.328665733337402,9.0
10.328158378601074,10.100000381469727
13.804614067077637,10.5
20.485517501831055,20.0
13.03748607635498,11.800000190734863
10.698702812194824,11.300000190734863
12.828383445739746,4.900000095367432
10.88379955291748,9.100000381469727
13.866534233093262,17.799999237060547
12.981989860534668,10.199999809265137
14.92713451385498,11.199999809265137
14.387751579284668,10.0
45.44371795654297,26.399999618530273
33.94953155517578,20.0
40.243553161621094,41.599998474121094
11.870772361755371,8.699999809265137
9.054118156433105,7.0
19.61720848083496,15.899999618530273
11.44239330291748,14.399999618530273
43.84798049926758,46.900001525878906
14.62732219696045,15.300000190734863
48.82791519165039,28.299999237060547
26.470552444458008,21.299999237060547
25.81601905822754,21.700000762939453
28.108129501342773,32.5
14.701323509216309,12.899999618530273
27.576139450073242,32.20000076293945
104.62714385986328,79.19999694824219
15.528586387634277,16.700000762939453
49.35318374633789,30.299999237060547
66.32312774658203,33.29999923706055
46.120460510253906,37.20000076293945
40.74924850463867,31.799999237060547
43.24681091308594,23.200000762939453
19.13471794128418,12.0
41.29676818847656,35.5
22.104524612426758,8.0
57.559234619140625,47.900001525878906
51.60524368286133,36.099998474121094
25.118242263793945,17.0
43.46390914916992,23.5
34.50249099731445,22.100000381469727
26.000852584838867,22.0
31.99588394165039,40.29999923706055
7.909186363220215,8.699999809265137
35.87871551513672,27.899999618530273
24.813261032104492,25.100000381469727
35.61893081665039,28.899999618530273
30.56474494934082,33.20000076293945
25.21970558166504,29.899999618530273
36.33725357055664,31.600000381469727
33.229854583740234,39.599998474121094
17.53240394592285,13.899999618530273
25.175207138061523,23.100000381469727
22.490934371948242,26.5
27.78535270690918,22.100000381469727
24.091623306274414,34.0
13.711596488952637,15.699999809265137
24.692853927612305,31.399999618530273
18.877229690551758,12.0
13.16959285736084,13.199999809265137
12.661360740661621,13.899999618530273
85.31351470947266,48.0
48.514892578125,30.200000762939453
23.524370193481445,14.899999618530273
21.8822078704834,12.100000381469727
25.556455612182617,11.600000381469727
24.161054611206055,15.699999809265137
38.90449142456055,31.299999237060547
16.079187393188477,7.699999809265137
22.70993995666504,24.899999618530273
15.760748863220215,8.100000381469727
29.41170310974121,36.599998474121094
14.060675621032715,13.899999618530273
15.427645683288574,15.199999809265137
18.65669822692871,11.0
16.782777786254883,8.0
21.337194442749023,7.800000190734863
16.698068618774414,12.899999618530273
29.798295974731445,11.600000381469727
12.288290977478027,11.899999618530273
16.2160701751709,18.399999618530273
19.384817123413086,6.0
18.899187088012695,20.0
18.9930477142334,8.399999618530273
62.48604202270508,81.69999694824219
10.011221885681152,4.0
22.430070877075195,20.0
52.74615478515625,43.0
27.291051864624023,16.5
27.39918327331543,15.899999618530273
27.60676383972168,21.100000381469727
21.354555130004883,22.600000381469727
31.015695571899414,43.900001525878906
16.465444564819336,12.0
17.112714767456055,20.0
30.625574111938477,32.70000076293945
14.719168663024902,6.900000095367432
15.604228019714355,20.200000762939453
17.60542869567871,14.399999618530273
29.84969139099121,51.29999923706055
57.33140563964844,24.399999618530273
14.162100791931152,22.5
11.588866233825684,7.699999809265137
19.062990188598633,17.100000381469727
51.85208511352539,23.299999237060547
20.184938430786133,20.299999237060547
21.00240135192871,15.699999809265137
18.88002586364746,15.199999809265137
43.630863189697266,27.299999237060547
40.49022674560547,35.900001525878906
15.996573448181152,15.0
15.357123374938965,9.5
15.291987419128418,14.100000381469727
21.70318031311035,13.899999618530273
12.948126792907715,7.199999809265137
15.07349681854248,8.100000381469727
19.617734909057617,16.700000762939453
25.96381950378418,20.799999237060547
13.579398155212402,15.0
18.589567184448242,15.899999618530273
18.8253231048584,18.899999618530273
16.568727493286133,12.800000190734863
15.920477867126465,11.899999618530273
25.679712295532227,19.600000381469727
32.777427673339844,33.400001525878906
22.62367820739746,22.0
59.68474197387695,44.79999923706055
24.459989547729492,22.799999237060547
30.13529396057129,32.20000076293945
30.41282081604004,27.200000762939453
26.70798683166504,27.0
25.62611961364746,29.200000762939453
26.672380447387695,24.0
25.02604103088379,23.200000762939453
29.005456924438477,21.600000381469727
9.318251609802246,7.699999809265137
33.40131378173828,28.700000762939453
23.664342880249023,22.200000762939453
26.581327438354492,28.100000381469727
21.81627082824707,21.5
19.752927780151367,27.100000381469727
13.561026573181152,9.0
23.1562557220459,21.600000381469727
11.693190574645996,11.0
24.18293571472168,19.899999618530273
32.31038284301758,20.899999618530273
35.72087097167969,32.20000076293945
24.79716682434082,23.600000381469727
49.555416107177734,39.79999923706055
19.325220108032227,13.600000381469727
23.553667068481445,24.299999237060547
29.55821418762207,19.299999237060547
28.555871963500977,26.299999237060547
19.069398880004883,15.699999809265137
30.393857955932617,23.899999618530273
43.90857696533203,36.400001525878906
14.133402824401855,14.199999809265137
24.97184944152832,16.5
23.366514205932617,19.799999237060547
62.168704986572266,64.19999694824219
26.320310592651367,21.100000381469727
21.61734962463379,24.0
23.92656898498535,20.0
17.012556076049805,17.700000762939453
15.039385795593262,13.300000190734863
19.45131492614746,18.0
34.705963134765625,35.79999923706055
29.778017044067383,26.5
16.16541862487793,16.700000762939453
13.483798027038574,16.200000762939453
37.35739517211914,17.0
28.43641471862793,23.0
49.32575607299805,29.600000381469727
37.71852493286133,27.100000381469727
47.314247131347656,43.5
41.82193374633789,42.5
43.17746353149414,33.70000076293945
46.44731903076172,32.0
15.377070426940918,16.100000381469727
36.22187805175781,28.899999618530273
38.652164459228516,32.0
28.533716201782227,28.0
19.973791122436523,16.5
20.237619400024414,24.5
24.719831466674805,16.799999237060547
33.394386291503906,21.100000381469727
39.54571533203125,30.700000762939453
16.51348304748535,10.100000381469727
24.668432235717773,13.800000190734863
17.233610153198242,14.100000381469727
10.642058372497559,8.399999618530273
15.327898979187012,12.199999809265137
16.579423904418945,14.699999809265137
49.5882682800293,36.79999923706055
14.279601097106934,9.600000381469727
17.730134963989258,14.0
15.10373592376709,12.800000190734863
14.92713451385498,10.699999809265137
20.366918563842773,14.5
15.895167350769043,13.100000381469727
14.772379875183105,11.600000381469727
12.530661582946777,10.899999618530273
17.698129653930664,10.300000190734863
16.436899185180664,10.300000190734863
15.386099815368652,14.699999809265137
12.833518028259277,10.600000381469727
17.573041915893555,19.5
13.770277976989746,12.399999618530273
14.65796947479248,11.100000381469727
17.030717849731445,14.600000381469727
12.30689525604248,9.899999618530273
14.896758079528809,12.600000381469727
12.858382225036621,12.600000381469727
13.063448905944824,13.699999809265137
14.25208568572998,13.399999618530273
12.045336723327637,9.300000190734863
25.27569007873535,14.0
19.778230667114258,17.5
18.320451736450195,15.300000190734863
13.009520530700684,9.100000381469727
18.666200637817383,14.5
17.56626319885254,19.100000381469727
19.52375602722168,14.0
12.948996543884277,10.399999618530273
20.164968490600586,14.199999809265137
34.95716857910156,29.299999237060547
15.827513694763184,10.199999809265137
15.00964641571045,16.899999618530273
20.833208084106445,13.800000190734863
30.461565017700195,19.5
21.511308670043945,15.100000381469727
19.584775924682617,17.5
16.904329299926758,10.800000190734863
14.584662437438965,5.699999809265137
18.57248878479004,14.5
47.98390579223633,20.0
28.109708786010742,16.399999618530273
15.84256649017334,12.800000190734863
19.48356056213379,13.199999809265137
13.297770500183105,12.0
21.09993553161621,15.300000190734863
36.06325912475586,21.600000381469727
46.206398010253906,49.20000076293945
14.139376640319824,10.899999618530273
13.45780086517334,14.800000190734863
23.586633682250977,25.299999237060547
34.34541320800781,41.70000076293945
17.356950759887695,19.700000762939453
12.27136516571045,15.399999618530273
31.706226348876953,21.700000762939453
26.952295303344727,28.0
21.33598518371582,20.299999237060547
30.591642379760742,29.700000762939453
23.983572006225586,24.100000381469727
11.639552116394043,11.5
23.35698890686035,23.100000381469727
27.86834144592285,21.600000381469727
11.861128807067871,8.800000190734863
29.336576461791992,22.600000381469727
26.838701248168945,12.699999809265137
29.625192642211914,30.5
33.997135162353516,35.599998474121094
36.14337158203125,28.899999618530273
33.5913200378418,31.799999237060547
29.14542579650879,26.5
63.87342834472656,62.20000076293945
26.10191535949707,25.200000762939453
52.680110931396484,42.29999923706055
46.291622161865234,60.0
15.451239585876465,13.399999618530273
20.049169540405273,28.799999237060547
44.2187614440918,19.5
14.78834056854248,10.100000381469727
27.889745712280273,18.799999237060547
15.136889457702637,11.600000381469727
12.305228233337402,13.199999809265137
24.380605697631836,14.5
18.67457389831543,9.800000190734863
14.34125804901123,26.799999237060547
71.90076446533203,54.79999923706055
26.260541915893555,28.100000381469727
24.63364601135254,38.29999923706055
40.88969039916992,57.599998474121094
15.072314262390137,14.5
37.02206039428711,51.20000076293945
3.5141665935516357,0.0
17.5589542388916,9.699999809265137
11.259387016296387,12.5
22.223363876342773,24.700000762939453
11.883166313171387,13.300000190734863
32.727027893066406,29.899999618530273
22.88926124572754,27.600000381469727
25.987485885620117,20.700000762939453
24.74815559387207,26.299999237060547
26.72580909729004,25.700000762939453
12.598158836364746,10.300000190734863
16.986799240112305,25.100000381469727
24.334627151489258,20.0
26.94871711730957,26.0
30.304784774780273,23.200000762939453
29.45030403137207,20.5
13.498061180114746,11.399999618530273
14.524657249450684,15.600000381469727
16.703481674194336,12.600000381469727
14.020960807800293,13.399999618530273
58.126548767089844,33.400001525878906
17.22641944885254,15.800000190734863
18.02018165588379,10.800000190734863
19.18653678894043,19.299999237060547
22.234228134155273,16.200000762939453
37.36357116699219,23.899999618530273
14.17679500579834,11.399999618530273
30.087175369262695,25.0
25.459012985229492,17.399999618530273
33.604190826416016,23.200000762939453
25.638864517211914,16.299999237060547
23.12430763244629,14.199999809265137
17.36878776550293,12.100000381469727
22.52012825012207,18.899999618530273
18.812604904174805,15.300000190734863
30.03034019470215,31.100000381469727
26.688364028930664,27.5
27.650503158569336,20.200000762939453
32.41883850097656,29.0
41.432884216308594,46.79999923706055
51.23950958251953,64.0
34.868186950683594,35.29999923706055
16.81172752380371,12.600000381469727
17.04570960998535,12.800000190734863
14.3385648727417,11.600000381469727
12.949259757995605,15.699999809265137
12.197699546813965,17.399999618530273
10.601092338562012,14.300000190734863
13.065276145935059,10.0
18.215055465698242,11.300000190734863
22.615724563598633,12.300000190734863
31.173765182495117,30.899999618530273
14.120429039001465,13.600000381469727
51.59894561767578,43.29999923706055
13.953577995300293,8.399999618530273
25.9715518951416,28.799999237060547
18.2341365814209,18.799999237060547
38.32228469848633,47.29999923706055
13.106276512145996,11.800000190734863
35.61921691894531,31.100000381469727
18.430604934692383,17.700000762939453
37.02936935424805,43.599998474121094
24.996538162231445,21.299999237060547
18.283437728881836,16.600000381469727
12.985369682312012,12.899999618530273
34.536643981933594,28.5
19.814924240112305,16.200000762939453
21.482275009155273,12.699999809265137
12.989546775817871,11.800000190734863
17.237836837768555,14.899999618530273
15.505404472351074,18.299999237060547
13.990797996520996,10.300000190734863
14.776801109313965,14.800000190734863
17.741655349731445,10.5
21.1218318939209,12.800000190734863
15.33057689666748,11.5
37.15651321411133,13.0
26.747220993041992,41.599998474121094
21.09956932067871,22.799999237060547
19.91642951965332,18.600000381469727
26.61481285095215,25.100000381469727
13.82431697845459,21.100000381469727
32.64299774169922,20.0
14.687392234802246,26.5
28.536592483520508,18.600000381469727
31.7293643951416,24.399999618530273
32.7589225769043,25.700000762939453
31.967987060546875,18.399999618530273
12.68497371673584,9.0
16.829416275024414,18.5
36.19562530517578,20.700000762939453
13.0672025680542,14.199999809265137
24.416536331176758,25.5
15.734450340270996,18.899999618530273
18.2080135345459,14.300000190734863
14.094046592712402,11.199999809265137
26.594953536987305,24.399999618530273
23.630475997924805,30.0
21.835031509399414,9.399999618530273
31.77204132080078,14.300000190734863
40.3502197265625,18.100000381469727
28.63331413269043,30.299999237060547
28.87010383605957,13.300000190734863
29.564565658569336,30.100000381469727
33.17723846435547,26.700000762939453
18.667551040649414,19.200000762939453
24.097139358520508,13.300000190734863
27.154375076293945,30.200000762939453
15.7691068649292,25.0
19.033994674682617,21.600000381469727
56.18506622314453,46.400001525878906
17.581193923950195,13.600000381469727
17.787107467651367,17.600000381469727
59.21926498413086,52.0
23.672212600708008,22.200000762939453
21.818403244018555,21.700000762939453
15.453001976013184,21.5
20.867677688598633,14.199999809265137
23.548879623413086,26.5
13.319354057312012,15.300000190734863
24.3757381439209,24.0
16.31102180480957,11.199999809265137
15.586897850036621,16.100000381469727
26.35468101501465,18.200000762939453
27.51875877380371,32.0
41.540287017822266,40.400001525878906
54.59573745727539,62.0
33.738346099853516,26.399999618530273
17.608530044555664,18.0
17.652177810668945,18.899999618530273
18.02510643005371,19.100000381469727
42.593055725097656,34.29999923706055
19.30314826965332,15.399999618530273
22.76100730895996,18.899999618530273
14.636412620544434,9.300000190734863
42.608306884765625,34.599998474121094
30.88338851928711,22.0
23.88361930847168,24.799999237060547
39.75399398803711,26.899999618530273
23.510290145874023,20.299999237060547
12.550307273864746,9.300000190734863
14.664793968200684,12.600000381469727
17.78571891784668,17.899999618530273
23.70859718322754,22.0
24.354299545288086,31.299999237060547
38.17698287963867,56.5
21.705007553100586,18.299999237060547
20.590299606323242,19.299999237060547
25.30039405822754,41.900001525878906
20.6342716217041,17.200000762939453
23.98415184020996,12.699999809265137
15.153605461120605,20.399999618530273
15.150694847106934,12.199999809265137
29.126184463500977,20.299999237060547
62.60219192504883,59.70000076293945
11.111872673034668,6.800000190734863
17.77080726623535,5.599999904632568
32.43502426147461,33.900001525878906
15.002985954284668,14.0
19.16969108581543,18.299999237060547
31.92664337158203,17.100000381469727
27.230382919311523,14.0
15.962519645690918,22.200000762939453
24.3289737701416,28.799999237060547
30.66314125061035,45.400001525878906
21.484731674194336,20.5
29.739404678344727,25.399999618530273
19.50468635559082,13.800000190734863
21.3803653717041,20.0
19.000600814819336,23.399999618530273
27.763566970825195,23.600000381469727
22.98787498474121,22.600000381469727
30.784160614013672,32.0
22.767370223999023,16.399999618530273
19.574556350708008,26.299999237060547
15.776957511901855,21.899999618530273
25.343420028686523,22.700000762939453
12.481600761413574,17.200000762939453
30.050142288208008,22.600000381469727
22.5467586517334,14.800000190734863
18.604036331176758,17.100000381469727
32.61083984375,26.200000762939453
45.64183807373047,80.19999694824219
15.802962303161621,19.700000762939453
17.2905330657959,17.200000762939453
18.45250129699707,21.100000381469727
12.938929557800293,12.100000381469727
19.65639305114746,19.5
15.353995323181152,15.5
20.67903709411621,20.0
21.784196853637695,19.299999237060547
30.643442153930664,28.799999237060547
23.432191848754883,17.799999237060547
25.588727951049805,23.700000762939453
27.2840518951416,25.700000762939453
24.35915184020996,24.399999618530273
21.1914005279541,19.899999618530273
22.785844802856445,18.5
19.305288314819336,18.0
25.31781578063965,29.700000762939453
16.717042922973633,21.0
7.616412162780762,14.800000190734863
29.994531631469727,21.100000381469727
10.600260734558105,11.399999618530273
28.430871963500977,16.700000762939453
17.604822158813477,13.600000381469727
17.379724502563477,14.899999618530273
12.679457664489746,17.399999618530273
15.339991569519043,12.899999618530273
19.310686111450195,17.399999618530273
20.16056251525879,17.899999618530273
42.75222396850586,34.20000076293945
23.406980514526367,20.799999237060547
25.349855422973633,21.200000762939453
23.833070755004883,23.600000381469727
22.456750869750977,15.0
17.4988956451416,16.100000381469727
39.29975509643555,30.899999618530273
26.064237594604492,30.399999618530273
53.836891174316406,47.79999923706055
21.677846908569336,28.299999237060547
16.6505184173584,18.600000381469727
46.90432357788086,35.099998474121094
23.492429733276367,16.299999237060547
20.39151954650879,14.600000381469727
14.646590232849121,11.899999618530273
20.651147842407227,18.0
27.485746383666992,23.600000381469727
25.074426651000977,21.799999237060547
26.483884811401367,18.0
25.877927780151367,11.5
14.081068992614746,14.899999618530273
47.93059539794922,26.5
25.08113670349121,24.799999237060547
29.1387882232666,19.899999618530273
17.454378128051758,32.79999923706055
38.71843338012695,27.700000762939453
56.46613311767578,38.599998474121094
50.10781478881836,48.70000076293945
25.735788345336914,28.700000762939453
14.393622398376465,7.900000095367432
20.017175674438477,14.699999809265137
37.03443145751953,48.20000076293945
46.16102600097656,51.29999923706055
17.133886337280273,18.399999618530273
21.15667152404785,20.100000381469727
28.325315475463867,28.0
17.62091636657715,21.600000381469727
8.959246635437012,6.900000095367432
13.538329124450684,20.700000762939453
45.6505241394043,20.399999618530273
19.62410545349121,12.699999809265137
24.65433692932129,23.299999237060547
28.114561080932617,16.299999237060547
21.292112350463867,10.0
21.91016960144043,8.0
31.10818862915039,18.200000762939453
31.6115779876709,26.100000381469727
40.44998550415039,21.399999618530273
27.249536514282227,18.600000381469727
27.134740829467773,10.100000381469727
29.09086799621582,14.199999809265137
21.29728889465332,14.899999618530273
26.025781631469727,15.800000190734863
32.153202056884766,21.899999618530273
35.80838394165039,16.700000762939453
16.20542335510254,12.600000381469727
37.75349807739258,31.100000381469727
55.04722595214844,36.0
18.5910701751709,20.600000381469727
36.40937042236328,26.600000381469727
42.04793167114258,26.200000762939453
25.59739875793457,20.100000381469727
15.696219444274902,13.300000190734863
12.314692497253418,12.899999618530273
29.59751319885254,26.700000762939453
21.920011520385742,20.799999237060547
18.04332160949707,30.700000762939453
19.420385360717773,19.299999237060547
22.4622745513916,21.700000762939453
15.032958030700684,15.600000381469727
21.720090866088867,24.5
13.704726219177246,13.600000381469727
20.445436477661133,17.899999618530273
72.44190979003906,47.29999923706055
17.386594772338867,12.100000381469727
10.807181358337402,8.100000381469727
25.045530319213867,9.600000381469727
14.093913078308105,7.0
12.523585319519043,10.300000190734863
19.81392478942871,17.700000762939453
18.60819435119629,16.200000762939453
33.13990020751953,31.5
13.87977123260498,13.0
11.2880277633667,8.899999618530273
14.55850887298584,12.100000381469727
14.424323081970215,15.100000381469727
13.880202293395996,11.300000190734863
25.213834762573242,21.399999618530273
31.5046443939209,19.5
14.528155326843262,12.399999618530273
13.15149974822998,10.600000381469727
14.879847526550293,12.600000381469727
13.99869441986084,11.199999809265137
12.4059476852417,13.100000381469727
11.211947441101074,6.800000190734863
12.740263938903809,10.699999809265137
18.243654251098633,16.700000762939453
57.6627311706543,45.29999923706055
43.334381103515625,24.0
36.142173767089844,27.200000762939453
35.736351013183594,23.799999237060547
77.17141723632812,54.79999923706055
35.424930572509766,34.400001525878906
25.38747215270996,12.899999618530273
40.3806037902832,24.5
19.850297927856445,10.399999618530273
15.484950065612793,12.5
16.70647621154785,10.300000190734863
11.982535362243652,11.0
25.112695693969727,14.600000381469727
22.317373275756836,14.199999809265137
20.131643295288086,7.699999809265137
27.763261795043945,19.100000381469727
22.53359031677246,16.899999618530273
23.319856643676758,24.100000381469727
17.89579963684082,10.899999618530273
16.469877243041992,10.0
12.098139762878418,6.599999904632568
44.75223922729492,31.100000381469727
16.547910690307617,13.199999809265137
35.721378326416016,46.900001525878906
25.586679458618164,19.299999237060547
22.829126358032227,17.600000381469727
21.42219352722168,19.0
44.10612869262695,30.200000762939453
39.946781158447266,37.20000076293945
20.516263961791992,23.0
30.944509506225586,34.70000076293945
16.627534866333008,24.600000381469727
26.75950050354004,25.600000381469727
26.523794174194336,25.299999237060547
18.207590103149414,32.099998474121094
20.8815975189209,21.799999237060547
25.065610885620117,27.600000381469727
33.35468673706055,28.299999237060547
20.519521713256836,20.100000381469727
11.01319408416748,7.0
19.92179298400879,18.200000762939453
46.26915740966797,38.400001525878906
38.03370666503906,59.70000076293945
30.838882446289062,23.799999237060547
33.1611328125,23.700000762939453
16.904726028442383,16.299999237060547
24.66449546813965,19.700000762939453
26.682191848754883,17.600000381469727
17.56276512145996,16.200000762939453
19.737943649291992,20.100000381469727
18.44944953918457,14.600000381469727
12.96448802947998,16.0
16.627775192260742,18.899999618530273
34.981571197509766,52.70000076293945
16.20320701599121,12.5
15.519824028015137,12.300000190734863
25.486207962036133,23.0
20.615327835083008,27.399999618530273
21.340227127075195,20.0
17.024961471557617,17.600000381469727
17.33563804626465,18.100000381469727
53.07704544067383,51.29999923706055
12.778162956237793,7.099999904632568
26.034971237182617,29.899999618530273
36.03879165649414,37.70000076293945
19.5415096282959,22.100000381469727
12.700350761413574,12.199999809265137
28.558332443237305,42.099998474121094
23.641324996948242,25.5
30.2789363861084,32.29999923706055
27.50330924987793,36.099998474121094
27.298383712768555,27.899999618530273
51.3238410949707,47.70000076293945
48.24978256225586,44.70000076293945
12.780383110046387,13.699999809265137
24.26167869567871,20.700000762939453
28.111356735229492,26.5
40.17356491088867,41.900001525878906
61.00251007080078,49.400001525878906
33.03378677368164,45.900001525878906
47.40058517456055,37.5
20.431882858276367,36.5
30.36760139465332,25.0
27.99592399597168,15.0
15.466326713562012,15.699999809265137
33.08417892456055,51.0
35.843624114990234,33.70000076293945
25.037199020385742,20.299999237060547
44.40766525268555,36.900001525878906
38.005760192871094,24.700000762939453
10.005789756774902,10.0
40.896881103515625,26.399999618530273
26.57923698425293,24.700000762939453
30.32438850402832,36.79999923706055
19.446821212768555,18.399999618530273
26.204050064086914,20.200000762939453
33.32675552368164,19.600000381469727
14.555811882019043,13.100000381469727
19.594087600708008,19.700000762939453
25.608308792114258,25.0
21.523290634155273,19.0
26.024248123168945,28.0
13.702792167663574,9.600000381469727
19.978845596313477,26.299999237060547
20.67256736755371,28.100000381469727
21.229368209838867,19.600000381469727
36.19259262084961,39.70000076293945
13.912379264831543,12.100000381469727
15.08594799041748,16.0
20.143278121948242,22.200000762939453
19.316511154174805,27.0
18.92903709411621,25.600000381469727
21.825002670288086,25.600000381469727
14.769301414489746,10.899999618530273
31.830289840698242,16.700000762939453
37.34160614013672,41.599998474121094
30.5759334564209,29.700000762939453
28.291120529174805,42.900001525878906
26.973241806030273,38.70000076293945
52.177001953125,48.70000076293945
34.690040588378906,36.599998474121094
43.73516845703125,19.200000762939453
27.264665603637695,15.800000190734863
35.779937744140625,36.599998474121094
23.99164390563965,20.899999618530273
28.845544815063477,25.700000762939453
59.41524124145508,57.900001525878906
38.880348205566406,20.899999618530273
23.84135627746582,15.600000381469727
23.714502334594727,22.799999237060547
14.55850887298584,12.300000190734863
18.511274337768555,22.5
14.881709098815918,13.399999618530273
12.522032737731934,9.399999618530273
13.102473258972168,13.5
17.50980567932129,22.600000381469727
15.724570274353027,15.899999618530273
12.388205528259277,11.800000190734863
17.7193546295166,15.899999618530273
21.604768753051758,24.700000762939453
15.279589653015137,15.899999618530273
30.72092628479004,26.299999237060547
10.643454551696777,13.100000381469727
11.969523429870605,13.399999618530273
23.346933364868164,29.399999618530273
18.238359451293945,12.5
14.312762260437012,12.300000190734863
34.60923767089844,38.599998474121094
14.009963035583496,9.199999809265137
18.031152725219727,12.600000381469727
15.808432579040527,14.800000190734863
16.92249870300293,16.5
14.673335075378418,10.100000381469727
13.614291191101074,15.5
13.901259422302246,13.199999809265137
22.650449752807617,14.899999618530273
21.80301856994629,17.799999237060547
13.01611614227295,9.399999618530273
16.501707077026367,13.100000381469727
14.8521146774292,8.399999618530273
19.77610206604004,11.899999618530273
12.298357963562012,13.699999809265137
14.242518424987793,11.100000381469727
11.791289329528809,9.199999809265137
13.850932121276855,10.899999618530273
45.271461486816406,22.700000762939453
10.42597484588623,8.399999618530273
15.24201488494873,11.899999618530273
30.976511001586914,34.0
11.501120567321777,11.800000190734863
16.851362228393555,11.199999809265137
21.2358341217041,14.399999618530273
13.62988567352295,12.199999809265137
19.20628547668457,21.700000762939453
36.85505294799805,31.299999237060547
30.346147537231445,18.899999618530273
33.0002555847168,28.600000381469727
31.35529327392578,34.70000076293945
19.4586124420166,14.5
17.44029426574707,16.0
34.07562255859375,26.100000381469727
28.882253646850586,18.0
14.424479484558105,10.0
25.1804141998291,21.700000762939453
29.832868576049805,27.200000762939453
24.378671646118164,13.800000190734863
18.81046485900879,25.399999618530273
19.097074508666992,22.799999237060547
10.67981243133545,8.399999618530273
23.743600845336914,26.799999237060547
11.538180351257324,9.800000190734863
12.177485466003418,18.200000762939453
15.391467094421387,12.300000190734863
12.57895565032959,11.600000381469727
10.04724407196045,6.5
13.162482261657715,10.699999809265137
14.3784818649292,16.100000381469727
15.042365074157715,13.199999809265137
13.045748710632324,12.399999618530273
14.211947441101074,16.100000381469727
13.96216106414795,13.600000381469727
15.370417594909668,15.100000381469727
13.00345516204834,12.0
12.070719718933105,13.100000381469727
14.328089714050293,10.5
14.815821647644043,15.300000190734863
29.25095558166504,27.200000762939453
30.568689346313477,23.899999618530273
14.224730491638184,12.399999618530273
15.09903621673584,9.699999809265137
14.151171684265137,13.899999618530273
27.934064865112305,20.299999237060547
13.527937889099121,12.800000190734863
14.083067893981934,11.899999618530273
12.006999015808105,22.0
21.9643497467041,24.899999618530273
15.74744701385498,11.300000190734863
15.186556816101074,10.699999809265137
11.403338432312012,9.699999809265137
13.171809196472168,11.100000381469727
14.663630485534668,18.899999618530273
13.959662437438965,12.699999809265137
11.676955223083496,11.0
23.2864933013916,18.700000762939453
26.214574813842773,18.5
21.330846786499023,16.399999618530273
16.39983558654785,12.0
22.427759170532227,16.299999237060547
29.76487922668457,24.399999618530273
13.856062889099121,7.699999809265137
25.14295768737793,29.899999618530273
31.89299201965332,28.200000762939453
23.321096420288086,13.699999809265137
11.929877281188965,13.800000190734863
21.416704177856445,7.800000190734863
23.338045120239258,14.699999809265137
16.688615798950195,11.100000381469727
58.7694091796875,43.70000076293945
24.56938362121582,18.799999237060547
51.306339263916016,38.599998474121094
11.19636058807373,13.300000190734863
33.748191833496094,27.399999618530273
39.404136657714844,43.29999923706055
19.525747299194336,16.299999237060547
14.182486534118652,10.199999809265137
19.05607795715332,15.199999809265137
65.44735717773438,69.19999694824219
45.017574310302734,37.0
20.805971145629883,18.899999618530273
14.066390037536621,15.0
31.38228988647461,23.899999618530273
21.14030647277832,11.800000190734863
20.40275001525879,27.200000762939453
15.266009330749512,9.399999618530273
31.059133529663086,16.299999237060547
14.043566703796387,16.700000762939453
13.245688438415527,18.899999618530273
36.17117691040039,41.5
13.473139762878418,10.699999809265137
14.58862590789795,6.599999904632568
12.362662315368652,8.899999618530273
13.403403282165527,13.600000381469727
13.236414909362793,10.5
25.441736221313477,18.100000381469727
15.855669975280762,14.699999809265137
13.90851879119873,13.5
21.173879623413086,17.299999237060547
25.96986198425293,16.200000762939453
32.24110412597656,38.29999923706055
19.237611770629883,15.899999618530273
23.06853675842285,15.699999809265137
16.062536239624023,10.100000381469727
29.57218360900879,18.700000762939453
12.570807456970215,9.100000381469727
9.839835166931152,8.699999809265137
29.567445755004883,30.600000381469727
12.771906852722168,5.900000095367432
