y_true,y_pred,proba__0,proba__1,proba__2,proba__3,proba__4,proba__5,proba__6,proba__7,proba__8,proba__9
3,0,0.16718468695496105,0.08624719342731116,0.08595840379507276,0.11840171744745594,0.05335070208229237,0.0875697113463133,0.05017209561569331,0.09205334429165417,0.1519035413387826,0.10715860370029606
5,0,0.19262461329632072,0.09176622418856677,0.0730408105023726,0.10380045400145808,0.04200105121060576,0.10632223415261997,0.05170614195100888,0.1170161362463374,0.1453471023259656,0.07637523212455169
8,0,0.17748152710769602,0.0885684989338719,0.0810536433161507,0.1131175386115988,0.04861020523899746,0.094424231279603,0.05074803986964038,0.10116185658101791,0.1503414066515559,0.0944930524096905
0,0,0.17758595109833017,0.08893232032716583,0.08069971345017901,0.11241158839215583,0.04858280718152594,0.09534467635022113,0.05116049012219421,0.10211167339000163,0.14964497471862484,0.0935258049694238
1,0,0.18529044689593985,0.0896150549695593,0.07766842431034304,0.1098269021151211,0.04515622689839712,0.09852252376532067,0.05049372373884513,0.10715630308486405,0.14960050328391974,0.0866698909375045
1,0,0.18838980235261185,0.09050359291154797,0.07580216915871116,0.10743094208766973,0.04380381717973741,0.10158401534501765,0.050952825673318866,0.11104244112187373,0.14809173496729303,0.08239865920203032
2,0,0.1814509652248843,0.08966957550870955,0.07884347194434693,0.11042355232549153,0.04683527296282784,0.09789809532809564,0.0512479261996947,0.10559368000241293,0.14891597600384238,0.08912148449951268
6,0,0.17107599538261808,0.08674555029326102,0.0844648780131335,0.11716969149126218,0.0513834463521749,0.08912704324623774,0.049916627729743646,0.09445752591482418,0.15237283551266045,0.10328640606391325
6,0,0.17552932268452454,0.08762031831131831,0.08245355225676994,0.11510247380246638,0.04932156482122974,0.09176863385783804,0.05002604325350127,0.09808838067755413,0.15197006624019455,0.09811964409442751
8,0,0.17364242736110488,0.08687667043269767,0.08361577521608848,0.11665369162408142,0.05006799323112997,0.08973956506282608,0.04954129638521767,0.09565364542353937,0.15300905248847066,0.10119988277467012
1,0,0.17493388311518115,0.08849699553127383,0.08186838496932031,0.11360356671332811,0.049951592018141464,0.09391516809553821,0.051198220303202445,0.10003512009994783,0.14960604969703278,0.09639101945685893
1,0,0.18349166721810295,0.0893472764716999,0.07849222573589207,0.11067673678804094,0.04592192394475626,0.09745889828012094,0.0505110168170864,0.1056462505780739,0.14991985746449724,0.08853414670154582
2,0,0.17007177908997625,0.08640126393629133,0.08502858593921117,0.1178700840171794,0.05177275636474392,0.08819086592170809,0.04972110115291007,0.0933303192331712,0.15280501676772515,0.10480822757691322
4,0,0.16964537968452847,0.08630828742523804,0.08520832848082133,0.11807571324410343,0.05206640301274178,0.08800007481155164,0.0497292748507352,0.09302593411145246,0.15264308508762567,0.10529751929103222
4,0,0.17427634087613483,0.0872525291980209,0.08311975071502098,0.11591705527718314,0.04990588658083298,0.09074593715255948,0.04986518060690938,0.09678192895139653,0.1522797036896564,0.09985568695211097
2,0,0.1882437015787431,0.09088465438236223,0.07544989964405138,0.10669787046260218,0.04397354319974169,0.10270253195914178,0.05144927613248387,0.11213650541370954,0.14692245948039037,0.08153955774658563
2,0,0.18510045770164132,0.08919593262319937,0.07812530965154793,0.11067228407093402,0.045176330325874585,0.09736082929468656,0.050043936340228155,0.10594186479523933,0.15057179811583876,0.08781125708062487
1,0,0.18192348432684097,0.09010505535687674,0.0782651232573657,0.10950368606897647,0.046764609530151977,0.09921995456657172,0.05169369842603766,0.10701535335443409,0.14778744598799998,0.08772158912456277
4,0,0.1739999993508462,0.08739334031092008,0.08308093309822355,0.11570092542745108,0.05011881107094877,0.09106726109421574,0.05009249078685143,0.09702529555788122,0.1518165877812438,0.09970435552124421
0,0,0.1844987704860955,0.08910254118463559,0.0783955844793341,0.1109631663299693,0.04545330670093985,0.0970156184082906,0.05004887971125682,0.10543983393970832,0.15063510768024077,0.08844719107934455
1,0,0.18285603035684725,0.08879368987041918,0.0792167652564881,0.11183891830224717,0.046018589370612914,0.09582346872015837,0.04995999245188168,0.10387179925033113,0.15131400656862468,0.09030673985220666
0,0,0.18819907653189558,0.0904284972466825,0.07594224007761968,0.10762554818192867,0.0438723526992286,0.10132761498119261,0.05089570134477126,0.11073297589620995,0.14826732453793637,0.0827086685023464
8,0,0.17219147464374335,0.0864097826292607,0.08442347740023545,0.11759028688428981,0.05038339157931142,0.08827712164755655,0.04924029294625528,0.09395626157926958,0.1541473982933026,0.1033805123966031
8,0,0.17666396578742094,0.08739539933044192,0.08231289799720157,0.11530979660176591,0.048424002180761386,0.09121307774067813,0.049492807426108454,0.09785825548404567,0.15341324904176046,0.09791654840963883
1,0,0.1661333070441678,0.08574776494820487,0.08666533139988426,0.11930155915548386,0.0534130700092975,0.08609217868689106,0.049733469437045055,0.09047492682445611,0.15323391026143912,0.10920448223296436
4,0,0.19859815117288784,0.09368991478931864,0.06857069743057208,0.09775051214053322,0.039290964967167774,0.11446863242883805,0.053024830267336405,0.12724455113649014,0.14011096445866392,0.06725078120799322
4,0,0.17227263683910837,0.08736240467967202,0.0836127947475833,0.11596131154511152,0.05100482219111956,0.09077172869647195,0.050408711093778424,0.09632924715449126,0.15131383423198833,0.10096250882050294
8,0,0.18550278051767716,0.09105003748733408,0.07619217088087284,0.10688940479788328,0.045000516550980155,0.10247040808193049,0.052124312223834554,0.11123652946199064,0.14659259019316803,0.08294124980414334
0,0,0.18284694166211704,0.09027763534119275,0.07780768464644539,0.10900155430775157,0.046335180955968586,0.09985873292126203,0.05171516948955151,0.10788727685943572,0.14759792694650098,0.08667189686959148
6,0,0.17007750546667746,0.08739265087349818,0.08424851067799435,0.11614709491188749,0.052013585413655604,0.09047120938590153,0.0508553452383296,0.09554128405412338,0.15082999358226654,0.10242282039549575
8,0,0.18266853187776283,0.08960308671244407,0.07852829403092318,0.11028128594223537,0.046097515999427414,0.0978825103818073,0.050925215238192774,0.10588829692419005,0.14968814823782983,0.08843711465500458
0,0,0.1926600606031061,0.09193679343107837,0.07282565063893152,0.10343667991379055,0.04204430594281058,0.10690906623230494,0.05191559082777257,0.11761998687928273,0.1447415516284933,0.07591031390223663
4,0,0.17944185613768376,0.08867329145505055,0.08036238745903435,0.11262734657382367,0.047695562848986135,0.09500718933018391,0.05049549524858547,0.10221580732142925,0.150575604272642,0.09290545935240155
0,0,0.185528297892077,0.09005589471045307,0.07717045762816774,0.10892265233501582,0.04507564618390241,0.09976479646701232,0.0509558903167097,0.10847184978091003,0.1486332771902122,0.08542123749535409
8,0,0.18315838771728787,0.08975150121412535,0.07823225886695863,0.10995426913339795,0.04604268858938114,0.09842201831880623,0.05102136550644503,0.10654358538377845,0.14910313111933818,0.08777079415029797
9,0,0.18147604083057747,0.0892263163738016,0.07922898213196553,0.11126335067404171,0.04685328605857803,0.09679883545516578,0.05075045464940294,0.10448193529241873,0.14973705328828427,0.09018374524558243
9,0,0.183070036852693,0.08966744560496744,0.07832734821858597,0.11014046088928611,0.046126995939674516,0.09822686335065374,0.05094950956323092,0.10630559794344459,0.1491557942238726,0.088029947413408
1,0,0.20354893497088597,0.09286121527169436,0.0678089191089284,0.09814901091336468,0.03743523356016246,0.11314290830098665,0.051231645442947595,0.1272118773028922,0.14241367260547294,0.06619658252246112
9,0,0.18376449138821324,0.09019520278184191,0.077596405814313,0.10898956128924063,0.04590967306351581,0.09981230046202585,0.05144968469198637,0.10807319529104127,0.14794840650750637,0.0862610787101318
0,0,0.1788702043666334,0.08836731523403585,0.08080981857766766,0.11328007389198395,0.04787973267453759,0.09412277605716082,0.050242564506529926,0.1012051313905327,0.1511855043731984,0.09403687892754069
8,0,0.1850033239243809,0.09065743823555657,0.07671273011278491,0.10782125721761471,0.0454528148529006,0.10143740807179698,0.05177732879081608,0.10996227250346832,0.14691382821728924,0.08426159807320659
4,0,0.18831962314553466,0.09098294824786352,0.07532226192096397,0.10648554768321321,0.04393592172583922,0.10299521551636752,0.05154430972831841,0.11245222416654614,0.1467123798905983,0.08124956797456667
8,0,0.18277449707181262,0.08953472405442726,0.07852035635591181,0.11044561324785272,0.046349402201565866,0.09790569554791294,0.05087243479598223,0.10586052751469172,0.14918784974647215,0.08854889946318782
3,0,0.18936444934571584,0.09116586443493115,0.07478375812167253,0.1058439104891693,0.043412089573858025,0.10374603007823663,0.05156622067860738,0.11348903788248996,0.14655338447395816,0.08007525492117151
7,0,0.18096159497211559,0.08905452399451147,0.07954353635782031,0.11167369458625324,0.04708353796840191,0.096272939627922,0.05065346318412648,0.10382877798013973,0.14998006119074356,0.0909478701377847
7,0,0.18415222314113933,0.09078717814105156,0.07688727060408422,0.1077230078346555,0.04571021850772456,0.10152339245965473,0.05208364160232423,0.10991511138732553,0.14672902804936552,0.08448892827249052
7,0,0.18849783394256395,0.09189811900083687,0.07429151581112593,0.1045118489356879,0.04376287658448855,0.10572195782156897,0.05260642075938056,0.11532321552033219,0.1446328292120323,0.07875338241179422
7,0,0.18132775612271704,0.08913203375127303,0.07936162017902344,0.11146603114426365,0.046913972907397544,0.09652929079165554,0.05067188064439195,0.10417786831199936,0.149906561056963,0.09051298509013413
7,0,0.1894351873332937,0.0910531386687814,0.07488753301969263,0.10606696791202415,0.0433577150839935,0.10340278623660298,0.051411988829059986,0.11317224757867224,0.14689567772428982,0.0803167576134
0,0,0.1805335865959628,0.08911782768517046,0.07963493547449008,0.11162155795353963,0.047201367828628604,0.09630168548299052,0.05078531523336705,0.10377035296138847,0.1499458688956785,0.09108750188860325
1,0,0.18753673149376326,0.09089566101703142,0.07568747895570976,0.10680403506779637,0.04414432645085664,0.10249049986956814,0.051559038951616135,0.1117654460668265,0.147136280622734,0.08198050150391034
0,0,0.1838818951182374,0.08977153698875665,0.0779919400461855,0.109763731470429,0.0456245157600485,0.09856686334178488,0.0508930686416637,0.10687872112349116,0.14940102962428528,0.08722669788493409
2,0,0.18049112040095125,0.0891607734614703,0.07961360870906993,0.11154381769687456,0.04719757295290641,0.09638855963034433,0.050836419510399626,0.10384803775622208,0.1499082477440717,0.0910118421375093
8,0,0.17834296350009052,0.08790189397450919,0.08137272525059513,0.11420374665384389,0.048004300128488754,0.09286801162958412,0.04979820704646447,0.09983306647108613,0.1521581941076611,0.0955168912374982
4,0,0.17608643972864788,0.08722022445753018,0.08262237384271245,0.11573849479704795,0.048893707897425025,0.09084859584827577,0.04944673022359118,0.09732841585396285,0.15311474894087929,0.09870026840975128
0,0,0.18223295993259833,0.08872087261127089,0.07945443104577578,0.11208338468928207,0.04639978004352971,0.09560716763039623,0.05001821072723962,0.10347136560099363,0.1511121205395271,0.09089970717920438
1,0,0.1831271138291806,0.0899565009651967,0.0780361928036026,0.10956315544680874,0.04611821505372032,0.09900849875890722,0.05127653658320675,0.107107973641057,0.14852982794009806,0.0872759849780388
6,0,0.17727182443122344,0.08959514190307528,0.08019865591960733,0.11123249988690677,0.048850912716749795,0.0970154966749484,0.05197788184411506,0.10364842675019727,0.14809910224262396,0.0921100576303755
6,0,0.1789025179057294,0.08864901253917679,0.08055940653275773,0.11274802979715048,0.04786269702486159,0.09481420839563637,0.050542080024020844,0.10188615341016595,0.15069992113070763,0.0933359732396143
9,0,0.1811656873495455,0.08947919731468762,0.07910219793600064,0.11083109569661065,0.04698802954300054,0.09737268378040985,0.0510949600497499,0.10499343412997186,0.14919587123484176,0.0897768429650005
9,0,0.1723403277809508,0.08706418380277198,0.08385911776868674,0.11646899278153289,0.0507090761441157,0.0899549372254133,0.050003380219874376,0.09558459606018077,0.15234981965299307,0.10166556856330801
9,0,0.17659220124986458,0.08849123358964567,0.08140437629159943,0.11337535031108731,0.048914438808208865,0.09403405753271897,0.05080318582974642,0.10056352856644314,0.15053323494248677,0.09528839287802232
9,0,0.18036009333726485,0.08891316453300945,0.07986895697392718,0.11203306211839942,0.04727271743592943,0.0957547517733306,0.050587989325480504,0.10318380825378444,0.15032094054110265,0.09170451570759124
3,0,0.1781960530417516,0.08855970088335163,0.0808517002215233,0.11300583181022629,0.0481742111218994,0.09445994964753611,0.050593254689025396,0.1013937147520258,0.15073353802639983,0.09403204580608245
3,0,0.1802055319260046,0.08902556892475481,0.07982409382199433,0.11184088163371354,0.04731721091633778,0.09598153412353601,0.050737037913795205,0.10338165810931305,0.15014192175533242,0.09154456087503816
5,0,0.19939084111316804,0.0931175060311524,0.06902570341234678,0.09887269134472672,0.03904697527460914,0.11268582659673163,0.05220405940028121,0.12558255428580373,0.14180087900210964,0.0682729635388713
3,0,0.1903407141505155,0.09201903594819785,0.0735264995966513,0.10383648384894677,0.04304558392395571,0.10658544667129193,0.05242219160737896,0.11666925729683486,0.14431871118845394,0.07723607576758276
3,0,0.17970457217497585,0.08856185994014766,0.08039604099348899,0.11278654624105504,0.04743166671506306,0.09468991534518904,0.05028988180776442,0.10198833008210678,0.1511461655755023,0.09300502112452709
3,0,0.17792617269003,0.08837559214885045,0.08109906907543961,0.11339908912721443,0.04825325226169978,0.0939399561339654,0.050416649110180956,0.10081509085623454,0.1511057668895086,0.09466936170669832
3,0,0.17418288369094628,0.08757415786658533,0.08287785017293738,0.11535569206082162,0.05007475737772753,0.09153311982673294,0.05026696316019685,0.09752117513537734,0.1514758794653893,0.09913752124311125
3,0,0.18137059897114974,0.08955461385324476,0.07897013447191727,0.11065791178128444,0.04690415206095746,0.09761053777383563,0.05114364580270098,0.10528267444712032,0.14905505436227914,0.08945067647532884
4,0,0.1721187311146845,0.08738538342095578,0.08363487572139161,0.11593995970781257,0.05111825903547668,0.09082973495360744,0.050475986107324664,0.09634312746018665,0.1511523836376282,0.10100155884075972
0,0,0.19032049508492388,0.09237533253152597,0.0731357670732348,0.10305497651056413,0.04297494806857803,0.1076581486443878,0.05285036681241144,0.11778625724831279,0.14353265016847055,0.07631105785740011
0,0,0.192090639276346,0.09299766590910889,0.07178942916413046,0.10123870578524534,0.04218700630940748,0.11014835995877617,0.05329838346755306,0.12085137954699675,0.14191424708545602,0.07348418349678786
2,0,0.17149914858646756,0.0861250186918655,0.08482847904650348,0.11819161538583194,0.050936742224580694,0.08772670697860034,0.049117396679506896,0.09321036438412886,0.15389333993150986,0.10447118809083342
0,0,0.17047187905860803,0.08599158085656529,0.08523212656859415,0.1185257450673257,0.05137650734423884,0.08726566434091267,0.04915853914358842,0.09254102157952908,0.1539185882343726,0.10551834780609487
4,0,0.17769530581366305,0.08826010691071703,0.08125513203253365,0.11365009378623565,0.04845814554163059,0.09369399229302994,0.050356201513642174,0.10049233658212171,0.15104696703435724,0.09509171849189126
0,0,0.17189583943435058,0.08677004392056022,0.08421783753393082,0.11703689594256074,0.05087773159218679,0.08922732083140572,0.04976142415666816,0.09476931293640374,0.1527707752614062,0.10267281839035522
1,0,0.19371764149099316,0.09297047817919309,0.07125286209093225,0.10085726727877764,0.04145451460443987,0.11048057848893464,0.05297288931860993,0.1216581299548066,0.14215551877784335,0.07248011981527563
0,0,0.174366782939587,0.086890854481078,0.08339728184835637,0.11653794992133686,0.0496689433173997,0.08983581415432933,0.04940885107469569,0.09593395958352763,0.1532872539793981,0.10067230870011688
2,0,0.17883794089378563,0.09035615696170686,0.07899687908755405,0.10955156343134854,0.048223510713947315,0.0993047594531408,0.05258056401834889,0.10633309645485536,0.14664556672161067,0.08916996226352285
3,0,0.17549531313006966,0.08673936077543777,0.08318094376030175,0.11666480094728522,0.049097504495391395,0.08965216819135378,0.049021467234169364,0.09600569143141795,0.1538966189957615,0.10024613103863608
8,0,0.16630516553214816,0.08531577105584391,0.08693166733658562,0.1200447477350514,0.053324130118177666,0.08526666835932994,0.04921982363073341,0.08967640954334766,0.1538482939248208,0.11006732276379516
8,0,0.16854963756517133,0.08489193080246672,0.08659439674491334,0.1205554313212436,0.05199689985968757,0.08459935100201284,0.04829057326150707,0.08953095363438404,0.15551615647748682,0.10947466933095823
2,0,0.19155697367302976,0.09185597761922432,0.07329806696196964,0.10388316417643002,0.042486451423206104,0.10634623672850121,0.051999857975701544,0.11674939378715089,0.1449576401626976,0.07686623749189736
7,0,0.18750535068800983,0.0917521251903501,0.07478496454340161,0.10503839987098064,0.04420428605170311,0.10502449169423692,0.052598077097361653,0.11433714938163145,0.1449349480497416,0.07982020743239547
0,0,0.17343100752844567,0.08664360265900871,0.08386715496600633,0.1170790271945176,0.05006948930657859,0.08913431351946577,0.049313252264717604,0.09503250098205719,0.15352076413394175,0.10190888744508717
4,0,0.17246795266307233,0.08788949724956588,0.08310703148947095,0.11500702618432619,0.05112898753770757,0.09213478925220402,0.05100915625991928,0.09768094100481653,0.15005521992181767,0.09951939843692707
5,0,0.20626208392964226,0.09285821239554312,0.06678153767386961,0.09723346162224132,0.03640246872466058,0.11407494687019104,0.05082447151411984,0.1289819833121587,0.1421881286903364,0.06439270526703075
0,0,0.17824544630087427,0.088466663518369,0.0809165701125464,0.1131861749845565,0.04816503712430698,0.09426191072478009,0.050464934576998174,0.10118267831387665,0.1508891318033056,0.09422145254020801
4,0,0.1696769364694407,0.086831492575143,0.08478582577159553,0.11717476453261186,0.05225733368328838,0.08924033477055339,0.0503397764913607,0.09422335719999726,0.15146270954996569,0.10400746895587372
8,0,0.19962557190193492,0.09338795688069924,0.06859099681996232,0.09816498525789738,0.038954434826640336,0.11374205615739831,0.052489124093142374,0.12675015202061984,0.14090064662667096,0.06739407541483486
1,0,0.18476981189112568,0.0901857224901766,0.07727867723401965,0.10881088617409994,0.0454794333338567,0.10000051337401397,0.05126258646321604,0.10851265405743082,0.14808867228562028,0.08561104269625555
1,0,0.17672791960250644,0.08904948666712728,0.08086945445149026,0.11230777194698573,0.04891403362927159,0.0954231181504001,0.05144581668067721,0.10200571250096539,0.14941226283971268,0.09384442353068662
4,0,0.16428070834951816,0.08436228972903753,0.08817488611792497,0.12175324678155902,0.05403255231293456,0.0829751402954137,0.04855540051400834,0.08705763078525702,0.15503086508897426,0.11377728002520823
2,0,0.1768246156735259,0.09043850762492756,0.07954075660602802,0.10974085082327013,0.04927874311643871,0.09921831342824508,0.053072476271030324,0.10569919559070219,0.14588353643224328,0.09030300443341198
8,0,0.1806966408601796,0.08989195458605459,0.07884222055613611,0.11011151831027112,0.0473395426497092,0.09847093140104868,0.051701582880714816,0.10594986572198256,0.14795819081067044,0.08903755222305225
0,0,0.1747024570556842,0.08766847517852301,0.08265435130436552,0.11512050406691866,0.04976744737274358,0.0917795672997308,0.05025368174130316,0.09790349728527377,0.1515777396945359,0.09857227900074676
8,0,0.1756841766405341,0.0880496876359398,0.08205020819090753,0.11428857487302088,0.04927876390184208,0.09278733221235873,0.05049178949095223,0.09915218852400855,0.15122551616063937,0.09699176236962109
4,0,0.1685965587795698,0.08646354164852801,0.08539451034657022,0.11790600156278037,0.0526490562663938,0.08820331097257762,0.05011059322476764,0.09298435509913336,0.1520134658950084,0.1056786062045023
0,0,0.18156018386518846,0.08992988775231217,0.07855911535685285,0.10989565795552984,0.046826548557212806,0.09862300595974346,0.051541697860994155,0.10634669515628614,0.14831592206149036,0.08840128547420821
5,0,0.19863466737626426,0.0940500815686184,0.0680570698567759,0.09686868314613667,0.039285779212067926,0.11583224513425075,0.05347308985700723,0.12868065536102605,0.13886168577856609,0.06625604270908823
2,0,0.17716865921235803,0.08898609160702828,0.08077824473280194,0.11240026531657163,0.048851228580619584,0.09544342189770377,0.051294456139980044,0.10208476907133104,0.14930870723718676,0.0936841562042417
2,0,0.1830779852330853,0.09035267457339878,0.07766815088086305,0.10880761387224472,0.0461963555948169,0.10008498060984293,0.051750837080689734,0.1081781127703752,0.14755345900777617,0.08632983037672426
3,0,0.1757771506848087,0.08887779236789123,0.08129415609862982,0.11279460990315497,0.049535184320495924,0.0949485124688181,0.051452822385794676,0.10126665329735643,0.14915424835523194,0.09489887011764228
3,0,0.17684700027287487,0.08772902276062765,0.08197550643922741,0.11472584471178542,0.048637909619373094,0.09218347150979944,0.04987860351046431,0.09881868974245964,0.15224079781351724,0.09696315361969429
8,0,0.17259166037313542,0.0870719967714178,0.08376115023893273,0.11644010501786095,0.0507081640741818,0.09009235328474632,0.04998155997190731,0.0957375350841249,0.15215620245080233,0.10145927273271789
0,0,0.17754733769743336,0.09047217591497672,0.07928363850433669,0.10954806145290098,0.048908021037613755,0.0994159828025864,0.052979164775275554,0.10610392868672484,0.14600461273477677,0.0897370763931973
1,0,0.16887793602128842,0.08663395587094844,0.08520490848565555,0.11756811508846558,0.05232840302095124,0.08847785596410505,0.05020636394584324,0.09336972914472864,0.1522121864512771,0.10512054600656792
9,0,0.17048083472765116,0.0861691875314581,0.08509151450867426,0.11822303159752642,0.05146880871689765,0.08769451407251641,0.04936265002656095,0.09294386445926205,0.15347757554684496,0.10508801881243748
0,0,0.1602541891564957,0.08341413087834805,0.08991461781732212,0.12349355301295846,0.05596971230481659,0.08067533218832933,0.04835172857778801,0.08398651584529518,0.15504004379329794,0.1189001764251883
8,0,0.17039331783837386,0.08600557594280525,0.08522605342635951,0.11851613756463161,0.051561914516749754,0.08738261903422652,0.04922376637630938,0.09260392260188186,0.15357607733555445,0.10551061536293734
1,0,0.16978728702718296,0.08624640568150523,0.08524337910647335,0.11814591336000897,0.05172553582472801,0.08769634724702703,0.04956798242714889,0.09282333912607782,0.15334458008487442,0.10541923011480346
8,0,0.1861285035542074,0.09141968961608252,0.07559583815356555,0.10603919245296178,0.04483873458732933,0.10374739706896623,0.052459484591258196,0.11267514952412723,0.14551806859939523,0.0815779418519203
0,0,0.17973915919228184,0.09052398807894035,0.07852614081723165,0.10906251657949738,0.047923170041710456,0.1000551663815584,0.05265738583213999,0.10728483854493327,0.14614838616323145,0.08807924836829538
7,0,0.16720028934210313,0.08597938024307071,0.08614747795436918,0.11883867936338653,0.05319341764147604,0.08695258549565593,0.0498407081546891,0.09144851032031691,0.15259425637613455,0.10780469510863072
1,0,0.20308302928515878,0.09455407321932817,0.06564308321792295,0.09405289545079559,0.03723022914139055,0.1193195092242952,0.05337821737781158,0.13382466606812385,0.13713138448272252,0.061782912532247686
3,0,0.1737533467397022,0.08755167034660111,0.08303285527760162,0.11545493507926398,0.050231378867220206,0.09137996319777704,0.0503061503185223,0.09727932421015717,0.15151009835918428,0.09950027760379629
4,0,0.1830581072503594,0.09031945474831331,0.07769835554931595,0.10886733464604112,0.04621612536521486,0.10001265256661557,0.05171991494067174,0.10808284992269118,0.14760379878022592,0.08642140623036801
2,0,0.17403174135896093,0.08684162153525336,0.08352658582011548,0.11666150303692582,0.04986978885430799,0.089707465562685,0.049434865106226626,0.09572274801346342,0.153189395093186,0.1010142856187014
6,0,0.17679244456720425,0.08886363659323039,0.08100183798037458,0.1126725235982712,0.048994075379724986,0.09505630161535489,0.05122840405363933,0.10162285318490827,0.1495262177030069,0.09424170532410858
0,0,0.17277729820745957,0.08716127344545767,0.0836371033624959,0.11625333831162872,0.05061980360173842,0.09031924767364474,0.05005424315577796,0.09601444535439313,0.15205524302648254,0.10110800386074864
0,0,0.17611065920724747,0.0882544016714027,0.08174234591955981,0.11388492368601229,0.049187184259461475,0.09341615719005306,0.05064564934009555,0.09984089240376777,0.15072977437617677,0.09618801194604716
0,0,0.17628138957725023,0.08785735445280064,0.08202803122322572,0.11457499495774792,0.04900956628643278,0.092462502884424,0.050152605479181496,0.09894229375712922,0.15166127222545756,0.09702998915617399
9,0,0.17828097042166074,0.08908345162112453,0.08035872171705992,0.11204685728141607,0.048274168119921024,0.0958406455786741,0.05117428732057447,0.10275057362340057,0.14949164130830273,0.09269868300768769
6,0,0.17333899663111146,0.08850689280237649,0.08235038872176614,0.1137972195528818,0.05066374732672924,0.093652613450463,0.051498170262056345,0.09939304378268778,0.14933617502873237,0.09746275244102197
6,0,0.17689889591955882,0.08843086331536403,0.08135003117731705,0.11345505415214227,0.04885865689106839,0.0939838135649273,0.05069771565409099,0.10058551645327538,0.1505127825093453,0.09522667036273344
2,0,0.1683698248898384,0.08613071726094915,0.08571592456758428,0.11849768564614667,0.052645743428907245,0.08741615711785071,0.04977020019728635,0.09217485945829723,0.1526478103077114,0.10663107712526015
2,0,0.17405184179231972,0.08724106257960579,0.08319827796105644,0.11596595169467125,0.05000094186198975,0.09067794267805343,0.049889802456654385,0.09666345579749382,0.15226919804355324,0.10004152513442828
9,0,0.16618542526469238,0.08573576478017426,0.08663373320967777,0.11934531117919017,0.053674441514067625,0.08627738031866407,0.049779709248880845,0.09059870523198175,0.1526692491443162,0.1091002801081888
9,0,0.16787585873035718,0.08552456192921774,0.08632798224042042,0.1195602211543456,0.05257785537649928,0.08591719531498827,0.04914570085986873,0.09064918392785604,0.1539691226474582,0.10845231781882063
2,0,0.17688900196177443,0.08812321799055431,0.08161164520194816,0.11401419331573824,0.04883966610004493,0.09324448744646598,0.050359413375569574,0.09985194755158651,0.1510961145332221,0.09597031252291886
9,0,0.16744033489696658,0.08639803365141274,0.08577799969757169,0.11811768178583809,0.05321314666179463,0.08789924065058534,0.050280887897190756,0.09244589664226517,0.15179172322642007,0.1066350548897875
9,0,0.17297900633294597,0.0876572473256558,0.08316480348355906,0.11535433928910818,0.050699710315373424,0.09155864767674822,0.050603794181965284,0.09726682476917711,0.15094688135047973,0.0997687452748142
1,0,0.16607112134182425,0.08570196203420928,0.08669220296932616,0.11940959038089266,0.053717653520190915,0.0861817424051204,0.049755152155877815,0.09047718996358271,0.15272151367135472,0.10927187155745485
1,0,0.17303718008000457,0.08704875608560217,0.08365403409445363,0.11641948934570324,0.05043175343865057,0.09006718173368729,0.04986525039661831,0.0958360630527839,0.15243240722023668,0.10120788455208661
2,0,0.16689831973368738,0.08649683853064392,0.08584742197784394,0.11799971594682483,0.05359260068194667,0.0881026728364701,0.050524190567411864,0.0925017186606883,0.1512787259942225,0.10675779507009368
2,0,0.172771805170275,0.0873059716293494,0.08351575099968692,0.11599768561858345,0.050694562810150244,0.09067604051866553,0.05023565732417547,0.09636365167323306,0.15167489840396692,0.10076397585174117
9,0,0.17650744671164423,0.08791565564108345,0.08190371233874799,0.11444561191450606,0.04897953604377155,0.0926706541489336,0.050188707838948014,0.09919312021710369,0.151456319889572,0.09673923525551305
6,0,0.16103618840225162,0.0840779806825438,0.08926619539881586,0.12241028525887325,0.055798738954319596,0.0821160941547508,0.04893165821837804,0.08551565634997138,0.15409809592569937,0.11674910665423523
4,0,0.16982252228201156,0.08659550539258053,0.08492921968062557,0.1175632951294548,0.052094209195601475,0.08870549008941032,0.05003648662324628,0.09374196017594597,0.15203620513120408,0.10447510629974958
6,0,0.1662604625228837,0.08558904570533667,0.08674502538948149,0.11956383007821939,0.05333695528536666,0.08579485277982632,0.049539095922544435,0.0902079364227619,0.1534953412867381,0.10946745460667512
0,0,0.173374513137841,0.08753651602760563,0.0831558844534929,0.11552398576308544,0.050426851124378155,0.09128947296310357,0.050369226219833835,0.09710498531636134,0.1514160301520322,0.09980253484209242
0,0,0.17648893193687387,0.08884227664073917,0.08111307523672003,0.11275556616885317,0.04913705747503779,0.09494848108291042,0.051264003053693455,0.10144801332453383,0.1494992872497397,0.09450330783072196
0,0,0.1662255396548192,0.08511306254443383,0.08709070039296242,0.12036685474624115,0.05329503138036464,0.08481547271108958,0.04902540965794201,0.08923869151718117,0.15422652613098034,0.11060271126381942
0,0,0.17167186960862466,0.0872209873049216,0.08393180971391931,0.1162587627982101,0.05101284411798709,0.09018089592237677,0.05031235428599163,0.095675439774575,0.15196817580679914,0.10176686066642307
4,0,0.1675440762878399,0.08650668631478338,0.08566577880081434,0.1179327266678392,0.05320388747544209,0.0881713948810729,0.050377637719994095,0.09271733916783138,0.1515820159850856,0.10629845669912948
4,0,0.175867015171026,0.0879800646191772,0.0820415467185704,0.11441853287460027,0.04930715569271389,0.09274012835722648,0.050389587646149016,0.09910780956984044,0.15113427370685512,0.09701388564366523
6,0,0.1714022404138667,0.08821729971247022,0.08316204427742731,0.11453786892291924,0.051616126674707635,0.09267240524374723,0.05157884914762758,0.09798957836871541,0.14933137493013507,0.09949221230821224
3,0,0.17760364910018533,0.08845257018436399,0.08111682172579977,0.11331113916767713,0.04851224798456709,0.09414812337925844,0.05057771790774612,0.10090381376679528,0.15067633215795542,0.0946975846254737
3,0,0.169138827586249,0.08539070510705671,0.08606374136431962,0.11966895766993244,0.0518667391633174,0.08576492985109707,0.04873650886735394,0.0907818419502849,0.1547063944740396,0.10788135396618016
7,0,0.2078386123864581,0.09336867682859143,0.06547100742497737,0.09537146826073897,0.03564553877783134,0.11657329135615832,0.05121110806057585,0.13219794275016197,0.14044430451326834,0.06187804964103031
9,0,0.17334968004322554,0.08714893674638285,0.08348560317457543,0.11621096130650287,0.05027363195039224,0.0903348728935402,0.049906297983323814,0.0961667378454976,0.15237140293902884,0.10075187511735723
9,0,0.18025243633804353,0.08920865379525693,0.07964306438099136,0.11149476489429197,0.04730997804949221,0.09647341097176601,0.050933441070511,0.10386992038001586,0.14976036126902653,0.09105396885042441
3,0,0.18120562978905966,0.08963148353017306,0.07894172943407148,0.11053880689758856,0.04703992595365641,0.09781783810677826,0.051276362115615044,0.10543656084679542,0.14874092352886092,0.08937073979722002
9,0,0.16886173536231244,0.08572355003035614,0.08588575177425668,0.11913559007726657,0.05221090290414826,0.08652716346376692,0.0491986403016172,0.09144457295475698,0.15374398151233948,0.10726811161901052
3,0,0.16634022680183702,0.08520009823402702,0.08698775701113533,0.12022915186961904,0.05335574414524996,0.08508232202553072,0.04911499789079921,0.0894934638551149,0.15390846762232108,0.1102877705441993
1,0,0.19168748816682718,0.09282874057582083,0.07214386827006725,0.10170255761179108,0.042260171777871405,0.10940013010932388,0.053154808870770155,0.12000938423554462,0.14261437123972587,0.07419847914206598
1,0,0.1725974476777804,0.08849759350835475,0.08257597066254312,0.1139017514561051,0.05105944828451484,0.09353130877989672,0.051650350684099434,0.09910266566714898,0.1490976787601912,0.09798578451919296
8,0,0.16392659644893653,0.08252117513743241,0.08948815840306833,0.12475155632773034,0.05347523807529688,0.07916416296973244,0.04656444585674256,0.08333134142967862,0.1584479513092164,0.11832937404200143
1,0,0.18088701754351533,0.08892384795111659,0.07970456157249398,0.11192372495334747,0.04697877230197209,0.09584465779852866,0.05048788589127492,0.10340443208240839,0.15052428126138362,0.09132081864377793
1,0,0.18583331110173051,0.09127298653167497,0.07584011350796917,0.10641619278828691,0.045043609111038094,0.10329052147552914,0.052347360421230685,0.11212086802079238,0.14567469637684785,0.08216034066471438
5,0,0.1827235772517336,0.08891073961841905,0.07914212647314145,0.11164238665956522,0.04614144642380434,0.09613838279281318,0.050129581879455945,0.10414090841600564,0.15091970826628412,0.09011114221859474
4,0,0.16940785664430003,0.08562370910716517,0.08579849700883212,0.11926111149716809,0.05192988224398036,0.08640477266596307,0.04898364017268316,0.09143451289325848,0.1540558335526409,0.10710018421383934
4,0,0.16870967327887604,0.08674470237274266,0.08513934130314177,0.11741264959361127,0.05268355674150793,0.08887509493518049,0.05042482460256774,0.09366307140642802,0.15144047890236936,0.10490660686340597
4,0,0.1737017370924615,0.0874240694293565,0.08315264135956932,0.11567912060587883,0.0501996521016842,0.09104784176649244,0.050171369459804084,0.09695533961953065,0.151819901038088,0.09984832752696075
4,0,0.1667284320161797,0.08600999694089202,0.08626258405959326,0.1188357323349616,0.05354406375011216,0.08700344312455903,0.05000417592131574,0.09139989198011585,0.15217222620651802,0.10803945366558595
4,0,0.17374492071765352,0.087091424720209,0.08341152327678912,0.11626082764303122,0.05008335844429472,0.09025813082092266,0.0497752136569797,0.09619241534630157,0.15256415798445208,0.10061802738919254
4,0,0.16852273303167414,0.08586507991730802,0.08586649632375243,0.11893420048170228,0.052518230200335234,0.08687098034124566,0.04945479504713923,0.09167953711277917,0.15315255186269075,0.10713539568120449
0,0,0.161217781449706,0.08357926513023635,0.0895542671347344,0.1232046612271544,0.05546679704560726,0.08108051541117142,0.0483208813551909,0.08458414742741709,0.1551765962404438,0.11781508757817724
7,0,0.1887686615173665,0.09109867842253414,0.07504936271360707,0.10614519580102856,0.04374503217955101,0.1034402276725467,0.05160342903264066,0.11302175199156334,0.14647272323547852,0.08065493743349485
0,0,0.18663024679771587,0.09115977119050538,0.07571107633805793,0.10645011804451163,0.0445433587111201,0.10305434365109917,0.052044544374752484,0.11211108674077752,0.14638474796994802,0.08191070618132515
0,0,0.18628817574382914,0.09048294827363813,0.07649458527160209,0.10791887223640104,0.04482477867337579,0.10115168582906804,0.05133599516937703,0.11005699521310972,0.14760279825732125,0.08384316533209152
1,0,0.17392302326977271,0.08674766008628083,0.08363058171123351,0.11684431950227787,0.04994999989071443,0.08950934414849458,0.04935939966910047,0.09549090415266144,0.1532452214178171,0.10129954615147317
1,0,0.17857080667081907,0.08864606540129959,0.08066933140516726,0.11279022597224873,0.047947746398730826,0.09471049147894472,0.05059071901967267,0.10171763050734332,0.15078491183703127,0.09357207130856406
0,0,0.17872007694945638,0.08939088807735107,0.07992565397284221,0.11140505340501576,0.04824219543707814,0.09678737340461765,0.05148807508813173,0.10378764545129976,0.14861707483082418,0.09163596338320441
0,0,0.18848139878058004,0.09131359720541272,0.07492874784886228,0.10575418911573006,0.043825720929376574,0.10397956315969441,0.05190226092075781,0.11351105124747966,0.14601320190426123,0.08029026888765653
1,0,0.19484836065142422,0.09271012607949879,0.07115701653398826,0.10114440261591202,0.04102621851201087,0.1099662341723147,0.05246581416099435,0.1214140105570441,0.14284697541413924,0.0724208413024786
2,0,0.17505982363706526,0.08784085672296134,0.08241399088947331,0.11475554615801717,0.04954132584197301,0.09219035316776444,0.050370612253091404,0.09841434634683024,0.15149261989768087,0.09792052508496782
6,0,0.19786507595095315,0.09233336742981475,0.07055189066263634,0.10114751685879932,0.03974756212684678,0.1095519994349593,0.05149695930002651,0.12181811998173675,0.14410254460593028,0.07138496364809895
8,0,0.19474294625809177,0.09181176401658489,0.0722735526312951,0.10315502781828535,0.04102031327916186,0.1069643523886048,0.05138107380097658,0.11826982187890654,0.14555401712930244,0.07482713079859604
3,0,0.19644156479613226,0.09227577829274135,0.07113278758471712,0.10167121879473298,0.04032416308492421,0.10893545629601237,0.051658640014807355,0.12078495808128994,0.14428168456324839,0.0724937484911974
3,0,0.1745404819341119,0.08862193608304977,0.08190238286562708,0.1133957492033708,0.0499211310303949,0.0940063033552237,0.051383622495545886,0.1000830777873863,0.1497595844544625,0.09638573079065259
2,0,0.17077436231861975,0.08585748416182866,0.08525448968561418,0.11871179218939801,0.05106953713756585,0.08693159496156101,0.04892402580893914,0.09230883803563684,0.15452523526326709,0.1056426404373986
8,0,0.17885712173323579,0.0888637845907921,0.08038214378055875,0.11236328841245136,0.04793134635701654,0.09535126895885249,0.05080686659178115,0.10242386116582883,0.15017634749910308,0.09284397091020122
1,0,0.1734999761988511,0.08751158604914235,0.08314642431187179,0.1155444761710925,0.05027180030566462,0.09119777096183022,0.05030215733903926,0.097064756109234,0.151679900982422,0.09978115157067856
3,0,0.17005589913235322,0.08785160256638602,0.08387012409008109,0.11533761423467798,0.052178262784479575,0.09157259939757528,0.051417057963580676,0.0966133413342987,0.14978611535447872,0.10131738314191868
8,0,0.18868090773228918,0.0915078092199106,0.07463600515138744,0.10531750542248425,0.04385252632397365,0.10467562701351968,0.05212344308170521,0.11425605012254259,0.14528460292994722,0.07966552300205146
1,0,0.17411995754305862,0.09074637891082644,0.0800902728144958,0.10955835072900588,0.05059315221463217,0.099514753070457,0.05399350050607376,0.10534057149253227,0.14470362240707635,0.09133944031166769
7,0,0.18482507634968443,0.08947045274727854,0.07795989650309519,0.11018743856973492,0.04530856170455952,0.09803254221052796,0.05040781628133954,0.10655413666095172,0.1499331584056207,0.08732092056702265
7,0,0.19243198835368652,0.09134706267710291,0.07358145753465674,0.10474119730201999,0.04202252976156751,0.10495019264241323,0.05122572833571339,0.11555791707861439,0.14657561733512503,0.07756630897890776
7,0,0.16714510279755698,0.08537669274559923,0.08665701789763143,0.119824144973084,0.05254598132326964,0.08526209000964448,0.04902226007572686,0.08991248881411476,0.1548021512628319,0.10945207010037354
1,0,0.17268262431207998,0.08822106684413891,0.08281760665551854,0.11431783620899008,0.050499845333294165,0.09256674894315282,0.05121201366628477,0.0982495646551187,0.150723802985699,0.0987088903955503
0,0,0.197518568870625,0.09293846083216702,0.06993773035563251,0.09985335246951639,0.03984852899723762,0.11148394608789153,0.05228774547296017,0.12377066528972795,0.1423423074823802,0.0700186941416643
1,0,0.17183404210491315,0.08636838393727234,0.08454214383863161,0.11773601143674224,0.05084386453663621,0.08832791667989272,0.049327237994009246,0.0938664846857734,0.1534907533611819,0.10366316142477536
1,0,0.17821401630428502,0.08835287985124687,0.08102805781463168,0.1134017454552285,0.04813932514644244,0.0939531887833635,0.05033814806956214,0.10088443203094555,0.15116667052276164,0.09452153602135453
7,0,0.19420157561322757,0.0927507693121867,0.07135875729198278,0.10121943950788499,0.041206247044302036,0.1098541380407101,0.052611530077135045,0.121153609199823,0.14291514566667365,0.07272878824587982
1,0,0.19546899034721552,0.09300212878220879,0.07057434958412166,0.10030619874985756,0.040759641908505694,0.11114027873160612,0.052723019670582696,0.1228144751281925,0.14198417462732518,0.0712267424701889
2,0,0.1812679564003377,0.0893500930388627,0.07918558834942194,0.11105196350359073,0.04693840532098083,0.0970804316718741,0.05093985781142844,0.10472268409964446,0.14946036429450318,0.09000265550917483
2,0,0.1860849643626713,0.09084773398831789,0.07620795997463141,0.10722446417399861,0.044843973219143976,0.10208058059906504,0.05178257875043984,0.11097132154221023,0.14689471820007402,0.08306170518926156
6,0,0.18142885465884834,0.08945231291903694,0.07904964806820042,0.11081815740685375,0.04677374607618327,0.09733435148504743,0.05098779027502395,0.10498922538489613,0.1495189208324407,0.0896469928932875
1,0,0.1809044026758264,0.08886800133605721,0.07975085402860561,0.11202635053412505,0.04695998252061572,0.09569740976528315,0.05042299986397406,0.10327191270694609,0.15065218929403054,0.09144589727435523
1,0,0.1896122549575139,0.09084153898527361,0.0750694980218221,0.10644741778201187,0.04317272602509921,0.10275803681009978,0.051114779422355795,0.11258299834425287,0.14767943245440748,0.08072131719697387
1,0,0.17198521022738983,0.08756088679627061,0.08356185849884445,0.11561979092846202,0.05092595199741192,0.0910160902911867,0.050643454532066395,0.09656515700165415,0.15138366502600556,0.10073793470053634
7,0,0.20308531813039618,0.09331156813824742,0.06740176826745158,0.09720301774594313,0.037483745819590235,0.11459107195923418,0.05184074024253633,0.1286794845347307,0.141155959935275,0.06524732522639208
5,0,0.1993544739244394,0.09316007191199249,0.06898130310741148,0.09878049551942808,0.03908395554285554,0.11283145553989778,0.05225877979601282,0.12570664103977536,0.14164016847548136,0.06820265514250633
1,0,0.18829376739970577,0.09108540243438165,0.07523524346053048,0.10626351631509402,0.04387333647135992,0.10324122514553088,0.0516555613002502,0.11271136202039862,0.14663942212136896,0.08100116333119124
7,0,0.18915031075335376,0.09331783889469603,0.07242861392417134,0.10130216343901045,0.04349351393369642,0.11041618634494181,0.054211070367456315,0.12029287033311195,0.14078998554934077,0.07459744646003191
3,0,0.1837836029311857,0.09012848843540504,0.07765637147315936,0.10909499492828043,0.045833744563142854,0.09961147740408789,0.05135590269111727,0.10786787405972474,0.1482600749233049,0.08640746859040808
3,0,0.19104539550780375,0.09167192730800498,0.0736804852947966,0.1043827576320622,0.04261660069317859,0.10564119336997782,0.051865359665672135,0.11590001209648236,0.14556317001380423,0.07763309841802618
3,0,0.17046914718293169,0.08653170946124797,0.08481955760896201,0.11759017632607774,0.05151708376722309,0.08848317801385881,0.04977470551050294,0.09372318944164211,0.15285507997856274,0.10423617270882049
9,0,0.167610314630453,0.08650766749743354,0.08567082396268329,0.11791204845393675,0.052958605975282055,0.08805177875376316,0.050320010689330695,0.0926574334085147,0.15202208431485784,0.1062892323135773
0,0,0.17320610070116182,0.08786555383756066,0.08295007174568916,0.11493598162069535,0.05037876534992048,0.09192064923199628,0.05075126482849267,0.09773272794187138,0.1511048719190463,0.09915401282339276
4,0,0.17617899667494835,0.08768666448037563,0.08218213288357265,0.11490073293704095,0.049153825766940676,0.09211446289843615,0.05000787455379204,0.0985487262776168,0.1517245194578921,0.09750206406920853
9,0,0.18127489639975744,0.08986369265626755,0.07870902429824503,0.11007708800393574,0.046968715592086235,0.0984127567755976,0.05151605521836633,0.10604850495875037,0.1483765838805851,0.08875268221622719
2,0,0.17747983669982836,0.08855347039669682,0.08106615076947658,0.11314371338542538,0.04862943674596297,0.09439021656529371,0.05073809888702826,0.10113216432053972,0.15033208929879205,0.09453482293077879
0,0,0.18400423537748656,0.09066436106081686,0.07705245349256368,0.10801023095463942,0.045832045319913625,0.10116445022140007,0.051955534212685325,0.10948718770087672,0.146901802199256,0.08492769946017768
4,0,0.1735924566612652,0.08707081349018268,0.08347439813398122,0.11632042608571995,0.050173222616708174,0.09020091928414775,0.04978305339343957,0.0960962464775321,0.1525205993700035,0.10076786448684626
2,0,0.16770526021829765,0.08566090302666363,0.08626101584890661,0.11934302254317862,0.052792509083126285,0.086257639197301,0.049367877297454656,0.09092724111326483,0.1534645954252912,0.10821993624634768
3,0,0.18355560252210232,0.08949174868650105,0.07834342703699036,0.11038764310445971,0.04588059443059674,0.09784000906134685,0.05066012353285611,0.10605007791469807,0.14965910903207824,0.08813166467818716
3,0,0.17083928105669552,0.087936802535847,0.08356230996741211,0.11511132646361497,0.051873924668769056,0.09193991902344176,0.0513671818571967,0.09713316717698084,0.14968112550719406,0.10055496174267718
3,0,0.17230894977286532,0.08721851053867725,0.08372303755501247,0.11620543701225287,0.050903917216187755,0.09040850233087717,0.05022787146013,0.09599355130228301,0.15172030719811197,0.10128991561342991
2,0,0.18413877956031854,0.08988161578858576,0.0777998032377494,0.10951873731633129,0.04559133319659103,0.09894635814030502,0.0509854836230965,0.1073182741317398,0.14902778555356164,0.08679182945153668
9,0,0.1669255946541502,0.08513422515065945,0.08688083835996764,0.12029115422033888,0.05295838661688748,0.08495399733559397,0.04890098080037996,0.08951669571695163,0.1543857737439541,0.11005235340094964
9,0,0.17255816855819642,0.08754540138882637,0.0833917283868688,0.11559780153412644,0.05079462219342972,0.09117473625030939,0.05054074396556992,0.09681357615862944,0.15124261189359944,0.10034060967027149
8,0,0.17345707368324195,0.08709081875541912,0.08348090761698643,0.11631199742061557,0.050339492920352225,0.09029908521584197,0.04984521415215482,0.09612137620675029,0.15224666771948447,0.10080736630897978
9,0,0.16849836823823017,0.08471338831352818,0.08674338004154168,0.12085404107327664,0.051893329722509915,0.0841591187564103,0.048085857260479495,0.08911563497667839,0.15599104148650972,0.10994584013066701
3,0,0.16855357759325718,0.08623027948143518,0.08559247532897593,0.11830295477465849,0.05253118960630291,0.08763010028109529,0.04983516832669923,0.0924302102204688,0.1526144638693767,0.10627958051756171
9,0,0.17710935719816254,0.08822708040781697,0.0814574805128063,0.11379458253576097,0.048742517964137685,0.09352933218579512,0.050431359782948,0.10018419921640796,0.15095381252984572,0.09557027766614161
7,0,0.17263117637430175,0.08789933830345203,0.08309141660723601,0.11493848990376171,0.050663022289611746,0.0919137885676044,0.05090889630629326,0.09759636569261702,0.15089212162141347,0.09946538433353597
9,0,0.1804134995108879,0.08965187768425609,0.07917699848877505,0.11063394684631186,0.04735602805581652,0.0976921267005196,0.05143537293728613,0.10512346464354552,0.14865731352596034,0.08985937160646064
3,0,0.15991553084133878,0.082726069346218,0.09045250240232383,0.12459111571951186,0.05577044805739433,0.07919544727028249,0.04762365280445766,0.08253427455074441,0.15638049287161834,0.12081046613595033
1,0,0.18411284267698577,0.09021398101999577,0.077471254129429,0.10887760228844819,0.04573100290847422,0.09992105862618769,0.051408747396144476,0.1082800735452087,0.14800980379520265,0.0859736336137396
9,0,0.17799449869129524,0.08788016973110732,0.08151165201591634,0.11428833464550965,0.048066578706945244,0.09268348980056666,0.04981890235463391,0.09960090310477644,0.1523314705982122,0.09582400035085901
2,0,0.17616873486165596,0.08923844714778348,0.08084965819877764,0.11207370757442006,0.049426062818360324,0.09594642806452995,0.05180561835529508,0.10234203028803483,0.14841153381411165,0.09373777887685485
4,0,0.17856684913553209,0.08796167487772433,0.08124998839688781,0.1140658069543192,0.04795153091780517,0.09307310067958383,0.04983582344660439,0.10008805770840878,0.15199014904630126,0.09521701883665452
8,0,0.19572284354822544,0.0928057832745884,0.07073648061134413,0.10068167063559187,0.04065817849980627,0.11052457589483357,0.05243175737473486,0.12223981564308221,0.14260352797456033,0.07159536654303728
9,0,0.1808418586086699,0.09042209596798668,0.07830710700461567,0.10907106032562988,0.04725915053973893,0.09984651866547992,0.05227206977099615,0.1073865348200217,0.14693715839953467,0.08765644589714566
4,0,0.1832287449313017,0.08917440712355701,0.0787348877358928,0.11105662406552254,0.04599758644308547,0.09694893644177649,0.050350405321578806,0.10506377047093561,0.15031331165971148,0.08913132580645507
3,0,0.17157768700618747,0.08787472858541444,0.08339941025772912,0.11513333338912277,0.051453127812456895,0.09187402332769068,0.05113848778315445,0.09725016643652938,0.15009190436681719,0.100207131034726
3,0,0.1723950043859956,0.08704543841905882,0.08383516082944964,0.11649678798145707,0.050825536152265295,0.09001993020475148,0.05001600957501055,0.09563428011097064,0.15208869394149657,0.10164315839937205
3,0,0.17898762559386586,0.08924182284226442,0.0799905063085521,0.11163840973277028,0.048010271423658504,0.09639168569280784,0.051245699182802376,0.10348193964451162,0.14918516806558116,0.09182687151300678
0,0,0.18316890299631955,0.08960925323172075,0.07835447680735882,0.11023550813436563,0.04607804445802809,0.09808571806857569,0.05086840893466623,0.10620063825788072,0.14929508266462474,0.0881039664462767
1,0,0.18327047970427526,0.09052325153704929,0.0774230071053222,0.10843843292994293,0.04619753101183279,0.10065109072279942,0.05193226259633301,0.10877223991823486,0.14701996472811266,0.08577173974591425
0,0,0.1736829492977136,0.08722609551617545,0.08331194129851188,0.11603540950877039,0.050230172920719546,0.09062414592697407,0.04996024160615477,0.09651581385485578,0.15208985816858386,0.10032337190136689
1,0,0.18065756882137854,0.08947928219957961,0.07924407034858093,0.11092568206465794,0.04730852269239929,0.09735019011236574,0.05120294715107032,0.10480804256949479,0.14890965266609918,0.09011404137419297
1,0,0.18540312383856322,0.08983427789366728,0.07741920915003503,0.10937810083992303,0.04512920482111076,0.09915056282619567,0.05072513032249277,0.10780646823779871,0.14910237045356814,0.08605155161645991
1,0,0.18310470941903037,0.0897851973488491,0.0782118066788372,0.1099013625039378,0.04608685653216784,0.09852151521207464,0.051073542266271275,0.10662183232104641,0.14897563044715376,0.08771754727044852
1,0,0.18302992888626315,0.09015348942289775,0.07787367550314667,0.10920743742320635,0.0462264959286587,0.09954297321395289,0.05153401572675658,0.10762282669772569,0.14795056681743834,0.08685859037977087
1,0,0.1871825803077863,0.09095143459031861,0.07573821381374476,0.10677083328475093,0.044336231987317794,0.10260393842028864,0.051692763353919,0.11177183047333329,0.1468766357876403,0.08207553798071313
0,0,0.19491094064021208,0.0930671821607864,0.07069130783836874,0.1003143930312966,0.041026525453673836,0.11120240565820112,0.052897261363041306,0.12270728863525716,0.1417335279458653,0.07144916727310262
7,0,0.17191852416202139,0.087027116420595,0.08399680578059329,0.11656301010147281,0.05092585028059457,0.08983853161450418,0.05006779715771233,0.09536748793597452,0.1522632353373731,0.10203164120898695
1,0,0.18148934116291915,0.08881354630118174,0.07960757812726495,0.11203593545754795,0.04675731805332276,0.09571331608920518,0.05026806467687248,0.10340983151951358,0.1507319008236503,0.0911731677883404
1,0,0.1827813726745967,0.08966371645036923,0.0784325041343757,0.11019550636397045,0.046215128661054435,0.09812753457227057,0.0509919968977636,0.10615367240895532,0.14920461810129304,0.08823394973516814
5,0,0.19926228199325396,0.09287619454994425,0.06937109731200886,0.09947836422518484,0.03918947078528819,0.11183184946773936,0.05193375718163095,0.12460129892001752,0.14241708999381955,0.06903859557091319
0,0,0.19375551578216305,0.09307520009887056,0.07110506636443388,0.10062246012096929,0.041480654493478236,0.11087023659948486,0.053093073602505654,0.12204843598622703,0.1417593543354419,0.07219000261623172
2,0,0.18677339782042274,0.09005660610011819,0.07679148229063065,0.10865084411080973,0.044366811959567105,0.09992121773975093,0.050695532600628965,0.10896641208768601,0.1491982609192954,0.08457943437090351
5,0,0.19914238635320625,0.09240210330330295,0.07002976338688033,0.10061111454176773,0.03916124992472973,0.11010448799065244,0.051354790127261324,0.12277346054348003,0.14407581405614625,0.07034482977237376
5,0,0.17630994449035034,0.08795908885809467,0.08194689359074672,0.11434650243685976,0.048768102215228315,0.09255220763610092,0.05022314769159184,0.09909019463036417,0.15199775909022642,0.0968061593602605
5,0,0.1926991260356729,0.09222752746353616,0.07244896173802713,0.10278559849700236,0.042109283857680035,0.10790743201629523,0.0522832291769234,0.11863101940854165,0.1437633781341604,0.0751444436719681
4,0,0.18008833737433763,0.088900507995697,0.0799549147319745,0.11210624188682854,0.04745047694386232,0.09571437996702796,0.050633597925650274,0.10305899570536306,0.15017493510800864,0.09191761236107011
4,0,0.17073642674445913,0.08657161724210605,0.08470043942731878,0.11750695378452188,0.05150071820772231,0.0886748304240435,0.04978205925735682,0.09394225907858882,0.1526409104844939,0.10394378534921804
4,0,0.17690184907156886,0.08801634062551453,0.0817082343282849,0.1142056452940638,0.04874184000678586,0.09293862360291168,0.05021185087308013,0.09956091595392257,0.15148504841222604,0.09622965183146483
8,0,0.189826341823772,0.09162942220875153,0.07414514201300472,0.1047620848276127,0.04317429341023476,0.10519734127908002,0.05203072966910044,0.11512456128691306,0.1455228369966905,0.07858724648465037
8,0,0.17202691883319896,0.08673168784722611,0.08419103426168681,0.11709208246651806,0.05093779818996607,0.08924469023529702,0.04971738536446344,0.09477824457526941,0.1526211995046156,0.10265895872158637
1,0,0.16970479512889325,0.08510779007832076,0.08610376426072915,0.12008496809195685,0.0514691820488441,0.08520367341614907,0.04831473344194909,0.0903766928405672,0.1554922169398454,0.10814218375257553
8,0,0.17899856843985998,0.0896868050904892,0.07957625286409373,0.11079847114775225,0.04808230321321396,0.0975660048061925,0.051764717932160934,0.1046413573811526,0.14816283049652082,0.090722688628385
5,0,0.18676566784514362,0.09015882255915146,0.07667604756787927,0.10846465098240854,0.04451071515308527,0.10027919092694701,0.05084685038427626,0.10930641467706864,0.14864939884155534,0.08434224106229772
1,0,0.1871354453949557,0.08999130317739636,0.07673237319753123,0.10871541792364721,0.04427204570936016,0.09986254469339799,0.05057687703789528,0.10899182322345863,0.14923323653168497,0.08448893311048533
9,0,0.17570580795718546,0.08745280444553767,0.0825530797132628,0.11537014110497783,0.049086294831734496,0.09131091380016192,0.04977557068679446,0.09770944925771623,0.15261666707238222,0.09841927113007111
5,0,0.19895921695606122,0.09316484150020914,0.06911945578991117,0.09889067764062953,0.0392442116942891,0.11272266818404415,0.05233106366796104,0.12548107781555543,0.14163265120617263,0.06845413554496764
2,0,0.178297195380217,0.08956889421942686,0.07989991265827158,0.11113761736875312,0.04842460850480058,0.09714611057592416,0.05176642242771334,0.10405094148106148,0.14822118019721559,0.0914871171864378
2,0,0.1852474927893586,0.09082756996651531,0.0764961389018702,0.10743989701826469,0.04524904842120427,0.10185241219201761,0.051910767728111734,0.11051458395844788,0.14677208642041967,0.08369000260360489
9,0,0.16995302571274654,0.08631768334997308,0.08513920392058384,0.11801585274386517,0.05171962642659965,0.08791573339608925,0.04962983516883374,0.09306456897771684,0.1531272529120832,0.10511721739133884
0,0,0.17547179506019822,0.086494173851289,0.08340167512153086,0.1170802896334561,0.04885111442866122,0.08895691212613996,0.04870274469157693,0.09535147316503773,0.15482787067609394,0.10086195124584044
5,0,0.18028542845129675,0.09016278080190834,0.07872198389210937,0.10967763661262941,0.04756967721188812,0.09908398622911495,0.05208450425651961,0.10646926678668908,0.1472662043099595,0.08867853144770446
9,0,0.1856882971650328,0.09064648059618731,0.07653142264224444,0.10768787543057955,0.04499444460007119,0.10143638575623821,0.05160729768038918,0.11018283320700903,0.14739001332533228,0.08383494959673032
3,0,0.18182579452948083,0.08925559918396785,0.07910458234492516,0.11114554764078191,0.04663563826925648,0.09689473691019895,0.05070286146560183,0.1046750675618197,0.14987946296545496,0.08988070912833059
6,0,0.18169919309150773,0.09039622931350931,0.07806281521576568,0.10896336557682842,0.04683657894498422,0.099930956978571,0.05207005995594491,0.10768290301697989,0.147210407042087,0.08714749086364006
9,0,0.17832753138188873,0.0881880411431279,0.08112648179912434,0.11369046456380613,0.04812810738948063,0.09360505678015171,0.05014392161875203,0.1005546681571876,0.15139727402207329,0.0948384531442292
9,0,0.1921066371914437,0.09238670124293541,0.07250343980411525,0.10259075375597346,0.04219796158080806,0.10815206461483623,0.05254258407366269,0.11877940361224189,0.14363959194117573,0.07510086218261548
9,0,0.17866276361270922,0.08933483867710097,0.08001021282762945,0.11151293354227797,0.048143607369372426,0.0965623324474712,0.05140143821797122,0.1035597535139979,0.14899072832993607,0.09182139146135494
9,0,0.18856476347658455,0.09118527947863074,0.07504676750762707,0.10597742826964511,0.043662750363179716,0.1035541286674028,0.05171426864544495,0.11311758286582144,0.14662597773261413,0.080551052992861
9,0,0.17967703219503636,0.08859552421852773,0.08037539463496311,0.11273305656883131,0.04746049731339382,0.09477634216092136,0.05032596880202704,0.10205415273212026,0.15105425358474456,0.09294777778925477
3,0,0.17807577183908663,0.08972964924825888,0.07982355079784574,0.11086100624787183,0.04852403135076197,0.09751362888551161,0.0519926140415168,0.10435582263163021,0.14788341224965784,0.09124051270768029
3,0,0.16651844219341133,0.08538529146382284,0.0868126825126395,0.11989719233242957,0.053238986225939526,0.08545176146194183,0.04927324653412299,0.08990772197391901,0.15377496471537516,0.10973971058623179
8,0,0.16949206579045495,0.08600427990510986,0.0854948620632933,0.11861272515017268,0.05199322370734038,0.08724408982523603,0.04938497148277436,0.09226648636403921,0.15334619212268952,0.10616110358872019
4,0,0.16678113914617476,0.08595663472316635,0.08630582265102768,0.11892654389216463,0.05339001584700653,0.08680721524034019,0.04988815502786582,0.09124054293137956,0.1525293642347387,0.10817456630596901
3,0,0.18916107546174293,0.0906789105967845,0.07538142699709834,0.10689300875481296,0.04341263529549672,0.10222206933966727,0.051013368784476494,0.11190561801087809,0.14790244433745445,0.08142944242139896
3,0,0.18857264480016167,0.09065092639084188,0.07560522710181444,0.1070713041580745,0.0436341275661735,0.10199931492472876,0.051084484375424705,0.11153665848454099,0.1479620646114093,0.08188324758664167
9,0,0.17826690570753195,0.08858499399205014,0.08079896342382951,0.11297329124611084,0.048232235462755534,0.09459485227366664,0.05060923224142405,0.1015105036527601,0.1505098077965092,0.09391921420318379
9,0,0.18217464989775517,0.08958395700951748,0.07869358783210142,0.11045712826756837,0.046493432925169303,0.09781980335936548,0.051008677299954966,0.10567459569777808,0.14925653487723098,0.08883763283337662
4,0,0.17562127908152356,0.0903020289029327,0.08003185041901104,0.1101986391802811,0.04994950564919557,0.09869990634950429,0.05317739959015435,0.10488512266529855,0.1456990034884201,0.0914352646735031
4,0,0.1869259697680302,0.09099117965587845,0.07577389984666728,0.10676883601853651,0.04454738152115908,0.1027077702603205,0.05180446435915462,0.11180337113972375,0.14651903485015838,0.0821580925801843
4,0,0.17532559239596476,0.08902985087085073,0.08129187820088297,0.11257876966874797,0.049803523029181195,0.09528007070901032,0.05172803110986431,0.10147883801041158,0.1486608254324728,0.09482262057243818
9,0,0.18181510193573197,0.08928865933199037,0.07908454074054232,0.11107926058927256,0.04659185174666867,0.09695768935543272,0.05072710881213989,0.10472834358934288,0.14992409122005337,0.08980335267864327
2,0,0.17300318846944485,0.08786331022687738,0.08299705179815295,0.11499272536172303,0.050685664053358157,0.0920240912882014,0.05081345128163882,0.09772675189641193,0.1506278948792292,0.0992658707447893
2,0,0.18365889589449352,0.08997093849851735,0.07785889173784538,0.10942518451459822,0.045823489854412536,0.09912785791215704,0.051182740543308305,0.10736027238952994,0.14871651193459098,0.08687521672036312
3,0,0.1773825859130787,0.08821704580669436,0.08138428282529744,0.11377328667129372,0.048607245767955665,0.09354193952503731,0.05036132629121848,0.1002568739485511,0.15105914277278487,0.09541627047791114
3,0,0.1869639674839544,0.09109464457721218,0.07565231266316662,0.10651762960773424,0.04447482296077721,0.10300500458694407,0.051913636994967705,0.11210449942747364,0.14641578850947137,0.08185769318811148
7,0,0.18459776542135842,0.09057332905404257,0.07696254238034768,0.10806950844482931,0.04551219628061695,0.10099503024555766,0.051733653669578904,0.10948857146854511,0.1473091670877776,0.08475823594716109
3,0,0.18348360890973894,0.08999895034760053,0.07788122350240263,0.10941201467393356,0.04595514095332644,0.09919597860668429,0.051257201664211875,0.10737814619105956,0.14850931766176254,0.08692841748909622
3,0,0.16557794303401302,0.08484126363984595,0.08747197462564056,0.12086831885339507,0.05352742476639793,0.084152697943648,0.048848688437363626,0.08846680310013447,0.15454761457501784,0.11169727102437794
3,0,0.17341165583423335,0.08796402019352711,0.08279807451656597,0.11475287486357139,0.050417062181740045,0.09227149577827774,0.05084218976435498,0.0980938855214089,0.15070032965379088,0.09874841169235622
0,0,0.16858055190392388,0.08675872533024678,0.08518626576593134,0.1173939424137779,0.052629227230824464,0.08879369683961076,0.050432377218797515,0.09358527845536307,0.15163494719836934,0.10500498764298627
0,0,0.180302422008244,0.08902936614682105,0.07978046563158842,0.1118239245886018,0.047319050047056235,0.09605371501991622,0.05072853493994161,0.10345122975639383,0.1500518583962168,0.09145943346503976
5,0,0.19083143142905812,0.0919556788510139,0.07343037128547901,0.10384412180459565,0.042818175780965625,0.10648354851075457,0.05225092695088144,0.11669395485368224,0.14459627972022965,0.07709551081314894
3,0,0.18469013756585342,0.09048275721803395,0.07702527513692517,0.1082359548613845,0.04546709269525874,0.10075755918837863,0.05160691477200853,0.10927149090663567,0.1475359979493462,0.08492681970599052
6,0,0.17262878145211036,0.08759515084107103,0.08333705197978673,0.1155022454129016,0.05073099185839592,0.09127992967709925,0.05056569945181684,0.09692922783773068,0.1512515280788465,0.10017939341006844
3,0,0.19302355949171587,0.0920119783654534,0.07263637944994668,0.10316181259700773,0.04175498267778088,0.10715390856742693,0.05192200708861183,0.11801179900297896,0.14486514575285525,0.07545842700602953
5,0,0.20037446943160772,0.09359807106797548,0.06803225875112137,0.0973987144807378,0.03856319595444517,0.11471591963961991,0.05262666542737184,0.12803193696971749,0.1403527002406844,0.06630606803651835
3,0,0.18678127425270044,0.09090036557323374,0.07593399298516353,0.10691350515452788,0.04437155241671892,0.10228852372934484,0.051709469581866535,0.11139397381786553,0.1472511386503791,0.08245620383801253
1,0,0.18971105797523174,0.09170365080315719,0.07409850289190255,0.10464119201291266,0.04322999658722212,0.10540220238202193,0.052138796740843894,0.11530601352929706,0.14529647773690008,0.07847210934032109
8,0,0.17032926613017496,0.08602821897867327,0.0852439246225722,0.11847391528861405,0.051462539551873875,0.08733224049869655,0.049226791898353175,0.09256822813696385,0.1537991186165438,0.10553575627736395
0,0,0.19973188428352606,0.09353621313784587,0.06835822015823177,0.09775653172706024,0.03882625279106004,0.11426867670420864,0.05265241015905591,0.12737381947849208,0.14059033431442813,0.06690565724589155
0,0,0.16828519986311427,0.08675390535099009,0.08526983357176583,0.11743238023766572,0.05280683475707354,0.08877013316695855,0.05049096411145689,0.09347993868396182,0.15149773023096322,0.1052130800258818
0,0,0.1735264327859995,0.08832803442594475,0.08245314822515233,0.11408865818645955,0.050487489830391384,0.09320653021110761,0.05124807825535118,0.09902084029933532,0.14986210858553567,0.09777867919454908
9,0,0.17233175348246518,0.08638384405286594,0.08438527930048782,0.11764249600057707,0.050566597551552524,0.08841461777726736,0.049251248256428695,0.09407266883706619,0.15367702426649638,0.10327447047462039
9,0,0.16633737084969663,0.08617787254237799,0.08626566579457466,0.11857813248374365,0.05367203774228481,0.08723689214972838,0.05024653158472923,0.09156998839959687,0.15196895765304982,0.10794655080005151
9,0,0.17337235324599953,0.08810319524886506,0.08269249452291362,0.11450752101947448,0.0504613018727104,0.09259531466726424,0.05101203185612509,0.09840671696784756,0.15040652798477563,0.098442542613851
5,0,0.18053001612180564,0.0890300884937862,0.07968830260021036,0.11177686132640913,0.04735107951361934,0.09620458091866285,0.05074086501198687,0.10364134472379906,0.1497735122844467,0.09126334900509332
0,0,0.18078057438017364,0.09002576550883157,0.07870304480548629,0.10986042346422348,0.04730090793827393,0.09879723827680405,0.05182253794841588,0.1063115173270632,0.14771611979068627,0.08868187055986095
0,0,0.1904021853178983,0.09269238441757753,0.07273469533086917,0.10235562644384448,0.0429855377402094,0.10870316561281888,0.05322110377019842,0.11887030138872803,0.14258340375348524,0.07545159622418016
5,0,0.17272989345093154,0.0872827883048462,0.08354672750043537,0.11603102189233719,0.05067578569461225,0.09061756750867138,0.05022248607575684,0.09629584143648678,0.1517712930802416,0.10082659505550808
5,0,0.1807330537373963,0.08942702236630697,0.07928444906004849,0.11098622777961657,0.04712806346290036,0.0971500451892384,0.051124083820698954,0.10467595169333417,0.14931865678234174,0.09017244610793748
7,0,0.18617077358928014,0.0900308567727882,0.07700049616548468,0.10882484820690164,0.04470541211144712,0.09978462366832465,0.05080528357950219,0.1086743244908503,0.14897090753288206,0.0850324738823529
7,0,0.1961477092067349,0.0930326994768121,0.0703278683009916,0.1000270781430616,0.04031482242523251,0.11133519035694121,0.0526231124097212,0.12327335807566804,0.1422573019445645,0.07066085966007637
7,0,0.1948734178205698,0.09234590872547678,0.07161668717756543,0.10194042378274283,0.04088788968396732,0.10868028292849952,0.05199958448645517,0.12013306269970649,0.1441950583538949,0.07332768434092685
8,0,0.1792903617246555,0.08889520501730545,0.0802097638284073,0.11224320363974838,0.047820265761682454,0.0955566842155116,0.050780290251420314,0.10271898482788037,0.1500143668894259,0.09247087384378341
8,0,0.18935759539193367,0.09099853964541701,0.07497981188764896,0.10620633028144327,0.04337830850440689,0.10320751736531322,0.05135561869957557,0.11295852471880405,0.14704865493657213,0.08050909856869577
8,0,0.18844320477323356,0.09102262772746103,0.07525455465175403,0.10636452801772839,0.043805183032792114,0.1030897857969435,0.051552480056568345,0.11259655598754255,0.14681166327526665,0.08105941668052134
0,0,0.17861485326353385,0.08853921667005399,0.08072700932571067,0.11300535805036384,0.0480955440737456,0.09456068722525689,0.05050327686658898,0.10155882346123823,0.15060819835015937,0.09378703271316977
0,0,0.18647283345587307,0.09198996574312854,0.07485873853004651,0.10479238247356837,0.044768314821379544,0.10555365994000826,0.053081617313200886,0.11457980165388809,0.14399586730714573,0.07990681876157446
0,0,0.16300446974477134,0.08442050002079578,0.08849539123500114,0.12171789442788299,0.05462304925260091,0.08287697845480435,0.04885733580164076,0.08671505604569293,0.15468103254238774,0.11460829247425908
3,0,0.18174568664245394,0.08924424227084561,0.07913208618916161,0.11118109947204728,0.04672324976165315,0.0968859042381716,0.050722523452710166,0.10464284902782589,0.14976582935909857,0.08995652958585039
9,0,0.1789187794742225,0.08882233316071655,0.08039508400788506,0.11243103865853933,0.04793063968186932,0.09528970989303896,0.050744828808092036,0.10234160815577399,0.1502233365479129,0.09290264161177046
2,0,0.1761695981584696,0.08776635418453121,0.0821292956052004,0.11475847750323609,0.049114769445707966,0.09226558904960794,0.05008351326609183,0.09870719925125634,0.15168118448675283,0.09732401904896952
6,0,0.1641254071262128,0.08525026330048145,0.08760334417304644,0.12027709351928055,0.05425218226247524,0.08473393200458217,0.04955986671949567,0.08874087692576012,0.15362098049747472,0.1118360534710267
1,0,0.1770759970198767,0.08811469543770402,0.0815796404308821,0.11400370191752086,0.04863986805905911,0.09318073964931235,0.05028303231583985,0.09985312816865496,0.15139411916782272,0.09587507783315015
9,0,0.1719334362133867,0.08757753797375044,0.08353543106829805,0.11562509002263327,0.05124420983833787,0.09124491792987613,0.05072415019453737,0.0967039189023934,0.15073422686841226,0.10067708098820274
9,0,0.17825083884665735,0.08867013960632938,0.08072824784189168,0.11281723600413446,0.0482624477753403,0.09480702882649751,0.05071699776339192,0.10172408874510823,0.1502993663366148,0.09372360825385605
7,0,0.17430423123505892,0.08750794628893246,0.08293739652147299,0.11541057740321964,0.04954249086279041,0.09108942189040022,0.050074056191885055,0.09720942312524593,0.15263371287515207,0.09929074360566799
3,0,0.18463300663752163,0.0899819553921564,0.07753841420028236,0.10923505420030416,0.0454271977715573,0.09935120517241254,0.05102488268725966,0.10784112536919306,0.14875968005023815,0.08620747851889006
4,0,0.17870245896272985,0.08878393505200238,0.08048637564770096,0.11253719287537763,0.048086055451877295,0.09517890488392071,0.05076684485833132,0.10219969995389593,0.15011699924459082,0.09314153306939442
9,0,0.17866663016124495,0.08868254753981433,0.08059502966852602,0.11273232349529581,0.04804259250575128,0.0948910734554409,0.05064520560466405,0.10191349537627453,0.15042026369297667,0.09341083849983264
9,0,0.18786760839502195,0.09118501268954414,0.07527401926704849,0.10613697844929275,0.044011832558338904,0.10341738385200018,0.05184505988972622,0.11278867144403956,0.146449072137864,0.08102436131693579
0,0,0.17646481442205023,0.08851653071864402,0.0814010803114267,0.11336714131605047,0.04915609895240659,0.0941650507328842,0.050897123241668285,0.10065338924479428,0.15006541325344552,0.09531335780645322
9,0,0.17391761042409185,0.08713831665555684,0.08332359909699306,0.1161494727346944,0.04998233095097401,0.09037362856458317,0.04979546653791033,0.09635700920564441,0.1525724245977215,0.10039014123165657
7,0,0.17925563122771065,0.08885234467625382,0.08025312017212553,0.11232582646447425,0.047854061725649606,0.09546068331017754,0.050746830836091,0.10261030322874563,0.15004648620077896,0.09259471215781365
3,0,0.1790254110102782,0.088263855524021,0.08085739145201809,0.11344893674835864,0.047752948169760015,0.09386867178300859,0.05007359348733375,0.10097842128086368,0.15153943240708384,0.09419133813709508
8,0,0.19251640274088253,0.09300751899612607,0.07162961643727997,0.10110233705599485,0.04195065289630466,0.11027794313781143,0.05323465330208486,0.12112814850513194,0.14199870806090997,0.07315401886728128
9,0,0.17212707735433322,0.08698567257863236,0.08397461566676731,0.11662954453970571,0.05084502969369439,0.0897733191375472,0.049974261991628244,0.09535476291136849,0.15234162320711483,0.10199409291903618
1,0,0.1900382595944765,0.09129476460997782,0.07443342238520968,0.10541445494288608,0.04303976660992686,0.10424550124131964,0.05158879785661804,0.11420080614122187,0.14646729267315892,0.0792769339450144
1,0,0.18927400277552872,0.09123249081149631,0.07475449949428589,0.1057175641179946,0.043372651693276115,0.1038853606036818,0.051651431637498496,0.11363080315561806,0.14653640188958794,0.07994479382084294
2,0,0.18047010980667247,0.08971275360272947,0.07910685825419078,0.11050342412873991,0.04732802599852489,0.09784670784919682,0.05149467655985069,0.10529960428380165,0.14855995821427892,0.08967788130183388
3,0,0.17092834462774797,0.08615234033437297,0.0849779974278624,0.11819528528658457,0.051178660715924286,0.08766908195060902,0.04925177057173044,0.09304628972360655,0.15377309476014428,0.10482713460124664
3,0,0.17780866304030624,0.08825787130859074,0.08124323578235204,0.1136253425457336,0.048237703558957755,0.09359291556637772,0.05029285133513825,0.10045453770543288,0.15144553058635987,0.09504134857057298
4,0,0.174530483850941,0.08810179554959184,0.08233985917814002,0.11437481040105738,0.04998242569745584,0.09283204005006233,0.05078907463317231,0.09887889963727477,0.15053257348311058,0.09763803751901944
6,0,0.18263101763715392,0.08990151767009757,0.0782500292108177,0.10976698065365252,0.046334816598912386,0.09875481124663087,0.051302339648061426,0.10673908337018041,0.14857118110219247,0.08774822286211814
0,0,0.1786977914787518,0.08905968811388386,0.08026770028024198,0.11200205500132791,0.0479353170522815,0.09576262352868894,0.05105061725705172,0.10280865166911861,0.14993698434615804,0.09247857127231689
2,0,0.18330958216538387,0.08927566374927354,0.0786032109419825,0.11084022590464306,0.04607075167410757,0.09730824872175677,0.05048991967842421,0.10543134560944153,0.14986769086112553,0.0888033606936781
2,0,0.18950018712704766,0.09033682064798708,0.07561703798480317,0.10752507775626242,0.043279446460933534,0.10132440179109252,0.05055495160044399,0.11106959736820754,0.14872573366834232,0.08206674559469024
4,0,0.1783236101364016,0.08834507211641564,0.0809926187649141,0.11340351189387833,0.048150112396506545,0.09399326963103433,0.050323214607434455,0.10093705707629741,0.15107102635881725,0.09446050701812198
0,0,0.1704104652799997,0.08654012544870782,0.08482958937925585,0.11757866758193698,0.05152991965765873,0.0884835335138128,0.04979528649342246,0.09371549824148659,0.15285704024908375,0.10425987415446478
0,0,0.17951644642657325,0.08831845449923767,0.08064706511244542,0.1132710423958704,0.04760072930784896,0.09413545430223952,0.05006866904420784,0.1013529420847567,0.15137837436404955,0.09371082246259121
0,0,0.18299392820802243,0.08990385784328363,0.07812415573126455,0.10968847086256725,0.046186128149585136,0.09886244150388537,0.05123833991749086,0.10690790479694035,0.14860430304251962,0.08749046994425776
1,0,0.1970739907744506,0.09301903060735917,0.07000156844014017,0.09980071312306676,0.04000498769888214,0.11160837591944651,0.05245414275760667,0.12378509982989526,0.14215135311522709,0.0701007377337285
8,0,0.18241426899625773,0.09073407616882782,0.0774921918911662,0.10816790512868975,0.04658236058452657,0.10105093094345828,0.0523556406954943,0.10898243677476198,0.1464172074917278,0.085802981324907
8,0,0.18919939684998952,0.09117340299441548,0.07485558838393021,0.10585213595889652,0.04336763574118371,0.10364526782741369,0.05158632396203057,0.11338316838954549,0.14677826171913416,0.08015881817327142
9,0,0.183439402907774,0.08957045677283273,0.07829938771634846,0.11026102177647508,0.04596908650336549,0.09804416737157275,0.05077643164052072,0.10622048454829106,0.1493986142619993,0.08802094650063716
9,0,0.18731648993710937,0.09207495896382394,0.0744840773857872,0.10441315316408342,0.04437195130411864,0.10600383488485418,0.053033970394156756,0.11526847062537757,0.14391250277356415,0.07912059056693754
1,0,0.1841586624066643,0.09040162634153145,0.07727076084347038,0.10849188863812842,0.045688015184726684,0.10043897520296241,0.051605679157393634,0.1087974950521942,0.14767209950333224,0.08547479766941216
1,0,0.19061297504193442,0.09227906508331776,0.07314518593381765,0.1031979673858191,0.04284372823674294,0.10741318428998534,0.052674106299800225,0.11761635153155096,0.14383580755075473,0.07638162864608614
2,0,0.1709974428879543,0.08662009218787542,0.08459783760852349,0.11737902338252133,0.051255743065834365,0.08874597766931133,0.04977107236310068,0.09410492561499961,0.1528728413395436,0.10365504388016487
1,0,0.19222246519573644,0.09208956441083203,0.07281415504049006,0.10320574866920278,0.04214984453708457,0.10722150213396675,0.052159661886046885,0.11784830116954279,0.14448320588708907,0.07580555106981642
9,0,0.17422575570302778,0.08854789502000243,0.08204975174800742,0.11359420053326856,0.0501837420196627,0.09385228256766595,0.051377235665882634,0.09983312786466633,0.14957315748813557,0.09676285138950644
8,0,0.17630730743311487,0.08737124019945927,0.08242494567792029,0.11544576485261707,0.04888502323852042,0.09128813362825129,0.04958347030596479,0.09778601836544781,0.15272592898559897,0.098182167312929
2,0,0.1847224278857135,0.09116860768768181,0.07630934333457068,0.10682184446536262,0.04544213454090268,0.10273163887501284,0.05241477833950651,0.11125249347175666,0.14599350611984838,0.08314322527945961
1,0,0.19776355724114647,0.0930899903629428,0.06966111357280975,0.0994310347493358,0.03972256111756552,0.11207441664260008,0.05242890664696689,0.12446940878001356,0.14191315488126446,0.06944585600515678
7,0,0.18946770875501204,0.0917253092076001,0.07416217340997723,0.10463992749547923,0.04329807639157364,0.10538976506890033,0.05220887752562079,0.11523962065853985,0.1453013531171216,0.07856718836998576
8,0,0.16604222027055074,0.0849308104776226,0.08729482672936759,0.12066759089684159,0.0530834418641874,0.08423343806995758,0.04879199782527496,0.08869299716866924,0.1550224452997965,0.11124023139756588
2,0,0.16981684014710496,0.08683625610219574,0.08477203611271084,0.11712970171416061,0.051911860571324665,0.08907965604898607,0.05025143765639064,0.09415846171655455,0.1520738956412319,0.10396985428917027
4,0,0.17998208039854152,0.08892071662215091,0.07996537403718125,0.11208347305734745,0.04755506282177556,0.09578279445714663,0.05069692813304516,0.103099065686713,0.14998651203419971,0.0919279927517188
8,0,0.17316139655850302,0.0869303758174949,0.08373687477054612,0.11657507074813053,0.05001443496739035,0.0895927044358016,0.04964288723137122,0.09547291875645623,0.15340889201376912,0.10146444470036378
2,0,0.18229371420094512,0.08932013606634412,0.07888869293503407,0.11094242360845044,0.04648918079137796,0.09718587844485584,0.05070828911453826,0.10507557772070877,0.14969106983677063,0.08940503728079248
2,0,0.1871270935613656,0.09095302217283747,0.07575072398875105,0.10679803568128206,0.04444496454121293,0.10263353702391834,0.05172396911636237,0.11178586826496317,0.1466663667109007,0.08211641893821918
3,0,0.18706125811720403,0.09043174502533914,0.07630774330272208,0.10786082459563806,0.044419083138687865,0.10112105825311588,0.051119414604498495,0.11023630636180608,0.14798277712761962,0.08345978947318163
3,0,0.19272255289058368,0.09194806519968128,0.07280597915795378,0.10338298559508054,0.0419371919717573,0.10690361054640778,0.05190300759829089,0.1176515607681604,0.14490749357246646,0.07583755269942521
3,0,0.18496306357254463,0.08994446370510897,0.07746278919821929,0.10924066632970757,0.045280745707471266,0.09933139466166149,0.05092200079099285,0.10788975201319616,0.1488933517095919,0.08607177231132083
3,0,0.19234880034310764,0.09119379989236955,0.07375166366648525,0.1050926718137194,0.042149846887424756,0.10452978120131942,0.051078486751646605,0.11507500441812721,0.14675564621286613,0.07802429881274162
4,0,0.1753743644446123,0.08786298233525217,0.08229122742650931,0.1146929355953156,0.04951252169538731,0.09236975284576752,0.05034996834875606,0.09863416351861058,0.15127601431654333,0.09763606947307037
4,0,0.18040224513011133,0.08958957219867675,0.07923222849870686,0.11075786706744319,0.04740001781895481,0.09755437036395212,0.051374817581855865,0.10497647604337228,0.14869365012964653,0.09001875516709973
2,0,0.19395144475892248,0.09216864731756255,0.07211533003905776,0.10259178432619868,0.041471442818222896,0.10796055393199722,0.05196569507838501,0.11905924764143191,0.14425491831249745,0.07446093577553016
8,0,0.17563678585150339,0.08698398168689332,0.08295612642959195,0.11619498303343635,0.04894628651814484,0.09014669645521499,0.04925070576172166,0.09656656486916734,0.15372675389265275,0.09959111550149777
1,0,0.1840001529244931,0.09019459459708888,0.07749455847840393,0.10894864073410843,0.04591875479321017,0.09994323016817729,0.05143563678631505,0.10823670843502459,0.14772852859369198,0.08609919448930266
1,0,0.1909262157295444,0.09165514381256541,0.07372036660662938,0.10448553843602826,0.04286313791244807,0.10564079579460853,0.051891809176214776,0.11583325417480018,0.14517755953508504,0.0778061788218851
1,0,0.17475601451767553,0.08848000507642909,0.08195596032710908,0.11365206057830907,0.049878654615546865,0.0937464761682999,0.05118051050863787,0.09985673888018805,0.1499208160824655,0.09657276324516428
9,0,0.17805122656136915,0.08890226852430944,0.08057886952133415,0.11241674753159427,0.04844847312816967,0.0953918427935244,0.05104258031142284,0.10225458050484895,0.14962658687983357,0.09328682424341536
5,0,0.18922815968235737,0.09166192708225449,0.07430038104379767,0.10485445136402008,0.04351830865874265,0.10520513417441679,0.052189300235621114,0.11496105438307148,0.1451784085299927,0.0789028748455365
5,0,0.1943911658110515,0.09311384852950179,0.07083524483979815,0.10034651078089528,0.04116394270594722,0.11116211154119808,0.053033959026470345,0.12255517244772199,0.1417497188718412,0.07164832544538
9,8,0.15536041178742188,0.08102543353076876,0.09272761820089787,0.12736176316506015,0.05748671243037902,0.07544439504206674,0.046640160848309124,0.0780810805267867,0.15764012764302954,0.1282322968251225
4,0,0.17525674391297794,0.08845262428350173,0.08181778194981296,0.11364603416571502,0.04973257392525757,0.09382870478865006,0.051065647715414914,0.1000298494069163,0.14988912452972444,0.09628091532185395
7,0,0.16652425281949335,0.08507384328327029,0.0870366615784576,0.12041068010155591,0.05310241642453999,0.08474487793149994,0.048909573307309384,0.08924121380131585,0.15445850782803133,0.1104979729243597
5,0,0.18245158121949479,0.08967991666784916,0.07850629241519097,0.11022642945977675,0.046447155416823795,0.09815984125041533,0.051093413513204324,0.10609314177550598,0.14892651871258825,0.0884157095689682
9,0,0.17894829229466666,0.08863127684548407,0.08054558769170361,0.11278240507539351,0.04794097184584913,0.09484099001418261,0.05054147181354552,0.10191513040439398,0.15051527150876023,0.09333860250584182
9,0,0.1864061937460309,0.09010889603165943,0.0768430213252911,0.10863494627173186,0.04463302969022422,0.10005748980053562,0.050844002257050325,0.10898963284277878,0.14878370221099244,0.0846990858235189
5,0,0.19981607836339108,0.09397514724134659,0.06772067579373688,0.0966582682273199,0.03874855347741074,0.11592577572367317,0.05318084833165575,0.12914817827021968,0.13917277434275874,0.06565370022828766
0,0,0.1778215368608211,0.08858401902569767,0.0809371094416424,0.1130381007895484,0.04843883787784,0.09450935788661821,0.05069807680272946,0.10133187243143692,0.15041482143749071,0.09422626744599728
2,0,0.17784916636372325,0.08785974141937476,0.08154100040899029,0.11435540818533667,0.04836249928585464,0.09276330193395062,0.049878766008452285,0.09959515997922054,0.151843095773787,0.09595186064113198
2,0,0.18316249125370923,0.08903922197531426,0.07888859105374935,0.11132480622995969,0.045995665751045106,0.09656360009546293,0.050205903453822844,0.10467492691486704,0.15063887483883243,0.08950591843305399
9,0,0.1722932051403416,0.08734767852654277,0.08364427269431701,0.11597684504685646,0.05077055776169165,0.09060164800400908,0.050335236218763936,0.09620821263511468,0.1518052824242241,0.10101706154796632
3,0,0.20140746537660353,0.09413659607938668,0.06688465442461282,0.09571962488574826,0.03807827299529031,0.1171142345049738,0.05313220685208278,0.13088853932533237,0.13851351142888227,0.06412489412688584
3,0,0.1951640409541246,0.0929847177787404,0.0707168793644113,0.10042276273217203,0.04085175590604264,0.11095634239238913,0.05274703908656275,0.12255174560301894,0.14212727911961767,0.07147743706272545
3,0,0.18326889517585432,0.09028144963547757,0.07768549596152001,0.10887010811728755,0.045972564348291195,0.09985684515499307,0.05163084032184037,0.10803054535123922,0.14803635434949744,0.08636690158381598
3,0,0.20211754111609256,0.09466277782966878,0.06584815216886239,0.09413184304158502,0.03766654197786429,0.11943557877545445,0.05366730769864796,0.1336053173349577,0.1367206879930229,0.062144252063641874
1,0,0.17162437838267586,0.08734766741333147,0.0838399317857705,0.11604524874612718,0.05111841990840707,0.09050650250203562,0.05047492046846256,0.09596475155940712,0.15159250812924466,0.1014856711043663
1,0,0.17867759152034954,0.0886630289732946,0.08062623551170395,0.11273284435370873,0.04786135467505323,0.09474657414812342,0.05059139366983501,0.10179203199875093,0.1508544301186496,0.09345451503035239
1,0,0.16307232191752602,0.08410906058096304,0.08869993612280921,0.12221736771306027,0.05435703132813769,0.08217241071941214,0.0484594049254458,0.08607074952109059,0.15552429592030229,0.11531742125108983
2,0,0.18145988404610988,0.08834768126537235,0.08003290552271913,0.11291038206306413,0.046669933253978835,0.09449563658641515,0.04972874763885282,0.10219215470452872,0.15183363192676638,0.09232904299201108
9,0,0.18165525529555213,0.08919859748891418,0.07917839860195003,0.11128697378034783,0.046869000164932915,0.09683502677810449,0.05071234826306807,0.10453465259587191,0.14960872149563537,0.0901210255354415
7,0,0.18861844463096408,0.09106538678613958,0.07513888339548311,0.10624084290754932,0.04379666540435313,0.10331735774777519,0.051598172259191735,0.112867207422706,0.1465436826959048,0.08081335674974459
7,0,0.1895451705242294,0.09142710877113645,0.074452266326164,0.10527976107199319,0.04336723875935593,0.10457449600052708,0.051851036950182894,0.11440070459711912,0.1458204637564615,0.07928175324264079
0,0,0.17389914538832757,0.08710005236337436,0.08336531747944154,0.11623657758576984,0.04996933343666537,0.09028281170098643,0.049732304121219616,0.09623967649980694,0.15267686108739,0.10049792033684435
6,0,0.1990820842824691,0.09350265745739257,0.06865522672207976,0.09805458655587362,0.039060642502453245,0.11390215367694755,0.05271311739947038,0.12682823817865946,0.14077880299498102,0.0674224902294741
7,0,0.1883244307777388,0.09070967756072226,0.07562281308662788,0.10702368371473489,0.043810215078051544,0.10213789449365306,0.05120071426427192,0.11160307600024601,0.14764751753428734,0.08191997748947798
7,0,0.1735135571243596,0.08758234990608542,0.08308352514634286,0.11541728128801004,0.05028676433846514,0.09137235647869928,0.05038562023127371,0.09724015000564364,0.15151877698339045,0.0995996184975564
8,0,0.18217869460504674,0.089999517292387,0.07830155262787841,0.1096395994739096,0.04650867851622457,0.09890775565130669,0.0515075682008467,0.1067958822454742,0.1483538063820641,0.0878069450046797
7,0,0.18178287948092958,0.08949472913469644,0.07889421743554029,0.1107014350280428,0.046710805530674256,0.0975296280140035,0.05099529357254902,0.10530071857454723,0.1492673968058164,0.0893228964230185
8,0,0.1931401530422266,0.09221432464357619,0.07235475396995494,0.10269774737565193,0.041760821827586475,0.10786036861935457,0.05215262180249159,0.11875708262726543,0.14419301411883756,0.07486911197286163
9,0,0.16957615104170065,0.08562905359006312,0.08576508575605427,0.11922180554927934,0.05169901272443871,0.08632356849949285,0.04892392787168426,0.09143899241317804,0.15440806709621813,0.10701433545772097
5,0,0.19555064834437613,0.09188429435016728,0.07190353816161826,0.10278708093541021,0.040706358024196095,0.10742418849960038,0.0513368668193551,0.11896041936888525,0.14534083451367963,0.07410577098251613
5,0,0.18388477770955075,0.08984718704408748,0.07790835741617759,0.10962702269843487,0.045695896839061834,0.09882128381661695,0.05099002240017253,0.10711116755613621,0.14907761239750542,0.08703667212207243
2,0,0.1793270979613903,0.08835368456598994,0.0806707671232666,0.11323546643885643,0.04771959422665822,0.09420560455061164,0.050152989155531534,0.101377392276664,0.15120326151329694,0.09375414218755497
2,0,0.18460905894549556,0.08959055720569299,0.07791585931247924,0.10999915803883296,0.04539534988198107,0.09829606159593655,0.050572643471232546,0.10676070921754588,0.14967904747571273,0.08718155485490585
9,0,0.1781397295827434,0.08807490042449895,0.08130828600493273,0.11390304302149916,0.04797280297816279,0.09315321660921028,0.05000525692367085,0.10010719598865968,0.1520815532396872,0.09525401522675687
0,0,0.1836523341671567,0.08994166675783813,0.07788941101383132,0.10949855473792997,0.04587096949118601,0.0990550933383699,0.05116183382493506,0.10730027822246178,0.14866819287237568,0.08696166557373168
0,0,0.18278268971871256,0.0910765017447946,0.07701615249347234,0.107434245174665,0.04651297875582312,0.10213100891651265,0.052698696437775146,0.11014061520665701,0.1455034901335532,0.08470362141785164
0,0,0.18664940728109897,0.09037867867585513,0.07648953910539258,0.10805572738445106,0.04461647166412136,0.10089679579131798,0.05113468229122524,0.10989878375795249,0.1480084473723565,0.08387146667604202
8,0,0.17529336446958527,0.08788980576367714,0.08231761574088388,0.11461752657680845,0.04928872877495359,0.0922485623246474,0.050353870923992565,0.09855691852016417,0.15177384262252713,0.09765976428258506
2,0,0.17180159903355363,0.08749618604694856,0.08364627796668118,0.11578436854175132,0.05126062197986987,0.09101131560497289,0.05064803724579352,0.09645261517812835,0.15092778134041643,0.10097119706171233
6,0,0.17837487996898616,0.08790650186142109,0.08134558544254253,0.11419149935574117,0.04810592058043007,0.09295158451955984,0.04983055079575761,0.09990913231004793,0.15190714641034792,0.09547719875498731
8,0,0.1782539046697718,0.08909282864769669,0.08035074847235688,0.11203456712791304,0.04833759455792781,0.09589654820713735,0.051204382890087614,0.10279021552644597,0.1493543485950122,0.09268486130547231
8,0,0.16920988990527341,0.08695464285272787,0.08484401791140081,0.11699692730530262,0.052409349952776206,0.08936837227284701,0.05054308461800351,0.09426989552090899,0.15132849260603612,0.10407532705455429
5,0,0.18295365483181814,0.09038111565266194,0.07767088006949692,0.1087754291342217,0.046317113152306195,0.10016840019234044,0.05182421755847521,0.10822700887435795,0.14733428687226968,0.08634789366186896
5,0,0.18412214891059958,0.09009327915330391,0.07758224483981194,0.10912043896992867,0.04574041873805608,0.09959886864250227,0.05126474209735965,0.10795080833425112,0.14824978209318124,0.08627726822082148
4,0,0.16949438119985782,0.08741087854052322,0.08438507271189927,0.11617855785570594,0.05246000474895171,0.09052108299876585,0.05103094329049919,0.09543216693803312,0.15032723689813324,0.10275967481746104
4,0,0.17736382924759464,0.08869116782506217,0.08098212957556622,0.112909633972174,0.04868364993403258,0.09471248641117375,0.05091000279331997,0.10141527477050984,0.150056638404138,0.09427518706625136
4,0,0.18037560299157168,0.08897104298490258,0.07981543482220792,0.11192330150361623,0.04725596273299331,0.09589664340015794,0.050644719383260914,0.10332723540231242,0.15023634915304526,0.09155370762575138
5,0,0.17502992670156736,0.08839138594880101,0.08195087760760518,0.1137752396190046,0.04971178634095115,0.09355793142744159,0.05101908397377052,0.09974200698199454,0.15021604710187378,0.09660571429681508
5,0,0.184099372484812,0.09263648610894945,0.07494092465804164,0.10395577436167243,0.04582154331441729,0.10695181831900293,0.05431007382551892,0.11537060568246432,0.14212174143860742,0.07979165980632935
7,0,0.18381652762662454,0.08982911464663981,0.07795116256852297,0.10967274681406171,0.045740862155057245,0.09876093420146695,0.05099963602378956,0.10705710194521408,0.14905333296441356,0.0871185810540258
6,0,0.18384404405932156,0.09275491752399986,0.0748819988368718,0.10378747815259631,0.04601493643155739,0.10731137140965552,0.05449690650279454,0.11562530731982518,0.1416267861305635,0.0796562536326304
5,0,0.19771213992268497,0.09486506722982332,0.0672822866412096,0.09515867329844359,0.039443515612013993,0.1185395761696379,0.05462439944919127,0.13132648547034623,0.13648101701607235,0.064566839190379
7,0,0.16859018452719066,0.08570925563409965,0.08596617305516703,0.11916623972005783,0.052322508044390245,0.08647002350532203,0.04925021545236288,0.09132741099791322,0.15372165464004853,0.10747633442327936
7,0,0.18576408629525004,0.09122758443731642,0.07590289267402503,0.10652385863593897,0.04511087655664695,0.10316185205678331,0.052310231850975955,0.11195917876210215,0.14570698859066628,0.08233245014010923
7,0,0.19450908368559588,0.09163413890090429,0.07255357555462005,0.10360126171264201,0.04113012931601839,0.10634754615453255,0.051213090931100554,0.11756746605389433,0.14600182388217717,0.07544188380832027
6,0,0.1834831429093654,0.09206791498933584,0.07576026570866014,0.10527496756315657,0.04615020359509113,0.10512641201151737,0.053732733595938005,0.11333289090981379,0.14338025211749317,0.08169121659944505
0,0,0.18674301764994283,0.09183822139711909,0.07493078981467335,0.1050425031307114,0.044647192865837224,0.10518388047441966,0.05286399286794785,0.11427750283237839,0.14437919409337255,0.08009370487341083
4,0,0.17754437601972678,0.0896949602785458,0.0800154883208011,0.11101126033075216,0.04878912041322091,0.09735650815457991,0.052052897483864144,0.10404531680144953,0.1478145979169145,0.09167547427996742
1,0,0.18948812876119764,0.09144437054643371,0.07444882852425681,0.10523209898978614,0.043344741333121224,0.1045845056406375,0.0518753261191516,0.11439739616531917,0.14589955074356617,0.07928505317634063
1,0,0.18453762997923714,0.09002429128037176,0.07751415933859965,0.10917363907110306,0.045553233229584184,0.09950458586981056,0.05111352917499485,0.10795985863642858,0.14845944507093087,0.0861596283487548
1,0,0.19008847916706076,0.09188820360072529,0.07376221795693023,0.10416515009094836,0.04312589766793896,0.10608738978129029,0.052301279301480916,0.11609495127395285,0.1447318736402444,0.07775455751923778
2,0,0.17751170355618523,0.08825636985144887,0.08130785441112871,0.11368281295912044,0.04860267062260776,0.09368883359989583,0.05040003929085478,0.10043244204390378,0.15089350268749296,0.09522377097718422
5,0,0.18167960347946702,0.08870195311365625,0.079637784446572,0.11220201411372309,0.04670532012501946,0.09550072475425615,0.050124332602539456,0.10323069538848217,0.15091147845728548,0.09130609351881715
5,0,0.1739920305823974,0.08699331488776237,0.08341504110775876,0.11638461647527983,0.049918356857258206,0.09006471748325105,0.04962507710787757,0.0960601599383167,0.15287794388059361,0.10066874167933053
5,0,0.17922881565220894,0.08847112065791325,0.080612244412165,0.11301011576310029,0.04765638872098246,0.09441400353031448,0.05029666407127877,0.10159467839783312,0.15118960859173017,0.09352636020229421
1,0,0.18254655646092796,0.08946721426403285,0.07867563814253829,0.11061613830392263,0.0463589062241158,0.09761007458719988,0.05082042173974769,0.10555435588811932,0.1494794443330691,0.0888712500561439
1,0,0.1868329668003689,0.09088206391823443,0.07592225578374096,0.10698395626194473,0.04449403432887355,0.10233433613031205,0.05167630277550375,0.11140464102038214,0.14698655730879578,0.08248288567165687
1,0,0.1846171676253352,0.09047227273136547,0.07705270986270608,0.1082733686994585,0.04551596790728995,0.10072768710699773,0.05161076951272071,0.10921679540690812,0.1475106309405209,0.08500263020651262
1,0,0.19304939477231708,0.0927430613225332,0.07176534903509475,0.10155664926075379,0.04174694316364687,0.10953273683114921,0.05280959423900018,0.12049396630194897,0.14277342972357937,0.07352887534978356
2,0,0.17568018035335545,0.08719435071874812,0.08275040658862844,0.11584225809632909,0.049224347361786,0.09081064641268483,0.049528913612917835,0.09717190628411362,0.15276535414997944,0.09903163642128143
2,0,0.18238987806624177,0.08884282646194615,0.07930979917296178,0.11183050828583814,0.046296891803110224,0.09590109388845723,0.05011428460780179,0.10382548498380186,0.15098075585208745,0.09050847687757117
5,0,0.18405287353119731,0.08945977432124141,0.07819755178541181,0.11035281610412473,0.04574965225455045,0.09793324249582908,0.05056532132943844,0.1062444946999474,0.14959461743847544,0.08784965603959982
1,0,0.18170256207791016,0.08938388721762408,0.07903603301745282,0.11091745864838005,0.04663455248930305,0.09715991787432521,0.050860250915626466,0.10492797826847695,0.14972530418595845,0.08965205530476109
1,0,0.18783592527874227,0.09054230610744517,0.07593951382398727,0.10746676760759391,0.04404393087962252,0.10158738704436383,0.05109877916682113,0.11089803582576274,0.14792462778647789,0.0826627264789954
1,0,0.17693391447642376,0.08790440994432695,0.08180872928474445,0.1143874909497951,0.04855183898766672,0.09257723881609853,0.05005187090449134,0.09924546330239443,0.15205482021364755,0.09648422312023419
5,0,0.17859107532468485,0.0894495508884716,0.07993132657184981,0.11128013436722958,0.04810762995374087,0.09679460116173932,0.05155847127724749,0.10380938114161492,0.14889347648136586,0.09158435283187713
5,0,0.1819891485565422,0.09019160940461353,0.078179295563374,0.10927846270100997,0.04654124923609731,0.09935179267172746,0.051763563840172284,0.10720454128515454,0.14804371424898574,0.08745662249214094
4,0,0.1824570247138092,0.08964338494878318,0.07853914729571937,0.11029796749117585,0.04643602625796481,0.09805975022302077,0.05104519264145487,0.10599117174910053,0.14902496330975476,0.0885053713690342
3,0,0.17875686142795155,0.08816376754419024,0.08102669329587683,0.11366746389959982,0.04784754224898227,0.09356254085336198,0.050014193665578674,0.10062801348422996,0.15171831461611307,0.09461460896393678
1,0,0.18026587069305322,0.08786949424340916,0.08083046468902899,0.11396353431924419,0.046969285433378936,0.09301602098301745,0.04936820340502577,0.10045306337982439,0.15298152357823183,0.09428253927560576
6,0,0.17091714457173893,0.08583498981218243,0.08521311473463904,0.11874524128577463,0.051177228957565594,0.08701917371141553,0.04891275450127083,0.09238532656715387,0.1542355892753027,0.10555943658278555
8,0,0.18806292066101665,0.09049798818580328,0.07592167594198318,0.10751377525477884,0.0439210888626685,0.10148154348732645,0.050998690150497954,0.11086277778763438,0.1481125458424946,0.08262699382560797
8,0,0.16626387237800658,0.08432257612836656,0.08765764147296144,0.12166032300246231,0.05277110177575551,0.08298606115524183,0.048063672890557095,0.08753224064163587,0.15624714583751081,0.11249536471733558
0,0,0.18019405776926867,0.08977289454472899,0.07912498041963364,0.11043962800557963,0.04752136703875365,0.09800132064628915,0.05163231503887849,0.10537207369047141,0.14823507008446984,0.08970629276174641
0,0,0.18582974448725173,0.09041585362642754,0.07672873942554102,0.10812927265343128,0.044879627587399516,0.10077413136870203,0.05130369789604009,0.1095787445101295,0.1480389113726929,0.08432127707219848
8,0,0.1884223183491317,0.09103037136705308,0.0752628392620835,0.10631977982996733,0.0436763125688829,0.1030488967287049,0.05155341223682294,0.11257910040525487,0.14708368733277338,0.08102328191913692
8,0,0.18752346530841082,0.09207976392749792,0.07441393706065759,0.10434874650698317,0.04420545260114307,0.10604110058478258,0.052994973178243476,0.11538092915256595,0.14406259694422557,0.0789490347353023
8,0,0.17710221553304245,0.08889395661665998,0.08088748885188451,0.11257056833544883,0.04882532326002402,0.0951699445754414,0.051186548771035484,0.10179570796915327,0.14960404247544054,0.0939642036116923
1,0,0.1750398721001304,0.08796801597871198,0.0823068508103803,0.11454461482201887,0.049666854985757514,0.09255474548614148,0.05052646563101113,0.09873863776577128,0.15103564466802272,0.09761829775187936
1,0,0.18416627434081898,0.09035990960050684,0.07731541421131226,0.10856346263033767,0.04563812979710993,0.10029856020531336,0.05154860117937035,0.10866808253564472,0.14787103360470163,0.08557053189470007
0,0,0.18307761790339913,0.0901937224269649,0.07782581310512292,0.10911144209862607,0.04615842588233212,0.09963400397775608,0.051563090451366256,0.10773241093061396,0.1479793294007861,0.08672414382284932
0,0,0.1754406042478437,0.08720825922545408,0.08281553348044422,0.115852570409675,0.049297755548008915,0.09078308188781244,0.04957194279469017,0.09708906071223007,0.15276969022996106,0.09917150146370488
1,0,0.17042751912106624,0.08588074395936961,0.08533354859012264,0.11870409243062884,0.051300617992450025,0.08696220648211495,0.049030283480775656,0.0922555649823158,0.15427365754574784,0.10583176541523806
4,0,0.17390224294448012,0.08684365212657069,0.0835697738603781,0.11667739852837138,0.049894163994895394,0.08967618471596397,0.04944526542680012,0.09565879220150036,0.1532321586953952,0.10110036750547075
8,0,0.18409400019104816,0.09018652006924263,0.07750658670686146,0.10893582250271966,0.045690861337432574,0.09982102679799897,0.051359501410209986,0.1081622000048757,0.14818559434904216,0.0860578866303845
8,0,0.18605231420177162,0.09041489463208952,0.07665195260269761,0.10809109950610729,0.044806517462105296,0.10084204948011845,0.05126514009450585,0.1096891983199792,0.14801441566001947,0.08417241804041954
8,0,0.19068623426848139,0.09196115069202715,0.07348554362798047,0.10386760577165778,0.042798451925097916,0.10642458409240685,0.052268862504062624,0.1166168294180956,0.14473056332580317,0.0771601743741962
9,0,0.1732744414604916,0.08681655344204335,0.08378189712523339,0.11680436152796851,0.05018675835845136,0.08951205904813546,0.04952574807131702,0.0953535377063699,0.15313340672019635,0.10161123653961987
8,0,0.17506938827809362,0.08690082696201307,0.0831819882765976,0.11640208097459954,0.04921508137607833,0.08990185253232191,0.04927797944630652,0.09618109048011289,0.1537072995860979,0.1001624120876037
8,0,0.1761192432660689,0.08690851414772681,0.08288122887413318,0.1162475959116582,0.04856086858497507,0.08995780017479069,0.04904864399501786,0.09651734489537252,0.1543116985405124,0.09944706160956834
9,0,0.1770419940588999,0.08885890546755587,0.08093136654215521,0.11264743280032227,0.048866969147983726,0.09508732480469842,0.05116756051869384,0.10170501437486736,0.14961155210449037,0.0940818801801559
0,0,0.17920565100580935,0.0890351144594585,0.08012703889174355,0.1119815095385533,0.04776025956598635,0.0958224867324754,0.05094034561674272,0.10299244979979598,0.14994413638643755,0.09219100800281807
0,0,0.17037205676980183,0.08678125910093816,0.08464544511635097,0.11718272702985984,0.051738716631572416,0.08910628045343386,0.05009505453213598,0.0942798349054296,0.1521060245578401,0.10369260090246687
0,0,0.18549907311428315,0.09067120034128588,0.07657391051844943,0.10766556783353184,0.045038445160070495,0.10144675746760687,0.05167174884725072,0.11016061531858642,0.14738374181051123,0.08388893958823826
8,0,0.17449883008089162,0.08898959635272942,0.08157066020530096,0.11276347484415543,0.050249903749483994,0.0950755660094142,0.05185879105944365,0.1010701166392202,0.14844694523488167,0.09547611582430433
8,0,0.18267096119864232,0.089551883430423,0.07856885354278473,0.1104269316036811,0.046259271955572695,0.09781530170056252,0.05088587710999821,0.10581002066128964,0.14942808188181883,0.08858281691504434
8,0,0.16650681530273315,0.08468306554951104,0.08733770101017833,0.12104598622896949,0.052765609524415044,0.08377083883727357,0.04842114929914481,0.08834422889040476,0.15564540628406356,0.11147919907313981
8,0,0.1754000593572804,0.08675113041302032,0.08322358128736493,0.11661884799036468,0.048836755192167694,0.08946832623998953,0.04899705009151631,0.09587492016189728,0.1545065447547607,0.1003227845114628
0,0,0.17390544472437727,0.0888756591917537,0.08184905603815444,0.11305213999721167,0.05052628061536498,0.09469864844085045,0.051841235942756435,0.10055164967199044,0.14853878759605596,0.09616109778131078
0,0,0.18684622539481807,0.09133855112833751,0.07544342557164507,0.10603586694367503,0.0444857223897319,0.10365525084999333,0.05222420854356171,0.11276496740514846,0.14589500517672455,0.08131077659617748
9,0,0.17552846688123044,0.08733200186970116,0.08269127239125017,0.11561342365740704,0.04923663153316727,0.09106670270358933,0.049687785037692785,0.09739459488120256,0.15263316557699125,0.09881595546759246
8,0,0.17775098439976197,0.08880551191035727,0.08075734951657351,0.11263555160266825,0.048530555462604145,0.09507939467041167,0.050968428361555816,0.10185611879656378,0.1498827627413116,0.09373334253801434
4,0,0.18369147981002293,0.08970334115971454,0.07809586393741755,0.10995941998552994,0.04585825675081264,0.09844168730157671,0.050879373426798054,0.10668078422184997,0.14916420377399248,0.08752558963210165
4,0,0.18796961398968806,0.09109563689348317,0.07532896514609982,0.10631245935511126,0.044007955409690755,0.10319867600326334,0.05172170052450794,0.11258078455262553,0.14659286181557757,0.08119134630976445
5,0,0.1712911535133266,0.08699555820380724,0.08421312642881663,0.11670296200579364,0.05125851213553515,0.0896772759692899,0.05015389892327402,0.09507242224369235,0.15208515889174823,0.10254993168454517
4,0,0.18441771424052328,0.08982832189074384,0.07775138713794613,0.10957953076361379,0.045515014945985026,0.09890012691681598,0.050883063920400276,0.10732484378657925,0.14906949155549942,0.08673050484170867
4,0,0.18684953235536955,0.09127474252547642,0.07550815042788275,0.10618550075544284,0.0445220129439685,0.10347820564103288,0.052140923230592495,0.11257480335017168,0.1459793020806572,0.08148682668921883
0,0,0.17178826827704005,0.08763712564871683,0.08354062727094602,0.11553473824703304,0.05126130681481689,0.09131820187105939,0.05080258797051602,0.09675435595252417,0.1507163000769614,0.10064648787021431
0,0,0.17930806309119174,0.0901225751660671,0.07907437875899315,0.10990978348624264,0.04795655431141063,0.09876464609119118,0.05221064810487048,0.10590619138653516,0.1473175388562743,0.08942962074704436
5,0,0.17205053542660922,0.08840184775669634,0.08280896421930845,0.11411676460102611,0.05134177015771331,0.09323993351551371,0.05167972077102618,0.09869225247898011,0.14908991504342511,0.09857829602952949
5,0,0.1823621321395306,0.09051471519799607,0.07773341708604158,0.10860235278934431,0.04650726099627694,0.10038017613189346,0.0520928770256728,0.10831365762207497,0.1471016106775623,0.08639180033342468
5,0,0.19480552989070346,0.0937422945250331,0.06988418553579795,0.09879970966304487,0.04098595035090086,0.11348917511574287,0.0537282069647815,0.12507506553073858,0.1397981072832229,0.06969177513983914
5,0,0.18096976315254656,0.08965911257557474,0.07899910748346792,0.1105087943852815,0.04705226619360183,0.0977906991489955,0.05134268005860859,0.10537350951585384,0.1488448402390514,0.08945922724683719
5,0,0.18317665269007316,0.09107309575080746,0.07691308890799108,0.10733832121735688,0.04617170283805112,0.10210935161313033,0.052601093063484636,0.11025479561126414,0.14592091488567613,0.08444098342198188
6,0,0.18238408262966166,0.09021525334888482,0.07802129659335391,0.10919612224465097,0.04649604750254257,0.09957027515519788,0.05172288943264829,0.10748975399574177,0.14776814520783793,0.08713613388929778
6,0,0.18958462586802932,0.09214407926918378,0.07364673951925067,0.10373306207053923,0.04329498661478454,0.10674982558120556,0.05270107492454403,0.11665582522912778,0.1440888007647653,0.07740098015838003
0,0,0.17492726991962115,0.08831155816055195,0.08204484553725205,0.1139425721585192,0.04981819103169484,0.09339914402602532,0.050950711281938156,0.09953151388644821,0.1502166166419297,0.09685757735584445
0,0,0.17089844336364723,0.08685879415132916,0.08444396677054074,0.11697911850368828,0.05135422937057847,0.08925943659966962,0.050055600913159956,0.09458942659460699,0.1523922329610958,0.10316875077151286
7,0,0.1804759596750999,0.08916221874327643,0.07960017556311208,0.11155069218098383,0.047332149923500676,0.0964632709534676,0.050872901820984924,0.10390540513683666,0.14962111882309911,0.09101610717945821
7,0,0.18980756595774217,0.09089109212576917,0.07493873120873304,0.1063239454215449,0.04320728004291627,0.10302042202199578,0.051160556618040774,0.11287613735151095,0.14730141963124224,0.08047284962031483
7,0,0.18081595589844582,0.08947949922623788,0.07921423910308294,0.11087283715065667,0.04709337303525775,0.09728743504883787,0.051164679735292526,0.10483664274384538,0.14923514782173863,0.09000019023642385
0,0,0.17621698636933517,0.08796627438696114,0.08195179892928493,0.11439002994298088,0.04910783280118545,0.09273740785168649,0.050301546591357514,0.09919758682850004,0.15131688848495814,0.096813647813574
0,0,0.18422192661262146,0.09070816450398068,0.07694992355469982,0.10787043300391916,0.04566250440627024,0.10128696169901662,0.051953239576614796,0.10968294513904195,0.14699620948887215,0.0846676920147788
2,0,0.1771891017645438,0.08881203001058342,0.08091874213160974,0.1127119471394327,0.04885146944877289,0.09502649136796923,0.05110340420854098,0.101678185480473,0.1496145059195381,0.0940941225283591
2,0,0.18135573813335876,0.08985838183205247,0.07868566135612813,0.11007157162773067,0.04696397152517173,0.09842418535910573,0.051508994358652596,0.10609124237101203,0.1483280504280355,0.08871220300857101
2,0,0.17082590208816045,0.08605499134409283,0.08508673141592442,0.11836717323847114,0.05115309759822302,0.08740935141344826,0.04914951977984755,0.09277604352098612,0.15404199956928857,0.10513519003138674
2,0,0.17632273479306476,0.08756574115216138,0.08227845506991652,0.11507088495316212,0.04874934544428052,0.09164567375366861,0.049778887440776444,0.0981884891853801,0.15268030146888348,0.09771948673852966
7,0,0.177758877655778,0.08923890836585871,0.08034924995891811,0.11183835135539424,0.04874705979814937,0.09627525360630967,0.05151540072292403,0.10303261328674167,0.14859312049915047,0.09265116475059784
7,0,0.18526065489915877,0.0903646630367578,0.07694657082560677,0.1083590365362749,0.045275662687629066,0.10060800532955005,0.05138754531894069,0.10925193581531238,0.14772473129625244,0.08482119425433185
0,0,0.1774585386511171,0.08852287965078035,0.08109689760168644,0.11320302842533055,0.04862960651086587,0.09431516375261016,0.05070542529416017,0.10104796527889628,0.15040102981497314,0.0946194650194023
7,0,0.18756529914756223,0.0907816092801714,0.07579845987416772,0.10703907515434358,0.04411384522516066,0.10218009757406779,0.05142978898346725,0.11146716234820013,0.1474030777291193,0.08222158468355244
9,0,0.1779731874779109,0.089445801854815,0.08011982413635282,0.11141325614379684,0.048511695533013904,0.09673495270209141,0.051675131908979044,0.10357240662295471,0.1485371892719417,0.09201655434796553
9,0,0.1735534741025929,0.08790203894902811,0.0827983287475789,0.1148536558287366,0.050432453644939305,0.09220131473878712,0.05075783509571609,0.09803706482729274,0.15067046612955606,0.09879336793559872
3,0,0.1798372157350225,0.08947062848486609,0.07953761580294953,0.11104580611518564,0.04745904149299117,0.09702534549393978,0.05131636757238039,0.10434666481009805,0.14926269226297034,0.0906986222294167
1,0,0.17917842131757716,0.08869327426973068,0.08043707804147979,0.11262847437746656,0.047750184802623566,0.0949629089279657,0.05054219114750309,0.10211226001851635,0.15064469287456037,0.09305051422239762
1,0,0.18651935882066825,0.08997420600541874,0.07695121382477013,0.1088533385711057,0.04446067074649681,0.09964264237791108,0.05064434690549825,0.10861505670606002,0.1493886951617268,0.08495047088015778
0,0,0.1791402307625838,0.08868673337696108,0.08042686622917133,0.11265026279782434,0.047924499619949976,0.09505365669973266,0.0505889545175171,0.10216580624644049,0.1502941673569879,0.0930688223926521
0,0,0.18158752521765176,0.0894992203332086,0.07894233499909016,0.11072928129940901,0.046850916303923844,0.09754344076834927,0.05104882255268327,0.10525292231414393,0.14910716328655138,0.08943837292480732
0,0,0.17834545231312487,0.08849690868729702,0.08084274481688597,0.1131228680797206,0.04823036287222246,0.09442368566458584,0.05050916877987181,0.10135078963110765,0.15060758506990024,0.09407043408510518
0,0,0.181970660570058,0.08982181726162516,0.07852459717852706,0.1100366196422553,0.04666049704766056,0.09845128839698966,0.05133573932497392,0.1062430064023149,0.14857009647969494,0.08838567769571846
1,0,0.18214824717766442,0.08931418479650866,0.07895643034002534,0.11095467425782228,0.046408302145024664,0.09707854740455603,0.05068901785016402,0.10492190709470217,0.15002005408794966,0.08950863484540075
9,0,0.18093958157381415,0.08908041309155182,0.079539354672122,0.11162566482202624,0.047031541649984236,0.096285864506538,0.050672433178205314,0.10385568972079967,0.15006293080212016,0.09090652598265749
1,0,0.17513828582676408,0.08806193353754327,0.08221532559097791,0.11434036699134459,0.04947443161476112,0.09269434978524914,0.05059209542105249,0.09893703901178202,0.15120777097699026,0.09733840124336002
1,0,0.17873366930173792,0.08881419290568887,0.08047813722726072,0.11242713921860077,0.047795990395078224,0.09510716329126429,0.050751338924490005,0.10217540433825761,0.15067222773064068,0.09304473666680226
8,0,0.17773929260136306,0.08775831103784851,0.0816804863075433,0.1145506994270091,0.04822879486581374,0.09240212007226659,0.04973401555686977,0.09922681043863653,0.15239656112248084,0.09628290856999085
9,0,0.17124825387069462,0.08591808313422217,0.085078497998455,0.1185557330911864,0.05079703767563336,0.08709309276983232,0.04888463520373851,0.09258117891768423,0.15466721537105493,0.10517627196732714
9,0,0.17316505752760275,0.08600992477579116,0.0844370444016087,0.11820382550066427,0.050003223438299396,0.08763469166323827,0.04863686308626935,0.09350275626387142,0.1548102325200493,0.10359638082243226
9,0,0.17948850839828126,0.08784844099386384,0.08108366497998178,0.11412235253659592,0.04734580814314544,0.09285452681299995,0.049491332764187816,0.1000997026836396,0.1528013542537634,0.09486430843336152
2,0,0.17673609582644909,0.08822390094176402,0.08159414456346531,0.11383445566021992,0.048746630223590964,0.09334085711310791,0.050469340294006786,0.0999566527214984,0.15124226921276634,0.0958556534429546
3,0,0.18197862798815267,0.09032690493926117,0.0780378858243903,0.10903563006111736,0.04667822088013942,0.09980734072751608,0.051932156230080705,0.10761375946625443,0.14747272668187444,0.08711674720103148
3,0,0.18820181812212505,0.09204814464094928,0.07422419443978114,0.10425603769160652,0.0438778429661928,0.10610289954257279,0.05283400795979124,0.11563192788997816,0.14425958284993956,0.07856354389687535
8,0,0.1684058976673519,0.08544448564082137,0.0862476986321617,0.11961371601044915,0.05200041518513469,0.08560908570121134,0.04888953372540698,0.09053826896329889,0.15489569045371152,0.10835520802028407
3,0,0.1720224561043677,0.08709904860342285,0.08391713083681089,0.11644546549879634,0.05091349904085784,0.09001810628988886,0.050118482220572566,0.09556729400814475,0.15210258648009434,0.10179593091687171
3,0,0.1735161110429677,0.0872553255570715,0.08335536699552597,0.11599228063057618,0.05017422084662192,0.09056106124887041,0.04999846581200858,0.09646009813711207,0.15228694864927797,0.10040012107979421
3,0,0.1730285329184675,0.08807931937168129,0.08282262756949224,0.11458620841605528,0.05059362417713795,0.09246022076163264,0.051047206541429295,0.09820316787349692,0.15043810600028254,0.09874098637015127
3,0,0.17465274496946917,0.08795274649358803,0.08244862639840932,0.11460340731538131,0.04971225697081038,0.09236725325855329,0.0505652627293461,0.0984989497969426,0.15126140554828885,0.09793734651903627
0,0,0.17538760866359204,0.08725154901054778,0.08279937800537222,0.1157795473682,0.04931688019776792,0.09086381985779374,0.049631221244772636,0.09716669524665507,0.15269725103377207,0.09910604937135095
9,0,0.17981688995892645,0.08871845070577744,0.08019388705270927,0.11248563184728898,0.04759175694140138,0.09523514730729839,0.05049139557802345,0.10251244890038808,0.15042067959897878,0.092533712109028
0,0,0.17357897890870663,0.0872034787396578,0.08335661939328312,0.11608614981232389,0.050284826640735296,0.09056192057836436,0.049950697833056494,0.09641895980978289,0.1521013332881752,0.10045703499574081
0,0,0.17357897890870663,0.0872034787396578,0.08335661939328312,0.11608614981232389,0.050284826640735296,0.09056192057836436,0.049950697833056494,0.09641895980978289,0.1521013332881752,0.10045703499574081
0,0,0.1823435806056997,0.08943721411290183,0.07876818724640763,0.11070364169087558,0.046433882334459047,0.09748850372887638,0.05081849470112374,0.10537580132917951,0.14954837936212032,0.08908231488817396
0,0,0.1823435806056997,0.08943721411290183,0.07876818724640763,0.11070364169087558,0.046433882334459047,0.09748850372887638,0.05081849470112374,0.10537580132917951,0.14954837936212032,0.08908231488817396
3,0,0.1814565638909464,0.08970828448191684,0.07880977432711905,0.11032312111059067,0.04677142699716367,0.0979646909833002,0.05129440689010808,0.10567893126295522,0.14897451332021866,0.08901828673549964
0,0,0.16742813861756414,0.08427979360443884,0.08735154721654036,0.1216312669321223,0.05212685072142007,0.08300188297463072,0.047769982817409413,0.08779543694303737,0.15683026815873716,0.11178483201393213
7,0,0.18645534652925094,0.09139690634351953,0.07550785417496035,0.10603380094218959,0.04475859117172936,0.10379286557054263,0.052377285546324835,0.11279125827336668,0.14546526556065026,0.08142082588727947
8,0,0.17889003653651753,0.08973615813930702,0.07956557523388397,0.1107218341822184,0.04813033841213581,0.09767488871644221,0.05183916519531645,0.10471575458668675,0.1480535663664949,0.09067268263081822
8,0,0.17061640132184142,0.08672044248192974,0.08461688792522622,0.11726260674292266,0.051624817237354355,0.08901618705402689,0.0499844488069861,0.09424437593716327,0.15224979979972558,0.10366403269265312
8,0,0.17935171618230442,0.08868353158313165,0.08039084419363385,0.1126199974441658,0.04766783323658178,0.09497967019421961,0.05050191577922175,0.10216747506172204,0.15069312033367155,0.09294389599116828
0,0,0.17837395440746753,0.0894826539172947,0.07994450828264682,0.11128320989287645,0.04842940072585756,0.09696938968541842,0.05166869837480846,0.1038883673632829,0.14831625612716054,0.09164356122300822
0,0,0.18370502643936465,0.0903452918620621,0.0774659378986911,0.10870109619699728,0.045957555785544724,0.1002138090013175,0.05164132278429153,0.10846600592801474,0.14757400705001006,0.08592994705352268
0,0,0.1716158884097706,0.08697035589578153,0.08414997098876281,0.11671665921640921,0.05102756322874009,0.08962555885285126,0.050030204368192624,0.09509532009252923,0.15237173917100694,0.10239673977578412
3,0,0.18263845603975798,0.08975042953374765,0.07839878647099999,0.11003385789369617,0.04622225207884352,0.0982924277251011,0.051119013986805385,0.10630145181194087,0.14912713121795115,0.08811619324097353
2,0,0.1874341075214645,0.09074831891406537,0.07586105987366876,0.1071493845662118,0.044299515237693744,0.10211901474797463,0.05142879625473404,0.11134048855981261,0.14720056694799177,0.0824187473761954
1,0,0.19076311833214218,0.09164621788492894,0.07378992711196514,0.10450653254167387,0.042804029140568536,0.10554561431900329,0.05189593556135228,0.11569618378345402,0.14545876864422655,0.07789367268049434
5,0,0.17703761690174055,0.08907688740890668,0.08073276859948389,0.11221629530219986,0.04887653013508625,0.0956207271651289,0.05144198257190189,0.1022534654901767,0.14919205100243463,0.09355167542276345
2,0,0.16906525544252723,0.08524975919852515,0.08618797024758978,0.1198890140912894,0.05172751413410561,0.085369431079268,0.048570151539601675,0.09040715557531039,0.15524110187159754,0.10829264682001612
0,0,0.16582747091919478,0.08412265023054424,0.08791654799474026,0.12201680923955883,0.05289437570275696,0.08248629403505875,0.047911668936630715,0.08696353993173091,0.15655508773999263,0.1133055552696262
6,0,0.18693001175980048,0.09157658522386253,0.07515735643841769,0.10553275180407348,0.044494140875776245,0.10440417422668057,0.05249881634832457,0.11353730605362213,0.14522199566317223,0.08064686160608318
0,0,0.18861308198339782,0.09137426889066866,0.07483408779722094,0.10555231889525307,0.04359311483968756,0.10409303141238978,0.051939618537516226,0.11370748204539657,0.1462657468802251,0.08002724871805553
0,0,0.198006610845908,0.09325026675531813,0.06936305212795973,0.09897402769038399,0.03959494598988373,0.11270616746296497,0.0525888056971994,0.1252093643695138,0.1414573709103846,0.06884938815028561
3,0,0.16428678628315405,0.0846956418593072,0.08793634322280591,0.12120604206030422,0.05421256596870647,0.08372367155026969,0.04895445208743619,0.08776575409979533,0.15425899039029692,0.11295975247775975
1,0,0.18103353780314177,0.08830030439175479,0.08020276852655447,0.11306294927077824,0.04683867772140841,0.0943086594750419,0.049746386869830975,0.1018890687942622,0.1518902318165426,0.09272741533050363
0,0,0.1889198858183679,0.09108486036633844,0.07503954224858364,0.10610106326923881,0.043506053586575895,0.10332974822615897,0.05153403330895373,0.11298706708592941,0.14692510793649916,0.08057263815316515
9,0,0.1756735094126047,0.08611776932360483,0.08362060702749823,0.11771949935765284,0.04876234955159448,0.08819055895158834,0.04826525647719244,0.09461748386456283,0.1554430613496866,0.10158990468383892
0,0,0.17757427559421046,0.087220560698896,0.08217765988104309,0.11553328757058039,0.04816310890605679,0.091065889390436,0.04915544765916561,0.09787934783167855,0.15356142152829083,0.09766900093946465
4,0,0.17054727915456844,0.08838677724869665,0.08326692983624177,0.11436389359765846,0.05219780141361194,0.0930374003882788,0.0519555926097639,0.09810129105062584,0.14850694132151995,0.09963609337886378
4,0,0.17466415762202356,0.08811115820803121,0.08228319970547514,0.11434357425747507,0.04998876829366646,0.09291914036207746,0.05079345780327423,0.09898808557584418,0.15039618095747675,0.0975122772144813
0,0,0.17516491413548785,0.0882760211668639,0.0820200576967339,0.11394891668382114,0.04949870895590734,0.09321638115339267,0.05083955741141757,0.0994660974496,0.15076309707751903,0.09680624826908135
0,0,0.19773283489546248,0.0924979708622471,0.07039681039696938,0.10081175344147128,0.03981505780724765,0.11007080025136187,0.05172355995643448,0.1223287325870846,0.14357297815107856,0.07104950165044488
0,0,0.16849386151242216,0.08708229108562669,0.08495477187355151,0.11682448619616444,0.052691828671552206,0.089487565139343,0.05082623675363949,0.09425586282734484,0.15109096399681143,0.10429213194337555
4,0,0.17226054471865718,0.08881436936206964,0.08239365581784988,0.11339299482854633,0.0513943996761049,0.09432985874550633,0.05210518714611785,0.09977755338862343,0.14811382146638163,0.09741761484997054
4,0,0.17916317430255607,0.08860240466586382,0.08050995773908773,0.1128074962272068,0.047814825194593624,0.09478762701803786,0.050460554696285284,0.1019205921101191,0.1506679398068793,0.09326542823919134
0,0,0.17407572398910984,0.08844346201028917,0.0821631101740027,0.11381895627399659,0.050421610612876054,0.09369646566473451,0.05131599313080802,0.0995941579553896,0.14937602274691147,0.09709449744170781
5,0,0.18280645847486315,0.09004034663525334,0.07804339507920297,0.10946757628207311,0.04638223271452177,0.09924052344992058,0.05146443831674355,0.10725433317051669,0.14802304952567044,0.08727764635105155
5,0,0.18596725273197154,0.09052760934288118,0.07655259672995415,0.10789644662991912,0.04498025471794562,0.1012159498545115,0.05144906388690595,0.11004109561780079,0.147423349112601,0.08394638137532316
1,0,0.17112679974546346,0.08677047969034225,0.08443745493172546,0.11709422611691678,0.05122820250267549,0.08910036622175428,0.04992238692951704,0.09448282020888027,0.15262033888467613,0.10321692476787757
2,0,0.1854358856051478,0.0900488867349822,0.07720056234357357,0.10895959410570172,0.045158486903815284,0.09975414028504097,0.05097460030424521,0.10843183700740736,0.14853598707407076,0.08550001963582969
1,0,0.18549043926032407,0.09066497522215146,0.07657169969113793,0.10770464854158975,0.04513148956411564,0.1014676107682606,0.05167571928189369,0.11016568842126757,0.14720229996131146,0.0839254292877623
0,0,0.17647595074281586,0.08774168633013438,0.08207106545218452,0.11476254497085052,0.04887385382568566,0.09219321234284358,0.049968230873765604,0.09872106380669608,0.15200544478156677,0.09718694687328043
3,0,0.19050527341881401,0.0906963897187088,0.07491639548569885,0.10655553222808713,0.042836371006916445,0.1025689204327355,0.05079429163006908,0.11260219399973159,0.14802929904714085,0.08049533303190724
3,0,0.19659640868989128,0.09257952640870898,0.0707193847942308,0.10094338709268273,0.04020799935986448,0.10996225382812992,0.05199290981592309,0.12192154378721136,0.14349237921741256,0.07158420700574813
3,0,0.17812600417035335,0.08885265646619098,0.0806221890853849,0.11247137762767023,0.04818915790481924,0.09514040494166554,0.0509315923563769,0.10206359772856398,0.15022409556654912,0.09337892415224772
2,0,0.17466949199441822,0.0878772027893315,0.08248655721236542,0.11475465527326398,0.049872430924256576,0.09230498634201965,0.05051200054352948,0.09840585722834258,0.15103174853837645,0.09808506915392136
0,0,0.18549665532663595,0.09047984581973403,0.07677249553681084,0.10805466164232899,0.0450065654543778,0.10088115496800741,0.051435728315860935,0.10959452433036937,0.14789828101431132,0.08438008759137772
2,0,0.16919763282082406,0.08756229866052886,0.08436194003901108,0.11593791810511178,0.052537695720983914,0.09074696783487869,0.05124642845379444,0.09561880239728394,0.15015856568803748,0.10263175027937643
2,0,0.17184319002780507,0.08684394856424346,0.08417518816168083,0.11690858509313863,0.0509145284243674,0.08937475357106855,0.04985815836762096,0.09491252398995616,0.1526252700927058,0.10254385370724131
3,0,0.1820231529835839,0.08954470055220612,0.07876609520947905,0.11056599555952044,0.046647024065863775,0.09773534602773802,0.05101932031508862,0.10555757544298405,0.14910731681750353,0.0890334730258503
3,0,0.18116408312132026,0.08899145392539931,0.0795375720987215,0.11175717946712592,0.04698709814013035,0.09614710096975793,0.050546710326349345,0.10375580496295413,0.15014928295701782,0.09096371403104207
3,0,0.1914659660449536,0.09125140062070426,0.07400326892752913,0.10518813809425798,0.042487910981345606,0.10445842097637333,0.051288958447805705,0.1147888491641985,0.14660648752964,0.0784605992130004
6,0,0.18574547295105828,0.09198381489786339,0.0751100465921523,0.10492017250586962,0.04499350360014115,0.10531278663203784,0.053222050747768625,0.11417915803783263,0.14413967916901455,0.0803933148660758
4,0,0.17864071358707517,0.0896969757243495,0.07967391812636739,0.11084158835913382,0.0482727602249092,0.0975531076042545,0.05184203240696612,0.10451748895241628,0.148026608700048,0.09093480631430138
4,0,0.18375462695073522,0.09001715924207747,0.07778105301902308,0.10933666281148446,0.04583317806685778,0.09928948672793983,0.051223947275891836,0.10754563537200566,0.14851141848681354,0.08670683204698734
6,0,0.18767501623133978,0.09076918257384035,0.07576668748518228,0.10701885417758901,0.04406458754142098,0.10217406843909733,0.05138821687231289,0.11146208336491095,0.14748917428817407,0.0821921290259448
6,0,0.19740903995517414,0.09254301610403978,0.07047697045923103,0.10080019291459,0.039849977963954106,0.11007336985774537,0.051815153084629535,0.12227970189116856,0.14363756553842413,0.07111501223084582
0,0,0.18145910742158655,0.08910995979855856,0.07933796870048986,0.11148499962291682,0.04687056878973383,0.09650825560929048,0.050628826081500225,0.10418755730825166,0.14993750017732935,0.09047525649016125
0,0,0.18251148380331825,0.08961199724874176,0.07855039306269615,0.11034990398882585,0.046413158362154594,0.09799409351806738,0.0509995381552443,0.10593469735622758,0.1490920805679271,0.08854265393661465
0,0,0.1668086612892807,0.08703913378676817,0.08547218029929611,0.11705385724375646,0.05358776395888537,0.08917891013245732,0.05113036071988961,0.09356831049613805,0.15059036575989315,0.10557045631346816
0,0,0.19355142803135802,0.09277652087294272,0.07152974958212227,0.10135028751695152,0.0415898444250377,0.10983659324150193,0.052771534170932825,0.12091283402050687,0.14256935149122943,0.07311185664722311
6,0,0.1843096225714771,0.09063683996805247,0.07700326612831257,0.10794521807348842,0.04543717664040527,0.10100378699920519,0.051847953723909934,0.10946849338942073,0.14757124726531878,0.08477639524022504
0,0,0.1766302825142022,0.08816057959804088,0.08165530679812878,0.11398766420088699,0.04899596808748725,0.09331291121780454,0.05045416718924024,0.09984889161055635,0.15089868761985406,0.096055541163622
8,0,0.17851205049359223,0.09102179706567923,0.07842406143050977,0.10833023521840164,0.04856872935791252,0.10120969106392937,0.053448899852655725,0.10805057351833652,0.14477380296140915,0.08766015903739524
8,0,0.18208948336318762,0.09094720089031035,0.07735483152805923,0.10780949672473596,0.046850022378551,0.1016849010854583,0.052680450420650254,0.1094669377195985,0.14564629668754123,0.08547037920172551
3,0,0.1746142218815335,0.08773361688522442,0.08261114963251913,0.1150230616981937,0.04995098616799288,0.09200939484562937,0.05037606296775313,0.09808098206519823,0.1511463710213864,0.09845415283439467
3,0,0.18327735322443559,0.0894480174990288,0.07845846427896522,0.11052261913193705,0.046079850229729435,0.09772788850988941,0.05068273726259607,0.10585384400019376,0.1495306203579482,0.08841860550509317
9,0,0.1676927336214727,0.08470242003368002,0.0869683930246376,0.12094745655002598,0.05241087762071223,0.08412344619407339,0.04826161234425153,0.08887775490931328,0.1555063201667797,0.11050898553488567
6,0,0.1874631384011878,0.089798169102262,0.07681212525517225,0.10903202415439087,0.044112061230805626,0.09938631703529567,0.0502870020799091,0.10858371370144,0.14976436023521716,0.08476108880413209
6,0,0.19747942345993746,0.09254312020077946,0.07044927453676561,0.10078033976043162,0.039835578564741216,0.1101003326313751,0.051805300781453206,0.12232216894811905,0.14361027522013656,0.0710741858960632
9,0,0.1587013356472925,0.08342791904710511,0.09034793674952393,0.12353290275142531,0.05671909537740867,0.08047016550057437,0.04866405974780456,0.08349566465036808,0.15460800143945022,0.1200329190888885
6,0,0.17925819731364362,0.08979553759080489,0.07937927679599387,0.11053671296400437,0.04799010286217975,0.09795884430956989,0.05184389136261231,0.10504199240998356,0.1479418263829445,0.0902536180080839
9,0,0.17910283621257808,0.08852436364934602,0.08058734558282728,0.11295615328905721,0.04787247483984299,0.09461336441224005,0.0503964321493286,0.1017230057605889,0.15073498849923278,0.09348903560477907
9,0,0.18524904361968794,0.08990861780222364,0.07740768016127397,0.10926735191929669,0.04516119491381683,0.09928739948934884,0.05082667295073614,0.10792324205993546,0.1489947446205226,0.08597405246297277
4,0,0.17599329795495916,0.08954161835407572,0.08063523016683971,0.11153296868067132,0.04950997823995337,0.09666829093940682,0.05218532144117024,0.1030141064927236,0.1478085847796402,0.09311060295038391
8,0,0.17365976529370128,0.08921346733466126,0.08162130948904786,0.1124722178685,0.050750677203623244,0.09553664714012512,0.05230061558244817,0.10130961330041027,0.14765264831666497,0.09548303847064413
8,0,0.1839572362223653,0.09056303103960314,0.07717786979325073,0.10821302631444184,0.04582275579298221,0.10085208501719344,0.051850863403721706,0.10918271085491943,0.147174951892324,0.08520546966901416
6,0,0.1840125426240096,0.09075324217808835,0.07695353516688572,0.10783063265928297,0.04586018448756996,0.10144450286233381,0.05206288506046823,0.1097532366178017,0.14663524743848838,0.08469399090488727
6,0,0.18578108755017458,0.09048516470649084,0.07666057839849942,0.10801814163007252,0.04500760557771281,0.10102170846356537,0.051411580705051446,0.10979219289778015,0.1476341665626983,0.08418777350776883
9,0,0.16679565344881353,0.08613018086645914,0.08619287274881433,0.11860437642376963,0.05318926056205963,0.08703964299211729,0.05003993319596177,0.09152272414339932,0.15268580377515473,0.1077995518432839
5,0,0.17947029248324306,0.08835594611197614,0.08063502341829393,0.11319821902074481,0.047604051809255275,0.09420495282425621,0.05012491933211254,0.10142562148425986,0.15133367270845638,0.09364730080722222
6,0,0.1742179311887776,0.08839650241611156,0.08218442560634347,0.11388194861336508,0.05018421616910978,0.09350961239991733,0.051189453629420324,0.0994597619413524,0.149847468244676,0.09712867979075195
6,0,0.18453292007788705,0.09001422102249977,0.07752833215992899,0.10915984078257458,0.0454387281696565,0.09944458168281668,0.05107316480888212,0.10787157430427326,0.14876478630799161,0.08617185068330481
2,0,0.17673145520704883,0.0888738849181728,0.08099742761836323,0.11267107631564723,0.04913464912904116,0.09514439559570438,0.05127544341977815,0.1016727524498174,0.14925347591556448,0.09424543943068554
2,0,0.1846639365321125,0.08989504044881567,0.07760594416741896,0.10940122951333345,0.045429172518541845,0.09913967800087242,0.05092150450938243,0.1076265197546149,0.14891628126358908,0.08640069329113405
8,0,0.17883285541074403,0.0900323410981294,0.07930781272663506,0.11012067238695321,0.04806263212195623,0.09839626462122039,0.052188447135059164,0.1054250032445056,0.14767016717233664,0.08996380408228136
6,0,0.18599595087514909,0.09041899213479174,0.0766623116345373,0.10807591703580584,0.044819137338002614,0.10085072657936517,0.05128001002726682,0.10967062340027808,0.14803392917667735,0.08419240179793996
