y_true,y_pred,proba__PIAAT,proba__PIALE,proba__PIARA,proba__PIATE,proba__PIAVE
PIAAT,PIARA,0.1940016237921459,0.2332002181067054,0.24098930568097562,0.20648947359320788,0.12531937882672414
PIAAT,PIATE,0.1982050504364625,0.1960054518603128,0.22452131714702228,0.2536618754920864,0.12760630506386222
PIAAT,PIARA,0.2059009797980269,0.20296727309030962,0.22380351172311813,0.2231224065327682,0.14420582885555347
PIAAT,PIATE,0.1890439517123838,0.19250638078486684,0.22679285806763994,0.2731906206072168,0.11846618882761943
PIAAT,PIARA,0.19287749240980184,0.22985427159278984,0.24129263069015555,0.22204110753690037,0.11393449777011107
PIAAT,PIATE,0.20117210873594413,0.16741316556011554,0.208519382147081,0.29098364619967804,0.13191169735689035
PIAAT,PIALE,0.18405994212320692,0.2696157949995516,0.25603176010543127,0.17874768695785942,0.11154481581368116
PIAAT,PIALE,0.17159957643623855,0.29275938657896194,0.2663156858298704,0.1617132109531007,0.10761214020153555
PIAAT,PIATE,0.16822106767550574,0.13073079773966131,0.1922980063829361,0.39457788029384416,0.11417224790765815
PIAAT,PIATE,0.14457224157679244,0.10473422297747967,0.17474318833184044,0.4679666636497043,0.10798368346371506
PIAAT,PIARA,0.2030980494501906,0.20886218782648477,0.2280113441917986,0.2271764503809104,0.1328519681503877
PIAAT,PIATE,0.19950591344411728,0.17417555917962196,0.21272056094952888,0.2787285230818197,0.13486944334463333
PIAAT,PIARA,0.1845696790075438,0.24656180107167483,0.2500991840790974,0.20663194037599458,0.11213739546543924
PIAAT,PIALE,0.17298238305086078,0.2900473865856483,0.2649285264897491,0.16322727671622966,0.10881442715722206
PIAAT,PIALE,0.19811551760205104,0.2455918094558385,0.24095079820179371,0.17716677387558835,0.13817510086448287
PIAAT,PIARA,0.18459224050651557,0.2503189205377661,0.2518795999760975,0.2094892559895429,0.10371998298982599
PIAAT,PIARA,0.2109912294924023,0.19930207751365875,0.21920051813017224,0.21709408526820714,0.15341208959534042
PIAAT,PIATE,0.20508585882184568,0.19604208726984085,0.22153475002251025,0.23572640014912957,0.14161090373643784
PIAAT,PIARA,0.19586801533895365,0.24321918908175735,0.24408303330522618,0.19981762005638623,0.11701214221743236
PIAAT,PIATE,0.21157314968085802,0.19458270639822137,0.21815416019778805,0.23008028346936507,0.14560970025353734
PIAAT,PIALE,0.19557848691053492,0.24258746195813505,0.24066295292487622,0.1777917464592492,0.14337935174696198
PIAAT,PIALE,0.0025547510173114444,0.47075509398601256,0.41361302771608077,0.03915140649490353,0.07392572078522086
PIAAT,PIATE,0.19679112158262616,0.13996427317403234,0.19134688486631224,0.313884121079327,0.15801359929738823
PIAAT,PIATE,0.14916981489440537,0.092450294798687,0.16137840788877095,0.4477401466460453,0.14926133577164355
PIAAT,PIATE,0.10789069367905622,0.060982651760709335,0.13104111791366876,0.593360813205265,0.10672472344070719
PIAAT,PIATE,0.188803879394738,0.15390195015304933,0.20388637761512196,0.33266976701666695,0.1207380258200911
PIAAT,PIATE,0.1858716633679477,0.16905601555587968,0.21473737910800367,0.3082408526786406,0.12209408928922014
PIAAT,PIATE,0.18266832194350896,0.1745847694840183,0.21916065256525166,0.3088080445635182,0.11477821144339409
PIAAT,PIATE,0.08816256522631429,0.10643607433618806,0.19018797128691686,0.5535566688925686,0.061656720257458594
PIAAT,PIATE,0.18775796174551057,0.15321789031179,0.2038369566347136,0.33208690503971877,0.12310028626793494
PIAAT,PIATE,0.10940915628495741,0.08846984419910976,0.14350119385339247,0.6471453120622189,0.011474493599674276
PIAAT,PIATE,0.08562214932297536,0.08726223159041882,0.14411977524542616,0.6753626881178494,0.007633155722654756
PIAAT,PIATE,0.11174792483275886,0.09482634155799816,0.15045278022273165,0.6307199251468946,0.01225302823898609
PIAAT,PIATE,0.14031065794267128,0.08856299985918364,0.14108520796904075,0.6129156430804383,0.01712549114805304
PIAAT,PIATE,0.12809452602977536,0.08783641820304768,0.1410856195941322,0.6286334564700187,0.014349979702397502
PIAAT,PIATE,0.14770311373240916,0.15966675395690588,0.20888943366061305,0.4566362910435131,0.027104407606102072
PIAAT,PIATE,0.11546410907331911,0.08950031806690247,0.1436435136825471,0.6409208248863396,0.01047123429025073
PIAAT,PIATE,0.11913141176066934,0.08976823529193995,0.1442686346169342,0.6334888048636987,0.013342913466124215
PIAAT,PIATE,0.1449274295347721,0.0952157960834268,0.14830341816885376,0.592461312563859,0.01909204364849568
PIAAT,PIATE,0.12005125665384347,0.08869935900014714,0.14257113976433822,0.6359953985393803,0.012682846041654794
PIAAT,PIATE,0.1354486639999805,0.08737593351025454,0.14007601535947894,0.6217088926201371,0.015390494509527178
PIAAT,PIAAT,0.22459734339025317,0.20807949607054488,0.22168275273532467,0.2150025107193243,0.13063789708432835
PIAAT,PIATE,0.2564144634694214,0.11871927639063355,0.16238867024139447,0.373823296444827,0.0886542934533498
PIAAT,PIAAT,0.23255300979321766,0.19937997356865636,0.21292954452295043,0.1981978753351999,0.15693959677974315
PIAAT,PIATE,0.13440143635784063,0.25000095732699934,0.27106488061773015,0.30868680138293675,0.035845924314184506
PIAAT,PIATE,0.09858879672774237,0.08806032741794587,0.143663340279669,0.6608482739065886,0.008839261667393229
PIAAT,PIATE,0.07814730434407743,0.08627706729208248,0.14370218843807994,0.6858486499170992,0.006024790007974948
PIAAT,PIATE,0.0615000147628603,0.08355644921375116,0.14228797750165303,0.708515149658996,0.004140408862030884
PIAAT,PIATE,0.08976614714262193,0.08659301943795383,0.14287633452968082,0.6734285249947268,0.007335973894343126
PIAAT,PIATE,0.0517663424642528,0.08523363167901167,0.1447555969656113,0.7152177497939736,0.003026679096435398
PIAAT,PIATE,0.11514002772567355,0.0891937958318407,0.14331324911835297,0.6413494968546364,0.011003430468854943
PIAAT,PIATE,0.11986144326319596,0.08797212821543483,0.1416421129730893,0.6383343842661704,0.01218993128147111
PIAAT,PIATE,0.23497263449823594,0.18071791426967634,0.20741160044038023,0.26542543227467147,0.11147241851677056
PIAAT,PIATE,0.14765441933464124,0.08737783686672498,0.13881624541346999,0.6083562470369517,0.017795251347603687
PIAAT,PIATE,0.1952770952654292,0.12843938392603368,0.1764858199009316,0.45864596227558707,0.04115173863155979
PIAAT,PIATE,0.16871661752075495,0.1035131639920866,0.15510838503736754,0.5464026510954618,0.02625918235378266
PIAAT,PIATE,0.10829062927174667,0.08814736488700285,0.14341517771845358,0.6487066179844077,0.011440210137740584
PIAAT,PIATE,0.14103879250701387,0.08937254084398326,0.14215756627839163,0.6097471790532729,0.01768392131672853
PIAAT,PIATE,0.1925247468218468,0.16282475409652933,0.2051314883440079,0.3910917882504666,0.04842722248675834
PIAAT,PIATE,0.1395749589905418,0.09161898499964806,0.1446103369478079,0.6068978479008881,0.01729787116050709
PIAAT,PIATE,0.10555463003440207,0.08777372425791234,0.14292242075419193,0.653650328095274,0.01009889685756588
PIAAT,PIATE,0.1613125195807791,0.08614983561067363,0.13718144531766477,0.5930332319859883,0.022322967504301135
PIAAT,PIATE,0.2282430752176548,0.19657557780086882,0.21786797573668434,0.24659218486064405,0.11072118638390128
PIAAT,PIATE,0.18472430057498643,0.11250458823963821,0.16308363326432485,0.5049169093778246,0.034770568542720946
PIAAT,PIATE,0.15651857817245168,0.08714067593395683,0.13794512902668735,0.6014209561266212,0.016974660739681454
PIAAT,PIATE,0.10019016099351707,0.08773271494546303,0.14318635701928226,0.6599692303278448,0.008921536713232743
PIAAT,PIATE,0.09958347085501648,0.08757554425904067,0.143067167042975,0.6615060988092749,0.008267719033031338
PIAAT,PIATE,0.08516685542566754,0.08741013939578574,0.14402612504989068,0.6769202263746578,0.006476653753321196
PIAAT,PIATE,0.10002790764748343,0.08677995672095654,0.14213007412219755,0.6621309627681493,0.008931098740550984
PIAAT,PIATE,0.08021114897806854,0.08996086641978228,0.14676446132693902,0.6774813695671115,0.0055821537074211445
PIAAT,PIATE,0.1385761794152506,0.25560273689311663,0.2707388852425738,0.29404192996383394,0.04104026848493089
PIAAT,PIARA,0.14941396797869047,0.2617429343716544,0.2702552100944499,0.26783205286968,0.050755834685254825
PIAAT,PIATE,0.11455183761342361,0.25333476207192646,0.2774200579182449,0.32480349117861823,0.02988985121746198
PIAAT,PIALE,0.1935499484019172,0.26754993529483057,0.24472027273665226,0.14193577204104796,0.15224407152528435
PIAAT,PIARA,0.1391566177369319,0.2691632283410558,0.27602826761862276,0.2728634885990586,0.04278839770405484
PIAAT,PIARA,0.1554041708822205,0.2680216041872613,0.2702228090186113,0.25110910517402846,0.055242310737608206
PIAAT,PIALE,0.17595725260909068,0.2850098868007357,0.26480134921707243,0.18022621093090238,0.09400530044191384
PIAAT,PIALE,0.1784378017520642,0.28656185532958417,0.2625251912131924,0.16686390126375186,0.10561125044112074
PIAAT,PIALE,0.19865222153052817,0.2497599297653161,0.2311188835796896,0.1289469679271747,0.1915219971970416
PIAAT,PIARA,0.13361298050289855,0.2781856737362862,0.2815209282299744,0.26518942234668974,0.0414909951838696
PIAAT,PIATE,0.1310857392761655,0.2479656805496477,0.2691421731037481,0.31694413561022755,0.03486227145989416
PIAAT,PIARA,0.1786660361397617,0.25257010611283504,0.257314387577519,0.24409442199602865,0.06735504817359816
PIAAT,PIALE,0.18797674411431417,0.2567024105751083,0.253197322559386,0.20994896032933263,0.0921745624216022
PIAAT,PIATE,0.1068964413445255,0.2736469168093906,0.28867000042116664,0.3035301918594584,0.02725644956515546
PIAAT,PIATE,0.09552795456612449,0.27147467258580077,0.29215305016164256,0.31715580815295685,0.023688514533158185
PIAAT,PIARA,0.14832141946514515,0.26774444859915497,0.2730450077728036,0.259306803436765,0.05158232072585814
PIAAT,PIATE,0.09288982672536143,0.2737923235656502,0.2939499260485255,0.3166242697926046,0.02274365386754161
PIAAT,PIALE,0.16387051695086277,0.3093375947171475,0.27398732844669155,0.157313098181857,0.09549146170313175
PIAAT,PIATE,0.08976547196301077,0.2721789539946698,0.29371663945650833,0.32320644177067814,0.02113249281480971
PIAAT,PIATE,0.10420806257200786,0.24596708389867858,0.2756011237931274,0.3512228378448044,0.02300089189103057
PIAAT,PIATE,0.22198298097314512,0.08523899519793268,0.13282835776000768,0.5139300346360776,0.04601963143232295
PIAAT,PIALE,0.16395771541475945,0.3109185287380664,0.27427362965720026,0.1570238442269104,0.09382628196275257
PIAAT,PIATE,0.0961689237929364,0.27455892403690196,0.29274833359204866,0.3126821102710107,0.02384170830678955
PIAAT,PIATE,0.07240978125874721,0.26301449619640727,0.294943396730657,0.35458897840928044,0.015043347404553502
PIAAT,PIATE,0.11895596720570463,0.2745655255051089,0.2852603919784426,0.28768335333875295,0.03353476197170331
PIAAT,PIATE,0.11580015735448818,0.27268335938178256,0.2854256052259333,0.2946018836877926,0.03148899434970875
PIAAT,PIALE,0.19167981919989943,0.26096201281493897,0.23532864833641165,0.12059996167321302,0.19142955797527597
PIAAT,PIATE,0.11444212378229368,0.27631147450486576,0.28751664860452125,0.2901224548702084,0.03160729823782076
PIAAT,PIARA,0.14055338911834456,0.272976728291071,0.27750902711564235,0.2628322878782247,0.04612856759643986
PIAAT,PIATE,0.0778320342017279,0.26477314151009956,0.2940565105267181,0.34649458281426687,0.016843730946840992
PIAAT,PIATE,0.14485091352641796,0.22321864878479844,0.25426958954327045,0.33939105617328524,0.038269791971888456
PIAAT,PIARA,0.12962142210720765,0.2790904156170489,0.2835654520705933,0.2673981884131109,0.04032452179175572
PIAAT,PIARA,0.13592094693964216,0.2740754628016193,0.27937938611460955,0.26754039726935513,0.04308380687449445
PIAAT,PIATE,0.09872313168840469,0.19839677317805732,0.24672135127571987,0.43903976536751804,0.017118978489861037
PIAAT,PIARA,0.17744141746978692,0.2557166061342889,0.25765231973517494,0.2346158408996746,0.07457381576081687
PIAAT,PIATE,0.1006082459241549,0.272512186617538,0.2903564634309773,0.31111270862977863,0.02541039539724006
PIAAT,PIARA,0.12752800282116034,0.27548248020163746,0.2828828970842397,0.2756778493464671,0.03842877054621244
PIAAT,PIARA,0.13251463410902625,0.2732964095188342,0.28010879586877074,0.2740744701903746,0.040005690312714094
PIAAT,PIATE,0.1735444199712978,0.2400955712668033,0.2543160430467578,0.2674398874995352,0.06460407821533846
PIAAT,PIATE,0.12344789736829423,0.2715274777464414,0.2824565618242172,0.287588658325849,0.03497940473491058
PIAAT,PIATE,0.1086358059901543,0.24863634122282563,0.2776426369563876,0.3400868021960766,0.024998413634215632
PIAAT,PIATE,0.08168132598350726,0.20139749830601805,0.25460979325851585,0.4489360092784441,0.013375373173065856
PIAAT,PIATE,0.08070865060421326,0.08735352755291077,0.14659182473320526,0.6771361441320143,0.008209852976979216
PIAAT,PIATE,0.08208268160419949,0.2467059293665791,0.2847309272304661,0.3694972429704037,0.016983218827982004
PIAAT,PIATE,0.10523886060377904,0.2463773744422434,0.2776654455304096,0.3464810902071341,0.024237229216087272
PIAAT,PIATE,0.0777815500917908,0.1592213360245263,0.22080619093036502,0.5313223713248513,0.010868551627935269
PIAAT,PIATE,0.14490950283829468,0.13600328373004555,0.18936914122392198,0.5050069520569306,0.024711120150302177
PIAAT,PIATE,0.11747245270235593,0.25784315798135976,0.279403607856928,0.3141742776930933,0.031106503765948756
PIAAT,PIATE,0.11671742280367199,0.2541030760490321,0.277959092660626,0.3223862441860811,0.02883416430026645
PIAAT,PIATE,0.080174991164715,0.12129554131160752,0.18447996483911433,0.6044212026990424,0.009628299984916279
PIAAT,PIATE,0.0829078579582993,0.2584260060312141,0.29022571200343256,0.3509773107362414,0.01746311327046158
PIAAT,PIATE,0.12174594886664634,0.25372197917757555,0.2765687795386205,0.31517316574223103,0.032790126674611356
PIAAT,PIATE,0.10983379874930038,0.25589855599128175,0.280328369221922,0.32684373686310547,0.02709553917406354
PIAAT,PIATE,0.07357970853314301,0.2579377205428863,0.29279944425377746,0.3611071610829811,0.014575965586851055
PIAAT,PIATE,0.10555274801016425,0.2605879506586696,0.2842051391815316,0.324704597617331,0.024949564531978836
PIAAT,PIATE,0.09722716567627392,0.1795941338749548,0.23399892445961495,0.4732609950843293,0.015918780904353863
PIAAT,PIATE,0.07424247534272457,0.2480505402351568,0.28792980767185566,0.375434423362606,0.014342753387281573
PIAAT,PIATE,0.06284518653062848,0.2508369570229582,0.2931888152269801,0.3816144454332047,0.011514595785846788
PIAAT,PIATE,0.08145748228652173,0.26152874784154645,0.29307938251539484,0.3461089377023683,0.017825449653822382
PIAAT,PIATE,0.09738013305864303,0.2615496105898425,0.2883885555256987,0.32941281413368123,0.023268886691805147
PIAAT,PIATE,0.11276820798290164,0.2599357254760946,0.28280741160475276,0.3150761457724274,0.02941250916350861
PIAAT,PIATE,0.1266983414465439,0.25971877002725624,0.27845035637570087,0.2984529487677312,0.0366795833824693
PIAAT,PIATE,0.10258551343714939,0.2642252213860017,0.2881096621060651,0.31938693551178754,0.025692667558676895
PIAAT,PIATE,0.11760381901908923,0.2600008426937521,0.2811925281947472,0.3102786665465639,0.0309241435455372
PIAAT,PIATE,0.06697578206582809,0.2532390431083734,0.2933569068468016,0.3737995297157485,0.012628738262874552
PIAAT,PIATE,0.07549399154373954,0.2553990618596397,0.29172926972082175,0.36206054609730354,0.015317130778133473
PIAAT,PIATE,0.18278230618395275,0.23621152804081574,0.24949231131550986,0.26174176388575154,0.06977209057370833
PIAAT,PIATE,0.0975687631512418,0.2478516010934245,0.2808461967560294,0.3523422797429655,0.021391159255986433
PIAAT,PIATE,0.09378006646628897,0.11918736103521813,0.1797216057972709,0.5956361460318546,0.011674820668771664
PIAAT,PIATE,0.0862917122750914,0.23178579410958686,0.27417717625898985,0.39131549202461424,0.01642982533132617
PIAAT,PIATE,0.0900824048444985,0.23392712798214227,0.2743053840240633,0.3841112458772242,0.017573837271687574
PIAAT,PIATE,0.09162824406576653,0.2568360910232356,0.28738296160641136,0.3437058700219823,0.020446833282260504
PIAAT,PIATE,0.06935757366053415,0.0858070690878741,0.14483725271557835,0.6939191959510647,0.006078908584254713
PIAAT,PIATE,0.06998680450012112,0.25674169864763435,0.29410926376534174,0.3653900518053091,0.013772181281228289
PIAAT,PIATE,0.09085664238001706,0.09545414855628526,0.15410959194217386,0.6499214516758072,0.009658165445066718
PIAAT,PIATE,0.06818484266864096,0.23621679711872426,0.28220442873022533,0.4014318887484987,0.01196204273350923
PIAAT,PIATE,0.16570995980094602,0.23499900658546735,0.2537147293805474,0.28896631744129486,0.05660998679145533
PIAAT,PIATE,0.1651527887873923,0.24519227782430097,0.2594633425035882,0.2704892515904083,0.059702339294039626
PIAAT,PIATE,0.20679413574880776,0.21836519618133463,0.23330510506308083,0.24787359657615385,0.09366196643037498
PIAAT,PIATE,0.10836288975792774,0.24493709968246555,0.27657082757703483,0.34483424602818374,0.025294936954043203
PIAAT,PIATE,0.13397941008469474,0.24865195108751856,0.269920964282444,0.30932703672274814,0.03812063782228519
PIAAT,PIATE,0.18588286716468688,0.2322858973572367,0.2469672977176264,0.26192872050750016,0.07293521725268784
PIAAT,PIATE,0.11664577964279553,0.2609567237234741,0.28170614173102027,0.3093316575208974,0.031359697381503425
PIAAT,PIATE,0.10804558559563697,0.17290996423901495,0.22655078312824428,0.4742424230338034,0.018251244002826034
PIAAT,PIATE,0.10358418802535027,0.24629793639089262,0.2782352012958857,0.3482233686966706,0.023659305590852615
PIAAT,PIATE,0.09579365461050456,0.23331035995039334,0.27307900046874767,0.3781911157111532,0.01962586925882296
PIAAT,PIATE,0.13029310693993576,0.25248705031136376,0.2729504705966943,0.3080869125496202,0.03618245960207799
PIAAT,PIATE,0.12239589484101096,0.24827984484894533,0.27363446597419605,0.3251199983082373,0.030569796027285226
PIAAT,PIATE,0.07182737163121126,0.2570950151419089,0.29278891401737456,0.36424113188327645,0.014047567325864454
PIAAT,PIATE,0.08142540109199344,0.25927380877299594,0.29109150707007775,0.35121058048602105,0.01699870257856066
PIAAT,PIATE,0.14947995934114836,0.08158093966787834,0.13366796417978744,0.6142530808924623,0.02101805591810932
PIAAT,PIATE,0.153207814869226,0.0813168560824734,0.13307242812145859,0.6109795501370413,0.021423350789189673
PIAAT,PIATE,0.18858409153473318,0.07693485530070433,0.12630443215705467,0.5758320902489723,0.032344530757959726
PIAAT,PIATE,0.19820420074947487,0.09090376997769062,0.1414855249458939,0.5275131274737941,0.04189337685261904
PIAAT,PIATE,0.1851442305401545,0.07752048268080931,0.12698575834134515,0.5791664847149307,0.03118304372218118
PIAAT,PIATE,0.23137616883316153,0.17805882432533437,0.20603042662957022,0.263105624584895,0.12142895562677576
PIAAT,PIATE,0.23619205001723484,0.15349341677422917,0.19095952505171943,0.3179462974518318,0.10140871070466684
PIAAT,PIATE,0.21662353026705194,0.09410254157924056,0.14316867287875656,0.49326560817163595,0.05283964710282176
PIAAT,PIATE,0.23213866172344594,0.09507611976241628,0.1430537991586891,0.46436104296046377,0.06537037639452045
PIAAT,PIATE,0.23792589914188564,0.1502318154796804,0.1881426586437296,0.31632852948884094,0.10737109724554698
PIAAT,PIARA,0.17620583279583638,0.2530939236055737,0.25997352117656986,0.2454655166624995,0.06526120575926064
PIAAT,PIARA,0.1966134705225243,0.24304300283127225,0.24786833297245234,0.22292507744391574,0.08955011622958757
PIAAT,PIATE,0.1758725739663501,0.23914510727006225,0.2544082515991558,0.27234077054403566,0.05823329662012393
PIAAT,PIATE,0.16032644880659355,0.19703379050501435,0.23458344727746586,0.37060342604889523,0.03745288736166038
PIAAT,PIARA,0.2161853286362848,0.22109670148696903,0.2303839367547533,0.21361708778122987,0.11871694534053265
PIAAT,PIATE,0.2306363727974757,0.1879515086853848,0.21241868616629453,0.26119286872889286,0.10780056362169087
PIAAT,PIAAT,0.22390130122213533,0.21173532074101148,0.22160088561746302,0.19934152322863577,0.14342096919053043
PIAAT,PIATE,0.22696490484184673,0.18441024343325083,0.2120480735057562,0.2834317848182678,0.09314499340059511
PIAAT,PIARA,0.1959896449887883,0.23620708840159646,0.2461092945289522,0.24184913942232547,0.0798448326580916
PIAAT,PIARA,0.14664144820533243,0.26480428515701715,0.2746646956386672,0.2698237513437118,0.04406581965499667
PIAAT,PIARA,0.15170225113871708,0.27070475676013,0.2751371725409754,0.2551992640679296,0.047256555491972725
PIAAT,PIARA,0.16088156619632663,0.2604774293474343,0.26799030070690244,0.25909967441984555,0.05155102932922307
PIAAT,PIARA,0.152210147929913,0.26298751795150094,0.27178888859112327,0.26610876905134223,0.04690467647584881
PIAAT,PIARA,0.15115886308790435,0.26339934943920956,0.2722125395441251,0.26806034737634216,0.04516890055214649
PIAAT,PIATE,0.1542464281882796,0.26020603361240885,0.26969520479018927,0.26976620171713417,0.04608613169171826
PIAAT,PIARA,0.17873954903286152,0.25190432783949795,0.25830379128648756,0.2433482998949314,0.06770403194596318
PIAAT,PIARA,0.189471872555587,0.2482482622135777,0.25292163569507753,0.23310548802274314,0.07625274151276168
PIAAT,PIARA,0.13199547414146912,0.2796495356947746,0.28497375372752437,0.26716209328645263,0.036219143149494266
PIAAT,PIARA,0.2028920085486902,0.2335753038921628,0.2423905041313609,0.2332850122138562,0.08785717121368751
PIAAT,PIATE,0.12073621809364367,0.25635606877869116,0.27776066301013996,0.3178348980947646,0.027312152022442745
PIAAT,PIATE,0.1842305115237068,0.24138269621923986,0.25164462446895186,0.2533395644095459,0.06940260337830213
PIAAT,PIALE,0.19661913874434583,0.25116754596130336,0.23162198204592935,0.12624229009296986,0.1943490431552003
PIAAT,PIATE,0.18457691367184112,0.24146902228488695,0.2519887307541342,0.25258501501161207,0.06938031827727306
PIAAT,PIATE,0.16279303539509435,0.11625855521261383,0.1681195970171392,0.5271975102013178,0.025631302173307637
PIAAT,PIATE,0.22238357179749635,0.2079898504156241,0.22261887138062336,0.22614632608737115,0.1208613803186589
PIAAT,PIARA,0.2050601074080033,0.22724177808529117,0.23794436670716773,0.23605161330601876,0.09370213449328121
PIAAT,PIATE,0.19735223852358724,0.2315160364864996,0.24338818402860843,0.24897203571421886,0.07877150524683679
PIAAT,PIATE,0.16834466910743517,0.19912257075692047,0.2337014551612857,0.35737225614130147,0.04145904883269961
PIAAT,PIATE,0.1622650890767227,0.2360228982536934,0.2561933162366569,0.2986379827374015,0.046880713695226936
PIAAT,PIATE,0.16620350849950447,0.24409733923542673,0.25892022550546495,0.2802410477798148,0.050537878979508774
PIAAT,PIATE,0.17572147168793292,0.24310919287040597,0.25558832951285254,0.26665812152506274,0.05892288440347922
PIAAT,PIATE,0.12670850134970454,0.16720950820319014,0.21778276674941097,0.4672169885147105,0.02108223518251652
PIAAT,PIATE,0.11679039268565003,0.2661349275894828,0.2836657502036751,0.3052037024003588,0.02820522712052802
PIAAT,PIATE,0.13729417367666255,0.2548187549776493,0.27252344244726234,0.2996333145631728,0.03573031433495346
PIAAT,PIAAT,0.22950806685161884,0.19746012707189836,0.214447052795647,0.221990619478051,0.1365941338025554
PIAAT,PIARA,0.15940003009239562,0.25881432931708886,0.2667881450457636,0.26197312053529426,0.05302437500919103
PIAAT,PIARA,0.17741183820860296,0.24965178694279747,0.25738803421198764,0.25091625649733423,0.06463208413902036
PIAAT,PIATE,0.09673388595007913,0.1317048436014012,0.19086949105100898,0.5685876340656999,0.012104145331242294
PIAAT,PIATE,0.144036074810374,0.24886302320776132,0.2675695257087468,0.3007194538254446,0.038811922447372485
PIAAT,PIARA,0.18457123738786585,0.24564335062316628,0.25324625143280305,0.2446279451178339,0.07191121543807767
PIALE,PIALE,2.1069929114092694e-05,0.8460569588152349,0.14978704218116257,0.00035522920402170934,0.0037796998696205467
PIALE,PIALE,8.554945313906935e-05,0.7884946761378542,0.20194129007319458,0.0012018747687185128,0.00827660956630512
PIALE,PIALE,0.001824323241528127,0.598688234734944,0.3523506387135278,0.019671255307327416,0.027465548002073903
PIALE,PIALE,3.300507178265187e-05,0.8302040322742188,0.1645089977453375,0.000529683571424857,0.004724281336405769
PIALE,PIALE,7.587313313298947e-05,0.8021839258815057,0.19053056792084816,0.0010420788432341757,0.006167554220476789
PIALE,PIALE,5.5743688297753684e-05,0.8079777126223737,0.184864349126753,0.0008330396852898717,0.006269154876477486
PIALE,PIALE,4.908713982776622e-06,0.890501129323774,0.10765537311508654,9.779410244357735e-05,0.0017407947438226033
PIALE,PIALE,0.001196268522751005,0.6356233159303033,0.3252170068849732,0.012037853277439099,0.0259255553838977
PIALE,PIALE,0.00018217876851938874,0.760700515393853,0.22682808035844085,0.002173362920011295,0.010115862558414842
PIALE,PIATE,0.09827698588712452,0.07289279481251039,0.15059067711973542,0.5725432700961504,0.1056962720839067
PIALE,PIALE,0.0002582084735577267,0.7367542127505362,0.24777707264392182,0.003123945931066447,0.012086560200180821
PIALE,PIALE,0.00014034381619778017,0.7681831271562302,0.22004515328908733,0.0017898342286951584,0.009841541509021197
PIALE,PIALE,1.5172216552561783e-05,0.8638433315355876,0.13301272194699199,0.00023377368677732468,0.0028950006132265273
PIALE,PIALE,4.3395514113440636e-05,0.8236041668561558,0.17064489701877142,0.0006263972123970697,0.005081143397738466
PIALE,PIALE,3.956914494514112e-05,0.8259132398603024,0.16821403159254245,0.0005676654862165799,0.005265493915167446
PIALE,PIALE,3.9423828160516176e-05,0.8277833026180051,0.16708363383385308,0.0005851268587929999,0.004508512860360298
PIALE,PIALE,9.56851573323509e-05,0.7865086559328763,0.20426303138917962,0.0013170846066637315,0.007815542913161314
PIALE,PIALE,3.299055105074002e-05,0.8339706226245762,0.16119258962821778,0.0005001725149724439,0.004303624680348897
PIALE,PIALE,0.0024220914165661725,0.5731081546615243,0.36519562760386576,0.023911349847882242,0.035362776469588304
PIALE,PIALE,9.294859814269799e-05,0.7898401532975478,0.20156518316359667,0.0012725624357338239,0.007229152504189078
PIALE,PIALE,0.0032004935592513657,0.5486782885156707,0.37032134320189375,0.027885504180972263,0.04991437054166313
PIALE,PIALE,0.0012668202481494113,0.6257340781502142,0.33174186516633036,0.01298354330916277,0.028273693125517346
PIALE,PIALE,0.00032531258480360676,0.7115908718725318,0.2673730238357655,0.004073312415147654,0.016637479291039824
PIALE,PIALE,1.466992537209005e-05,0.857869706568416,0.13870355464379375,0.00025806465771480977,0.003154004203845494
PIALE,PIALE,7.008975625118482e-05,0.806648435846537,0.18618569955487757,0.0009262455545158705,0.006169529287011719
PIALE,PIATE,0.0498679083987082,0.19774713843179753,0.29639741061239827,0.3470009190512818,0.10898662350546719
PIALE,PIALE,0.00023699043947551085,0.7366496940544582,0.24679595521397046,0.0029476096100127564,0.01336975068134622
PIALE,PIALE,3.1752127996578767e-05,0.8369269219084161,0.158544901824059,0.0004838222031880252,0.0040126019355035125
PIALE,PIALE,1.7513927737530133e-05,0.856314994614136,0.14042261629019498,0.0002969021502476791,0.0029479730168272713
PIALE,PIALE,0.00012572878936415813,0.7760989129351281,0.21368099405045138,0.0016482288570621167,0.008446135367218045
PIALE,PIARA,0.011032631594611758,0.4014024982707821,0.4124411281228541,0.10363829158054631,0.07148545043079321
PIALE,PIARA,0.01092975901671575,0.3933349174425165,0.41021128635700344,0.09555304339250771,0.08997099379084636
PIALE,PIARA,0.037959903319735894,0.22900350417288654,0.33121069965185873,0.2792394215600285,0.12258647129515918
PIALE,PIARA,0.025118531911748072,0.29219185619001947,0.376562195711604,0.20546220410491878,0.10066521208133314
PIALE,PIALE,0.0001801201212471442,0.7418990321716367,0.242858568196131,0.0025548940050187452,0.012507385505224448
PIALE,PIALE,0.000496379183540284,0.6892803488097631,0.2880892498150621,0.006233021063305398,0.015901001127639793
PIALE,PIALE,0.0005178785086543467,0.6849350300442952,0.28820582153439617,0.005935001439322109,0.020406268472647263
PIALE,PIALE,3.926100728532338e-05,0.8177628795764105,0.17614448335537153,0.0006687834318074893,0.005384592628307464
PIALE,PIALE,0.00013663124024105786,0.7608067791426124,0.22676588980288206,0.0019484681160443949,0.01034223169745916
PIALE,PIALE,0.00016391677336658858,0.7453005285293988,0.24085319588517662,0.002516130535396356,0.011166228275916132
PIALE,PIALE,4.4583899917718276e-05,0.8223441667538756,0.17189757923475865,0.0006553546573702945,0.005058315453255465
PIALE,PIALE,2.8000982675548375e-05,0.8398711988824005,0.15559230213386888,0.0004338624973348138,0.004074635502880446
PIALE,PIALE,0.00018372472891984193,0.7619461515121982,0.22641504183460273,0.002201433936109835,0.009253647987407475
PIALE,PIALE,0.00011175676082003983,0.7748182166418394,0.21443151188023205,0.0015648256798840095,0.009073689036449652
PIALE,PIALE,0.00041911533692359586,0.7047574396804163,0.2718162399055796,0.004589364087187194,0.018417840989188587
PIALE,PIALE,0.0022243727986685884,0.5776437468320499,0.3635042422970937,0.023492393386778714,0.03313524468483129
PIALE,PIALE,0.00036274016064870393,0.718399786907665,0.2624041055589116,0.004133991591711306,0.014699375780344979
PIALE,PIALE,9.35756973456011e-05,0.7837200656406287,0.2067766648271879,0.0013667436119797556,0.008042950222074222
PIALE,PIALE,0.0006941047855318414,0.6744687228618634,0.2992570418376866,0.008004002582287801,0.01757612793195572
PIALE,PIALE,0.0003460362661556273,0.7148974853010116,0.2641315775871126,0.0040207364369844725,0.01660416440802075
PIALE,PIATE,0.1664538839552016,0.21920331920170097,0.24461382009402122,0.32501787596653553,0.04471110078221563
PIALE,PIATE,0.07781774213062563,0.24448883403267702,0.2807584454372812,0.38252635058996015,0.014408627809073562
PIALE,PIALE,0.18677042651517525,0.2770770937214276,0.2570789997795336,0.16963830536053767,0.10943517462304876
PIALE,PIATE,0.11569301495883422,0.22364058381291885,0.25781216550551145,0.3799813204607077,0.022872915261647548
PIALE,PIATE,0.09325777895043026,0.2280040962778093,0.26334991745297925,0.40049953420898304,0.014888673109397501
PIALE,PIATE,0.09098712848166887,0.22495920375333814,0.26267466180861526,0.40668328368830303,0.01469572226766797
PIALE,PIATE,0.05743071971091712,0.2276048272710151,0.27421035015903583,0.4325607114162908,0.008193391442308457
PIALE,PIATE,0.10090784251239056,0.2232742282225008,0.2609541207973206,0.39663381538192727,0.018229993085464014
PIALE,PIATE,0.11625866293083317,0.23532939091035085,0.26547332310990207,0.3577062660007717,0.025232357047784523
PIALE,PIATE,0.13938363485286087,0.24377894441074935,0.2645845595443997,0.314341914049269,0.03791094714240676
PIALE,PIATE,0.11378034894791432,0.2313615655500113,0.2641923982566941,0.36637285123839336,0.024292836006620556
PIALE,PIATE,0.08348490851129278,0.23649541096766052,0.27524015922309814,0.38934886300160637,0.015430658295952847
PIALE,PIALE,0.1794082466333386,0.2697393271363759,0.26126614827923744,0.20833377637646433,0.08125250157431398
PIALE,PIATE,0.11121309538739407,0.23136020897239115,0.264467337888838,0.37027233924674835,0.022687018504257972
PIALE,PIATE,0.13651532103187766,0.22482200077059847,0.2554188543517192,0.34977382130994805,0.03347000253550688
PIALE,PIATE,0.11272142907421898,0.23506640100232087,0.2670042605118428,0.3619976861498977,0.02321022326135765
PIALE,PIATE,0.07160532794242913,0.23119655580229545,0.27373487464540364,0.41273795624108206,0.010725285368377118
PIALE,PIATE,0.13403900256131587,0.2322698346048618,0.2596935600708677,0.3411405833166987,0.032857019445914834
PIALE,PIATE,0.05659259118040759,0.22613237116455548,0.27588887933563266,0.43260138932575853,0.008784768993213192
PIALE,PIATE,0.09594365711592646,0.240270518286604,0.2748036379901189,0.3690386446919569,0.01994354191502467
PIALE,PIATE,0.11681433445456758,0.2604628597130939,0.2801697029471834,0.3113568404617818,0.031196262423061907
PIALE,PIATE,0.08148318780749046,0.27794116869144997,0.29823425387825725,0.32465741679724713,0.017683972825230605
PIALE,PIATE,0.05177467635568334,0.2546873898174262,0.29559490446736847,0.38932238582000195,0.008620643539130673
PIALE,PIATE,0.1991795017351872,0.2036135604933515,0.22926220541239978,0.29628507578431107,0.07165965657445413
PIALE,PIATE,0.18512857433452098,0.21191427925709053,0.2374560678193233,0.30208859046954883,0.06341248811921427
PIALE,PIARA,0.07972444947939566,0.28909747953011466,0.3061716396595316,0.3054133201858319,0.019593111144820062
PIALE,PIATE,0.09229459678090185,0.28168087327419206,0.298079901702017,0.3044459325032023,0.02349869573938249
PIALE,PIATE,0.1504306247694542,0.23889248142279687,0.26088992574721476,0.30183297657151964,0.04795399148871277
PIALE,PIALE,0.14026899490305814,0.3172823841052209,0.29105423595401875,0.19017572204334815,0.061218662994036714
PIALE,PIALE,0.14543938700667733,0.3263949336855364,0.28916155973243735,0.1734902847843784,0.06551383479064402
PIALE,PIATE,0.038181554863645696,0.26433539488149643,0.3065435270418585,0.38509396030152726,0.005845562911086989
PIALE,PIARA,0.062412690447688164,0.3121669343747282,0.3210112274841948,0.29059658069430094,0.013812566998766861
PIALE,PIALE,0.16281104992608073,0.30672364558056187,0.277142586599302,0.17880865632704604,0.07451406156670254
PIALE,PIARA,0.14326660386928564,0.2771430679724591,0.2777852441458129,0.2575144072423815,0.04429067676978319
PIALE,PIALE,0.2095128082892038,0.24316968751421197,0.23442178022566154,0.15929403569394288,0.15360168827673648
PIALE,PIATE,0.18973155711305112,0.228455684970511,0.24381382205188404,0.2681320407081088,0.0698668951561769
PIALE,PIARA,0.07477720976726403,0.29417174358615517,0.30788290405217256,0.30695192408286665,0.0162162185112338
PIALE,PIATE,0.05387247368455406,0.24447441050737484,0.28724004481610066,0.40617525984449443,0.008237811147069866
PIALE,PIATE,0.08912022073362781,0.2623465496057144,0.2875706352781527,0.3423542089519571,0.018608385430205474
PIALE,PIATE,0.07231191437083798,0.26325099548251,0.2928808452449561,0.35802465674254397,0.013531588158793802
PIALE,PIATE,0.09146857565710187,0.2663262384053575,0.2904484283088959,0.3306871519938393,0.021069605634474665
PIALE,PIARA,0.07338756287594929,0.2983775924957659,0.31097600064555847,0.30070281271890664,0.016556031263508648
PIALE,PIATE,0.09008659702145164,0.260063128731613,0.2863658834179483,0.34452142653094286,0.018962964297699593
PIALE,PIATE,0.1370329919614318,0.2386107032392589,0.263160950764232,0.32460439530479723,0.036590958729955395
PIALE,PIATE,0.13188933850198034,0.2504383826385167,0.2706173916409254,0.31113171632328024,0.035923170894986055
PIALE,PIALE,0.1311463086644248,0.3239409259234298,0.2967690789663135,0.19581318841977827,0.05233049802572967
PIALE,PIARA,0.14246478555308129,0.2722023881172512,0.2773261828371445,0.26097937492385354,0.04702726856839197
PIALE,PIATE,0.06617008114549561,0.2781008744474786,0.30386529101036164,0.3386780174626171,0.013185735933708257
PIALE,PIARA,0.1429485307496881,0.2789321392624519,0.2802775958991398,0.24652823272347918,0.051313501364960726
PIALE,PIATE,0.102491532788507,0.26790264031349165,0.28885497421679995,0.31421210837646196,0.026538744304425186
PIALE,PIALE,0.13705723089897984,0.3210938035170007,0.29281377849956536,0.18734134897199295,0.06169383811213992
PIALE,PIALE,0.12136134842598516,0.33548180536258837,0.3034213739736604,0.18939399605419102,0.0503414761832395
PIALE,PIALE,0.12708244772082952,0.3043460154561449,0.29457067710446544,0.22150380845657816,0.05249705126167754
PIALE,PIALE,0.17930179442447353,0.29029997470736835,0.2620532338887488,0.15530061125043984,0.11304438572867906
PIALE,PIALE,0.16646427674932773,0.3061613865545917,0.2730495966491131,0.161173509264087,0.09315123078257434
PIALE,PIALE,0.133471378713168,0.3356501157825539,0.29656766216534525,0.17181832953028417,0.06249251380831305
PIALE,PIALE,0.12333903302044859,0.3383641326712097,0.30260257419167413,0.1844923278743563,0.051201932241972815
PIALE,PIALE,0.14119125772615998,0.3134749346570921,0.2892429582919486,0.19062568272056624,0.06546516660391956
PIALE,PIALE,0.1897538952122691,0.26495109907772213,0.2513944298569441,0.17148072818541843,0.12241984766738126
PIALE,PIALE,0.11243973088863378,0.3547576235925365,0.3107083912416199,0.17451612856688936,0.047578125709965655
PIALE,PIALE,0.11338972637991575,0.3533323067962461,0.3101468473392305,0.176456075743092,0.046675043741162284
PIALE,PIALE,0.10225864452118458,0.33486390384763354,0.31314072641841345,0.21285167384866446,0.03688505136376892
PIALE,PIALE,0.18453277183818623,0.2825222320610649,0.2506677416826521,0.13208565170244232,0.15019160271537174
PIALE,PIALE,0.155120912956377,0.29974663831079007,0.27926156113546113,0.18900298201217527,0.07686790558489662
PIALE,PIALE,0.15545223262062285,0.2796605155350336,0.2747198285984144,0.21675150221277326,0.07341592103287622
PIALE,PIALE,0.16019659522958568,0.2850193623043432,0.2740373042226406,0.21365306733356512,0.06709367090958046
PIALE,PIALE,0.11129925869566135,0.3122947731921657,0.30336801798715834,0.2331663918321169,0.039871558292585235
PIALE,PIALE,0.10396307806763129,0.33059798263247536,0.31096942537999817,0.2185517556022817,0.035917758317282895
PIALE,PIALE,0.1402699566983477,0.31523658117871367,0.29007559175138153,0.19302101262666457,0.06139685774457714
PIALE,PIALE,0.14768696059728878,0.28905535379920505,0.28102112869508356,0.21434269222367866,0.06789386468445475
PIALE,PIALE,0.06971262331204701,0.3330536067297595,0.32745066853175486,0.25010364053295303,0.01967946089315244
PIALE,PIALE,0.07461446533436947,0.32632318780000885,0.3230054597618547,0.2549818555136985,0.02107503158974204
PIALE,PIALE,0.14676915446769928,0.3280965159088688,0.2876322529288123,0.161216216915871,0.07628585977842067
PIALE,PIALE,0.10697515281864615,0.3496021122330286,0.3134123913998204,0.1871661178502819,0.04284422569787335
PIALE,PIALE,0.09431738051401527,0.317633110011199,0.3112724732183596,0.2482215757519827,0.02855546050412578
PIALE,PIALE,0.0885475156868817,0.32925303763367514,0.3175404403799741,0.2371296913491042,0.027529314950035678
PIALE,PIALE,0.07895111573151932,0.3476428866468363,0.3271877543037811,0.2210549369208828,0.02516330639663275
PIALE,PIALE,0.11950856790442169,0.34432674569491895,0.3057406099088085,0.1792860855457763,0.05113799094573019
PIALE,PIALE,0.08427371839844316,0.3551405811638401,0.3258044206341741,0.20660561653765222,0.02817566326553534
PIALE,PIALE,0.09204376619634841,0.35557127207572264,0.3218841052745037,0.19806597995151823,0.032434876501551295
PIALE,PIALE,0.17524765556709845,0.28388167134613634,0.2663853758445083,0.18622049156277756,0.08826480567919552
PIALE,PIALE,0.20009877019216307,0.2572080883369577,0.2392227057081975,0.14295338815161068,0.16051704761081387
PIALE,PIALE,0.15786722852779644,0.307388413802296,0.27975031176547166,0.18119735329585882,0.07379669260826974
PIALE,PIATE,0.199655727110807,0.14914794162547115,0.1975723588433402,0.2921973139987159,0.16142665842137358
PIALE,PIALE,0.19200636378959848,0.2598483143887694,0.2533845693835352,0.20037847937033454,0.09438227306750266
PIALE,PIATE,0.1961335359618602,0.1798208315072429,0.2177382184928514,0.2714359641418617,0.13487144989591238
PIALE,PIALE,0.15048836293811985,0.3057502879122866,0.2831740455994686,0.19964421454671838,0.060943089003100984
PIALE,PIALE,0.1886508758556514,0.259996338484201,0.2516665155633594,0.18047324549877516,0.11921302459775307
PIALE,PIALE,0.11729041102870147,0.3249351552699419,0.3036845529608833,0.21038706334911367,0.04370281739103488
PIALE,PIALE,0.12652610294866407,0.3174614371617886,0.2977301331492247,0.20993057676731072,0.04835174997269418
PIALE,PIALE,0.0639101421342562,0.3282780247765235,0.32602293377584673,0.26670893196582746,0.01507996734721782
PIALE,PIATE,0.20359615217455274,0.1321334184717991,0.1827000135738494,0.30684668336591214,0.17472373241357964
PIALE,PIALE,0.1332126195355137,0.342854116190592,0.2976188101582941,0.16823022006961222,0.05808423404564513
PIALE,PIARA,0.20080464416519372,0.22802093025171308,0.23608509482174778,0.20073262232282005,0.13435670843828929
PIALE,PIATE,0.10732872465184184,0.23403177199019223,0.26750513896223244,0.3677182477133067,0.023416116682059084
PIALE,PIARA,0.04161231995484999,0.3076082258615573,0.3292550440699861,0.31334554680281484,0.008178863310462525
PIALE,PIALE,0.14181681046040595,0.3264273847006229,0.2910695772552904,0.17719126632970883,0.06349496125364554
PIALE,PIATE,0.035384060330900975,0.2707738747325331,0.31348212162893746,0.3745028790775288,0.005857064229724947
PIALE,PIALE,0.12525599096911202,0.2926222075593066,0.28942066365426344,0.2554564743323753,0.03724466348464998
PIALE,PIALE,0.09039945307867858,0.3448033158361321,0.31919698900531845,0.21852135946690124,0.027078882612624793
PIALE,PIALE,0.1658348913800538,0.29337440175865176,0.2733920545556351,0.19084539968337247,0.07655325262199324
PIALE,PIALE,0.19303174977141085,0.271270190376057,0.24852286404127924,0.1487100594660264,0.1384651363449553
PIALE,PIALE,0.0913631034594159,0.33652909773798534,0.31651914937941206,0.2293919917192025,0.026196657703647697
PIALE,PIALE,0.06718884025830983,0.34257583455716734,0.3287329567967816,0.24484401920500345,0.016658349182395202
PIALE,PIATE,0.2159488043013671,0.1806425534652087,0.20871210940126148,0.22139209870504328,0.1733044341268981
PIALE,PIAAT,0.21758353117300114,0.19866880938968895,0.2144590076816888,0.1873917712617683,0.1818968804936353
PIALE,PIALE,0.1522265158006215,0.30553961074999497,0.28267352949906194,0.19529351292699967,0.06426683102301643
PIALE,PIALE,0.1957468193083816,0.2610248239451157,0.24776487458207638,0.16711109097864635,0.1283523911855189
PIALE,PIALE,0.2139243407154536,0.23157557259683412,0.2297240939510374,0.16930169649639956,0.1554742962400438
PIALE,PIALE,0.1969925152959684,0.2653716169534367,0.24669221207711928,0.15558726609538326,0.13535638957782695
PIALE,PIALE,0.18712881535048803,0.28262090219895264,0.255413860707942,0.15045163029864375,0.12438479144369104
PIALE,PIALE,0.1744226994661189,0.28836109312858826,0.2678646178025475,0.1861150852796919,0.08323650432276498
PIALE,PIALE,0.152954115560939,0.31821788231359266,0.28381595203984994,0.17461177906750414,0.07040027101779597
PIALE,PIALE,0.18962449171847584,0.2757660486937876,0.254109691563845,0.15934041703163646,0.12115935099197939
PIALE,PIARA,0.21333920586779526,0.21535517467012283,0.22426218141720508,0.183632408620206,0.16341102942444655
PIALE,PIALE,0.18232540735972133,0.28262747386039216,0.2617363961472194,0.17244319123454296,0.10086753139784152
PIALE,PIARA,0.1866614677544372,0.2518045054754967,0.25383550122384835,0.22842074188702546,0.07927778365893844
PIALE,PIALE,0.19349457440915518,0.2714702082511764,0.2499193306108267,0.1529379964113899,0.13217789031718033
PIALE,PIALE,0.1830429053564199,0.2889067116562081,0.2597154938278706,0.15305925548749813,0.11527563367171427
PIALE,PIALE,0.177491441977403,0.28731891559192263,0.26551816115625587,0.1767894417341051,0.09288203954002598
PIALE,PIALE,0.20804311597585953,0.24592256801613266,0.23581466674583879,0.15775875874375775,0.1524608905181653
PIALE,PIALE,0.13859237052843262,0.29858698898155855,0.286782727116416,0.22902316253865956,0.04701475083463447
PIALE,PIARA,0.1964578471446532,0.23633839091817094,0.2448162418180342,0.23633644693868042,0.08605107318021633
PIALE,PIATE,0.19079117166665074,0.23600804124978403,0.24657553885811337,0.24998753650176428,0.07663771172343764
PIALE,PIALE,0.19834664294735926,0.26147378423167256,0.24562992297077355,0.1600232519162812,0.13452639793365204
PIALE,PIAAT,0.22219552050439367,0.18880459896194446,0.20796522059705247,0.19096150948368096,0.1900731504527063
PIALE,PIALE,0.18396848386465034,0.28360571008173785,0.2596876810699228,0.16269658277812007,0.1100415422052854
PIALE,PIALE,0.17346512476641032,0.2989027082533643,0.2685908132307111,0.163255853070891,0.09578550067832427
PIALE,PIALE,0.19202342420943272,0.2724555227328898,0.2510027151193947,0.15560675601136087,0.12891158192664953
PIALE,PIALE,0.20262477149040223,0.25340341237318187,0.24246359113674376,0.16722159507112835,0.13428662992829027
PIALE,PIALE,0.1942584783855644,0.2645692613247264,0.2490301211085506,0.16522292810721612,0.12691921107367787
PIALE,PIALE,0.1920607528710429,0.2725653914738605,0.24935926934553915,0.14872990266641672,0.13728468364286822
PIALE,PIATE,0.23084629526820127,0.19043324748146356,0.21111407844466895,0.23517730515232388,0.13242907365310716
PIALE,PIARA,0.12100040477257205,0.28665063936497603,0.2890786807276178,0.2688625662092806,0.034407708925264416
PIALE,PIALE,0.19915863545127127,0.2592817671676073,0.24341357311935838,0.15649429696064338,0.1416517273008603
PIALE,PIATE,0.1416718009669044,0.24059761037105765,0.26142897797936016,0.3197920101837404,0.036509600498617505
PIALE,PIALE,0.15448569555498332,0.3129321364916785,0.2822630843474017,0.17899897574621115,0.07132010785941245
PIALE,PIALE,0.138119784537114,0.31857740805003154,0.2918714698092569,0.19769982673705974,0.05373151086621933
PIALE,PIARA,0.21502934819071695,0.21745442426249315,0.22216862383405042,0.17038847870163493,0.17495912501088234
PIALE,PIALE,0.1982865239248771,0.26088655374895064,0.24299657825996454,0.15075275991879367,0.14707758414715322
PIALE,PIALE,0.04958147213805035,0.36357637085021854,0.33889504693713307,0.23812254315564282,0.009824566918591548
PIALE,PIARA,0.22175933669752093,0.2164260086667654,0.22370859308505733,0.18926518463958578,0.14884087691084688
PIALE,PIALE,0.0897772170860254,0.3508794133043096,0.31779327445292294,0.2188002318185999,0.022749863337791294
PIALE,PIATE,0.2249831945312899,0.17280660042687576,0.20366975915419452,0.23537008154889025,0.16317036433851423
PIALE,PIALE,0.13035933076601294,0.34791967235582955,0.29939941897698136,0.1735233905842428,0.04879818731658538
PIALE,PIALE,0.16128496588523225,0.2842030551585504,0.2734841021958773,0.22163903660044706,0.05938884015960876
PIALE,PIALE,0.15924227796515386,0.3177051994334345,0.2803827451386739,0.17223125069070416,0.07043852677171593
PIALE,PIATE,0.17439007273223892,0.23885372496330323,0.25304802249633795,0.2631414647497461,0.07056671505811069
PIALE,PIALE,0.051966590007234824,0.3705377793506514,0.3394803186228397,0.2272133001504952,0.010802011868408233
PIALE,PIALE,0.15712004096900425,0.31240642238689276,0.28073395543102414,0.18698335037962469,0.06275623083314165
PIALE,PIALE,0.04165559346584214,0.3389950970470375,0.33483183118934084,0.2774790375258031,0.007038440771637254
PIALE,PIARA,0.022698102921597,0.3226003696336753,0.33886881570577243,0.3128577317984267,0.0029749799401898487
PIALE,PIATE,0.1285570894118293,0.27069756357521924,0.2788205942755969,0.28646433180170877,0.03546042093535924
PIALE,PIARA,0.020775670148229345,0.32467726726479856,0.3415023596410029,0.31033089314644835,0.0027138097991792854
PIALE,PIATE,0.12292488736720808,0.2677176180864921,0.28021308779517345,0.2948600857307815,0.03428432102005008
PIALE,PIALE,0.05009638378233526,0.36852375736593046,0.3398946592099172,0.23132601545808745,0.010159184183361224
PIALE,PIALE,0.1310646423584327,0.2915047047008837,0.28513903856808137,0.25544734448828194,0.03684426988402887
PIALE,PIALE,0.07923890602032278,0.3349284539794553,0.31756604698385416,0.25061083333791007,0.017655759678122676
PIALE,PIALE,0.11642483755128571,0.3521887342498483,0.3071599215089044,0.18471214359263502,0.03951436309697439
PIALE,PIALE,0.17489532674255426,0.30274431989658207,0.2685769700419449,0.15860858098394873,0.09517480233466735
PIALE,PIALE,0.033708212974251195,0.362318781424513,0.34514488778586866,0.25344894542962076,0.005379172385383945
PIALE,PIALE,0.18336690443190132,0.26287319315964663,0.25720013277018244,0.2187937377880413,0.07776603184996535
PIALE,PIALE,0.19975553747287955,0.25370850016465984,0.2471550300061964,0.19441149562022178,0.10496943673578862
PIALE,PIALE,0.06923796848444075,0.3614371925485721,0.32744000643795157,0.22718291053401082,0.014701921994663249
PIALE,PIALE,0.04175539700606268,0.36913366827685146,0.3429919802397778,0.23862658184227592,0.007492372634663163
PIALE,PIALE,0.04542194105555688,0.34491639922706513,0.3335735908522639,0.2683831507019985,0.007704918162770576
PIALE,PIALE,0.04876680178049403,0.3526616254132856,0.33469028960459435,0.2550953854080784,0.008785897793194893
PIALE,PIALE,0.02716703076250474,0.3682955542180236,0.3513652692580256,0.24894354276318845,0.004228602997889226
PIALE,PIALE,0.050674811333836306,0.336979296195692,0.3287662322854807,0.2747089267540643,0.008870733430589792
PIALE,PIALE,0.023153385266699297,0.35360830901592183,0.35047652076303537,0.2693674214974235,0.003394363456566332
PIALE,PIALE,0.031419962831142983,0.3756630744486236,0.35093328864474943,0.23666594122737084,0.005317732847737425
PIALE,PIALE,0.04668491343065658,0.3576855492341299,0.33811329254231365,0.24886666625068404,0.008649578541858273
PIALE,PIATE,0.031414975093570954,0.30705384381967166,0.32493971212452455,0.3325612992845784,0.004030169677321886
PIALE,PIARA,0.02202276932316868,0.3355990033511408,0.34275539172079056,0.2968180181926731,0.002804817411884201
PIALE,PIALE,0.07331618649516405,0.372124648502231,0.328248437626864,0.20947898201761828,0.01683174535775046
PIALE,PIALE,0.14961252015027499,0.3151725270522189,0.28532699383603577,0.19017271439364425,0.059715244567510935
PIALE,PIALE,0.0456283316496844,0.34067782405376124,0.3318223082718299,0.2743206110425408,0.0075509249818429165
PIALE,PIALE,0.1460133065847146,0.31835277582660665,0.2864707965435167,0.19939600276784658,0.049767118276997174
PIALE,PIALE,0.03018814642460977,0.37798273771449675,0.35306809172655823,0.23350910335041225,0.005251920783544989
PIALE,PIALE,0.020203269468913636,0.35982342097856945,0.3530859351561826,0.26415364057678176,0.00273373381919289
PIALE,PIALE,0.07411938782321928,0.37525890654282407,0.33057897590526075,0.20028004617923154,0.019762683549089017
PIALE,PIALE,0.09722931231218239,0.3773178422794023,0.3193541415120813,0.17492271038000712,0.031175993515949674
PIALE,PIALE,0.1730620051970289,0.29414550695137526,0.2680154758970211,0.17982098185164008,0.08495603010264041
PIALE,PIALE,0.10744600749821695,0.3766577619916518,0.31303381831484844,0.16776226830066168,0.035100143894244484
PIALE,PIALE,0.14968895356495907,0.32952820943672,0.2863125512953024,0.1698721048407704,0.0645981808619185
PIALE,PIALE,0.08533067210671028,0.35362640515469873,0.3196942369541304,0.22054644781401328,0.02080223797009363
PIALE,PIALE,0.07181218817293959,0.3798372860783394,0.3319612252466083,0.19794376681635983,0.018445533685372998
PIALE,PIALE,0.021790434522032734,0.3600731210608582,0.35410500932283545,0.26074941093197446,0.003282024161939157
PIALE,PIALE,0.038889718148178924,0.38286466124619917,0.3491609600407643,0.22151131460064682,0.00757334596382797
PIALE,PIALE,0.08917813405067106,0.3668185876812807,0.3207614934158938,0.19909404294218924,0.02414774190959838
PIALE,PIALE,0.07226663315534787,0.3923586495167121,0.3376340931817454,0.17189924020354883,0.025841383942253427
PIALE,PIALE,0.07899628612935262,0.3688410093367721,0.3301892086652371,0.19616461699601961,0.025808878872249655
PIALE,PIALE,0.09015953981183172,0.3630377642160765,0.32336507279021526,0.1925298401042168,0.03090778307729663
PIALE,PIALE,0.10141059614539653,0.3676625492096222,0.31776989156134583,0.1750593321091895,0.03809763097407824
PIALE,PIALE,0.1481748987423749,0.3176624955705764,0.28598444766672554,0.18710582585719576,0.0610723321628097
PIALE,PIALE,0.046767749561997585,0.37163182716637944,0.3479624740628144,0.22160978646472496,0.012028162743711948
PIALE,PIALE,0.08977113048591612,0.37927720732623876,0.32559739811864935,0.1727777823566453,0.032576481712171104
PIALE,PIALE,0.09842033886395424,0.37851080535726,0.3208982829821691,0.16135127896632634,0.040819293829911805
PIALE,PIALE,0.1600944985846093,0.3027105855251336,0.27729029601385036,0.18796508550885008,0.07193953436725388
PIALE,PIALE,0.03533281699108919,0.37577775171193645,0.35605789690019085,0.22438541229911677,0.008446122097290785
PIALE,PIALE,0.07043532794950591,0.3725342984787023,0.3351482816373833,0.20043602212918726,0.021446069804848686
PIALE,PIALE,0.1246292055760979,0.33231967389162964,0.2998970967714455,0.19953281629475747,0.04362120746573715
PIALE,PIALE,0.10598275019806619,0.3407060727906257,0.31020903190347576,0.20946475047541815,0.03363739463207345
PIALE,PIALE,0.039041513998895966,0.3736630304993085,0.35166395294379027,0.2267183401796007,0.008913162378030779
PIALE,PIALE,0.047617029483353814,0.34130869179004425,0.33737644179420084,0.2634522812048978,0.010245555727161904
PIALE,PIALE,0.09271882157292921,0.3450554105143287,0.32088210272343304,0.20706014744879173,0.03428351774017226
PIALE,PIALE,0.10330946717709727,0.3507345912767252,0.31640968602135716,0.18713986100776744,0.042406394516702146
PIALE,PIALE,0.049346219212648104,0.38722398983727246,0.35041965020847093,0.19877777522922876,0.014232365511992709
PIALE,PIALE,0.07368711622932864,0.3861159427009019,0.33530180239246793,0.1806919186071724,0.02420322006974297
PIALE,PIALE,0.09101290673598095,0.35753643550049535,0.3230795346640507,0.19504825388711214,0.03332286921200329
PIALE,PIALE,0.054697239665138724,0.38739499560057233,0.34628436734308027,0.19593501503851207,0.01568838235230918
PIALE,PIALE,0.09041333318610592,0.38609239237259135,0.3255151069759216,0.16442000537790535,0.03355916208708975
PIALE,PIARA,0.018450555282845883,0.3454751947780422,0.3565642777582233,0.2765315159432123,0.002978456237319724
PIALE,PIALE,0.04849791247887415,0.3808573973121327,0.3484399557416971,0.2094750956299701,0.012729638836944916
PIALE,PIALE,0.04882824862300435,0.35745223518195,0.342638886356504,0.23937755061210675,0.011703079226077428
PIALE,PIALE,0.03040176265398019,0.35635241505954374,0.35368633560245644,0.2531953949527812,0.006364091730882106
PIALE,PIALE,0.09395286072279742,0.3538978959446343,0.32161581415963897,0.19458968781086683,0.0359437413617085
PIALE,PIALE,0.10507251026286403,0.34179409216267165,0.31328108655645215,0.20002681273288594,0.03982549828478446
PIALE,PIALE,0.0916217967620555,0.36562966704454775,0.3249672169787773,0.1804184833885065,0.03736283582574717
PIALE,PIALE,0.11076475386291813,0.36740118388089926,0.3130582329485924,0.15873789378785932,0.05003793551936341
PIALE,PIALE,0.06970818464710554,0.3879015694185025,0.33818633860118713,0.1811432612240975,0.02306064610871936
PIALE,PIALE,0.057091388526732324,0.3720428237241914,0.34302570473731686,0.21139589190385386,0.016444191107533555
PIALE,PIARA,0.01564904117974312,0.3457588874713648,0.3611208883554899,0.27487228974465355,0.0025988932483874956
PIALE,PIALE,0.03278246617454929,0.3714925753170436,0.35725619092082544,0.23075978158588634,0.007708986001323663
PIALE,PIALE,0.037236682934258455,0.3718888948367142,0.3540166060894541,0.22792469366945578,0.008933122469745414
PIALE,PIARA,0.01988538850156219,0.34824353320694007,0.35747583551680456,0.2709608206520555,0.0034344221222802522
PIALE,PIALE,0.03441831854195432,0.36470186594504334,0.3526593347489565,0.2407929796692901,0.007427501094391136
PIALE,PIALE,0.025128756561903845,0.3749313004993463,0.3625499972083814,0.23206617676027944,0.005323768969714066
PIALE,PIALE,0.03658109698731626,0.3818221682329962,0.35721086922276885,0.21511410836631775,0.009271757190219013
PIALE,PIALE,0.11294360145679444,0.36055648767102033,0.31151593216694756,0.16096417410932437,0.05401980459555285
PIALE,PIALE,0.060678504970207915,0.3661085192367662,0.3383156667627893,0.2186912391772194,0.0162060698526511
PIALE,PIALE,0.03704731311708556,0.3641438611157272,0.3508733918785308,0.2397560518668925,0.00817938202139967
PIALE,PIALE,0.05929329224238535,0.3493899636058344,0.33407212736456754,0.24306075262985927,0.01418386415700395
PIALE,PIALE,0.044277399888378824,0.34836659619378424,0.3424459318591205,0.25493713042893124,0.009972941629436799
PIALE,PIALE,0.03766011474682521,0.3587551572036038,0.34879428676479596,0.24662413278550518,0.00816630849891091
PIALE,PIARA,0.024462632632488622,0.35382878513416943,0.35542003782776754,0.2617975518066757,0.004490992598543252
PIALE,PIARA,0.023664226053826926,0.35111744500414893,0.3553075957106946,0.2656098694540564,0.004300863776918061
PIALE,PIALE,0.11211301265064688,0.33335177966214696,0.3068712133206602,0.2091566658078943,0.038507328558318295
PIALE,PIALE,0.13750241568272087,0.3311952570312268,0.29359383109904247,0.1824413114723827,0.055267184714295925
PIALE,PIALE,0.054009652285826514,0.34372398137034843,0.33580515491076135,0.25366816812173826,0.01279304331098164
PIALE,PIALE,0.1252649286943746,0.3345333780137488,0.3013921914228743,0.17916812298707763,0.0596413788815901
PIALE,PIALE,0.12242487022461933,0.3338666226853364,0.30300626989329715,0.18419357482165843,0.05650866237475483
PIALE,PIALE,0.10591144156295522,0.3446106135558144,0.3138600831845069,0.1899942047920934,0.04562365690428539
PIALE,PIALE,0.11031066579646874,0.33943993066795786,0.3103389482260219,0.19414786094048717,0.0457625943687249
PIALE,PIALE,0.14924926096277075,0.29955847527137763,0.28277625764863773,0.19917053396611567,0.06924547215079879
PIALE,PIALE,0.13887899861550906,0.3045891695115796,0.2891056798396041,0.20661523843666305,0.060810913596339604
PIALE,PIALE,0.15729270250202831,0.3109012961991939,0.27860028511112883,0.16195772521363808,0.09124799097370015
PIALE,PIALE,0.1523613291460953,0.31520156890812023,0.2821871822428448,0.16113303566530973,0.08911688403731463
PIALE,PIALE,0.1557922304716565,0.3078505638030883,0.2797709244162124,0.172797141118394,0.08378914019034123
PIALE,PIALE,0.1279146060438819,0.33361826711947407,0.2997414605125946,0.17755363957188744,0.06117202675182834
PIALE,PIARA,0.12692656211628098,0.27448900875572646,0.28688956031860735,0.25436137036357853,0.057333498445519694
PIALE,PIATE,0.18990161454568133,0.15564152892795632,0.2046440838353551,0.30112460396240204,0.14868816872830404
PIALE,PIARA,0.15692910878712296,0.2591677317452491,0.26835519547417064,0.23146064628112362,0.08408731771206526
PIALE,PIARA,0.17172129471805733,0.22812463041473954,0.2504498379215966,0.24691800333681146,0.10278623360854468
PIALE,PIARA,0.16828349654164088,0.26219758783057634,0.26357497777771205,0.2105673997007328,0.09537653814907429
PIALE,PIARA,0.15332238466781473,0.25719415591412,0.26936939144910005,0.23949548819983238,0.08061857976886341
PIALE,PIARA,0.1914466813497412,0.21115211250440688,0.23401437331936586,0.23296132395030522,0.13042550887594676
PIALE,PIARA,0.18938874577229128,0.2348530250733734,0.2438664659876989,0.20638403737588998,0.12550772579050257
PIALE,PIARA,0.16702493680082345,0.24644707499370247,0.25951225913061104,0.23003235581068443,0.09698337326391901
PIALE,PIATE,0.17414789614817144,0.20798030763463907,0.24039611373605238,0.2719548795376152,0.10552080294324985
PIALE,PIALE,0.17857060959150697,0.26790068208809675,0.2591035406472122,0.18422166082960764,0.1102035068433085
PIALE,PIARA,0.188348076227279,0.2194793193472511,0.23895622734350952,0.2259168696416179,0.1272995074401035
PIALE,PIALE,0.18059342309810597,0.26368039572351737,0.2568972725072282,0.18557784856192105,0.11325106010896371
PIALE,PIALE,0.17292058146009384,0.28359159261383565,0.2656131493743012,0.1738205043008141,0.10405417225067161
PIALE,PIALE,0.17454488026354398,0.2728436270819276,0.26261662895453186,0.18446671756200686,0.10552814613771677
PIALE,PIALE,0.159924725999284,0.2927924272833935,0.27528077828858954,0.18442406848343854,0.0875779999450016
PIALE,PIATE,0.19526515331885497,0.15606425126857207,0.20288648716181984,0.2866585256487125,0.159125582601754
PIALE,PIARA,0.1660714312972496,0.24244247792286866,0.25846941708311777,0.23852067431650203,0.09449599938000335
PIALE,PIALE,0.16590235028485156,0.27715631919101424,0.26859300009488574,0.1942053282645755,0.09414300216439565
PIALE,PIARA,0.1302171690647228,0.2891187846699588,0.2898364732190204,0.2317641882557486,0.05906338479025954
PIALE,PIALE,0.1828745282644549,0.28124555779301924,0.25807866659718626,0.1583489607319866,0.11945228661307161
PIALE,PIALE,0.1895588436266014,0.2592792182108861,0.25307454976064203,0.19804953297157113,0.1000378554300399
PIALE,PIALE,0.18017275726900425,0.2890184871512111,0.25783908166684316,0.14124014638426868,0.13172952752838374
PIALE,PIALE,0.1712157176180204,0.3019084860832967,0.2666806685955221,0.14434122537802144,0.1158539023248374
PIALE,PIALE,0.17864935924901296,0.28643399319705687,0.2618120300048625,0.15897423428398696,0.11413038326479437
PIALE,PIALE,0.14429687279907272,0.32526681446223454,0.2887991280287881,0.16446854304349295,0.07716864166608642
PIALE,PIALE,0.1612250763125971,0.31127279253754886,0.27595737538597276,0.1546027695072782,0.09694198625629181
PIALE,PIALE,0.19149244729277196,0.26966878132744865,0.24713362255333768,0.1453243210958879,0.14638082773028413
PIALE,PIALE,0.17216862756343695,0.3020491254422303,0.2663198104101987,0.14515930649189004,0.11430313009194186
PIALE,PIALE,0.18141341484810328,0.2820510849898107,0.2592274358495217,0.16043685556000473,0.11687120875227769
PIALE,PIALE,0.17260401686080637,0.2918095910440793,0.2671045964100623,0.1652912367028932,0.10319055898186714
PIALE,PIALE,0.18822225009556323,0.2639311950458578,0.2517308281918745,0.16958325016109993,0.12653247650534058
PIALE,PIALE,0.17003685206015154,0.2945217123377897,0.26916798414490284,0.1660453660880243,0.10022808536883705
PIALE,PIALE,0.18322042649709283,0.27466882167408485,0.25744003530847887,0.16725080464685296,0.1174199118732158
PIALE,PIALE,0.20446492513304387,0.2442800387791891,0.2322224617336282,0.1463974345124415,0.17263513984145312
PIALE,PIARA,0.20058619207582176,0.2065557762718072,0.22669295398073996,0.21205955481200683,0.15410552285939746
PIALE,PIALE,0.16914892790183148,0.294307421747532,0.26981132687292714,0.16799874749047997,0.0987335759869351
PIALE,PIALE,0.17934533076696646,0.2823716262303042,0.2621728164463499,0.17084474199014507,0.10526548456595196
PIALE,PIALE,0.16809874928379087,0.2963223699205831,0.27085424483327897,0.1684742618331489,0.09625037412890186
PIALE,PIARA,0.1812324460640014,0.2514394922591129,0.2534048994149484,0.19539012351873195,0.1185330387429519
PIALE,PIALE,0.05013478148798223,0.36419976847060254,0.3411426977605061,0.23350926492140064,0.011013487359144238
PIALE,PIALE,0.07808088031563762,0.3693817235334233,0.3298022762750763,0.19977354572975867,0.022961574145734846
PIALE,PIALE,0.049060741874923285,0.35393650209039623,0.33946732672951097,0.24708702859750334,0.010448400707312308
PIALE,PIALE,0.05668739734084566,0.3487950830342657,0.3336152015657626,0.24868418819529184,0.012218129863485376
PIALE,PIALE,0.03289823759409444,0.3510662473243095,0.34511776160319524,0.2653293787483979,0.0055883747296519
PIALE,PIALE,0.0350403879211298,0.34156536852164315,0.3410762508097591,0.27637590837994547,0.005942084367180883
PIALE,PIARA,0.04728253712325229,0.31624507677540786,0.32557787424922624,0.3026521723424879,0.008242339509300168
PIALE,PIARA,0.038570760208201986,0.31510548213072404,0.32902369019250427,0.31109405965539383,0.006206007812846806
PIALE,PIALE,0.04471895395758467,0.36790400731578077,0.3446197379779275,0.2333324787042135,0.009424822044125536
PIALE,PIALE,0.055046337944094546,0.35009400624493286,0.3338192006604626,0.24965581865780678,0.011384636492353098
PIALE,PIALE,0.06251484918093243,0.36877929049205743,0.33692551909853014,0.21575944573341083,0.016020895494700458
PIALE,PIALE,0.07842339463641676,0.37165012283946924,0.33021316275429613,0.19599941661551798,0.023713903153928233
PIALE,PIALE,0.0786650086069971,0.372512778801582,0.33069871257156525,0.19353320743555283,0.024590292583930393
PIALE,PIALE,0.14764648467069824,0.32206054616557683,0.2872216211224886,0.1718319517860807,0.07123939625483362
PIALE,PIALE,0.1936692537291983,0.26434591724239803,0.24966628754828377,0.1689318221442916,0.12338671933556393
PIALE,PIALE,0.09269031821783066,0.36596397305404205,0.32182658861976843,0.18884211529454412,0.0306770048134486
PIALE,PIALE,0.1562392359189914,0.3242158267066923,0.2814211239462757,0.1558944413443476,0.08222937208336868
PIALE,PIALE,0.038397216150106106,0.3776051510144564,0.35138782701660504,0.22435589705569411,0.008253908762760772
PIALE,PIALE,0.10169076045483182,0.3664895946575295,0.31690556229083067,0.17980904610160958,0.035105036494831814
PIALE,PIALE,0.04691790989893221,0.38281265713363605,0.34780827252972074,0.21120502698029106,0.011256133457037087
PIALE,PIALE,0.058312875824230066,0.3680078922798851,0.33903684131779566,0.21987759827778922,0.014764792299931932
PIALE,PIALE,0.047700626075016794,0.3662800560369248,0.34441443896567164,0.23039743850065386,0.011207440421366507
PIALE,PIALE,0.08809002002249136,0.3576384167154845,0.3228149306818141,0.20368069704987185,0.0277759355299804
PIALE,PIALE,0.07139985696183596,0.3703036819448191,0.3343165679082341,0.20244918588593414,0.02153070729880636
PIALE,PIALE,0.06709473597631123,0.3794880940893855,0.3369572891993688,0.19731503284804106,0.019144847886513924
PIALE,PIALE,0.1718492412684404,0.29348325887981624,0.26900632412228814,0.17863948006656563,0.087021695662596
PIALE,PIALE,0.03300167497387653,0.37978977676517905,0.3556345859490943,0.22463464902461283,0.006939313286857514
PIALE,PIATE,0.22147180422362053,0.20134318788313293,0.21844064937902896,0.2239835818135227,0.13476077670047085
PIALE,PIALE,0.042676343477812836,0.37271567756607604,0.3495512812042832,0.2249518116203212,0.010104886131133896
PIALE,PIALE,0.20046601119463248,0.25484513490473093,0.24169418399439174,0.16024155654948286,0.14275311335650706
PIALE,PIALE,0.08081710731380658,0.3708603603053527,0.32967747737470987,0.19266996471907918,0.025975090286680606
PIALE,PIALE,0.07885301122871796,0.3717259702323468,0.33042933642154837,0.19445842638952243,0.024533255727492688
PIALE,PIALE,0.1827979503133661,0.27279335919591896,0.26001568291879157,0.1988608398547458,0.08553216771690476
PIALE,PIATE,0.05798934920430462,0.2899428489955849,0.3106024827274689,0.3309249597625334,0.01054035930977721
PIALE,PIALE,0.04579060581616334,0.37696714409580595,0.346587858094273,0.22040254804731702,0.010251843946063578
PIALE,PIALE,0.08164663754918408,0.36480864643186117,0.3274940335885413,0.20134308493915493,0.02470759749089365
PIALE,PIALE,0.1251732142414986,0.34059752076464067,0.30140972210575195,0.18651964432420629,0.046299898563561835
PIALE,PIALE,0.03197578414364047,0.3685574563716327,0.35270129335615474,0.24060645660376484,0.006159009524438785
PIALE,PIALE,0.03892051616237794,0.3557972348576971,0.34524620387900096,0.25232328426146217,0.007712760839106056
PIALE,PIALE,0.05814042440698373,0.37145080919065304,0.34028661857952597,0.21502014084438653,0.01510200697807926
PIALE,PIALE,0.10385099404308398,0.3365634773147635,0.30997060347792316,0.22001322027695955,0.029601704886933377
PIALE,PIALE,0.058679984862964676,0.344821646471203,0.3304999907541999,0.2538445387161254,0.012153839195162096
PIALE,PIALE,0.10124286165164921,0.33857632621278805,0.31104678866590474,0.22137138075602297,0.027762642713296513
PIALE,PIALE,0.13651045074935497,0.28970691955428685,0.2837619770021536,0.2505273186042976,0.03949333408961728
PIALE,PIALE,0.15067317349711773,0.30138307238289613,0.2828262416417412,0.20791799984391085,0.05719951263403278
PIALE,PIALE,0.0820511239399544,0.3303156758365809,0.31581729643510614,0.2532523490109354,0.018563554777092803
PIALE,PIATE,0.04164324847637527,0.30635227427050843,0.3212559574438033,0.3246210503262388,0.006127469482749561
PIALE,PIALE,0.09937166091818146,0.3524461621920274,0.3149671225061727,0.20437438516223366,0.028840669221032116
PIALE,PIALE,0.10794416026569838,0.34471188865362196,0.31019044556923875,0.2036087163774605,0.0335447891336356
PIALE,PIALE,0.13127013320048556,0.3198983957074598,0.2943878121507758,0.21206993403659508,0.04237372490436381
PIALE,PIALE,0.2061854469115161,0.23878818339402524,0.237286520052339,0.18237527389138736,0.13536457575049343
PIALE,PIATE,0.19929889467190856,0.20426725790054165,0.22911572349172965,0.29438562974711835,0.07293249418840747
PIALE,PIATE,0.1448991838407928,0.23877392475536596,0.2628319550808028,0.30559687218732273,0.04789806413541001
PIALE,PIATE,0.17185338543266515,0.22098406669976892,0.2464421772418493,0.29572236535023283,0.06499800527518808
PIALE,PIATE,0.1815639268096479,0.22301210176855066,0.24437595966674133,0.2775537649029444,0.07349424685183815
PIALE,PIATE,0.1589426026023653,0.22938355612263997,0.25329823164892584,0.30707520785782677,0.05130040176793495
PIALE,PIATE,0.2115711701419821,0.2100906600992368,0.22781122428729436,0.23696460690802337,0.11356233856322633
PIALE,PIARA,0.17324246236043656,0.25196059890655403,0.25904265544132676,0.23844839392751405,0.07730588936390949
PIALE,PIATE,0.1699796518791081,0.2402402731684346,0.25490940288606767,0.27445036066898487,0.06042031139713025
PIALE,PIATE,0.1646210722395973,0.22851680273043876,0.25118300948740135,0.3014667059528829,0.05421240958937818
PIALE,PIATE,0.1432025756054293,0.2037672811338874,0.24608619542666338,0.35696487101803365,0.049979076815629214
PIALE,PIATE,0.1681050881889394,0.22611988994320642,0.25060548135751043,0.2890720427266725,0.06609749778338216
PIALE,PIATE,0.14038922022761027,0.21477591756172582,0.25175660779200193,0.3493637432600195,0.0437145111582931
PIALE,PIATE,0.17388950230597727,0.2008554469164548,0.234880378534618,0.3312438178205945,0.059130854422024134
PIALE,PIATE,0.14592934098342425,0.2310692006220802,0.25955341127623943,0.3133393840068204,0.05010866311112243
PIALE,PIATE,0.13679042397015145,0.20740005016097296,0.24922016139871872,0.362760217924398,0.04382914654539604
PIALE,PIATE,0.18960479034080904,0.20402074561104946,0.23176004839391107,0.30949304064166594,0.06512137501225491
PIALE,PIATE,0.2024595842146927,0.19659427349754036,0.22439827221468983,0.3034827714635559,0.07306509860921773
PIALE,PIATE,0.13228361251022283,0.2152696722404113,0.25586171355305304,0.35170219353070564,0.04488280816525545
PIALE,PIATE,0.1529671841792055,0.2252397958253137,0.2550115040167303,0.31022460517798506,0.05655691080045516
PIALE,PIALE,0.17074682748092368,0.27766104741228653,0.2671853798029518,0.1995144540100124,0.08489229129354788
PIALE,PIALE,0.16146424464266093,0.2860876417547986,0.27381029240723637,0.20354657033761653,0.07509125085740144
PIALE,PIALE,0.16773003028496175,0.29081687801836736,0.27090016786926036,0.18086872367251106,0.08968420015460868
PIALE,PIALE,0.18179533169391252,0.2747650556135997,0.25903512115201016,0.17295317216039874,0.1114513193798041
PIALE,PIALE,0.16541774316568814,0.2794596018804354,0.27031745888374953,0.20830474705938823,0.07650044901045935
PIALE,PIALE,0.1560201107391685,0.309279952477776,0.2801538326601505,0.17104628086370197,0.08349982325889375
PIALE,PIALE,0.16896063702392755,0.2904343808888511,0.2701263242320073,0.1804274863662046,0.09005117148871913
PIALE,PIALE,0.15582703734500167,0.3000681555634738,0.2791977354491178,0.18634597504072334,0.0785610966013833
PIALE,PIALE,0.14453948098951822,0.30991874351181264,0.2870196521565198,0.19078657548652306,0.06773554785531635
PIALE,PIALE,0.16839666918071552,0.2863275068831494,0.269956791835763,0.1867355038152606,0.0885835282848252
PIALE,PIALE,0.17012365509922428,0.2743347187259424,0.2669020311413058,0.20018912358924804,0.08845047144400521
PIALE,PIALE,0.18405594564523245,0.27078836705803494,0.25505197661631973,0.16275458672851634,0.12734912395162562
PIALE,PIALE,0.17637493973169882,0.2789530758014746,0.26282555904744426,0.17205380845064888,0.10979261696845445
PIALE,PIALE,0.1639012609294886,0.27562830826280854,0.2703088226744661,0.21187971389585236,0.07828189423710877
PIALE,PIALE,0.17822980084743228,0.2744881535472912,0.2618051377846754,0.18253537560463162,0.10294153221569498
PIALE,PIALE,0.15915117059310072,0.2952357947934891,0.27628126172647405,0.17831588237120588,0.09101589051543517
PIALE,PIALE,0.1709083089132479,0.28482121744142086,0.2675079751034628,0.17581440006975285,0.10094809847183085
PIALE,PIALE,0.18799943743469022,0.2694603010512439,0.2537258093188043,0.1676246575068241,0.12118979468816808
PIALE,PIALE,0.18467683036993693,0.26294438527989994,0.25612318569986986,0.19206609156295587,0.10418950708707443
PIALE,PIARA,0.2072319464625293,0.19612931472693956,0.21630402855290914,0.19676305778440573,0.18357165247299992
PIALE,PIARA,0.03523337007122775,0.22247256727777912,0.33226179982567383,0.3166225548061792,0.0934097080188079
PIALE,PIATE,0.06187948910638619,0.10460360511814613,0.2039458394322539,0.5394310684167959,0.09013999792587851
PIALE,PIATE,0.061316574652450655,0.11340018304737991,0.21552772604179823,0.5099053410908736,0.0998501751669877
PIALE,PIATE,0.06463644885823382,0.09443832875806804,0.19006445770667596,0.5575076645583954,0.0933531001180692
PIALE,PIATE,0.06510392887287818,0.08521532003125618,0.1769263212952903,0.5871249289835437,0.08562950081644433
PIALE,PIATE,0.04384400761641469,0.1782608731758309,0.2916659282986608,0.38486371229860933,0.10136547861009941
PIALE,PIARA,0.0287473591690534,0.25300505908829624,0.3573700041873817,0.2655161552248692,0.09536142233004216
PIALE,PIATE,0.04051313524383646,0.1913057851338306,0.30473985192614916,0.3762344346241304,0.08720679307167699
PIALE,PIARA,0.016292200934130693,0.3428016633989794,0.4051313523973432,0.1548298425064979,0.08094494076264369
PIALE,PIARA,0.022338965135379876,0.3015185670607507,0.3846731210038211,0.19628108503783645,0.09518826176182708
PIALE,PIATE,0.12836001063924932,0.09960218986311396,0.17388587631626465,0.4938485666654927,0.10430335651538544
PIALE,PIATE,0.13824877466008112,0.10505345246148504,0.17747598921621188,0.46599699034369774,0.11322479331805815
PIALE,PIATE,0.1045579104428596,0.07952006709548902,0.15640186749263488,0.5654907796912876,0.09402937527716342
PIALE,PIATE,0.0945883346763572,0.07457916226337306,0.15249903372409626,0.5899244607935817,0.08840900854200184
PIALE,PIATE,0.08493039307763761,0.0680376050108293,0.14543056301349308,0.6212705955697712,0.08033084332764742
PIALE,PIATE,0.11308997697843656,0.08891845349191656,0.1659051216663172,0.5342984837634199,0.09778796409937543
PIALE,PIATE,0.10487236362856771,0.0926500963875235,0.17165628245051257,0.547036670716842,0.08378458681600717
PIALE,PIATE,0.11162166225934791,0.0861041972192529,0.16267382097968525,0.5437743543114368,0.09582596522973322
PIALE,PIATE,0.10788339808339589,0.08440916025280687,0.1611553708016188,0.5559233592272372,0.09062871163438531
PIALE,PIATE,0.10902668074819813,0.08319902648323302,0.1596806650902811,0.5546486133532003,0.09344501432453274
PIALE,PIARA,0.03760968879448493,0.22211401938810135,0.328792497536657,0.2890126525790806,0.12247114170134721
PIALE,PIALE,0.006581306827697985,0.46523707143624266,0.4053981036971215,0.0582325385218499,0.06455097951662263
PIALE,PIARA,0.014070165044464804,0.3707092091005567,0.406021111823552,0.11601029771512214,0.09318921631589833
PIALE,PIARA,0.011093171706794734,0.40417525561225365,0.41034310381501626,0.09296073654494531,0.08142773232057947
PIALE,PIARA,0.01352145943623165,0.37886509972677856,0.4037263723402824,0.10331808349830039,0.10056898499800321
PIALE,PIARA,0.020958049969926146,0.32006686377339244,0.38921568555917907,0.16505773452339695,0.1047016661737161
PIALE,PIALE,0.004739846575414178,0.49947342166934433,0.3941975043762694,0.04160424595377293,0.05998498142469974
PIALE,PIALE,0.009840323811911795,0.42034193875265613,0.4080255746092593,0.08096256654172122,0.0808295962840312
PIALE,PIALE,0.008330559230011136,0.4334211785294491,0.40916266609190816,0.07260028274739806,0.0764853134008001
PIALE,PIARA,0.013329218372795352,0.3809788434811729,0.40687388194816576,0.10956964013455579,0.08924841606290346
PIALE,PIALE,0.00016322792228620452,0.7604460575184906,0.22844767785383135,0.002036670959101663,0.008906365745529686
PIALE,PIALE,0.00020394386589620898,0.749290005243694,0.23746730887662904,0.0023822327889429884,0.010656509224088194
PIALE,PIALE,0.0005150033599185237,0.6876989550614937,0.2897676908955899,0.006038584358855223,0.015979766323454745
PIALE,PIALE,0.0006427497496487385,0.6762232092317013,0.29757634497856467,0.006814214030266159,0.018743482009142956
PIALE,PIALE,0.00013687904507753075,0.7667397154974133,0.22376216009448727,0.001848993644544886,0.007512251717710169
PIALE,PIALE,0.00096734659981552,0.6447408181347224,0.3197893385555539,0.010030823356784357,0.02447167335247906
PIALE,PIALE,0.0005684419359309131,0.6851112639458923,0.29019930198990235,0.006085457752991381,0.018035534374598015
PIALE,PIALE,0.001103077589342665,0.6327762944643818,0.326741790544976,0.011143081116676576,0.028235756283990044
PIALE,PIARA,0.03861991217869223,0.21669969514665274,0.32424232743497844,0.29539683427455077,0.12504123096480166
PIALE,PIALE,0.0008496995351490377,0.6503393558865165,0.31420442924894826,0.0086116058884959,0.025994909440239897
PIALE,PIATE,0.06708107711525657,0.09987321375002181,0.19611090443435625,0.5397449433878764,0.09718986131194919
PIALE,PIATE,0.05520376614371005,0.14618808771604466,0.25436478337042384,0.4362497546821296,0.10799360808725558
PIALE,PIARA,0.034219413467549975,0.23910487664517185,0.342204078789034,0.27576368667832685,0.10870794441957504
PIALE,PIATE,0.06885562081273003,0.09732034775387594,0.19314381301318226,0.5325091685129935,0.10817104990668577
PIALE,PIARA,0.028191526014798608,0.2672672780502854,0.3635748673595712,0.23845473425570174,0.1025115943192795
PIALE,PIATE,0.05877759963723641,0.13208183670627474,0.2378552934430518,0.46502996321851564,0.10625530699445628
PIALE,PIATE,0.06389203801774841,0.1116362882134596,0.21196278176351074,0.5144176963339979,0.09809119567076897
PIALE,PIARA,0.03685126716863109,0.22510177771955528,0.33137272471667645,0.29415898872263824,0.11251524167216759
PIALE,PIARA,0.014968527945073237,0.3518520429514797,0.4023701618035138,0.1298781284058758,0.100931138893655
PIALE,PIARA,0.03325079249206302,0.24307479545842772,0.345440726541577,0.2649856039940309,0.11324808151355582
PIALE,PIATE,0.0756531188506848,0.06642663154791145,0.1451039150780844,0.6403033071174367,0.07251302740524229
PIALE,PIATE,0.07028620613819449,0.06860746526419287,0.15022026756737863,0.6382156703989987,0.07267039063059692
PIALE,PIATE,0.06762087164481416,0.07376468563735407,0.15843911612993905,0.629445871536912,0.07072945505035123
PIALE,PIATE,0.0839173459340006,0.0726025636361121,0.15112302268439437,0.6210094661553144,0.07134760158955747
PIALE,PIATE,0.08751923920790314,0.07537332066323629,0.15340460671693615,0.6140023164114838,0.06970051699982659
PIALE,PIATE,0.09870828610285008,0.09791487279443635,0.17680392683787122,0.5617157031677845,0.06485721109649599
PIALE,PIATE,0.09347170829692997,0.08792844549849971,0.16646422737862623,0.5880842615413013,0.06405135728405463
PIALE,PIATE,0.08816557803722351,0.08270062707136511,0.1618330359604252,0.6027725160382186,0.06452824289216465
PIALE,PIATE,0.09435012016620253,0.08395011033551267,0.16207248164648408,0.5919368231231226,0.06769046472808622
PIALE,PIATE,0.07793906633752891,0.07282718945677111,0.151984527658982,0.6349092805982738,0.06233993594780933
PIALE,PIALE,0.003170438226692598,0.5112043388771259,0.40687005251346414,0.044914123628913394,0.0338410467532927
PIALE,PIALE,0.0010660120353722046,0.6161993056915192,0.3412603649664493,0.013483164132596573,0.027991153173446495
PIALE,PIALE,0.00010239243163226993,0.7706321722037518,0.22158532397647232,0.0017625381907934023,0.0059175731965794435
PIALE,PIALE,3.6435370495330256e-05,0.8173503839871724,0.17850364216198464,0.000709438689276219,0.0034000997902538374
PIALE,PIALE,0.0027364207220485722,0.5311115297218191,0.3954706702470396,0.03446341172173161,0.03621796758683012
PIALE,PIALE,0.0021132060415386543,0.5497772513716148,0.38727574176192353,0.029880641338722494,0.030953159485650826
PIALE,PIALE,0.0007006119396682866,0.6410615322717479,0.33079204940806745,0.011239918580484466,0.016205887799390823
PIALE,PIALE,0.0005983057809908112,0.6565048582812841,0.31780325316762614,0.009343097342907176,0.01575048542653512
PIALE,PIALE,0.00034070002386320215,0.6950570765282742,0.2845017962896988,0.00517304496193495,0.014927382195533684
PIALE,PIALE,0.00037313963927007457,0.6889110976036791,0.292021978863837,0.006111199404724827,0.01258258448780008
PIALE,PIALE,0.00014958382230815975,0.747504375260599,0.24222996096393598,0.0025519332131384727,0.007564146739270823
PIALE,PIALE,0.0001710604261783952,0.7426474655540986,0.24563023270967274,0.0026731545992999778,0.008878086710007482
PIALE,PIALE,0.0002848830427721551,0.7059559605439315,0.2779490044219792,0.004715259013618225,0.011094892976993023
PIALE,PIALE,0.00013614180595879511,0.7500911995451444,0.23961083139636372,0.0023963929590909393,0.007765434292692089
PIALE,PIALE,0.00016891925525958407,0.740886095911284,0.2460797247453734,0.002625495723956877,0.010239764363385343
PIALE,PIALE,0.00015326847121818957,0.7428300998700684,0.24540529939276265,0.002591223698482651,0.009020108566725367
PIALE,PIALE,0.0006945076166481661,0.6408650925317683,0.32977458102602264,0.011043711614134692,0.01762210721078526
PIALE,PIALE,0.00015941019025619618,0.7394423141488548,0.24989714628258025,0.0029037801094737277,0.0075973492680956435
PIALE,PIALE,0.0003094857445508982,0.707073279260098,0.27632470376788903,0.004629849293773212,0.011662681932981776
PIALE,PIALE,0.00019370128540384293,0.7252063489840265,0.26275696352586186,0.0036031322721363844,0.00823985393184619
PIALE,PIALE,4.570279564585686e-06,0.8906312724263401,0.10815224782059146,0.00010177643838114315,0.0011101330342322391
PIALE,PIALE,6.437982884470818e-06,0.8821935061303164,0.11626392271775218,0.00013302600650822637,0.0014031071616562786
PIALE,PIALE,4.555161536804305e-05,0.8056060054320221,0.1897699618216241,0.0009069467397721677,0.0036715343904079414
PIALE,PIALE,6.54676536798954e-06,0.8824377319871705,0.11588763087195868,0.0001297220528192533,0.0015383683218010966
PIALE,PIALE,1.7968061823790558e-05,0.8484210938751339,0.1486920196669094,0.0003403391036048603,0.0025285792916795455
PIALE,PIALE,8.812844120930198e-05,0.7848863288844301,0.20715002315702108,0.0013237628889036697,0.006551756627650841
PIALE,PIALE,1.7922415284250072e-05,0.8486450712892428,0.1479650772490233,0.00032536137132046106,0.0030465676742803946
PIALE,PIALE,1.6739884133125514e-05,0.8516946427309032,0.14507297658376125,0.0003015087938363158,0.0029141320065142326
PIALE,PIALE,1.259921580374407e-05,0.8587218055479696,0.13841529083845258,0.00024512189710343185,0.002605182499811942
PIALE,PIALE,2.1946755485993625e-05,0.8406092989219608,0.1553654188957646,0.0003833715919070525,0.003619963834040934
PIALE,PIATE,0.040284632332656535,0.19584045140783968,0.3082499999134609,0.364294315299117,0.09133060104656153
PIALE,PIATE,0.044503836372787,0.18081089868096642,0.2933843146666057,0.37931842552337414,0.10198252475588729
PIALE,PIATE,0.07326555038339258,0.06696314541110901,0.1459685240395855,0.645562395814296,0.06824038435097135
PIALE,PIATE,0.05271023184154266,0.1301219738400609,0.23764654816705116,0.4950591629404469,0.08446208321040313
PIALE,PIATE,0.04402065563493647,0.13844040588331497,0.2493940135665536,0.5051423270713549,0.0630025978433349
PIALE,PIATE,0.052955097925289615,0.11978796486207653,0.22519242155269778,0.5236594452794597,0.07840507037995258
PIALE,PIARA,0.024970241084166657,0.27960987488196815,0.3732081994463021,0.21754936677968473,0.104662317807505
PIALE,PIATE,0.07124751694983117,0.07374937263583378,0.1580589284538051,0.6170400835327056,0.07990409842720728
PIALE,PIATE,0.06286835695143919,0.10063068079763014,0.19795400341579325,0.5541687589789641,0.08437819985561895
PIALE,PIATE,0.04939404003486603,0.16202889101273396,0.2733679062419328,0.4106081052136864,0.10460105749637015
PIALE,PIALE,0.00010396892985935843,0.7685217776439685,0.22055666345603336,0.0016469605924322728,0.009170629376938022
PIALE,PIARA,0.017368966472099078,0.3651966348504442,0.38087451506810927,0.1254232349001017,0.11113664870886489
PIALE,PIALE,0.0010510176028639409,0.6326144908191783,0.3254677402539409,0.010335779672672074,0.030530971650712217
PIALE,PIALE,0.0007195460164741135,0.6624759266303838,0.30514419919042196,0.007412811103022369,0.02424751705903517
PIALE,PIALE,0.0004275824316675127,0.7054648593179972,0.2716893168601565,0.004304221958531296,0.018114019430941857
PIALE,PIARA,0.025097251093316165,0.30785725603560704,0.3637372740692474,0.18798923839310153,0.11531898040836423
PIALE,PIALE,7.728974949449456e-05,0.8012509795844805,0.190248415773954,0.0008800076249756697,0.0075433072662941325
PIALE,PIALE,0.008622388139760146,0.5073033652769616,0.3556447615356863,0.04947788222861921,0.07895160281846544
PIALE,PIALE,3.692595568289519e-05,0.833998636135009,0.16056480571874934,0.00044171387775565103,0.004957918311969008
PIALE,PIALE,9.201366004616975e-05,0.7915777985388126,0.19891290653264737,0.001050178821800789,0.008367102445901557
PIALE,PIALE,1.1255965810314353e-05,0.8808816732436245,0.11647312598274216,0.0001342270966545257,0.002499717710287497
PIALE,PIALE,8.819636780541283e-07,0.9345256708593344,0.06486140332656996,1.5080866397048034e-05,0.0005969629830859419
PIALE,PIALE,7.930930013500093e-06,0.8846167333497766,0.11316850715465211,0.00011561317330115392,0.002091215391372087
PIALE,PIALE,3.54050609331979e-05,0.831164383402354,0.1633353293491389,0.000469447873016837,0.004995434313725697
PIALE,PIALE,1.0021543969660958e-05,0.8741214160897322,0.12322183166089297,0.0001565812618739835,0.0024901494426570305
PIALE,PIALE,2.7872281415925034e-05,0.8362146190040112,0.1589724945813469,0.0004175538875075707,0.00436746024488209
PIALE,PIALE,6.6738026532255434e-06,0.8841522088330459,0.11380413256521074,0.00011451592108080008,0.0019224688771253152
PIALE,PIALE,3.7922629704161746e-06,0.9023067732793496,0.09620468439666885,6.30550466070694e-05,0.0014216950135014694
PIALE,PIALE,2.296625709922178e-06,0.9148534296883905,0.08405833807602811,3.960247816623967e-05,0.001046333130790183
PIALE,PIALE,2.6110353428458032e-06,0.9139573584760776,0.0848876898095244,4.268500071329438e-05,0.0011096556774280969
PIALE,PIALE,5.680125666676614e-06,0.8917959728910391,0.10661148969828625,9.327659903635392e-05,0.001493580685079736
PIALE,PIALE,0.00010169959742810981,0.7802764473063326,0.2109473322405495,0.0013547712139671138,0.007319749640942346
PIALE,PIALE,0.00011124551413331189,0.7757142286419476,0.2159602684082868,0.0015270293729668632,0.006687228061889647
PIALE,PIALE,8.292096721843394e-05,0.7848840882660424,0.20739474032697455,0.001255866189081102,0.0063823842498984575
PIALE,PIALE,4.711314238293502e-05,0.8215384110458949,0.17294276321243698,0.0006033571252774484,0.004868355473186231
PIALE,PIALE,2.3584797789165964e-05,0.8482073052148169,0.1479932966427179,0.00032551848107260727,0.0034502948627551083
PIALE,PIALE,3.7374886901912436e-06,0.9052141508172172,0.09338845756506763,5.619803141456795e-05,0.00133745609670514
PIALE,PIALE,7.20212618775514e-06,0.8870861593357128,0.11092257601146965,0.00010652324017866112,0.001877539285564177
PIALE,PIALE,3.2533594310453174e-05,0.8337451765785656,0.1613406952843827,0.0004461157434684675,0.00443547879843889
PIALE,PIALE,4.7309173900162856e-05,0.8200534408672635,0.17403149378873417,0.000612933394954546,0.005254822774327471
PIALE,PIALE,1.0874999658492563e-07,0.9643584140003711,0.03546959037905642,1.7535298827735696e-06,0.00017013333972857927
PIALE,PIALE,2.415882510106873e-07,0.9534185255769798,0.04629740103524936,4.464152142021059e-06,0.0002793676464243432
PIALE,PIALE,9.453778882336812e-07,0.9337200534051767,0.06565677938608638,1.564597252024989e-05,0.0006065758573945887
PIALE,PIALE,2.8309526036085345e-06,0.9114701940946257,0.08733221040705721,4.4345737596171474e-05,0.0011504188072056362
PIALE,PIALE,1.856544707904417e-05,0.8577723070046062,0.13856892020445039,0.0002468458660011312,0.0033933614770052306
PIALE,PIALE,1.7541364769949919e-06,0.9245304478642492,0.07458433828811385,2.559683277779019e-05,0.0008578628774576525
PIALE,PIALE,7.499500896156387e-07,0.9383063026107696,0.06114576213032998,1.2537144213858666e-05,0.0005346481636586837
PIALE,PIALE,2.2419243530606023e-07,0.9552276909489662,0.044500081908799644,3.914901443023837e-06,0.0002680880474005894
PIALE,PIALE,2.136266051403369e-07,0.9547157448726152,0.04501370277780715,4.039315798271021e-06,0.0002662994062191928
PIALE,PIALE,4.374643032030267e-07,0.9457344595406826,0.05385915784306496,7.699078334484866e-06,0.0003982460726689497
PIALE,PIALE,1.567375344884002e-05,0.8647359406217726,0.13216801200982944,0.00021397866185691222,0.0028663949522274366
PIALE,PIALE,3.5473170526863806e-05,0.8359855850788577,0.1593568697020953,0.0004584120994309669,0.004163659948253177
PIALE,PIALE,0.0002885714737483419,0.7283167609431068,0.25539684223177567,0.0033705731289502307,0.012627252221690513
PIALE,PIALE,0.0008815246015840801,0.6434281110080438,0.3235222808435857,0.010229128436159545,0.02193895510998347
PIALE,PIALE,0.0004159965271143368,0.6955088991802475,0.2832912051396569,0.0051745987554190605,0.015609300396866414
PIALE,PIALE,0.0003781903794859507,0.7026819784436916,0.27600437340099915,0.004675107948080454,0.016260349827040017
PIALE,PIALE,0.00032736488232318713,0.7148837742582408,0.2666002237332449,0.004001412755316246,0.014187224370159955
PIALE,PIALE,0.0001707219603099386,0.7601071050842779,0.22708401309417262,0.002024376935848781,0.010613782924630479
PIALE,PIALE,8.208841786243777e-05,0.7970718699496218,0.1951978090957106,0.0010485670161792303,0.006599665519828803
PIALE,PIALE,3.981504159562862e-05,0.8324906355602274,0.16232915081060525,0.0004907210216940248,0.004649677565045316
PIALE,PIALE,1.42639891661691e-07,0.960470366623091,0.039331416710812916,2.6494317510353264e-06,0.00019542459349277145
PIALE,PIALE,2.1960664773997633e-07,0.9552388979182156,0.04450490115947312,4.107065415775562e-06,0.0002518742492924186
PIALE,PIALE,5.387107757233573e-08,0.9686920214066816,0.031191487590867775,1.1541658707416455e-06,0.00011528296453327217
PIALE,PIALE,6.09204824034288e-08,0.9680246782302677,0.03185063359944292,1.2353982025474085e-06,0.00012339185063610296
PIALE,PIALE,1.996842100325099e-06,0.921376054875711,0.07770126615490512,3.079090732317116e-05,0.0008898912190390239
PIALE,PIALE,2.5009934730733225e-05,0.8532108049136908,0.1425767219289057,0.00029169752690318476,0.0038957656949162524
PIALE,PIALE,7.274174547066451e-06,0.8857708442587516,0.11224744560990108,0.00011767054299020376,0.0018567654129243165
PIALE,PIALE,5.239537597063521e-06,0.8977494584326826,0.10062801316827112,7.806836305167729e-05,0.0015392204974997823
PIALE,PIALE,0.0006990671835220817,0.6760638487081341,0.2930184165634704,0.006434899702699559,0.023783767841497702
PIALE,PIALE,1.2304842421440718e-06,0.9304976166347133,0.06884769916736683,2.000171403186934e-05,0.0006334519987153124
PIALE,PIALE,3.986098940828627e-08,0.9721287144237326,0.027792922613452477,7.791786507769399e-07,7.754392220248155e-05
PIALE,PIALE,5.6553552200039444e-08,0.9689357472060691,0.030966313783195528,1.1349912874741584e-06,9.674746492649485e-05
PIALE,PIALE,1.4198902822776042e-07,0.9608738616850656,0.03895408123745867,2.537410654003577e-06,0.0001693776768324203
PIALE,PIALE,7.385147097826506e-07,0.939322460206257,0.06019660589440943,1.1740364691613652e-05,0.0004684550189929586
PIALE,PIALE,5.506828601599116e-07,0.9440047187822838,0.055563381179285616,8.6948982875497e-06,0.0004226544563387074
PIALE,PIALE,1.6868795826793536e-06,0.9262598274483634,0.07289484177067414,2.293324895447467e-05,0.0008207106514987752
PIALE,PIALE,3.370921305368317e-07,0.9506395030578302,0.049034042700005304,5.599213903645808e-06,0.0003205179351797469
PIALE,PIALE,2.796065515254597e-07,0.9542444115167495,0.04547866070422793,4.297362233886572e-06,0.00027235080928274664
PIALE,PIALE,1.4901939059382206e-07,0.9616614868892632,0.038156545472390474,2.326809947555159e-06,0.00017949180804624514
PIALE,PIALE,4.537124505053702e-08,0.9714559128953448,0.02846044695703142,8.475102777339122e-07,8.274726512935198e-05
PIALE,PIALE,6.461939687323129e-07,0.9408347224062441,0.0586959276625242,1.0834161244150896e-05,0.00045786957507780413
PIALE,PIALE,5.361934911931948e-07,0.9445133166120933,0.05506509320999242,8.583449673756924e-06,0.0004124705338048589
PIALE,PIALE,7.586118758458847e-07,0.9396364876353649,0.05985849291545421,1.1598860992497333e-05,0.0004926619753728127
PIALE,PIALE,1.0924672688212268e-06,0.9340182069448448,0.06536244691500767,1.5885864259621648e-05,0.000602367807684922
PIALE,PIALE,4.867268062236011e-07,0.9440784704806061,0.05551364210675299,8.82825182835612e-06,0.0003985724330621389
PIALE,PIALE,9.348781624986944e-07,0.9351512019250648,0.06426254476291128,1.4945402912642003e-05,0.0005703730300136163
PIALE,PIALE,3.5409674383108457e-06,0.9094430903589132,0.08932554144769643,4.931962513188419e-05,0.0011785075999106711
PIALE,PIALE,4.678614460780622e-06,0.9009292409221425,0.09768476424062626,6.97822588934697e-05,0.0013115339629758758
PIALE,PIALE,4.1303278953703254e-07,0.9467535511602899,0.05288765556243215,7.479846051026205e-06,0.0003509003974904948
PIALE,PIALE,8.286062220640359e-07,0.936831224059703,0.06263648952695061,1.379025768316779e-05,0.0005176675485042538
PIALE,PIALE,7.772494565690594e-07,0.9375545033490243,0.06190419831265179,1.29826655580535e-05,0.000527538422371424
PIALE,PIALE,7.843978312346632e-07,0.9382644291709216,0.06120246613121826,1.2453071770892012e-05,0.000519867227319879
PIALE,PIALE,5.51882510718204e-07,0.9427728831261066,0.056784366862435175,9.499431979268555e-06,0.0004326986960253603
PIALE,PIALE,9.992053386881274e-07,0.9341239632285018,0.06526127667176204,1.565704041927536e-05,0.0005981038530439506
PIALE,PIALE,8.685028049355905e-07,0.9363373763992676,0.06310563882007104,1.3958417352942356e-05,0.0005421578595671062
PIALE,PIALE,8.30677539156391e-09,0.9819517376328576,0.018012146627454918,1.6842281671641869e-07,3.5939009113246395e-05
PIALE,PIALE,1.8059151944816668e-06,0.9234341837370753,0.07570884815953875,2.675532001343517e-05,0.0008284068672544734
PIALE,PIALE,3.519887847058987e-06,0.9080643377228603,0.09066255122300736,5.1409561745373046e-05,0.0012181816036316473
PIALE,PIALE,7.897270547691558e-07,0.9382626099042892,0.061207192123076945,1.248592256331855e-05,0.0005169223220775651
PIALE,PIALE,2.2570706312798934e-06,0.9191866805475981,0.07983739911238874,3.2406844935251845e-05,0.000941256423527135
PIALE,PIALE,0.00016315546518975123,0.758436189597404,0.22890809326708803,0.0019089283557838564,0.010583633313775929
PIALE,PIALE,2.429235169345396e-05,0.8498393039577794,0.14619152648743708,0.00031133347493518467,0.003633543727305029
PIALE,PIALE,0.00012187652879815371,0.7760848370115723,0.2130749375230503,0.0014033596441251107,0.009314989291678163
PIALE,PIALE,0.0001590460684534806,0.7619879127531503,0.22532126639442382,0.001789545696191807,0.010742229087018629
PIALE,PIALE,0.0003761842981426586,0.710690155649183,0.26799109700646745,0.0038486221130555436,0.01709394093244062
PIALE,PIALE,0.00043279722142650805,0.6957975798400499,0.2802343268702694,0.004704809266163878,0.01883048680139448
PIALE,PIALE,0.0001876066722963415,0.749497872431622,0.2362498100117972,0.0021852058312442327,0.011879505052290577
PIALE,PIALE,0.00013020376830313245,0.7688915033880841,0.21969649801373153,0.0015865886299463341,0.009695206199166109
PIALE,PIALE,3.524463216397506e-05,0.8349980639737361,0.1599608749335783,0.0004424604662152534,0.00456335599347136
PIALE,PIALE,6.621425498498712e-05,0.8056690247441102,0.18671336974579716,0.0008106792863026844,0.006740711967999139
PIALE,PIATE,0.0986978900552115,0.10141172532317076,0.1850825859654023,0.5159564057362952,0.09885139291940419
PIALE,PIARA,0.015630134353889068,0.35903967716201807,0.40598185844680457,0.13723218744386523,0.08211614259301721
PIALE,PIALE,0.001967484035715188,0.5671507870040521,0.37356763807328786,0.021887868486957358,0.0354262223994204
PIALE,PIALE,0.0009484827531680704,0.6329701716772757,0.32999978184258916,0.01050631570531892,0.025575248021015344
PIALE,PIALE,0.004205284516664201,0.5018359898928981,0.4051549841475737,0.042945776612829445,0.045857964829532465
PIALE,PIALE,0.0016175133511819619,0.586697747902077,0.36309200755340487,0.0182928224910105,0.03029990870173905
PIALE,PIALE,0.001430182558514463,0.5957085989300981,0.3594005082865245,0.016824557322998087,0.026636152901269083
PIALE,PIALE,0.0021098592640210316,0.5660489845518365,0.3756182610968409,0.02405854536315125,0.032164349723584125
PIALE,PIALE,0.002425894259952189,0.5588606242865423,0.3740237065396737,0.025892920302475163,0.03879685461079784
PIALE,PIALE,0.0012409480969399658,0.6140471139539647,0.34552674875233824,0.014640718639728241,0.02454447055641461
PIALE,PIATE,0.04451574121557507,0.1855541596584321,0.2963082227900352,0.37418599480404474,0.09943588153153865
PIALE,PIALE,0.0011292893853403069,0.6228411227412154,0.33697106186734227,0.013757903887143942,0.02530062211833505
PIALE,PIALE,0.00810965617539894,0.4335129081650686,0.4143510145781167,0.08660281376684918,0.0574236073141329
PIALE,PIALE,0.009500348554435125,0.413241092538555,0.4119260174089153,0.0983634878986312,0.06696905359905013
PIALE,PIALE,0.0019267161996784148,0.578000025098836,0.3646609626046434,0.022771303109040197,0.03264099298722394
PIALE,PIALE,0.001091022583474745,0.6248559227016839,0.33582239730624225,0.012169183946781426,0.02606147346119285
PIALE,PIALE,0.002861695080194096,0.5482260572933618,0.3781444977107672,0.03164109684526771,0.03912665306986086
PIALE,PIALE,0.0017597814315772522,0.5866654652268319,0.35684647298187017,0.018967409484666554,0.035760870874467304
PIALE,PIATE,0.12207837683714841,0.09900079214942181,0.17516875157886744,0.49652992231793325,0.1072221571161326
PIALE,PIALE,0.009592309166461937,0.4126752515492247,0.410211926329703,0.09209505998282846,0.07542545297136934
PIALE,PIARA,0.01899215209829509,0.2575476554910381,0.3722176434817956,0.2927933279178717,0.058449221010627085
PIALE,PIATE,0.04474030152653618,0.10700298843723871,0.20854448344437015,0.595142270655619,0.044569955935640726
PIALE,PIATE,0.03436561387803823,0.1836172109018646,0.3045433498776847,0.38508989803450067,0.09238392730752654
PIALE,PIATE,0.05739570371426775,0.07383767128373547,0.15595637178711536,0.6725619526514007,0.040248300562808016
PIALE,PIATE,0.056451396752330636,0.08244735605380678,0.16962045808611942,0.6466736834423642,0.04480710566473225
PIALE,PIATE,0.04416110240303323,0.14861272077094023,0.25893520765996,0.4859453346455471,0.06234563452003344
PIALE,PIATE,0.07981686304378559,0.07207919228052426,0.14812429639242577,0.6444965407605068,0.05548310752211303
PIALE,PIATE,0.04223606668501047,0.13156020421938158,0.24171501741523535,0.5290698663043663,0.05541884537547722
PIALE,PIATE,0.029048068984528722,0.19680162789178865,0.31774866891351106,0.3960530957239492,0.060348538485826275
PIALE,PIATE,0.03219039001238082,0.17433612481568597,0.29475474937059987,0.4403249800787222,0.05839375572217073
PIALE,PIARA,0.0192440680427269,0.25913530679747787,0.37491862564532824,0.25691999000997207,0.08978200950412013
PIALE,PIARA,0.017106566766024813,0.27172184042876873,0.3843343759887869,0.25985339693923004,0.06698381987680521
PIALE,PIARA,0.018380995429119886,0.24201751037442185,0.36783410605323763,0.3029188356894214,0.06884855245343134
PIALE,PIARA,0.00892291077533939,0.37270614416061776,0.4191724337346212,0.1384147173814167,0.06078379394758576
PIALE,PIARA,0.01787068415307211,0.2507486309022029,0.37313379590213647,0.28924072068497897,0.06900616835723634
PIALE,PIARA,0.0205542148321525,0.2372859690917594,0.361363784608892,0.30966834278779487,0.07112768867903997
PIALE,PIATE,0.0344504552381725,0.13902113395932192,0.2601744618176837,0.49792080293231766,0.06843314605200614
PIALE,PIATE,0.03524493371209292,0.15291849899117202,0.2738409680091479,0.46836817812246195,0.06962742116465673
PIALE,PIATE,0.03591676665323622,0.16873443806047675,0.2888726835520293,0.4317347342271877,0.07474137750663823
PIALE,PIARA,0.008573217689360747,0.3800773245979497,0.4227139440218646,0.14046852862724182,0.048166985063160396
PIALE,PIATE,0.0603295737016361,0.09883162739075324,0.19661187475675823,0.5587767489608136,0.08545017518947992
PIALE,PIATE,0.06404801737182565,0.09121783830581515,0.18457485282983674,0.5779755431284204,0.08218374836352402
PIALE,PIATE,0.0857015695773933,0.06343477013564212,0.13666812290267302,0.642470489927985,0.07172504745566397
PIALE,PIATE,0.07736096367840213,0.07169930265050561,0.15297132751557715,0.6126479534281051,0.08532045272679718
PIALE,PIATE,0.0650409215017248,0.09316637700017256,0.1868263126907719,0.5701926001058492,0.08477378870091118
PIALE,PIATE,0.08969668163734225,0.06589392332031939,0.1383603413152286,0.6412643274391224,0.06478472628734608
PIALE,PIATE,0.0704443488284225,0.06947181083843194,0.14984642804097897,0.6442776742707831,0.06595973802073929
PIALE,PIATE,0.07455682765654069,0.06402669822634371,0.13795555289547895,0.671314649139106,0.05214627208185915
PIALE,PIATE,0.0681247474924962,0.06905559660210264,0.14969655861869965,0.6497957711078003,0.06332732617825136
PIALE,PIATE,0.07087936852879717,0.06950974665002416,0.14815318720197398,0.6549059057275318,0.05655179189101778
PIARA,PIARA,0.1695368799877466,0.26029451949874927,0.262397403218206,0.2367784854859858,0.07099271180905001
PIARA,PIATE,0.0788404585678487,0.12439826436630275,0.18673159143106288,0.600066462206576,0.009963223427609502
PIARA,PIATE,0.14245095432873428,0.20865764544294482,0.244882426204249,0.36913440937164516,0.034874564652057634
PIARA,PIATE,0.14829373781594107,0.1593297812933678,0.20810494485940406,0.45383590784380806,0.03043562818702517
PIARA,PIALE,0.15791903526416123,0.3247269389609062,0.2737808313420989,0.12770994428574153,0.11586325014676739
PIARA,PIATE,0.07623173536517178,0.08284717265478841,0.1405366295341888,0.6930089815000505,0.0073754809451074075
PIARA,PIATE,0.14570946428172538,0.14386878704962938,0.19518050014425004,0.4884232300421745,0.026818018481732115
PIARA,PIATE,0.04802662539461327,0.07813928374909294,0.13801289683189952,0.7322252923784558,0.0035959016452061293
PIARA,PIATE,0.03557729801486668,0.07453857236750526,0.13520527824406428,0.7525307263009543,0.0021481250718568216
PIARA,PIATE,0.03244698926435861,0.07465821663852294,0.13533363672494203,0.7556481298420451,0.0019130275293756352
PIARA,PIATE,0.07220701942157387,0.0822138798065959,0.14016210703288567,0.6986627439923077,0.0067542497459380235
PIARA,PIATE,0.029733745172920097,0.07141278820361663,0.1324804422205443,0.7645546811618874,0.0018183432402670149
PIARA,PIATE,0.01544447535496718,0.06400216471576432,0.12541117778512884,0.7944620268908987,0.0006801552524463819
PIARA,PIATE,0.01766641168306487,0.06537931690813217,0.12677048048027822,0.7893380984502164,0.0008456924775189945
PIARA,PIATE,0.032638015154177226,0.07220143964628581,0.13320230999182522,0.7598970133542015,0.002061221852750404
PIARA,PIATE,0.02422067832951978,0.06850384316502797,0.12987930283234872,0.7760532792746194,0.0013428963977079264
PIARA,PIATE,0.03354577736070402,0.07233041565532564,0.13331167354211249,0.7587101674249528,0.0021019660161462543
PIARA,PIATE,0.05713102994441109,0.07851164483431913,0.1378103224441701,0.7220602148758455,0.004486787900532098
PIARA,PIATE,0.05252879498469503,0.07788719266276932,0.13749034995740309,0.728011423836453,0.004082238557951466
PIARA,PIATE,0.0719867856300125,0.08092442731323116,0.13897720359573307,0.7018049121904772,0.0063066712698441624
PIARA,PIATE,0.055805898169888166,0.09302627565284394,0.15583814624547648,0.6900782836074937,0.005251396323607516
PIARA,PIATE,0.04877607735516781,0.09342320994878897,0.15704911501579838,0.6964378710985565,0.00431372658099186
PIARA,PIATE,0.08424810095069953,0.2514371582108066,0.2860194690469475,0.3599716902191402,0.018323581572046187
PIARA,PIATE,0.07244179869669601,0.2028987972716662,0.257268045539645,0.4550784776148351,0.012312880876702683
PIARA,PIATE,0.05009492124301539,0.10285461844596304,0.16796767516568956,0.6743363612624269,0.00474642388223074
PIARA,PIATE,0.1182722575813009,0.20256634310198143,0.24576821098600532,0.4088069381598939,0.024586250170409746
PIARA,PIATE,0.031190971007902173,0.0774327345316566,0.1401575965298621,0.7490300039119936,0.0021886940178363944
PIARA,PIATE,0.04422063771054001,0.07625061607937707,0.13660660653990137,0.7395803340950455,0.003341805574396378
PIARA,PIATE,0.02638843657643378,0.07025971770223721,0.13146956897531714,0.7703901921596489,0.0014920845855926324
PIARA,PIATE,0.06257176361809975,0.14648124081663655,0.21180573713472378,0.571105637127863,0.00803562130210577
PIARA,PIATE,0.01812532355788613,0.11795454624748972,0.19092342927566577,0.6717794237150629,0.0012172772032234972
PIARA,PIATE,0.04325036904053485,0.09643748236007069,0.16039561535070063,0.6964306778752359,0.0034858553727613673
PIARA,PIATE,0.02898084434354699,0.09131994661308886,0.15749105416350734,0.7201365305822238,0.0020716242969130087
PIARA,PIATE,0.06260352354416913,0.08189006289949925,0.14057942242339735,0.7096465914733244,0.00528039965890032
PIARA,PIATE,0.08306564013483217,0.10941190072880191,0.16959940748280308,0.6284968711209528,0.009426180531981552
PIARA,PIATE,0.08998765356237626,0.13365151163236713,0.19397478676647462,0.5700507506752477,0.012335297362964202
PIARA,PIATE,0.03700583353929595,0.07433883471103117,0.13529966036115235,0.7507054216320714,0.0026502497556983497
PIARA,PIATE,0.03707406918919581,0.07529872692427586,0.13623283057568836,0.7487319363636515,0.0026624369464396218
PIARA,PIATE,0.04452912859354262,0.08139525063482846,0.14327453951610283,0.727127911098147,0.0036731701566519817
PIARA,PIATE,0.05597262913209825,0.10579029337566828,0.17038050565061216,0.6621626454080296,0.005693926432929516
PIARA,PIATE,0.04459402550202823,0.2024299519669225,0.26466082778444533,0.4820153085532534,0.006299886192868381
PIARA,PIATE,0.04314585011198108,0.17644937037648054,0.24320963157334957,0.5318149400816405,0.005380207856016386
PIARA,PIATE,0.03692472679254054,0.13514220050104203,0.2063572710999179,0.6178196157985965,0.003756185807285179
PIARA,PIATE,0.028703129363198077,0.09050373695507538,0.15764285784953194,0.7209774441974499,0.002172831634023671
PIARA,PIATE,0.03605386266575079,0.10775636197023622,0.1764247707136609,0.6765873039939069,0.0031777006557685778
PIARA,PIARA,0.19531410728542972,0.23743458508275994,0.24416929766430603,0.23271075080167938,0.09037125916558074
PIARA,PIATE,0.11044884305490893,0.25140783624985863,0.27761156594711034,0.33336883966767067,0.02716291508011818
PIARA,PIATE,0.12155732007044029,0.1113390371914422,0.16668362490868938,0.5841859556345964,0.016234062194247438
PIARA,PIATE,0.09351883381810196,0.1452899561603687,0.2041860009281723,0.5436099948307036,0.013395214262109973
PIARA,PIATE,0.08120974723962478,0.22923870209875544,0.27213441069368893,0.4022777261974687,0.015139413770059841
PIARA,PIATE,0.1883864228055118,0.1662822861497374,0.21227840433344358,0.2875032097907607,0.14554967692025897
PIARA,PIATE,0.1912477949112347,0.20219189598042134,0.23051830279244637,0.24027047842655144,0.13577152788910593
PIARA,PIARA,0.19934135253498741,0.2235819982187722,0.23467429031521803,0.19875383377261116,0.1436485251581765
PIARA,PIARA,0.1975114076370391,0.22968793693835032,0.23775631343504702,0.19506277279582254,0.1399815691935034
PIARA,PIARA,0.16454479204979283,0.24039537552753687,0.258511053509669,0.24805901762964586,0.08848976128309703
PIARA,PIALE,0.18035417826980296,0.25687468874351194,0.25624167045274476,0.19884975289056236,0.10767970964312112
PIARA,PIARA,0.13750821229930069,0.2659562736650274,0.27956461752784134,0.25300669255882036,0.06396420394873063
PIARA,PIALE,0.1392257700084288,0.2984920047797719,0.28767810113744274,0.21053559104143396,0.06406853303262401
PIARA,PIARA,0.18200557307489404,0.22466571221835924,0.2449230749587097,0.23458219077335724,0.1138234489744348
PIARA,PIATE,0.13916109118687156,0.22814721912636077,0.26396315547392707,0.3066196922750635,0.06210884193747058
PIARA,PIALE,0.09531100183458803,0.3683567527688465,0.322603130153259,0.17324782060474325,0.040481294638194804
PIARA,PIALE,0.10102788784740215,0.3625942415609189,0.31855476260433724,0.17522120761466498,0.042601900372314226
PIARA,PIALE,0.08196812222478926,0.3717522451128525,0.3304421548450893,0.18500472971629553,0.030832748100601503
PIARA,PIALE,0.1694064395433157,0.30695074148595464,0.2665999274529821,0.13614282056211274,0.12090007095532784
PIARA,PIALE,0.14843959591052872,0.32902217806832007,0.2853988156861414,0.15157820534333866,0.08556120499134198
PIARA,PIALE,0.08886811667921188,0.37293491344780627,0.3268555471530819,0.1749216355936456,0.036419787125881314
PIARA,PIALE,0.08411441281688287,0.3749937933912567,0.3298251921271108,0.17765143973180425,0.03341516193257024
PIARA,PIALE,0.08273457528085519,0.377812138695353,0.33087804659012204,0.17583113191699354,0.032744107516298526
PIARA,PIALE,0.0643215890961342,0.3748345712531044,0.34093344875183546,0.19838287671446295,0.021527514184088145
PIARA,PIALE,0.07438854469009655,0.371762052652256,0.33478312314328545,0.19253296104458367,0.02653331846940643
PIARA,PIARA,0.17923621064006745,0.24516995473614117,0.25322412815249434,0.21612548094654982,0.1062442255244939
PIARA,PIALE,0.1793315832874401,0.258705566839503,0.257049889559153,0.19990840215350267,0.10500455816014251
PIARA,PIALE,0.15475980975439518,0.2991304582537411,0.2795356784857501,0.18850115476582466,0.07807289873998972
PIARA,PIALE,0.1451702494959243,0.29744733879508506,0.2844612931827611,0.20776155852210507,0.065159560003827
PIARA,PIALE,0.13670624804937953,0.3002317376941914,0.28947174651342933,0.21274761261605046,0.06084265512664904
PIARA,PIATE,0.20310164903326433,0.19159359566149553,0.2195905937971351,0.2311138701111022,0.15460029139677173
PIARA,PIALE,0.1794288216781699,0.2687148431715092,0.25932438530685303,0.18731147693721578,0.10522047290598334
PIARA,PIALE,0.17364366826913163,0.28187740886633567,0.2653969205169489,0.1807390543929655,0.09834294795433629
PIARA,PIARA,0.19252711667885716,0.2322803805654008,0.24170399830978997,0.2031954039163949,0.1302931005293155
PIARA,PIARA,0.18165607528352917,0.242314800191981,0.251153128414205,0.21403752027653716,0.11083847583349642
PIARA,PIALE,0.15792304082855332,0.27801802893376737,0.27326875218488195,0.2137855279028108,0.07700465014970848
PIARA,PIALE,0.17342391136392155,0.2920588127410614,0.26751927047045904,0.16956089444142736,0.09743711098283843
PIARA,PIALE,0.17549249808212894,0.2909757504783646,0.2661855091794174,0.16806661653578905,0.0992796257240091
PIARA,PIARA,0.19167270814032403,0.24300776404205263,0.24569427097190322,0.19690953890149407,0.1227157179439803
PIARA,PIALE,0.11409882858277236,0.3106610508008069,0.3020403064785125,0.23134906602873764,0.041850748108859984
PIARA,PIALE,0.13800739181761554,0.3020975784681892,0.28891050885038916,0.21171785181879604,0.05926666904470787
PIARA,PIARA,0.06346040083424252,0.32241227057394695,0.3274900325734274,0.26960812385129573,0.01702917216675993
PIARA,PIALE,0.12143261083556246,0.30151711336230885,0.2966169859259438,0.2332225950759178,0.04721069479996554
PIARA,PIARA,0.09829457874570391,0.302126702274608,0.30705611174814623,0.25864905042864705,0.03387355680258777
PIARA,PIARA,0.19365975845482725,0.2079124756947582,0.2317054370383877,0.23036840942491865,0.1363539193868765
PIARA,PIALE,0.13158496025442137,0.3266304099329488,0.29661697561295897,0.18469454444308345,0.0604731097562608
PIARA,PIALE,0.15276107056865484,0.310478070318726,0.28214395478601717,0.1780837286484584,0.07653317567783306
PIARA,PIALE,0.15388446471783773,0.3041799138852771,0.28064524181530204,0.18275804710207327,0.07853233247920545
PIARA,PIALE,0.08422485185380502,0.35718685749782114,0.3270236519579874,0.2013078946840765,0.03025674400595284
PIARA,PIALE,0.12017911987417973,0.3345280478255575,0.3041236664853442,0.18937704457347654,0.05179212124110743
PIARA,PIALE,0.1403597788232891,0.31673328998295347,0.29028407649510884,0.18492487986153228,0.0676979748367994
PIARA,PIALE,0.12975508855160803,0.32614625278676906,0.2975399664902113,0.18965733717067737,0.056901355000408035
PIARA,PIALE,0.1311763238850849,0.31914014976384364,0.2956429281772584,0.19808380371324463,0.055956794460249315
PIARA,PIARA,0.1884244973745817,0.22665784537192177,0.24195618932900884,0.22255775824261004,0.12040370968163569
PIARA,PIALE,0.11300743614132135,0.3264775626139508,0.30640263598575035,0.21037264199380465,0.0437397232648464
PIARA,PIATE,0.12628794947097038,0.23682057989182723,0.2658317784291903,0.3389600131649027,0.03209967904277037
PIARA,PIATE,0.18699598041119736,0.19152535545394778,0.224635300572591,0.3402991171526311,0.056544246409292405
PIARA,PIALE,0.20828385436705213,0.23281504115492363,0.23056539538430462,0.1697879573909292,0.1585477517025575
PIARA,PIATE,0.16812028711115293,0.1158470919898509,0.16762450893795827,0.5172784839291217,0.031129628031398873
PIARA,PIATE,0.17963097607259362,0.16370982041227455,0.2071597312892905,0.403551566661863,0.045947905563574684
PIARA,PIATE,0.13452264258826802,0.08420280644575405,0.13693876577287542,0.6279102073406378,0.016425577851836747
PIARA,PIATE,0.19794245957983173,0.08417981300340183,0.132070917043022,0.5512067377001733,0.03460007267301991
PIARA,PIATE,0.1730843433438406,0.08330769670481027,0.1328978886422327,0.5844144440242287,0.026295627284303246
PIARA,PIATE,0.160504858544436,0.0868846028087785,0.13737069912282,0.5929720904833491,0.022267749040023533
PIARA,PIARA,0.1989435763648341,0.23962056021415845,0.24284453863591215,0.21477125903580954,0.10382006574904293
PIARA,PIATE,0.1624978711965447,0.24631414151231962,0.25992200345170974,0.2799700417503069,0.05129594208883898
PIARA,PIARA,0.17187532919856174,0.25284427917285485,0.25905966915504186,0.24965963158412938,0.0665610908891531
PIARA,PIARA,0.20126603942255097,0.2322105531366827,0.23982759895999478,0.22798157822844226,0.09871423025208953
PIARA,PIATE,0.21964875811977483,0.20768716042219532,0.22317315644520777,0.22818226357894875,0.12130866143364512
PIARA,PIATE,0.19202172825349237,0.2346155969512463,0.2451869913681816,0.24879225294623772,0.07938343048059326
PIARA,PIATE,0.14130991490986536,0.20338739440627981,0.2412645957472524,0.3820097415490282,0.03202835338719237
PIARA,PIARA,0.18409276149713402,0.24562636521105152,0.25235116738204394,0.24482555130598224,0.07310415460353586
PIARA,PIATE,0.16295168766155296,0.24365741691541687,0.258575116835742,0.28430958161506215,0.050506196971941746
PIARA,PIALE,0.200080658611356,0.24838201108179686,0.2367311500789275,0.15329998438853393,0.16150619583913725
PIARA,PIARA,0.22057294060125093,0.21184216476282247,0.22136770551262316,0.19844441172682611,0.147772777396256
PIARA,PIALE,0.18226739147584495,0.2781633377816304,0.25866474363204406,0.16758472044666958,0.11331980666353283
PIARA,PIALE,0.17931131165513864,0.2822225007394982,0.24310457707901717,0.107900941975435,0.18746066855062873
PIARA,PIALE,0.18565474875409596,0.270248660429104,0.23851308510312583,0.11312054591519104,0.192462959798213
PIARA,PIALE,0.1967100743229106,0.2355714112066813,0.2193874563960839,0.11820312846811618,0.2301279296059724
PIARA,PIALE,0.16813607022456334,0.2807168158863233,0.268816036788207,0.20026550176477917,0.08206557533584649
PIARA,PIALE,0.17963431532933777,0.2641962301625177,0.2590118856662709,0.20823868279852056,0.08891888604308884
PIARA,PIATE,0.1328733376262528,0.2609839607515305,0.27634910162948534,0.28769151975734636,0.0421020802350973
PIARA,PIARA,0.12663410566482775,0.2742634425391259,0.28393872369682444,0.2733715119649299,0.04179221613400813
PIARA,PIATE,0.1605866367223979,0.25140978342096276,0.26279456571470383,0.2662636863826593,0.05894532775901002
PIARA,PIATE,0.1438103615884767,0.25638827823623644,0.2706908355678173,0.282250206229873,0.046860318377314206
PIARA,PIATE,0.12646452512770137,0.26420091225708264,0.2787284069258949,0.296462129175179,0.0341440265138455
PIARA,PIATE,0.08098489714178757,0.27165317830382363,0.29716574665960654,0.33109745536086804,0.019098722533583128
PIARA,PIATE,0.09745002192860977,0.26764290251669304,0.28980706505813375,0.3203848892963232,0.02471512119991992
PIARA,PIARA,0.12457078227663967,0.2761547128035359,0.28504983344697865,0.2745650787856367,0.039659592686924
PIARA,PIATE,0.0824181587589046,0.2800436014146579,0.3012693425681642,0.31545756904716177,0.02081132821079596
PIARA,PIATE,0.08945563477892364,0.2833969083777377,0.30100925739507833,0.3026286423534238,0.02350955709453388
PIARA,PIATE,0.12809544932513206,0.2673708530650835,0.28030706882052825,0.28549646913053334,0.03873015965843735
PIARA,PIARA,0.16648099663916996,0.25800197276727177,0.2629967260353275,0.24586634656696382,0.06665395799100388
PIARA,PIALE,0.15119238698005433,0.3036502613762478,0.2819318242426448,0.18958720239907578,0.07363832500167362
PIARA,PIATE,0.13900659894911507,0.2591598180862683,0.2733616100011517,0.28329156320476834,0.045180409758413316
PIARA,PIALE,0.18647724291738782,0.2777258081038297,0.24809505436221552,0.13163762601399578,0.15606426860229347
PIARA,PIALE,0.20179019436487175,0.2370145163979077,0.2232159793993807,0.12792959163716716,0.21004971820043558
PIARA,PIALE,0.18400886840300756,0.28085538640440083,0.2559833263989487,0.1538903664703596,0.12526205232300233
PIARA,PIALE,0.16750128185315827,0.3027528072600741,0.2709528853044776,0.16006035392062312,0.09873267166136408
PIARA,PIATE,0.13821458147522847,0.24835382404828618,0.26783789509061556,0.30641312043649543,0.03918057894906776
PIARA,PIATE,0.1646356868160093,0.2464121908046169,0.25871695701656633,0.27464182697033723,0.05559333839219563
PIARA,PIATE,0.14739099190236446,0.24023713643099567,0.2609303160084035,0.31064300372892206,0.0407985519290036
PIARA,PIATE,0.09046650455656782,0.2582039397651208,0.286902857555074,0.3443313047658193,0.02009539335707371
PIARA,PIATE,0.1664195886046606,0.23600289394050414,0.25356093541010477,0.29263426400203035,0.0513823180424076
PIARA,PIATE,0.10439115432904747,0.26810919663073507,0.28773151871327746,0.3122291714288124,0.027538958897815463
PIARA,PIALE,0.002370577631539643,0.5628559700032294,0.3690460516115082,0.025797666927606953,0.039929733825552795
PIARA,PIALE,0.00016695194018303446,0.7466569586788586,0.23820827330003558,0.002445831440517668,0.012521984639658349
PIARA,PIALE,0.0012043226432090189,0.6241065881639839,0.3309187109847876,0.013126137793478503,0.03064424041391681
PIARA,PIALE,0.002137200687431354,0.5665207647066941,0.36610330674959785,0.023511487607128272,0.04172724024858195
PIARA,PIALE,0.003968876303644825,0.5115638900630178,0.39299885152009384,0.04165631252339401,0.04981206958933794
PIARA,PIALE,9.456679929436818e-05,0.7802424527857337,0.2090870325539847,0.0013956062138637602,0.009180341646343234
PIARA,PIALE,0.0011710352596451612,0.6290585762910863,0.32692715045892756,0.01232730402548444,0.030515933964227585
PIARA,PIALE,3.274049148073112e-05,0.8167904812607517,0.17692374347090947,0.0006559242385107224,0.005597110537530421
PIARA,PIALE,0.002906349429797434,0.5506505602268209,0.372178450661279,0.028395232485408664,0.04586940719614321
PIARA,PIALE,0.0030285937954143455,0.5510620186184431,0.3746582714290245,0.03023743644111486,0.041013679715452056
PIARA,PIALE,0.0054148318376378065,0.47575329113422965,0.40524381589278,0.057338296282904634,0.05624976485197209
PIARA,PIALE,0.005882306853925035,0.46193032951431806,0.4123700934905016,0.06570781128292993,0.054109458857863446
PIARA,PIALE,0.0010053227968299578,0.6315652312863882,0.33099075985829546,0.012838995568604924,0.0235996904892498
PIARA,PIALE,0.0004979533673406317,0.6798519093682833,0.2938766952031115,0.0067836421926372814,0.01898979986794734
PIARA,PIALE,0.00010421930620119545,0.7688466238445038,0.21981177280562067,0.0017020248467657893,0.009535359196139634
PIARA,PIALE,0.0008713456889399763,0.6424614385725225,0.3234892947730447,0.011554498125283674,0.021623422839566576
PIARA,PIALE,0.002654630291860826,0.5459103995451912,0.38175241612874183,0.0313735992251976,0.03830895480846257
PIARA,PIARA,0.02160715917396458,0.35210526480386894,0.38127289295662337,0.15384120450578392,0.09117347855937795
PIARA,PIALE,2.5960510928247778e-05,0.8269515848575316,0.167723569836572,0.0005273456184054095,0.004771539175735606
PIARA,PIALE,0.00022421996057871117,0.7284751576236265,0.2546602741511833,0.003331408883034651,0.013308939380848263
PIARA,PIARA,0.030313511518464474,0.2718298154056099,0.3622301722726573,0.26272567022443705,0.07290083057846891
PIARA,PIATE,0.057952651347773415,0.13807620757948483,0.24054710138093374,0.4893704963024046,0.074053543388914
PIARA,PIATE,0.03670878314330491,0.22748781924362424,0.33085978052854037,0.3335946587223371,0.07134895836185987
PIARA,PIARA,0.019204915532960505,0.33103716150595824,0.398310041782272,0.19663536465967343,0.05481251651873739
PIARA,PIALE,0.005078191575680795,0.5028965038748531,0.3976148397763257,0.04976169092337571,0.044648773849261796
PIARA,PIARA,0.016486821765768694,0.37079205456644376,0.40655588690964034,0.13931622336202956,0.06684901339571116
PIARA,PIATE,0.05942323406014003,0.09647323130700043,0.18773077065631985,0.608310903283621,0.04806186069231026
PIARA,PIATE,0.06037312383373285,0.1261563074052851,0.22707996139751793,0.5106166579740485,0.07577394938890487
PIARA,PIATE,0.07773492113593267,0.07978887372710546,0.15951966400947704,0.6280564304813598,0.05490011064549695
PIARA,PIARA,0.026839635049361876,0.29743379334612574,0.3756731323409777,0.20625657623234722,0.09379686303081164
PIARA,PIATE,0.07816887582544424,0.0842083813178438,0.1718089294783085,0.5615968161403883,0.10421699723745348
PIARA,PIARA,0.015622556736709913,0.35464872085805393,0.40322610929501473,0.1377824572253756,0.08872015588444271
PIARA,PIALE,0.003352683809991859,0.5087929420676112,0.39349870149906696,0.03784105929509329,0.05651461332772782
PIARA,PIALE,0.0049518709995524865,0.47949409707186536,0.4014718898026803,0.050094365991597424,0.06398777613382496
PIARA,PIALE,0.0003078226208205341,0.6924343930559959,0.2834161800008902,0.0050309188486108635,0.018810685472990106
PIARA,PIARA,0.026180782019049893,0.28230329898118767,0.37052854193774953,0.2162941059850499,0.10469327107659243
PIARA,PIARA,0.014610581008563798,0.3809729999217557,0.396137102385912,0.1135207134253392,0.09475860325803326
PIARA,PIARA,0.010411882842343638,0.39990214977046173,0.4132760676271558,0.10184482105660195,0.07456507870302341
PIARA,PIALE,0.0005360019101162434,0.67594950928761,0.29660471068690464,0.00726233495580423,0.019647443158888857
PIARA,PIALE,2.3530074740162672e-06,0.9002383842440231,0.09827478176633975,6.0601495112271444e-05,0.0014238794861504659
PIARA,PIALE,0.006304378874609638,0.4593929441811898,0.40494780583803947,0.061240291640430024,0.06811457946527157
PIARA,PIATE,0.09271813400883822,0.06970752773433372,0.14672409924339636,0.5930397904716941,0.0978104485411446
PIARA,PIATE,0.04542067085651767,0.19154131198592433,0.3001426766187804,0.33479443655957475,0.12810090397886797
PIARA,PIALE,0.00020171817187338354,0.7433570406885049,0.24254440535069632,0.0029861468171844046,0.010910688970997558
PIARA,PIALE,0.008076238973366666,0.42060840472553584,0.41371751686450003,0.08363149528968868,0.07396634414648799
PIARA,PIALE,0.0035569906623846427,0.5183550070503616,0.38930752519931205,0.03751300232375574,0.051267474763667574
PIARA,PIARA,0.03852431786355479,0.21471654362746243,0.3220847079025391,0.296133938152418,0.12854049245370353
PIARA,PIATE,0.04527362472679542,0.17837459230097813,0.2902497196512928,0.355758453342649,0.13034360997792888
PIARA,PIATE,0.07309234525198095,0.110793604982814,0.20801168008658924,0.47866763183343264,0.12943473784470455
PIARA,PIARA,0.009349002083585084,0.40795183292263254,0.40937483945585695,0.08878463688158746,0.08453968865592858
PIARA,PIALE,4.605039408094384e-05,0.8250634112776282,0.1699634789448681,0.0005779140501681906,0.004349145332429456
PIARA,PIALE,0.0002643319540748205,0.7291484709348228,0.2559707783906365,0.0031913208030433125,0.01142509791669319
PIARA,PIALE,0.00038257899523850793,0.7081375519904699,0.27375847245489154,0.004351887849896803,0.013369508708795006
PIARA,PIALE,0.0013604369179155509,0.6060539246898413,0.3511383136375001,0.01552895821433557,0.02591836653980136
PIARA,PIATE,0.07252591521062594,0.08954191212466081,0.18183513520540115,0.5464736263277956,0.10962341113097003
PIARA,PIALE,0.0017180530888706684,0.5828480431068845,0.367202555778555,0.020094882530301304,0.028136465494805526
PIARA,PIALE,0.0001786992110672523,0.7533967170879419,0.2353002012239442,0.0022237621123493497,0.008900620363943807
PIARA,PIALE,9.327207841608577e-05,0.7853614003653673,0.2070230813039095,0.001291814816713394,0.006230431434808218
PIARA,PIALE,2.0866006469608615e-05,0.8521868565436475,0.14444536345271478,0.0003036782447607003,0.0030432357515553536
PIARA,PIALE,0.00022630205611264744,0.7388692101910223,0.24615315753501413,0.0026470237737413935,0.012104306443370542
PIARA,PIALE,2.788698976628461e-05,0.8455519357599617,0.15062793376374153,0.0003592316255996296,0.0034330118600851586
PIARA,PIALE,4.868391419374379e-05,0.8192095403551438,0.17595914138962085,0.0006682057319090216,0.004114428608313287
PIARA,PIALE,1.2436435677129489e-05,0.872310229439892,0.1254783902563879,0.00017927306978935445,0.002019670797381155
PIARA,PIALE,5.3649410976099946e-06,0.8947024917893972,0.10380046653930913,8.652158455444559e-05,0.0014051551447468351
PIARA,PIALE,1.275669456126853e-06,0.9266712030993621,0.07268051014745647,2.3569759665621472e-05,0.0006234413231329429
PIARA,PIALE,5.973620857640008e-06,0.8921389103771404,0.10638164239781141,9.651639134682462e-05,0.0013769572119514827
PIARA,PIALE,0.00013418567619083235,0.7656797935643339,0.2248443876154376,0.0018413819877189067,0.00750025115555317
PIARA,PIALE,0.00011859818691642627,0.7706445507225964,0.220130787456833,0.0016574095870991409,0.007448654045784282
PIARA,PIALE,6.412341787564981e-05,0.8037253393160403,0.19031113724993362,0.0009136175179365533,0.00498578249741017
PIARA,PIALE,5.4920517882177046e-05,0.8131337603161246,0.18122399527796607,0.0007433485346268626,0.0048439753525870545
PIARA,PIALE,0.0013391789956518113,0.5943441331222569,0.3635495367751321,0.018447396468754335,0.022319754637610628
PIARA,PIALE,0.00031781959649069354,0.7080315531542967,0.2774715978290288,0.0047047287207553036,0.009474300698720442
PIARA,PIALE,0.00287515675802323,0.5307248673031797,0.3996547212359339,0.03613013358780151,0.030615121114530987
PIARA,PIALE,0.00420013158742995,0.4719171358116733,0.42941896266455465,0.06808983784803214,0.026373932087837892
PIARA,PIALE,0.0028275220858384334,0.5016402716915312,0.4228793349617465,0.05318108098145806,0.019471790278924095
PIARA,PIARA,0.006819592589947196,0.4243815282829608,0.43293488016370546,0.09825965448992206,0.037604344473031466
PIARA,PIALE,0.004124228906300355,0.49587777626335544,0.4111834742707711,0.04872323859298691,0.04009128196609041
PIARA,PIALE,0.0015593178219773139,0.5856391323599611,0.3671167565920043,0.019712040797555692,0.025972752427915732
PIARA,PIALE,0.0022708305011614476,0.5497516427181848,0.390824370517479,0.030089101208777898,0.02706405505384703
PIARA,PIALE,0.0014924379086508472,0.5860734403905835,0.3671206366249157,0.019508726243932104,0.02580475883133183
PIARA,PIALE,0.0005631624715726499,0.6763403209923285,0.2997699230167538,0.0068501288350261555,0.0164764646836425
PIARA,PIALE,0.00019834325270338298,0.7479928897434677,0.23984364749325818,0.002447812448382053,0.009517307061440723
PIARA,PIALE,0.00020946328781045235,0.7461968203316278,0.24092096572132501,0.002476796744271876,0.010195953914218488
PIARA,PIALE,0.00019802763663772448,0.7476912869387382,0.2408777091740339,0.0024952358613907623,0.008737740388451726
PIARA,PIALE,0.0001337709733038082,0.7656637961997268,0.22435989320118638,0.0017936933605333892,0.008048846264483722
PIARA,PIALE,0.0012914289613163966,0.6023215917689261,0.3569134247683509,0.016712745443538908,0.02276080905726519
PIARA,PIALE,0.008427684424665577,0.426493623742913,0.4193671153990429,0.08320964167587763,0.06250193475707425
PIARA,PIALE,0.0020523750597591685,0.568013358817193,0.37477193332917985,0.02332583942213744,0.031836493371162504
PIARA,PIALE,0.00014150995255090808,0.7650892206418902,0.2246303112237604,0.0018048766082026477,0.008334081572830594
PIARA,PIALE,0.0001692945600095745,0.7565524311572379,0.23168909393884926,0.00204753370655752,0.009541646636589053
PIARA,PIALE,7.468190829818032e-07,0.9387503193075831,0.0607860891286288,1.2467193127573122e-05,0.00045037755063878746
PIARA,PIALE,1.544962645430905e-06,0.9256486788490705,0.07363537559086697,2.4757504278316025e-05,0.0006896430922131509
PIARA,PIALE,3.013961378873734e-06,0.9110425568956191,0.08797517797061426,4.804795379845765e-05,0.0009312032176782939
PIARA,PIALE,6.039752944631445e-06,0.891752871071416,0.10662850287540439,9.576334683000864e-05,0.001516822952513344
PIARA,PIALE,1.0504797965934306e-05,0.8760547421283769,0.12206888338325828,0.0001647026001565858,0.001701167089366321
PIARA,PIALE,1.0674016702649592e-05,0.8765219799805921,0.12141208569655533,0.00015847643805178463,0.0018967838672215413
PIARA,PIALE,1.808959690783612e-05,0.8528248884924546,0.14429680691065136,0.00029766225753585774,0.0025625527415974606
PIARA,PIALE,3.2256527188787383e-06,0.906607005492704,0.09214705793990398,5.370835446360974e-05,0.0011890025593027616
PIARA,PIALE,2.504632886676973e-06,0.9123587802547832,0.08679335057057555,4.584911330471783e-05,0.0007995154275374284
PIARA,PIALE,7.812025157785646e-06,0.8844793444916152,0.11374081093033722,0.00012271501206346868,0.0016493175399417196
PIARA,PIALE,0.007365624767859527,0.45358571076490206,0.408622051215069,0.06628435918706597,0.06414225406464973
PIARA,PIALE,0.0077360082313102235,0.4394261818397926,0.4177284351659849,0.07472951291701826,0.06037986184545455
PIARA,PIALE,0.004525062648618097,0.4976987916888209,0.40131038223428916,0.04431442380587645,0.05215133962189748
PIARA,PIALE,0.007298274841170252,0.4496227637175602,0.40876232877650337,0.0670973594630174,0.06721927320129922
PIARA,PIARA,0.02253973329393157,0.30180692430525713,0.3844207911612934,0.1923088214218432,0.09892372981729025
PIARA,PIALE,0.0011990420280253657,0.6152986614537329,0.34212639511904375,0.013307802229253889,0.028068099169328845
PIARA,PIALE,0.006029771189090514,0.4658196740290154,0.41058501826841287,0.0584700251190268,0.05909551139398871
PIARA,PIALE,0.0036055770142650826,0.5204536357352256,0.3926159832385114,0.035776526473735526,0.04754827753774199
PIARA,PIALE,0.0016312044253016975,0.5930406877821447,0.3572183013139577,0.0176588733216008,0.03045093315640211
PIARA,PIARA,0.01827179814280533,0.3347781166893899,0.3989846988969562,0.1586340850612905,0.08933130120915903
PIARA,PIALE,0.0016853924819886074,0.5918915877041391,0.35670770937379975,0.018559907760097662,0.031155402679382976
PIARA,PIALE,0.0007753832317442804,0.6466562536572732,0.32200881430277767,0.009856527920085944,0.020703020887472237
PIARA,PIALE,0.0013843088261235622,0.5989033861291337,0.3561685866345447,0.01749543455467083,0.02604828385492812
PIARA,PIALE,0.0017318581357426987,0.5878420293707219,0.36082618102188013,0.019703570844066126,0.029896360627001132
PIARA,PIALE,0.005819510930652041,0.4706259067540842,0.41062831227767127,0.06087779790176433,0.05204847213535746
PIARA,PIALE,0.000538077197505833,0.6727404369377096,0.3016084262165869,0.006922469795911884,0.018190589851612968
PIARA,PIARA,0.026520881167940703,0.27328063894228194,0.36870583020846265,0.23623010796178748,0.09526254171915852
PIARA,PIALE,0.001581347228930897,0.594860720478289,0.3534704651614199,0.01743407916259931,0.03265338796816615
PIARA,PIALE,0.0008388338693753293,0.6440945059450963,0.3249597874070702,0.010634114906869182,0.01947275787094473
PIARA,PIALE,0.0021002281278538273,0.5620973999626843,0.3775789962054517,0.025327418688367312,0.032895957015080766
PIARA,PIALE,0.0028762789939106885,0.541027963941228,0.3879610946993438,0.031202265700522546,0.03693239666445385
PIARA,PIALE,0.0013188588435647179,0.6066140623386339,0.35075440433971056,0.015524081974145926,0.025788592503338186
PIARA,PIALE,0.002020858587879623,0.5649067336822028,0.37466327020025053,0.022871046071250716,0.035538091457851265
PIARA,PIALE,0.002816508474779775,0.5417514300847354,0.38719181091902666,0.03104498146388415,0.03719526905703225
PIARA,PIALE,0.0008614350875544161,0.6368564032709224,0.3312759574274665,0.011257093877713877,0.019749110335705842
PIARA,PIALE,0.0008579380664675976,0.6372879899136342,0.33080389635325025,0.011146520188927412,0.019903655477083226
PIARA,PIALE,0.0009722901640275408,0.6238790061186852,0.3400155204347145,0.012542817512869002,0.02259036576907979
PIARA,PIALE,0.0019700992476197887,0.5664218067262581,0.3768406592190202,0.023832784581180117,0.03093465022535527
PIARA,PIALE,0.004148643343051794,0.5038318098871344,0.40581922476779636,0.04867338347152007,0.03752693852999348
PIARA,PIALE,0.0062058484879086405,0.45615929594748483,0.41955658638396015,0.06946398216582907,0.04861428701436105
PIARA,PIALE,5.8002221155177374e-05,0.8113055414316945,0.18216914840726395,0.0007470385258225672,0.005720269413252408
PIARA,PIALE,2.2440911506379434e-06,0.9168007436773675,0.08224638489806972,3.678575790062579e-05,0.0009138415745944923
PIARA,PIALE,6.272368407590004e-05,0.8069432780615713,0.18623417107353732,0.0008145293782392054,0.005945297801769349
PIARA,PIALE,1.0938438829497135e-05,0.8738555640210053,0.12371655998774843,0.00016548785476943402,0.0022514496967735173
PIARA,PIALE,0.0036384724360991345,0.5204328089167669,0.39196260386288956,0.033876493108086415,0.05008962167563746
PIARA,PIALE,0.00012587418169666913,0.7718722933109236,0.21787331709845256,0.0015767816328350834,0.008551733775320156
PIARA,PIALE,0.0002205364074337035,0.7374734140744948,0.24777231004283018,0.0027172011379213937,0.011816538336582093
PIARA,PIALE,0.0012752877198492294,0.611997321078786,0.3439244185549354,0.01376964879418335,0.029033323851633996
PIARA,PIALE,1.155951514135327e-05,0.8760283539586297,0.12168711005980119,0.00015932730833676813,0.002113649157215011
PIARA,PIALE,0.00038098083296470036,0.7081256107193346,0.27243848215445726,0.00419253832653935,0.014862387965995991
PIARA,PIATE,0.055990119336408274,0.1272499901766287,0.23440825904268095,0.48442687524399286,0.09792475619980491
PIARA,PIALE,0.002906638161062779,0.5399683002224728,0.38577798543133607,0.03061127277020034,0.040735803414388
PIARA,PIATE,0.049401654330779636,0.15231380377846993,0.2640549542346592,0.44016093022032254,0.09406865743532856
PIARA,PIARA,0.03349120982441015,0.22990593833690298,0.3391317947697467,0.2805051099177941,0.11696594715080685
PIARA,PIALE,0.0005813268664469813,0.6747487481254385,0.29836864991753387,0.006523380161539142,0.019777894928366815
PIARA,PIALE,0.004158111829522658,0.5006675164822991,0.405627578455759,0.04497813670269377,0.044568656529224704
PIARA,PIALE,0.0014935028144370916,0.6014203707023882,0.34808258516881985,0.01564329394849589,0.033360247365257494
PIARA,PIALE,0.00013363044290564186,0.7677303713725498,0.22121582820341917,0.0016879169795061015,0.00923225300085156
PIARA,PIALE,0.0010541282913879,0.6290669947223065,0.33290541139587215,0.01162937307171388,0.025344092518090413
PIARA,PIALE,8.900779121040538e-05,0.7857259797593097,0.20586079430178345,0.0012510718984099138,0.007073146248500892
PIARA,PIALE,0.001563633750338664,0.5390939326078339,0.40888397869102866,0.03815402060873943,0.012304434341520178
PIARA,PIARA,0.015390654178795623,0.29434644226889356,0.395889348757844,0.25701635362742503,0.037357201166645794
PIARA,PIARA,0.009600268474658578,0.3327875340480071,0.4207909466074986,0.21303643403387493,0.02378481683553985
PIARA,PIARA,0.0065495002372889305,0.3922862624027132,0.43858185162381924,0.14025670487366645,0.022325680862073587
PIARA,PIARA,0.009924753111870984,0.2993673122265813,0.40608442713413373,0.26560913533145836,0.019014372195549543
PIARA,PIARA,0.009710528091135514,0.3229915170958899,0.41717600370677665,0.22777756132466623,0.02234438978111441
PIARA,PIARA,0.0073510795661104866,0.3902751770994432,0.4357226800816453,0.14122141104171798,0.025429652210647226
PIARA,PIARA,0.011364798118652583,0.34481431502411364,0.42017233614206034,0.18977684359847727,0.03387170711627592
PIARA,PIARA,0.008744189333997414,0.34107511773934895,0.42500360118305675,0.20325154644723306,0.02192554529593865
PIARA,PIARA,0.007334923211553603,0.334114062667647,0.4258859435861804,0.21631371471956246,0.01635135581463071
PIARA,PIALE,0.00032996880188650596,0.6934722196213913,0.28974025798294456,0.005551206736759069,0.010906346856324911
PIARA,PIALE,0.001953691218108624,0.5378271372098947,0.40578979524121855,0.03916789450990946,0.015261481820330767
PIARA,PIALE,0.000847417876742522,0.630158329640712,0.3413284005099095,0.013404456508760317,0.014261395463245492
PIARA,PIALE,0.00030547513398168505,0.7079541430652847,0.2769459312645798,0.004646406617394573,0.010148043918051148
PIARA,PIALE,0.0013444288701370058,0.587642320734865,0.37216030156688595,0.022253672215489666,0.016599276612034537
PIARA,PIARA,0.010708626838865963,0.3675975628831507,0.4239011820514392,0.15862083336513422,0.03917179486098608
PIARA,PIALE,0.0002082759915689308,0.7232570154109113,0.26636160758386734,0.003954033357926871,0.006219067655002114
PIARA,PIALE,0.0025913519298282075,0.5077169023328162,0.4197270396749045,0.052307251418213456,0.017657454643729996
PIARA,PIALE,0.0007738128745077132,0.619412199145546,0.3534688670367941,0.016102232169588056,0.010242888772944483
PIARA,PIALE,0.0020288855307082384,0.5231288837814735,0.41402949396685745,0.046741147996467745,0.014071588723970034
PIARA,PIARA,0.014360029420215638,0.2557760401977505,0.3752365948593485,0.3290574240124231,0.02556991150988689
PIARA,PIALE,0.004927735602645434,0.45519794674982134,0.43214644025685045,0.08011842767190368,0.027609449718323954
PIARA,PIARA,0.013755341008948532,0.3426469325946884,0.41380818833039285,0.18140463573875573,0.04838490232680056
PIARA,PIARA,0.007300656340029442,0.42419506576371696,0.42723273887142105,0.09346973478705665,0.04780180423734845
PIARA,PIALE,0.006717607408623729,0.4514831453997101,0.41735792701021035,0.06886029121415015,0.05558102896685408
PIARA,PIALE,0.004554713731943851,0.4844749371550715,0.4168411590338792,0.05676063748952979,0.03736855258909129
PIARA,PIALE,0.002493118717845548,0.5390287749471242,0.3976958018575619,0.03542279060536372,0.025359513871565632
PIARA,PIALE,0.001651661780564373,0.5854535890780502,0.366873986916663,0.020602809315450017,0.02541795290868692
PIARA,PIALE,0.002841076137639476,0.5334331275225339,0.3955885200140315,0.03510933871094143,0.03302793761432025
PIARA,PIALE,0.004650696454274222,0.46281081719855266,0.42997795118215826,0.07349789040553503,0.029062644759016907
PIARA,PIALE,3.740719885262418e-05,0.8311976617015152,0.16535277801966325,0.0005381881865169824,0.0028739648926207986
PIARA,PIALE,0.0002743047391162869,0.7174015672899451,0.2704431989484398,0.0042228342948070355,0.007658094726974324
PIARA,PIALE,0.00011862445933080807,0.772303823801225,0.22006293907141136,0.0017076620640851833,0.005806950603175315
PIARA,PIALE,6.411848244503246e-05,0.801673985104936,0.19280079127057817,0.0009702403653751512,0.004490864775863801
PIARA,PIALE,0.00030235545349926096,0.7133743994239046,0.27238376261043074,0.004342572930492591,0.009596909580959339
PIARA,PIALE,0.0012899628948705264,0.614996959753476,0.3460142872128942,0.014787151498136298,0.02291163864000797
PIARA,PIALE,0.0006175962591829529,0.6723671585203983,0.30513765183004793,0.0074508196857196885,0.014426773703978647
PIARA,PIALE,0.00012779891972245535,0.7718996340851538,0.22027260882640753,0.0017254039856476626,0.005974554182296382
PIARA,PIALE,0.00038921029938710156,0.7009192717430898,0.2829908229243644,0.005178717681056498,0.010521977351401302
PIARA,PIALE,0.00025533648571320533,0.7326745980375581,0.25349843363680236,0.0030982065857856826,0.010473425253408069
PIARA,PIARA,0.008790524246242536,0.4067484476068618,0.4272672305897234,0.10560399768958109,0.051589799867163944
PIARA,PIALE,0.0014484793023689776,0.5986586456479466,0.3574486865626456,0.017323989920935128,0.02512019856550495
PIARA,PIALE,0.0017842482090210422,0.5825190005723518,0.3676455497825259,0.020918617242687957,0.027132584192830635
PIARA,PIALE,0.001958578000173964,0.5776957309926137,0.3671757641269456,0.021709495567536263,0.0314604313121527
PIARA,PIARA,0.01059741886863505,0.3921648992715057,0.42310455618044995,0.11933426711722135,0.05479885856176476
PIARA,PIATE,0.04759652117683291,0.12472776894498629,0.2320526091170119,0.5332216467368173,0.062401454023818394
PIARA,PIARA,0.01704081609290113,0.33000497840762455,0.4036965930662172,0.1784286378995939,0.07082897453325955
PIARA,PIALE,0.0069595602902146015,0.4452032404158266,0.42118086043800307,0.07604565510854391,0.05061068374696671
PIARA,PIALE,0.0009331787370244034,0.6337103561209432,0.33165109462139203,0.011250887583941207,0.022454482936065414
PIARA,PIALE,0.006828202602847448,0.44730126779724677,0.42124099435873136,0.07569424987424071,0.04893528536648619
PIARA,PIALE,7.239356710516624e-06,0.89125313805846,0.10713322841363045,9.925905297610775e-05,0.0015071351173318182
PIARA,PIALE,7.5872770359747376e-06,0.8906079062500555,0.10754067420927954,9.888618544613947e-05,0.0017449460772920743
PIARA,PIALE,1.9101001186592054e-06,0.9214413892993797,0.07781749641307917,3.0763048664474424e-05,0.0007084411378364207
PIARA,PIALE,1.0814913815700654e-06,0.9361868484101923,0.06330174062646891,1.4288585641059511e-05,0.0004960408853798848
PIARA,PIALE,4.480522459355181e-06,0.9073358350498978,0.0913680655355979,5.368060644409918e-05,0.0012379382846933037
PIARA,PIALE,2.0926904919647437e-05,0.859601461066836,0.13718348521262297,0.00024765078526732006,0.0029464760294943327
PIARA,PIALE,4.080694599334854e-06,0.9040778119490489,0.09448808531448244,6.0248484366390045e-05,0.0013697735565987783
PIARA,PIALE,5.312424543571174e-06,0.8972839667915612,0.10107699835711849,7.714759342569647e-05,0.0015565748324538721
PIARA,PIALE,0.00021937600155024587,0.7493411847454569,0.23651948876216686,0.002224907124808052,0.011695043365268613
PIARA,PIALE,4.305265695494052e-06,0.9085666731985694,0.09023384098902187,5.1094248546368575e-05,0.001144086297258072
PIARA,PIALE,4.350788796959906e-08,0.9723787475255544,0.027564381357012415,7.948146002836164e-07,5.6032793972637705e-05
PIARA,PIALE,1.0441839585118548e-07,0.9661790975909158,0.03367018732365361,1.500972273274238e-06,0.00014910969379520762
PIARA,PIALE,4.33742613781767e-07,0.9489291939966376,0.05081423562651302,6.809106163232863e-06,0.00024932752712330874
PIARA,PIALE,1.3523230337308735e-07,0.964020211851538,0.0358073538173105,1.8617599407714965e-06,0.00017043733794334335
PIARA,PIALE,4.675100520304797e-07,0.9487855577634114,0.05094336511126089,6.864934332262568e-06,0.00026374467999432203
PIARA,PIALE,3.1537498015144977e-06,0.9162995000034411,0.08272549528306758,3.757038464231646e-05,0.0009342805781309905
PIARA,PIALE,1.3646326370926896e-07,0.9624847680446391,0.037395648047893616,2.3210317188611326e-06,0.00011712641152231079
PIARA,PIALE,6.054900296087469e-07,0.9444296243552179,0.055207989891136386,9.023139137484264e-06,0.0003527571235340773
PIARA,PIALE,4.849126152513383e-07,0.9472785794673249,0.052468190716961044,7.6613732145763e-06,0.0002450835289368655
PIARA,PIALE,3.837515175222238e-07,0.9509952460821021,0.04874209171130555,5.851074010330548e-06,0.00025642738011348045
PIARA,PIALE,8.607992009533728e-06,0.8844101946208726,0.1136408729910858,0.00012284358053854337,0.0018174808146090551
PIARA,PIALE,1.1966682960013813e-05,0.8726946230141946,0.12480849812464338,0.00017395488187332207,0.002310957295455993
PIARA,PIALE,7.1823803898479816e-06,0.8883392888499126,0.10985713467800816,0.00010820261625547084,0.0016881914745454176
PIARA,PIALE,2.4468570175512512e-06,0.9146914502639752,0.08431580461845321,4.034468126576883e-05,0.0009499535783734168
PIARA,PIALE,2.8972194653107624e-05,0.8424508541782448,0.15352755651027403,0.00038870594543211724,0.003603911170553242
PIARA,PIALE,2.5459213334449913e-05,0.8499776115595515,0.14633797412876473,0.00032144215113829135,0.003337512946360781
PIARA,PIALE,0.000121619637476371,0.7750829597712869,0.21467177194683817,0.0014849483834409314,0.008638700260182347
PIARA,PIALE,3.792541501114539e-05,0.8315941994438378,0.16361667235232527,0.000493306080211544,0.004257896707782736
PIARA,PIALE,1.030584371366761e-05,0.872897486577642,0.12493252240244432,0.0001729327767689198,0.001986752398557953
PIARA,PIALE,2.909936128872281e-05,0.8420487614563084,0.15391779543369644,0.00039156669012361574,0.0036127770577408327
PIARA,PIALE,5.183393991712972e-08,0.9718481698635255,0.028060739032756844,8.087063664612396e-07,9.023056243930911e-05
PIARA,PIALE,1.8471601499987727e-08,0.978468808557764,0.021486426176261796,3.243464375932822e-07,4.442244695670341e-05
PIARA,PIALE,1.753425897122009e-06,0.9263751714967573,0.07307440616886418,2.508375317031543e-05,0.0005235851543846574
PIARA,PIALE,6.450588289655809e-07,0.9427292810749006,0.056960517689478365,1.0386311860960858e-05,0.00029916986398821496
PIARA,PIALE,4.502761791483887e-06,0.9047986808520151,0.09418406849126737,6.295097266242376e-05,0.0009497969213586564
PIARA,PIALE,6.981053657215653e-07,0.9404891728706958,0.05916359513266563,1.1811713067382336e-05,0.00033472217726471297
PIARA,PIALE,4.824867522489727e-07,0.9440644738238749,0.055562208656262844,8.975198692828017e-06,0.00036385983347306407
PIARA,PIALE,8.043013252766238e-07,0.9389956326791744,0.060602079829008136,1.276527836551445e-05,0.00038871791118759127
PIARA,PIALE,1.0493353449869015e-06,0.9356100355468265,0.06392901546721196,1.5302148328309217e-05,0.00044459750135257244
PIARA,PIALE,4.416929852637513e-07,0.9486858395394349,0.05099402815554978,6.6706565623832385e-06,0.00031301995451890114
PIARA,PIALE,1.30856195555366e-05,0.8802924780687283,0.11752650443986971,0.00013542228118189475,0.00203250958978424
PIARA,PIALE,2.1341495162920727e-06,0.9241336404475019,0.07516919263319047,2.6972621839533362e-05,0.000668060147027382
PIARA,PIALE,4.516750722417094e-06,0.9077685041747593,0.09101842164401647,5.378103509439951e-05,0.0011547763944997006
PIARA,PIALE,3.0181703735544218e-06,0.917394353760955,0.08165228516128133,3.544568709993679e-05,0.0009148972193726509
PIARA,PIALE,1.4145355933504874e-06,0.9318524672238019,0.06753785781819652,1.8175030952204573e-05,0.0005900853905240701
PIARA,PIALE,8.556728873465824e-06,0.8891382475107529,0.10896009054548657,0.00010479745269793886,0.0017883077613000439
PIARA,PIALE,9.413850380482548e-07,0.9392966212602963,0.06023389847298371,1.2041526112527811e-05,0.0004564973546299412
PIARA,PIALE,3.043575051262844e-07,0.9548040378852516,0.04497040750567788,4.309953227159882e-06,0.00022094029738349932
PIARA,PIALE,1.1110301128614357e-06,0.936455246373332,0.0630082033065671,1.4066713877479268e-05,0.000521372575174213
PIARA,PIALE,1.286728751655092e-07,0.9642197638220621,0.035650139644097495,1.9255732120972047e-06,0.00012804228678895175
PIARA,PIALE,1.2744969528679674e-06,0.9315043858620269,0.0678107128403627,1.7787126042915242e-05,0.0006658396736830433
PIARA,PIALE,2.585286997487155e-07,0.9564784750241231,0.04326059247625367,3.585889115190247e-06,0.0002570880808519387
PIARA,PIALE,1.1012830026351797e-05,0.8815223846124018,0.1160143000574061,0.00012611397892161653,0.0023261885203626096
PIARA,PIALE,7.755375033850008e-07,0.9413666140984576,0.05811959145115137,1.0172673944231982e-05,0.0005028462380021086
PIARA,PIALE,1.3056058691413519e-05,0.876016808284235,0.12128070816552096,0.00014914434019341693,0.0025402831504831693
PIARA,PIALE,2.3141591189941036e-06,0.9219037438666633,0.07716046325289984,2.788713420613121e-05,0.0009055915861896105
PIARA,PIALE,9.556196046056946e-06,0.8842278592828654,0.1134653627310397,0.00011516523525774129,0.0021820565539068092
PIARA,PIALE,3.00725827385087e-06,0.9143077097308189,0.08453409771398546,3.9077030733884545e-05,0.0011161082652734694
PIARA,PIALE,8.241178655044004e-06,0.8884632608377423,0.10944471376845395,0.00010108494389525468,0.001982699270364744
PIARA,PIALE,3.8060029754342166e-06,0.9089837633086204,0.08967442635764576,4.8494338841461786e-05,0.0012895099910078525
PIARA,PIALE,0.00020916461101287245,0.7474758246360476,0.23807021555336264,0.002250213868651561,0.011994581330177785
PIARA,PIALE,0.00014996213966512347,0.7664151057429464,0.22199594674513826,0.0016624770921467146,0.009776508279336963
PIARA,PIALE,0.00030391998719219994,0.722599135214894,0.25961952866048366,0.003311746010528602,0.014165670126178897
PIARA,PIALE,0.0005733872191878477,0.679602960068766,0.2933941531085977,0.005814203408057407,0.020615296194711384
PIARA,PIALE,0.0006434475426627724,0.6669954039951977,0.30337773248539407,0.006878239298049838,0.02210517667802836
PIARA,PIALE,0.0013063601471386395,0.6108103497260808,0.34129893135702905,0.013034427302947373,0.03354993146619334
PIARA,PIALE,0.005056627729087771,0.4803613024893935,0.40408431328322353,0.04636594185777313,0.0641318146400416
PIARA,PIALE,0.0015010073587351565,0.5993383412614759,0.3485494841911433,0.01469935781707389,0.0359118093709725
PIARA,PIALE,0.0030041178972206777,0.5353020897648639,0.38239212496715314,0.028517615139072566,0.050784052231154134
PIARA,PIALE,0.00024026815396233978,0.739182095752483,0.24526124665886803,0.002539081097728484,0.012777308336218979
PIARA,PIALE,7.147565052221657e-06,0.890456258729666,0.10775325141060538,9.744091439438248e-05,0.001685901379391317
PIARA,PIALE,1.451762641832116e-06,0.9279504732969559,0.07133712142950409,2.1563015736752826e-05,0.0006893904942332048
PIARA,PIALE,8.45046151702086e-07,0.9373938427437657,0.06209664861372889,1.3143561752974696e-05,0.000495520033663257
PIARA,PIALE,2.275207799067835e-06,0.9194894917481591,0.07961207095395022,3.2030634106847715e-05,0.0008641314550651234
PIARA,PIALE,5.107559610048262e-06,0.9001908786533482,0.09838280103744505,6.962094854321987e-05,0.0013515918001530084
PIARA,PIALE,2.9273964805302067e-06,0.9124203364598232,0.0864939824889661,4.321867228513722e-05,0.0010395349815326173
PIARA,PIALE,8.647916142424244e-07,0.937746402544666,0.061728672591636134,1.2831787394639319e-05,0.0005112282837510793
PIARA,PIALE,1.2885739640165036e-06,0.9296461987317106,0.06972660568030378,2.002650986977856e-05,0.0006058805032222557
PIARA,PIALE,3.6701375543247735e-06,0.9078742643356852,0.09087391646686928,5.1567206898744925e-05,0.0011965818520846658
PIARA,PIALE,3.828817187085271e-06,0.9070870167399201,0.09167347546731079,5.375949822910585e-05,0.0011819194764457115
PIARA,PIALE,3.640912234398542e-05,0.8321288097072709,0.16271890999032734,0.0004634212188285889,0.004652449960396927
PIARA,PIALE,5.628950202836052e-05,0.812618266100957,0.1806512465806165,0.0007061814119614694,0.005968016403624092
PIARA,PIALE,6.452128472530621e-05,0.8089625261511909,0.18392087658154183,0.0007566289600119028,0.006295447021720949
PIARA,PIALE,6.08105533325693e-06,0.8938352242469939,0.10441701330296707,8.570127842369949e-05,0.001655980115388042
PIARA,PIALE,0.0001317361395610266,0.77309223878039,0.2156553001660179,0.0014495641159710693,0.009671160797286677
PIARA,PIALE,0.00022850369441774194,0.742671717601713,0.24199597901818606,0.0023670790577105688,0.012736720627229903
PIARA,PIALE,9.184228757533118e-05,0.7894390134018058,0.2018496535278436,0.0011122592828654058,0.0075072314991201615
PIARA,PIALE,0.00013695657189790163,0.7639897757864531,0.22427473376764231,0.0017103955154785175,0.009888138357763856
PIARA,PIALE,0.0004920014532910167,0.6919944456400977,0.2852636215622912,0.00508372126655955,0.01716621007706829
PIARA,PIALE,0.00027307368685560156,0.7261737993666921,0.25635381534813745,0.003079932175277887,0.01411937942231089
PIARA,PIALE,3.52720266782301e-05,0.8342551988146923,0.16106823471549175,0.00045022492437355425,0.004191069517929666
PIARA,PIALE,6.725594673583342e-06,0.8939526464940852,0.1042751827091851,8.539498734373768e-05,0.0016800502138185824
PIARA,PIALE,2.5706509266417506e-06,0.9158543369319264,0.0830903262871402,3.7122335615883996e-05,0.0010156437934749983
PIARA,PIALE,2.399584368787872e-07,0.9550639397199623,0.04466773145423936,4.043348577637402e-06,0.0002640455178286534
PIARA,PIALE,2.4204688642559552e-06,0.9177787237138147,0.08119642767991618,3.40135257001198e-05,0.0009884146107868223
PIARA,PIALE,1.974266962982608e-06,0.9229730453448749,0.07612812339397994,2.6938182442581115e-05,0.0008699188108165683
PIARA,PIALE,7.964043476046516e-06,0.8904251159659571,0.10752090945344506,9.430219593187075e-05,0.0019517083402993797
PIARA,PIALE,2.0670781646841105e-06,0.9218685547416159,0.07720280334619863,2.8240665549583948e-05,0.0008983341675490558
PIARA,PIALE,8.031765400750035e-06,0.8884803608505314,0.10948930975180447,0.00010247295476632869,0.0019198246766084731
PIARA,PIALE,2.5957326013094863e-06,0.9176372487506406,0.08134130982602354,3.418960966718295e-05,0.0009846560801495335
PIARA,PIALE,0.003432636380462895,0.5346195772062428,0.3830532939208068,0.030757584738965938,0.04813690775298688
PIARA,PIARA,0.01191497142979346,0.39187432095028696,0.40807714758869784,0.09892580446779832,0.08920775556301522
PIARA,PIARA,0.018483979351551483,0.3425026238978125,0.3982582905643591,0.149270183140184,0.09148492304569461
PIARA,PIARA,0.012125690120327999,0.39670384193223124,0.40805387883150973,0.09927715485959085,0.08383943425593189
PIARA,PIARA,0.010461304056260905,0.39642864896976704,0.4111403078393386,0.09172171728857148,0.09024802184565077
PIARA,PIALE,0.004320353254826249,0.5076279075571111,0.3959396644982985,0.040322044488743304,0.05179003020051321
PIARA,PIALE,0.005024531046720931,0.4967464531862815,0.40039310454309285,0.04544671429755508,0.052389196925852796
PIARA,PIALE,0.008105548142634169,0.4373070599654169,0.41164117189857263,0.07181913203795583,0.07112708795498308
PIARA,PIALE,0.0003615035351984679,0.7139665281089942,0.2661241190070961,0.004012936559397916,0.015534912788599187
PIARA,PIALE,0.0005864603059347144,0.677976544686843,0.2945284717717314,0.006410806776579936,0.020497716458232926
PIARA,PIALE,6.880645674452248e-05,0.8132276917343159,0.17946876872617518,0.0007179054749663121,0.006516827606984944
PIARA,PIALE,1.4371530431353836e-05,0.8703559329203735,0.12664914112948342,0.00018270489202796086,0.0027978495268132916
PIARA,PIALE,1.4713153052784628e-05,0.8706509300530605,0.12631906315522842,0.00018255403423647151,0.002832739603551268
PIARA,PIALE,9.969832456706198e-05,0.7898746350425616,0.20130647194905854,0.0011862152095549329,0.007532979473467977
PIARA,PIALE,0.0002098554418480202,0.747603820389968,0.23815310918509797,0.0024358056045896545,0.011597409377748663
PIARA,PIALE,0.00029345843948371436,0.728780695813112,0.25411816332245113,0.0032298968289633757,0.013577785595260966
PIARA,PIALE,1.9384828697607175e-05,0.8614026316215453,0.13530296093351313,0.0002416187993348421,0.0030334038160474822
PIARA,PIALE,4.7707809279043196e-06,0.905411265278892,0.09317213665324134,5.86533550156701e-05,0.0013531739310176552
PIARA,PIALE,1.6534676573761718e-05,0.8668887077785032,0.12993100582505968,0.00020381882063309913,0.002959932898363319
PIARA,PIALE,1.368642518937982e-05,0.8722701078324817,0.12483008007798017,0.00017410837122288736,0.0027120172922534738
PIARA,PIALE,9.414630927470682e-06,0.8868451986184622,0.11111258223504662,0.00011505120348795844,0.0019177533111888157
PIARA,PIALE,5.071164055897808e-06,0.9027672663518352,0.09568348264942979,6.485576579601512e-05,0.0014793240679802796
PIARA,PIALE,7.505602038855347e-06,0.8925015611109467,0.10566583756636173,9.440301151683108e-05,0.001730692708243435
PIARA,PIALE,3.1313995744124135e-05,0.8457770090384633,0.14992194885595397,0.0003563652223640839,0.003913362886628605
PIARA,PIALE,4.2686395408890706e-05,0.8315837561813052,0.16297371389736665,0.0004905818636239623,0.004909261661463579
PIARA,PIALE,5.253125216688891e-05,0.8239162453156108,0.17021892945860842,0.0005920114535868504,0.005220282519203097
PIARA,PIALE,3.941174272513426e-06,0.9093387560703197,0.0893831422316931,5.1103248378124907e-05,0.0012230572744270482
PIARA,PIALE,9.133686215223298e-06,0.8871926722947588,0.11071154174520322,0.00011325656454015643,0.0019733957083953855
PIARA,PIALE,9.552369033345048e-06,0.8850972612531799,0.11279768222224142,0.00012318652928222673,0.0019723176253778406
PIARA,PIALE,3.0156046253392817e-06,0.9142328898850713,0.08465248253975571,4.194835758559185e-05,0.0010696636120478484
PIARA,PIALE,7.029286523740183e-06,0.8932616863317326,0.10505779647167394,9.547028524237184e-05,0.0015780176239340452
PIARA,PIALE,1.4539510168193865e-05,0.872617034835509,0.12472509078133533,0.00017931594278364568,0.0024640189293310883
PIARA,PIALE,2.1914961355920625e-05,0.8527521095380609,0.14371982214107298,0.00030878137863624974,0.00319737198002108
PIARA,PIALE,0.0052615977255224666,0.4925585518615887,0.3973833516456257,0.04677451909271112,0.058021979674059344
PIARA,PIALE,0.0003858207350675121,0.7072902187159033,0.2722228515489625,0.004365936603391547,0.015735172395967806
PIARA,PIALE,0.0024772302926544297,0.5658327099940795,0.36882506642542234,0.023327762283214894,0.039537231004062985
PIARA,PIALE,9.210136804419456e-05,0.7925815426477929,0.19920170054436184,0.0011213001727608915,0.007003355266247419
PIARA,PIALE,3.870721916542421e-05,0.8346394665547554,0.16070733766036271,0.0004792065791906297,0.004135281985691238
PIARA,PIALE,1.2562330423097948e-05,0.8761553408421974,0.12141605737666109,0.00016186181446393985,0.002254177635378345
PIARA,PIALE,2.0079596853060197e-06,0.9226209856627632,0.07651605259996003,2.919728653825165e-05,0.0008317564901308418
PIARA,PIALE,5.076632660957313e-05,0.8239476099493233,0.17008792263475564,0.0005744051349374054,0.005339295953550085
PIARA,PIALE,5.84110558355629e-05,0.817946786918795,0.17558561205950274,0.0006531613718508096,0.005756028593197725
PIARA,PIALE,1.6234180317992604e-06,0.9242904426233949,0.07499202332934227,2.7235963457121876e-05,0.0006886746648497244
PIARA,PIALE,3.666420398372481e-06,0.905653527221156,0.09327442421167098,6.082110699893527e-05,0.00100756103887007
PIARA,PIALE,1.1075010887522771e-05,0.8745504208890844,0.12351437546131654,0.00017438000290756592,0.0017497486349292808
PIARA,PIALE,0.00016520318278734719,0.7596088256961178,0.22852419568761043,0.0019789597549579787,0.009722815677766717
PIARA,PIALE,2.9869218825061988e-05,0.8408808940487927,0.15512815849216913,0.00040871241231289014,0.003552365827059355
PIARA,PIALE,0.0003257756894659249,0.7202392664681406,0.2634386560885245,0.0037390979155649483,0.012257203837583783
PIARA,PIALE,5.460320382063047e-05,0.8177687503676062,0.17685055223408352,0.0006877057178557542,0.004638388475816078
PIARA,PIALE,4.670514850456336e-05,0.8248796134626711,0.16949683763535814,0.0005682504054562819,0.005008593347184886
PIARA,PIALE,5.516053381181815e-06,0.8983739208217603,0.09995151506495775,7.321360535085473e-05,0.0015958344536514922
PIARA,PIALE,1.1476524750654984e-05,0.8770261925097647,0.12039420503821316,0.0001463436236538108,0.0024217823027407165
PIARA,PIALE,1.1932731560095012e-05,0.8770965534498193,0.1202250116988716,0.00014562067541699144,0.002520881443454997
PIARA,PIALE,1.1261555982343192e-05,0.8798214126470114,0.11759186438759481,0.00013294911523231793,0.0024425122932992716
PIARA,PIALE,2.102777172621041e-06,0.9203212960447982,0.0786954363457967,3.054062691269345e-05,0.0009506242043994295
PIARA,PIALE,8.450714172804833e-06,0.8855809311763503,0.11214875447005217,0.00011208768995891693,0.0021497759485803168
PIARA,PIALE,1.9905549584855395e-06,0.9194636396320569,0.07953665860603999,3.138276557624853e-05,0.0009663284404489675
PIARA,PIALE,3.194013320991565e-08,0.9700671003879058,0.02982272594499349,8.068567711201889e-07,0.00010933486922624446
PIARA,PIALE,4.3943444151852993e-07,0.9424928383484711,0.05706076034295794,9.080037921610311e-06,0.00043688183526507246
PIARA,PIALE,4.139943698500285e-06,0.9034048523427585,0.09512625038458676,6.11454381809158e-05,0.0014036118898719922
PIARA,PIARA,0.016908167024751782,0.33281252465890215,0.39583275438672305,0.1401263344418692,0.11432021948735814
PIARA,PIALE,0.00613539547206819,0.4539798176043727,0.4063710999005265,0.0574005004462827,0.07611318657629593
PIARA,PIALE,0.0026614692924722514,0.5315701178073562,0.38327288704224144,0.028104242098347745,0.05439128375905068
PIARA,PIALE,0.004925533071515639,0.4887666353154511,0.39387185481736864,0.04476552737836995,0.06767044941680585
PIARA,PIALE,0.002143176656028831,0.5635439385308993,0.3646837960964355,0.02152479963051899,0.04810428908555378
PIARA,PIALE,0.00034330466723484713,0.7053312385195889,0.27165592630831265,0.004009208285178453,0.01866032221897973
PIARA,PIALE,0.0076753282754453735,0.43336952553066227,0.4050053030063413,0.06717279624693392,0.08677704694018376
PIARA,PIARA,0.010770686044782773,0.38996423534482655,0.40840248064464746,0.09445384614633157,0.09640875181900327
PIARA,PIARA,0.01673142943231644,0.33236562027789207,0.3935084342888459,0.13864987053078853,0.11874464546976334
PIARA,PIATE,0.05875000571433212,0.1143048519971859,0.21914799331905305,0.4658311430974816,0.14196600587148145
PIARA,PIALE,2.1445744054534595e-06,0.9104760189982941,0.08834157216904985,4.318666541266106e-05,0.0011370775919275137
PIARA,PIALE,2.532406736859357e-05,0.84054627264372,0.1546922175645459,0.0003678796394789924,0.004368306084045783
PIARA,PIALE,0.00012624653072875475,0.7560977027224843,0.23053099833381924,0.0018216327753324815,0.011423419636879088
PIARA,PIALE,0.0009859854943459938,0.6345343217697432,0.3236168829333728,0.01004091684469715,0.030821892957206297
PIARA,PIALE,0.002817649783949416,0.5465252090066733,0.3758163317975048,0.026282210922080242,0.04855859848924558
PIARA,PIALE,0.007843186712732054,0.4383132980567305,0.41135027658031054,0.06824231483253566,0.07425092381725293
PIARA,PIALE,0.0020604333981188534,0.5760225423063695,0.35946029364320775,0.019398680664968578,0.04305804998675925
PIARA,PIALE,0.00019804623306447026,0.7476459846428123,0.23712486401071622,0.002221759841605842,0.012809345271053452
PIARA,PIALE,0.001445468381780801,0.6112030859874428,0.3389546337841462,0.01327621106570814,0.035120600780310776
PIARA,PIALE,0.000736695394119838,0.664760879061617,0.3026595009756113,0.0070392705234830055,0.02480365404450403
PIARA,PIALE,9.296056369318435e-05,0.7979413668786731,0.1928743570696728,0.0009219018087606521,0.008169413678402284
PIARA,PIALE,1.25505820024716e-06,0.9301939219447336,0.06906945270733922,1.9157448387842484e-05,0.0007162128404088473
PIARA,PIALE,1.0511192050874505e-06,0.9344749182181411,0.06487783155980623,1.533149511815434e-05,0.000630867606794867
PIARA,PIALE,1.9350084129845434e-06,0.9242130713673552,0.07491344634555122,2.5749414845033434e-05,0.000845797862911038
PIARA,PIALE,0.0004067672558269499,0.7095969376564244,0.26945137607604835,0.00406651102336991,0.016478407987620725
PIARA,PIALE,0.000879329608653923,0.6563720876645776,0.31010340749419973,0.00830320349379326,0.024341971738119025
PIARA,PIALE,8.21241438818343e-07,0.9386300200477682,0.060822657141295464,1.225570279505128e-05,0.0005342458657638837
PIARA,PIALE,3.0277566107335524e-05,0.8432444065702838,0.15225788775927807,0.00037068876952476003,0.00409673933396255
PIARA,PIALE,2.4478924649468766e-06,0.9202181944345051,0.07885305026711928,3.164553296314072e-05,0.0008946618720272095
PIARA,PIALE,0.0005376325501533974,0.6901148930068367,0.28456142462407186,0.00534585641220873,0.019440193406039034
PIARA,PIALE,1.2296518643312424e-07,0.962002476361714,0.03780925655020015,2.2179872634140706e-06,0.0001859261346738741
PIARA,PIALE,4.0071613557377616e-07,0.9488928692633136,0.050748196269198895,6.394415498928386e-06,0.0003521393349040389
PIARA,PIALE,1.2949191118165091e-06,0.9308329223474643,0.06849221297023456,1.8843235612707112e-05,0.0006547265266457325
PIARA,PIALE,4.885964703931911e-06,0.9044491020833848,0.0941093485439475,5.949968235995464e-05,0.0013771637246993637
PIARA,PIALE,5.394572675393391e-06,0.901948115830692,0.09647522682561459,6.44458862257346e-05,0.0015068168838902544
PIARA,PIALE,7.354625197978238e-06,0.8911468144554593,0.10699162740638095,9.583548768234316e-05,0.0017583680243883452
PIARA,PIALE,1.2750823907664683e-05,0.8732604286198566,0.12397815932101448,0.0001664649013579847,0.0025821963329897926
PIARA,PIALE,5.42199556373181e-06,0.9010040217488059,0.09746364775843853,6.783113978735401e-05,0.0014590773565032807
PIARA,PIALE,9.055819976650746e-06,0.8868165686982046,0.11120411010946166,0.00011215800008537484,0.0018581073713846421
PIARA,PIALE,7.209832656372453e-06,0.8932484343854369,0.10489875805815901,8.845638509532138e-05,0.0017571413377592113
PIATE,PIATE,0.017690648182966055,0.2170052524450419,0.335578324908193,0.41057346671430195,0.019152307749086557
PIATE,PIATE,0.03106135101665323,0.15441248872892813,0.2661918627717341,0.5200333715666866,0.028300925915477823
PIATE,PIATE,0.03143779386408728,0.162431956928709,0.27568733991574973,0.49951223880157614,0.03093067048937832
PIATE,PIATE,0.021906695812690655,0.10685342024720103,0.21042191655966305,0.6489693777408835,0.011848589638912691
PIATE,PIATE,0.0393974506759999,0.19235221218443635,0.3056518602687646,0.316816247191714,0.1457822296787683
PIATE,PIATE,0.022789842469881926,0.09278142787615674,0.18985991378183528,0.6833243278098613,0.011244488061581345
PIATE,PIATE,0.03792538836636113,0.15608338059626625,0.2653625645803661,0.5029080246845831,0.0377206417719205
PIATE,PIATE,0.03991558835192918,0.08190193324711977,0.16760585511040593,0.6910256646734249,0.019550958616429234
PIATE,PIATE,0.05500328198331632,0.09166072927731264,0.1766666637905716,0.6485308685767516,0.028138456371399275
PIATE,PIARA,0.029752124842828277,0.26498068199083874,0.35950406255780665,0.27418390345915605,0.07157922714901074
PIATE,PIATE,0.050789417762343574,0.0937802920243291,0.17758930292450859,0.6560183675550166,0.02182261973314599
PIATE,PIATE,0.11093053368296549,0.19229222527272635,0.24935920311984552,0.40438048810741734,0.043037549816640874
PIATE,PIATE,0.058300635726361495,0.1082271630873831,0.19147137069323814,0.6185101805267266,0.023490649965672194
PIATE,PIATE,0.03984180296153462,0.09883600900996362,0.18489047971751374,0.6621460901105205,0.014285618199805252
PIATE,PIATE,0.05463387549703152,0.09634067463352877,0.18041500297667817,0.6441585424912643,0.02445190440085318
PIATE,PIATE,0.05197167580633264,0.09276553256330805,0.17662953650282776,0.6554893018518054,0.02314395327507049
PIATE,PIATE,0.053944630068093295,0.09574326267942575,0.1800580581471747,0.6460734839491151,0.024180565155545054
PIATE,PIATE,0.047470118318542594,0.09335890758800817,0.17819660647113184,0.6607581281843068,0.020216239437349782
PIATE,PIATE,0.050117689466924006,0.0867152300481636,0.16981005435187152,0.6701840796532068,0.02317294647916375
PIATE,PIATE,0.05995266981741057,0.09637110283850629,0.1800031396261827,0.635134560020655,0.028538527696610225
PIATE,PIATE,0.03611554926636755,0.0891434460945917,0.17770147298413852,0.6813172905215122,0.015722241132708658
PIATE,PIATE,0.03248068186799146,0.08848461082142153,0.17835549722084879,0.6865160832004742,0.014163126888577468
PIATE,PIATE,0.05033791352700046,0.09062355201618921,0.1785071356278157,0.6523034755233861,0.028227923304956264
PIATE,PIATE,0.02141440606148526,0.10895087973726338,0.21394964546624118,0.644021455274887,0.011663613459479028
PIATE,PIARA,0.015354520030932345,0.31149656435998097,0.3989125501152598,0.24324479241419528,0.030991573079232743
PIATE,PIATE,0.02722376842242575,0.21209390622935365,0.3261545820790729,0.3971805268665686,0.03734721640218182
PIATE,PIATE,0.0316284366449016,0.11645985862168186,0.220843909095148,0.6096878879009069,0.02137990773675191
PIATE,PIARA,0.023914516671004766,0.2412388433751168,0.3506147445503701,0.34863599615871743,0.03559589924444018
PIATE,PIARA,0.022390555720753224,0.25095629909113565,0.3586000717857776,0.3332652210402,0.034787852361774944
PIATE,PIATE,0.022385289382239906,0.14416527110009555,0.2589033937244127,0.5582162036608148,0.016329842131878734
PIATE,PIATE,0.05467279179987159,0.09561955119196336,0.18243656437693176,0.6386787868813625,0.02859230574923223
PIATE,PIATE,0.08158899192380097,0.12647907961461466,0.20796802371155995,0.5438067424724707,0.040157162277009974
PIATE,PIATE,0.06709727658816714,0.1076290154472687,0.1928184678797358,0.5975889637969611,0.03486627628726957
PIATE,PIATE,0.040640022623215484,0.09844319737917949,0.18802796544102574,0.6551353035620613,0.017753510993862652
PIATE,PIATE,0.05542268349575465,0.11864614107088915,0.2045755481749333,0.5990512648321431,0.02230436242568068
PIATE,PIATE,0.05934834242954306,0.13596986061094157,0.221046175420891,0.5600591310659413,0.023576490472122996
PIATE,PIATE,0.08501194615934218,0.09997406682628034,0.18425887333540217,0.5662601496269217,0.0644949640514873
PIATE,PIATE,0.06935488299048398,0.2340630045136029,0.28866349937889096,0.3859117848214826,0.022006828295153737
PIATE,PIATE,0.1027914555571093,0.09037212288880137,0.16862129513092527,0.5568957562028691,0.08131937021973792
PIATE,PIALE,1.1402852884750807e-05,0.8401469422869313,0.1586631973441451,0.000558228557935677,0.0006202289572628991
PIATE,PIARA,0.00922130747489636,0.395317825696132,0.4255081226520873,0.1383635444069516,0.03158919976950709
PIATE,PIARA,0.016802923662349086,0.29044778519117465,0.3886122338402027,0.271753654924457,0.03238340238142786
PIATE,PIATE,0.02794702698120599,0.17760130416806413,0.2931779662411268,0.4720083192704138,0.029265383338717355
PIATE,PIATE,0.024340561253529097,0.17419424421714239,0.29165300500726987,0.48665753794720185,0.0231546515743699
PIATE,PIATE,0.036075206347427835,0.09891982291404447,0.19544500000528595,0.6473163655274928,0.022243605205101522
PIATE,PIATE,0.030149417074799283,0.1836877991265593,0.29957665695930846,0.4497638002155801,0.03682232662330311
PIATE,PIATE,0.03333293337792888,0.11193152267895479,0.21418682429240016,0.6176147815052746,0.022933938144823928
PIATE,PIATE,0.0340142569552045,0.09859831373760987,0.19502087862476855,0.6522205608201356,0.02014598986162917
PIATE,PIATE,0.03014859677198163,0.1426868673719652,0.2543454212292396,0.5464658861758087,0.02635322845045832
PIATE,PIATE,0.02143887038520909,0.19468045403735126,0.313447381583741,0.4484490078387002,0.021984286154549934
PIATE,PIATE,0.049172879148525826,0.24856470779711892,0.29634595814377623,0.39723837149737296,0.008678083412808811
PIATE,PIATE,0.050304905627462114,0.24788506224232884,0.2954062035690207,0.3973207191092007,0.009083109451590353
PIATE,PIATE,0.08259935090062656,0.25682098909282836,0.28973961046587715,0.35178688283589504,0.019053166704421122
PIATE,PIATE,0.12955154587479042,0.2539818145458181,0.2735497004678083,0.30515097321956025,0.03776596589171772
PIATE,PIATE,0.053941089221684065,0.25117463160567816,0.29647383433075064,0.3884473383077188,0.009963106533779907
PIATE,PIATE,0.06816327192595291,0.24578125051624145,0.2879387026283567,0.38498346977863196,0.013133305150431776
PIATE,PIATE,0.04955211291951677,0.2442191695183482,0.2934755688651988,0.4040911329735349,0.008662015722997204
PIATE,PIATE,0.10196860121550694,0.25771058153664356,0.28460811088405497,0.3296038667460457,0.026108839617419163
PIATE,PIATE,0.13746088484561308,0.24788811296393704,0.26857473656647984,0.30624841688459953,0.03982784873906423
PIATE,PIATE,0.11660289330334539,0.25339953632843276,0.27768404340617836,0.3197140819324995,0.032599445029224176
PIATE,PIATE,0.045014775483514326,0.2458035434162146,0.2957321939909483,0.4058361612735155,0.007613325835401364
PIATE,PIATE,0.0644677548445689,0.24840677837227823,0.29025533178607577,0.38401537134256963,0.012854763654123354
PIATE,PIATE,0.06731773037403667,0.2527724434350854,0.29202713795736884,0.37390822871372015,0.01397445951941498
PIATE,PIATE,0.08274565878178612,0.25569524035338004,0.2891138264068468,0.3535916341771562,0.01885364028047715
PIATE,PIATE,0.049599132700681246,0.2529404930958648,0.29900916029196734,0.38940442291642646,0.009046790994670722
PIATE,PIALE,0.1725191106266836,0.2830709559395232,0.2668772986843483,0.1891372509240391,0.08839538382512277
PIATE,PIATE,0.06153347640274018,0.24714835936520993,0.2908533054514541,0.3883252991048884,0.012139559675318948
PIATE,PIATE,0.05309075549400943,0.24253798062620546,0.29049165329118787,0.4043047664930541,0.009574844095138745
PIATE,PIATE,0.05850144032441218,0.246586261450476,0.2911561801106651,0.39259418197224855,0.011161936141805731
PIATE,PIATE,0.10382542118698067,0.2528682056175202,0.28048469924112385,0.33684071409296346,0.025980959861074994
PIATE,PIATE,0.07234753889775322,0.25234574592101283,0.290513931825401,0.3699443319472342,0.014848451408228937
PIATE,PIATE,0.07664027423536565,0.2514265872823577,0.28809968063312,0.36822710073169185,0.015606357117096382
PIATE,PIATE,0.061820032182622914,0.2475081298223879,0.2910948748803442,0.38731667304130146,0.012260290072956181
PIATE,PIATE,0.14087411654196372,0.24590492395162852,0.26665496406696754,0.3050992506802704,0.041466744758864735
PIATE,PIATE,0.11143949210720602,0.24783152562283578,0.27586256192229236,0.3369410171434313,0.02792540320389752
PIATE,PIATE,0.1822534257823906,0.2351575693695301,0.24851666708794426,0.26493684897124287,0.06913548878862721
PIATE,PIATE,0.08567847961907246,0.24964254268242925,0.2842047936064862,0.3612805485586576,0.019193635532993095
PIATE,PIATE,0.05026200922239827,0.23915568562978887,0.2893511122531079,0.41242967493530985,0.008801517958982633
PIATE,PIATE,0.05452533858982103,0.24028762114890087,0.2890584817590332,0.4060559734297666,0.010072585072072255
PIATE,PIATE,0.09148659494051882,0.2705814613737973,0.293771578148952,0.32068134384618335,0.02347902169022776
PIATE,PIATE,0.10564143244488565,0.24609220114587654,0.27552619313242743,0.34800209907826124,0.02473807419820099
PIATE,PIATE,0.09548452625450729,0.24795205551250307,0.2799439116587135,0.3556912104655823,0.020928296108338056
PIATE,PIATE,0.08807265584977056,0.2527803095145571,0.28528505490816414,0.3537721696011783,0.020089810125976035
PIATE,PIARA,0.15470622773385864,0.25904985727113605,0.2675169291787953,0.264758860409242,0.053968125406700374
PIATE,PIATE,0.15859297014271445,0.24054305597509204,0.25869790570942697,0.29280427007971527,0.04936179809275849
PIATE,PIATE,0.06540237442899115,0.251987982067362,0.2923471017503618,0.37734709217882134,0.012915449574086272
PIATE,PIATE,0.10355773387115091,0.24813947876971534,0.27774358149914424,0.34587170435064146,0.024687501509001952
PIATE,PIATE,0.08379248237538235,0.2516119296122794,0.2857951806655699,0.36170487169671633,0.01709553564969015
PIATE,PIATE,0.08484694343222401,0.24981374384175434,0.2846267009467217,0.36180212548069834,0.018910486298239815
PIATE,PIATE,0.07260047319346381,0.2480429663031106,0.28715300421484435,0.3773268360005543,0.014876720287649504
PIATE,PIATE,0.08673277279913051,0.2715017163076521,0.2983645132666075,0.3204977091632159,0.022903288463073542
PIATE,PIATE,0.12131487507586548,0.26337661596226614,0.28230722487890314,0.296954642900078,0.036046641182590135
PIATE,PIATE,0.11276629527327035,0.26488122670155817,0.28625228565407446,0.30314174825445905,0.03295844411633482
PIATE,PIATE,0.11302069224785008,0.272059106475961,0.2895286926812911,0.290248134012643,0.035143374581964495
PIATE,PIATE,0.0901800108093046,0.22341405206324494,0.2690015145107256,0.39807697237184914,0.019327450244477518
PIATE,PIATE,0.07448800403418238,0.18653935729718527,0.24569127994753068,0.48072373662430223,0.012557622096318635
PIATE,PIATE,0.07672726825848368,0.24514345441190208,0.2862322328999397,0.3757036837034594,0.016193360725839434
PIATE,PIATE,0.1200479159533676,0.2672614713464287,0.2847751332822681,0.2911930955596641,0.03672238385798026
PIATE,PIATE,0.07076243292313626,0.24767918971925162,0.2897441541034314,0.3772509989811457,0.014563224272657683
PIATE,PIATE,0.047001231657874606,0.23627151972660485,0.29076976238195434,0.4179231684460645,0.008034317787083838
PIATE,PIATE,0.06846331146237077,0.2757010050985166,0.30569821872214126,0.33442735498398757,0.015710109732649406
PIATE,PIATE,0.06910288059757667,0.2764077670751358,0.3056760355997532,0.33300003708345655,0.015813279643744613
PIATE,PIATE,0.043940694757473954,0.19568842767380096,0.2611330710939564,0.49295706398162814,0.006280742492647398
PIATE,PIATE,0.06547121077174978,0.27313220835155755,0.30542091803617355,0.34151239311136583,0.0144632697288118
PIATE,PIATE,0.06508250939456305,0.26366321240792956,0.30072007710210136,0.3567418567954786,0.013792344299570616
PIATE,PIATE,0.05619898621136171,0.2703570485065052,0.30742823683780723,0.3544176462105502,0.011598082233421158
PIATE,PIATE,0.04827112233131914,0.2192298683142553,0.27774988835358494,0.446987566814245,0.007761554186148606
PIATE,PIATE,0.033722737154639686,0.11017603386070295,0.1811070322687511,0.6718660018456316,0.003128194869602621
PIATE,PIATE,0.04750175407823477,0.2624191565334869,0.30653907745363446,0.37447143370963876,0.009068578224630516
PIATE,PIATE,0.06633162119169532,0.2745161909954043,0.3056503414961064,0.33862723247378124,0.014874613842674175
PIATE,PIATE,0.09558346160083561,0.2604512813558997,0.2892465411471489,0.3307428619486181,0.023975853947167017
PIATE,PIATE,0.0426811669730861,0.25789761050263155,0.30542967527837145,0.38651923198736354,0.007472315258160779
PIATE,PIATE,0.03875413602011951,0.19861145729342447,0.26491656307138106,0.49252300366970586,0.005194839944876535
PIATE,PIATE,0.060931583280052375,0.17020499242314457,0.2342282003452617,0.5261327416403766,0.008502482310638531
PIATE,PIATE,0.0284850148149496,0.16683825720538628,0.24104683166360852,0.560533192575688,0.0030967037398069936
PIATE,PIATE,0.03895213282492572,0.13299935818022868,0.2044574461333894,0.6194933404647526,0.004097722396084033
PIATE,PIATE,0.044366223420675054,0.25507930125396105,0.30300118515529745,0.38984641115849156,0.007706879011185024
PIATE,PIATE,0.07354018992734847,0.24877486287019804,0.2887349189861725,0.37414790691422667,0.014802121301679986
PIATE,PIATE,0.046328076783658266,0.2553854451913182,0.30227647780625316,0.3878257501311775,0.008184250087204983
PIATE,PIATE,0.03609249910535575,0.20783671637066997,0.27295424251885947,0.478234475819344,0.004882066185292536
PIATE,PIATE,0.10461398989075182,0.195400709599771,0.24422177817406407,0.4365339658068838,0.019229556528092582
PIATE,PIATE,0.05910202668076674,0.2721531784954811,0.30671416210421043,0.3501308228210118,0.01189980989817969
PIATE,PIATE,0.051411811457070015,0.19288998029663318,0.2564614858966959,0.4917454959663055,0.007491226382803623
PIATE,PIATE,0.05538111607269259,0.27210405740978444,0.3086357304681638,0.352598766152974,0.01128032989603262
PIATE,PIATE,0.05117288621443618,0.2650910394126289,0.3065455717033567,0.3673558795456331,0.009834623123577678
PIATE,PIATE,0.03804308324375774,0.14923036172444096,0.22127071556049346,0.5872471029648837,0.004208736505836945
PIATE,PIATE,0.10809257953119954,0.26956144590115516,0.28866690864836214,0.3048164293997648,0.028862636519213572
PIATE,PIATE,0.05777572159365024,0.24183637600447871,0.28988079796623106,0.4001533450803289,0.01035375935491094
PIATE,PIATE,0.04684587245658062,0.26218707886990283,0.3063566584559379,0.37610212008157395,0.008508270135628578
PIATE,PIATE,0.053364716765284266,0.2646164320616335,0.305455914330433,0.3661684689278197,0.010394467914463398
PIATE,PIATE,0.07627213819727131,0.1684471517221885,0.22891728458218433,0.5153455065757114,0.01101791892212909
PIATE,PIATE,0.08444046732456753,0.2704252635570918,0.29675705531440905,0.3287344672294293,0.019642746574173572
PIATE,PIATE,0.08176289014725058,0.2479748821645386,0.28564251701797394,0.3675427757338282,0.017076934936041035
PIATE,PIATE,0.05467823990342744,0.1490909469489419,0.21658042542600092,0.5728828299766059,0.006767557744450989
PIATE,PIATE,0.07753115442154408,0.2719683460220067,0.30013396090055994,0.33289167434171785,0.01747486431383857
PIATE,PIATE,0.056822407113786534,0.15459330163476,0.2216327818144947,0.5595662590837047,0.007385250352694427
PIATE,PIATE,0.06547360341356744,0.2433979618886701,0.28842109745153327,0.3900562689880399,0.01265106825779916
PIATE,PIATE,0.075836446042595,0.20048612793519002,0.25549162540591847,0.45516532712535585,0.013020473490485289
PIATE,PIATE,0.10272385928791211,0.2443263551531797,0.2771385593128,0.35210130614244267,0.023709920103313326
PIATE,PIATE,0.08475248764864947,0.26220072016781887,0.2928637405696443,0.340756748097351,0.019426303516195557
PIATE,PIATE,0.10816855977386773,0.20424246790893563,0.24911512080859058,0.41704084358440624,0.021433007923782908
PIATE,PIATE,0.1742419954761659,0.1288400401723467,0.17958828340118022,0.481345068127546,0.03598461282227983
PIATE,PIATE,0.05627297152275371,0.18742823479108434,0.24872169095212188,0.49947932942374107,0.00809777330979951
PIATE,PIATE,0.10227444812589423,0.15698379899921275,0.21331154072940983,0.5109396665067215,0.016490545638250823
PIATE,PIATE,0.1097803861819988,0.14231447440629286,0.19915488005238896,0.5315796107178095,0.017170648640978198
PIATE,PIATE,0.057524937150603354,0.16378823235640189,0.22849857768419415,0.5424538363996084,0.007734416408649681
PIATE,PIATE,0.19339968051569173,0.21506569996257163,0.23633883040453416,0.28465338686472835,0.0705424022521895
PIATE,PIATE,0.09102874675177115,0.11906595939886776,0.17901052769175,0.5993585185231308,0.011536247633880852
PIATE,PIATE,0.12309409510526205,0.11921123739837698,0.1749794724410905,0.5649442172226261,0.017770977832079374
PIATE,PIATE,0.12999095504606997,0.15656511343379367,0.20788479157792067,0.48260839002725303,0.02295074991447984
PIATE,PIATE,0.11756299697179273,0.2504403608440561,0.275282938354088,0.3257011356942221,0.031012568135515357
PIATE,PIATE,0.08351203217617433,0.15642543899821437,0.21606675472088158,0.5317946092389916,0.012201164865206289
PIATE,PIATE,0.09276095420925146,0.1570140075101999,0.21474905669315664,0.5213321082504657,0.014143873336404928
PIATE,PIATE,0.12039622205686011,0.1628509616080264,0.21495684234228904,0.48077860499579944,0.021017368996544213
PIATE,PIATE,0.12104595816342667,0.20085703351630466,0.24349395639414653,0.4093122184707699,0.025290833454942954
PIATE,PIATE,0.13362150790823765,0.20750240491616842,0.24626866526402483,0.3819697767182362,0.030637645192950952
PIATE,PIATE,0.12867797339435796,0.24482240004024175,0.2694773892208872,0.3218680678547509,0.03515416948944017
PIATE,PIATE,0.14307137790867994,0.24329609697607263,0.2646543498456669,0.30699988783827964,0.041978287430993785
PIATE,PIATE,0.0661951055087892,0.2451125869630154,0.28744790216577576,0.38856245582177695,0.012681949540254117
PIATE,PIATE,0.08064102871415678,0.08207377176362474,0.13920908583145786,0.691004634886053,0.007071478804016675
PIATE,PIATE,0.11051516992243171,0.26070239622985236,0.2826653785904657,0.3172723662460443,0.028844689010888658
PIATE,PIATE,0.09452615051207498,0.25622125964524173,0.28551861930531713,0.34124567655117466,0.02248829398585027
PIATE,PIATE,0.1064438756895182,0.16618573395118813,0.22042082026943402,0.488996020417952,0.017953549671418517
PIATE,PIATE,0.10464711732681464,0.2598127620396605,0.2840622917159715,0.32477718865713207,0.026700640260096296
PIATE,PIATE,0.1336362411425406,0.2553559802887873,0.273230919108103,0.2964627732884543,0.04131408617181834
PIATE,PIATE,0.1277382802721861,0.25253154299602676,0.2736623443444255,0.3089959485719033,0.03707188381514935
PIATE,PIATE,0.11091863187501967,0.2538339035008304,0.27956971654443263,0.3270547158742622,0.02862303220512798
PIATE,PIATE,0.0844246722870935,0.25785357655847824,0.28951969500998265,0.3491074951692828,0.01909456097481376
PIATE,PIATE,0.1225724937713653,0.2594830095191494,0.2782409571788029,0.3049091731922528,0.03479436633812459
PIATE,PIATE,0.11693685143774073,0.25708422703231104,0.27861319881880564,0.3164314335236825,0.03093428918714354
PIATE,PIATE,0.0974267360277978,0.25520109788164197,0.2839694480820241,0.34013599606651224,0.02326672194168356
PIATE,PIATE,0.12110384537114566,0.25342108406688946,0.2765432240511588,0.31457068447472963,0.034361162035762005
PIATE,PIATE,0.07208450751450234,0.22079519110731116,0.26973767718663405,0.4245160583793124,0.012866565811815457
PIATE,PIATE,0.12056562421233794,0.2515873323802975,0.27538025911469016,0.3197855994684863,0.03268118482386829
PIATE,PIATE,0.05635307191933644,0.09174895716492604,0.1535750789782338,0.6931233299365909,0.005199562000219662
PIATE,PIATE,0.06249454659089693,0.08168904399481877,0.14018381759175086,0.7103726585253379,0.005259933296485028
PIATE,PIATE,0.11608131102653038,0.2513300634634056,0.2761920250417742,0.32686229749599544,0.02953430297196764
PIATE,PIATE,0.08761183522036455,0.16142525511919037,0.21967241977846266,0.5181921666730397,0.013098323208424377
PIATE,PIATE,0.11768008264392778,0.24760603988064864,0.27344837693727675,0.33165992811976563,0.02960557241804958
PIATE,PIATE,0.10170920539113897,0.2549969835080111,0.28238360165749704,0.33609527305676473,0.02481493638625209
PIATE,PIATE,0.061132596276533537,0.1610014909660806,0.23794246721145934,0.5219579735302726,0.017965472015131857
PIATE,PIATE,0.07747042288900667,0.18176165392834798,0.25023529661953503,0.46612831362161294,0.02440431294103132
PIATE,PIATE,0.09673447055904531,0.21267469449094373,0.2647542376051683,0.3946593522571784,0.03117724508726958
PIATE,PIATE,0.07760881048129323,0.18495309900058937,0.25273236245337194,0.45966003754586365,0.025045690518422044
PIATE,PIATE,0.05832039299633259,0.17022701775990545,0.24591030537757053,0.5091198356263383,0.016422448239343936
PIATE,PIATE,0.06390043767223552,0.1387361631990133,0.21834224081988973,0.5585717371440619,0.020449421164241015
PIATE,PIATE,0.034502508728950734,0.12470137204755774,0.2124112185465282,0.6190545608058692,0.00933033987047504
PIATE,PIATE,0.06690612584686018,0.13716246923500738,0.21567408388434334,0.5589743774738721,0.021282943559357902
PIATE,PIATE,0.06423177016305577,0.12724238952997216,0.20809132892436644,0.5784986161271043,0.02193589525492285
PIATE,PIATE,0.039942537584216405,0.16277914239032287,0.24347497522213618,0.54465636813079,0.009146976671989824
PIATE,PIATE,0.05455207215596556,0.10831952709647917,0.19176228739085022,0.6249133922425912,0.020452721113488864
PIATE,PIATE,0.10627333558796626,0.12378687355477663,0.19755926828567869,0.5246427812230807,0.047737741347972984
PIATE,PIATE,0.12780334945046434,0.13754444897879478,0.2048684213444812,0.472046667918177,0.05773711230761054
PIATE,PIATE,0.09058509705695393,0.11468872965846236,0.19156011099202974,0.5637574293558777,0.03940863293611248
PIATE,PIATE,0.08310237716789302,0.12816696243947479,0.20511850219237893,0.5520899383118957,0.03152221988780552
PIATE,PIATE,0.07069338040114558,0.12260455914293666,0.2018337043773043,0.5799238588750375,0.02494449720299611
PIATE,PIATE,0.044458024934258336,0.12899212502457974,0.21225426927126118,0.6024969407576578,0.011798640011640422
PIATE,PIATE,0.07638325276568746,0.12686727730962685,0.20545811122136307,0.5626484921478374,0.028642866554922406
PIATE,PIATE,0.0812136627395007,0.13263135497719136,0.20932478964006337,0.5471091101316337,0.029721082511063784
PIATE,PIATE,0.05093007536957045,0.14499541429084378,0.22657194344661358,0.563163752578327,0.014338814314082082
PIATE,PIATE,0.05734745576280928,0.13652336968724704,0.21790061205627698,0.5701138680663734,0.018114694426723074
PIATE,PIATE,0.07163113250193932,0.14667919698780593,0.22406405902937954,0.533578446463417,0.02404716501692449
PIATE,PIATE,0.0616262916100114,0.12425252887160065,0.20578970386775874,0.5868976008215673,0.021433874828475034
PIATE,PIATE,0.13686468084544018,0.18669901393519997,0.23940846063720542,0.3777271360003485,0.059300708581428115
PIATE,PIATE,0.07482806014956155,0.17498713230242338,0.2446875015845646,0.48336022552613384,0.02213708043683324
PIATE,PIATE,0.06942801225148314,0.11997585701170076,0.20191610425808365,0.5806703458961783,0.02800968058197351
PIATE,PIATE,0.07532692214136208,0.1333215780742757,0.21345153740762254,0.5479184892045638,0.029981473171627835
PIATE,PIATE,0.12065221728331968,0.12748046141329977,0.19948337869990096,0.48922480759205866,0.06315913501093158
PIATE,PIATE,0.03132367057046239,0.13530117543788842,0.2206675748297696,0.6059250972797754,0.006782481881498291
PIATE,PIATE,0.043287348445762625,0.14494880087313247,0.22895444529156564,0.5711875638404195,0.011621841548548645
PIATE,PIATE,0.05526632949693914,0.11416070592787204,0.19948953910721517,0.6089568621817011,0.022126563285663592
PIATE,PIATE,0.08602219677894407,0.12223639147544504,0.20045761297077508,0.5540252268399419,0.037258571934339804
PIATE,PIATE,0.06575440104533493,0.115366227345733,0.19732883826484557,0.5960306528716621,0.02551988047182836
PIATE,PIATE,0.096774192732406,0.13978460291403255,0.21360627442042313,0.5103160423400501,0.03951888759257787
PIATE,PIATE,0.0973535515927377,0.1502653713455955,0.22339695369049256,0.488502738221223,0.04048138514946263
PIATE,PIATE,0.05615466017810747,0.1456581602497304,0.23675598035980538,0.5299889299852693,0.03144226922655738
PIATE,PIATE,0.028440117629709227,0.1536273148107576,0.2557060924917997,0.5488967378533222,0.013329737213862446
PIATE,PIATE,0.030190704732642293,0.10671708193874874,0.19426860709318242,0.6606478137130238,0.00817579252174202
PIATE,PIATE,0.03832358768243278,0.11721379342670334,0.20761000253850456,0.6228204050404119,0.014032211311324528
PIATE,PIATE,0.09627168504514341,0.13235643842266173,0.20917485202465147,0.516989152037048,0.045207872469978344
PIATE,PIATE,0.0709685187227856,0.17924424924762378,0.24763830460582603,0.4829609669677083,0.019187960455573267
PIATE,PIATE,0.060236061182614854,0.16554696011049472,0.23990704972048718,0.518445116648275,0.01586481233760977
PIATE,PIATE,0.05076207502607345,0.13565033911723756,0.21681589273135604,0.5831071713239423,0.013664521800807563
PIATE,PIATE,0.11173332351641921,0.13822621654709782,0.20817676035945015,0.4957031921510839,0.046160507425453155
PIATE,PIATE,0.11986403375358752,0.1422759977887194,0.21303141013850405,0.4631777252056854,0.06165083311304049
PIATE,PIATE,0.07863271224114014,0.15226360016883278,0.2261807565200718,0.517658542228041,0.02526438884139663
PIATE,PIATE,0.11107560584553726,0.14906002656999137,0.21743010816788672,0.4775940526095595,0.044840206806547454
PIATE,PIATE,0.11286855751868166,0.1460660308559646,0.21576398495464344,0.4750842238077304,0.050217202862504785
PIATE,PIATE,0.05774976826312289,0.1481206257876612,0.22688218207006888,0.5506983290041754,0.016549094874420963
PIATE,PIATE,0.03948400160947493,0.15585467841756245,0.23536155554687552,0.5610315356112391,0.008268228814286923
PIATE,PIATE,0.0058940565430838365,0.055113969239813376,0.11566563289335886,0.8231565724936174,0.00016976882930328454
PIATE,PIATE,0.005711157117658818,0.05491669699630109,0.11555527291925853,0.8236569179973472,0.00015995496861079904
PIATE,PIATE,0.0021475923588356134,0.04659744207549866,0.10503026458323812,0.8461845710711076,4.0129910473802364e-05
PIATE,PIATE,0.00529240424348785,0.054650536385674624,0.11508228810107068,0.8248314616014265,0.0001433096675155671
PIATE,PIATE,0.006740284250420373,0.05748839571861306,0.11856455303198131,0.8170099113814133,0.00019685561675492048
PIATE,PIATE,0.007602802398521807,0.05802542891403579,0.1190157709793399,0.815116283813225,0.00023971389406241965
PIATE,PIATE,0.008940314446392598,0.06018074405633417,0.12162436802667823,0.8089623942435863,0.0002921792261996871
PIATE,PIATE,0.006396144781507376,0.0565624119510127,0.11722769321780231,0.8196251568999422,0.00018859314891570266
PIATE,PIATE,0.007279930960789461,0.05787144191825026,0.11888559621273624,0.8157416971128022,0.0002213337946061285
PIATE,PIATE,0.010066522763708086,0.06189343075001811,0.12337016107919915,0.8043287491811765,0.0003411362250938547
PIATE,PIATE,0.009736572954760292,0.06304168603763506,0.12498450572771541,0.8019229081961667,0.0003143270829204377
PIATE,PIATE,0.005159507625250764,0.05588120377573849,0.11689588456710813,0.8219313172339233,0.0001320867971573097
PIATE,PIATE,0.011266832512749913,0.06439496214644974,0.12616186129266352,0.7977911868305562,0.0003851572167828836
PIATE,PIATE,0.00675839652117357,0.05908042243295893,0.12050162941189935,0.8134702122183783,0.00018933941477633249
PIATE,PIATE,0.005956417840386997,0.056385278508963146,0.11738125793137094,0.820112236789437,0.00016480892902181468
PIATE,PIATE,0.005394214564381591,0.056427125579598364,0.11754585187480528,0.8204928661370374,0.00013994184335681356
PIATE,PIATE,0.008543913908111366,0.06077782124771002,0.12236696966366327,0.8080444198436211,0.00026687533608621324
PIATE,PIATE,0.005191801096177716,0.0554477264729892,0.11640851869109368,0.8228168492368034,0.0001351045021131105
PIATE,PIATE,0.009101869837728711,0.06209752944255811,0.1238172140252472,0.8046966055634526,0.00028678113020853596
PIATE,PIATE,0.00717461624488254,0.05874732583810776,0.12003912916105537,0.8138284647998543,0.0002104639552862392
PIATE,PIATE,0.006579471587232859,0.05883391684951128,0.12034051080205703,0.8140636499369627,0.0001824508234221261
PIATE,PIATE,0.004846336913130786,0.05471725899038007,0.11534019480578568,0.824973986802168,0.00012222248771031726
PIATE,PIATE,0.003964635661585853,0.051914334603726214,0.11204543619724329,0.8319804791220806,9.511441453215522e-05
PIATE,PIATE,0.006908672140078348,0.0602342651396339,0.1219045306844246,0.8107618602244968,0.00019067181055537695
PIATE,PIATE,0.004696080721129905,0.05563152131106297,0.11662912267828485,0.8229296650824927,0.00011361020620665126
PIATE,PIATE,0.015361686962676925,0.06855168973670533,0.13033184689919902,0.7851733019408725,0.0005814744597608456
PIATE,PIATE,0.005580455186467552,0.05560275895794911,0.11612197815202,0.8225441051499661,0.00015070255277453446
PIATE,PIATE,0.006731918372792229,0.05736827118833233,0.11817323336452328,0.8175299523822742,0.00019662469126035346
PIATE,PIATE,0.006865287401762298,0.05757706793114624,0.11843944034297438,0.8169163617163094,0.00020184260699061406
PIATE,PIATE,0.005924531859198178,0.057772803684682426,0.11846271899782064,0.8176837744937778,0.00015617096370309822
PIATE,PIATE,0.009117814706483237,0.05971005758841523,0.12098969373578748,0.8098764455383468,0.00030598843015725095
PIATE,PIATE,0.009511750998338796,0.05944384084230222,0.12073275763303021,0.8099772295410123,0.00033442098450647465
PIATE,PIATE,0.018309856306875132,0.069587937659363,0.13121720235695455,0.780121733057702,0.0007632706183251991
PIATE,PIATE,0.009050368066546665,0.06076345002780016,0.1222701227569177,0.8076230282684358,0.0002930308794918085
PIATE,PIATE,0.004362855192205506,0.051926247108245595,0.11214378136622487,0.8314554548893799,0.00011166144311260988
PIATE,PIATE,0.035563250270999554,0.0761028528555999,0.1367836268689381,0.7495332744809248,0.002016995522788176
PIATE,PIATE,0.010717608153151557,0.06357515324597322,0.12527045764818245,0.8000752795447462,0.0003615014071464051
PIATE,PIATE,0.014343129117577852,0.0675086935187912,0.1292473362425175,0.788369122818147,0.0005317183021782507
PIATE,PIATE,0.011044709503226283,0.06373474661541101,0.12542749295637298,0.7994145104297244,0.0003785404944657398
PIATE,PIATE,0.01011479358405883,0.06391658236397227,0.1257549103834058,0.7998875354130789,0.0003261782546842355
PIATE,PIATE,0.0061858791907043525,0.05821422686581748,0.11951750253400388,0.815915242194032,0.00016714921462636373
PIATE,PIATE,0.004089256860765187,0.05331150787475163,0.11392333943647971,0.8285793840300688,9.651179710601444e-05
PIATE,PIATE,0.00502875914872186,0.055733214597993186,0.11662558026350892,0.8224857025118179,0.00012674347713580397
PIATE,PIATE,0.0037274357770062795,0.05157095840373528,0.11139388113387491,0.833221552857119,8.617182743125635e-05
PIATE,PIATE,0.004166517151289683,0.05302653725815063,0.11327934048919752,0.8294280307421307,9.957435840196093e-05
PIATE,PIATE,0.003868615123688441,0.05215422414317196,0.11212889963467909,0.8317580889393551,9.017215827358498e-05
PIATE,PIATE,0.006051370078349452,0.05667292003835206,0.11744170220778083,0.8196666976785306,0.00016730999616734496
PIATE,PIATE,0.0026872888935621673,0.047644795635879866,0.1064722393881119,0.84313905046045,5.662562115281153e-05
PIATE,PIATE,0.008158157010978355,0.05924620027301063,0.12035077328166918,0.8119851363017687,0.0002597331317611775
PIATE,PIATE,0.005537148882537934,0.05542138868026186,0.11592899717112805,0.8229628600058998,0.00014960525934923057
PIATE,PIATE,0.04605744362001648,0.2673777255304869,0.3095024520560893,0.3687875002545091,0.00827487853852941
PIATE,PIATE,0.03156216011081984,0.20975421931349306,0.2764003327138951,0.47823136985773296,0.00405191800358093
PIATE,PIATE,0.05559345990049172,0.2650943680561151,0.30332485084171307,0.36584214604720894,0.010145175154105296
PIATE,PIATE,0.0475802926540186,0.26401950596567086,0.306494211377255,0.37344627049166024,0.008459719511021997
PIATE,PIATE,0.05391557992564093,0.2642208558308648,0.3034536431980553,0.36870533090028934,0.009704590144780959
PIATE,PIATE,0.15595754453502586,0.2549897186388759,0.2656101831893053,0.2704387280892157,0.05300382554730674
PIATE,PIATE,0.07295450055029358,0.2739242632123214,0.30189306106839037,0.33563416671465507,0.015594008454003936
PIATE,PIATE,0.06756927313050834,0.2743254049130407,0.3038181497210642,0.34037554505383893,0.01391162718120746
PIATE,PIATE,0.06646238595999114,0.2703129522438181,0.3017854524835052,0.34794620456785735,0.013493004744480322
PIATE,PIATE,0.0744123737549449,0.276104283747464,0.3025586194503054,0.3306527716723783,0.01627195137457675
PIATE,PIARA,0.16129723412186728,0.25491826914479415,0.26381180169251767,0.2621411280695861,0.05783156697097099
PIATE,PIATE,0.07063137250581257,0.26605401144125274,0.29850979975572234,0.3506094399056998,0.014195376391161895
PIATE,PIARA,0.1165866234144706,0.2759329099659225,0.2884919111606554,0.2857517481690564,0.033236807289606624
PIATE,PIATE,0.06493632315484953,0.273555395983371,0.30472366868771245,0.3436349454478518,0.013149666725871664
PIATE,PIATE,0.07668827526963602,0.11014906245946735,0.17228064488923633,0.6322093944666265,0.008672622914401459
PIATE,PIATE,0.14862533355937343,0.2519132311664337,0.2675718098286966,0.28572928856033414,0.04616033688487632
PIATE,PIATE,0.09526179113473582,0.2652936863427583,0.2904052030193076,0.3264336065283686,0.022605712974503086
PIATE,PIARA,0.1411195205662249,0.26793169249076443,0.27620686825439356,0.26972158645477645,0.04502033223356437
PIATE,PIALE,0.1853935834362911,0.2648228447444245,0.23317182460345076,0.1068966568282349,0.20971509038733396
PIATE,PIATE,0.12277012903010769,0.2710580528219797,0.2840952534242237,0.28580501200088665,0.03627155272251647
PIATE,PIATE,0.09533285316942125,0.1852410702215579,0.2391593493620487,0.46374360575404333,0.01652312149246495
PIATE,PIATE,0.06115932816518063,0.09210039968650464,0.15428854817723606,0.6865771033295732,0.00587462064081884
PIATE,PIATE,0.13062444056318873,0.2613528041013915,0.27769663367065484,0.2921807971869064,0.038145324477566314
PIATE,PIATE,0.07635882749083518,0.22515496621477135,0.2727670104483173,0.41203259332996156,0.013686602515702476
PIATE,PIALE,0.18756580424997704,0.25763882888931866,0.22941120025879397,0.10816504178841296,0.21721912481323974
PIATE,PIATE,0.09702833969028876,0.2778287209970183,0.2964820892338688,0.3035101010347724,0.025150749043748175
PIATE,PIATE,0.10506048137724715,0.27129530013382724,0.2904096618425233,0.3068250693184789,0.02640948732761651
PIATE,PIATE,0.08322532081068655,0.2770617957375577,0.29998280386376636,0.3207604194579896,0.01896966012967914
PIATE,PIATE,0.059566635846670664,0.26398139257542613,0.30192194941414263,0.36327260135048184,0.01125742081291548
PIATE,PIATE,0.06514491551298626,0.2656130106668196,0.3009455343249279,0.3554495041001567,0.012847035394754127
PIATE,PIATE,0.0689466358010387,0.24020350407838637,0.2851081118288009,0.39280493937694616,0.012936808914435112
PIATE,PIATE,0.0653959613139238,0.21481127414439324,0.2688215656325192,0.44018017047622354,0.010791028432499957
PIATE,PIATE,0.08514307733246118,0.26688539092198094,0.2951900059406755,0.3334840427790936,0.019297483025455194
PIATE,PIATE,0.071169202594641,0.2723795993672235,0.3028505597239088,0.3384527315007891,0.015147906813099039
PIATE,PIATE,0.07667183685180622,0.22199526926300778,0.2705677292205271,0.41692400499330695,0.013841159670935025
PIATE,PIATE,0.05401826350079923,0.19465506701849924,0.25666484097608083,0.4869903172489432,0.007671511255190467
PIATE,PIATE,0.09471230197611077,0.20198878237222107,0.25221695557666546,0.4333642352021676,0.017717724872401672
PIATE,PIATE,0.07745070605950345,0.1785307953660648,0.23776696792453422,0.4943709633794052,0.011880567269997963
PIATE,PIATE,0.08145252767863956,0.14390481873924726,0.20625391501433019,0.5573340705828295,0.011054667984396074
PIATE,PIATE,0.0583404131386737,0.11745691391457626,0.18358226798169977,0.6343580929689135,0.0062623119955022115
PIATE,PIATE,0.10262833354203915,0.0841452911130879,0.13910802480545062,0.6646552507753809,0.009463099763376719
PIATE,PIATE,0.16824782479631878,0.08310913608247768,0.13272926290965947,0.5938531287224943,0.02206064748845591
PIATE,PIATE,0.1603682051406699,0.08431094801389438,0.13440108897432393,0.599575628826501,0.021344129044011187
PIATE,PIATE,0.07261140220981435,0.0808291162327229,0.13845795225600152,0.7020899636932892,0.0060115656074698955
PIATE,PIATE,0.04523806881381659,0.07765055128679939,0.13727128130706215,0.7370126572944048,0.0028274412971800124
PIATE,PIATE,0.05194278116043999,0.07876048854900142,0.13780042081653676,0.7278935218265911,0.003602787646702836
PIATE,PIATE,0.048566809013885257,0.07820152223151583,0.13752972141035866,0.732503613039413,0.003198334304094618
PIATE,PIATE,0.03507885893517662,0.07411569182853359,0.1345023129582012,0.7543147476563026,0.001988388621031797
PIATE,PIATE,0.08037708996486478,0.08252620858559559,0.1393524739715988,0.6910729665695601,0.0066712609076896075
PIATE,PIATE,0.041672026405564,0.07673093095623096,0.13663584014244048,0.7424581934421784,0.002503009052843605
PIATE,PIATE,0.05941698543890531,0.07859831344166461,0.13741554321481086,0.7200552772066187,0.004513880697280431
PIATE,PIATE,0.11575451378593121,0.09003141969077827,0.14529741473721555,0.63380760130563,0.015109050479811174
PIATE,PIATE,0.13269840084498294,0.08459505634422622,0.13713836160874743,0.6295678126054323,0.01600036859598159
PIATE,PIATE,0.13475015452738404,0.08400158228377554,0.1365102011741911,0.6273563007262262,0.017381761287795696
PIATE,PIATE,0.0857554909952212,0.08246772314135745,0.13901642604639786,0.6844846975430655,0.008275662273273445
PIATE,PIATE,0.1117697197445423,0.08415243752201601,0.1384690940404067,0.6531312395942453,0.012477509098136467
PIATE,PIATE,0.12985207265052556,0.08432943854854366,0.13716756078432138,0.6325440147603358,0.01610691325564097
PIATE,PIATE,0.14752386814697752,0.08262867986382748,0.13430187837654733,0.615267259028838,0.020278314583194214
PIATE,PIATE,0.06907782780475205,0.08078903310394504,0.13869995732253804,0.7060940651751937,0.005339116592865141
PIATE,PIATE,0.06281218691924707,0.07948544795238834,0.13794236891129394,0.7148548441089245,0.004905152107431307
PIATE,PIATE,0.0907396584587223,0.08242688631164138,0.13853934062056122,0.6800416056448699,0.008252508963525132
PIATE,PIALE,0.06089959982491881,0.4133236640672291,0.3463351896120485,0.15569042528984542,0.023751121205544807
PIATE,PIALE,0.08531838057767346,0.37808896405475434,0.32805649336075937,0.17443611435669432,0.03410004764974041
PIATE,PIATE,0.05379545139775955,0.07786136783201762,0.1369805467189191,0.7275117879025119,0.0038508461480642425
PIATE,PIATE,0.0612425233041269,0.07987655575562634,0.1383617707364276,0.7158283169456807,0.004690833257422557
PIATE,PIATE,0.07764127767593959,0.08275173505397311,0.13981851109124063,0.6932032106883965,0.006585265489756951
PIATE,PIATE,0.062310481562777034,0.0812321429237059,0.13947077491651444,0.7121292131175164,0.004857387478774008
PIATE,PIATE,0.07554732604036386,0.08279839508353026,0.13998992018213968,0.6949055494281174,0.006758809265153773
PIATE,PIATE,0.07049651446775251,0.080971794984063,0.13878816080407344,0.7038195841896475,0.005923945553759641
PIATE,PIATE,0.1344166416410455,0.0962088190860121,0.1499576116952629,0.6008986792270307,0.018518248350047953
PIATE,PIATE,0.05263578687508055,0.0786162688111591,0.13784197758854652,0.7272973314458698,0.0036086352786165302
PIATE,PIATE,0.04283911133427286,0.07636467611580922,0.13622470615656168,0.7417294520796868,0.0028420543129276574
PIATE,PIATE,0.048596409419241746,0.07767842780301876,0.13713040985528152,0.7332263880382729,0.003368364883451823
PIATE,PIATE,0.07028665954194337,0.08233248463272413,0.14003732411280587,0.7014287972722619,0.005914734439563133
PIATE,PIATE,0.041977793390834656,0.0759725121944192,0.13596806866675443,0.7432828714565674,0.0027987542906809863
PIATE,PIATE,0.06094977692342067,0.08056692279749636,0.13914559793583414,0.7142607407631996,0.005076961579335061
PIATE,PIATE,0.0764397772871729,0.08282514866595818,0.14001497235136937,0.693833573504445,0.006886528190360793
PIATE,PIATE,0.06144411007994174,0.08136142727418193,0.1397149191143274,0.7125469177497475,0.00493262578108865
PIATE,PIATE,0.027912697521051726,0.07173423382387135,0.13253504722779294,0.7662140203224844,0.00160400110403311
PIATE,PIATE,0.04289776120076744,0.07681645848427333,0.13663003494388515,0.740854137459867,0.0028016079104661836
PIATE,PIATE,0.010059501016810834,0.18426092207223171,0.26051484525688595,0.5445326033415001,0.0006321283120268175
PIATE,PIATE,0.011806336333441334,0.18919805296973094,0.2636379358455728,0.5345407267408254,0.0008169481098948264
PIATE,PIATE,0.009675243512148515,0.17877505076086758,0.2560928087919656,0.5548439483607733,0.0006129485736901543
PIATE,PIATE,0.008237748723569614,0.18079328605788422,0.2611798850448336,0.549261971383274,0.0005271087898893507
PIATE,PIATE,0.00890597891072317,0.1772932726062823,0.25439184687945254,0.5588825042840622,0.0005263973189208086
PIATE,PIATE,0.010646099338271769,0.1841227612542524,0.25887036690550075,0.5457073573769138,0.0006534151245155214
PIATE,PIATE,0.008185506958404962,0.17698833269634534,0.2556808391887168,0.5586681751038564,0.0004771460521179128
PIATE,PIATE,0.021412184646437193,0.19997299045181133,0.2664237470364781,0.5104149738998374,0.00177610396492556
PIATE,PIATE,0.1213023914770631,0.21532960820643623,0.24818363153005607,0.394975871741109,0.02020849704494046
PIATE,PIATE,0.09781154489584662,0.21338318201625545,0.251348033225557,0.42355312916932625,0.013904110692591126
PIATE,PIATE,0.028077549930686334,0.2015402259884057,0.26285653559876926,0.5050301667468964,0.0024955217347372013
PIATE,PIATE,0.1659306418065137,0.2194688059205365,0.24265185176374468,0.3332391268558307,0.038709573653041084
PIATE,PIATE,0.013191856129291805,0.18783623469031507,0.25924938087763494,0.5388600830517898,0.0008624452504295074
PIATE,PIATE,0.0156320754209014,0.1934289195510587,0.2625869519994072,0.5272674035547897,0.0010846494733156161
PIATE,PIATE,0.011357160636097442,0.1853822635491893,0.2586152633663953,0.5439555798204742,0.0006897326272998382
PIATE,PIATE,0.015031806321066061,0.19117517909083584,0.262033823674151,0.5306583047199802,0.001100886193436073
PIATE,PIATE,0.014003471001118623,0.19158960111318377,0.2639316750581497,0.5294417562663517,0.001033496560666622
PIATE,PIATE,0.014351830512376108,0.18921369074976446,0.2607382998135707,0.5346731142350768,0.0010230646886772439
PIATE,PIATE,0.04371529661135335,0.22047378808717125,0.2724563500366159,0.45854419759356213,0.004810367670838595
PIATE,PIATE,0.012949801503067602,0.18038600021041,0.25390531973314295,0.5518815260071601,0.0008773525456673109
PIATE,PIATE,0.015515193907363594,0.19085480231219829,0.26060795408824466,0.5319340915006229,0.001087958191038633
PIATE,PIATE,0.009328209607014493,0.1761386919700042,0.25231523830971997,0.5616794600342331,0.0005384000784665786
PIATE,PIATE,0.016061529866551294,0.1952401411235827,0.26422345173444267,0.5233302468406031,0.0011446304342967685
PIATE,PIATE,0.007521328018479071,0.17439582431187486,0.2525814067262376,0.5651093723799666,0.0003920685628767441
PIATE,PIATE,0.006465589201901214,0.16511423432079103,0.24569161761530975,0.5823963483504236,0.00033221051099203486
PIATE,PIATE,0.016673202367066715,0.1983113474713726,0.26781465064434506,0.5158775038751711,0.0013232956415286825
PIATE,PIATE,0.013597049693435831,0.19170386398582687,0.2641854658975516,0.5295446063031197,0.0009690141195363084
PIATE,PIATE,0.030353492504269924,0.21206801759562133,0.2715676776071556,0.48308097802241423,0.002929834270055797
PIATE,PIATE,0.019374311653577527,0.1980178728412459,0.2639172449900981,0.5172763577433576,0.0014142127712036545
PIATE,PIATE,0.03965023430251615,0.21963397299436135,0.27222713017412653,0.4644643791532509,0.004024283375280552
PIATE,PIATE,0.021398505398631057,0.202409823993142,0.26730773684657017,0.5071252133860493,0.0017587203751002463
PIATE,PIATE,0.025222490084031008,0.20485260547751746,0.26723476928656875,0.5005348396672552,0.002155295484127037
PIATE,PIATE,0.006114928644401958,0.16633876260871447,0.2468649474395149,0.580381489665303,0.000299871641485195
PIATE,PIATE,0.046662662874376176,0.22052712896267415,0.27436577130178436,0.4526035291707691,0.005840907689943519
PIATE,PIATE,0.014120044549513138,0.19109603972954575,0.26277464261062844,0.5309894894785374,0.0010197836312442307
PIATE,PIATE,0.016637220297858007,0.19402390510964565,0.26294999208862513,0.5251716309243734,0.0012172515789726547
PIATE,PIATE,0.010291835490845268,0.18185414723292312,0.25792464951416993,0.549273032520206,0.0006563352413064094
PIATE,PIATE,0.02041684262742235,0.20148954837590566,0.26728477631258213,0.509130281551368,0.0016785511322126862
PIATE,PIATE,0.0626763216055313,0.22919126941254658,0.2719449274776802,0.4282179233978583,0.007969558105955237
PIATE,PIATE,0.03989160777718826,0.2085759459622353,0.2636494887470116,0.4841187234711613,0.00376423404191916
PIATE,PIATE,0.01588418745032715,0.19207012505245832,0.2638947727508315,0.5269213718054544,0.0012295429404017284
PIATE,PIATE,0.017938788920588047,0.19991116492534605,0.26911735888121996,0.5115286442582423,0.0015040430140920251
PIATE,PIATE,0.0678340649094494,0.21152792129936593,0.2592805968525506,0.4530429010225338,0.008314515915647138
PIATE,PIATE,0.029920291543723235,0.2129209821597757,0.271924030710916,0.48236427662359393,0.0028704189615087897
PIATE,PIATE,0.04211509429937402,0.2217577907041924,0.2784461085307562,0.45192054202982235,0.005760464435403265
PIATE,PIATE,0.03002177583119102,0.21084235783476418,0.268560226053581,0.48797754438496155,0.0025980958950143746
PIATE,PIATE,0.011486218277368641,0.1847460762555435,0.25755146523544226,0.5455202430084541,0.0006959972226458598
PIATE,PIATE,0.031739422544683295,0.20489348742425287,0.26396954417476065,0.49671217261770906,0.0026853732380974237
PIATE,PIATE,0.030555586000753848,0.21109330619397107,0.2704180856500244,0.48510996762981806,0.0028230545249474863
PIATE,PIATE,0.010434191301268584,0.1845406111636286,0.26072170885764606,0.5436254420895588,0.0006780465873542519
PIATE,PIATE,0.06636837680209427,0.08699540330089586,0.1467771506339258,0.6936292533298685,0.006229815932521845
PIATE,PIATE,0.11225218875220046,0.1075604173600182,0.1645100424296694,0.6011533211008309,0.014524030356679847
PIATE,PIATE,0.11834526652679724,0.2581816436746155,0.27921917818675734,0.31369399827897765,0.030559913332538532
PIATE,PIATE,0.0767729376544392,0.20403244610223645,0.256483523412805,0.4500199226318752,0.012691170198194122
PIATE,PIATE,0.1082296562193693,0.2611033348259343,0.28384305469690985,0.3202100796126883,0.026613874644778022
PIATE,PIARA,0.19072695186743976,0.23904806888289237,0.24665668554188672,0.23924101271389822,0.08432728099363618
PIATE,PIATE,0.09694341539875806,0.26349417460850993,0.28769404344516253,0.32830412577492873,0.023564240772312384
PIATE,PIARA,0.2130729079051613,0.21856358263022083,0.2297782937002165,0.22443581625031703,0.11414939951385453
PIATE,PIATE,0.13025356364832358,0.2623796565099829,0.27650608036834057,0.2935666916995071,0.037294007773552205
PIATE,PIARA,0.1478604073184913,0.2626373002385751,0.2714685316190232,0.2690551503149922,0.04897861050864658
PIATE,PIARA,0.17725023976892243,0.24866697365393417,0.2552681033757563,0.2500178487353117,0.06879683446582009
PIATE,PIATE,0.11030031542792276,0.2701256962537131,0.28668292708058535,0.3033938996465277,0.029497161590947712
PIATE,PIATE,0.13391566997175297,0.2668616989935151,0.27766249103434754,0.28149715116508267,0.040062988835020165
PIATE,PIATE,0.11189686712259289,0.270173882833366,0.2860346480438368,0.30196883658865786,0.029925765411244313
PIATE,PIARA,0.16207197921182775,0.2547527905535773,0.26314262909956254,0.2604637181488163,0.059568882985952885
PIATE,PIATE,0.1309013274505854,0.2644150814481652,0.2782818053499625,0.2880066874822412,0.03839509826875768
PIATE,PIATE,0.14971406232289872,0.18709109484308256,0.22842999279130177,0.4021178839939484,0.03264696604836634
PIATE,PIATE,0.12128803079574844,0.1454877186480264,0.20055308189540322,0.5128658442390926,0.019805324421216363
PIATE,PIATE,0.06268399228992785,0.2713495227049055,0.3039479170958046,0.34930633348940127,0.01271223441961157
PIATE,PIATE,0.07939629085658127,0.27623068713140253,0.30055099589871653,0.32580646370021316,0.018015562412760797
PIATE,PIATE,0.1701535013341742,0.23456553661738214,0.25107806452851994,0.29270360974015536,0.05149928777947564
PIATE,PIATE,0.14382750137830944,0.24670574263474035,0.2650062012998709,0.3046410470182775,0.03981950766849721
PIATE,PIATE,0.16164661147799492,0.23753175976467142,0.2554521315750954,0.29766884246946446,0.04770065471247611
PIATE,PIATE,0.06467792875495812,0.16088850515334904,0.2236139209937675,0.5426026632699925,0.008216981827390243
PIATE,PIATE,0.07700931059164627,0.2720740074638943,0.2992446902543163,0.33462842159675465,0.01704357009305369
PIATE,PIATE,0.06037621990351753,0.26785137303250106,0.3029159399721655,0.3569888620442507,0.011867605047208109
PIATE,PIATE,0.0787374989583612,0.26344724859460594,0.29430512234960043,0.3468222356309603,0.016687894466125237
PIATE,PIATE,0.12416408135347229,0.27024356201850097,0.2822199995573366,0.28756332247222255,0.03580903459817993
PIATE,PIATE,0.08329270587396162,0.26397656906172867,0.29256359252364406,0.34148952530152976,0.018677607238794507
PIATE,PIALE,0.190276877208616,0.2671314522657321,0.241468246732166,0.1285689312086475,0.1725544925845713
PIATE,PIATE,0.1039900534584352,0.27147727060014504,0.2896664416142795,0.3096891090316396,0.02517712529519106
PIATE,PIATE,0.07421884074925525,0.27518771112210716,0.30181222912476363,0.3327804464702477,0.01600077253329352
PIATE,PIATE,0.07174416725211606,0.2713262612439947,0.30031914028161866,0.34146026351997255,0.01515016770195649
PIATE,PIATE,0.08977491619248074,0.27385564813755464,0.29557292315248407,0.3198286377398036,0.020967874777357152
PIATE,PIATE,0.05850855942930036,0.27141256422530097,0.3054363466203077,0.3529256424327058,0.011716887292032149
PIATE,PIATE,0.07229878220566624,0.2720131058541161,0.3005244522179249,0.3397932081432414,0.015370451578711508
PIATE,PIATE,0.12904881269483529,0.26284365190872655,0.27702545403925655,0.29480931141062355,0.03627276994626317
PIATE,PIATE,0.10981088596247451,0.23766580602965148,0.2702087282640013,0.35774454750098816,0.02457003224252679
PIATE,PIATE,0.07197254831142279,0.26734438319816184,0.29870991627797167,0.34681460795849267,0.015158544253604293
PIATE,PIATE,0.056222584684785276,0.18434906556693095,0.24667270823577406,0.5049668361441134,0.007788805367891244
PIATE,PIATE,0.053871471255479066,0.07903665428563898,0.13876068440479603,0.7242723244933994,0.004058865559962204
PIATE,PIATE,0.14124079480793705,0.09377715846981399,0.14704698451206874,0.5987793058559733,0.019155756353608052
PIATE,PIATE,0.09535052596615347,0.0954241990583989,0.15459030572838206,0.6433231591398574,0.01131181010656487
PIATE,PIATE,0.09940282968419674,0.12807318491957975,0.18769521374124545,0.570747886451449,0.014080885202958209
PIATE,PIATE,0.12668273102375996,0.1379689464546305,0.19291419394520695,0.5216501467340736,0.020783981841807214
PIATE,PIATE,0.13062334259701786,0.25871149676769706,0.2759694618634325,0.2953704408607418,0.039325257910815405
PIATE,PIATE,0.1421319913849505,0.2479437608994751,0.26710873967895044,0.2984513316289193,0.04436417640740619
PIATE,PIATE,0.08987794787840926,0.26254549711720104,0.29078561390198954,0.33473584173473925,0.02205509936732618
PIATE,PIATE,0.12194805248531428,0.21141195866002774,0.2516593106016753,0.3878233721198801,0.02715730613271467
PIATE,PIATE,0.218111941599119,0.18244521857163912,0.21246755197284437,0.30413115006119057,0.0828441377949028
PIATE,PIATE,0.0857706877229693,0.08624944165732874,0.143138769702075,0.6766316261765218,0.008209474740428421
PIATE,PIATE,0.11327416284027168,0.08622188904884319,0.14055358586220323,0.6475337617895193,0.012416600458514969
PIATE,PIATE,0.13089952913165676,0.11973118435914802,0.17630697256642958,0.552060195708808,0.021002118233405483
PIATE,PIATE,0.1578464121505975,0.08529405947857362,0.1361186608552535,0.603256214592854,0.017484652922118024
PIATE,PIATE,0.19207334797134576,0.10378621717714781,0.15304734363292924,0.5152298033949709,0.03586328782309091
PIATE,PIATE,0.10152145226799222,0.2574954272066143,0.2841710375755112,0.33120372031059186,0.025608362638959145
PIATE,PIATE,0.12076822278909494,0.25996993297445325,0.2796156469936594,0.3033641067883044,0.03628209045418471
PIATE,PIATE,0.1645524113650711,0.24527240689317514,0.2587849892768098,0.27193954695725764,0.05945064550741443
PIATE,PIATE,0.09389385347380028,0.27732517619481856,0.296521321254901,0.3062375736984961,0.02602207537767782
PIATE,PIATE,0.09052567470426746,0.2583921783676476,0.28838765610828054,0.34100606888957563,0.02168842192988769
PIATE,PIATE,0.11219302058327614,0.24425099755022386,0.2741725088756265,0.3416610903127828,0.027722382677748948
PIATE,PIATE,0.13748627101468788,0.21010538433011847,0.2479504446729041,0.3700203776835995,0.03443752229832
PIATE,PIATE,0.08972171750517743,0.08506342488136494,0.14180745141661547,0.6741114862059285,0.009295919990239413
PIATE,PIATE,0.10831348232224716,0.08501287944556654,0.13980569721105307,0.6551948106984014,0.0116731303220766
PIATE,PIATE,0.12145969348416844,0.1399649146223076,0.19668647844584977,0.5212840218076972,0.02060489163945567
PIATE,PIATE,0.14243278367481738,0.13956732026603189,0.19193698945118126,0.5014382520416809,0.02462465456578709
PIATE,PIATE,0.060269124185701003,0.24156860101111804,0.28868237547986253,0.39814580339640804,0.011334095926512366
PIATE,PIATE,0.1939420497372802,0.22465794401987293,0.24072491123463377,0.2596765351468759,0.08099855986107746
PIATE,PIATE,0.11787516625688084,0.2210460435842246,0.2593065407293058,0.3741875579687967,0.027584691460417792
PIATE,PIATE,0.05740976119947952,0.2089955803755189,0.267033570726831,0.4573421647163788,0.009218922981334343
PIATE,PIATE,0.13365173750861792,0.26144374035832707,0.27659788144788894,0.282383526028588,0.04592311465629565
PIATE,PIARA,0.13417718781772037,0.27392511140781217,0.2819533600183393,0.2588611436041756,0.05108319715167061
PIATE,PIATE,0.11481517948031851,0.2666168755071581,0.2853990968188717,0.2969876233889939,0.036181224804360756
PIATE,PIATE,0.12373234141174609,0.2631664432859445,0.2806313633258511,0.292724629644428,0.03974522233173754
PIATE,PIATE,0.1457723943561564,0.2571936368560465,0.27055326731138074,0.27452778301736575,0.0519529184587759
PIATE,PIALE,0.15946387605011608,0.27334003445828203,0.27081937844147413,0.2270414677512129,0.06933524329864144
PIATE,PIARA,0.17286462048082674,0.2593595137093843,0.26113542045595345,0.22283367407584842,0.08380677127772579
PIATE,PIARA,0.1345421817214348,0.26929456071103663,0.279807077143469,0.26706492356276096,0.04929125686101882
PIATE,PIALE,0.16707981657116905,0.29692622278046205,0.26960303991535306,0.16100395575238788,0.10538696498033104
PIATE,PIALE,0.1841383423918258,0.2696319418142539,0.2558707377382072,0.1761096979967762,0.11424928005866734
PIATE,PIATE,0.13905096541223583,0.2525164140256187,0.2716889274138151,0.28943069536158944,0.04731299778645139
PIATE,PIARA,0.15875886743817652,0.2520054390698337,0.26446117307418615,0.25968660978510755,0.06508791063243158
PIATE,PIATE,0.12449223682512384,0.26187442524545773,0.2804633455827382,0.29132085858190354,0.041849133764485257
PIATE,PIATE,0.14561979712091658,0.2277665624961518,0.2568228448657311,0.3259204954064029,0.043870300110471654
PIATE,PIATE,0.14396433836667905,0.24729835409025613,0.2672470223296756,0.2949311580738933,0.046559127139200907
PIATE,PIALE,0.1818119473580232,0.2626907818652241,0.25722933899707595,0.19899325375577392,0.09927467802364016
PIATE,PIARA,0.15637458647370023,0.258832184663941,0.2673181280350983,0.25704348508470976,0.0604316157422834
PIATE,PIATE,0.1347494904632623,0.25923860798086423,0.2752058187687378,0.2869535638483129,0.04385251893853587
PIATE,PIATE,0.09454380642276733,0.2641947349704252,0.2902850098521023,0.32725201357171885,0.02372443518265906
PIATE,PIATE,0.10185774611724462,0.2595762405184626,0.28561101471373984,0.3257186217569476,0.02723637689327952
PIATE,PIATE,0.06995937207412163,0.08858653611894812,0.17720178053984076,0.5899177907240363,0.07433452054246324
PIATE,PIATE,0.06752763634133307,0.1008339520114033,0.19601238925668302,0.5406107216637608,0.09501530072627917
PIATE,PIATE,0.06562882968323004,0.11334025201371092,0.21189512955721326,0.5133666574601182,0.09576913128521407
PIATE,PIATE,0.08246786233945705,0.08037296644027282,0.16131405343920674,0.6036106589860063,0.07223445879445345
PIATE,PIATE,0.10020981766441069,0.08775992583910151,0.16596867784427957,0.5623790205395418,0.0836825581121039
PIATE,PIATE,0.08441778923600342,0.07352626061801863,0.1519693107037206,0.6133595552069937,0.07672708423465015
PIATE,PIATE,0.09034462914144717,0.08504733023748037,0.1636882369603915,0.5929028961949656,0.06801690746512228
PIATE,PIATE,0.07969903090954718,0.10510098853963433,0.19013324523498784,0.5634468344122878,0.06161990090297927
PIATE,PIATE,0.06931592576147372,0.08509669169430255,0.1678320871173273,0.6278447092292883,0.04991058619698019
PIATE,PIATE,0.06884083355952855,0.09644593113223801,0.18743762099358183,0.5732079714297892,0.07406764288428921
PIATE,PIARA,0.035526665468852546,0.21851734636180872,0.32858522816754193,0.3155427335147337,0.10182802648673445
PIATE,PIATE,0.06963319692723818,0.09437189333701933,0.18683914702391774,0.562242097920153,0.08691366479110955
PIATE,PIATE,0.060064784471690946,0.10480717069657328,0.2031340369591388,0.5537899577607417,0.07820405011130137
PIATE,PIATE,0.05670474712988274,0.13813069682963525,0.24421439279605142,0.4625661626266474,0.09838400061732056
PIATE,PIATE,0.0434940617965757,0.17804088215458408,0.2911355105727388,0.3908178588457306,0.09651168662997989
PIATE,PIATE,0.0822818151214303,0.07506614595525173,0.1541075175607361,0.617367110444058,0.0711774109179065
PIATE,PIATE,0.08543685467261247,0.07246666579530193,0.14998133288580073,0.6165763373729156,0.07553880927275271
PIATE,PIATE,0.09772812542891848,0.07065505250105966,0.14714055525401845,0.5789214233210138,0.1055548434944105
PIATE,PIATE,0.062407664468127504,0.09289065934529032,0.18500816872844947,0.5936192388326249,0.06607426862491407
PIATE,PIATE,0.050463671126232415,0.13484558681109668,0.24144634170467766,0.5044372849293441,0.06880711542814469
PIATE,PIATE,0.06964961740201171,0.07796832545779833,0.16246801131181324,0.6211183452789941,0.06879570054876151
PIATE,PIATE,0.06395885432937606,0.11476295797832184,0.21510198022022375,0.5072685955381572,0.098907611933414
PIATE,PIATE,0.07110703086391329,0.07594346715642272,0.15826009180851486,0.6302202210897724,0.06446918908074631
PIATE,PIATE,0.07734507521658461,0.07060595734618898,0.15029485861755645,0.6266747797930617,0.07507932902598155
PIATE,PIATE,0.07005411971323483,0.07698779104999362,0.16106777494147234,0.6212687731634292,0.07062154113124872
PIATE,PIATE,0.09067293576297003,0.07813498388309296,0.155676305589233,0.6014731007953786,0.07404267396872376
PIATE,PIATE,0.10412457154765967,0.07933503635781675,0.15495141441198768,0.5733827190081231,0.08820625867383926
PIATE,PIATE,0.07454500207987512,0.07351659198513628,0.1549711320624306,0.625033654241341,0.07193361963059192
PIATE,PIATE,0.08429495948859954,0.07801068757011877,0.15594185856488418,0.6192474345753091,0.06250505980046919
PIATE,PIATE,0.0575327717174804,0.1144681112191839,0.21288013322190266,0.5528036931239705,0.06231529071690983
PIATE,PIARA,0.007305250242699437,0.404000906224524,0.4219750858229008,0.10995009625125948,0.056768661458194085
PIATE,PIALE,0.000835138587844009,0.6172279705373063,0.3423790626222102,0.014323064537191083,0.025234763714831136
PIATE,PIARA,0.007294583183330038,0.40436054122410736,0.42422368370684066,0.1191817350439137,0.04493945684138397
PIATE,PIALE,0.00017269848871608167,0.7233037808747459,0.26136302903531516,0.0035856688020344876,0.011574822798465128
PIATE,PIALE,0.0016620556067616901,0.5789992181341452,0.36706374395625463,0.028148577493417128,0.024126404808842258
PIATE,PIALE,0.0008940956939123915,0.6226050303331864,0.34026702949672366,0.014506325659458435,0.02172751881609639
PIATE,PIARA,0.022839730125595155,0.2531009038295475,0.3648811962156296,0.2604484531371659,0.09872971669169685
PIATE,PIALE,0.007478861140007904,0.41969713872402536,0.41221945972409635,0.1094187799114168,0.05118576050003385
PIATE,PIALE,0.0012839215615025295,0.5895666607030391,0.3636326263870395,0.021313867961972047,0.024202923385857205
PIATE,PIALE,0.00042463537847725727,0.6697563279158718,0.3028025849700709,0.007620045028465335,0.019396406706444897
PIATE,PIALE,0.005630580484091417,0.4572140132432952,0.41139648098087744,0.0835497718035441,0.04220915348773451
PIATE,PIARA,0.015168456781627388,0.31864977281328977,0.39872035773849623,0.17963523535379267,0.08782617731239518
PIATE,PIALE,0.004866856328078834,0.4485726817831798,0.41250806002058826,0.07571367127600387,0.0583387305917004
PIATE,PIARA,0.009074484086515231,0.3702449895630495,0.41840088775671597,0.1425431406012935,0.05973649799200729
PIATE,PIARA,0.010574825965468725,0.36120955878064237,0.4125374265640607,0.14148410878956172,0.07419407989985398
PIATE,PIARA,0.019744834635131766,0.2674123182791074,0.37506146981005234,0.26528465693123343,0.07249672034410003
PIATE,PIARA,0.008593004399362643,0.3972923676989664,0.4185478043454043,0.12482564352234159,0.05074118003350649
PIATE,PIATE,0.04298984255548566,0.11252064032959767,0.21481746288414952,0.5878567363569493,0.04181531787322991
PIATE,PIALE,0.005908339621905842,0.44408997159920804,0.4122428794929816,0.08380426394525065,0.053954545340209735
PIATE,PIALE,0.0013944603615107863,0.5765421230966197,0.3688094079328826,0.022676547181580405,0.030577461426829867
PIATE,PIATE,0.11605616286330975,0.2123375205048177,0.2640275204982392,0.3526640305093099,0.05491476562397083
PIATE,PIATE,0.11318913386842705,0.13306226318708114,0.20826374901389624,0.4774413489686103,0.0680435049615079
PIATE,PIATE,0.07314024978623063,0.08861479324559714,0.17119960615454913,0.620658229056065,0.04638712175693729
PIATE,PIATE,0.10345360737298956,0.14364625073560844,0.2197301567613893,0.4755903215444294,0.05757966358510773
PIATE,PIATE,0.12349483065997441,0.1334469383177135,0.2051866314574109,0.46545363508593474,0.07241796447850095
PIATE,PIATE,0.10676726217276328,0.11245779080820331,0.19083261261525247,0.5167275417969315,0.07321479260633265
PIATE,PIATE,0.09100676520135012,0.09900935174048718,0.18033913562040058,0.5660532389548589,0.0635915084823372
PIATE,PIATE,0.13684225858581808,0.14169494224022527,0.20908937458361374,0.42700972715879637,0.08536369743111943
PIATE,PIATE,0.08553795598851363,0.06344577708227543,0.13902748088062716,0.6172718896116954,0.09471689643627086
PIATE,PIARA,0.13337425765182406,0.25533749253584337,0.2782345057637439,0.2648570737837541,0.06819667026455627
PIATE,PIARA,0.010381123169702857,0.3942157872349788,0.41117538586908786,0.09000676685305414,0.09422093687276506
PIATE,PIARA,0.011063756305487964,0.3885664427859083,0.41033868461401724,0.09460653661972432,0.09542457967445177
PIATE,PIALE,0.0069426983765203875,0.4408360392068677,0.4106269723469629,0.06264178784057359,0.07895250222863438
PIATE,PIARA,0.01094821976262245,0.3902983263848884,0.41226746230597455,0.0963167656094351,0.09016922593666717
PIATE,PIARA,0.020154262085215955,0.3213433352826984,0.39245058836563185,0.16611884452903403,0.09993296973702728
PIATE,PIALE,0.0017429949035847852,0.5743991624635788,0.3631026344881093,0.018405563747284574,0.042349644396868086
PIATE,PIALE,0.002675290082023187,0.5316563454099805,0.3853317664337032,0.027721834664952157,0.05261476340880922
PIATE,PIALE,0.00044042871409588554,0.6770053309256804,0.29482623837719746,0.005606914818912735,0.022121087163436415
PIATE,PIALE,0.0002250504887290321,0.7114448832033957,0.2684447345763798,0.0034242220711861253,0.016461109659597743
PIATE,PIATE,0.05952800726177247,0.12229372357190277,0.22769964687261995,0.4788290838189445,0.11164953847428133
PIATE,PIATE,0.10622721185163864,0.07845307483165555,0.15508634397042087,0.5599537004387571,0.1002796689069678
PIATE,PIATE,0.13524478874820492,0.09525513763055997,0.16822965835628037,0.47880123543875347,0.12246917982572254
PIATE,PIATE,0.13109843561745138,0.0921129624871289,0.16580529825620088,0.4906072749901808,0.12037602864854736
PIATE,PIATE,0.09992962787106449,0.06506745516125832,0.13952815774390487,0.583800094136168,0.1116746650870206
PIATE,PIATE,0.10771882517989904,0.07079403277195424,0.14549570128597994,0.5600596920507409,0.11593174871086573
PIATE,PIATE,0.10399492318280079,0.06649707929732054,0.1404414776180547,0.5706121749115436,0.11845434498970984
PIATE,PIATE,0.0900922336932034,0.06686605915545459,0.14470240477414067,0.5788247237604562,0.11951457861616631
PIATE,PIATE,0.10076463771419829,0.06592986742635085,0.14053424247239682,0.5792098194932426,0.11356143289323219
PIATE,PIATE,0.1560452769434479,0.11129317086845257,0.17894636070888087,0.42744031616993555,0.12627487530885562
PIATE,PIATE,0.09304208436331331,0.061018734144539025,0.1351744935422486,0.6026462919171117,0.10811839603218466
PIATE,PIATE,0.19966140744714309,0.1581315115478935,0.2002023346171206,0.2621930450406648,0.17981170134691576
PIATE,PIATE,0.13155210947793497,0.09635781120631869,0.16953621097941823,0.4425846103747132,0.1599692579611723
PIATE,PIATE,0.09105933021469415,0.08541695715022846,0.16890520357185018,0.5053668115106561,0.1492516975520658
PIATE,PIATE,0.17940393546352262,0.1225205631691321,0.18147654225821397,0.34570770033843695,0.1708912587703487
PIATE,PIATE,0.1834641834558331,0.1228117313894592,0.18045406150133278,0.33888043421240893,0.17438958944062702
PIATE,PIATE,0.20769057266294755,0.16223473942637778,0.1986861891976187,0.24055405107423294,0.1908344476385824
PIATE,PIATE,0.16740416141809478,0.11941088256517755,0.18278935230301552,0.377205626252085,0.15318997746124996
PIATE,PIATE,0.1980873410177935,0.15251169903993025,0.19716965182811272,0.2719609419701915,0.18027036614370015
PIATE,PIATE,0.18505007807029997,0.12922624085587933,0.18489350401572222,0.32303370527320413,0.1777964717845713
PIATE,PIATE,0.1904243979201782,0.14579533540104164,0.19645650248022714,0.30463284206676833,0.16269092213148006
PIATE,PIATE,0.08496586452717396,0.06813128978694491,0.14750955284194528,0.5745190659039764,0.12487422693938498
PIATE,PIATE,0.1711565995036247,0.1044072971612182,0.16808878579419476,0.3996112101535355,0.15673610738702734
PIATE,PIATE,0.13310601632976762,0.0880219085333903,0.1603767159592486,0.4724110625479523,0.1460842966291689
PIATE,PIATE,0.15874746109546214,0.10692334933987575,0.17344606773755702,0.39873701989526517,0.16214610193144105
PIATE,PIATE,0.11688085685531874,0.07780365289291785,0.1526662044818309,0.5200574109614083,0.13259187480800416
PIATE,PIATE,0.17660614423696547,0.12882443260620624,0.18803588579755384,0.3455047200333215,0.16102881732560737
PIATE,PIATE,0.1425200941884526,0.09198218214652959,0.16265066773976178,0.4581183386864883,0.14472871723830943
PIATE,PIATE,0.11856590900255284,0.08126581334637571,0.15645517102195255,0.505841618187192,0.137871488441421
PIATE,PIATE,0.18322168361563843,0.13265387776061574,0.18916134174179883,0.330295278280608,0.1646678186010087
PIATE,PIATE,0.18153551241545776,0.12270410333800603,0.18120339620047227,0.3430159210752871,0.17154106697043364
PIATE,PIATE,0.037077152632219744,0.1857901586240738,0.30181421513612994,0.32678613773968973,0.14853233586755982
PIATE,PIATE,0.13771203406609947,0.09079475799473953,0.16236762482394637,0.46779455500385664,0.1413310281108902
PIATE,PIATE,0.14434190245439404,0.09528952925607706,0.16554804733656156,0.45810217241240414,0.13671834854010498
PIATE,PIATE,0.0982657610849496,0.09954474794577234,0.17824942954159054,0.5582521480464112,0.06568791338071807
PIATE,PIATE,0.1248443021139187,0.13029838173720099,0.2016047668725333,0.4705401191899375,0.07271243008593892
PIATE,PIATE,0.18336403857088077,0.13685195329353328,0.1926984835007174,0.3442810549862139,0.14280446964831028
PIATE,PIATE,0.11993620971012928,0.0899945974883013,0.16456047883417338,0.5221866494131358,0.103322064553738
PIATE,PIATE,0.07373156748592642,0.08410340283635716,0.16650476282688476,0.623818648456728,0.051841618393479894
PIATE,PIATE,0.083552050568715,0.07671487684612625,0.15652140773216003,0.6097902443980828,0.07342142045430612
PIATE,PIATE,0.0850411671109484,0.06610192442047477,0.1434281186994322,0.6128997818613883,0.09252900790714344
PIATE,PIATE,0.20184237441640546,0.14466583198189187,0.1911417087561334,0.28880488039786545,0.17354520444741506
PIATE,PIATE,0.20060035925905675,0.14328238300619392,0.19041463417195853,0.2924696044588631,0.17323301910363512
PIATE,PIAAT,0.2156022714669739,0.1973598402376495,0.21272147144513023,0.193451188479439,0.18086522837059182
PIATE,PIATE,0.20883454446301727,0.1640878637223425,0.20086003207834371,0.25281258805914403,0.1734049716768996
PIATE,PIARA,0.20308661144603038,0.22329632152624404,0.2298785768213364,0.18886966705547723,0.15486882315068212
PIATE,PIARA,0.2034119720746656,0.20974492571035086,0.22648820576148324,0.21317687063834664,0.14717802581492712
PIATE,PIATE,0.17860016474772636,0.12690386664754935,0.18565087410466305,0.361884692991912,0.1469604015077873
PIATE,PIATE,0.1939585752488534,0.1660037753573234,0.20903879506846285,0.2956210897939872,0.1353777645310774
PIATE,PIATE,0.19564812220449346,0.16336141777947358,0.20669206246179025,0.29579375332266583,0.13850464423128106
PIATE,PIATE,0.20941835072760814,0.16598027075812757,0.2015658208747505,0.2527501207928988,0.1702854368463622
PIATE,PIATE,0.0697186628439256,0.09166753473561134,0.18475516864178285,0.5560042478958592,0.09785438588226485
PIATE,PIATE,0.04392843511260472,0.19254614880890497,0.3029708431226538,0.3386065498917891,0.12194802306370874
PIATE,PIATE,0.07811912901664947,0.07436266602528628,0.15841964698557448,0.5858530574979353,0.10324550047396858
PIATE,PIATE,0.10131868623322299,0.07100099114285029,0.14649572291047283,0.5774293442201963,0.10375525549268019
PIATE,PIATE,0.04157684436547277,0.20205265596565555,0.31154188413319334,0.31964743481876257,0.12518118071659612
PIATE,PIATE,0.07182479918776315,0.093740096028934,0.18785831406150258,0.5253388560207423,0.12123793470053262
PIATE,PIATE,0.05200659004652392,0.15801106613527333,0.2676292783009628,0.4043281473031761,0.11802491821365961
PIATE,PIATE,0.12218752858148159,0.09447334505153321,0.1685956831458774,0.5205936716560176,0.09414977156456955
PIATE,PIARA,0.03878403237453982,0.21238263853508088,0.3213890483072623,0.3090979584477576,0.11834632233503792
PIATE,PIATE,0.06958117657385965,0.08653767299480028,0.17566905548761225,0.5912650231583678,0.07694707178476874
PIATE,PIATE,0.1373062165114386,0.09186257014349075,0.16333361569170884,0.47055292336637705,0.13694467428651422
PIATE,PIATE,0.20107552917780372,0.17945502749553022,0.21419858760285646,0.26281491275340135,0.14245594297014544
PIATE,PIATE,0.13119747557522593,0.11252997700628983,0.18358378023180133,0.4908080297488649,0.08188073743732716
PIATE,PIATE,0.14953427567547453,0.10642788043910176,0.17456261587522143,0.451234901706372,0.11824032630337898
PIATE,PIATE,0.1784232159804259,0.12261577394551698,0.181779490915963,0.35168211766496277,0.16549940149277967
PIATE,PIATE,0.12527252950012618,0.08261947719100282,0.15546568425789214,0.5151094942351946,0.12153281481526908
PIATE,PIATE,0.11850776779253049,0.07753640794878564,0.15081970606939232,0.5363229376301125,0.11681318055864269
PIATE,PIATE,0.1332276053101711,0.08776812640222295,0.1596455849594556,0.49278847367009126,0.1265702096575664
PIATE,PIATE,0.1407855740396338,0.09264763728298461,0.16283105244729013,0.48232742219240204,0.12140831403720712
PIATE,PIATE,0.1583844734909084,0.1054596786604945,0.1723144610058236,0.4286992079094067,0.1351421789329382
PIATE,PIAAT,0.2152584347981601,0.18844036396306993,0.2061721887803683,0.1856626517049776,0.20446636075320873
PIATE,PIATE,0.19487103069709696,0.1292558844620099,0.18199265335097656,0.3146422967575716,0.1792381347320303
PIATE,PIATE,0.17997635242082036,0.11899552352689015,0.1785439534166687,0.36033079901848436,0.16215337161677607
PIATE,PIATE,0.18477385728379223,0.12198082324726368,0.18011126140505543,0.3618016191348251,0.15133243892870166
PIATE,PIATE,0.1710248380562696,0.10564645139309475,0.1693719155746473,0.4085621368804457,0.14539465809513402
PIATE,PIAAT,0.21503789562338851,0.1940347500647068,0.21089476617365954,0.1918853833089474,0.18814720482908268
PIATE,PIAAT,0.21659669837660614,0.20501866224321968,0.21259424848939185,0.1707120156564822,0.1950783752340834
PIATE,PIALE,0.17321888879992686,0.28245178966621987,0.24270510689067745,0.1047376136594079,0.19688660098348543
PIATE,PIATE,0.17391208873101177,0.11245766351958127,0.1748793296569929,0.38547954404531465,0.15327137404671387
PIATE,PIATE,0.1610679246808578,0.10013123936065317,0.16625794349591008,0.42916761594550973,0.14337527651664
PIAVE,PIATE,0.03837372900401316,0.07123260328132139,0.13239673577430197,0.7555107160340823,0.0024862159055256006
PIAVE,PIATE,0.034314451986726134,0.0739439205127789,0.13577979824967684,0.7539825533512478,0.001979275898816364
PIAVE,PIATE,0.04079975284620074,0.0722856237127823,0.13307361124860856,0.7511299979035884,0.0027110142880687853
PIAVE,PIATE,0.024852332809641945,0.06884652789981802,0.13076830022734087,0.7742386107419906,0.0012942283204342557
PIAVE,PIATE,0.051551102224092475,0.07805947481382194,0.13874981591998375,0.7281217059891616,0.003517901052212065
PIAVE,PIATE,0.037720039534609416,0.07834948630194816,0.1401247053609718,0.7416824827463364,0.0021232860553924158
PIAVE,PIATE,0.04400663141649709,0.07787417071895882,0.13890994771888807,0.7364831422146835,0.002726107930236028
PIAVE,PIATE,0.01973991106726011,0.07187681279890003,0.13438371535657204,0.7731635766858296,0.0008359840906651
PIAVE,PIATE,0.03923843385381758,0.07770917325540726,0.139476313276812,0.7412799681615899,0.002296111451631964
PIAVE,PIATE,0.03777696493108791,0.07632383973320028,0.13813129925409715,0.7455526901127337,0.0022152059681353796
PIAVE,PIATE,0.02397108384378428,0.08637061046595156,0.1541741043860733,0.7337010867182926,0.001783114585164504
PIAVE,PIATE,0.019935046573200443,0.1787967784434648,0.25580540440933414,0.5432979281780885,0.0021648423953687895
PIAVE,PIATE,0.028858623311661984,0.15432599903875646,0.22880241127058998,0.5848070448490155,0.0032059215293912726
PIAVE,PIATE,0.0361492215488933,0.12713365987787129,0.1978813879235905,0.6352059026101045,0.0036298280389052066
PIAVE,PIATE,0.03140982928722125,0.16142049338843742,0.23452794714765635,0.5689202115061287,0.003721518669987347
PIAVE,PIATE,0.01717482163661932,0.1219674052858932,0.19877492085159598,0.660687128457713,0.00139572376751774
PIAVE,PIATE,0.013010460665220852,0.09671647145161326,0.17042284269189148,0.7190093091261466,0.0008409160644087834
PIAVE,PIATE,0.04078492749247012,0.07979078961272534,0.14286247158653623,0.732942893724597,0.003618917582938205
PIAVE,PIATE,0.03266063734274109,0.07072298293586218,0.13189349438460368,0.7624405287557394,0.002282356580291076
PIAVE,PIATE,0.06284575060130483,0.09886878223917846,0.1632828521794029,0.6676121007352872,0.007390514244158942
PIAVE,PIATE,0.02660570455068842,0.06850750075508427,0.12981902481543936,0.7733461739293737,0.001721595948640868
PIAVE,PIATE,0.06375168325255638,0.13437762394469177,0.20173843744889103,0.5910744258632166,0.009057829490053135
PIAVE,PIATE,0.07776098620307557,0.13475429103378922,0.19882081612825475,0.5772550731324116,0.011408833501891537
PIAVE,PIATE,0.04552450785297139,0.10614853923004978,0.17409904786981417,0.6694119706275289,0.004815934418966374
PIAVE,PIATE,0.035801843292281046,0.11025664576923705,0.1788103836200388,0.6719004348566749,0.0032306924610961602
PIAVE,PIATE,0.036083099557541895,0.10181099994729388,0.17075679663199872,0.6879073777915375,0.0034417260709400867
PIAVE,PIATE,0.023085852501491623,0.0655205668424052,0.12682284412032105,0.7831991805532061,0.0013715559817926832
PIAVE,PIATE,0.023434553046070884,0.06663415990002118,0.12792509258133994,0.7806993678576587,0.0013068266141285673
PIAVE,PIATE,0.043504190986382994,0.073304437001984,0.13367561085570828,0.7462226837851507,0.0032930773700278176
PIAVE,PIATE,0.06955816932912898,0.07761934791886481,0.13618715186697603,0.7103092177250276,0.00632611315929218
PIAVE,PIATE,0.028168984629220344,0.06658119897243221,0.1278385723604985,0.7755665274484614,0.001844716588611859
PIAVE,PIATE,0.025256035589833713,0.1054774069319226,0.17818848198177595,0.6888224161342001,0.002255659361578617
PIAVE,PIATE,0.019533000686277075,0.12071240417193634,0.19824085026288144,0.6597258584109691,0.0017878864672763598
PIAVE,PIATE,0.03496725566019923,0.0693606322411405,0.13051329573528309,0.7623324622517195,0.0028263541108953802
PIAVE,PIATE,0.031869999167303,0.06813105375452448,0.12926854611446653,0.7684643918745294,0.002266009088407896
PIAVE,PIATE,0.026506686925822913,0.0675333836291965,0.12882695680225092,0.7753288740536802,0.001804098588274086
PIAVE,PIATE,0.028500869475136015,0.06883285160552881,0.13026838935278448,0.7707908650783316,0.0016070244874481828
PIAVE,PIATE,0.02538153567266855,0.06817343848182066,0.12980343678793205,0.7752901980823029,0.0013513909745004468
PIAVE,PIATE,0.0349930691423792,0.071467445162172,0.1323277482616885,0.7590921784243189,0.0021195590086823517
PIAVE,PIATE,0.034376950853308885,0.0709192546141941,0.1320816978823802,0.7605398896942424,0.0020822069551138765
PIAVE,PIATE,0.0658951329394655,0.074799763627848,0.13419498019982684,0.7183019971848308,0.006808126047310404
PIAVE,PIATE,0.07776826141066555,0.07531664619447564,0.13400120484402825,0.7040531826060547,0.00886070494407179
PIAVE,PIATE,0.032840533260681634,0.06846909265970057,0.12985739745735633,0.7663695176387851,0.00246345898270978
PIAVE,PIATE,0.03608252407833188,0.07067120311731095,0.13173379166975258,0.7587862232189865,0.0027262579148592168
PIAVE,PIATE,0.03712644764447435,0.06848056393852268,0.12973569580643465,0.7615673504132654,0.0030899421965413223
PIAVE,PIATE,0.04139594794825998,0.07196845626544046,0.13318032633817975,0.750672251831856,0.0027830176155130048
PIAVE,PIATE,0.04525435333879763,0.07570054076736168,0.13673661068516157,0.7393279501144199,0.00298054509351984
PIAVE,PIATE,0.06029877726779641,0.07510586901568055,0.13509415389013968,0.7247296207585174,0.0047715790671409835
PIAVE,PIATE,0.04107465571473063,0.0729462452899755,0.13425763558761686,0.7490243977800486,0.0026970656268792896
PIAVE,PIATE,0.04550015494355403,0.07449405164418062,0.135277474600022,0.7416668526215955,0.0030614661899061074
PIAVE,PIATE,0.24535625488342946,0.0678758940749443,0.11317596775189992,0.5179942168682257,0.0555976664209826
PIAVE,PIATE,0.2544802031474629,0.06511673907531818,0.10981071665644111,0.507533203385074,0.06305913773519632
PIAVE,PIATE,0.2534448427123267,0.06666925131601127,0.11143880704843087,0.4992972858538277,0.06914981306890429
PIAVE,PIATE,0.26088090872955366,0.06439563851884342,0.10844279139649185,0.4984690011327017,0.0678116602219109
PIAVE,PIATE,0.2609759850637907,0.06442556190855385,0.10851891990931593,0.49938923570395355,0.06669029741388662
PIAVE,PIATE,0.23776777155292986,0.15282725472493836,0.19013574638405528,0.31487257378237604,0.10439665355538555
PIAVE,PIATE,0.25033444574334596,0.1153748466317751,0.15995446513040007,0.3789136546242117,0.09542258786988815
PIAVE,PIATE,0.2662124963456915,0.10801928427176408,0.15143281649442222,0.35204936298127865,0.1222860399064914
PIAVE,PIATE,0.2630197752274815,0.07481351727393881,0.12013250924548387,0.45757603995551793,0.08445815829712025
PIAVE,PIATE,0.24789933467314626,0.0706674681890337,0.11612012039748533,0.49919649484026285,0.06611658189957262
PIAVE,PIALE,0.1660650975364336,0.2829483335698743,0.23358476614139434,0.08270660466275036,0.23469519808926437
PIAVE,PIATE,0.24876576353043536,0.1255557496315376,0.16833125398613794,0.3653640635852921,0.09198316926623165
PIAVE,PIAVE,0.18694416190160087,0.17521116235913003,0.20702158003724563,0.21266575470267116,0.21815734099913392
PIAVE,PIALE,0.16950597194267225,0.28041660016280157,0.2347431755059774,0.0880624244022252,0.22727182798604312
PIAVE,PIATE,0.23987108208867694,0.14421867485273301,0.1836926114816326,0.34013251547704815,0.09208511609956918
PIAVE,PIAVE,0.1945885317086484,0.23386800974062646,0.21801842847679734,0.11796698478771182,0.2355580452859805
PIAVE,PIAAT,0.2229134367742084,0.20606628022462212,0.21678303728644102,0.19101455778732349,0.16322268792718206
PIAVE,PIATE,0.25167190509786247,0.11005212477804661,0.15503400018524713,0.3992417791507775,0.08400019078766709
PIAVE,PIATE,0.19382540783875565,0.08001997820190297,0.12835222400083143,0.5689031555525673,0.028899234405373682
PIAVE,PIATE,0.22847329939903926,0.13634125801105845,0.17924695766270748,0.38525698238161205,0.07068150254519748
PIAVE,PIATE,0.18851781443325943,0.1922208709841675,0.22551572594062433,0.33176446104594287,0.061981127595674035
PIAVE,PIATE,0.1715628426964107,0.10980079275754065,0.16136275053102483,0.5259097761544685,0.031363837860029394
PIAVE,PIATE,0.15514721702389306,0.08439494894620132,0.1356027589486669,0.603254292487059,0.02160078259357646
PIAVE,PIATE,0.19462337148456185,0.08945791480377105,0.13886306156411915,0.5400341447129685,0.03702150743403946
PIAVE,PIATE,0.21464867443751554,0.16120815958786125,0.19985362288022793,0.35239228455025035,0.07189725854379243
PIAVE,PIAAT,0.22045118665640762,0.20864111853348746,0.2201065959095,0.2003494602179404,0.15045163868244407
PIAVE,PIARA,0.21908200099697986,0.2108907670377332,0.22154960319814743,0.1992853961552048,0.1491922326117132
PIAVE,PIATE,0.19310689426098404,0.18583238646164685,0.22030013233774184,0.33998339186117515,0.060777195078112106
PIAVE,PIATE,0.21599633232840856,0.17146196060887894,0.2066162040632414,0.32739964994518433,0.07852585305395932
PIAVE,PIATE,0.17836308609525098,0.10380835578992696,0.15470341208997418,0.5309647454773286,0.03216040054698823
PIAVE,PIAAT,0.2292723262069365,0.19248133808629458,0.20720419226698808,0.18973258806528054,0.18130955537427093
PIAVE,PIALE,0.15941478863798184,0.28399137561066856,0.2300088979077988,0.07547557665823981,0.2511093611850269
PIAVE,PIATE,0.2345535491296919,0.07241694795803483,0.11802424476168054,0.5266686675140869,0.04833659063597909
PIAVE,PIATE,0.21920147001193296,0.07537595205248535,0.12194859412055498,0.5406838873090736,0.04279009650541242
PIAVE,PIATE,0.2439490007548931,0.15818015209366162,0.1916970332318045,0.2857954609719997,0.1203783529473553
PIAVE,PIALE,0.1817434258659057,0.2643490722952852,0.2318839101200193,0.1025299175746486,0.2194936741438768
PIAVE,PIAVE,0.19854829578536476,0.2223942346698384,0.21296296391979816,0.12639641140830143,0.23969809421645752
PIAVE,PIATE,0.21818287898690197,0.1779144459047259,0.21032434430359898,0.3094007947276267,0.0841775360768369
PIAVE,PIATE,0.23525286020090078,0.17978915999429845,0.20645739803880037,0.25840038650393127,0.12010019526181082
PIAVE,PIAAT,0.24544383107863457,0.1700663464386571,0.1957304937739455,0.22956044089925676,0.15919888780926061
PIAVE,PIATE,0.026935689998854487,0.07835986593986913,0.14063257388267061,0.7528678497034891,0.001204020474363707
PIAVE,PIATE,0.04232937606721855,0.08514500367677548,0.14611462168030676,0.7241926439811968,0.0022183545937781235
PIAVE,PIATE,0.03294680353546679,0.0842857175675295,0.14609210717274354,0.735175553747318,0.0014998179762068296
PIAVE,PIATE,0.019173691548777873,0.07932472833089593,0.1418933494659649,0.7589379894736051,0.0006702411799972711
PIAVE,PIATE,0.01951601286591684,0.09193755595009956,0.15177802945276408,0.73622810455464,0.0005402971758431387
PIAVE,PIATE,0.02767798851617948,0.0867887193868697,0.14784548582964235,0.7366328780201846,0.0010549282463872076
PIAVE,PIATE,0.015449336565045785,0.0813279334681148,0.1431328640268984,0.7596426244905308,0.0004472414486507286
PIAVE,PIATE,0.00432149510108817,0.07029583619594239,0.13195217864384484,0.7933623884943777,6.810156395350192e-05
PIAVE,PIATE,0.005094533431759681,0.06710420544602415,0.1294308966618519,0.7982737537649198,9.66106946460482e-05
PIAVE,PIATE,0.055973808038659686,0.08886775176501197,0.1483523503195921,0.703564731028429,0.003241358847603589
PIAVE,PIATE,0.017611566959759795,0.09901327586185574,0.1573121527301671,0.7256606647180674,0.0004023397294242169
PIAVE,PIATE,0.029592601368275233,0.08316778406145289,0.14488017734472347,0.7410941854850231,0.001265251739783964
PIAVE,PIATE,0.01935892579274344,0.07484260454437251,0.13746279629619299,0.7675831125834022,0.0007525607825212006
PIAVE,PIATE,0.03080078824985532,0.08738211091950591,0.14847206523150164,0.7320983190628826,0.0012467165355224271
PIAVE,PIATE,0.015245510632989692,0.10688693513560207,0.16212602549118343,0.7154661858234307,0.0002753429160786231
PIAVE,PIATE,0.011481607343504353,0.10486013715417747,0.16010873778798854,0.7233727273478026,0.0001767903658036837
PIAVE,PIATE,0.02860060944008899,0.08330593736869174,0.14521388549157613,0.7416802426957779,0.0011993250031234832
PIAVE,PIATE,0.05029536585173482,0.08956080078217954,0.14972351447730614,0.7077186514067094,0.002701667481362267
PIAVE,PIATE,0.06709581805151597,0.09237671250632985,0.1508900251452366,0.6855463439859557,0.0040911003102763075
PIAVE,PIATE,0.010483951221620009,0.07145924976829642,0.13466372651485098,0.7830980733701213,0.0002949991243281091
PIAVE,PIATE,0.05552205946777456,0.08692238496426144,0.14664488657652927,0.7076072687546631,0.003303400236063956
PIAVE,PIATE,0.07099983372575812,0.09033730377817852,0.14854755032026734,0.685502915935559,0.004612396239551429
PIAVE,PIATE,0.03679181549420574,0.08583850678439067,0.14716846428611471,0.7284717473778533,0.001729466056707132
PIAVE,PIATE,0.015330142041913835,0.07377788307659572,0.13636734849942087,0.7740071876470452,0.0005174387342503721
PIAVE,PIATE,0.03947698673928932,0.09369948048131634,0.1533256515950671,0.7118285324238367,0.0016693487597786633
PIAVE,PIATE,0.03390759425186553,0.09427923819325819,0.15391396946250754,0.7166095439539981,0.001289654137653912
PIAVE,PIATE,0.03431754224553268,0.0817172961964569,0.14321550017723236,0.7390878149463375,0.0016618464337013173
PIAVE,PIATE,0.016442024953370667,0.07595566948745743,0.13846027507367656,0.7685874591361638,0.0005545713485629377
PIAVE,PIATE,0.021879358695568424,0.07395159836476728,0.13637093888802843,0.7668600616805172,0.0009380423703517753
PIAVE,PIATE,0.059382989339050125,0.08897973666558927,0.14824893067805842,0.699827281611149,0.0035610617054534213
PIAVE,PIATE,0.024005406202178337,0.0744289198990295,0.1365988916234995,0.7638893792798028,0.0010774029947257853
PIAVE,PIATE,0.02535779666006973,0.0849116146357839,0.14650581078947403,0.7422760423481825,0.000948735565747625
PIAVE,PIATE,0.011392899248749517,0.06812011227674176,0.13089300146534857,0.7892312306303584,0.00036275637801239915
PIAVE,PIATE,0.020804489863306512,0.0904145221821396,0.15112014214133312,0.7370415445007992,0.0006193013116845014
PIAVE,PIATE,0.026215217284043243,0.08708044245484937,0.14852742961286822,0.7372122672261583,0.000964643421343553
PIAVE,PIATE,0.05525560616668334,0.0824752022215594,0.14215074926257515,0.7165654114404396,0.003553030908025787
PIAVE,PIATE,0.04198212162797025,0.08113629573619906,0.14205857646716674,0.7324741991518746,0.002348807016056842
PIAVE,PIATE,0.027075062834071854,0.0767326273453765,0.13892993185733604,0.7560040051606923,0.0012583728017672956
PIAVE,PIATE,0.02518446358260304,0.07450348982059136,0.13645307904856172,0.7626956423823953,0.001163325165085924
PIAVE,PIATE,0.06149778893927314,0.08582928921922936,0.14498738858885832,0.7037056567819471,0.00397987646998829
