y_true,y_pred,proba__PIAAT,proba__PIALE,proba__PIARA,proba__PIATE,proba__PIAVE
PIAAT,PIAAT,0.8070644133969722,0.042868117860869824,0.045639839971838084,0.08734277373674075,0.017084855033579042
PIAAT,PIAAT,0.6637664413103206,0.048041760959378746,0.04892910727573577,0.22408573323117914,0.015176957223385724
PIAAT,PIAAT,0.7132412775009798,0.062080547187102715,0.06010336094510903,0.13346471419632713,0.03111010017048142
PIAAT,PIAAT,0.7493987593555835,0.059065653004537866,0.0580730105006275,0.10890536786799242,0.02455720927125874
PIAAT,PIAAT,0.7356421409718117,0.05387995567311188,0.060680796277594616,0.14280051647207462,0.006996590605407117
PIAAT,PIAAT,0.6668384538712191,0.06405289494115793,0.06955603705513808,0.17126004622170266,0.02829256791078225
PIAAT,PIAAT,0.793684358830336,0.048125979364882096,0.050957089418057586,0.09945201895854121,0.00778055342818326
PIAAT,PIAAT,0.8329625382940681,0.06335604652337169,0.03943108801298168,0.05521427613995337,0.009036051029625179
PIAAT,PIAAT,0.7281918007475295,0.04102779538789757,0.034150014713788514,0.17799673512369782,0.018633654027086475
PIAAT,PIAAT,0.6580916267874727,0.04041061274765426,0.049913049044548546,0.22367361712988246,0.027911094290441984
PIAAT,PIAAT,0.7044146017877622,0.05760906193214359,0.06350932660956395,0.14913844991016184,0.02532855976036845
PIAAT,PIAAT,0.6268449385092015,0.044800519074630445,0.04640944397062722,0.25705851015548664,0.024886588290054124
PIAAT,PIAAT,0.7714279072206983,0.03797169391447223,0.050667796435522716,0.13194848110380417,0.007984121325502632
PIAAT,PIAAT,0.8120594144925825,0.0631599921598867,0.043536533479180885,0.07317409425111114,0.008069965617238719
PIAAT,PIAAT,0.7500750716562615,0.05890931156928104,0.04956821788109183,0.10745977626267561,0.033987622630689884
PIAAT,PIAAT,0.7795431085546649,0.026749318597288525,0.04061165285327338,0.14871307912072848,0.004382840874044755
PIAAT,PIAAT,0.5521127277710536,0.047229333501758314,0.05597926150378615,0.31826657568698774,0.026412101536414243
PIAAT,PIAAT,0.6747657211182391,0.07340991446321976,0.058934323488433485,0.16161554999825897,0.03127449093184879
PIAAT,PIAAT,0.8371331477537041,0.043125538785757526,0.04280804179625858,0.06999010634341196,0.006943165320867784
PIAAT,PIAAT,0.6572557045987545,0.0708745511949465,0.06793747398134657,0.17056153084418374,0.03337073938076871
PIAAT,PIAAT,0.8150561752011778,0.05113428709551136,0.03689881817112968,0.05004171611441558,0.04686900341776567
PIAAT,PIAVE,0.007190780881006802,0.08318866440190793,0.05131816999164848,0.02095266722205794,0.8373497175033788
PIAAT,PIAAT,0.5191094532053544,0.08319801343844975,0.05970191589999509,0.30126917200581327,0.036721445450387386
PIAAT,PIAVE,0.07267407376567851,0.035074792741911054,0.21484608125060084,0.3222688580851678,0.3551361941566419
PIAAT,PIATE,0.13961630455388638,0.03820891155068967,0.17899049288981214,0.40807462434777597,0.2351096666578358
PIAAT,PIAAT,0.6928073058536941,0.048456854252293714,0.04762502362958358,0.18691709944344884,0.0241937168209799
PIAAT,PIAAT,0.7146377511173128,0.06021918991754973,0.05713800979131882,0.14210224021431866,0.025902808959499934
PIAAT,PIAAT,0.7495647834208631,0.06078493143855068,0.05852131401841959,0.10604663457996878,0.025082336542197898
PIAAT,PIAAT,0.7951187437266559,0.03223428333358984,0.030661562439333538,0.12922340877082786,0.01276200172959281
PIAAT,PIAAT,0.7308408637686171,0.056701371404612205,0.04881791532917495,0.13898468813942202,0.024655161358173777
PIAAT,PIATE,0.3019600810216154,0.011387702615364427,0.018201479351436047,0.5320775948861708,0.13637314212541332
PIAAT,PIATE,0.17950656523342004,0.01273953675603584,0.021776329317766532,0.720830424697769,0.06514714399500861
PIAAT,PIATE,0.2870550167046201,0.010933029467786329,0.020249433107746417,0.5254628498664707,0.15629967085337645
PIAAT,PIAAT,0.5573589460012258,0.007522846972727083,0.01042507724296252,0.17210581724211202,0.2525873125409725
PIAAT,PIAAT,0.5472694441737888,0.008928763387321145,0.013933081080766803,0.23582843811966914,0.19404027323845413
PIAAT,PIAAT,0.5321541483446474,0.006065201072468217,0.008591348224810443,0.15986188470168242,0.2933274176563915
PIAAT,PIAAT,0.5931170952264031,0.013683857075177488,0.016151219956319053,0.29926348677551384,0.07778434096658648
PIAAT,PIATE,0.3325593557115413,0.009944430949104934,0.014640070888022027,0.43969342397855804,0.20316271847277373
PIAAT,PIAAT,0.5714604494416433,0.005510937590085906,0.008137932485907067,0.12266554670383961,0.29222513377852416
PIAAT,PIATE,0.32074977121246445,0.010858343959464915,0.018808707063098735,0.43969100311088855,0.20989217465408344
PIAAT,PIAAT,0.6011377141742522,0.007707106721606915,0.010907273391729673,0.18662621486233733,0.19362169085007383
PIAAT,PIAAT,0.4342394666527853,0.012107543080019729,0.07033353769996797,0.06907340857876038,0.4142460439884666
PIAAT,PIAAT,0.809592753661748,0.006051343149414727,0.014328455392272291,0.03382857713145428,0.13619887066511055
PIAAT,PIAAT,0.650479267207007,0.00733455043236961,0.04084022284322265,0.041622063831806576,0.25972389568559406
PIAAT,PIAAT,0.5872908103872866,0.008647770443684184,0.023102545964752013,0.16581408778453244,0.21514478541974477
PIAAT,PIAAT,0.770127388273037,0.01424490029035683,0.017625871808676388,0.16233116158317695,0.035670678044752706
PIAAT,PIAAT,0.7349195618137607,0.023751108644102285,0.018352415680976134,0.20361552589964513,0.01936138796151558
PIAAT,PIATE,0.32000939140531653,0.1065691399457436,0.028907686531506837,0.5303555356568926,0.014158246460540312
PIAAT,PIAAT,0.7462856107533378,0.026310084074152005,0.016795717792062768,0.19112898988094282,0.019479597499504696
PIAAT,PIATE,0.06835333766410359,0.3666127663835381,0.02552120230055455,0.530743470516126,0.008769223135677674
PIAAT,PIAAT,0.7285412336060788,0.010632779363139984,0.016618371181649987,0.17536277626870844,0.06884483958042281
PIAAT,PIAAT,0.8083305702265123,0.008447721777892426,0.009903797528005602,0.1451177289497607,0.028200181517828937
PIAAT,PIATE,0.19962908017476078,0.008753757323085776,0.09157069224220775,0.38423802887853026,0.3158084413814155
PIAAT,PIAAT,0.7376582093602654,0.006479209124401403,0.009982823048708536,0.1604258830417706,0.08545387542485408
PIAAT,PIAAT,0.8720943583050261,0.002640806321241262,0.0035841136976006854,0.04161808412303434,0.0800626375530976
PIAAT,PIAAT,0.756668451865583,0.004486721465473854,0.0060073504446610995,0.07659960618210537,0.1562378700421767
PIAAT,PIATE,0.22920951505843656,0.010927867452117452,0.016151573412247943,0.5895000239506114,0.15421102012658652
PIAAT,PIAAT,0.5231403126554145,0.005742954498552419,0.008652657164276031,0.17857567542324745,0.28388840025850953
PIAAT,PIAAT,0.7387588355098157,0.002932882590314017,0.0033872034310882065,0.04000032638786735,0.21492075208091482
PIAAT,PIAAT,0.5254556501918067,0.0067147121016827285,0.009968533043247012,0.14057648251069094,0.3172846221525726
PIAAT,PIATE,0.3206265515245438,0.014644288835555899,0.02414471044966013,0.5371087627855087,0.10347568640473147
PIAAT,PIAAT,0.8203376523547682,0.00306783083184683,0.004433870918983385,0.06440693841215317,0.10775370748224852
PIAAT,PIAAT,0.6465827660429219,0.00916528605477866,0.05015381254483507,0.04035118601695478,0.25374694934050945
PIAAT,PIAAT,0.8899321412797092,0.002817226990763544,0.003811683415655718,0.04035223222627078,0.06308671608760076
PIAAT,PIAAT,0.8296340883493387,0.00862273096638261,0.011546172101678598,0.0945539992468196,0.055643009335780445
PIAAT,PIAAT,0.7644710311221014,0.01779130347938877,0.015661868707276844,0.1707814510386423,0.03129434565259057
PIAAT,PIAAT,0.7324118703973752,0.028481546564272618,0.020038741335733867,0.19624538902389882,0.022822452678719414
PIAAT,PIATE,0.3377495029221081,0.17270972298956153,0.035463122212622676,0.4344855943508069,0.01959205752490064
PIAAT,PIAAT,0.6704597045810958,0.019411432590317985,0.013892851643117921,0.2854977318249844,0.010738279360483955
PIAAT,PIATE,0.1719776653674886,0.31190720852929055,0.04180028863673472,0.4549870836863934,0.019327753780092684
PIAAT,PIARA,0.21315068803052564,0.06604331975891607,0.707201389821562,0.009103462257306506,0.004501140131689816
PIAAT,PIAAT,0.4531081386606722,0.057652238571454226,0.42239962960524896,0.0344780058613041,0.032361987301320595
PIAAT,PIARA,0.06385909709196952,0.07622740892474512,0.8076077709520402,0.0391113524603618,0.013194370570883332
PIAAT,PIARA,0.2730829292103852,0.2816246635095423,0.35759098902748043,0.018667079708483397,0.06903433854410862
PIAAT,PIARA,0.2866425468461999,0.06347466633483397,0.6302140429213035,0.01213388343512151,0.007534860462541259
PIAAT,PIAAT,0.47345294088766643,0.10573657723357423,0.380076154569228,0.025049086855456065,0.01568524045407521
PIAAT,PIAAT,0.4690312867260698,0.1018310917941935,0.39468345617319234,0.016289810676118923,0.018164354630425407
PIAAT,PIAAT,0.47417055582040146,0.13048452223197465,0.32533641257439017,0.023094207626754345,0.04691430174647937
PIAAT,PIAAT,0.4996988937111496,0.16214788249072828,0.13260734107238017,0.04792912511168349,0.15761675761405852
PIAAT,PIARA,0.06980755314233703,0.09654488832197139,0.8139970549854956,0.014443996007135647,0.00520650754306032
PIAAT,PIAAT,0.5794855318964831,0.050329403218998724,0.350314761524698,0.011867223310824043,0.008003080048996337
PIAAT,PIAAT,0.6653612470144282,0.008629487603661503,0.051085643819953334,0.04074050668206832,0.23418311487988874
PIAAT,PIAAT,0.6699185191158893,0.12301125770390918,0.1579642122457393,0.013353211815973992,0.03575279911848824
PIAAT,PIAAT,0.5113196473371366,0.028742598158844557,0.3831778934020347,0.05125555028722924,0.025504310814754877
PIAAT,PIARA,0.16356875000744642,0.03405711601170346,0.643349389121308,0.1402170911769664,0.018807653682575788
PIAAT,PIARA,0.2858204542639882,0.048981985529289604,0.3472728028665134,0.20183393522725554,0.11609082211295328
PIAAT,PIARA,0.13174933084036367,0.047027635302855995,0.6248219151388137,0.17537380892163196,0.021027309796334784
PIAAT,PIAAT,0.5061565729808251,0.12278987904292099,0.31728325994974554,0.019606719283430777,0.034163568743077584
PIAAT,PIARA,0.16281108282072876,0.061959385964127235,0.6989372426138982,0.06223833928358343,0.014053949317662384
PIAAT,PIARA,0.29891328678238926,0.08248675967255001,0.5800572326155452,0.026697659512478693,0.01184506141703684
PIAAT,PIAAT,0.5009716141708115,0.007716011623898653,0.0325633984505552,0.22526309915310075,0.2334858766016339
PIAAT,PIALE,0.3077419675648498,0.33459636946435567,0.30708134662401376,0.018715558975501083,0.0318647573712797
PIAAT,PIARA,0.14945653816038795,0.04885918229893621,0.7791149579485032,0.017288386517217827,0.0052809350749548605
PIAAT,PIARA,0.11377591452861885,0.046894009724341164,0.7547240343544517,0.07540294498125737,0.009203096411331062
PIAAT,PIARA,0.24779048746739873,0.03250205966528278,0.6820249780521455,0.02443951879041243,0.013242956024760676
PIAAT,PIARA,0.10995622706549793,0.037475580727649276,0.7757763761322308,0.05378093868940965,0.023010877385212167
PIAAT,PIAAT,0.33431287729839276,0.19860896958199256,0.15281225662180853,0.040875170957438936,0.2733907255403672
PIAAT,PIARA,0.30777332551458936,0.048173006765567815,0.5650171247676967,0.05431621244738681,0.02472033050475927
PIAAT,PIAAT,0.4702027569278895,0.03978853940316034,0.40329425059024826,0.04759352230621808,0.039120930772483894
PIAAT,PIARA,0.06711289262904939,0.03908943526093447,0.8471318804253203,0.04091227120062701,0.005753520484069067
PIAAT,PIATE,0.15352080042673452,0.01697741454579301,0.15367008130187787,0.3792612036848739,0.2965705000407207
PIAAT,PIARA,0.15124234241204615,0.08250693202841893,0.689299903813169,0.05338069954084333,0.023570122205522535
PIAAT,PIARA,0.20240267117637198,0.07425695972727141,0.6323369350585144,0.05831788395456089,0.03268555008328121
PIAAT,PIATE,0.16641628673581058,0.011827231700070016,0.041632716818676786,0.6661359152674635,0.11398784947797917
PIAAT,PIARA,0.16671656437353324,0.07736117303782324,0.6288636944510765,0.05334075364283172,0.07371781449473534
PIAAT,PIARA,0.05898441091803557,0.05597458385349145,0.853156250979506,0.0247262924507872,0.007158461798179711
PIAAT,PIAAT,0.47785477583858643,0.038629307248974926,0.41872156419985546,0.03627591297517046,0.028518439737412693
PIAAT,PIARA,0.217532902179887,0.04134244406467402,0.6922306571110608,0.0346937331690628,0.014200263475315349
PIAAT,PIARA,0.06677272289574634,0.017042257547756474,0.4814435240886188,0.12353153538497345,0.3112099600829049
PIAAT,PIARA,0.3709890777344206,0.04497851091944906,0.5462206576939244,0.027205852499335,0.010605901152870967
PIAAT,PIAAT,0.5154676531558986,0.008626377205815544,0.030105123567488495,0.3896577428053716,0.05614310326542573
PIAAT,PIATE,0.08134048136698935,0.00646181115799961,0.01684400610537142,0.8388409942334589,0.05651270713618078
PIAAT,PIATE,0.06034920545709704,0.006558092050681318,0.009167347177838445,0.8735018062821438,0.050423549032239515
PIAAT,PIATE,0.07384955923878944,0.008229337588902123,0.035835913829521414,0.8683387264528937,0.013746462889893266
PIAAT,PIATE,0.13192788543087225,0.009436328465710601,0.03853721217032206,0.7704654628158847,0.049633111117210464
PIAAT,PIATE,0.02323457468210109,0.0024998089148116297,0.007180198108454828,0.9606720930140124,0.006413325280620017
PIAAT,PIAAT,0.46309800503076126,0.0053597888240335305,0.013265185620816704,0.451681278440396,0.06659574208399252
PIAAT,PIAAT,0.5618831767025476,0.0240019997727791,0.16263411272870248,0.1785293007469345,0.07295141004903632
PIAAT,PIAAT,0.5151251708399501,0.00987608586003376,0.03686417757320844,0.3819741613217935,0.05616040440501422
PIAAT,PIATE,0.07705204470884564,0.0071525814741736525,0.010784363519710018,0.8544737044694762,0.05053730582779441
PIAAT,PIATE,0.25727160820482753,0.016504014350100953,0.07514959106291237,0.6018520036926305,0.049222782689528774
PIAAT,PIAAT,0.7023098848973302,0.015620145935764914,0.07368344350722292,0.13177792202326258,0.0766086036364196
PIAAT,PIAAT,0.6026688521181066,0.022740379505643112,0.09548780585934487,0.23724168460337222,0.04186127791353326
PIAAT,PIATE,0.18349555719638452,0.015275100364144019,0.08054647580399579,0.6865056913785893,0.03417717525688638
PIAAT,PIAAT,0.560752430039718,0.013332396260184586,0.04929694884903293,0.3149665790585255,0.06165164579253902
PIAAT,PIATE,0.45755225238792796,0.006295013813371834,0.014754457907085967,0.49471213598621383,0.02668613990540053
PIAAT,PIATE,0.11463489176555762,0.005279428193952915,0.01596611272587101,0.8375596161349754,0.02655995117964311
PIAAT,PIATE,0.07659680715182396,0.006496069084519101,0.026175859938076248,0.8722173952821421,0.018513868543438478
PIAAT,PIATE,0.14532774640621238,0.013719369712962934,0.07257306740520356,0.7344198381627186,0.033959978312902483
PIAAT,PIATE,0.16352704355644862,0.013476189788257747,0.10998005967832822,0.6622490528448691,0.050767654132096225
PIAAT,PIATE,0.32500137353248565,0.016346028163919214,0.20132822441881953,0.35901054405242117,0.09831382983235432
PIAAT,PIAAT,0.5291122987620933,0.01867542441363513,0.2235039642500325,0.10204074988856733,0.1266675626856718
PIAAT,PIATE,0.2534781654515171,0.011674629118510806,0.11836349525300431,0.5359003385865535,0.0805833715904143
PIAAT,PIAAT,0.3788146975754507,0.012865675265976855,0.1344409075823483,0.3553823464221087,0.11849637315411543
PIAAT,PIATE,0.06525678718716973,0.00627800302190391,0.02176916303877601,0.8711675797281829,0.035528467023967406
PIAAT,PIATE,0.14016441512522157,0.007489721845014664,0.03333373660994323,0.7839505294889909,0.03506159693082964
PIAAT,PIAAT,0.5739981872851668,0.010304601191037942,0.043242352625172446,0.028840068436766817,0.34361479046185595
PIAAT,PIATE,0.3144456655873144,0.008354845108765838,0.022637708045773204,0.5943935829670018,0.060168198291144726
PIAAT,PIATE,0.13999465273370237,0.005546791516940173,0.01232906893481169,0.8123289314221049,0.029800555392440822
PIAAT,PIATE,0.09130871357591011,0.004552777193867642,0.013851058496273614,0.8634255158779175,0.026861934856031073
PIAAT,PIATE,0.18350391342051048,0.005861062625664424,0.017079184701447207,0.7638232507965328,0.02973258845584511
PIAAT,PIATE,0.15374832877621936,0.0071748779526820215,0.025062648457375655,0.7782843303975935,0.03572981441612946
PIAAT,PIATE,0.16070083043841665,0.010686386198428684,0.014939771976850844,0.7777406676512882,0.03593234373501546
PIAAT,PIATE,0.10621273387009064,0.00674896061684478,0.030266751004298823,0.8307630654027838,0.026008489105981872
PIAAT,PIATE,0.3890539389898353,0.00779256110068299,0.012368638342299473,0.560557566530716,0.030227295036466168
PIAAT,PIATE,0.11198582860869612,0.0062004631602320896,0.017989292825723462,0.8369076072197296,0.026916808185618788
PIAAT,PIAVE,0.1764483914328395,0.08929060072193525,0.08555126455563014,0.13188444313026584,0.5168253001593293
PIAAT,PIAVE,0.18637051566442342,0.02386719603494815,0.1883412665058059,0.05236720086733616,0.5490538209274863
PIAAT,PIAVE,0.2923962878510437,0.03397360154769671,0.06926907289183469,0.08508279956087965,0.5192782381485452
PIAAT,PIAAT,0.49441897632374554,0.007781528188401419,0.01777435827991859,0.39840853787370006,0.0816165993342344
PIAAT,PIAAT,0.4508158242653339,0.05378702534912609,0.2035270961003388,0.2055954113241544,0.08627464296104664
PIAAT,PIAVE,0.169257646551109,0.01824425688906017,0.164510764661112,0.18273219132412985,0.4652551405745889
PIAAT,PIAAT,0.4941008634249583,0.019753261541621624,0.1707384002383069,0.18617167694905698,0.1292357978460562
PIAAT,PIATE,0.2289862687106484,0.0047355711699334216,0.014621401135946134,0.7329115728408908,0.01874518614258127
PIAAT,PIATE,0.10741947959347165,0.007504751225954446,0.027633647447238122,0.8223221173129536,0.03512000442038218
PIAAT,PIATE,0.39711523895323303,0.008161735068592512,0.016424671491685416,0.5096639757704737,0.06863437871601528
PIAAT,PIAAT,0.770605753223963,0.014057034546719556,0.0636803030559143,0.09254836377284423,0.05910854540055903
PIAAT,PIAAT,0.6435513220089869,0.009502636190879146,0.027113467149449722,0.2638468712256602,0.05598570342502386
PIAAT,PIATE,0.30790082548156517,0.023373469105152003,0.13450919981657883,0.4969653314045622,0.0372511741921417
PIAAT,PIATE,0.24124322993282019,0.015462710050118572,0.07567037352171223,0.6069951737342992,0.06062851276104986
PIAAT,PIATE,0.06122791378280165,0.009804477317606303,0.0806408334339356,0.7864164719818475,0.061910303483808965
PIAAT,PIATE,0.07872257913474831,0.010944754483660949,0.11989992172611977,0.7065761484719462,0.083856596183525
PIAAT,PIATE,0.03249997681012372,0.009554642872204084,0.08754104602448841,0.7445825955678209,0.12582173872536284
PIAAT,PIATE,0.039352230684454564,0.010022584000478119,0.07537039727513127,0.6100672953733627,0.2651874926665734
PIAAT,PIATE,0.030029686573750932,0.008062823413910295,0.06737378077701044,0.7990613307916374,0.09547237844369094
PIAAT,PIATE,0.01499255164578604,0.008224314907451529,0.06041546220053539,0.5036211348542451,0.412746536391982
PIAAT,PIATE,0.01668387098170292,0.007895886334497147,0.06019483056969603,0.533008783437453,0.38221662867665096
PIAAT,PIATE,0.026802925595969047,0.008794499281723142,0.07150269731620212,0.69237496639463,0.20052491141147566
PIAAT,PIATE,0.02425061440580226,0.008483183273024412,0.05885055169679151,0.7430584623875693,0.16535718823681245
PIAAT,PIATE,0.013281434002907797,0.005152517237873665,0.042171414262315965,0.7644788376145624,0.17491579688234016
PIAAT,PIAAT,0.849181613189926,0.0020025110548039043,0.0027667524160305845,0.007214735164964358,0.1388343881742752
PIAAT,PIAAT,0.8895072700701868,0.0028595564443553347,0.006001814210149244,0.01041898349784849,0.09121237577745998
PIAAT,PIAAT,0.8574691433495147,0.00233316433551037,0.0034197619722980094,0.01058589590752763,0.12619203443514906
PIAAT,PIAAT,0.8496564558388485,0.002858936182744129,0.004991740205905455,0.013330164506754514,0.12916270326574744
PIAAT,PIAAT,0.49975724790090587,0.014018445460434483,0.13765843548122686,0.06250558081586019,0.28606029034157276
PIAAT,PIAAT,0.4888181018750507,0.012427325902187033,0.1381904352963085,0.11883860782005577,0.241725529106398
PIAAT,PIAVE,0.24971655125043773,0.01136485723978376,0.2101142816689469,0.19857084137999595,0.3302334684608357
PIAAT,PIAAT,0.6916632533263432,0.007709460836291882,0.1002443316384164,0.04413258852856812,0.1562503656703804
PIAAT,PIAAT,0.9119414316566904,0.0021252957979845544,0.0035434405312390754,0.010978510606166511,0.0714113214079194
PIAAT,PIAAT,0.8003304268362249,0.00285891358148431,0.00510537140195593,0.0141130381876844,0.17759224999265047
PIAAT,PIAAT,0.8596404600908724,0.003996785411344647,0.009118221707989425,0.0103265395658637,0.11691799322392993
PIAAT,PIAAT,0.8868718964471921,0.005925776887226472,0.01025996972790149,0.0068253030174219706,0.09011705392025798
PIAAT,PIAAT,0.8618050090137191,0.005827484417794978,0.011810392291980191,0.008367479099239742,0.11218963517726592
PIAAT,PIAAT,0.8880363779313492,0.005373886706716554,0.013388921736675066,0.007978466044075204,0.08522234758118419
PIAAT,PIAAT,0.8911514573444953,0.006512550388022681,0.013989441441699495,0.007870949133536097,0.0804756016922465
PIAAT,PIAAT,0.7896710807735183,0.005714625261318281,0.009291969016810061,0.008479351722061133,0.18684297322629237
PIAAT,PIAAT,0.8098567527395769,0.006559704927357714,0.007207367119264287,0.006646208992777884,0.16972996622102327
PIAAT,PIAAT,0.8038875685507318,0.004277056582345665,0.01092522733984366,0.017738721946405585,0.16317142558067324
PIAAT,PIAAT,0.8093833968020259,0.010227705979733949,0.010494868998893082,0.009323097555713516,0.16057093066363365
PIAAT,PIAAT,0.7020961630101948,0.006145968643948965,0.012239847495379683,0.05016130619439329,0.22935671465608315
PIAAT,PIAVE,0.12004814740981136,0.003734968597236369,0.007796217412125836,0.025654371017930378,0.8427662955628961
PIAAT,PIAAT,0.4555870756340657,0.06313841802637653,0.15277815842742715,0.04519010238599783,0.28330624552613287
PIAAT,PIAVE,0.31170704026226864,0.0026184941706876297,0.004777447042668458,0.019890695598136138,0.6610063229262391
PIAAT,PIAAT,0.5508219849156882,0.007094951741157591,0.011406964340266234,0.1333207067911296,0.2973553922117584
PIAAT,PIAAT,0.5126131685157579,0.018563651660269243,0.054748092194536385,0.03476175020941879,0.37931333742001766
PIAAT,PIAVE,0.1788498393064769,0.012631363931573814,0.06952137762823225,0.024420459510582592,0.7145769596231344
PIAAT,PIAVE,0.20775195783826658,0.0038278668479378615,0.008246833676413124,0.03938269129903306,0.7407906503383495
PIAAT,PIAVE,0.3368670064578099,0.004406056869038506,0.009082787655434372,0.07473557267374496,0.5749085763439722
PIAAT,PIAAT,0.5008373997371439,0.0037170100568116354,0.0064953085617894925,0.052193488225279194,0.43675679341897566
PIAAT,PIAVE,0.27765157285277087,0.002847172964173727,0.005834476224046705,0.0417340267228345,0.6719327512361744
PIAAT,PIAVE,0.2576948734828328,0.003022427399553624,0.004022083575700234,0.029380771858850806,0.7058798436830626
PIAAT,PIAVE,0.2561879316989558,0.008763380310911005,0.01697641090576981,0.30970350320599194,0.4083687738783714
PIAAT,PIAVE,0.23254117589839224,0.005720659939985766,0.014412227426468683,0.11627691138991608,0.6310490253452372
PIAAT,PIAVE,0.22601720120690713,0.004185650774033664,0.009621877550745925,0.06695402046274836,0.6932212500055649
PIAAT,PIAAT,0.6622541386379346,0.07104447479860984,0.08584983829759944,0.03398748806932574,0.14686406019653045
PIAAT,PIAAT,0.6400575674386719,0.013037407965294416,0.044529585697339606,0.03596776372382954,0.2664076751748645
PIAAT,PIAVE,0.28189846611912545,0.004600081443299949,0.006681321312243205,0.03222961117474047,0.674590519950591
PIAAT,PIATE,0.30853629355113743,0.011832250505112017,0.021333234622101724,0.5170742518030226,0.14122396951862629
PIAAT,PIAVE,0.2744387469141799,0.0031318593796155884,0.00873353661190558,0.07366167828185018,0.6400341788124486
PIAAT,PIAAT,0.5605105881837867,0.004790476109529661,0.010951803844039267,0.03458556063127501,0.38916157123136935
PIALE,PIALE,0.0055201911693208115,0.888765282774183,0.05986078757551158,0.018933931860951023,0.026919806620033866
PIALE,PIALE,0.005191370901745062,0.9003656496350372,0.055569366188932164,0.0222308763488098,0.016642736925475805
PIALE,PIALE,0.002098871088892583,0.8504276699647524,0.14014978314078091,0.005702324544148152,0.0016213512614258372
PIALE,PIALE,0.005906279238955435,0.912233689785074,0.05306965538196497,0.017825819648998972,0.010964555945006732
PIALE,PIALE,0.001709907226451224,0.9587576459820185,0.034694376050897896,0.002782769971826847,0.002055300768805432
PIALE,PIALE,0.003680198789080345,0.9496393706128224,0.02731589437418687,0.007257404591667698,0.012107131632242581
PIALE,PIALE,0.006010952236018332,0.8765188766361035,0.0551413060903437,0.016414676024792373,0.04591418901274207
PIALE,PIALE,0.0027224228482261785,0.9292033715614534,0.060956802457739594,0.005149997587501699,0.001967405545079001
PIALE,PIALE,0.0021309301885551785,0.9556810021511373,0.03581320438274791,0.0038736559520510835,0.002501207325508326
PIALE,PIATE,0.13902796091574032,0.052845078117722405,0.1234550081181171,0.6546981677245117,0.029973785123908504
PIALE,PIALE,0.0015108384047834685,0.975701322630586,0.01952477200028214,0.0016166712726104868,0.0016463956917379004
PIALE,PIALE,0.003151875160833974,0.9504850880765447,0.03639923212096892,0.005774414335531503,0.004189390306120914
PIALE,PIALE,0.0031708754210996344,0.9658596832269395,0.02108640370179663,0.005062905688274762,0.004820131961889486
PIALE,PIALE,0.001755599309897532,0.97698163740634,0.016207544501888778,0.0026610454283667487,0.002394173353506875
PIALE,PIALE,0.006030134993835499,0.902297763198821,0.05573973802983985,0.013664033883147709,0.02226832989435594
PIALE,PIALE,0.0014968404842714048,0.9819533377004817,0.012849017032887893,0.001781525626184549,0.0019192791561742216
PIALE,PIALE,0.0023204930778461604,0.978268277923018,0.013143356578143892,0.003050642923123011,0.003217229497868936
PIALE,PIALE,0.0025458949186447557,0.9798272262536436,0.010986499318839016,0.003368888712516548,0.0032714907963561223
PIALE,PIALE,0.00287473457984075,0.9201059941303108,0.06959826737960836,0.005378919776827014,0.0020420841334129534
PIALE,PIALE,0.002792144584508897,0.9160949254477225,0.06964495226422494,0.007091126097036142,0.004376851606507583
PIALE,PIALE,0.007564403911579363,0.8858667242079964,0.0690045098629152,0.024550652539497578,0.013013709478011627
PIALE,PIALE,0.0018563642338382403,0.9681952288864268,0.02521743783249207,0.003036563564571986,0.0016944054826708826
PIALE,PIALE,0.007345324066978552,0.8816884985809018,0.06706998057940311,0.017201915028858608,0.026694281743857993
PIALE,PIALE,0.008660723032707613,0.8368967173478042,0.06951691197223231,0.01667506392284594,0.06825058372441
PIALE,PIALE,0.0016881789442185987,0.9762023818593071,0.016847586579167084,0.00269493071431392,0.002566921902993204
PIALE,PIATE,0.049688619429565206,0.09762686308997227,0.1260435381605062,0.7087359264046439,0.017905052915312376
PIALE,PIALE,0.004101029553680147,0.9237727230905645,0.05350667821287957,0.01137888952152981,0.007240679621345963
PIALE,PIALE,0.0019249097484869621,0.9727797136804832,0.01966366862124074,0.002927091501373862,0.0027046164484153374
PIALE,PIALE,0.0016258861092602742,0.9849456663001388,0.009495998769989425,0.0019084016517941585,0.0020240471688173483
PIALE,PIALE,0.00226968473178483,0.9687931682455198,0.022023401836047028,0.003785536464570475,0.003128208722077996
PIALE,PIALE,0.01600470020029944,0.7513051530188332,0.19227418754388848,0.028443539294581616,0.011972419942397342
PIALE,PIALE,0.016145622234376003,0.6801624116494547,0.17221117266111682,0.033247861250361235,0.09823293220469127
PIALE,PIALE,0.038964421197224576,0.5097732224509939,0.2509674736134824,0.1586612321359761,0.041633650602323005
PIALE,PIALE,0.04108574166005215,0.48091462815826397,0.3316265964669408,0.12593763868311336,0.020435395031629677
PIALE,PIALE,0.00872519577763765,0.8592097662074897,0.04622078502019681,0.01555075144512496,0.0702935015495509
PIALE,PIALE,0.00182787818837318,0.9763311058811032,0.01873508186062683,0.0016954425472461934,0.0014104915226503586
PIALE,PIALE,0.004654664784802704,0.9413092112581444,0.032679812919484234,0.007671518181318329,0.013684792856250214
PIALE,PIALE,0.007102811355400622,0.8885145488939342,0.05906943550110078,0.014572741778299453,0.030740462471264853
PIALE,PIALE,0.00445028704635444,0.932521461481417,0.03516863076616129,0.008928508070081142,0.01893111263598639
PIALE,PIALE,0.0039269060682698255,0.9559625527685899,0.024263572236026616,0.005585663270711383,0.010261305656402325
PIALE,PIALE,0.0027393290609092694,0.9456296970810099,0.041721196816993246,0.005778133507192585,0.0041316435338951
PIALE,PIALE,0.0032691519892301935,0.9501451220012268,0.03319430267152677,0.007459292066184281,0.005932131271832017
PIALE,PIALE,0.001210925789699465,0.9604565190129086,0.03471753820851665,0.0021593068761546833,0.0014557101127207245
PIALE,PIALE,0.0036094452523224075,0.954498954293775,0.02369488445421241,0.006043452231134247,0.012153263768555942
PIALE,PIALE,0.0061144989066117626,0.904737217368737,0.054083768264062554,0.019321727603700555,0.01574278785688808
PIALE,PIALE,0.0034325816121858633,0.923091528808708,0.06676604834145884,0.004365501771882253,0.002344339465764836
PIALE,PIALE,0.001405530461015688,0.9736237308135666,0.02037400571683143,0.0026971128726217116,0.0018996201359646153
PIALE,PIALE,0.002468287020573473,0.971521952577915,0.01627944809169438,0.0037213676636920134,0.006008944646124994
PIALE,PIALE,0.003068973441697759,0.9302328763421607,0.060907948735298756,0.0038190800243745183,0.00197112145646855
PIALE,PIALE,0.008852888786895614,0.8901751366569459,0.06704369909492035,0.021131293566944827,0.01279698189429326
PIALE,PIATE,0.09070482170863393,0.0768219867645903,0.26644929369448345,0.5042824015594072,0.061741496272885214
PIALE,PIATE,0.014502194968222387,0.32913110187089517,0.2734699535042149,0.3795404845755974,0.0033562650810702896
PIALE,PIARA,0.010013771746716742,0.17436295990800135,0.4924205313884059,0.3142584069629862,0.008944329993889666
PIALE,PIATE,0.017599193517635902,0.21034379561102345,0.2789181584068708,0.4827839819281072,0.010354870536362849
PIALE,PIALE,0.005405290296357728,0.6347877687764979,0.25437096474296367,0.1029875074234257,0.0024484687607550662
PIALE,PIALE,0.005368073807656293,0.5718371528525583,0.2937591257952447,0.12651121006626723,0.0025244374782733845
PIALE,PIATE,0.008381905549546188,0.2810734525084935,0.2810396309404484,0.4264364331498759,0.003068577851636031
PIALE,PIATE,0.009671679449326348,0.1285590903089006,0.16661003816258574,0.6892096123256843,0.005949579753502856
PIALE,PIATE,0.05127762427386662,0.11015088002211679,0.27084952684613,0.5560836085807388,0.0116383602771479
PIALE,PIARA,0.019116405382357052,0.17394002799576944,0.4115388151432298,0.3847074856420612,0.010697265836582596
PIALE,PIATE,0.04202220502204876,0.06880969589571566,0.16765348292283497,0.7029036199635003,0.018610996195900394
PIALE,PIATE,0.05213764085338765,0.036829739037503556,0.19346179891551923,0.7017547809371381,0.015816040256451492
PIALE,PIARA,0.044110885820737675,0.3036445922835,0.37949220414952367,0.23276981745296585,0.039982500293272855
PIALE,PIATE,0.05407201499959113,0.04199937473492845,0.1295691869129873,0.7539324216974052,0.020427001655087935
PIALE,PIATE,0.033575639927037375,0.19581486911307192,0.34612666679372467,0.4009929161418683,0.0234899080242977
PIALE,PIATE,0.09810388515981275,0.022212889128894263,0.048929711010013796,0.7749329390049056,0.05582057569637352
PIALE,PIATE,0.07849216198661572,0.03591112548169172,0.045887281466317986,0.8215769873643858,0.01813244370098888
PIALE,PIATE,0.039708058601824046,0.2748678173377955,0.33623552935908196,0.3381157921064773,0.011072802594821147
PIALE,PIATE,0.036629958944085696,0.19312440163605207,0.29133979320520764,0.4690145291797233,0.009891317034931296
PIALE,PIATE,0.03576080579543535,0.042897950303734736,0.10545446893126527,0.8050859584338945,0.010800816535670192
PIALE,PIALE,0.004020026504202908,0.6959256102971527,0.19332872443316054,0.10235098035159342,0.004374658413890454
PIALE,PIALE,0.0019888752374092613,0.8528222426613368,0.10262133502406727,0.041610451760587086,0.0009570953165996752
PIALE,PIALE,0.004795223281160776,0.82279334290131,0.11884103641663339,0.05087382802284659,0.0026965693780492696
PIALE,PIALE,0.008052484572106392,0.5181041162161837,0.2931402003541856,0.14407912090726596,0.036624077950258356
PIALE,PIALE,0.008806564845692453,0.47624127942672273,0.31014544727989984,0.16480601537246525,0.04000069307521975
PIALE,PIALE,0.0021253276839768615,0.8380483225987825,0.09862350038223841,0.059608870227608475,0.001593979107393793
PIALE,PIALE,0.0033043572794303282,0.8464411429795627,0.10430320957456608,0.044040498933524116,0.001910791232916704
PIALE,PIALE,0.005958110919951206,0.6450893637298952,0.2489318457825795,0.0759640797569655,0.024056599810608554
PIALE,PIALE,0.0017632643076392152,0.9582175494040688,0.029937474392457277,0.005659616446785773,0.00442209544904895
PIALE,PIALE,0.0021740677646168672,0.9261676656458575,0.05780124209259063,0.010629438135743977,0.0032275863611909983
PIALE,PIALE,0.004047653909352882,0.9174466657654454,0.053622266727082965,0.022234997439577357,0.0026484161585411973
PIALE,PIALE,0.001348288174326874,0.9800223712118381,0.013052339915269034,0.004676519728885208,0.0009004809696810105
PIALE,PIALE,0.0010334899134033459,0.9753399264704767,0.017083056495456796,0.0052162295589565566,0.0013272975617065542
PIALE,PIALE,0.001617925048686937,0.9756426838774168,0.016252462275106044,0.00491361127507148,0.0015733175237188206
PIALE,PIALE,0.004564314650858139,0.945659631601238,0.03077505095215281,0.00947408068733134,0.009526922108419829
PIALE,PIALE,0.002354872458123564,0.9543832833364067,0.030852374173683483,0.008350375649460855,0.00405909438232549
PIALE,PIALE,0.00265770661182133,0.9657215870702777,0.019918557937368114,0.010103560728362378,0.001598587652170488
PIALE,PIALE,0.0039659253759987915,0.9297389044749393,0.04709176930502807,0.016703725459832383,0.002499675384201382
PIALE,PIALE,0.004225411681612479,0.8137612937471913,0.1267884081955388,0.05159079586019643,0.003634090515461197
PIALE,PIALE,0.0025678865162346233,0.9657972497227182,0.01854825501508822,0.01138243511831969,0.0017041736276394283
PIALE,PIALE,0.004982123886654213,0.8387813801877231,0.12788843025215962,0.024902560715087424,0.003445504958375392
PIALE,PIALE,0.0019041124292329512,0.9691416745558421,0.020555756759321663,0.00730309881932396,0.0010953574362790636
PIALE,PIALE,0.004895731381934299,0.812174520916751,0.11646813474675341,0.061604458505130195,0.004857154449431003
PIALE,PIALE,0.006127630907807054,0.77458537031004,0.1618073734020798,0.043394462081121514,0.0140851632989517
PIALE,PIALE,0.006721071049292407,0.7758694824978591,0.16334776608027152,0.0424856449709811,0.011576035401595915
PIALE,PIALE,0.0010624829791163958,0.9790251503084771,0.015868694276347795,0.0025004345535046832,0.0015432378825540045
PIALE,PIALE,0.0038139556971579455,0.8745815899929639,0.1035076517756412,0.013357605286754318,0.004739197247482528
PIALE,PIALE,0.002470404902264688,0.9347520437375489,0.04618527398970465,0.014995756126148356,0.001596521244333246
PIALE,PIALE,0.0013901584295767542,0.9619017000284226,0.03057310336928955,0.004152429523259204,0.0019826086494520766
PIALE,PIALE,0.004030450812939453,0.8485262127447402,0.11108368463741604,0.031834564161447136,0.00452508764345723
PIALE,PIALE,0.006138481973801414,0.9765327177300934,0.013804547705729276,0.0017068894272783315,0.001817363163097615
PIALE,PIALE,0.013370965534293155,0.9597463121038611,0.01933907152819482,0.004317926507554205,0.0032257243260968046
PIALE,PIALE,0.04126253946715481,0.9242471879760503,0.021628759558975065,0.007488962517173726,0.005372550480645998
PIALE,PIALE,0.009504275253510159,0.8714365574918207,0.0999689225490434,0.007254420653433437,0.011835824052192436
PIALE,PIALE,0.013719644016060788,0.9189525766247716,0.04505399492683885,0.007567542854655775,0.014706241577672991
PIALE,PIALE,0.004451695988407644,0.9457372744566545,0.041600604723480906,0.004139537754327176,0.0040708870771299374
PIALE,PIALE,0.011760118009672846,0.9614501612939919,0.021361115382583534,0.0030989120826568697,0.0023296932310950032
PIALE,PIALE,0.015698778957021705,0.941766668418155,0.033072563404238114,0.005274524898492921,0.004187464322092034
PIALE,PIALE,0.074513116981488,0.782821206806543,0.1008014933158748,0.021633220122545992,0.020230962773548373
PIALE,PIALE,0.012246289194763246,0.9608330426415372,0.01851802661166415,0.0056181080218924385,0.0027845335301429517
PIALE,PIALE,0.0037975054125274667,0.9724272611795352,0.01857358969261292,0.0034069923709807554,0.001794651344343813
PIALE,PIALE,0.013428243814496114,0.9605599342053301,0.014922458050535752,0.006785879306360803,0.00430348462327725
PIALE,PIALE,0.13594396270698061,0.41514484316211403,0.2767816157974079,0.08195808226872438,0.09017149606477319
PIALE,PIALE,0.011720175959601493,0.935652141988039,0.03547369167952953,0.008524413507378625,0.008629576865451473
PIALE,PIALE,0.00930563516784555,0.9357680841112778,0.036663902176310784,0.010523170526543765,0.007739208018021945
PIALE,PIALE,0.0033999994176063123,0.9594981925868328,0.030021608600982765,0.0022798159984541416,0.004800383396124018
PIALE,PIALE,0.009081866997851552,0.9764242649362044,0.007612800448142354,0.004449836794280022,0.0024312308235217316
PIALE,PIALE,0.0037250811233503446,0.9825562120822005,0.00930835473889478,0.0027455335977950197,0.0016648184577596683
PIALE,PIALE,0.018230404083042915,0.9501273195231841,0.0163897126635892,0.008928669632164722,0.006323894098019051
PIALE,PIALE,0.009193372458709832,0.9495050082161443,0.022831856792836273,0.010520123165896093,0.00794963936641354
PIALE,PIALE,0.012031170496263715,0.96327962699674,0.019693426190756428,0.003617899657388509,0.0013778766588515522
PIALE,PIALE,0.010842406266590776,0.957588746844675,0.02618893507975059,0.003994662878250104,0.0013852489307335928
PIALE,PIALE,0.04882627504065834,0.884412963396332,0.03571405430341325,0.007482380418015652,0.02356432684158072
PIALE,PIALE,0.05460534396319549,0.8500284186318449,0.074970424256981,0.008487850959589666,0.011907962188389068
PIALE,PIALE,0.04016796298540947,0.7369488769245974,0.20205539643628145,0.013613065527117935,0.007214698126593679
PIALE,PIALE,0.03099713370934966,0.777341753377111,0.17596742365426668,0.009526097526249553,0.006167591733023114
PIALE,PIALE,0.010520141560513866,0.9750668827064122,0.009883857361099186,0.003105081733719088,0.0014240366382559054
PIALE,PIALE,0.030403409502247045,0.9454847639877256,0.01582294524345271,0.0034922251899119905,0.0047966560766627
PIALE,PIALE,0.006265273583609138,0.980926717088362,0.009923780737924694,0.0015302286713559583,0.0013539999187480198
PIALE,PIALE,0.00954844286940724,0.9774383763509554,0.009427321677414564,0.0018023088045821195,0.0017835502976405954
PIALE,PIALE,0.0032411810534490174,0.8687575202764358,0.09845981538974688,0.022217070190263394,0.007324413090104967
PIALE,PIALE,0.010313224507560925,0.8684389848617385,0.07784408699563847,0.029768568131189044,0.01363513550387288
PIALE,PIALE,0.001549411063405615,0.9765058595414803,0.013526373020292566,0.0062162261993086955,0.0022021301755129007
PIALE,PIALE,0.04495648481074456,0.7188902970192531,0.1516023454815949,0.02869236895464087,0.055858503733766475
PIALE,PIALE,0.0007843368287209238,0.9848684554740706,0.010712895182102979,0.002623895281838783,0.0010104172332668529
PIALE,PIALE,0.02469656948294371,0.8219743975971066,0.10139751381680032,0.02223655499537914,0.02969496410777047
PIALE,PIALE,0.0021228658359771805,0.9749647854963551,0.01648754345546901,0.0047506015931348695,0.0016742036190638757
PIALE,PIALE,0.017659038236681003,0.8995079233995676,0.054202869339232414,0.014494727128898344,0.014135441895620418
PIALE,PIALE,0.0011720533386870337,0.9910561373902564,0.0049269279579037045,0.0020731147513112108,0.0007717665618417143
PIALE,PIALE,0.0005914125455623075,0.9942586348793514,0.0035247379204620495,0.0012814969438267204,0.00034371771079746326
PIALE,PIALE,0.00541173971783937,0.894113485356335,0.05888181752270941,0.039230426436150774,0.0023625309669656302
PIALE,PIARA,0.07795659075754567,0.07158902363422225,0.6167912953140828,0.12314041287600169,0.1105226774181476
PIALE,PIALE,0.015745517728205375,0.9422900142050469,0.01767609370604604,0.018579204887199448,0.005709169473502324
PIALE,PIALE,0.03645641634141399,0.7936518125216601,0.1120386814521298,0.036173396374517636,0.021679693310278473
PIALE,PIARA,0.08502766533411422,0.20648346855185656,0.5588489948094666,0.138506522702251,0.011133348602311627
PIALE,PIALE,0.0018692674136671372,0.9826375436675484,0.008082063821431054,0.006589495171246733,0.0008216299261064495
PIALE,PIALE,0.02005210035492551,0.9542318209494887,0.012309552561851537,0.006712130332051636,0.006694395801682803
PIALE,PIALE,0.006509890281427536,0.9569996182594843,0.026937895437874053,0.0068290689823715025,0.0027235270388426993
PIALE,PIALE,0.04903262860857306,0.7736812749306408,0.09139158904560081,0.07638283093336261,0.00951167648182262
PIALE,PIALE,0.007386770284910349,0.9360941708585397,0.028897325817317916,0.024537265573185522,0.0030844674660463773
PIALE,PIALE,0.0022220674818738332,0.8365832972204673,0.1479413175256039,0.010798587149878927,0.002454730622176068
PIALE,PIALE,0.009389755589404084,0.8556069837809274,0.11197750076498683,0.016325034260139867,0.0067007256045419
PIALE,PIALE,0.0006918784185976071,0.9865951161671188,0.0105926633636603,0.0018255001068098926,0.00029484194381347795
PIALE,PIALE,0.0010331489961452557,0.9895761549530826,0.007446174724985583,0.001578512131122925,0.000366009194663613
PIALE,PIALE,0.028823725433060103,0.8412565521600848,0.08071555152042943,0.012804751728874268,0.03639941915755157
PIALE,PIALE,0.01993953199994396,0.8712554277513234,0.07274745316658003,0.012934551795609702,0.023123035286542887
PIALE,PIALE,0.0011342582320587025,0.9753733018695662,0.02055978019549677,0.0018393322585724555,0.0010933274443056076
PIALE,PIALE,0.005640448715370614,0.9504618495224227,0.03206051500010512,0.00696066601948395,0.004876520742617732
PIALE,PIALE,0.0041228632575883665,0.9066590611281489,0.06616755002810414,0.018540360533806647,0.0045101650523519735
PIALE,PIALE,0.003594266288023148,0.9477575855285856,0.035730797474171315,0.010267629303860453,0.0026497214053593453
PIALE,PIALE,0.004766415870406892,0.9272827804173828,0.04358087928641565,0.019759918418451476,0.00461000600734325
PIALE,PIALE,0.0016219856407621307,0.9152206959770799,0.06838586968091107,0.012686172806928365,0.002085275894318757
PIALE,PIALE,0.0017398867841047624,0.9678414908673239,0.02392452137282818,0.004676011764376405,0.0018180892113668907
PIALE,PIALE,0.004295682935497137,0.9188286102784861,0.058414458014890785,0.013021944252599789,0.005439304518526214
PIALE,PIALE,0.007141460619729255,0.9158086729990867,0.04945479612271223,0.01448405477095269,0.013111015487519128
PIALE,PIALE,0.001451611735086673,0.971683109787239,0.02082224141645151,0.004281329259868548,0.0017617078013541306
PIALE,PIALE,0.002803680536105437,0.9619552204423569,0.026954158321581635,0.006270906994875287,0.002016033705080682
PIALE,PIALE,0.0032872824767673065,0.9395273334724255,0.0381083676534817,0.015189226103540773,0.0038877902937848137
PIALE,PIALE,0.002475396715956459,0.945776208811808,0.03936742256635678,0.00943097391529139,0.002949997990587402
PIALE,PIALE,0.0021953122239614666,0.8920793558604527,0.08978998284860551,0.012736241199300483,0.00319910786767963
PIALE,PIALE,0.004092327127797694,0.9239614324420331,0.057192248717114015,0.008633094189645897,0.00612089752340933
PIALE,PIALE,0.0007599291665491438,0.9850591793403055,0.011307188096836774,0.002305894124334605,0.0005678092719739633
PIALE,PIALE,0.00473211574906848,0.9236538812027668,0.056907685729319174,0.01089263741459846,0.003813679904247107
PIALE,PIALE,0.006386861947456256,0.8346470660702974,0.13497609284134152,0.018894501636388242,0.005095477504516733
PIALE,PIALE,0.003143092486369957,0.9090804962413968,0.07107490078163736,0.013273749899797812,0.0034277605907982603
PIALE,PIALE,0.018185294740381965,0.8001104504594573,0.14487107114801362,0.01339292871332663,0.02344025493882042
PIALE,PIALE,0.0011449437177246107,0.9491050680749659,0.041148800878665306,0.006731780704148532,0.0018694066244955786
PIALE,PIALE,0.0024843575264768564,0.8660845991304744,0.11373338017013764,0.014407148378881563,0.003290514794029506
PIALE,PIALE,0.0076242897438000695,0.9256203644374158,0.05231057315283254,0.007827077217351359,0.0066176954486002705
PIALE,PIALE,0.0024617523702410667,0.951547820594455,0.03463745235440616,0.009245576005254927,0.0021073986756429118
PIALE,PIALE,0.006301192642275374,0.9494381166855358,0.03302103431733042,0.006559131578232868,0.004680524776625487
PIALE,PIALE,0.011193847497393553,0.8752587866571702,0.089478712029393,0.013421136011370316,0.010647517804673002
PIALE,PIATE,0.017813412492382382,0.0282926347685081,0.28919868535984883,0.6257189928408918,0.03897627453836888
PIALE,PIALE,0.005231412401289041,0.8556681878172352,0.11908078858354501,0.01792835349124338,0.0020912577066874408
PIALE,PIALE,0.016237157824352165,0.8444234759680556,0.11122473569358775,0.017952466912037463,0.01016216360196707
PIALE,PIALE,0.016452195281314006,0.40965214852267756,0.2745335615500264,0.2918197512372913,0.00754234340869079
PIALE,PIALE,0.0017702334876219521,0.9393325046253663,0.05254642346336542,0.004153609155144889,0.0021972292685012566
PIALE,PIALE,0.0009459537411858652,0.9830496920773242,0.013540223912350019,0.0019019797547831557,0.0005621505143569174
PIALE,PIALE,0.024561925328665513,0.8372574247647588,0.09272119986340453,0.019697397521765716,0.02576205252140527
PIALE,PIALE,0.012079896431170764,0.8262572339167148,0.12961045630035034,0.020566733305567405,0.011485680046196742
PIALE,PIALE,0.0008052237404380916,0.9904317340097416,0.0063860292225628576,0.0019990271523345074,0.00037798587492287407
PIALE,PIALE,0.003580270291215355,0.932062842667107,0.04153686913882956,0.018293637773036348,0.00452638012981145
PIALE,PIALE,0.0009154317659451566,0.9851806533220068,0.009636201198382441,0.0035581032542283467,0.0007096104594373596
PIALE,PIALE,0.007165316948407098,0.8748749232183048,0.077526849822666,0.027448361044699585,0.012984548965922334
PIALE,PIALE,0.001320086562165807,0.9575922982024067,0.03318115620658388,0.006714530988764324,0.0011919280400792837
PIALE,PIALE,0.0036241232185906494,0.8898353573115707,0.0825920356093315,0.016317397705959243,0.007631086154548106
PIALE,PIALE,0.0007696641168061063,0.973779347781108,0.021670528605589136,0.0028319548646257827,0.0009485046318709148
PIALE,PIALE,0.001668127758833532,0.9719211630156009,0.020109900856646136,0.005130161552097589,0.0011706468168216988
PIALE,PIALE,0.0006881413155368677,0.9877741251467227,0.00938695582230565,0.0017975761177684963,0.0003532015976664153
PIALE,PIALE,0.0008709694230766279,0.9780379772170675,0.017905186295084342,0.0023521351921476467,0.0008337318726240003
PIALE,PIALE,0.0004892413007350068,0.9961438981795753,0.0018194780479680016,0.0013175056363488394,0.0002298768353730206
PIALE,PIALE,0.0008510544707646365,0.9940633872976287,0.002561025889610143,0.0020470414880312177,0.00047749085396538426
PIALE,PIALE,0.0015224099476170501,0.9852930103096168,0.009124125717024157,0.00361394521125951,0.0004465088144825614
PIALE,PIALE,0.0011401793865908891,0.9911868591174156,0.0034520210955828524,0.003622760199447627,0.0005981802009631187
PIALE,PIALE,0.0013475436439289537,0.9854921118657678,0.009134231751725196,0.003620358157819502,0.0004057545807585888
PIALE,PIALE,0.0003981950655685147,0.9949601900480947,0.00313853856752465,0.0012875843586285672,0.00021549196018365473
PIALE,PIALE,0.0006511102189140933,0.992487915625284,0.004808460772959007,0.0017856376774356506,0.0002668757054071468
PIALE,PIALE,0.00046816759578135927,0.9945287195677828,0.0039044083686730607,0.000870626766679511,0.000228077701083101
PIALE,PIALE,0.0006932791509842667,0.9864765659621738,0.009929485443112491,0.002273912245639469,0.0006267571980898392
PIALE,PIALE,0.0010632259307865827,0.9404245494483788,0.050337013950602714,0.0066098328768791,0.0015653777933528387
PIALE,PIALE,0.0014087129433717266,0.9736392442575408,0.01642636334642089,0.007624387382756989,0.0009012920699094629
PIALE,PIALE,0.0011273108889691965,0.9787581466380835,0.01699841755344518,0.0023843513661253443,0.0007317735533768604
PIALE,PIALE,0.001805569776841181,0.9594649267075767,0.033389842173717064,0.004124818084361349,0.0012148432575038476
PIALE,PIALE,0.0010192928918765487,0.9852340042839993,0.011516138330632622,0.0017562544339342595,0.00047431005955747807
PIALE,PIALE,0.0010859780790046548,0.9835443377140726,0.011680591899772498,0.003106472578919042,0.0005826197282313628
PIALE,PIALE,0.0010383748270180963,0.9885281583162727,0.008317105349309642,0.0016958891955254447,0.00042047231187424287
PIALE,PIALE,0.0007983728521564407,0.9883438040828949,0.009124225405037078,0.0013618759044429188,0.00037172175546885836
PIALE,PIALE,0.0010112658073709226,0.9881642305981516,0.00839846219152344,0.0018823503787146732,0.0005436910242392367
PIALE,PIALE,0.0009705574018204124,0.9874256716945727,0.008946125919885495,0.0022562169718252246,0.00040142801189610157
PIALE,PIALE,0.0012420505320687068,0.9849411013113214,0.009188614079102644,0.003882713319299511,0.0007455207582075642
PIALE,PIALE,0.0025999452688848183,0.8744496316015031,0.10697707207990563,0.014436595913884253,0.0015367551358220926
PIALE,PIALE,0.002364794470158449,0.8603746302747804,0.11236829197611369,0.023696920622745945,0.001195362656201407
PIALE,PIALE,0.003494983052334696,0.764010944668105,0.17598583674274215,0.05451931656694576,0.0019889189698722993
PIALE,PIALE,0.001287125214231781,0.9878988534115593,0.007345196731385151,0.0027387133479737586,0.0007301112948502706
PIALE,PIALE,0.0011040103837410718,0.972028194314944,0.022031106121240065,0.004130184648161567,0.0007065045319131647
PIALE,PIALE,0.0007076268620971582,0.9788463388364691,0.01723849502145405,0.002140641711062739,0.0010668975689168162
PIALE,PIALE,0.0008356281380159272,0.9906566352953701,0.0069657192484594305,0.0011915260040028853,0.0003504913141518837
PIALE,PIALE,0.0008274809329245315,0.9846812664463258,0.011694642365901786,0.002326564901910138,0.00047004535293749774
PIALE,PIALE,0.0017881911842713275,0.9149661847437532,0.06903815883091288,0.012918172231783313,0.001289293009279187
PIALE,PIALE,0.003634323959070494,0.8978313101840298,0.07316624004993144,0.023156235980566462,0.0022118898264014875
PIALE,PIALE,0.001989239121529185,0.9355161254291682,0.051034921784247456,0.010326658093123945,0.001133055571931284
PIALE,PIALE,0.002545519381497706,0.8401323509369646,0.1326023832954328,0.022845271772831188,0.001874474613273961
PIALE,PIALE,0.002129994807106929,0.8916269315122533,0.07756322797362386,0.026455174789726244,0.0022246709172897977
PIALE,PIALE,0.0033259800794674015,0.8276773811965801,0.14612137299727002,0.020723574471349728,0.002151691255332764
PIALE,PIALE,0.0038898276257261855,0.7715754136446825,0.20144562215075243,0.02075706134322657,0.0023320752356121863
PIALE,PIARA,0.0031931410050308313,0.27975241654898436,0.6882123965268103,0.0270867455716025,0.0017553003475719259
PIALE,PIARA,0.003084413165611007,0.3547071745871358,0.6043625429181196,0.03610272301272502,0.0017431463164085657
PIALE,PIALE,0.003117462679490279,0.937208184654767,0.033797249953386996,0.023965720798234363,0.0019113819141213597
PIALE,PIALE,0.0025544494063789065,0.8726495689430065,0.10375044387882944,0.0196811552095085,0.0013643825622766872
PIALE,PIALE,0.0022072041604864812,0.9501691462330372,0.04073394252154629,0.005998022987107756,0.0008916840978224558
PIALE,PIALE,0.004373197014079278,0.7872013817470391,0.0688021489063011,0.13692073723112202,0.0027025351014584847
PIALE,PIALE,0.003299446803201835,0.9647230675381696,0.014906355742457671,0.016103300776520002,0.0009678291396510057
PIALE,PIALE,0.0038151581107653725,0.9612316404604481,0.016770666144866917,0.017149367076382153,0.0010331682075374869
PIALE,PIALE,0.005030559959372527,0.9176904970389961,0.038992152145344426,0.03659035191105039,0.0016964389452366216
PIALE,PIALE,0.005640496667444219,0.9411161742907816,0.031423008690038334,0.02013916101807462,0.001681159333661263
PIALE,PIALE,0.0012271688957585288,0.9687312751902674,0.00635517643420896,0.023134740973538535,0.000551638506226494
PIALE,PIALE,0.0025164869487154127,0.9028684088698312,0.05238277904094952,0.04063448927540814,0.0015978358650957703
PIALE,PIALE,0.0070781193423409584,0.8665686632044124,0.05840559478668848,0.06487431957483214,0.0030733030917260455
PIALE,PIALE,0.003923267037576274,0.9348960081817512,0.03985470837225202,0.01843186554354542,0.0028941508648750005
PIALE,PIALE,0.002411880739449023,0.9257738739701822,0.015166738664215458,0.05560377359673034,0.0010437330294231066
PIALE,PIALE,0.0014746767643977767,0.9679989061261565,0.014795971562958974,0.014936477947377513,0.0007939675991091381
PIALE,PIALE,0.004919443545930014,0.9600342092989081,0.019092769204650677,0.014496764421926357,0.0014568135285848364
PIALE,PIALE,0.0027834334466475376,0.9742513794152285,0.012528307792563602,0.009585692575967194,0.000851186769593151
PIALE,PIALE,0.0017460365708378686,0.9117355865502461,0.050981811146004585,0.03449257043508789,0.001043995297823424
PIALE,PIALE,0.003345549552598702,0.6761397257147099,0.23051269908885336,0.08803475803966596,0.001967267604172053
PIALE,PIALE,0.005024927699734744,0.9209258329184067,0.03582153354988196,0.025515944390389764,0.012711761441586908
PIALE,PIALE,0.005234565921928431,0.8941356707176866,0.06537894241315484,0.017029722742016345,0.01822109820521393
PIALE,PIALE,0.0027275435038441207,0.8192079902613455,0.04123468002184791,0.13530240401396204,0.0015273821990005121
PIALE,PIALE,0.0023826854151520493,0.845472820649378,0.08227977163776135,0.06793557753514456,0.00192914476256407
PIALE,PIALE,0.005035032740410714,0.9355213576580492,0.023011520479992924,0.0347312360150922,0.0017008531064551487
PIALE,PIALE,0.0028483295092109006,0.8474955824821211,0.08972972735755158,0.05842310080890895,0.0015032598422075306
PIALE,PIALE,0.0025559259222021485,0.8819872848322445,0.05984614405079038,0.053387966782134866,0.0022226784126278694
PIALE,PIALE,0.004827673421124245,0.9201199263334918,0.04487584115863339,0.02761309705080748,0.0025634620359428675
PIALE,PIALE,0.002872594239063385,0.914022162319092,0.05310884815989969,0.028932717569911198,0.0010636777120337105
PIALE,PIALE,0.003861154869843496,0.6608633277275741,0.24871900336650885,0.08405377266724776,0.002502741368825713
PIALE,PIALE,0.002356561633991692,0.950756722008373,0.02094527780995192,0.024466991801737524,0.001474446745945968
PIALE,PIALE,0.0047756585597590944,0.9093898749202112,0.044779515235731884,0.03561634901708684,0.005438602267211118
PIALE,PIALE,0.0035719610186830037,0.958822772205216,0.019219238397186134,0.014916322717269965,0.003469705661645052
PIALE,PIALE,0.006801434232397239,0.7423491701018958,0.11788303542204419,0.12021678540138755,0.012749574842275173
PIALE,PIALE,0.005615015157978509,0.5950247122645912,0.2519008474839612,0.136331858786111,0.011127566307357952
PIALE,PIALE,0.0027659907839771305,0.881875820201138,0.05169841794631291,0.062046646426270495,0.0016131246423015044
PIALE,PIALE,0.002118527570963259,0.9593012966504042,0.014569078964247075,0.023239558909661947,0.0007715379047234531
PIALE,PIALE,0.005521389729490613,0.8653013129302976,0.010743485012374827,0.11568154791386553,0.002752264413971566
PIALE,PIALE,0.0022523124768240024,0.9441600928746763,0.006711646193501001,0.04605571186284703,0.0008202365921514456
PIALE,PIALE,0.001224935094155676,0.9804644545933398,0.004976828013744084,0.012813076922660772,0.0005207053760999631
PIALE,PIALE,0.0013270565949692872,0.9847865794296218,0.004518396568933103,0.008618531513561857,0.000749435892913805
PIALE,PIALE,0.0012473087552916395,0.9782085204735405,0.010739851264491016,0.009021140349017569,0.0007831791576596003
PIALE,PIALE,0.0034292167870969706,0.8096516949400163,0.020774748538561434,0.16413094322532867,0.002013396508996593
PIALE,PIALE,0.003149336590223689,0.8140083922825726,0.03241784173615289,0.14873955860257254,0.0016848707884783533
PIALE,PIALE,0.010626631088276103,0.6856205280354646,0.1759752790069675,0.09223369752651986,0.03554386434277214
PIALE,PIALE,0.001089622874755496,0.9807272357238884,0.009253428170716659,0.008448636011498223,0.00048107721914098525
PIALE,PIALE,0.0016589254263159336,0.9616062561716794,0.006531229650376309,0.02945431915347536,0.0007492695981533206
PIALE,PIALE,0.002357513477450878,0.8575907697073609,0.0908679758818303,0.04780135150391422,0.0013823894294437771
PIALE,PIALE,0.0023732750490431595,0.9574304686714536,0.00867489496538301,0.0304793160048494,0.0010420453092707524
PIALE,PIALE,0.0016301684336436485,0.9677297346089281,0.006383308699660913,0.023557650193193187,0.0006991380645744538
PIALE,PIALE,0.0023958063025292585,0.9337092176210484,0.00729922579628094,0.055153225247647784,0.001442525032493661
PIALE,PIALE,0.0013861713335537997,0.9821178398466877,0.006112755705902107,0.009648325787127281,0.0007349073267292893
PIALE,PIALE,0.0029095562035814757,0.9716250248869005,0.013022690772038291,0.011388705925750111,0.0010540222117295353
PIALE,PIALE,0.005253363500663866,0.9581884185438944,0.020531349853267027,0.014499692674603501,0.0015271754275711295
PIALE,PIALE,0.001335398022955366,0.9768467185382385,0.005760337782539482,0.015515562214812813,0.000541983441453875
PIALE,PIALE,0.14037790170363987,0.6644855778043326,0.14069393415675102,0.03957175446581534,0.014870831869461242
PIALE,PIALE,0.08962996425297291,0.68587305913791,0.17958672039750845,0.027520406839966392,0.017389849371642452
PIALE,PIALE,0.057761359234392455,0.8028949458777445,0.09655765414180573,0.033891782218216975,0.008894258527840253
PIALE,PIALE,0.07750263437798939,0.7787536172278888,0.10671721481862946,0.020176517621192182,0.01685001595430019
PIALE,PIALE,0.01373482314570419,0.8860413392026703,0.07829287738657661,0.005069279842600626,0.01686168042244836
PIALE,PIALE,0.013411490430376882,0.9050897991685396,0.06429870514307562,0.004857679959914273,0.012342325298093804
PIALE,PIARA,0.06073942040678174,0.3617112613155809,0.4946531290160962,0.020151282627481976,0.06274490663405922
PIALE,PIALE,0.07319005164532248,0.5244917830346069,0.32116770860788285,0.0258224649640751,0.05532799174811267
PIALE,PIARA,0.05958077021226491,0.22057572673404585,0.644038254526138,0.020190467908876297,0.055614780618674996
PIALE,PIALE,0.05915967034690651,0.6205084101912773,0.28280237143446196,0.013482831529631407,0.024046716497722685
PIALE,PIALE,0.128679621632762,0.6647793325646758,0.16596904634699253,0.031933480281609576,0.008638519173960092
PIALE,PIAAT,0.35179629845838245,0.23990643234740186,0.1608896565913024,0.08686415689470484,0.1605434557082084
PIALE,PIALE,0.1291772636033055,0.6489207826323242,0.1602812313759088,0.043723636395646026,0.017897085992815583
PIALE,PIALE,0.20526868721445327,0.5843366566140022,0.135882784437262,0.042472759914336,0.0320391118199463
PIALE,PIALE,0.31157486568273063,0.445197324067013,0.15110603192917005,0.05542647831495767,0.0366953000061287
PIALE,PIALE,0.16212829035356863,0.6014279078802098,0.16849532080080262,0.0450602504497867,0.02288823051563221
PIALE,PIAAT,0.4527087370703967,0.28801745375773785,0.10620504963458911,0.07693431263746653,0.07613444689980983
PIALE,PIALE,0.35974312208216275,0.39907881563877023,0.10762545873076461,0.06053251456662149,0.07302008898168108
PIALE,PIALE,0.18653794054104883,0.5799559363400445,0.14912462202651602,0.0471175489105376,0.0372639521818531
PIALE,PIALE,0.38567312793177233,0.3956172084083264,0.11994373380260566,0.05791435443213554,0.040851575425160054
PIALE,PIALE,0.06672469234538236,0.7593759512519772,0.11416028375300308,0.029574951847145092,0.03016412080249229
PIALE,PIALE,0.16696381295395424,0.5700100914434293,0.13368307540174348,0.04982421023740106,0.07951880996347208
PIALE,PIALE,0.0426236584385685,0.7011470780191011,0.20112428480596697,0.02414588321683234,0.030959095519531132
PIALE,PIALE,0.045052367408132725,0.642895903421047,0.25463111154935286,0.01826383732264396,0.03915678029882337
PIALE,PIALE,0.06319431612904049,0.6914123846756929,0.18786359850154735,0.025995390499759855,0.03153431019395937
PIALE,PIALE,0.018565535886872132,0.6845891856516457,0.2735813808872009,0.008408371898856445,0.014855525675424783
PIALE,PIAAT,0.316601079551926,0.2331942300853032,0.1754997361285734,0.08324523523720338,0.19145971899699413
PIALE,PIALE,0.25353976042592646,0.48282605548290075,0.16687515283450594,0.05877846484997185,0.0379805664066951
PIALE,PIALE,0.10945817373229882,0.6141339980770869,0.19336264708409054,0.044279201125008404,0.038765979981515375
PIALE,PIALE,0.041969791784114974,0.7969507537774901,0.13657951648592162,0.015604831971676402,0.008895105980796842
PIALE,PIARA,0.014898243814791856,0.3070411745419146,0.6443829091916936,0.0072840614403562156,0.026393611011243833
PIALE,PIALE,0.015178965999294303,0.5029590124828364,0.457943007650449,0.006500354232057588,0.017418659635362876
PIALE,PIALE,0.03337132420518343,0.6393664742367566,0.2503600418866934,0.014546428665421308,0.06235573100594524
PIALE,PIALE,0.029320320216732206,0.5120213597524658,0.40817855779422146,0.009415398698569864,0.04106436353801066
PIALE,PIARA,0.015026240442209238,0.41634561895460603,0.5345648329102238,0.006062054938873644,0.028001252754087255
PIALE,PIALE,0.00859335062236892,0.6644196365893,0.31248461589823034,0.004206114052706569,0.010296282837394153
PIALE,PIALE,0.009967322641230124,0.6478976371125748,0.31987694733128563,0.005482821453361056,0.016775271461548308
PIALE,PIALE,0.0779500854614137,0.6256886230312346,0.1601586011962061,0.04141725316179041,0.09478543714935542
PIALE,PIARA,0.018951514439619684,0.4505821409729621,0.49578111904977773,0.00848401807588167,0.02620120746175895
PIALE,PIALE,0.06295101549963616,0.6442588628331557,0.22418011541677166,0.024428659700927648,0.04418134654950875
PIALE,PIALE,0.012394379935158037,0.5526043416025341,0.4149744721761758,0.006125239541347462,0.01390156674478466
PIALE,PIALE,0.06871041546583458,0.6650143608913917,0.1920940756685143,0.027731277823378333,0.04644987015088098
PIALE,PIALE,0.010217906712849584,0.5873493390361918,0.3840125496390407,0.005284511364593242,0.013135693247324663
PIALE,PIALE,0.016010814839120886,0.6953913318592283,0.259788768533184,0.006662814163228951,0.0221462706052378
PIALE,PIALE,0.12908293882723607,0.49313319931862937,0.18714673533025952,0.04969325455096006,0.1409438719729149
PIALE,PIALE,0.16871839369707656,0.5450849769666084,0.15352141497252011,0.04834648626229914,0.08432872810149593
PIALE,PIALE,0.0108200479301515,0.604613163150007,0.36654951964196686,0.005236069455038865,0.012781199822835716
PIALE,PIALE,0.007442251823810928,0.8234957276007953,0.1578406061095402,0.002733763636135619,0.008487650829717927
PIALE,PIALE,0.009268502434195343,0.6588048392461001,0.31907264454174245,0.003975515132138772,0.008878498645823456
PIALE,PIALE,0.06032968619930299,0.6451302871899173,0.23017415589129,0.02457293135426461,0.03979293936522522
PIALE,PIALE,0.0028021991672325143,0.756332921958926,0.2230249132595043,0.016151485239700062,0.001688480374637039
PIALE,PIALE,0.001091138721279263,0.9120123130625274,0.0763869540061065,0.009736552311315004,0.0007730418987716295
PIALE,PIALE,0.0008962697116336935,0.9873885578846373,0.009570238589450207,0.00157927322026805,0.000565660594010632
PIALE,PIALE,0.0015628939667066367,0.9624534838282132,0.03141556451992968,0.0034383832206446854,0.0011296744645058522
PIALE,PIALE,0.0028165330033934005,0.9747371253219655,0.018210891232939896,0.0026585271841920157,0.001576923257509271
PIALE,PIALE,0.001611947570619445,0.9867667027327446,0.008913713485871973,0.0017704665976276967,0.0009371696131362542
PIALE,PIALE,0.0027188283475240486,0.9288939586105988,0.056602764664306825,0.010124882494069905,0.0016595658835005858
PIALE,PIALE,0.001859279042416599,0.9727902495012929,0.019804311212718567,0.004228435580262393,0.0013177246633093503
PIALE,PIALE,0.0029480306469776506,0.7740602989491919,0.20518946664757245,0.015888418401503124,0.0019137853547549124
PIALE,PIALE,0.0033297482958472052,0.8858867104399557,0.09872517824376749,0.01009537043460266,0.0019629925858268694
PIALE,PIALE,0.0007793156039396854,0.9764279550504824,0.018642209843475803,0.003657268059611807,0.0004932514424902302
PIALE,PIALE,0.0011150250084095749,0.9352744933021231,0.054041565626472214,0.008738596629563701,0.0008303194334314471
PIALE,PIALE,0.0018770263638085108,0.8333479112535681,0.1381106290040274,0.025213508201579565,0.0014509251770165178
PIALE,PIALE,0.0032336550307466164,0.8266077719285871,0.09543803041528881,0.06901766766940007,0.005702874955977296
PIALE,PIALE,0.006076010370198345,0.7371449615188583,0.12523670543146456,0.12219612106870643,0.009346201610772339
PIALE,PIALE,0.002360259355579074,0.8893487503314581,0.06858077746511446,0.03773009231233674,0.001980120535511782
PIALE,PIALE,0.003375612728588515,0.6831810349994788,0.21079913408665193,0.09560675318260925,0.007037465002671516
PIALE,PIALE,0.00451854565519953,0.5081315975578877,0.39014528548812527,0.09396664929276771,0.0032379220060196464
PIALE,PIALE,0.0014053206182199917,0.9276902687128593,0.04973450882759627,0.019849379330779755,0.0013205225105445875
PIALE,PIALE,0.002387820796272888,0.8968829307420307,0.0757968458392013,0.023572057894265894,0.001360344728229306
PIALE,PIALE,0.0018845405272879404,0.9510537509837492,0.029975687275734533,0.016147870733193542,0.0009381504800347828
PIALE,PIALE,0.0027062435711533955,0.9432125744364969,0.027917733702120955,0.024837062998223566,0.001326385292005434
PIALE,PIALE,0.0023692839100693877,0.9472406051378203,0.02047702214551513,0.028595752518675122,0.0013173362879201908
PIALE,PIALE,0.0025826724364367993,0.9081339111901648,0.0387994866659546,0.049239667764186375,0.0012442619432575504
PIALE,PIALE,0.001873952772770232,0.9024289673260758,0.0677632942780395,0.02660748319145754,0.0013263024316570308
PIALE,PIALE,0.0034931749119183767,0.8663786104487771,0.08021332926796379,0.046051208431919,0.0038636769394217673
PIALE,PIALE,0.004301792454062627,0.821263473601768,0.07787631340105573,0.09383495438537806,0.0027234661577358182
PIALE,PIALE,0.006569461014823089,0.693017218230405,0.10051135160553873,0.19141687459183046,0.008485094557402685
PIALE,PIALE,0.002999380570377351,0.887809239820776,0.03276314040703836,0.07488674934532409,0.0015414898564844314
PIALE,PIALE,0.008499527503867054,0.6977191272363756,0.1775354462094091,0.10521100265512254,0.011034896395225804
PIALE,PIALE,0.0022537341052736135,0.7722027067625427,0.16665167362006672,0.056955632525386414,0.0019362529867304557
PIALE,PIALE,0.0023968143905566557,0.7189080630500458,0.2306175219936511,0.04622138173866174,0.001856218827084582
PIALE,PIALE,0.0016052924187826235,0.9501903169323331,0.03166153817755196,0.014881837919432888,0.0016610145518993749
PIALE,PIARA,0.0033227485475958505,0.0811288881068923,0.8855288852301105,0.027837831632477373,0.0021816464829240217
PIALE,PIALE,0.001724707070992875,0.8619345167706476,0.12588699328231212,0.00918233150821586,0.0012714513678315608
PIALE,PIARA,0.0026868347019739225,0.38039046946643373,0.5721850866844694,0.042668857119397656,0.002068752027725099
PIALE,PIALE,0.001456078243004735,0.9725125721151762,0.01574394824561093,0.009442668172384537,0.0008447332238236136
PIALE,PIALE,0.004054821300307502,0.4950059930721427,0.46872786160986646,0.029285161606082417,0.002926162411600952
PIALE,PIARA,0.003864014509159477,0.25700945479046006,0.7059969817836685,0.030380494689779894,0.002749054226932079
PIALE,PIALE,0.0018317097130366438,0.9323496443248241,0.05064141543089526,0.014427034423519107,0.0007501961077248541
PIALE,PIALE,0.0020646238463746043,0.9700873864555775,0.022080568459525413,0.003856368896239799,0.0019110523422826663
PIALE,PIALE,0.0010708016432491977,0.9859715199310302,0.009959129386166074,0.0022106692005031286,0.0007878798390516459
PIALE,PIALE,0.0016998932628595215,0.9772238994220628,0.016128164052134332,0.0035326831495716996,0.0014153601133715926
PIALE,PIALE,0.006075452717223635,0.8753574103421262,0.10049855873639753,0.011979609531773175,0.006088968672479673
PIALE,PIALE,0.002143515374342933,0.9673467198135239,0.021103025773879666,0.00448990995502955,0.004916829083223943
PIALE,PIALE,0.00218000138596146,0.9413773827733366,0.047582876848756124,0.00707268042045223,0.0017870585714936397
PIALE,PIALE,0.0035736337333816754,0.9074450733428945,0.07444793544574502,0.012659855400526693,0.0018735020774523871
PIALE,PIALE,0.004009410383397284,0.8778270755232294,0.10704173528435132,0.008040254829917404,0.003081523979104734
PIALE,PIALE,0.0033413166393867744,0.8563491156789885,0.12830920077229482,0.008372980428991395,0.0036273864803384585
PIALE,PIALE,0.007119031429871699,0.7145869612768123,0.2484703665643818,0.022590839888628172,0.007232800840305869
PIALE,PIALE,0.01030830017925996,0.8451101048178233,0.10916616820358392,0.003397622459960074,0.0320178043393728
PIALE,PIALE,0.0011897936316355548,0.9836667134491135,0.013285023439118233,0.0005410374829133425,0.0013174319972191653
PIALE,PIALE,0.0005716895655675943,0.9922618351106175,0.006598542750058887,0.0002720528947026195,0.0002958796790535874
PIALE,PIALE,0.0008371750413846126,0.9870368820557467,0.010886427804260147,0.0005076343510427999,0.0007318807475657705
PIALE,PIALE,0.000780424150190283,0.9876267441290854,0.010392587834195941,0.0004163116743187784,0.0007839322122097914
PIALE,PIALE,0.0009902151106980994,0.9849693936810814,0.01279440974377677,0.000528902169716277,0.0007170792947274873
PIALE,PIALE,0.00382320447548201,0.9443323655167823,0.046812808307034944,0.001431961012995124,0.0035996606877057753
PIALE,PIALE,0.0031223178462902127,0.9202215802621695,0.07242210372985398,0.0017232140893545366,0.002510784072331888
PIALE,PIALE,0.0008030448287733173,0.987677158995054,0.010389914742215027,0.00042198721281434527,0.0007078942211433133
PIALE,PIALE,0.000782524151420823,0.9902805823982851,0.007915488610864323,0.0003913334645355335,0.0006300713748943242
PIALE,PIALE,0.0009502934623878327,0.9875147176018961,0.010270906763468004,0.0004731764797373224,0.0007909056925106708
PIALE,PIALE,0.000639088772127344,0.9850876795788274,0.012910183623303473,0.00044419342874201016,0.0009188545969999033
PIALE,PIALE,0.001674596935969048,0.9885157442604761,0.00865387801957495,0.0005127453668390191,0.0006430354171408077
PIALE,PIALE,0.0010229890442007747,0.9878093300978689,0.009490504878360468,0.0005257541560650121,0.0011514218235051177
PIALE,PIALE,0.0005663659355911223,0.9916053331851293,0.0069843319865852274,0.000304960174101692,0.000539008718592512
PIALE,PIALE,0.0014152016082246144,0.9907789697340911,0.006680660160173167,0.00045238848417810507,0.0006727800133330407
PIALE,PIALE,0.0012667815108545798,0.984892925181399,0.01187535248853064,0.0006002454421121396,0.001364695377103459
PIALE,PIALE,0.0011376079625784277,0.9862880568018264,0.010861350790287973,0.0005273995643425767,0.0011855848809644246
PIALE,PIALE,0.0008335061982244553,0.9875646205739073,0.010553892250544341,0.0004127721972866062,0.0006352087800373822
PIALE,PIALE,0.0006311716484330136,0.9897277031052369,0.008628440961599267,0.0003481343545839237,0.0006645499301468993
PIALE,PIALE,0.01326158092992817,0.735213228285333,0.24136768249856577,0.003305627865224545,0.0068518804209486365
PIALE,PIALE,0.010671698569108474,0.8521688088307723,0.1281005121447246,0.0027145222178798587,0.00634445823751496
PIALE,PIALE,0.00950656354281866,0.8860025568886442,0.09197016453197553,0.0032401014413423954,0.009280613595218985
PIALE,PIALE,0.017957820614141386,0.8407114778548332,0.11950356568995449,0.004522681139229079,0.01730445470184183
PIALE,PIALE,0.016095143499276363,0.7624890011140628,0.2110050609915471,0.0040357056058159535,0.006375088789297789
PIALE,PIALE,0.024755369358514006,0.7493271658960343,0.19522942425668613,0.006155053825001454,0.024532986663764085
PIALE,PIALE,0.023337080011955277,0.7858289153767223,0.1649937866169109,0.005170299689099511,0.020669918305312004
PIALE,PIALE,0.01347858419273841,0.815006035680863,0.15588132597415988,0.0037811591045777853,0.011852895047660812
PIALE,PIALE,0.03201400816400744,0.7137584768798834,0.22927916224652956,0.0057069606556985845,0.019241392053881035
PIALE,PIALE,0.017462654998908842,0.7763974052506408,0.189197608639053,0.004644742672207775,0.012297588439189705
PIALE,PIALE,0.02882459528678771,0.7543720796692963,0.17909291557589627,0.0058391306925424285,0.03187127877547727
PIALE,PIALE,0.0692709356143475,0.40481074226866987,0.3716944941261172,0.018245994159533853,0.13597783383133155
PIALE,PIALE,0.02324950118270584,0.6074187056067921,0.31061987137711394,0.008190641972498847,0.0505212798608894
PIALE,PIALE,0.02220761028578344,0.743760825818743,0.21544490380033215,0.004067704640491667,0.0145189554546498
PIALE,PIALE,0.022833711004362243,0.7182189830086729,0.23159628565123586,0.005031187198576308,0.022319833137152707
PIALE,PIALE,0.02718296600084546,0.547611925208569,0.37271228245249577,0.008259380204123867,0.04423344613396566
PIALE,PIALE,0.03718908535546664,0.6804382595590895,0.2276358751959247,0.007336345859205711,0.047400434030313354
PIALE,PIALE,0.04804370043790878,0.5114587065122325,0.29141361867484367,0.0122795646733419,0.13680440970167318
PIALE,PIALE,0.025945621079306293,0.6527354345616234,0.26447453333214205,0.005035562614964066,0.05180884841196416
PIALE,PIAVE,0.2209690740790049,0.17009471978061744,0.1922415289273297,0.16164440865928528,0.2550502685537627
PIALE,PIARA,0.01254992662609355,0.0351477048765396,0.9046229516260812,0.04604136394591815,0.0016380529253674407
PIALE,PIARA,0.021573970716486774,0.03238580489933406,0.8062235265476295,0.13710795450376917,0.0027087433327803805
PIALE,PIARA,0.011449919188820185,0.03488279078739139,0.8103164334397752,0.1403686081140969,0.0029822484699161965
PIALE,PIARA,0.027020649164604324,0.07775588619921595,0.7560053038957402,0.13189604236860708,0.0073221183718326175
PIALE,PIARA,0.033865044418837635,0.04704417681272801,0.7256061166913146,0.18833586369489566,0.005148798382224097
PIALE,PIARA,0.011563803636455572,0.06090370556721427,0.8689731765495449,0.05568688647662059,0.0028724277701647773
PIALE,PIARA,0.010703510254221973,0.08333764477317451,0.8609235272824575,0.04171177815640978,0.003323539533736293
PIALE,PIARA,0.010098629978392183,0.020055899351587803,0.9183270800029333,0.05015313740135296,0.0013652532657339694
PIALE,PIARA,0.00999920335500758,0.10817614936891441,0.8421029241903171,0.03621400015585284,0.003507722929908037
PIALE,PIARA,0.00967142315329893,0.10642344479844325,0.8042694031171275,0.07488851511441026,0.004747213816720181
PIALE,PIATE,0.027922450827722555,0.00887916444646734,0.2048714224042104,0.7554311723361816,0.0028957899854180225
PIALE,PIATE,0.03179418751777137,0.014174462798050961,0.4437710332545773,0.50606602466776,0.004194291761840518
PIALE,PIARA,0.019755696804557726,0.012439870019905146,0.5332737266563365,0.4311462101386006,0.003384496380600114
PIALE,PIARA,0.02171215814452109,0.013053614630181527,0.5782511426588995,0.3840618045624962,0.0029212800039015233
PIALE,PIARA,0.018596002969640917,0.010965702056549726,0.7423537913578379,0.22438934614309622,0.003695157472875412
PIALE,PIATE,0.04472232256495814,0.015370725053156816,0.37211630036065796,0.5642473624368528,0.0035432895843742454
PIALE,PIATE,0.06274666684163793,0.00831185959888429,0.18544347815960777,0.7413408994143172,0.0021570959855528025
PIALE,PIATE,0.030968272057644665,0.011350788107830367,0.3789345696789212,0.5750670690183358,0.003679301137268003
PIALE,PIATE,0.02024402011696328,0.010184484277774795,0.30274152179491315,0.6624226906948983,0.004407283115450421
PIALE,PIARA,0.026670287406941058,0.012934998982355884,0.49628049063646046,0.46074340142444503,0.0033708215497977303
PIALE,PIARA,0.007690498863151604,0.12046142093336143,0.680821739623171,0.18164464169751718,0.009381698882798694
PIALE,PIARA,0.003204819388344043,0.18171276119769494,0.7837585586753831,0.028117861011250498,0.0032059997273273812
PIALE,PIARA,0.005983387280646888,0.1777397960621167,0.6731968591547755,0.13238290866487634,0.010697048837584707
PIALE,PIARA,0.0029612809939073884,0.09616169101241685,0.8655956888535274,0.03226449827270393,0.0030168408674441623
PIALE,PIARA,0.007555843428829525,0.28031579135607465,0.4704590805401156,0.23053780852254313,0.011131476152436964
PIALE,PIARA,0.007321677899080792,0.10425234336228897,0.7753459742147676,0.10765926970995815,0.005420734813904527
PIALE,PIARA,0.004478182130240411,0.37115584989775563,0.5798913228281597,0.0369920397584684,0.007482605385375917
PIALE,PIARA,0.003683655210267749,0.17640592417187329,0.7665351345647408,0.04790857155381221,0.005466714499306078
PIALE,PIARA,0.0071206639741757055,0.3270250759193001,0.5503875407465827,0.09984800543861407,0.015618713921327486
PIALE,PIARA,0.008287242549456187,0.14658519978007567,0.7197460079054987,0.11683873666054193,0.008542813104427605
PIALE,PIALE,0.0010213400636092814,0.7800218078344628,0.2124696982816088,0.00555252174801085,0.0009346320723081373
PIALE,PIALE,0.0008361280642325089,0.8629103597820704,0.12973296052628613,0.005232363131040548,0.0012881884963702815
PIALE,PIARA,0.0016341881251966917,0.4028531969506994,0.5855550300459974,0.009023526486252065,0.0009340583918545307
PIALE,PIALE,0.0016652575195240632,0.5764395983052248,0.4090701976955753,0.011749743744549814,0.001075202735125879
PIALE,PIALE,0.0021927336044647644,0.5039586895193519,0.4868830202855264,0.0057413899905494,0.0012241666001074865
PIALE,PIALE,0.0011030809162123718,0.5560135465154872,0.4301214411888663,0.011290284114575928,0.0014716472648582367
PIALE,PIALE,0.0015013718178059907,0.7041518628843768,0.2840113078781834,0.008934434289776735,0.0014010231298569305
PIALE,PIALE,0.0014683720552878569,0.7654090331395159,0.2146773120524658,0.015228345517505617,0.0032169372352249207
PIALE,PIARA,0.004166258337851394,0.14934910742275895,0.6355703825129512,0.20477771026547095,0.006136541460967438
PIALE,PIALE,0.0016074103290750574,0.8421969698740177,0.12854846304021594,0.02383727697384314,0.003809879782848215
PIALE,PIARA,0.013832461877095874,0.03406225308557892,0.7810597407895786,0.16344943040768348,0.007596113840063036
PIALE,PIARA,0.01380925169757202,0.043905280564537255,0.8112915185059992,0.12491121784794311,0.00608273138394837
PIALE,PIARA,0.012465750005813608,0.11576720985886849,0.7483908164482378,0.11589690701924152,0.0074793166678387485
PIALE,PIARA,0.009377682338929548,0.053409791844802455,0.7440444155151021,0.1790577579543227,0.014110352346843156
PIALE,PIARA,0.012764229479743658,0.13187205188058773,0.7512091078039026,0.09855574810562605,0.005598862730140033
PIALE,PIARA,0.011816092334504964,0.042968689403379,0.8123430224969368,0.1270048477124441,0.005867348052735191
PIALE,PIARA,0.008932262384442271,0.02697074287832653,0.8516471725128346,0.10853202523043268,0.0039177969939639505
PIALE,PIARA,0.01498182973079754,0.12483075410457595,0.7321543225533761,0.11440575585265941,0.013627337758590949
PIALE,PIARA,0.012054218074463406,0.34115287107456377,0.3793027663782976,0.2177336686015968,0.04975647587107854
PIALE,PIARA,0.009987738646122249,0.08149763553813241,0.791222367908709,0.11019698092704326,0.007095276979993151
PIALE,PIATE,0.09822448485546606,0.03646786702551871,0.3898445306614274,0.47056742076785746,0.00489569668973027
PIALE,PIATE,0.06151792702713035,0.029172088893677988,0.4443601106400925,0.4613196600119053,0.0036302134271939987
PIALE,PIARA,0.18316337358977275,0.027282533754195377,0.4617844283502984,0.3248419514964567,0.0029277128092768316
PIALE,PIATE,0.2522546498232648,0.013370222704871993,0.18835950769836418,0.5431143055528396,0.0029013142206594606
PIALE,PIATE,0.35195214159564975,0.012387065607865979,0.12243719550733045,0.5103414820613916,0.002882115227762167
PIALE,PIATE,0.38579941389131894,0.008031500355747486,0.03641062418338336,0.5682874560571284,0.0014710055124218101
PIALE,PIATE,0.4508754682040544,0.013279762326010887,0.06613698693902602,0.4675706439294959,0.0021371386014129544
PIALE,PIATE,0.3148083759931098,0.022617338737005464,0.08333746294809002,0.5758083061596843,0.0034285161621105246
PIALE,PIATE,0.2943791677804346,0.01620372777860283,0.10777468397816624,0.5789372129800663,0.0027052074827300485
PIALE,PIATE,0.2568757385970583,0.018468053297175786,0.24331661056064915,0.4777496156695862,0.0035899818755303664
PIALE,PIALE,0.006376657429837639,0.6384024954569906,0.34782930422477326,0.005483977885783072,0.0019075650026154675
PIALE,PIALE,0.002781037403684639,0.9081271669365419,0.08072434153443565,0.005127520766395893,0.003239933358941829
PIALE,PIARA,0.004314789718150455,0.23827624276769552,0.7524977229924452,0.0035381443862452996,0.0013731001354637283
PIALE,PIALE,0.0054010531496452375,0.6241458985906978,0.365292270830022,0.0035493019937429685,0.001611475435892012
PIALE,PIARA,0.00560326251628725,0.4340883053985685,0.5533262725664907,0.005086939143926626,0.0018952203747268194
PIALE,PIARA,0.005390024327358734,0.31426462866466826,0.6735591088452624,0.004925872110367013,0.0018603660523435262
PIALE,PIARA,0.005966917800714109,0.3100721265807327,0.676715566714218,0.005435248965614716,0.0018101399387204637
PIALE,PIARA,0.005105377231544297,0.44397162713914073,0.5439244288211864,0.00530425943389422,0.0016943073742344823
PIALE,PIALE,0.0018930288480374189,0.9709225705845124,0.023139309482570147,0.0021303314814316446,0.001914759603448281
PIALE,PIALE,0.006434346232535569,0.5678493198516122,0.4184608616493157,0.005378035941904828,0.0018774363246318085
PIALE,PIARA,0.00494213702949556,0.2818291584672757,0.7075377281793136,0.004309371483231542,0.0013816048406836716
PIALE,PIALE,0.004738802936820847,0.7956464623953174,0.19420067628865736,0.0038533241664379008,0.0015607342127663527
PIALE,PIARA,0.005484632749076351,0.4528185171366076,0.5350027654012971,0.005052747361347896,0.001641337351670914
PIALE,PIALE,0.0037324429117263297,0.9121512229578349,0.07984464609188385,0.0029690715355650565,0.0013026165029900395
PIALE,PIALE,0.0010071028053527742,0.9848962720084571,0.01119539594102137,0.0015006384862183088,0.001400590758950563
PIALE,PIALE,0.0018416839905786874,0.9617985593480027,0.033757328119697796,0.0017520146395565578,0.0008504139021641853
PIALE,PIALE,0.005109752278192421,0.7730289485944846,0.21612125591963965,0.0036933415523664457,0.002046701655316919
PIALE,PIALE,0.005382618666118346,0.8108341217035947,0.17833057506384933,0.0038174420070384795,0.0016352425593993496
PIALE,PIALE,0.005296997272150443,0.5256269163782619,0.4627094838368107,0.004614272735080933,0.0017523297776960776
PIALE,PIALE,0.0049440866819029485,0.8379951927163715,0.15171109339930164,0.003811803419887165,0.0015378237825368517
PIALE,PIALE,0.00436014505565791,0.8050701596702429,0.18627156391983568,0.002921639445503562,0.0013764919087598968
PIALE,PIALE,0.003712193850566891,0.74081441340447,0.25036098617219094,0.003930525253446758,0.0011818813193255249
PIALE,PIALE,0.005644413677731081,0.7351746828327901,0.2543900596486876,0.003313644115680543,0.0014771997251106599
PIALE,PIALE,0.0016026684738425468,0.8942010250282297,0.10017615820344627,0.002672293733295239,0.0013478545611860218
PIALE,PIALE,0.0037374024196596906,0.7584029163923213,0.23361306485743405,0.0028204484077965324,0.0014261679227884224
PIALE,PIALE,0.0026569209727226595,0.787505232712128,0.20298182332868986,0.005198436137901658,0.0016575868485577453
PIALE,PIALE,0.0007844695523487254,0.9721875862247632,0.023675514254817613,0.0019487211922275384,0.0014037087758429784
PIALE,PIALE,0.0005780271565691423,0.987078976105416,0.010073225327364778,0.0012132906050230765,0.0010564808056270996
PIALE,PIALE,0.0007246334709254498,0.9816930480464351,0.01474924856347765,0.0014705879459536932,0.0013624819732082028
PIALE,PIALE,0.0005114888907576407,0.9916588318397223,0.005531810618035945,0.0010013110983291538,0.0012965575531548369
PIALE,PIALE,0.025270150002800727,0.5510391195175984,0.382554918806532,0.034405341018239236,0.006730470654829679
PIALE,PIARA,0.03491829820583729,0.3624303145389245,0.5316161219050429,0.06204177527401386,0.008993490076181557
PIALE,PIATE,0.10358387874517212,0.048082678247258474,0.379273356582867,0.4629317248533929,0.0061283615713095905
PIALE,PIALE,0.03314435115201561,0.47116558668336156,0.4391324863952259,0.04916079893637725,0.00739677683301963
PIALE,PIALE,0.04372132919036495,0.49855107116074227,0.4102352042535369,0.04159847464555998,0.0058939207497960035
PIALE,PIALE,0.024177239816321118,0.5111425566808433,0.4141003843606338,0.04097290340734129,0.009606915734860524
PIALE,PIALE,0.018553522470279044,0.6863849268016358,0.2322273533426488,0.044990661255381606,0.017843536130054835
PIALE,PIARA,0.1334495351881918,0.14492453480217643,0.4276729405676001,0.2841641415462282,0.009788847895803667
PIALE,PIARA,0.10816773924282617,0.20484201365816662,0.5560277997424274,0.12426087912000813,0.006701568236571708
PIALE,PIARA,0.04396306305869593,0.3970994396271784,0.4710487597718173,0.07775487089068225,0.01013386665162596
PIALE,PIALE,0.002129735711204394,0.9342759801524543,0.04677678559105909,0.010057478527936167,0.006760020017345967
PIALE,PIATE,0.019662041913374645,0.22759298984435805,0.22309397363726682,0.497216783475947,0.03243421112905354
PIALE,PIALE,0.0024115234493742653,0.9146728617144801,0.06274539427729336,0.012337606355945099,0.00783261420290737
PIALE,PIALE,0.002085023424917771,0.9372167818021525,0.04665865405360181,0.008877069443343523,0.005162471275984256
PIALE,PIALE,0.0019910776749487522,0.9050142537757316,0.08137293828237917,0.007463889709185523,0.004157840557754884
PIALE,PIATE,0.030887623764145437,0.1489939828502375,0.2514640199396574,0.5475140822511708,0.021140291194788868
PIALE,PIALE,0.0027392414108507812,0.9165070239914689,0.061942814021022474,0.012944812428879189,0.005866108147778533
PIALE,PIATE,0.024467484121985034,0.08972672275920615,0.21873479708167232,0.6339049509374222,0.033166045099714374
PIALE,PIALE,0.0022201180798967347,0.9482173322908803,0.03449429913580287,0.009415491523032352,0.005652758970387543
PIALE,PIALE,0.0025917699790323854,0.921896703399446,0.04841977938400359,0.015297640001856296,0.011794107235661808
PIALE,PIALE,0.0012842545496693479,0.9742881128899342,0.01580733993520933,0.006281320423751922,0.002338972201435184
PIALE,PIALE,0.0009448235541014233,0.987892552051433,0.006346262658564058,0.0030862951297459637,0.0017300666061556853
PIALE,PIALE,0.0008776710079174224,0.9848696726286078,0.008443947214671284,0.003671275083878251,0.002137434064925425
PIALE,PIALE,0.0010878770679971237,0.9822744959653616,0.010260071562986623,0.004309167897478964,0.0020683875061757637
PIALE,PIALE,0.0009790642402035044,0.9826002222367545,0.008527498296520861,0.005258589259936293,0.0026346259665849183
PIALE,PIALE,0.0008428036487060867,0.9831456787835707,0.009032111631789136,0.003880828798866063,0.0030985771370679784
PIALE,PIALE,0.0005206934753491165,0.9897288968581964,0.005601183870562997,0.0020395524899161853,0.0021096733059752758
PIALE,PIALE,0.0009714483320935923,0.9831856193059905,0.00821731617973836,0.005003660513359356,0.0026219556688182586
PIALE,PIALE,0.000778851937464108,0.9876402912752178,0.006046464176645012,0.0036916400751176204,0.0018427525355554357
PIALE,PIALE,0.0009436175052685256,0.9865118524151184,0.007121229782640831,0.0035436459529793215,0.0018796543439929905
PIALE,PIALE,0.0005009634710620367,0.9924455397173836,0.0053084642065692874,0.0009168263538939426,0.0008282062510910073
PIALE,PIALE,0.0005454782295948968,0.9900994695881298,0.007811376656325558,0.0008607526189102492,0.0006829229070395413
PIALE,PIALE,0.001848234683876657,0.9529588005366673,0.042342033054370974,0.002165110231939501,0.0006858214931455342
PIALE,PIALE,0.0007048806483976136,0.9883751591932619,0.00933757911728191,0.000962836385882649,0.000619544655175923
PIALE,PIALE,0.0005174994660706711,0.9856405710777848,0.011770563353752529,0.0012517064310358492,0.0008196596713559509
PIALE,PIALE,0.0005522055533222037,0.988222743187621,0.009145906148777827,0.0012690187314293767,0.0008101263788498084
PIALE,PIALE,0.0009170629833349454,0.9842035883380971,0.008846838366143162,0.0040429399559124175,0.0019895703565125547
PIALE,PIALE,0.0004979695022076093,0.9889234424560054,0.007624151225672314,0.0017298252695634637,0.0012246115465511234
PIALE,PIALE,0.0005830985569630075,0.9876105652350586,0.008866314521912118,0.0016235442763585688,0.0013164774097078479
PIALE,PIALE,0.00046414092895084787,0.9887662409479544,0.008747594757276812,0.001145815668909291,0.000876207696908764
PIALE,PIALE,0.0011558352019462737,0.9811504250821547,0.011545780220861591,0.0035931097687572546,0.0025548497262803593
PIALE,PIALE,0.0010274312151853295,0.9853241788735144,0.007969795593986206,0.00333536185931114,0.0023432324580027336
PIALE,PIALE,0.0012200564624793944,0.9803707613977158,0.012146363010631834,0.0033895332541045743,0.0028732858750683526
PIALE,PIALE,0.0012779075490108086,0.9780224515458413,0.012983082303326942,0.004569268092798291,0.00314729050902251
PIALE,PIALE,0.001213775820221288,0.9780825357408884,0.012253203568964225,0.005123171749673443,0.003327313120252648
PIALE,PIALE,0.002213653409264884,0.9557530705727729,0.030084171101434555,0.008425906252395034,0.003523198664132816
PIALE,PIALE,0.0008709309295864023,0.9876256883612271,0.0068548528290503915,0.003060965093526377,0.0015875627866096347
PIALE,PIALE,0.0010158599814782585,0.9865862711310666,0.006996185680082428,0.0035318359789198797,0.0018698472284528296
PIALE,PIALE,0.0010782852145801976,0.987566094322171,0.005963822381827797,0.0035856927186196405,0.0018061053628015426
PIALE,PIALE,0.0009319111183947693,0.9869724639600342,0.007132014050172903,0.003182077489722576,0.0017815333816755502
PIALE,PIALE,0.0013292231880621787,0.945018273667507,0.04717577705216487,0.003986063052774569,0.0024906630394911024
PIALE,PIALE,0.0011490688026263266,0.9092598842739127,0.08471055104687492,0.0031625173886605986,0.0017179784879254878
PIALE,PIALE,0.0013864058066272512,0.8090591931433241,0.18422596130964158,0.0035158187636804487,0.00181262097672658
PIALE,PIALE,0.0019971005251746598,0.9127598016437589,0.07976539158938678,0.004287124089245862,0.0011905821524336201
PIALE,PIALE,0.0008810112897068567,0.9825212099830934,0.01422714865813214,0.0014291387730321784,0.0009414912960353649
PIALE,PIALE,0.0005722660302142093,0.9890889020181867,0.008158672190521483,0.0011358054472926972,0.0010443543137848693
PIALE,PIALE,0.0007628307399692954,0.9802999664744325,0.016156093457987616,0.00170248219058045,0.0010786271370300687
PIALE,PIALE,0.0010743441441849698,0.9504094566410665,0.042789643680714744,0.0035518459308811257,0.002174709603152648
PIALE,PIALE,0.0010699411614224757,0.9423735637945959,0.05259101513654158,0.0025791405882149092,0.0013863393192253173
PIALE,PIALE,0.0019991793012123092,0.7049148592060315,0.2823376761433985,0.007277180222966416,0.0034711051263914424
PIALE,PIALE,0.0006872937870380187,0.9852335033983999,0.009101382849123957,0.0038000181597348985,0.001177801805703352
PIALE,PIALE,0.0008200424997077206,0.98345494619161,0.010398227221003096,0.004058669434945895,0.0012681146527332217
PIALE,PIALE,0.001063497712372102,0.9777701784870706,0.010942236991844403,0.008374845896788611,0.0018492409119242582
PIALE,PIALE,0.0010276994907310378,0.9799796780019472,0.01122318413415473,0.00613514677608428,0.0016342915970827794
PIALE,PIALE,0.0007724600471533414,0.9807150931699451,0.011836862682230323,0.005296320588558591,0.0013792635121128059
PIALE,PIALE,0.005505147958905088,0.7973516099348742,0.09423683014112874,0.0948168166938786,0.008089595271213591
PIALE,PIALE,0.0007063921595636633,0.9751495939171468,0.01903065930383031,0.0032686378647754245,0.0018447167546837414
PIALE,PIALE,0.0005111736266714384,0.9837616148685265,0.012259153996470467,0.0025423863434621712,0.000925671164869395
PIALE,PIALE,0.005787903408003924,0.47924913338578634,0.41217418783482246,0.09184013698064639,0.01094863839074064
PIALE,PIALE,0.0005794368833629486,0.9725259317408181,0.02373454582136289,0.002250194244346164,0.000909891310109742
PIALE,PIALE,0.005051172078423843,0.7158533756576664,0.22950232550223137,0.04278130396884393,0.006811822792834523
PIALE,PIALE,0.007350019437840685,0.6848741912543769,0.24742576053538473,0.050962328580367804,0.009387700192029771
PIALE,PIALE,0.005967824177080225,0.6332165243488519,0.2889460493025893,0.06273154421052596,0.009138057960952526
PIALE,PIALE,0.007117565980662274,0.5957071292204529,0.3258229755294955,0.06199077623219145,0.009361553037197922
PIALE,PIALE,0.0029742401995043063,0.8964733463177817,0.0669088360705586,0.029663359913538072,0.003980217498617328
PIALE,PIALE,0.002037025883985379,0.948243023722977,0.03149246033536391,0.01562858178377046,0.0025989082739031164
PIALE,PIALE,0.001432085559218212,0.9542014286820196,0.030653207260132005,0.01179505478476268,0.0019182237138671981
PIALE,PIALE,0.005364136735922576,0.6884534685601922,0.2433478640232934,0.05600598720867685,0.006828543471914928
PIALE,PIALE,0.008734362537284154,0.5486302592053214,0.35283611513672875,0.0794251929159559,0.010374070204709882
PIALE,PIALE,0.007450500424738562,0.6296455179411273,0.2844615506076748,0.06883501743421014,0.009607413592249222
PIALE,PIALE,0.000498700550844077,0.9817805818583878,0.014189324081119777,0.002652804531756998,0.00087858897789143
PIALE,PIALE,0.0006956491123469826,0.9805942986926741,0.013707046991384083,0.003931495046409772,0.001071510157184918
PIALE,PIALE,0.000861564330050018,0.9576034695866288,0.03496060336900712,0.0051352132568770635,0.0014391494574373398
PIALE,PIALE,0.0014455602180349395,0.9263298944903801,0.06407074570609372,0.0061400513788809515,0.0020137482066104363
PIALE,PIALE,0.0004930760253653896,0.9853180662432012,0.010289427045462185,0.0029541377053795836,0.0009452929805915768
PIALE,PIALE,0.000501569098169814,0.9819262727401283,0.013622150844410335,0.003082715997296113,0.0008672913199954606
PIALE,PIALE,0.00079151420188993,0.9572402260097979,0.037715474140213104,0.0031682295945082125,0.0010845560535909789
PIALE,PIALE,0.0003604097594855813,0.9770938640415745,0.020200950852980532,0.0016423572779245676,0.0007024180680349097
PIALE,PIALE,0.0005126537371072338,0.9820624799751437,0.014213889083053507,0.00239407910845617,0.0008168980962391699
PIALE,PIALE,0.00041814765190488766,0.984206068336888,0.012519721397067767,0.002045890110019528,0.0008101725041200056
PIALE,PIALE,0.0006432176264096315,0.984153537929741,0.009372938491681533,0.0046486000978594325,0.001181705854308455
PIALE,PIALE,0.0010403189921840603,0.9768949271770445,0.01538325154944552,0.005316722198378373,0.0013647800829473874
PIALE,PIALE,0.0007566545071693423,0.9789109541921139,0.012842009493330525,0.006197859871611502,0.0012925219357747572
PIALE,PIALE,0.000826069642031341,0.9760985875393663,0.016561403200843705,0.005229514228865834,0.0012844253888928123
PIALE,PIALE,0.0008640927951550655,0.9798536316426528,0.013678210953865342,0.004397918233838373,0.0012061463744882399
PIALE,PIALE,0.0006289117285365987,0.9846038651841467,0.01027207197857125,0.0034754410176383857,0.0010197100911069044
PIALE,PIALE,0.0008712825079634096,0.9697764679574927,0.02334529001579049,0.0047020772240915585,0.0013048822946618629
PIALE,PIALE,0.0020684718239230952,0.9263209550144162,0.04955557239705309,0.019730866255490687,0.0023241345091168735
PIALE,PIALE,0.001111269442108351,0.9662350121350158,0.023193365977276233,0.00806875833231593,0.0013915941132837673
PIALE,PIALE,0.0011186125053736422,0.9641639307592843,0.026072048063222737,0.00700086510597608,0.0016445435661434835
PIALE,PIALE,0.001134371445126355,0.9368620973622175,0.05163198170799554,0.008321482092708714,0.0020500673919520186
PIALE,PIALE,0.000769602962564262,0.9623739604819076,0.030519035462394484,0.005003351193802599,0.0013340498993310577
PIALE,PIALE,0.0011729928692192357,0.9435092047132089,0.041516943786587907,0.01138086800719472,0.002419990623789337
PIALE,PIALE,0.0011102263363291533,0.929389216627188,0.05579434673582145,0.01135207242199726,0.0023541378786640175
PIALE,PIALE,0.0026443277387440084,0.7427751181171621,0.20805455595965588,0.04222810967551342,0.004297888508924641
PIALE,PIALE,0.0024198053910582835,0.8246990049472016,0.11683739610113403,0.05080811785912267,0.005235675701483478
PIALE,PIALE,0.0019942172176210683,0.9036868038432619,0.06727795319722531,0.023004137598580346,0.004036888143311511
PIALE,PIALE,0.0017588935375993664,0.9251660292782412,0.052852869073901416,0.01682315883677423,0.003399049273483743
PIALE,PIALE,0.0008147123022151149,0.965695714328132,0.025921418273122235,0.006044777662781209,0.0015233774337494621
PIALE,PIALE,0.0014823836886308987,0.9412169513396459,0.033566249536225924,0.020781916556156667,0.0029524988793406194
PIALE,PIATE,0.08734541708486317,0.014932702663433618,0.11025747096605577,0.7846062980026138,0.002858111283033662
PIALE,PIARA,0.01845678394004933,0.35283458029523357,0.5216124949919192,0.10236352004715038,0.004732620725647484
PIALE,PIALE,0.0020516929883098323,0.9102242654052264,0.08188057561957889,0.0033905004854183824,0.002452965501466636
PIALE,PIALE,0.0014700625682704228,0.9582447293910049,0.03435101898766328,0.00322378741226843,0.0027104016407928622
PIALE,PIALE,0.006710972431545972,0.7314107479745834,0.2521631095028513,0.007588426844377804,0.0021267432466414325
PIALE,PIALE,0.002615943575655568,0.8991889941983202,0.09357273356635765,0.0032141884425743866,0.0014081402170922474
PIALE,PIALE,0.0031281267749161423,0.681868451884601,0.3058863812951754,0.0074611488215574045,0.0016558912237498893
PIALE,PIALE,0.00392784672568337,0.809440727114049,0.18016230354850657,0.004988781184934814,0.0014803414268263163
PIALE,PIALE,0.0012291256433074583,0.9565677919305018,0.03853202148428757,0.0024865473065035964,0.0011845136353994536
PIALE,PIALE,0.0035369729994060707,0.6596032070029476,0.32864175326248857,0.006901863077333825,0.0013162036578238591
PIALE,PIARA,0.016284232249291025,0.22956353701343013,0.6968683359927625,0.05176387745253031,0.005520017291986172
PIALE,PIALE,0.0023437044492152044,0.8343752612169695,0.155596336367848,0.0052839377087692315,0.0024007602571978564
PIALE,PIARA,0.006800627805220909,0.4706267305209755,0.509700866729312,0.010534110761571755,0.0023376641829198613
PIALE,PIALE,0.0045439245129742,0.7360299447763372,0.2471477747492895,0.009762760429781556,0.0025155955316174886
PIALE,PIALE,0.002809651361149795,0.8270766390405103,0.16327895920143934,0.005064957742008413,0.0017697926548922475
PIALE,PIALE,0.001139432933059294,0.9612432145391957,0.034687671285798534,0.0017717139438652464,0.001157967298081132
PIALE,PIALE,0.002029875051493651,0.9013711637154959,0.09248655122916873,0.0030140109622885515,0.0010983990415532566
PIALE,PIALE,0.0011700950668218648,0.9555846521486551,0.03722786811189104,0.003755628505854422,0.0022617561667776665
PIALE,PIATE,0.12535004106043215,0.019712945361597716,0.10077235250005187,0.7490323837100407,0.00513227736787746
PIALE,PIALE,0.002785645623752349,0.8360818125694981,0.14572949547355452,0.011603433457870679,0.003799612875324449
PIALE,PIARA,0.021860488181406842,0.425466001463346,0.5406106338971858,0.009597596060753574,0.002465280397307849
PIALE,PIARA,0.09046333537351378,0.3808806376002647,0.4525020132462788,0.06832732168198595,0.007826692097956752
PIALE,PIALE,0.009750226253455063,0.7951872590149683,0.16833685294229325,0.015200429808985737,0.011525231980297477
PIALE,PIARA,0.14603027756040968,0.23388146871088797,0.42411992469691073,0.18749198577866946,0.00847634325312225
PIALE,PIARA,0.0960193105901313,0.31895151261717447,0.47506986376369625,0.09750374953709595,0.012455563491902091
PIALE,PIARA,0.03202857806452644,0.35816889989385253,0.572494527634509,0.030190163896679157,0.007117830510432788
PIALE,PIARA,0.06070581582597058,0.29882630402679217,0.45048276060533077,0.17662632202582,0.01335879751608651
PIALE,PIARA,0.06371510661570493,0.4081422879700106,0.4687102939318147,0.05119589349045102,0.008236417992018897
PIALE,PIARA,0.02613101424226881,0.4493008121731155,0.5015955395321718,0.018135266029611102,0.004837368022832687
PIALE,PIARA,0.03753511726593945,0.30100613286003397,0.6319300001977103,0.024709480884995274,0.004819268791321004
PIALE,PIALE,0.009393566880157807,0.8334111895833902,0.13521902393884117,0.011313708965577034,0.010662510632033688
PIALE,PIARA,0.009173420777642728,0.4261582300721255,0.5531237153266085,0.009185020809361236,0.0023596130142619996
PIALE,PIALE,0.010927344875983035,0.6082912243193305,0.3684967620356903,0.009246026792070525,0.0030386419769256093
PIALE,PIALE,0.0081369594838664,0.7824062906809842,0.20057806017700552,0.00588015996915139,0.0029985296889926613
PIALE,PIALE,0.011567176487153158,0.5957808965023978,0.3811372781041716,0.008390976192776987,0.0031236727135005543
PIALE,PIALE,0.014159254933179039,0.5058426406534576,0.46463951530777836,0.011239431556968871,0.004119157548616091
PIALE,PIARA,0.03200089496840292,0.41876471641031326,0.509798390169541,0.028014717073465763,0.011421281378277104
PIALE,PIARA,0.011419403081987125,0.12267513431073905,0.8387814410055233,0.024194324242224355,0.002929697359526
PIALE,PIARA,0.006382713813027635,0.09249700876378432,0.8758845886768624,0.02341277777718988,0.0018229109691357296
PIALE,PIARA,0.005879792226277361,0.21529140572559285,0.7696766749044294,0.007842596257445178,0.0013095308862551252
PIALE,PIALE,0.036837755563837206,0.433520219896018,0.3943176089139038,0.0987061159197544,0.036618299706486404
PIALE,PIARA,0.038508702786881316,0.37480523818625683,0.3776335059052375,0.08904119848568642,0.12001135463593798
PIALE,PIARA,0.050631150656080336,0.23944433332797652,0.33753213518365,0.22105070473619154,0.15134167609610172
PIALE,PIARA,0.05131468870801754,0.24358491693041015,0.26896245043178235,0.19798464182819042,0.23815330210159952
PIALE,PIARA,0.0462558445282953,0.3183999481626884,0.39411788645180457,0.1260317221911468,0.1151945986660649
PIALE,PIARA,0.06188083886448529,0.11479532841794188,0.40166563402820155,0.3539324878394046,0.06772571084996679
PIALE,PIARA,0.054520387738574,0.26915643516049625,0.41389303575414443,0.12237382691209787,0.14005631443468736
PIALE,PIARA,0.08941751771104273,0.15408234830696949,0.44872226206767324,0.28699369042186934,0.02078418149244525
PIALE,PIARA,0.04187235069630478,0.24398227150596052,0.5309136406250489,0.10194062426908705,0.08129111290359882
PIALE,PIARA,0.06954571917454155,0.20618983417922904,0.5724479325267553,0.13375645942795722,0.018060054691516975
PIARA,PIATE,0.046619775186114175,0.04153424953927473,0.27426254307639025,0.4842588222715406,0.15332460992668015
PIARA,PIATE,0.05422840123332831,0.01601794711368318,0.11781425574689731,0.8058870607555325,0.006052335150558752
PIARA,PIATE,0.0827775342723677,0.014307395008955266,0.1189206175878056,0.7403331269565347,0.04366132617433675
PIARA,PIATE,0.0318525904163141,0.01086411784628774,0.07001574633788021,0.8764121947944604,0.010855350605057497
PIARA,PIATE,0.05039354676409674,0.030018841489478105,0.24196629728869684,0.5717239260868328,0.10589738837089556
PIARA,PIATE,0.07147532242322818,0.015691848928634403,0.1880706321879302,0.7209546960415075,0.0038075004186996376
PIARA,PIATE,0.0816382637675695,0.02228982459321862,0.164350739058179,0.7238964975921099,0.007824674988922952
PIARA,PIATE,0.027029591075010954,0.02126937321353932,0.20902738825908757,0.7407855080305086,0.0018881394218535565
PIARA,PIATE,0.05063417448308033,0.043105043718044876,0.2197942814931123,0.6828143267202674,0.003652173585495075
PIARA,PIARA,0.02141204325830001,0.048591700004416795,0.613941955939512,0.31332144532724276,0.0027328554705285117
PIARA,PIATE,0.06642271231921455,0.014676072767974935,0.2463321196622782,0.669121857140105,0.0034472381104273036
PIARA,PIARA,0.021902691356922722,0.019239257937313063,0.6030784709695342,0.35355553529723205,0.0022240444389981
PIARA,PIATE,0.007489451880746776,0.006322291990934726,0.04229919513735137,0.9426368058521377,0.0012522551388294732
PIARA,PIATE,0.01125500918916277,0.010842649214337906,0.26510793086787066,0.7106079522534563,0.002186458475172198
PIARA,PIATE,0.054141719403547846,0.024547567309676287,0.278107649228725,0.6402369879731394,0.0029660760849113937
PIARA,PIATE,0.013576230357974327,0.012201513542842997,0.261353525604627,0.710419815913138,0.0024489145814176683
PIARA,PIATE,0.01604202679384455,0.010117280878691565,0.1172298030342245,0.8545009141521092,0.002109975141130313
PIARA,PIATE,0.05287148692085018,0.011339762280254396,0.09895906573292679,0.8332274483576718,0.0036022367082968803
PIARA,PIATE,0.0451346577382454,0.01306256975713824,0.22646579084910326,0.7121799200340841,0.0031570616214288407
PIARA,PIATE,0.0460710480378749,0.007648170489741849,0.08504561883739152,0.8578230104855933,0.0034121521493984557
PIARA,PIATE,0.02093200540296376,0.005659898552477586,0.05350001445321723,0.9174210727082412,0.0024870088831001253
PIARA,PIATE,0.04056714414753246,0.02112470482698024,0.31175188146260846,0.6234215965075692,0.0031346730553097417
PIARA,PIATE,0.02807533882847095,0.03290008367234117,0.36018423069969135,0.5572278058882755,0.021612540911221036
PIARA,PIATE,0.021276179309319583,0.02809151432944437,0.28137914834247985,0.6581921617197874,0.011060996298968808
PIARA,PIATE,0.03233657611932025,0.014826621987435151,0.3520325902221218,0.597973681225153,0.00283053044596984
PIARA,PIATE,0.13465657284103408,0.02403414408756748,0.21634650617730405,0.6038091649320189,0.021153611962075557
PIARA,PIARA,0.008832054892622494,0.015018533072107921,0.5091048750340661,0.4652161875739877,0.001828349427215937
PIARA,PIATE,0.025982685207158494,0.009911808704786742,0.15164691877611727,0.8102691312260969,0.0021894560858405836
PIARA,PIARA,0.011363145791004116,0.021099893239348525,0.6985505498578358,0.26719823261200654,0.0017881784998049221
PIARA,PIATE,0.018345203672225762,0.00899098176717321,0.18797504663033318,0.7819393502105925,0.0027494177196753494
PIARA,PIATE,0.003100402503994423,0.029433213241187563,0.21295701734493383,0.7529967954167451,0.001512571493139036
PIARA,PIARA,0.012627694589814381,0.030832683236981535,0.6620696363534788,0.2928059197019904,0.0016640661177348918
PIARA,PIARA,0.005687038095137053,0.012392179026850587,0.9080271464606376,0.07299580276362035,0.0008978336537543448
PIARA,PIATE,0.06440476275304047,0.024937460747328583,0.1754130042899993,0.7322623761153847,0.002982396094247066
PIARA,PIATE,0.17878316101236005,0.0263087441719638,0.3395337183758721,0.44770711518580386,0.007667261254000358
PIARA,PIATE,0.20003387244731596,0.02555915913550764,0.23245835455031946,0.5323022805950725,0.009646333271784605
PIARA,PIATE,0.011731469344111834,0.008109992434580241,0.0633168361274493,0.9149206570407211,0.0019210450531374993
PIARA,PIATE,0.042442546123436516,0.029617827043915305,0.38265590526661636,0.5418946373425118,0.003389084223520095
PIARA,PIATE,0.017599291129797676,0.00877096144131473,0.14537043223752757,0.8256347283351394,0.0026245868562207
PIARA,PIATE,0.03441536807015167,0.01733639716906874,0.38970190242951186,0.5548547539076913,0.003691578423576304
PIARA,PIATE,0.022480406734382296,0.051797807988020965,0.41355335753014744,0.5076425690247366,0.004525858722712668
PIARA,PIARA,0.02013755560942964,0.05008124959428322,0.5507367900883774,0.3750705933622382,0.003973811345671603
PIARA,PIATE,0.010502710445706184,0.012561510326367141,0.3077909739457512,0.666484609886056,0.0026601953961195527
PIARA,PIARA,0.008786129896283988,0.014760185914305725,0.5935299171344316,0.3809503935812243,0.0019733734737543587
PIARA,PIARA,0.011306200597616799,0.020519256145731395,0.6986899750194536,0.26760227821753374,0.0018822900196644263
PIARA,PIARA,0.0162098497808861,0.04496794260034315,0.5174742479356189,0.39994252752782966,0.021405432155322188
PIARA,PIATE,0.055602587010135325,0.024543231728050844,0.19121825982773802,0.7072352056189064,0.021400715815169443
PIARA,PIATE,0.29513667235320246,0.01716920345984764,0.19025357911301666,0.4872098478898151,0.010230697184118327
PIARA,PIATE,0.2243994051673748,0.026833744347177547,0.28449966776173186,0.45453711741427216,0.009730065309443661
PIARA,PIARA,0.10052236714097011,0.04355137767524989,0.4507477518392756,0.3962198066006973,0.00895869674380709
PIARA,PIALE,0.048505347162414246,0.4737482283052395,0.4075291676795418,0.012949027594277787,0.05726822925852674
PIARA,PIARA,0.014889147431091354,0.31900724836353783,0.6279449026713745,0.006130239180274115,0.032028462353722156
PIARA,PIALE,0.010892126737164243,0.5042975191213536,0.4516363299939249,0.00546652804629448,0.02770749610126282
PIARA,PIALE,0.012411156506568932,0.48412351866129916,0.4535794374774137,0.006580321426781689,0.043305565927936385
PIARA,PIARA,0.011140789715589645,0.4688041380140362,0.507760163196638,0.005752150518254097,0.006542758555482232
PIARA,PIALE,0.006998881784476005,0.5197387253458757,0.4641293589417949,0.0034018007260500694,0.005731233201803361
PIARA,PIALE,0.006207997316245778,0.5517584022416214,0.4345964291249014,0.0032803896920614254,0.004156781625169951
PIARA,PIALE,0.005435034949424354,0.7141247647940829,0.2730590503718724,0.003815411087602578,0.003565738797017708
PIARA,PIARA,0.006894586085369521,0.48652498505319675,0.49452460342611854,0.003415054954001572,0.008640770481313531
PIARA,PIALE,0.009046278684307742,0.8129294733907022,0.15744462999424283,0.004069478431823778,0.01651013949892346
PIARA,PIALE,0.007199143107675784,0.8199935197783842,0.16722055678297157,0.003586046086560854,0.0020007342444075932
PIARA,PIALE,0.006882922337760992,0.6700267043969611,0.31888042100628367,0.0024967623114435875,0.0017131899475507182
PIARA,PIALE,0.005986981119251633,0.8816473070895502,0.10734928973401803,0.003655250016922091,0.0013611720402581075
PIARA,PIALE,0.05597283526204498,0.6161052605050932,0.2679757347824765,0.02126787938725968,0.03867829006312579
PIARA,PIALE,0.017079945459036575,0.8093528596820964,0.1400276239762271,0.01588225999454284,0.01765731088809704
PIARA,PIALE,0.007443702963126923,0.6718404631082214,0.3134663849779571,0.004997611609359073,0.0022518373413354612
PIARA,PIALE,0.008775228848351751,0.6574205857232819,0.32610012870268473,0.0058174722758372035,0.0018865844498444373
PIARA,PIALE,0.008187728280489305,0.5294115675013142,0.4548887910601731,0.005570208860556111,0.0019417042974672815
PIARA,PIALE,0.00820570407892579,0.7501343013514246,0.23502213098250005,0.005457435585028508,0.0011804280021210944
PIARA,PIALE,0.008604436186524983,0.5112864687561895,0.47305336414576443,0.005444945685660615,0.0016107852258602875
PIARA,PIARA,0.030720607058661375,0.4022186984111339,0.5404850620376391,0.011757734964444464,0.014817897528121269
PIARA,PIALE,0.015150388364724533,0.5089909725073344,0.45883266774098247,0.006524316602389379,0.010501654784569115
PIARA,PIALE,0.006271121519151597,0.5679855656935363,0.41890825114799335,0.0025783556351608714,0.00425670600415786
PIARA,PIALE,0.004092496833537271,0.5981945671009502,0.3941746299488601,0.0016770710496550117,0.0018612350669976272
PIARA,PIALE,0.00402043342967176,0.5876014949338313,0.4044138892963596,0.0015022815624806001,0.00246190077765659
PIARA,PIALE,0.11956890333770942,0.5274869984767743,0.20308802188685152,0.02864142685594098,0.12121464944272385
PIARA,PIALE,0.019944830822698136,0.6175322408717895,0.3402915384726999,0.008518697390457583,0.013712692442354898
PIARA,PIALE,0.013866581469546993,0.5794095763382743,0.3947818039279087,0.005204464484551097,0.0067375737797189805
PIARA,PIARA,0.012563999733536382,0.4307522647721261,0.5402906625446571,0.003962619982014176,0.01243045296766625
PIARA,PIARA,0.012091252884811587,0.384818116972398,0.5923228429405284,0.0033539084461321244,0.00741387875612995
PIARA,PIALE,0.006174463029069709,0.8640129534305567,0.12300258067417083,0.0025513545748501875,0.004258648291352778
PIARA,PIALE,0.0026009752369398798,0.8112918280026107,0.18163544405662327,0.001785943094907572,0.0026858096089185652
PIARA,PIALE,0.002632436220507283,0.8342129333444136,0.15684483440146657,0.0029772469018825086,0.0033325491317301907
PIARA,PIALE,0.00808104660456708,0.836879089177732,0.1448568405888958,0.004376166310354875,0.005806857318450155
PIARA,PIALE,0.002290966384031,0.8644383814708643,0.1308313875918612,0.0014404988157418186,0.0009987657375016522
PIARA,PIALE,0.004712466246349609,0.7778056296149616,0.21454681331000494,0.0017258583619420608,0.0012092324667416915
PIARA,PIALE,0.0015953798176719062,0.9556263459205043,0.04054592794421066,0.0016118335938963494,0.0006205127237167804
PIARA,PIALE,0.0039076281824552426,0.8642190518682424,0.1297764386396012,0.0012386813396273704,0.0008581999700738025
PIARA,PIALE,0.005025223638171013,0.7803886918844054,0.21117276602755605,0.00203152473247065,0.001381793717396832
PIARA,PIALE,0.019308820457987742,0.728659281537954,0.22375412501429875,0.009320099209600996,0.01895767378015852
PIARA,PIALE,0.009094577257553653,0.7505569955273691,0.22983892493947033,0.006110348668579178,0.0043991536070276446
PIARA,PIALE,0.01021157511504832,0.7739897082105751,0.2008323148740678,0.007723242896776316,0.007243158903532299
PIARA,PIALE,0.01327319120211417,0.6558541561438309,0.3093607119287012,0.01082897858341927,0.010682962141934552
PIARA,PIALE,0.006375373197094081,0.7608348731110994,0.22803872186217256,0.003341902658318899,0.001409129171315041
PIARA,PIALE,0.008423734603506114,0.6842579772032507,0.3006419174286914,0.004032179471387533,0.0026441912931642257
PIARA,PIALE,0.007838635666635415,0.718687330836337,0.26106390202681695,0.005516328300769997,0.006893803169440585
PIARA,PIALE,0.009064174630532704,0.799294889634825,0.1850085575383384,0.003909800300042764,0.002722577896261135
PIARA,PIALE,0.007514681921452748,0.7856019185893338,0.2026952902354808,0.0026086497288333754,0.0015794595248993044
PIARA,PIALE,0.04395955585133376,0.665528589188153,0.2584958151032382,0.014157612401808524,0.01785842745546659
PIARA,PIALE,0.005300852573398055,0.662566741617674,0.32842099754653525,0.00212841353116927,0.0015829947312233725
PIARA,PIARA,0.029661710025746083,0.010910543890474701,0.4935292702422788,0.40381141755543337,0.0620870582860671
PIARA,PIATE,0.030081273065299518,0.009119099810562518,0.13085122476909788,0.5930306125292873,0.2369177898257528
PIARA,PIAVE,0.041101842003134305,0.022977273102724478,0.1623965883863104,0.359859148352115,0.4136651481557157
PIARA,PIATE,0.04064158230311702,0.007924244169496974,0.22526893263661818,0.680604105710645,0.045561135180122905
PIARA,PIATE,0.03366838967438233,0.01126767313293788,0.16187615314284803,0.6606279599825902,0.1325598240672415
PIARA,PIATE,0.018542127866504127,0.002705177929327233,0.02825521898777976,0.9449016107599164,0.005595864456472395
PIARA,PIATE,0.061852142142505895,0.006167760694324221,0.0713718383148304,0.8326478168490783,0.027960441999261208
PIARA,PIATE,0.023218061668502626,0.003998652693376033,0.04300580786718031,0.9116549373753424,0.018122540395598536
PIARA,PIATE,0.03561979487069301,0.004976740141166398,0.06812343540387795,0.8820895580555578,0.009190471528704943
PIARA,PIATE,0.11673953867397524,0.023298105055182435,0.3085193563333834,0.3143756320461746,0.23706736789128444
PIARA,PIARA,0.05868357919738975,0.01839565178597029,0.46352864496460955,0.32859130713144497,0.13080081692058543
PIARA,PIAVE,0.07569728892851857,0.036774803943110515,0.35206573714905653,0.158265812943274,0.37719635703604043
PIARA,PIAVE,0.06031262345411474,0.0224221620272406,0.1982152109221684,0.21725273676814733,0.5017972668283289
PIARA,PIATE,0.02409275265081385,0.00932269999439279,0.09022094414485504,0.5088589282728964,0.367504674937042
PIARA,PIAVE,0.035712945799118996,0.010495491894242336,0.102944316725733,0.41398657150192153,0.43686067407898427
PIARA,PIARA,0.05329742258568648,0.010809399936724052,0.5654491766264756,0.3309408162296475,0.03950318462146626
PIARA,PIARA,0.06732320312466193,0.018531282107505622,0.4526102583692802,0.303552095962948,0.15798316043560415
PIARA,PIARA,0.0752945904972132,0.011254959155591188,0.5305126374777706,0.31546873236308126,0.06746908050634386
PIARA,PIARA,0.09566236047962233,0.046103708060434186,0.305241972373837,0.2520658391110109,0.3009261199750956
PIARA,PIATE,0.11643266649938862,0.02346755345452428,0.26750102906250073,0.3002547350136264,0.29234401596995996
PIARA,PIARA,0.14147935607459797,0.2138533819761905,0.35943776494031093,0.0845261684700281,0.2007033285388725
PIARA,PIAVE,0.1424724673747831,0.08373336688932892,0.12499362843490887,0.045526184780765935,0.6032743525202131
PIARA,PIAVE,0.15297073963288255,0.09488130472266246,0.22990413284462896,0.050843777088908866,0.4714000457109172
PIARA,PIAVE,0.23980881509383495,0.08719259091855205,0.15271660014092428,0.06272030389978851,0.4575616899469002
PIARA,PIARA,0.09826750060854338,0.17852289780275218,0.5295678911096959,0.03980164195119504,0.15384006852781343
PIARA,PIARA,0.11055132873500559,0.08234918140593574,0.4440734022793721,0.12081770547909648,0.24220838210059
PIARA,PIARA,0.04302764448601231,0.04341266108808164,0.7092786050391555,0.05799113049272168,0.14628995889402882
PIARA,PIARA,0.05953399841865942,0.11345831381276981,0.7308490813030002,0.03803855851201766,0.05812004795355286
PIARA,PIARA,0.07355550331093902,0.08063088385863673,0.4906325623513576,0.07968360881534046,0.2754974416637263
PIARA,PIARA,0.04997710756055336,0.04177942824296008,0.630548896053137,0.05091309693302007,0.22678147121032943
PIARA,PIARA,0.10614107148737913,0.06712530122493195,0.48686653699854116,0.21287698115806172,0.1269901091310861
PIARA,PIARA,0.01227153448202662,0.15108174873912344,0.8172149992317606,0.015319702230391702,0.004112015316697703
PIARA,PIARA,0.006460514541906869,0.061618110710382513,0.9187431266909375,0.010519812315201733,0.002658435741571312
PIARA,PIARA,0.02084721582806711,0.05162151875521697,0.8883454990056024,0.02407580022382218,0.015109966187291277
PIARA,PIARA,0.027683077958068802,0.10590431770040912,0.8306065558890424,0.028159208526096085,0.007646839926383514
PIARA,PIARA,0.02532612852459205,0.01587082601932058,0.9069606171398241,0.043047374451129904,0.008795053865133424
PIARA,PIARA,0.022230311970826228,0.027058432075020067,0.7847291079187207,0.10226418635732129,0.06371796167811157
PIARA,PIARA,0.07985231976531987,0.07206060680878645,0.619773254602834,0.0631408180370035,0.16517300078605626
PIARA,PIARA,0.07479202368147586,0.13323640384938956,0.4320761494013924,0.1712442450255058,0.18865117804223633
PIARA,PIARA,0.02475735694587365,0.03166751937272555,0.7029078635548146,0.086594126473408,0.15407313365317826
PIARA,PIARA,0.11913008826520662,0.0993040614755015,0.5751893289138964,0.0993595505932653,0.10701697075213012
PIARA,PIALE,0.23286871493700992,0.2666505500726031,0.2119078872449808,0.05833474602566239,0.23023810171974388
PIARA,PIARA,0.08622770047270724,0.1507335985024847,0.5851458199303414,0.11436940154132189,0.06352347955314466
PIARA,PIARA,0.07679582886137638,0.14315660098294355,0.5285674747178776,0.12818225954166051,0.123297835896142
PIARA,PIARA,0.027413434321877064,0.12279016088792026,0.55676321971117,0.2343841413374633,0.05864904374156935
PIARA,PIARA,0.015849817348383595,0.3165439741862584,0.5464453245426186,0.09364987547695947,0.027511008445779972
PIARA,PIARA,0.028781845421964252,0.08776914621515465,0.4626504844458028,0.373906496296636,0.04689202762044212
PIARA,PIARA,0.026793471515677705,0.08796375697626685,0.6045297226649979,0.24636099445979528,0.03435205438326218
PIARA,PIARA,0.030605714298013183,0.14309224067867518,0.4574028142388467,0.22280059604333763,0.1460986347411274
PIARA,PIARA,0.017375248759773563,0.17624919919458104,0.4593957055532383,0.31921623617620876,0.027763610316198402
PIARA,PIALE,0.007247732670384883,0.9181193937394952,0.05184981184867046,0.007277799451039751,0.015505262290409553
PIARA,PIALE,0.013059139834389053,0.6397007744396058,0.13115115052367085,0.030849252273550603,0.1852396829287835
PIARA,PIALE,0.009117732523632528,0.8836330546049057,0.07669567892267636,0.010484050640897313,0.020069483307887943
PIARA,PIALE,0.010542757091824126,0.8676770672260609,0.08141825317996715,0.013131101777404243,0.027230820724743577
PIARA,PIALE,0.0072095906171794275,0.9213055848547852,0.05164509577813952,0.006648531645862679,0.013191197104032987
PIARA,PIALE,0.014378710061630684,0.5338594970770215,0.11198130804883959,0.03457375465301951,0.3052067301594887
PIARA,PIALE,0.009634242686056444,0.8450683954651276,0.10874063147171356,0.01811471874031104,0.01844201163679151
PIARA,PIAVE,0.009894221844018647,0.22051822740881472,0.09390813008793923,0.025481829587374962,0.6501975910718524
PIARA,PIALE,0.010802199817731279,0.8686875574851176,0.08581685758393835,0.01477908724874654,0.019914297864466083
PIARA,PIALE,0.009464086796096966,0.8104632443261537,0.1374963343189227,0.026990145016921742,0.015586189541904978
PIARA,PIALE,0.011008152319556435,0.845941044434833,0.09992499642712549,0.01644142406655943,0.02668438275192563
PIARA,PIALE,0.009005673184724774,0.8014672886815707,0.1454371017902496,0.0165307126915782,0.02755922365187682
PIARA,PIALE,0.004604921189399664,0.923131869596665,0.055817266857661606,0.006380474666620217,0.010065467689653457
PIARA,PIALE,0.00819628574521816,0.8907875101985209,0.07004687284774973,0.011670940892383602,0.019298390316127765
PIARA,PIALE,0.008825807333589017,0.8450967564169001,0.060449629954177686,0.0190022920203541,0.06662551427497905
PIARA,PIALE,0.00661164984902915,0.8942600021184629,0.07483647163891749,0.009539577922226903,0.014752298471363645
PIARA,PIALE,0.004712896302466601,0.9314321061707459,0.048269005504842824,0.006712675514752136,0.008873316507192596
PIARA,PIATE,0.05024283687286303,0.16234846945380732,0.20771041537363968,0.554024926893162,0.02567335140652802
PIARA,PIALE,0.013668563361669939,0.4283087849467671,0.13849315072716542,0.031476071660530014,0.3880534293038675
PIARA,PIALE,0.006480544931609366,0.9061515533453136,0.05617550235350129,0.00918425424934788,0.022008145120228074
PIARA,PIARA,0.06285689339716719,0.35556507197026943,0.43581638993743926,0.13396108257223516,0.011800562122889033
PIARA,PIARA,0.09609334961749796,0.18078227378818978,0.4763879104106232,0.2327335989786998,0.014002867204989146
PIARA,PIARA,0.058759682428047605,0.31465614160830113,0.5133529715424275,0.10421965237167856,0.009011552049545133
PIARA,PIARA,0.06619575046794705,0.24704977829408195,0.5408092237343629,0.1374446333215199,0.008500614182088168
PIARA,PIALE,0.0062545723926849565,0.8536432981276377,0.12469319120553063,0.010261429767288398,0.005147508506858329
PIARA,PIARA,0.08435348560845275,0.21035482000250738,0.5016531434089484,0.19325724828647628,0.010381302693615221
PIARA,PIATE,0.17309985886171694,0.058462473883617236,0.38122963391861125,0.38168319869868955,0.005524834637364939
PIARA,PIARA,0.11427884100387632,0.15542880655324942,0.3923421783513456,0.3161947785542644,0.021755395537264254
PIARA,PIATE,0.20298068191223348,0.04085147418810186,0.29238247030874603,0.4544189831424959,0.009366390448422818
PIARA,PIALE,0.13603387112710688,0.4181743139777986,0.2507820810224932,0.1753387571644925,0.01967097670810875
PIARA,PIARA,0.12333919926677403,0.13155385351693805,0.3831302271366052,0.22049605527873312,0.14148066480094953
PIARA,PIALE,0.014408176905735424,0.7655013864437489,0.16420347491348566,0.015537848443916761,0.04034911329311333
PIARA,PIALE,0.020673792730861656,0.4311538099845686,0.18061074446798903,0.029006736572027954,0.3385549162445528
PIARA,PIALE,0.017408034494076057,0.7094280768266243,0.15234611873694856,0.025051825710165274,0.09576594423218565
PIARA,PIAVE,0.009481649938375879,0.14624915682809253,0.12467758875426498,0.02160924791090941,0.6979823565683573
PIARA,PIARA,0.028694544567287886,0.2768080345953602,0.4889844337745939,0.10769645566679842,0.09781653139595961
PIARA,PIARA,0.052238093017201254,0.23304230118695365,0.42320654441642863,0.19328421448501437,0.0982288468944022
PIARA,PIALE,0.01076303438341642,0.7789208023719648,0.14462560332482768,0.014312752903608306,0.05137780701618263
PIARA,PIALE,0.007950489427910391,0.8352410529434275,0.08991595411169102,0.023592829853303743,0.04329967366366731
PIARA,PIAVE,0.011463737119959181,0.26679923343070333,0.06884781084652483,0.0288517965173468,0.624037422085466
PIARA,PIALE,0.019948914378764466,0.6838437096427484,0.19691472871339744,0.030116518217851534,0.06917612904723819
PIARA,PIATE,0.05957322334331792,0.04353965011900193,0.14245763555458774,0.6692857651961229,0.08514372578696956
PIARA,PIARA,0.04891411723967868,0.31583014994350384,0.3414139443424514,0.13635250367513152,0.1574892847992346
PIARA,PIALE,0.005434139330047587,0.9460601658051996,0.029960804917379295,0.0041074672644932355,0.014437422682880311
PIARA,PIALE,0.014008223567405048,0.6403729722508223,0.17527187134273492,0.02150574136486534,0.1488411914741724
PIARA,PIALE,0.015500380043153626,0.6872014303322789,0.20420100192641114,0.026729111625280442,0.0663680760728758
PIARA,PIARA,0.036208195192861004,0.2881070800484034,0.34111014583924976,0.1023350466597188,0.23223953225976698
PIARA,PIAVE,0.03324423813564616,0.2520355192241301,0.29327632098602313,0.07159206566703905,0.3498518559871617
PIARA,PIATE,0.06187001046836168,0.058331053122071645,0.17119984575854713,0.6592957701103271,0.049303320540692294
PIARA,PIALE,0.02234227466599255,0.6325925194111265,0.22839882040022952,0.05372098773957981,0.06294539778307161
PIARA,PIARA,0.002920532199561037,0.22707583421853123,0.7490203424945236,0.01833895683979521,0.002644334247588942
PIARA,PIARA,0.003874725830156714,0.1309265151605754,0.8210501535098639,0.04087997456501738,0.0032686309343866386
PIARA,PIARA,0.0022536443226423087,0.05443972834471249,0.9170595515514811,0.02432879883561229,0.0019182769455517391
PIARA,PIARA,0.0011329701079221023,0.01533578503990741,0.973239159653924,0.009731208679808732,0.0005608765184376807
PIARA,PIATE,0.014387587537804556,0.04109770743563745,0.162959925323672,0.774219789195013,0.007334990507872991
PIARA,PIARA,0.0009562170609598119,0.013320545815536754,0.9790747926279695,0.006306750928696367,0.0003416935668374854
PIARA,PIARA,0.003541506645186006,0.11905748229123685,0.8465316093109725,0.027997078840154503,0.002872322912450119
PIARA,PIARA,0.004382195602730374,0.1837650049102153,0.7785283558426199,0.030294724229226286,0.0030297194152081367
PIARA,PIALE,0.0023848273154504587,0.49242709369566273,0.49020125281191024,0.012160695000126965,0.0028261311768496044
PIARA,PIALE,0.0030012000075932983,0.5185122297265171,0.43651402944331186,0.03796516834116972,0.004007372481408019
PIARA,PIARA,0.003034246428829131,0.43498021596645936,0.5429073947742414,0.01585494013717725,0.003223202693292865
PIARA,PIARA,0.0012595341733144926,0.027701288877120485,0.9649153464347798,0.005404026459279843,0.0007198040555054563
PIARA,PIARA,0.002869797270303818,0.12878055603105423,0.8493206400822491,0.01651617248872479,0.0025128341276682243
PIARA,PIARA,0.0028132509840357017,0.4234830749879442,0.5577178029565253,0.013279882232010981,0.002705988839483783
PIARA,PIALE,0.0017959091421111408,0.8268669415947765,0.16126857548084272,0.008065552983385776,0.0020030207988838136
PIARA,PIARA,0.0018154350730910135,0.17338331551115385,0.8163874533886494,0.007030391830250752,0.0013834041968549566
PIARA,PIARA,0.001308077095152426,0.1167769610645162,0.8757104057549583,0.00549504284392467,0.0007095132414484271
PIARA,PIARA,0.0016071613800780048,0.14759610859179306,0.837632990149684,0.011765222170769835,0.0013985177076750648
PIARA,PIARA,0.0011801112867331738,0.05335240464891564,0.9394677599043849,0.005412933018893554,0.0005867911410727744
PIARA,PIARA,0.0024358508744047954,0.14160426870874115,0.8384625612518887,0.015235591938105128,0.0022617272268601434
PIARA,PIARA,0.005090987071082331,0.20164811367190277,0.7824895028191285,0.00866850194153879,0.0021028944963473305
PIARA,PIARA,0.0025826075179556196,0.03322336233054626,0.9559692083626082,0.007529608188690601,0.0006952136001993023
PIARA,PIARA,0.0029017629656262955,0.018949755048233142,0.9669233526524257,0.010625578351541345,0.0005995509821736835
PIARA,PIARA,0.0073421602970163615,0.06878700303201879,0.9006709220957171,0.02072276014316631,0.002477154432081451
PIARA,PIARA,0.010988463507729,0.09357531011397638,0.8601004899663995,0.03196908562578317,0.0033666507861117314
PIARA,PIARA,0.01257897208814185,0.14774308791049431,0.7933906514912384,0.04170776008737337,0.004579528422751989
PIARA,PIARA,0.00737637258854966,0.09101655069403303,0.8777965132092083,0.02134819537584721,0.002462368132361948
PIARA,PIARA,0.0040266104616981,0.12630992281125292,0.859029286398651,0.009318902867776304,0.0013152774606216913
PIARA,PIARA,0.006670746057371504,0.10703967038227333,0.8712872908128807,0.012905364854433226,0.002096927893041181
PIARA,PIARA,0.005973453709522482,0.24628459003899095,0.7298394700175865,0.014704917914472822,0.0031975683194272707
PIARA,PIARA,0.0012079848393893172,0.024834096222577328,0.9661230847959315,0.007150896396371405,0.0006839377457307824
PIARA,PIARA,0.0016938472753604812,0.08387820219359965,0.9048550291783733,0.008548694145080662,0.0010242272075858684
PIARA,PIARA,0.0021960057324469312,0.22888926190041556,0.7515192873775829,0.015594603602378151,0.0018008413871764962
PIARA,PIARA,0.001516538695344017,0.059922194669405175,0.9317353832317957,0.006216783796198219,0.0006090996072568073
PIARA,PIARA,0.0016711979129806216,0.15429687250465976,0.8359011277332982,0.006894137228190095,0.0012366646208713714
PIARA,PIARA,0.004998984767925872,0.15150654595295496,0.8362283086895139,0.0062458382457366455,0.0010203223438686963
PIARA,PIARA,0.002673356012894519,0.024046402359748996,0.9530291880719562,0.019406881496955578,0.0008441720584446944
PIARA,PIARA,0.003275160545475171,0.1490739881841831,0.8384514543246634,0.008081667382676768,0.0011177295630016776
PIARA,PIARA,0.0022977742071941015,0.23108711950039748,0.7467361747190367,0.01773733987632612,0.0021415916970456096
PIARA,PIARA,0.0026276827000738345,0.2229330181525981,0.7473720607194206,0.024439506694004357,0.0026277317339029587
PIARA,PIALE,0.0029874906281197066,0.5482885159088918,0.43208416921956416,0.013596406260135184,0.0030434179832890406
PIARA,PIARA,0.005917717756870906,0.4019728309544615,0.5476190905944306,0.038007400935689994,0.006482959758546953
PIARA,PIARA,0.006049051286164406,0.38485398716170943,0.5550880527831347,0.047471355556108465,0.006537553212883035
PIARA,PIALE,0.003661198811492032,0.49674272153268423,0.4797031182638551,0.01674197546638337,0.0031509859255851743
PIARA,PIARA,0.003836303887595714,0.2520662487385684,0.7139706153064638,0.026315731529401656,0.0038111005379704356
PIARA,PIARA,0.0035971579543576594,0.19750425225948967,0.7744066588698068,0.021173405745827687,0.003318525170518246
PIARA,PIALE,0.0070595992946665105,0.7108972362700183,0.22788731511383356,0.04367597321757525,0.010479876103906315
PIARA,PIALE,0.0029881075585124774,0.8888392718903041,0.08677190258269257,0.017188424689243434,0.0042122932792476656
PIARA,PIARA,0.0040036636159097245,0.23435231581963475,0.7385646062847939,0.019646387610530502,0.003433026669131057
PIARA,PIARA,0.004072760449648333,0.23233275459843264,0.7376838088579493,0.022014770987739494,0.0038959051062304345
PIARA,PIARA,0.002293309254265955,0.030837621191363414,0.9057738914937975,0.05970998307311819,0.0013851949874549815
PIARA,PIARA,0.0021217302584506104,0.018750714692549936,0.959085811449502,0.019563222898108194,0.00047852070138930283
PIARA,PIARA,0.0018234191353477445,0.0722703834963318,0.9007619591860808,0.023807556449466503,0.0013366817327730507
PIARA,PIARA,0.006804804023123765,0.14497435802147193,0.7386816896864866,0.10202457503595001,0.007514573232967614
PIARA,PIARA,0.006173470990814399,0.05424387968825183,0.8214289014644431,0.1154063755013002,0.0027473723551905494
PIARA,PIARA,0.0020270981194523974,0.410569528902668,0.5626532789244866,0.02103962130940792,0.00371047274398507
PIARA,PIARA,0.0033759952197563894,0.14493142859209826,0.8318473242134319,0.01740171756147508,0.002443534413238332
PIARA,PIARA,0.003407592075723203,0.22038479499939126,0.7542783914351153,0.018350370180762413,0.0035788513090079903
PIARA,PIARA,0.0018968148214956377,0.11554568030911397,0.8698901504293368,0.011239403914376223,0.0014279505256774997
PIARA,PIARA,0.006134805367407521,0.02615158674032796,0.834165315275198,0.13202231917534726,0.001525973441719344
PIARA,PIARA,0.0033745654135434915,0.10721401262810702,0.8754003658407289,0.011769574895040259,0.002241481222580137
PIARA,PIARA,0.005059582850004191,0.44840507941276525,0.5358642614827342,0.007605839260573054,0.00306523699392316
PIARA,PIARA,0.009131641165118515,0.3023597394719733,0.6768222743603035,0.008790086655376887,0.002896258347227918
PIARA,PIARA,0.00414268479352696,0.09238079567272951,0.8948510911776866,0.007206613935327279,0.0014188144207296564
PIARA,PIARA,0.005067411889296313,0.04987089069569317,0.9273193249073031,0.016214630206317315,0.0015277423013899687
PIARA,PIALE,0.003723281367144553,0.8189036817714086,0.16806015424876444,0.005500660217460408,0.003812222395221856
PIARA,PIARA,0.021403728929004037,0.07925744381878289,0.8432709429868591,0.05221633017991266,0.0038515540854412254
PIARA,PIALE,0.004364051814295105,0.7896280133392676,0.1863838974125428,0.01132734957997858,0.008296687853915859
PIARA,PIARA,0.006063256579894848,0.2732893904149193,0.7126452857427416,0.006186263717407469,0.0018158035450369125
PIARA,PIARA,0.007156661631145817,0.21106265247266348,0.7717231776091787,0.0075685060584739896,0.002489002228537882
PIARA,PIARA,0.0033851224267423905,0.07811683088488212,0.9104251767163474,0.007021837019886385,0.0010510329521417282
PIARA,PIARA,0.0065107334192232285,0.28107502775509763,0.7020247909759496,0.008336778628237292,0.002052669221492433
PIARA,PIALE,0.005853332462249209,0.6018001402318345,0.3777683982775839,0.010252269019135007,0.004325860009197466
PIARA,PIARA,0.004124299741646477,0.14176040872284656,0.845943545264494,0.006587001672527063,0.001584744598485926
PIARA,PIARA,0.007316457092769254,0.272871624319514,0.7113553629396703,0.006313074792040635,0.002143480856005886
PIARA,PIARA,0.006595480066189083,0.32977760525867694,0.6543849253434038,0.006957922616949204,0.0022840667147809987
PIARA,PIALE,0.006889435199627473,0.6952078027852169,0.28724184566695654,0.0075242005399416695,0.0031367158082573295
PIARA,PIARA,0.009921787884235917,0.3374840312166387,0.6407594723497085,0.009142369966327066,0.0026923385830895682
PIARA,PIARA,0.014756232500312669,0.1905470140659814,0.7758964777895977,0.01669703861009162,0.002103237034016587
PIARA,PIARA,0.010502049464053432,0.23681798508144195,0.7366975533588127,0.013705724443679651,0.0022766876520123503
PIARA,PIALE,0.0007785015889204198,0.9268061485049136,0.06491019602266497,0.00600510068548559,0.001500053198015289
PIARA,PIALE,0.0006136944872096471,0.9559997007489837,0.03880151272825877,0.0033518287155640076,0.0012332633199839127
PIARA,PIALE,0.0007365614377742166,0.9246406485770665,0.0684575454228017,0.004639658819760769,0.0015255857425968832
PIARA,PIALE,0.0007459193659283786,0.9505205329736617,0.04269425763115642,0.004700114641781791,0.0013391753874717385
PIARA,PIARA,0.0028527313148087228,0.2008548213016616,0.741650205488327,0.051666016231035505,0.002976225664167051
PIARA,PIALE,0.0011378142123604324,0.8839263230325748,0.10570971542792003,0.007354565776922045,0.0018715815502227953
PIARA,PIALE,0.002215603365169114,0.9057476993971413,0.08245472891258558,0.006649492946668684,0.002932475378435212
PIARA,PIARA,0.002642253557173372,0.4425790030711192,0.5320683740067309,0.018211223240377522,0.004499146124599059
PIARA,PIALE,0.0012618695319929637,0.8320208313886172,0.1590078199272923,0.006271813482970362,0.0014376656691274133
PIARA,PIARA,0.0026210384429848532,0.3971501071450167,0.573133183905853,0.023928464738147037,0.0031672057679983682
PIARA,PIARA,0.00763168059766664,0.026456102096622656,0.8094667300186188,0.15441017864784967,0.002035308639242291
PIARA,PIARA,0.0026195246298324104,0.05943475897910661,0.92824821199128,0.008092092930647814,0.0016054114691330154
PIARA,PIARA,0.010035646543297121,0.02341995578655972,0.9097925672242433,0.05567660229641459,0.0010752281494853472
PIARA,PIARA,0.006038650309799864,0.1923791298481059,0.5307119186454626,0.26322768745468506,0.007642613741946502
PIARA,PIALE,0.0020711315951724664,0.8408517050543534,0.14455638757041295,0.009903219696180564,0.00261755608388067
PIARA,PIARA,0.0016219599658081972,0.03615395727697602,0.9554248394476886,0.006254429875010707,0.0005448134345162567
PIARA,PIALE,0.003268007972486073,0.5947463426843184,0.3668516768297749,0.028674284090211416,0.006459688423209192
PIARA,PIALE,0.0012638257147913334,0.9144200476596541,0.07484251919148335,0.007097970887657605,0.002375636546413702
PIARA,PIARA,0.001793346569122624,0.3533181206466805,0.623334794131266,0.019831917460934552,0.0017218211919963798
PIARA,PIALE,0.0018872662350100412,0.8921933503170401,0.0985314514597125,0.005122846034664958,0.0022650859535723765
PIARA,PIARA,0.005555164903505516,0.04071022307740358,0.9187581239619007,0.03238669387255897,0.002589794184631059
PIARA,PIARA,0.01891215751823369,0.08204830945576146,0.8181680412091649,0.07716266867484699,0.0037088231419931793
PIARA,PIARA,0.005717077830170392,0.01002656229302498,0.893499641926853,0.08985475454014587,0.000901963409805836
PIARA,PIARA,0.003412473809402082,0.005041000895647026,0.9257315740505719,0.06524224704338286,0.0005727042009959929
PIARA,PIARA,0.013500657488870832,0.018040231133366804,0.8570516415115749,0.11056662700009093,0.0008408428660964381
PIARA,PIARA,0.007069192266289338,0.010788556158900195,0.8986191209368283,0.08264456325552308,0.0008785673824591825
PIARA,PIARA,0.004617332568431347,0.008080117243439277,0.9375772713288061,0.04877066826806437,0.0009546105912589602
PIARA,PIARA,0.004276002046873043,0.008451507154546883,0.9278735247825443,0.05828980812416476,0.0011091578918711053
PIARA,PIARA,0.004629973075771687,0.0062453634244906105,0.8988577442360021,0.08978493319998371,0.0004819860637519432
PIARA,PIARA,0.013960706688816155,0.026585490300171755,0.820926709892427,0.13731957264053732,0.0012075204780478068
PIARA,PIALE,0.004855695882234847,0.8411661889190115,0.13670072960016744,0.011049496558218273,0.006227889040368105
PIARA,PIARA,0.003300790851623329,0.012344634380098921,0.9751278979209715,0.008427332677683204,0.0007993441696231824
PIARA,PIARA,0.0037989773000048697,0.0503513446765144,0.9338710341157388,0.010687104751783312,0.001291539155958639
PIARA,PIARA,0.005245742393374275,0.23392217485554145,0.7429777563600248,0.014338714823843999,0.003515611567215405
PIARA,PIARA,0.006294317672088471,0.09082655062396508,0.8841307534688492,0.016666386377806836,0.002081991857290389
PIARA,PIARA,0.018800470272363097,0.13479226636674418,0.7780426616581361,0.06389285302673019,0.004471748676026469
PIARA,PIARA,0.0033594131444741014,0.051700485393390186,0.9367079982987462,0.006915109115384986,0.0013169940480046694
PIARA,PIARA,0.008162502029386273,0.09044999425336633,0.8849081011543948,0.014900958253877465,0.0015784443089752408
PIARA,PIARA,0.00532559566697227,0.08039400347444338,0.8940381963851108,0.01739821762053236,0.002843986852941442
PIARA,PIARA,0.006342197447466664,0.033430575616398464,0.8912895862063803,0.0662911059576309,0.0026465347721237294
PIARA,PIARA,0.014531548624051165,0.027636129013899086,0.8505951861476108,0.10541839673366246,0.0018187394807765817
PIARA,PIARA,0.007090853636051998,0.027801080505051565,0.9426620488268767,0.02086229682672516,0.0015837202052947806
PIARA,PIARA,0.01956437447143767,0.06885632703564284,0.8283048556622099,0.07961823276923946,0.003656210061470013
PIARA,PIARA,0.016477018790550434,0.11516153964626721,0.8463779084929857,0.019948237381000107,0.0020352956891966927
PIARA,PIARA,0.013934466346569906,0.06074502075171849,0.8516751994966851,0.06936225908293135,0.004283054322095187
PIARA,PIARA,0.006668390977033855,0.04033219362726904,0.9272747420387807,0.022721530577014155,0.0030031427799021393
PIARA,PIARA,0.007805017334536327,0.0914639060072684,0.8848840149619558,0.013854793980344237,0.001992267715895171
PIARA,PIARA,0.005776601793742183,0.077648659991068,0.9049031369890148,0.0100692690848545,0.0016023321413205964
PIARA,PIARA,0.00722970985496039,0.09851815950629463,0.8755775067875022,0.016509816964944492,0.0021648068862981725
PIARA,PIARA,0.009949416550671645,0.10433641790127114,0.8399369922279487,0.04104552508422119,0.0047316482358873676
PIARA,PIARA,0.0026599334072878204,0.0821277747032355,0.8864622796476261,0.026105252207870095,0.0026447600339806394
PIARA,PIARA,0.004819246905505124,0.06455126604287535,0.8704180434618619,0.05710313065859571,0.003108312931161751
PIARA,PIARA,0.0016408854389764593,0.01724841619133536,0.9704129665151113,0.009631081101690904,0.0010666507528858732
PIARA,PIARA,0.008864665906803097,0.3314392496461599,0.5986991301777974,0.0540561103799836,0.006940843889255863
PIARA,PIARA,0.004955407177879904,0.14773707789253845,0.7946236722362322,0.04772002867481656,0.004963814018532855
PIARA,PIARA,0.00272624830699762,0.027813069581758706,0.9244246057328526,0.04336566409796715,0.0016704122804238697
PIARA,PIARA,0.0014996768363869793,0.014277380858368143,0.9736835766694871,0.009988998102626899,0.0005503675331307924
PIARA,PIARA,0.0008695693031106649,0.009955167556992297,0.9841989981939265,0.004559977929854359,0.00041628701611618596
PIARA,PIARA,0.0025285884293598155,0.05435988150196041,0.9028983093316615,0.03816541574376786,0.002047804993250601
PIARA,PIARA,0.0031434106107069387,0.0692602683553729,0.908407101298623,0.017206719314203568,0.0019825004210935705
PIARA,PIARA,0.013371598898510686,0.05038294488529258,0.8876205823025081,0.04606431150757741,0.002560562406111142
PIARA,PIARA,0.00204058140612998,0.015035234848650087,0.9753521547832629,0.00688625635767602,0.000685772604281018
PIARA,PIARA,0.001710770417772561,0.012664979661675553,0.9790919146322835,0.00605375794750349,0.0004785773407651878
PIARA,PIARA,0.007124642342502355,0.09395672031287902,0.8573834416156801,0.037425889753502466,0.004109305975436119
PIARA,PIARA,0.00894071846016316,0.008302812858590431,0.9548323504900245,0.02719160695340829,0.000732511237813431
PIARA,PIARA,0.12107865547223809,0.027909199044229095,0.7662258927479907,0.08228108678620562,0.002505165949336497
PIARA,PIARA,0.01659667989307563,0.05675271222661682,0.8911855206146052,0.033570369193260036,0.0018947180724424631
PIARA,PIARA,0.0053303676433541815,0.02036181008577244,0.9596826244679482,0.013821289811027681,0.0008039079918975917
PIARA,PIARA,0.005938808087224676,0.23035557537731635,0.7345821042931562,0.024783618923308565,0.0043398933189942234
PIARA,PIARA,0.0034975792096030942,0.012965036748532869,0.9732302789498192,0.00955685794084207,0.0007502471512029137
PIARA,PIARA,0.003834969105034423,0.18475572207298585,0.7868297822128877,0.02095896706209586,0.0036205595469962887
PIARA,PIALE,0.002751952019865611,0.6279720845568251,0.34411015856920957,0.021511556570508635,0.0036542482835911234
PIARA,PIARA,0.004523281059209603,0.27480773462572294,0.6929491913619954,0.023634470105648613,0.004085322847423352
PIARA,PIARA,0.017559675426739585,0.28788971787123846,0.5503576356940798,0.1290860423308142,0.015106928677128045
PIARA,PIARA,0.007459058907337013,0.26956135397244335,0.6470483354495259,0.06762006044875518,0.008311191221938548
PIARA,PIARA,0.0025570716881419832,0.359487351976095,0.6082537234514941,0.02635760206893041,0.0033442508153385163
PIARA,PIALE,0.0015565275391908125,0.9543792102545438,0.03177290504837409,0.009964312117580991,0.0023270450403104553
PIARA,PIALE,0.0009522484031746287,0.9511037121494974,0.03973730659500886,0.00663105754149532,0.0015756753108237807
PIARA,PIARA,0.0031797422419199,0.4649002758618825,0.49058648164260565,0.037566157251895306,0.0037673430016967216
PIARA,PIARA,0.021930157624983543,0.25706693353958776,0.5843527204134156,0.12139051321183995,0.015259675210173226
PIARA,PIARA,0.007841778447396005,0.09895375231953218,0.8441948599557562,0.04216218217542121,0.00684742710189424
PIARA,PIALE,0.008967279159849918,0.6263401465957092,0.23900288736071132,0.11195975282096735,0.013729934062762234
PIARA,PIARA,0.015535217960066933,0.30954915261822746,0.5333896151642974,0.12218423853478012,0.01934177572262804
PIARA,PIARA,0.018419991384933405,0.31695929870525086,0.487730858270681,0.15944009541573684,0.01744975622339779
PIARA,PIARA,0.018196610912732343,0.252889069686716,0.6119000997988338,0.10053284043849266,0.01648137916322523
PIARA,PIARA,0.020443986955300406,0.2641888054337989,0.5495926746747446,0.14842546345037946,0.017349069485776546
PIARA,PIARA,0.009271432410002636,0.1334422805021627,0.7990546260402857,0.04979583925725292,0.008435821790296092
PIARA,PIARA,0.00419749930311427,0.27548327581676263,0.6848545499765706,0.028993864185498302,0.006470810718054072
PIARA,PIARA,0.012948541177015473,0.17357102913757883,0.7145395757362557,0.08811726308428926,0.010823590864860722
PIARA,PIARA,0.006161634469975565,0.23737977696481047,0.6805866869598347,0.06809712728071193,0.007774774324667355
PIARA,PIARA,0.0034710079927422876,0.4491347900158296,0.5245363917910156,0.019697477269832536,0.0031603329305800567
PIARA,PIALE,0.001177627238400958,0.9317747996483624,0.05961142518686243,0.005765778764446086,0.0016703691619282652
PIARA,PIALE,0.0020918153973742797,0.7860100133352387,0.20026466395642428,0.008932527387314834,0.0027009799236480153
PIARA,PIALE,0.001515853264104118,0.920318055473078,0.06986868502516004,0.006309980867729634,0.0019874253699281416
PIARA,PIALE,0.002836901196693452,0.6157803754184569,0.36616453352480854,0.012088181535237602,0.003130008324803444
PIARA,PIARA,0.0035041971638919995,0.361459203885023,0.6091357612441682,0.022284450422991684,0.003616387283925028
PIARA,PIALE,0.0015656480586745188,0.9220805240021454,0.06738496344739224,0.006334696981060053,0.0026341675107277164
PIARA,PIALE,0.002704119833726272,0.797337722302209,0.18566902814449027,0.010860809936307139,0.003428319783267417
PIARA,PIALE,0.002216129566440327,0.8823298269434613,0.10983255475437441,0.0038377714657126987,0.001783717270011237
PIARA,PIALE,0.0026426059225120157,0.7118996124147093,0.26698241206120554,0.015366719748634895,0.0031086498529383044
PIARA,PIARA,0.0032991957006910204,0.16456754070331484,0.79802999782182,0.028888836172337642,0.005214429601836558
PIARA,PIARA,0.0025686821645267153,0.08683659250026021,0.8916191775630838,0.01584086993582664,0.00313467783630253
PIARA,PIARA,0.004734641504987901,0.05349285902583987,0.9230997113604238,0.01610119499917223,0.0025715931095760597
PIARA,PIARA,0.001186811869302276,0.026434659054007693,0.9643232410527047,0.007117778716977326,0.0009375093070079468
PIARA,PIARA,0.0019510912770119924,0.05295908936232909,0.9275676140853507,0.015550303999292771,0.0019719012760154005
PIARA,PIARA,0.001085814948986111,0.025950676297931175,0.9667054226209008,0.005420369334723305,0.0008377167974587529
PIARA,PIALE,0.0025946439895060784,0.8289563235044385,0.15560972685069532,0.00911914275955664,0.0037201628958036734
PIARA,PIARA,0.001504994188920411,0.032422980979508874,0.9583987097907679,0.006377449958584357,0.0012958650822184577
PIARA,PIARA,0.001262168182468064,0.026523167011895346,0.9653462086758529,0.005825601398157909,0.0010428547316257844
PIARA,PIARA,0.003529898834580227,0.2377164788992175,0.7307882784074464,0.023884001742825352,0.004081342115930423
PIARA,PIALE,0.05387106701248598,0.39298024495875217,0.2406322205153189,0.26910295858413164,0.043413508929311284
PIARA,PIARA,0.027928507866616856,0.21322437377097297,0.6505616506805023,0.09216347862901508,0.016121989052892766
PIARA,PIARA,0.006535523713790217,0.31610827784309786,0.6269434465859327,0.044784339451763966,0.005628412405415362
PIARA,PIARA,0.026030661561442403,0.26323280266418125,0.5997148065330059,0.09398237109872815,0.017039358142642267
PIARA,PIARA,0.009217666644845822,0.2975558266186897,0.648415524363409,0.038550692755062496,0.006260289617993069
PIARA,PIARA,0.002900600738006556,0.4686622844401307,0.508121866803363,0.016578993571869195,0.003736254446630678
PIARA,PIARA,0.012281504610968965,0.24330952871950468,0.6867060519860354,0.049010557646037886,0.008692357037453005
PIARA,PIARA,0.011175077959554296,0.14587757184488775,0.80204198274045,0.032134261941888044,0.008771105513219883
PIARA,PIARA,0.016666550834697133,0.30556806309053036,0.6061133833576918,0.05874312685887978,0.012908875858200887
PIARA,PIARA,0.019625382359453637,0.393484083586995,0.4472389795975581,0.12259388917855935,0.01705766527743409
PIARA,PIALE,0.002191194316931105,0.8929872279298827,0.07571136459237686,0.024855150462062783,0.004255062698746492
PIARA,PIALE,0.005540370696212035,0.7801364606454956,0.10055279142632981,0.10532916626675096,0.00844121096521152
PIARA,PIALE,0.0029086353409273347,0.8034166245239326,0.1445507319051457,0.043844654662942496,0.005279353567052079
PIARA,PIALE,0.0034106973986643804,0.8141533592239433,0.12614462199351809,0.05037898565926359,0.005912335724610582
PIARA,PIALE,0.0028227472962158166,0.8164135818059234,0.12670570574979206,0.04890644574455977,0.005151519403508935
PIARA,PIALE,0.00946595972365705,0.6410842278981695,0.13774676182849757,0.1985634718328631,0.013139578716812771
PIARA,PIALE,0.0030755051465516194,0.8364199334237054,0.10632588622067735,0.0492639793374736,0.0049146958715920305
PIARA,PIALE,0.003180067140474599,0.8959016756874132,0.055786499683817756,0.0403360515131112,0.00479570597518328
PIARA,PIALE,0.00316621622015308,0.8718946018950059,0.07986956818611728,0.04020439676306984,0.004865216935654006
PIARA,PIALE,0.002806453950325046,0.9043671560956167,0.0572907347779357,0.03128806664050627,0.004247588535616237
PIARA,PIALE,0.0026406054201259673,0.8174195380663427,0.11847177800551233,0.0580061745940648,0.0034619039139542744
PIARA,PIALE,0.003932776634382281,0.7457350701969322,0.1774724660292353,0.06859214165322833,0.004267545486221853
PIARA,PIALE,0.0031375644926905167,0.6974144408169701,0.2238339414032551,0.07201994869655563,0.0035941045905285756
PIARA,PIALE,0.003630144267807997,0.53326319760972,0.3553328692837453,0.10283142463029267,0.0049423642084340386
PIARA,PIALE,0.0035150347387404852,0.6578181781010334,0.24144042720964115,0.09238464232125333,0.004841717629331568
PIARA,PIALE,0.005296633457535414,0.3936762108443171,0.2568891834440517,0.33301562266140716,0.011122349592688667
PIARA,PIATE,0.00597955708885939,0.1823681740712511,0.3490714661455518,0.45308839657936917,0.00949240611496843
PIARA,PIALE,0.004443919041513178,0.3799145556652177,0.32991235584495804,0.27893838460407194,0.0067907848442391614
PIARA,PIATE,0.005303498631580088,0.34353530429495405,0.29144320202022295,0.34819927713686893,0.011518717916374056
PIARA,PIALE,0.003333995618968557,0.7594133896762632,0.1861369881125421,0.04738790820775798,0.0037277183844682247
PIARA,PIALE,0.006318955840169894,0.6034532339725968,0.31428691605342507,0.06851045779806779,0.0074304363357404896
PIARA,PIALE,0.0038339992791949335,0.8184559003199424,0.12502513899639167,0.04656950100328137,0.006115460401189469
PIARA,PIALE,0.005954042824865822,0.7064728926563265,0.204363690731998,0.07489560033633487,0.008313773450474734
PIARA,PIALE,0.007176132341766263,0.6330321746742463,0.2590917557599102,0.09078461885484601,0.009915318369230996
PIARA,PIALE,0.008696713158434096,0.5391709277928806,0.3234579001341147,0.1161733554715522,0.012501103443018347
PIARA,PIALE,0.004967488407987467,0.7429551957320694,0.1866805972644897,0.05813048810508079,0.00726623049037275
PIARA,PIALE,0.005867158207694423,0.7435250685649271,0.18242197318906184,0.06119662846543631,0.006989171572880333
PIARA,PIALE,0.00799472804206041,0.5073411706454545,0.3707512458484312,0.10343293134812614,0.010479924115927717
PIARA,PIALE,0.004236101345089729,0.845408046256816,0.09894884268569494,0.04625925789758558,0.005147751814813743
PIARA,PIALE,0.004821960832797258,0.6202524006461634,0.3064775511627552,0.061879155133655744,0.006568932224628255
PIARA,PIALE,0.0017196443607923964,0.9291891042200003,0.0422827172540087,0.024359789862156978,0.00244874430304127
PIARA,PIALE,0.0022825818708244886,0.8847583142296593,0.06985924119895509,0.03980871240734222,0.0032911502932190216
PIARA,PIALE,0.0024890152606752538,0.8782953872994855,0.06741782715708759,0.04854160283340213,0.0032561674493498064
PIARA,PIALE,0.0017528617838195046,0.9434364177181311,0.03230464191874745,0.020317014168056324,0.002189064411245589
PIARA,PIALE,0.004961638671291624,0.7386482730576693,0.11261572905461326,0.13830654675272394,0.005467812463701817
PIARA,PIALE,0.004724662485580216,0.7081023966285486,0.12995596313885416,0.15138892411392363,0.005828053633093406
PIARA,PIALE,0.0049850669523719285,0.7004796747758395,0.20075266231991973,0.08748323939575746,0.0062993565561115196
PIARA,PIALE,0.0033877753564414597,0.8321345833818815,0.09128035635097122,0.06855881084357916,0.004638474067126541
PIARA,PIATE,0.008967114167087864,0.331633808922087,0.29956650559619874,0.3517448025080278,0.008087768806598577
PIARA,PIALE,0.003709543233893245,0.737396508544183,0.15409185902877978,0.09882094913616928,0.0059811400569745295
PIARA,PIALE,0.0062111588986917135,0.58264089882986,0.2969212734408116,0.10582362634836986,0.008403042482266943
PIARA,PIALE,0.004656445135024886,0.7258255651669979,0.19269285217675472,0.07042183101591376,0.006403306505308781
PIARA,PIALE,0.0019153046699919437,0.9426761384056697,0.0366637675642286,0.016226414927053432,0.0025183744330565653
PIARA,PIALE,0.001192414609796672,0.9720227062555502,0.017769034015760757,0.00752776517262585,0.0014880799462664886
PIARA,PIALE,0.00254442978514719,0.9202746428355132,0.05066152671546929,0.023515961719039663,0.0030034389448306527
PIARA,PIALE,0.0023087068108346184,0.8906357720386312,0.0811157695491997,0.022235857431692572,0.0037038941696419018
PIARA,PIALE,0.0036870589179943095,0.8038592576952022,0.13734192121758068,0.049087551882872255,0.006024210286350547
PIARA,PIALE,0.0018716056477675511,0.9227317613162785,0.057917151980158475,0.014606742442707227,0.0028727386130882647
PIARA,PIALE,0.0022395485538343795,0.8927974930147766,0.08774669407610267,0.014280931083029308,0.0029353332722573977
PIARA,PIALE,0.0045676212378527705,0.8093553249636557,0.11705827421012076,0.06184504208741991,0.007173737500950824
PIARA,PIARA,0.001495408938802556,0.3199301897121899,0.6595279995286133,0.016830944851575404,0.0022154569688187836
PIARA,PIARA,0.0034909947331831707,0.33258177668298805,0.5874403263324864,0.07121504440733117,0.005271857844011287
PIARA,PIARA,0.002388350277262337,0.04970264868577442,0.8977537521802214,0.04876979076998793,0.001385458086754132
PIARA,PIARA,0.0017299017142906547,0.11606401604533989,0.8516081439293406,0.028790292115942574,0.0018076461950861837
PIARA,PIALE,0.006865136687575474,0.5048730972828267,0.3397384050578385,0.12250094055008968,0.026022420421669683
PIARA,PIARA,0.0023675700342663934,0.452129933826477,0.525753909103649,0.01740525041490419,0.0023433366207035833
PIARA,PIARA,0.00179594080447174,0.10302533617998709,0.8798566947721833,0.014267176777479178,0.0010548514658786118
PIARA,PIARA,0.0037334740084079697,0.32805012054159,0.6294304685690484,0.034468907838872256,0.004317029042081381
PIARA,PIALE,0.0008191739250885317,0.9410893016362267,0.05155198404302773,0.00526481430717148,0.0012747260884854888
PIARA,PIALE,0.0011352285311694453,0.9181324064520845,0.07154726372975995,0.007351332753534457,0.0018337685334517972
PIARA,PIALE,0.0015126513975381637,0.902734139939186,0.0805874914303029,0.012770381248731805,0.002395335984241129
PIARA,PIALE,0.0013511764999593792,0.9626045927318572,0.024619510157478267,0.009463981722530856,0.001960738888174193
PIARA,PIALE,0.0012297631909669049,0.9527984958675062,0.033852836336580414,0.009876224186919002,0.0022426804180276237
PIARA,PIALE,0.0006495548365803373,0.9526135515946238,0.04296785664923186,0.002725380119682251,0.001043656799881725
PIARA,PIALE,0.0008032056078468442,0.9474652344504835,0.04495131160313163,0.005440527657114378,0.0013397206814237345
PIARA,PIALE,0.0008126497582048148,0.923859617825606,0.06877760520399427,0.0050405250165864186,0.001509602195608658
PIARA,PIALE,0.0005352753266150785,0.9652345168890752,0.03140609980102606,0.0019643795657736103,0.0008597284175103079
PIARA,PIALE,0.0010361303341308468,0.8895865379653938,0.0993813898227808,0.007954414935772255,0.0020415269419223852
PIARA,PIALE,0.0010735661371940293,0.95298450223898,0.03604719432921771,0.007808874093972672,0.0020858632006355645
PIARA,PIALE,0.0010486725439887536,0.9647438716930723,0.02438922541452252,0.00802203248606548,0.0017961978623506427
PIARA,PIALE,0.0007139713958468504,0.9236322122119309,0.07051541053475258,0.0037207646531705056,0.0014176412042993204
PIARA,PIALE,0.0014387554688717896,0.9354612356385682,0.05323403458015871,0.007620167637718412,0.0022458066746829466
PIARA,PIALE,0.0013628347759301214,0.878759182919209,0.11093719193355286,0.0067840644608495315,0.0021567259104585744
PIARA,PIALE,0.001213722523288061,0.8733924955268199,0.11779510600104398,0.005878833953569089,0.0017198419952788166
PIARA,PIALE,0.0006936897494220944,0.9525186550427687,0.042036143300524194,0.003597585150022268,0.0011539267572625413
PIARA,PIALE,0.0008735227693568684,0.9143343917434075,0.07960683276466336,0.0036511375897532003,0.0015341151328192209
PIARA,PIALE,0.0009172398925024627,0.9460631453012699,0.04740754913358152,0.004240150192859286,0.0013719154797870593
PIARA,PIALE,0.0009287523619511491,0.9362310057325219,0.05827105467777264,0.003162094284819956,0.0014070929429343866
PIARA,PIALE,0.0008208151948270252,0.941777148172169,0.0538106328327423,0.002453461223575189,0.001137942576686535
PIARA,PIALE,0.0008450953329481757,0.9549974070994439,0.040482637462446056,0.0026121890907121505,0.0010626710144496193
PIARA,PIALE,0.0008250541707266543,0.9295428934188216,0.0661752194816573,0.0022811136020860962,0.001175719326708469
PIARA,PIALE,0.0007724454879402396,0.9346626317379119,0.0605700780586952,0.0027692732387440255,0.0012255714767087438
PIARA,PIALE,0.0004622021490488414,0.9687109163473877,0.02846167171206489,0.0015767352186662805,0.0007884745728322208
PIARA,PIARA,0.0023806701458664514,0.1402872914065254,0.8194450532548844,0.03548448655413342,0.002402498638590329
PIARA,PIALE,0.0011391452904422777,0.883986127560184,0.10590999354692904,0.007030932260866755,0.0019338013415779302
PIARA,PIARA,0.0014251298833937176,0.1402924135944766,0.8429918734163171,0.013990941147561605,0.0012996419582510124
PIARA,PIALE,0.0006795412189426007,0.9222229680803098,0.07300814456499168,0.0029785106802484086,0.0011108354555075565
PIARA,PIALE,0.0008212778843947907,0.8454348992708012,0.1496458717922402,0.003022271336846265,0.0010756797157176852
PIARA,PIALE,0.0006002418827187545,0.9274115037129512,0.0689153920619967,0.002231872532997088,0.0008409898093363117
PIARA,PIALE,0.0009141725144318686,0.9528903120280048,0.04207566655130176,0.002949588882357918,0.0011702600239034478
PIARA,PIALE,0.0009260717158997787,0.9161111492062601,0.07613207265391164,0.005242622077886013,0.0015880843460423946
PIARA,PIALE,0.0008760904830654562,0.868129428305229,0.12365293016670803,0.0057025004940687435,0.0016390505509285788
PIARA,PIALE,0.0003913744168736098,0.969519421892721,0.02811664890344993,0.001364249482948866,0.0006083053040066587
PIARA,PIALE,0.0012619284526748532,0.7238275450432422,0.27052682282572466,0.0034546793644094726,0.0009290243139487928
PIARA,PIARA,0.001755194795771774,0.443945431862948,0.5470752959974846,0.006179967221501432,0.0010441101222941314
PIARA,PIALE,0.00044625359847351215,0.9311546778964116,0.06461792655006433,0.0028734882520832744,0.0009076537029670957
PIARA,PIALE,0.0004953560127180286,0.921878385940734,0.07452661727003397,0.0022729117462872094,0.0008267290302264763
PIARA,PIALE,0.0018359646945845039,0.5021113162419488,0.48643038497137225,0.008600887722640201,0.0010214463694542234
PIARA,PIALE,0.0014677840256714428,0.587412857595691,0.40411817635742553,0.005991711205906218,0.0010094708153057725
PIARA,PIALE,0.0004418546028793709,0.9590083832539581,0.036768106107706595,0.0029469809628596953,0.0008346750725963646
PIARA,PIALE,0.001519315906874023,0.9415260069261361,0.037877967262802584,0.01689444056359784,0.0021822693405894942
PIARA,PIALE,0.0016887094955647017,0.9376142152056123,0.03906423614926038,0.01947355120610905,0.002159287943453832
PIARA,PIALE,0.002066384192803518,0.9312479150027957,0.04237308960259034,0.021634453518413567,0.0026781576833969905
PIARA,PIALE,0.0032410212258905786,0.8739707780097689,0.06899911919160141,0.04931807329682148,0.004471008275917654
PIARA,PIALE,0.0014698791042143148,0.9633314617255507,0.01846445332636878,0.014784727917679515,0.0019494779261865934
PIARA,PIALE,0.0015921684641474274,0.946220104353653,0.026663202628596665,0.023146927961595756,0.002377596592006951
PIARA,PIALE,0.002252034293020831,0.9479441512346,0.022637922372749045,0.02347435745999773,0.0036915346396324765
PIARA,PIALE,0.006074584935468216,0.8361715075088294,0.06307784339647454,0.03598484420254228,0.058691219956685775
PIARA,PIALE,0.002455257283641714,0.9519462411330639,0.015114070309707215,0.025315939089634126,0.005168492183952985
PIARA,PIALE,0.0009701701516863794,0.9788551631201563,0.01179810646823453,0.007024944560018162,0.0013516156999048075
PIARA,PIATE,0.0069787371521294024,0.09761832957596482,0.1424824677400551,0.7308701641396813,0.02205030139216939
PIARA,PIATE,0.006635735982896045,0.14825540520632938,0.14798306158450325,0.678663376459061,0.018462420767210306
PIARA,PIALE,0.011410200824079172,0.642391959834813,0.11857989983689259,0.1668154721111734,0.06080246739304184
PIARA,PIATE,0.007625572702012622,0.16015223675458096,0.2223084178081877,0.5861936739503933,0.023720098784825353
PIARA,PIALE,0.013487322672139566,0.4357938159862204,0.14211073611577224,0.3404758667944819,0.06813225843138582
PIARA,PIALE,0.009117107847964911,0.7541778640702865,0.0841558095909716,0.11979107142770205,0.03275814706307503
PIARA,PIATE,0.006946675638596342,0.06070965508789888,0.07431182207629672,0.8410367912467007,0.016995055950507394
PIARA,PIATE,0.006988801160651347,0.08599308240879178,0.13485043225205512,0.7530585327230783,0.019109151455423475
PIARA,PIATE,0.008020951573075167,0.09035329438136651,0.09220839272963517,0.7731530355547458,0.0362643257611773
PIARA,PIATE,0.006939363309969198,0.037935488710529014,0.042484950752975655,0.8529724742041638,0.05966772302236233
PIARA,PIALE,0.0024846985778388237,0.9513489000306068,0.020240532574904574,0.018076979623876027,0.007848889192773864
PIARA,PIALE,0.002979189343915207,0.9325285749154196,0.02679677934656317,0.02740469924516409,0.01029075714893791
PIARA,PIALE,0.006146491574113952,0.8398525559217893,0.0643309506038355,0.0509120638462582,0.03875793805400309
PIARA,PIATE,0.008727663216185618,0.40743174506735014,0.15200840387036926,0.4140831689948842,0.01774901885121081
PIARA,PIALE,0.004220239917906701,0.4198534259769478,0.38932936968047693,0.17559497461499407,0.011001989809674739
PIARA,PIARA,0.0027058203245631613,0.14862889589293424,0.7440890343087744,0.0996927094898702,0.004883539983857881
PIARA,PIATE,0.005047365172522199,0.33378389655539475,0.2713007960223139,0.37888980620074997,0.010978136049019167
PIARA,PIALE,0.0042660446053333105,0.8142473055720133,0.06619745295486466,0.10765481042832444,0.007634386439464289
PIARA,PIARA,0.003970665788520321,0.30813855171763427,0.49343838270305534,0.18829658255331333,0.00615581723747678
PIARA,PIALE,0.0050016534109656825,0.41206091409686973,0.3341500721003595,0.24280511875920666,0.005982241632598411
PIARA,PIALE,0.004955206692893027,0.8073826572139675,0.11940999822094457,0.06327994648321002,0.004972191388984936
PIARA,PIALE,0.0013261270716609227,0.9696194624419423,0.016109454159190753,0.010767097981659665,0.0021778583455461828
PIARA,PIALE,0.001259571629646796,0.9680924639466773,0.017630089179835995,0.01118036180235238,0.001837513441487465
PIARA,PIALE,0.0017256593544724764,0.9237018963013531,0.06381686122880725,0.008405154604777467,0.002350428510589532
PIARA,PIARA,0.001544148359824392,0.2494097299390952,0.7264536287565745,0.02029277398938141,0.0022997189551245503
PIARA,PIARA,0.001819790837040159,0.2026327596568209,0.7586063675591328,0.03475585024177326,0.0021852317052330162
PIARA,PIALE,0.0008424798223120411,0.9783946410077253,0.014456818336079843,0.004978007395634675,0.0013280534382481203
PIARA,PIALE,0.0007382105038876335,0.9534554747384729,0.03852458828738379,0.005901995521006508,0.0013797309492494432
PIARA,PIALE,0.0015656550113805298,0.8027193275313387,0.1875809857930697,0.006007563159846378,0.0021264685043648084
PIARA,PIALE,0.0016998050702600556,0.5534391905620938,0.41844492083412865,0.024302785987367456,0.0021132975461499253
PIARA,PIALE,0.0010254208158513149,0.9759130855576428,0.014093550747730567,0.007419467566360748,0.001548475312414426
PIARA,PIALE,0.000962409999959972,0.9754862938792043,0.01637222747481183,0.005781308515191492,0.00139776013083253
PIARA,PIALE,0.0014089757199085974,0.9280804747171607,0.0634320806700017,0.0052439869660209516,0.0018344819269080779
PIARA,PIALE,0.002071046716270548,0.8072730502692942,0.17759834535553687,0.010318626984945577,0.0027389306739527236
PIARA,PIALE,0.002519399429134127,0.7757066412655331,0.1936469521265871,0.024285380831599993,0.0038416263471456272
PIARA,PIALE,0.001520039318077619,0.8696231591609445,0.12104689724776195,0.005861858789172292,0.0019480454840436813
PIARA,PIALE,0.0010241399359171702,0.9590097116346981,0.03134869845702738,0.007279301266661324,0.0013381487056960207
PIARA,PIALE,0.0026139755342851918,0.7447696079819669,0.23616885095314244,0.013284624036267272,0.0031629414943382585
PIARA,PIALE,0.0022643996772672916,0.6762568793771019,0.3099267466588533,0.009048256370431655,0.0025037179163458897
PIARA,PIALE,0.0032667280440721786,0.7793815917079631,0.19176251982961454,0.021909153151136344,0.0036800072672138083
PIATE,PIARA,0.04066871064960467,0.05429338443916742,0.7387401354117301,0.1635208832528361,0.0027768862466616964
PIATE,PIARA,0.027388022070432543,0.0797136257949414,0.8468368571155205,0.042829379930882254,0.0032321150882232185
PIATE,PIARA,0.03271141963659594,0.05888231885141331,0.7329367217861985,0.16823279414650102,0.00723674557929108
PIATE,PIATE,0.08739597662598282,0.02031381445025824,0.36108342566930923,0.5286457129111374,0.0025610703433122475
PIATE,PIAVE,0.009041763801402859,0.015704184359665408,0.0454809066290383,0.03107519016027367,0.8986979550496197
PIATE,PIATE,0.04704973099876189,0.019198166873864712,0.25564012120478485,0.6756772216143908,0.0024347593081978786
PIATE,PIARA,0.04327142132815535,0.0753451833729348,0.7170568563594951,0.1537160154663137,0.010610523473100996
PIATE,PIARA,0.08400765370024321,0.03748301927946051,0.5216346904924044,0.353242026510524,0.0036326100173678824
PIATE,PIATE,0.07609542138477836,0.026942800551858388,0.20311998489900038,0.6841129419982225,0.009728851166140499
PIATE,PIARA,0.026505626466518932,0.35984132415040804,0.4490774787079581,0.10203478053789233,0.06254079013722251
PIATE,PIATE,0.0569624202815681,0.016844105803252962,0.41648205215374423,0.5052139545889319,0.0044974671725027515
PIATE,PIATE,0.10150527579203525,0.023396666573474254,0.0950943534231576,0.7765970052600542,0.003406698951278748
PIATE,PIATE,0.050279508846411546,0.018192652398484697,0.2773947804257748,0.6504454213134531,0.0036876370158758737
PIATE,PIATE,0.02692412188843756,0.006298290826382788,0.10589665622912917,0.8592722080921148,0.0016087229639357766
PIATE,PIATE,0.0612719454578327,0.02344088860235166,0.23059639220720843,0.6799869782968873,0.004703795435719964
PIATE,PIATE,0.038571820534779463,0.0066597167229360795,0.23928775771166022,0.7120464488496544,0.0034342561809698044
PIATE,PIATE,0.05507948331670113,0.016375067371587667,0.18783283086862573,0.7371490663317446,0.0035635521113408595
PIATE,PIATE,0.0352433528358711,0.0055282992209714785,0.15415208903605526,0.8027860161252579,0.0022902427818442526
PIATE,PIATE,0.06580494158529597,0.01824411652322763,0.4423751553439558,0.4682312185679048,0.005344567979615778
PIATE,PIATE,0.06128686006002394,0.02196561471404076,0.19311748826487626,0.7197109065899167,0.003919130371142339
PIATE,PIATE,0.04134388102841534,0.0033744443198244667,0.012216121151757853,0.9422382752190293,0.000827278280973125
PIATE,PIATE,0.048390219885666,0.0032716793025312904,0.013350275727661997,0.9341482559681565,0.0008395691159842546
PIATE,PIATE,0.12390865812448737,0.030356982896232024,0.08511007241007079,0.751906576798432,0.008717709770777692
PIATE,PIATE,0.0760312308460385,0.016572396085903135,0.04891820354954512,0.8564072862145302,0.002070883303983028
PIATE,PIARA,0.03221788545541358,0.12249967659358352,0.5718535846973282,0.2644125497836816,0.009016303469993112
PIATE,PIARA,0.034519366103069646,0.06877103727677822,0.692038016239708,0.19565385779034727,0.009017722590096845
PIATE,PIATE,0.07196677230523192,0.02004774496249414,0.13039851555153945,0.7753680749448105,0.0022188922359239445
PIATE,PIARA,0.04040717491634456,0.08524026611488424,0.5961985477626724,0.26953663589348437,0.00861737531261446
PIATE,PIARA,0.03559459852256011,0.05887762616214977,0.7149364927863826,0.18617753917050514,0.004413743358402315
PIATE,PIATE,0.052673261579360114,0.018636189636645643,0.08149716384563307,0.8452067423045564,0.0019866426338048413
PIATE,PIATE,0.08485247211439395,0.014114163082281438,0.06358220766142063,0.8324596119724623,0.004991545169441688
PIATE,PIATE,0.08146306182240577,0.014035013069182612,0.10718174254071546,0.7934916222826051,0.0038285602850909946
PIATE,PIATE,0.10981839412257882,0.018220555569945254,0.1129082909501447,0.7524787596090681,0.006573999748263142
PIATE,PIATE,0.055599476313389296,0.0032872114126068397,0.01631865932727769,0.9237803909807559,0.0010142619659701494
PIATE,PIATE,0.15660263078253941,0.018311266875671466,0.051826081858546806,0.7707867672509386,0.00247325323230362
PIATE,PIATE,0.11410122062908298,0.00903475834376057,0.03427499236204497,0.8410641552216775,0.0015248734434338746
PIATE,PIATE,0.09805142618120333,0.029985898804037077,0.07445152880975195,0.787490882021458,0.010020264183549718
PIATE,PIATE,0.37932901696743426,0.015039759427082947,0.024768641822630832,0.5789538047313453,0.0019087770515068415
PIATE,PIATE,0.1318693479794494,0.03566500687040685,0.08258478476031667,0.7258659885141682,0.02401487187565897
PIATE,PIALE,0.025561831618875663,0.7223357985305231,0.2086127033134068,0.03596203528045197,0.007527631256742532
PIATE,PIARA,0.03442023670140241,0.19747093725731693,0.5934434814681986,0.16665090542443012,0.00801443914865191
PIATE,PIARA,0.0493814644771084,0.07105882452741986,0.47922474341408366,0.3929237642792774,0.0074112033021108
PIATE,PIARA,0.04921810241058691,0.03812125359732587,0.5407784154884585,0.3682261547658388,0.0036560737377898506
PIATE,PIATE,0.05537278977134089,0.03987202223729513,0.41333764654377253,0.4881131233964048,0.0033044180511865905
PIATE,PIATE,0.059942429026083065,0.013573718057099208,0.22641215684487476,0.6964894744509212,0.00358222162102174
PIATE,PIARA,0.052397016224527034,0.06970410067274845,0.5419106538429783,0.32658716408194083,0.009401065177805486
PIATE,PIARA,0.060613325851275636,0.0331766039119986,0.5482953020446337,0.35265890903143704,0.00525585916065514
PIATE,PIATE,0.08864568378686057,0.037659928313930245,0.4109129972707435,0.4592167089445096,0.0035646816839559614
PIATE,PIARA,0.052603064992025515,0.04643106294367506,0.5931192255481812,0.3013265171702862,0.006520129345832027
PIATE,PIATE,0.04829831775036355,0.02958603073008248,0.40782123682779364,0.5118127401629284,0.002481674528831938
PIATE,PIATE,0.01283112477322213,0.06417202422561241,0.2505032532128227,0.6609612386978772,0.011532359090465547
PIATE,PIATE,0.012133853784604262,0.0730724988648907,0.27504329687238405,0.6294418651295689,0.010308485348552087
PIATE,PIATE,0.020457033251143897,0.1152690733583475,0.23945726098736775,0.588208603029035,0.03660802937410592
PIATE,PIATE,0.04658772132526967,0.07355233253887497,0.2955821595600972,0.4788114677547355,0.10546631882102278
PIATE,PIATE,0.014548017700047778,0.03610875172383834,0.34573537861033554,0.5932249475885598,0.010382904377218588
PIATE,PIATE,0.027027875237940285,0.030004572686012698,0.44371234455704267,0.4886751561515547,0.010580051367449862
PIATE,PIATE,0.0090095906385554,0.02349080421649817,0.17918639675651427,0.7829783131648833,0.005334895223548802
PIATE,PIATE,0.03949185658588305,0.03397306201047438,0.1731099063037814,0.6817045482875381,0.07172062681232305
PIATE,PIARA,0.11868259933075309,0.040286672782071486,0.4221198646938692,0.3237305989783112,0.0951802642149952
PIATE,PIATE,0.04034117206926031,0.0839182307975054,0.316674864423446,0.4422751256104829,0.11679060709930553
PIATE,PIATE,0.014640060231113227,0.14035195948237314,0.28693348039957284,0.5458471896369869,0.012227310249953919
PIATE,PIATE,0.009783437079921053,0.2087519608659113,0.14061217445085206,0.6308497502449655,0.010002677358350082
PIATE,PIATE,0.008577548988299075,0.33345884905566153,0.1066305118216598,0.5397085995305386,0.011624490603841048
PIATE,PIATE,0.015763266437651635,0.14414621664452024,0.3993791843065232,0.4069590319375238,0.03375230067378107
PIATE,PIATE,0.010344108594353325,0.09240724651927629,0.32410296282765927,0.5622807711395106,0.010864910919200542
PIATE,PIARA,0.04501274563785445,0.09616323565405165,0.4784636996601338,0.21856417577311843,0.1617961432748416
PIATE,PIATE,0.010283972846391353,0.11352769783384288,0.19129877557231786,0.6729550425983887,0.011934511149059234
PIATE,PIATE,0.01161046226403669,0.149135571631189,0.2302156763259329,0.6012508497899257,0.007787439988915782
PIATE,PIATE,0.009664970024120607,0.24105267008894415,0.18922382978939883,0.5519196985013054,0.008138831596230968
PIATE,PIATE,0.026848694545191665,0.08842659612203169,0.17036445644546946,0.6658472344593175,0.048513018427989815
PIATE,PIATE,0.017643251931552955,0.036389334568364115,0.41047149005424943,0.520221331975227,0.01527459147060636
PIATE,PIARA,0.03456856207945391,0.04464655532236323,0.5835249456760574,0.32368331461667016,0.013576622305455328
PIATE,PIATE,0.012300667305347703,0.14267642757336535,0.20914366883125174,0.6216000737367828,0.01427916255325247
PIATE,PIARA,0.07523932979539015,0.048094661747277744,0.4535115433251172,0.21305595251973639,0.21009851261247853
PIATE,PIATE,0.03778191002894785,0.09608754421174172,0.3403850509819909,0.46018628217615076,0.0655592126011688
PIATE,PIAVE,0.03211651937529512,0.038950615971880695,0.1396214924143655,0.16943811736924877,0.6198732548692099
PIATE,PIATE,0.0074535594205039765,0.1415935035456549,0.15217230121531042,0.6906784867166815,0.008102149101849178
PIATE,PIATE,0.010579730260391215,0.1605013496682343,0.17685717190566838,0.6453605926856002,0.006701155480105907
PIATE,PIATE,0.007215011639693966,0.1342701277262786,0.10625533554045435,0.7452070152814418,0.007052509812131212
PIATE,PIATE,0.017460065350069245,0.1421746750397784,0.1798493246507734,0.6303457071324038,0.03017022782697518
PIATE,PIATE,0.016957255564307716,0.10950990397067457,0.38702336453573055,0.47537169732191453,0.01113777860737259
PIATE,PIATE,0.04019401971554726,0.05874824204591803,0.2765821874080998,0.5979329682370879,0.026542582593347103
PIATE,PIATE,0.017329343832621805,0.11152615588146084,0.36397475905347426,0.4805583537169563,0.02661138751548691
PIATE,PIATE,0.03264929176442431,0.1603412610626229,0.34630597228824356,0.3611428611580797,0.09956061372662944
PIATE,PIARA,0.04530256964005304,0.041038882100900405,0.38722311265879095,0.21967288197073387,0.30676255362952176
PIATE,PIATE,0.016932779538154943,0.09152762697305862,0.3816209834818202,0.4875461402845027,0.022372469722463664
PIATE,PIATE,0.01991399286795087,0.1558190360616209,0.31474142007046335,0.4910340898546137,0.018491461145351263
PIATE,PIATE,0.0936249280716211,0.032676096426587566,0.24239337617505682,0.6003460111334165,0.03095958819331811
PIATE,PIATE,0.014787806622702843,0.264866427054355,0.3058112666713938,0.38194871847831247,0.03258578117323589
PIATE,PIALE,0.010356795469208698,0.3744629346207028,0.3404438928299115,0.2553638140069677,0.01937256307320925
PIATE,PIARA,0.01650058310229334,0.019717029017595002,0.5270768881700559,0.38594976130990194,0.050755738400153655
PIATE,PIARA,0.030910702186135567,0.02561918217814828,0.4241828917816013,0.3343771090071009,0.18491011484701408
PIATE,PIATE,0.028742854142067596,0.022951624084017828,0.3760782665028616,0.39366452018707304,0.17856273508397977
PIATE,PIARA,0.03363619046217852,0.022870711830101313,0.6449491772320486,0.21285366461421998,0.08569025586145167
PIATE,PIATE,0.00998327590535584,0.00909777726697733,0.21612715684126685,0.7486748637232202,0.01611692626317976
PIATE,PIATE,0.0043433072535542855,0.0035489312856453875,0.05065983100477544,0.9365268528092792,0.004921077646745944
PIATE,PIATE,0.016227359568325182,0.008935509913202811,0.2627854840420201,0.6988436778650767,0.013207968611375053
PIATE,PIARA,0.03394581895293485,0.01906254513025685,0.6217221321700012,0.2109181031071894,0.11435140063961778
PIATE,PIATE,0.005234528545273188,0.005592282179392168,0.0787829043784524,0.9022179016343597,0.008172383262522547
PIATE,PIATE,0.004801448731124263,0.004972174426189548,0.06165321486997628,0.9225309478083535,0.0060422141643564605
PIATE,PIARA,0.009620280122218822,0.014567160630936464,0.6592404950699272,0.31004523608251505,0.006526828094402523
PIATE,PIARA,0.019996972923032087,0.017053977701538613,0.778998017595757,0.17476895731943626,0.009182074460235853
PIATE,PIATE,0.006355871406579443,0.006465929732774573,0.08206106280755583,0.8998792341041507,0.005237901948939542
PIATE,PIARA,0.01202387310577808,0.017803121527200542,0.4894329247066218,0.4727187001929631,0.008021380467436367
PIATE,PIATE,0.008754654725178161,0.012091076061589259,0.24187611909784076,0.7282036427903892,0.009074507325002529
PIATE,PIATE,0.013260867970307823,0.022191609485448807,0.4574699924434467,0.4975858514561752,0.009491678644621488
PIATE,PIATE,0.007751535407069077,0.009372143181976197,0.13622645961524193,0.8405239990307559,0.006125862764956864
PIATE,PIATE,0.004445061623053583,0.00418943709163612,0.0367022619215853,0.9518897171732245,0.002773522190500598
PIATE,PIATE,0.011268051855456613,0.023377177707202948,0.3154240390368518,0.642383455077703,0.007547276322785726
PIATE,PIARA,0.011991428201787524,0.018853941377263754,0.7487345217472874,0.21238196269721885,0.008038145976442397
PIATE,PIATE,0.01653908326078312,0.013327673479845537,0.22512333987154395,0.6975705689729732,0.04743933441485419
PIATE,PIATE,0.008961046817688658,0.015633816211684096,0.3259962118249928,0.6384388454098112,0.010970079735823368
PIATE,PIATE,0.003443413133346743,0.0038099960852942083,0.021472503213834482,0.9689456522892752,0.0023284352782493804
PIATE,PIATE,0.015717294420362016,0.009615750891390346,0.06724677980196866,0.9041176031422921,0.0033025717439867904
PIATE,PIATE,0.0037877255976422096,0.0075082138548536554,0.04681758743108753,0.9400903491108868,0.0017961240055298616
PIATE,PIATE,0.0022967459027041976,0.0023740448605221003,0.012476378650793617,0.9814435310465309,0.0014092995394489852
PIATE,PIATE,0.005440945329923931,0.005483204529526968,0.08767986188674366,0.8940760162237118,0.007319972030093514
PIATE,PIATE,0.019612512618541245,0.0059259293250879174,0.1160526861615403,0.8420001988948814,0.016408672999949213
PIATE,PIATE,0.007215540645881159,0.009138547503436841,0.23500969587289416,0.7396706289786573,0.00896558699913065
PIATE,PIATE,0.004337201538400945,0.007529830303104858,0.085889320454419,0.8996247685499555,0.002618879154119551
PIATE,PIATE,0.12850382502227362,0.007996375901362467,0.04964725311932949,0.7018824306996589,0.11197011525737537
PIATE,PIATE,0.03205970159015015,0.010005213254510467,0.25148375230241915,0.6811907750917267,0.02526055776119364
PIATE,PIATE,0.008156177458368434,0.004246127077021412,0.05010990813235391,0.9308902749920647,0.006597512340191402
PIATE,PIATE,0.01408256167551951,0.015067886656635224,0.3500203716117785,0.6078618997424621,0.01296728031360465
PIATE,PIATE,0.009861817460327117,0.010344724182893993,0.21540911636161805,0.753413983357247,0.010970358637913966
PIATE,PIATE,0.006235932431488893,0.0040498466531577884,0.018837013782434138,0.9673902276695262,0.003486979463392991
PIATE,PIATE,0.06460530179489092,0.018147940096839354,0.41904352842572906,0.43931452498678386,0.05888870469575663
PIATE,PIATE,0.005647540819524927,0.0036158677490868278,0.03765694872272588,0.9472148566754939,0.005864786033168526
PIATE,PIATE,0.008513175774178296,0.007353375081395288,0.09598158685282708,0.8794326095586776,0.008719252732921803
PIATE,PIATE,0.00942633456817887,0.010011634616406147,0.1996116087774468,0.7692439282654605,0.011706493772507705
PIATE,PIATE,0.03308593050258648,0.006322406288460511,0.01698217318714421,0.9198980438845231,0.023711446137285673
PIATE,PIATE,0.019673675139165906,0.013200865459693269,0.27817994626040654,0.6494601009689687,0.039485412171765495
PIATE,PIATE,0.0195957582638684,0.004768638421085525,0.05895085337110562,0.8940487328490492,0.022636017094891284
PIATE,PIATE,0.0033590212089484985,0.0017601113055446245,0.014017371809092979,0.9784632823018093,0.0024002133746046325
PIATE,PIATE,0.034965980176685306,0.012719718270934658,0.2149020568742979,0.7000444112832064,0.037367833394875774
PIATE,PIATE,0.010209286380266096,0.0033284521113967013,0.030690560735947534,0.9505531327857625,0.005218567986627315
PIATE,PIATE,0.00916738060425937,0.006700631781006907,0.1901499404132966,0.7844380275239046,0.009544019677532465
PIATE,PIATE,0.014938296881767689,0.006070845385019081,0.15077123934685183,0.8154268298890978,0.012792788497263657
PIATE,PIATE,0.04967050107084034,0.011482151677619937,0.20090188203381518,0.6965311659194828,0.041414299298241676
PIATE,PIATE,0.02510879823389051,0.008942533077188498,0.16615889495713895,0.7801508369948501,0.019638936736931862
PIATE,PIATE,0.05220539450720126,0.015035405737732604,0.32393978751551233,0.5940465482482948,0.014772863991258996
PIATE,PIATE,0.06323939094489925,0.010940136804801067,0.18885283856563695,0.5566615014361361,0.18030613224852662
PIATE,PIATE,0.010749953830470648,0.01722155422422322,0.1465846246517014,0.8227794477539828,0.0026644195396219343
PIATE,PIATE,0.06480223262516556,0.018244847418709537,0.13036171239059918,0.7773194973812597,0.009271710184266011
PIATE,PIATE,0.06888842064094945,0.015830357734499145,0.1416493672064296,0.7632181896165078,0.010413664801614214
PIATE,PIATE,0.010602185742837847,0.013695794279279045,0.06857836364694532,0.9045543479067241,0.002569308424213743
PIATE,PIATE,0.024227790820681744,0.018412806282651708,0.13361910551866008,0.6976142867372974,0.12612601064070897
PIATE,PIATE,0.052319601403919065,0.010634912992105337,0.2504589452642013,0.6779364071946881,0.008650133145086216
PIATE,PIATE,0.1632088543269167,0.016492539227487595,0.2601707028389344,0.5467038948674006,0.013424008739260746
PIATE,PIATE,0.11812197451259693,0.022128542314089533,0.18785619633264303,0.662884720241075,0.009008566599595461
PIATE,PIATE,0.016933309655722727,0.02595532701794849,0.18126755209736703,0.7667138849312504,0.009129926297711307
PIATE,PIATE,0.03145276694287213,0.016258895830323333,0.10909038715234845,0.8353104267726486,0.007887523301807585
PIATE,PIATE,0.05321704010227511,0.015264011048725157,0.09003044083460839,0.8327428475012173,0.008745660513173973
PIATE,PIATE,0.12154499606464046,0.021097280382951698,0.22681248057899064,0.6162273539868204,0.014317888986596874
PIATE,PIATE,0.05727107613820139,0.020081064792482322,0.17536599021419774,0.739669971171016,0.00761189768410261
PIATE,PIATE,0.06917875428155279,0.01858728565749407,0.3394964319629669,0.541946862931007,0.030790665166979227
PIATE,PIATE,0.03255353818225375,0.021594939709184177,0.19078413356097776,0.732057669010496,0.02300971953708827
PIATE,PIATE,0.034900079408494426,0.018741468856253184,0.21549558818724276,0.6806553970012585,0.050207466546751005
PIATE,PIATE,0.009392149768182827,0.015166956543088285,0.11563047466063307,0.8563127716392133,0.0034976473888825043
PIATE,PIATE,0.03787338856657379,0.010225864679433164,0.11590135200567732,0.8330135034116062,0.00298589133670963
PIATE,PIATE,0.01663989710908832,0.01178073981302444,0.11095824074912135,0.8376473638263758,0.02297375850239011
PIATE,PIATE,0.010446723409764293,0.013170399743280834,0.11304655339590172,0.8459441233654916,0.017392200085561624
PIATE,PIATE,0.04926028555600963,0.00987022863556439,0.10017354123813138,0.8279850397824953,0.0127109047877993
PIATE,PIATE,0.011558987656014756,0.01814385971992285,0.19675013147238843,0.7459217308379941,0.02762529031367997
PIATE,PIATE,0.018697832659713996,0.04970262946508234,0.39822866591165923,0.48730001786345656,0.0460708541000878
PIATE,PIATE,0.020475766718575355,0.04263010279714354,0.42641500713717845,0.48092183197214716,0.029557291374955556
PIATE,PIATE,0.020045865428670002,0.022937402024658184,0.3681236580298805,0.5672371470769614,0.021655927439829782
PIATE,PIATE,0.0073618108931912014,0.013630806332163167,0.13651221732075725,0.8286947190619458,0.013800446391942452
PIATE,PIATE,0.027171678470479386,0.04113591325831085,0.40070796009708637,0.48899010884400024,0.04199433933012312
PIATE,PIATE,0.02224403849191196,0.022563432501190393,0.22132236094552551,0.7128360962519052,0.021034071809466807
PIATE,PIATE,0.008930226001771681,0.01175797019933932,0.07682617871136117,0.8892441993727599,0.013241425714768053
PIATE,PIATE,0.015145429205317447,0.019444537432256898,0.17505264740337761,0.7374671523498418,0.05289023360920626
PIATE,PIATE,0.01829648698272929,0.012806292898365521,0.12815211325181858,0.8345632129664763,0.006181893900610283
PIATE,PIATE,0.019293043815717646,0.021553040088851543,0.18667482535238938,0.7497052650273738,0.022773825715667804
PIATE,PIATE,0.015871988789256476,0.00902911615555086,0.13068461263785164,0.8420290369479743,0.002385245469366797
PIATE,PIATE,0.034122235714524364,0.013368811481322974,0.26886215845898864,0.6811654451380207,0.0024813492071434147
PIATE,PIATE,0.023550425175111887,0.017745145427822268,0.2411923874536961,0.6972397690086087,0.020272272934761026
PIATE,PIATE,0.02924181955566194,0.012221400800598695,0.2687252856705016,0.6825506676544744,0.007260826318763521
PIATE,PIATE,0.04033646554424622,0.024968620667335528,0.2517556562859184,0.6702841811343138,0.01265507636818625
PIATE,PIATE,0.01383912095671306,0.014444435959288987,0.10033299789095043,0.8583074638883366,0.013075981304710988
PIATE,PIATE,0.03164029766412564,0.20721728094125585,0.05956863513679651,0.697964735782355,0.003609050475467123
PIATE,PIATE,0.030862650642238105,0.22673768877596429,0.09471627949598369,0.6406627467718232,0.007020634313990692
PIATE,PIATE,0.028258449392235402,0.2711653329046243,0.10138536513536893,0.5917768560692911,0.007413996498480228
PIATE,PIATE,0.0887485209123124,0.16222529113631307,0.09834416617853907,0.6430025126293842,0.00767950914345114
PIATE,PIATE,0.05075837712929512,0.11643048712491683,0.0537366919359972,0.7758017922059663,0.003272651603824636
PIATE,PIALE,0.03339182601536512,0.5013053488527907,0.09392320956416284,0.36649407087161107,0.004885544696070333
PIATE,PIATE,0.013417256606898673,0.06417196681366823,0.026421725528428672,0.8942869043700067,0.001702146680997803
PIATE,PIALE,0.009630366359999303,0.7916473077989599,0.06043215035021736,0.13517576167974732,0.003114413811075943
PIATE,PIALE,0.011750678868374002,0.8102377502439272,0.07346471444270054,0.10110408284493816,0.0034427736000601137
PIATE,PIATE,0.030607692220520153,0.2349556048682647,0.01816689107596991,0.7143612661560657,0.0019085456791796377
PIATE,PIALE,0.005762141442752252,0.8067343354086243,0.10842844824413185,0.07487780432477018,0.004197270579721424
PIATE,PIALE,0.004892490055500086,0.8611451297979469,0.07908241764226892,0.04861005728892716,0.006269905215356792
PIATE,PIALE,0.006637353693762803,0.833136911529079,0.07977014551861593,0.0735622120559297,0.00689337720261237
PIATE,PIALE,0.008684866294892766,0.7475549935797247,0.15948799145600814,0.07623338057117122,0.008038768098203336
PIATE,PIALE,0.008489449946725914,0.7751964325853968,0.11539142000598696,0.0940999869778806,0.006822710484009796
PIATE,PIALE,0.007699654559297011,0.8092421049511235,0.10077126173629035,0.0785908999627508,0.0036960787905382475
PIATE,PIALE,0.013794285484256437,0.7313406958479844,0.04459332925709507,0.20702002503837508,0.003251664372288909
PIATE,PIALE,0.015112455289696188,0.48468268854271584,0.1821372373229729,0.311544493156813,0.00652312568780218
PIATE,PIALE,0.01679275384952288,0.5291475247355325,0.16338028361169515,0.28572405731554223,0.004955380487707344
PIATE,PIATE,0.024227239338862103,0.15144181698690776,0.033847196184554076,0.7878481411003971,0.00263560638927881
PIATE,PIATE,0.04316332360287574,0.2213960431541695,0.07135005314900437,0.6570643811423711,0.007026198951579346
PIATE,PIATE,0.018556172612756366,0.3120028219753655,0.16386318426844884,0.49360224123846824,0.011975579904961006
PIATE,PIATE,0.025808541420065625,0.39305511382525593,0.17743069215559953,0.39556000400311686,0.008145648595962068
PIATE,PIALE,0.038994762327054684,0.6973668922067933,0.152829365681444,0.08330376905066146,0.027505210734046714
PIATE,PIATE,0.030070140445651688,0.42802375174432983,0.07221732550157768,0.46426961308576126,0.005419169222679603
PIATE,PIALE,0.033387590147405874,0.7139587238571897,0.13380846026608847,0.10385791176405094,0.014987313965264919
PIATE,PIALE,0.03578568160599392,0.7092376552793953,0.11329565087398295,0.1260205370716161,0.01566047516901158
PIATE,PIALE,0.029137487084071326,0.6348449941272424,0.20144349043737456,0.10628890832531505,0.02828512002599676
PIATE,PIATE,0.011086000802307337,0.18271598450996127,0.020440563446279286,0.7830321135228724,0.002725337718579782
PIATE,PIATE,0.052631223608619146,0.32009512164879494,0.03805041912413574,0.5848415225086947,0.00438171310975547
PIATE,PIALE,0.010739732342337634,0.7935573973720381,0.12755254089832566,0.06257187029736415,0.005578459089934511
PIATE,PIALE,0.026078492611024948,0.7260587842255614,0.15588706646909203,0.07846141282294335,0.013514243871378418
PIATE,PIALE,0.00746416691677222,0.9021481202292574,0.05233605961383401,0.03526135307205535,0.002790300168080987
PIATE,PIALE,0.0067122201532018476,0.9437338020469571,0.02725342756122622,0.01937034967148608,0.0029302005671285737
PIATE,PIALE,0.02619310284163778,0.8040259829418432,0.10482112280149147,0.04967991575224167,0.015279875662785766
PIATE,PIALE,0.009374789294179658,0.5454832830299465,0.3318994742671682,0.10778103352071722,0.005461419887988377
PIATE,PIALE,0.014608064461467788,0.5890673382903314,0.14374446329912358,0.24635540580695522,0.006224728142121901
PIATE,PIALE,0.021294183358337535,0.7240337842432074,0.03957281499884465,0.21076304976426663,0.0043361676353436615
PIATE,PIALE,0.03805749020421202,0.6316539926336098,0.16620423923953753,0.15761164903564104,0.006472628886999701
PIATE,PIALE,0.031022157777212404,0.7875666186040791,0.11309518666428002,0.053192762579641444,0.0151232743747871
PIATE,PIALE,0.01989118598550826,0.6495443336992508,0.0616164146430633,0.2650506010489076,0.0038974646232702304
PIATE,PIATE,0.018094362376382723,0.34977895362895406,0.06807184653649745,0.560784037255826,0.0032708002023398275
PIATE,PIALE,0.009372059025549297,0.7857066026541806,0.04193745903445352,0.16038035721204813,0.0026035220737685638
PIATE,PIALE,0.006521659032941938,0.7425659636292904,0.10935081006598008,0.1339998158151267,0.007561751456660891
PIATE,PIALE,0.04101906378545062,0.6365218525030126,0.16863441708415872,0.10110837820808938,0.052716288419288694
PIATE,PIALE,0.0063169499784634636,0.9095384055060926,0.0338943365505459,0.04807169940927438,0.0021786085556238445
PIATE,PIALE,0.02000223157864614,0.38959559004133576,0.21357035617930123,0.36421140771299965,0.012620414487717049
PIATE,PIATE,0.023055390650039392,0.345581858868882,0.2054486907999848,0.4005600910142585,0.025353968666835425
PIATE,PIATE,0.017726366067084443,0.17751374696716937,0.05178367001054204,0.7490641107233235,0.003912106231880775
PIATE,PIATE,0.008957491594162356,0.46557600054334647,0.01910756722553464,0.5041964676105155,0.0021624730264409673
PIATE,PIATE,0.0020209356462856797,0.0034609198190997843,0.003909413817463165,0.9900299652784743,0.0005787654386770389
PIATE,PIATE,0.00221655758640542,0.003778122697570984,0.004302634169721831,0.9891070081824741,0.0005956773638278061
PIATE,PIATE,0.001874840217396504,0.00450012738423187,0.004560845528885573,0.9884282629794607,0.0006359238900253644
PIATE,PIATE,0.001984995911352797,0.004595592972112814,0.0044887006910506455,0.9882835671110451,0.0006471433144387756
PIATE,PIATE,0.001869735734007859,0.004405744018906487,0.004465086052906381,0.9886362037486631,0.0006232304455159648
PIATE,PIATE,0.001920198841447496,0.0037315962603065057,0.0037116629642473813,0.9901716425404802,0.00046489939351834823
PIATE,PIATE,0.00239899884428662,0.0030298962214546756,0.0039033060597961403,0.9900825147373608,0.0005852841371019187
PIATE,PIATE,0.0017096233379050522,0.0032979591817591733,0.0033479983236591763,0.9912233919853427,0.000421027171333828
PIATE,PIATE,0.0020299460919185994,0.0033872569878063835,0.0036704619399303153,0.9903765143262317,0.0005358206541128551
PIATE,PIATE,0.0019827086149714983,0.0032896391273136085,0.0038231657154176673,0.990361365813854,0.0005431207284431369
PIATE,PIATE,0.0021564817460644078,0.004272866151992696,0.00448931810811201,0.9884601990683628,0.0006211349254681094
PIATE,PIATE,0.0021037586309383695,0.005336270894385574,0.004526158098095661,0.9873806325352963,0.0006531798412841584
PIATE,PIATE,0.001918786753864578,0.005196048247235849,0.004332269245585559,0.9880249191076371,0.0005279766456768945
PIATE,PIATE,0.0020761227037739785,0.00520933237473252,0.004427798441989469,0.9876587805125909,0.0006279659669132037
PIATE,PIATE,0.0022100652069067415,0.005544081192215383,0.004815480378257349,0.9867481552529997,0.0006822179696209551
PIATE,PIATE,0.00203664278756058,0.004880401791233661,0.0045476403417648355,0.9878826090998518,0.0006527059795890017
PIATE,PIATE,0.0020196051896731663,0.005107533645159566,0.00459077902231524,0.9877341675483704,0.0005479145944818021
PIATE,PIATE,0.0022094951123458302,0.005356567433500045,0.004708370558368311,0.9870620430539001,0.0006635238418857243
PIATE,PIATE,0.00197144260817993,0.005843310720134573,0.004526405899216383,0.9871113243745278,0.0005475163979413657
PIATE,PIATE,0.0019401333804145453,0.005688229887687388,0.004684464703131406,0.9871534862232759,0.000533685805490855
PIATE,PIATE,0.001869735734007859,0.004405744018906487,0.004465086052906381,0.9886362037486631,0.0006232304455159648
PIATE,PIATE,0.0019580289479813784,0.00457754635300992,0.004259122656982258,0.9885782648814674,0.0006270371605591037
PIATE,PIATE,0.002118733146528109,0.004410638413809079,0.0044916914697579816,0.9883180929532343,0.000660844016670587
PIATE,PIATE,0.0018489798794368345,0.004319821954897696,0.00439237899207447,0.9888060507873149,0.0006327683862760699
PIATE,PIATE,0.002065215832724114,0.004562592140217866,0.004488242097202247,0.9881957414808227,0.000688208449033078
PIATE,PIATE,0.0025479354002068233,0.006461287427535115,0.005352559494460556,0.9849102607165973,0.0007279569612003233
PIATE,PIATE,0.002053350766113491,0.005461594005368984,0.004468509908777404,0.9873658111676475,0.0006507341520925869
PIATE,PIATE,0.0018159389513930561,0.0050726973392786106,0.004272109688949776,0.9883410810332167,0.0004981729871620092
PIATE,PIATE,0.001794183146333547,0.004955495028578489,0.004266474389433447,0.9884917079385609,0.0004921394970937265
PIATE,PIATE,0.0019739064598098387,0.0049140080518536855,0.004697278672448963,0.9877822731367653,0.0006325336791222809
PIATE,PIATE,0.00251475568774868,0.002418681248837983,0.003738100584584121,0.9908193347289024,0.0005091277499267906
PIATE,PIATE,0.0028725831583244895,0.0027451736266248476,0.00399675653445298,0.9898226535699998,0.0005628331105979978
PIATE,PIATE,0.006361388597413418,0.01483041321068475,0.007960082270458937,0.9698330697979415,0.0010150461235012764
PIATE,PIATE,0.0021836399864900197,0.0037778027787135886,0.004262354969605598,0.9891437726548191,0.0006324296103717244
PIATE,PIATE,0.002756089488934065,0.003088060158183139,0.004016973131175143,0.9894838939203942,0.0006549833013133991
PIATE,PIATE,0.1878006647588691,0.1178638556104414,0.040370909469725214,0.6474532068642785,0.0065113632966856535
PIATE,PIATE,0.001873128161449679,0.005486186491946557,0.0045019374118239475,0.9876134426168884,0.0005253053178914912
PIATE,PIATE,0.00398781787566564,0.01151422129376327,0.010770504594139245,0.972776462790449,0.0009509934459827956
PIATE,PIATE,0.001896325592850467,0.005427371379429042,0.004401761005298859,0.9877489825848754,0.0005255594375462577
PIATE,PIATE,0.0021037586309383695,0.005336270894385574,0.004526158098095661,0.9873806325352963,0.0006531798412841584
PIATE,PIATE,0.0019725299095598964,0.004617261106554018,0.004296298254075371,0.9884827574319364,0.000631153297874435
PIATE,PIATE,0.0020954889196968477,0.004778232595978312,0.004796915083581546,0.9876429412922546,0.0006864221084885649
PIATE,PIATE,0.001973637218773378,0.004615040015205376,0.0042923951281469575,0.9884866374616155,0.0006322901762587491
PIATE,PIATE,0.001964874764737099,0.0048480524757321284,0.004359172128593145,0.9881869755416183,0.0006409250893194058
PIATE,PIATE,0.0018353823154031242,0.004282654209776937,0.004354360449343921,0.9888989629791507,0.0006286400463253846
PIATE,PIATE,0.0019941856933996405,0.004875691303168707,0.004265251587388499,0.9882193302164852,0.0006455411995578489
PIATE,PIATE,0.0019292452000705391,0.004551587573623024,0.004352898632109445,0.9885437165999928,0.0006225519942042442
PIATE,PIATE,0.0018083914825805618,0.0042583441007694334,0.004450208642748308,0.9888589158229565,0.0006241399509452477
PIATE,PIATE,0.0017446229768728085,0.0034607117257664777,0.0034282029145486803,0.990929204935681,0.00043725744713103476
PIATE,PIATE,0.0019864271734373715,0.005011709516944918,0.004678523473878662,0.9876774753854555,0.0006458644502835508
PIATE,PIATE,0.02209466261885164,0.01454431876110817,0.0651129129320346,0.8741696557557228,0.024078449932282777
PIATE,PIATE,0.0036593494188986433,0.0030453268951600035,0.017258547057638036,0.9729383971601375,0.0030983794681656894
PIATE,PIATE,0.006564637958894431,0.004345468100839561,0.02884407571217459,0.9536141724084318,0.006631645819659491
PIATE,PIATE,0.006876477138394134,0.004512392369387672,0.02979297928885761,0.9513758801432494,0.007442271060111237
PIATE,PIATE,0.005159130275098694,0.0034647490063568387,0.019183361554478456,0.9654335317891901,0.006759227374875802
PIATE,PIAAT,0.35695818063727386,0.04480437374698367,0.3244652950724965,0.07984846752790822,0.19392368301533774
PIATE,PIATE,0.061699589513229375,0.02260432217065326,0.1642943725249356,0.688979119081288,0.06242259670989393
PIATE,PIATE,0.0851952315221526,0.018450794444780125,0.16902275046591422,0.652750578235867,0.07458064533128601
PIATE,PIATE,0.04787969687208688,0.027823964273106738,0.2099140866661426,0.6740921724035508,0.04029007978511286
PIATE,PIATE,0.037490367879642404,0.014711285483618537,0.15931655361152428,0.7593903447222944,0.029091448302920223
PIATE,PIARA,0.3303665834877097,0.04395962994940248,0.38999814598384563,0.07221614716346314,0.16345949341557908
PIATE,PIATE,0.061276360132860565,0.009489053696430305,0.07218595471410459,0.8078986138413217,0.04915001761528295
PIATE,PIARA,0.32087108827774724,0.02252617402938202,0.3315732784543439,0.1647559190991684,0.1602735401393585
PIATE,PIATE,0.05061058696062753,0.010027531038691816,0.0834997801546863,0.7988991771049283,0.05696292474106614
PIATE,PIATE,0.033714611720432955,0.002325870193973387,0.01466197658450257,0.9425888990087108,0.006708642492380313
PIATE,PIAAT,0.42443874612687704,0.010262784957592573,0.4013817811592603,0.08162043477289013,0.0822962529833798
PIATE,PIARA,0.08607622010110214,0.012104804208622639,0.529446250160536,0.33122958221150134,0.041143143318237825
PIATE,PIAAT,0.4797574684465617,0.01892995736064258,0.3613353216305511,0.042871747463881595,0.09710550509836313
PIATE,PIAVE,0.09090739802325243,0.04357172226278702,0.06413607067561619,0.020457373819416164,0.7809274352189282
PIATE,PIAAT,0.3798371794132314,0.024485840726955876,0.34587205070327504,0.10224879012520846,0.14755613903132928
PIATE,PIATE,0.18389962790533754,0.010565891533510712,0.04665936143209405,0.7049997554419066,0.053875363687150984
PIATE,PIATE,0.0036992548374139614,0.0019145757276351053,0.006052926464966782,0.9862811411654214,0.002052101804562742
PIATE,PIARA,0.19706644642064233,0.012489276718066922,0.5896314370145478,0.09673380074216167,0.10407903910458129
PIATE,PIATE,0.024506300409450912,0.0065653627724571,0.037562377529787264,0.9172937464596727,0.014072212828632219
PIATE,PIAVE,0.10607491513685588,0.05081607139841682,0.07853701624659486,0.029638330818908945,0.7349336663992236
PIATE,PIATE,0.24891417884833475,0.016664648276012318,0.07898670340100902,0.506172933283866,0.14926153619077795
PIATE,PIATE,0.13915735632922832,0.006892569787032536,0.03125383487289578,0.5218662513530725,0.3008299876577708
PIATE,PIATE,0.07920761675211631,0.010169125067252056,0.06619789360565516,0.7507163486613306,0.09370901591364585
PIATE,PIATE,0.009484717787210273,0.00495118169828878,0.03133130847857562,0.9413685339652127,0.012864258070712512
PIATE,PIATE,0.014294663239618966,0.007366511541236178,0.03912337391228941,0.9199285778470879,0.019286873459767418
PIATE,PIATE,0.007708988688817025,0.004569895282469508,0.024094721434890724,0.9549513947993834,0.008674999794439312
PIATE,PIATE,0.009600511437111952,0.004983594891143729,0.025066847391334312,0.9468733552180545,0.013475691062355518
PIATE,PIATE,0.14479339045926515,0.011520736243845944,0.0629461053410553,0.7000608026358845,0.08067896531994898
PIATE,PIATE,0.035009700583933746,0.010081967034873756,0.06428947956354479,0.8665371398962001,0.024081712921447725
PIATE,PIATE,0.03399472238814872,0.007166314627065033,0.04728198156020316,0.8903326163405858,0.021224365083997145
PIATE,PIATE,0.007524301889069634,0.003465326474470036,0.012337982446720895,0.9679661300309897,0.008706259158749593
PIATE,PIATE,0.19784926794625227,0.010662099607933915,0.060432076080657794,0.6812367293138979,0.04981982705125822
PIATE,PIATE,0.01377020542202257,0.004470967376755543,0.02276631698734874,0.9468504945865505,0.01214201562732281
PIATE,PIATE,0.019143416940649506,0.00448683837042772,0.022165564430705633,0.9412828499545013,0.01292133030371586
PIATE,PIATE,0.004740329347805023,0.0022075253346661005,0.008350391128281488,0.9817326214216008,0.0029691327676467727
PIATE,PIATE,0.04510298736013446,0.021833315705696917,0.21262264937733802,0.7159655995953113,0.004475447961519276
PIATE,PIATE,0.054730740452060826,0.014147345736442322,0.11077311712336428,0.8129162232500206,0.007432573438111913
PIATE,PIATE,0.05762869528397728,0.01427645038614648,0.11280256613986427,0.8070321383063502,0.008260149883661748
PIATE,PIATE,0.021625054316943896,0.01399526690199875,0.12958943857727334,0.8313599829442768,0.0034302572595071986
PIATE,PIATE,0.014921586806200766,0.016365704043904784,0.13241722096985317,0.8331005874147545,0.003194900765286847
PIATE,PIATE,0.017093499785647073,0.021239990917993074,0.1655378379946397,0.7921670980655594,0.003961573236160763
PIATE,PIATE,0.020651793307435044,0.024730305051329268,0.1883887780199055,0.761441504272588,0.004787619348742222
PIATE,PIATE,0.01053857198313804,0.01711658723860718,0.14888497252262445,0.8205405809583693,0.002919287297260948
PIATE,PIATE,0.025083604846975374,0.019541389932406446,0.17282823741054532,0.7784663901818898,0.00408037762818299
PIATE,PIATE,0.016295485781004114,0.02315789813249913,0.1814288284704823,0.7757102550550159,0.0034075325609985666
PIATE,PIATE,0.014765025639310482,0.011343743201362487,0.11450292420674546,0.8559651944346971,0.003423112517884599
PIATE,PIATE,0.03797774214851912,0.011827791018236078,0.08487632116883422,0.8592299237037793,0.006088221960631243
PIATE,PIATE,0.04949248131634541,0.012582504151016959,0.1012812707077288,0.8293560687936135,0.0072876750312953036
PIATE,PIATE,0.056577150291862575,0.013391265848388205,0.10708400588469372,0.815279326391705,0.007668251583350458
PIATE,PIATE,0.017657513884032652,0.007259795534147586,0.0547159515997643,0.9174778481179183,0.0028888908641371194
PIATE,PIATE,0.037273586355592005,0.011861091373838372,0.08168079181390446,0.863795211663215,0.005389318793450114
PIATE,PIATE,0.06596409577660133,0.015975791083344282,0.13191892868445476,0.7769210882706682,0.009220096184931461
PIATE,PIATE,0.045104899247429636,0.012288743953860582,0.10632042924293143,0.8201377738951765,0.016148153660601676
PIATE,PIATE,0.015402706205830587,0.013628145636794922,0.12670921596449877,0.8415704170516516,0.002689515141224035
PIATE,PIATE,0.012626592620988947,0.01114769319939216,0.10494361120088372,0.8688859996748245,0.002396103303910732
PIATE,PIATE,0.02631410383167128,0.009812505123836775,0.07411495174901188,0.8870194201450878,0.0027390191503923185
PIATE,PIATE,0.0031627527487578457,0.08201305700056155,0.041952934062146806,0.8710395537511753,0.0018317024373584359
PIATE,PIATE,0.011351653346397594,0.24444863930722285,0.09042383242488466,0.6481801261238053,0.0055957487976897105
PIATE,PIATE,0.014540945611862968,0.011994151917607113,0.12338308807949931,0.8472449391331126,0.002836875257918033
PIATE,PIATE,0.014667187385099255,0.015651191358622155,0.16485498541089028,0.8019428351200771,0.0028838007253111494
PIATE,PIATE,0.02413728384759998,0.014608154245628916,0.19796899794482184,0.7594446559765965,0.003840907985352715
PIATE,PIATE,0.0133388223277557,0.016139117252693264,0.15873621483568975,0.8088762229830514,0.0029096226008098964
PIATE,PIATE,0.02336639654410808,0.010515776491715407,0.08770777274445409,0.8756858621092324,0.0027241921104901134
PIATE,PIATE,0.010595560432471162,0.006675019061134437,0.07515920615835188,0.9054026558611333,0.0021675584869090742
PIATE,PIATE,0.05037530965185986,0.017478195936650957,0.11145776536012963,0.8119732887962292,0.008715440255130352
PIATE,PIATE,0.016581390740628914,0.023205638623603624,0.19644042694410413,0.7606344448559413,0.00313809883572199
PIATE,PIATE,0.0154564392778282,0.014813751386655841,0.23715483328365333,0.7292639042116168,0.0033110718402458977
PIATE,PIATE,0.011910078173746525,0.012767864768872685,0.2811996205334177,0.6915331455904761,0.002589290933487005
PIATE,PIATE,0.011002459419307675,0.012676665040597774,0.18385907310071517,0.7895457245934512,0.0029160778459283924
PIATE,PIATE,0.009898916850353448,0.01087169720049572,0.14795313793849243,0.8293568014397414,0.0019194465709170701
PIATE,PIATE,0.009891212294926949,0.008079022271551117,0.09732937883231756,0.8828577612357041,0.0018426253655002092
PIATE,PIATE,0.021841175023273485,0.00959650007936876,0.0876285195432264,0.8782390039832824,0.00269480137084899
PIATE,PIATE,0.021013054480055773,0.018047668861028914,0.17996631229630985,0.7778352747406491,0.003137689621956299
PIATE,PIATE,0.004414023514495865,0.010079818411635823,0.07292417281936024,0.9108977784727398,0.0016842067817682633
PIATE,PIATE,0.01201680551719312,0.01565455638618486,0.14588883109890838,0.823643514274242,0.002796292723471597
PIATE,PIATE,0.007618425398342394,0.01364201033171668,0.03090913921799793,0.9454601140968057,0.0023703109551372866
PIATE,PIATE,0.007575521652506343,0.013654034089695817,0.03707500466501228,0.939300934196564,0.0023945053962216895
PIATE,PIATE,0.01322940862078702,0.0346235417757624,0.14415862016274408,0.8026514919621432,0.005336937478563218
PIATE,PIATE,0.004486849752573923,0.008694922223193582,0.020833152418902715,0.964718082071701,0.0012669935336288246
PIATE,PIATE,0.011159596660834308,0.02816277456296858,0.11388840226879383,0.8424589269855118,0.004330299521891494
PIATE,PIATE,0.005467600193949112,0.01420795358287504,0.02781117020916845,0.9503073482077512,0.002205927806256235
PIATE,PIATE,0.004219571005550802,0.011209916619772279,0.024846722865279548,0.958306964745735,0.0014168247636624789
PIATE,PIATE,0.014270934718373193,0.021258194001627605,0.04563640649553468,0.9143224488857082,0.004512015898756098
PIATE,PIALE,0.04048577950839481,0.3844260036201127,0.2597336829216279,0.2971988630757696,0.01815567087409496
PIATE,PIALE,0.05047445642899609,0.37797546562294165,0.2401035270704586,0.31467709893210866,0.016769451945494954
PIATE,PIARA,0.03467387758246204,0.2196630611812083,0.3899478017299232,0.3412385699769711,0.014476689529435382
PIATE,PIATE,0.04422111851002576,0.17536445635854456,0.2129983556728938,0.5438857779378171,0.023530291520718817
PIATE,PIATE,0.012109796249150068,0.032144846765240626,0.10794241793565199,0.8430036977487732,0.004799241301184127
PIATE,PIATE,0.007612382523162634,0.01913746176558463,0.04222052582197011,0.9280469860032367,0.002982643886046034
PIATE,PIATE,0.006023831524557651,0.017149297523863776,0.03626450469759718,0.9380728724494888,0.0024894938044927933
PIATE,PIATE,0.01331105320995096,0.03526817578889035,0.1522902303286279,0.7941038118696822,0.00502672880284859
PIATE,PIATE,0.006628472985944137,0.017009101238900367,0.04913699483739968,0.9244520749212283,0.0027733560165274936
PIATE,PIATE,0.01625110990243229,0.04462765452718752,0.16462325051101662,0.7683120038869505,0.006185981172413117
PIATE,PIATE,0.04481753771720948,0.15024084325288792,0.08688740123624544,0.7075886072863873,0.010465610507269893
PIATE,PIATE,0.019792566792716747,0.05206339296615507,0.3154937015662188,0.6049391982926733,0.007711140382236059
PIATE,PIATE,0.018558045231416742,0.039613352233502666,0.12423898652576726,0.8115775299614258,0.006012086047887447
PIATE,PIATE,0.010212834628363856,0.029616387547618788,0.10730771800704594,0.8485900001727621,0.004273059644209297
PIATE,PIATE,0.010009123059808082,0.03766814478640033,0.038659498256830974,0.910169199501632,0.003494034395328642
PIATE,PIATE,0.005546578460417035,0.014084082576639722,0.027076832443771143,0.9512200565110578,0.0020724500081143716
PIATE,PIATE,0.01316084917238723,0.039164493090047256,0.14548900023673772,0.7972356568173372,0.004950000683490452
PIATE,PIATE,0.013201753061219183,0.027090933967534137,0.08887798935435774,0.8666846055165058,0.004144718100383051
PIATE,PIATE,0.005698984511098163,0.011483837026908292,0.026461030780586713,0.9547008961781197,0.0016552515032870218
PIATE,PIATE,0.03607812821836203,0.0983045317032324,0.08280952904140124,0.776639235338866,0.00616857569813828
PIATE,PIATE,0.008877392372436073,0.023616320493197663,0.029006932427475134,0.9357315082411732,0.0027678464657180575
PIATE,PIALE,0.040664752124688494,0.4411696919351931,0.10314090312142091,0.403931155810666,0.011093497008031427
PIATE,PIATE,0.019575031886299516,0.09185361220546269,0.08283566046262711,0.8002724124861604,0.005463282959450224
PIATE,PIATE,0.03405523517183537,0.28910313890848893,0.06850108884506616,0.6021347301721397,0.006205806902469909
PIATE,PIATE,0.00517000502309045,0.015381433133250088,0.03773056723497556,0.9395013327799984,0.0022166618286854805
PIATE,PIATE,0.05898070828121474,0.03561321428086933,0.050401635991203834,0.8454351933917582,0.00956924805495389
PIATE,PIATE,0.008039927073304583,0.03425936242742015,0.07104556694611217,0.8838383005122572,0.002816843040905976
PIATE,PIATE,0.008131517038760692,0.031199066380264078,0.032597842290844864,0.9256686618563996,0.0024029124337307016
PIATE,PIATE,0.0044024374535669075,0.013076824494899601,0.031245879343246814,0.9497220299441237,0.0015528287641628277
PIATE,PIATE,0.03206500686421196,0.1516725115772506,0.14941973379741666,0.6603371016082478,0.006505646152872856
PIATE,PIALE,0.06144222407585237,0.4563191307637425,0.13883279871312593,0.32724891695725017,0.016156929490029153
PIATE,PIALE,0.06436575500501059,0.44050670761271465,0.06615024756872166,0.4157135122938125,0.013263777519740531
PIATE,PIATE,0.012549134963525253,0.021459201568935913,0.04347621314448056,0.919831708204164,0.002683742118894198
PIATE,PIATE,0.014246594430608541,0.03478636252645422,0.07522163028011028,0.8722320826231392,0.0035133301396878262
PIATE,PIALE,0.11344912280309674,0.42754570633026456,0.08521584960861145,0.35621701349969415,0.017572307758332913
PIATE,PIATE,0.0414266595098047,0.3862720666286144,0.09705260737016173,0.4674121605018852,0.007836505989533914
PIATE,PIARA,0.016795620293132363,0.05012342345212353,0.672920800212044,0.2566828111079789,0.0034773449347211154
PIATE,PIATE,0.04090051481678878,0.4147322382670513,0.09692798699510782,0.43821281605122453,0.00922644386982754
PIATE,PIATE,0.007887639627943194,0.020287835455356437,0.049873043246268615,0.9189342311964195,0.0030172504740122925
PIATE,PIATE,0.036583971467555175,0.1792795160965677,0.044546621792563725,0.7320341589418964,0.00755573170141709
PIATE,PIATE,0.03233089306004138,0.131126526430854,0.03952698010135613,0.7908101802192204,0.006205420188528039
PIATE,PIATE,0.006901375687223122,0.0132564263589354,0.03131001822727586,0.9463057824728841,0.0022263972536816176
PIATE,PIATE,0.06458397734975631,0.012885941583562285,0.054397960196010633,0.8618836650788452,0.0062484557918255045
PIATE,PIATE,0.02682831936922638,0.005179370808461673,0.056757266006124706,0.9046645889912017,0.006570454824985377
PIATE,PIARA,0.05185058321286132,0.01373394402866801,0.45697487776560314,0.3949710927495474,0.08246950224332009
PIATE,PIATE,0.028388501033202024,0.01919448826913057,0.3218544675518585,0.6229574136328337,0.00760512951297514
PIATE,PIATE,0.06230476258552975,0.020573479558912772,0.327124790368211,0.4853911196677831,0.10460584781956325
PIATE,PIAVE,0.0849133999340701,0.041699603322224915,0.18472290896310434,0.10183022864544441,0.5868338591351563
PIATE,PIARA,0.022913203810877084,0.07160593842830407,0.5388355683796718,0.3230733643969837,0.04357192498416339
PIATE,PIAVE,0.14858886379231104,0.03634828104425068,0.22554840384850797,0.17271629090054053,0.4167981604143898
PIATE,PIARA,0.06337098405364028,0.043409467194805325,0.6942503736501009,0.128741245050427,0.07022793005102647
PIATE,PIARA,0.1959649216847934,0.04794715369268535,0.5291995441172243,0.07927628605116722,0.14761209445412976
PIATE,PIAVE,0.1639106776738898,0.05624109781428431,0.2685661536636596,0.17652808837162637,0.33475398247653987
PIATE,PIARA,0.10180800324280233,0.05737770625037512,0.6166940980695264,0.12635892132930218,0.09776127110799411
PIATE,PIARA,0.053731934801107196,0.02244275235773136,0.7334176033412153,0.10614612316633686,0.08426158633360936
PIATE,PIARA,0.1718144898202448,0.043362206845922284,0.5693155321074316,0.10869878348686184,0.10680898773953938
PIATE,PIARA,0.11520003331105387,0.10178303400878254,0.41664007081450943,0.1623476880137649,0.20402917385188937
PIATE,PIARA,0.038534809025206666,0.012713220706280946,0.4593886518353232,0.37099478930575225,0.1183685291274369
PIATE,PIATE,0.0598923470448675,0.0065210752398277595,0.1487089650078444,0.761816024687504,0.023061588019956347
PIATE,PIATE,0.03494802984596239,0.006917322801102224,0.07278701520526994,0.8658963973440098,0.019451234803655525
PIATE,PIARA,0.0585876182916396,0.04060610359082553,0.5173505548384106,0.35387591176157274,0.02957981151755162
PIATE,PIARA,0.06942264085877085,0.030137588924652566,0.519891875021599,0.3315232188578339,0.04902467633714369
PIATE,PIARA,0.04808571950623473,0.0818894163098869,0.606352818082362,0.23481708028327755,0.028854965818238792
PIATE,PIATE,0.08767916551947613,0.06692748050390833,0.3767764120267232,0.4020618306861034,0.0665551112637889
PIATE,PIATE,0.14198231138666484,0.027592907007161944,0.332249590300568,0.4704163382141437,0.027758853091461557
PIATE,PIATE,0.11319889525854797,0.04490093703698892,0.2310600593233887,0.6023988734438354,0.008441234937239042
PIATE,PIATE,0.039360901183487826,0.04292808338872883,0.4337284402275499,0.4341005341985612,0.049882041001672275
PIATE,PIARA,0.021096208949025717,0.038757397360348216,0.605475922212973,0.3155800736610973,0.019090397816555842
PIATE,PIATE,0.04609580278899913,0.017867043806021353,0.25150376012820935,0.6628594398337094,0.02167395344306078
PIATE,PIARA,0.07641415250099376,0.04022131505890029,0.6777046367450266,0.11075973643782583,0.0949001592572535
PIATE,PIATE,0.03776107967323641,0.08911578724539278,0.3928062665633784,0.4369874503869972,0.043329416130995196
PIATE,PIARA,0.2247950466724395,0.09517469092723806,0.3019450534055291,0.15285967628887004,0.2252255327059233
PIATE,PIATE,0.13673183894436589,0.014624961051593936,0.0724145496833138,0.645127681991838,0.13110096832888835
PIATE,PIATE,0.10687193960790817,0.024603357480659175,0.2914523169774639,0.532645516925055,0.04442686900891383
PIATE,PIATE,0.07812551143876524,0.06009538082093473,0.3345235012862928,0.4691308234191396,0.058124783034867664
PIATE,PIARA,0.06705143533668045,0.03153812524712176,0.4421095865821721,0.38559524066946954,0.07370561216455611
PIATE,PIARA,0.038085176005565866,0.04092064345142596,0.6217196450310433,0.28126049415842913,0.01801404135353582
PIATE,PIATE,0.07640134375900501,0.040939257547145176,0.36789930708757146,0.46174381632427636,0.053016275282001986
PIATE,PIARA,0.23033526486033312,0.04173854429894827,0.4560829147088667,0.13185198483473182,0.13999129129712015
PIATE,PIARA,0.2440229169098677,0.01204813302691737,0.4963503146055805,0.20911036818501288,0.0384682672726215
PIATE,PIARA,0.03697310609303489,0.021705555325173313,0.7940712129635737,0.13362900269855912,0.013621122919659095
PIATE,PIATE,0.034937956935527315,0.008513228530808605,0.07912017159889821,0.8717218684486367,0.005706774486129129
PIATE,PIATE,0.07846635594058966,0.014474241012380491,0.010905042226474102,0.8918271034563602,0.004327257364195676
PIATE,PIATE,0.25783223394381555,0.0068039105845674975,0.06767864613026303,0.6513598429294777,0.016325366411876114
PIATE,PIATE,0.07376970206354035,0.007233460518628705,0.012907889615884575,0.8821243898307273,0.023964557971219155
PIATE,PIATE,0.008159184624299837,0.005637961194635956,0.10473112560528475,0.8742371115273896,0.007234617048389947
PIATE,PIATE,0.06867933961435052,0.011976039736030931,0.11761737357301852,0.7808040236246556,0.020923223451944504
PIATE,PIATE,0.03421098219576948,0.029820041340722803,0.19592340630901145,0.6500113998409374,0.09003417031355891
PIATE,PIATE,0.03255433261861929,0.038457255735647074,0.2739872810539832,0.4931471359343274,0.16185399465742303
PIATE,PIATE,0.007001537156840884,0.03276198473417083,0.2736800681679617,0.6621037573956033,0.02445265254542331
PIATE,PIATE,0.05592287662306898,0.012425898950537676,0.14803332161607144,0.7218201587404787,0.06179774406984308
PIATE,PIATE,0.03776861721783954,0.011187662923668854,0.11378605934251702,0.6864458812278543,0.15081177928812023
PIATE,PIATE,0.40144450095235223,0.01878978836938366,0.03634154140401637,0.5323174481248472,0.011106721149400478
PIATE,PIATE,0.15101836673039148,0.01024747855727997,0.08598620315993526,0.7461425447754187,0.006605406776974588
PIATE,PIATE,0.16551002420683283,0.016718257837275836,0.20258306310974927,0.5012847773437159,0.11390387750242613
PIATE,PIAAT,0.5521833220187226,0.016614570564610277,0.029732078142400295,0.38579798069963517,0.015672048574631746
PIATE,PIATE,0.2558254683757619,0.02082442857856408,0.1758409814837205,0.4366817611510999,0.11082736041085364
PIATE,PIATE,0.01644795586689895,0.015566578142403361,0.092717190660053,0.8476185446324919,0.02764973069815274
PIATE,PIATE,0.012120751095890536,0.02883424424389635,0.12489421841139978,0.7959406419493602,0.03821014429945299
PIATE,PIATE,0.029101824154567545,0.03596680255042098,0.217387809928013,0.4502667440841064,0.26727681928289204
PIATE,PIATE,0.01077234043614432,0.04407451368038599,0.07996401461382525,0.8484340816023975,0.01675504966724688
PIATE,PIATE,0.0054220135489199146,0.00974245978915539,0.06016428089665713,0.9138222517648268,0.010848994000440907
PIATE,PIATE,0.03388994870163757,0.01014504709322194,0.09255389838360742,0.8254038792973212,0.038007226524212005
PIATE,PIATE,0.08246773397947246,0.015578315072228479,0.09442743272713729,0.7333618488976761,0.07416466932348562
PIATE,PIATE,0.07297458686623888,0.00663776855862232,0.08194401322747813,0.8345229705237328,0.003920660823927928
PIATE,PIATE,0.06286950441140715,0.005323470715864727,0.0488232657405456,0.8798283075318827,0.003155451600299935
PIATE,PIATE,0.02674796060691881,0.009735292052721457,0.2746879329696222,0.6594833779669278,0.02934543640380964
PIATE,PIATE,0.12420068838703109,0.0153724309288364,0.1680083449887864,0.6739327013151087,0.018485834380237473
PIATE,PIATE,0.01000112695136148,0.02529438662136774,0.3444742257208596,0.6122186022258135,0.008011658480597629
PIATE,PIAVE,0.04747965110194286,0.00974652719742337,0.10380560453196241,0.35407046807223214,0.4848977490964391
PIATE,PIATE,0.039964692139105064,0.011670931571560244,0.081312216606591,0.8152575921765347,0.05179456750620898
PIATE,PIATE,0.007599327620907894,0.013764748000637282,0.07717402387799699,0.8978330316831445,0.0036288688173132695
PIATE,PIARA,0.17936927605514644,0.14922002580481006,0.26399947411708863,0.19758581754724017,0.20982540647571474
PIATE,PIARA,0.12466296507970528,0.19715301960001358,0.3043964527540863,0.14373227620725698,0.23005528635893785
PIATE,PIATE,0.10559763372797737,0.2317531105258589,0.17512651547320357,0.4025059480683813,0.08501679220457893
PIATE,PIARA,0.07493578051288788,0.17637682407984698,0.348990845591544,0.22215050355948013,0.17754604625624099
PIATE,PIAVE,0.050477959627184286,0.0521133120035995,0.3105891421804877,0.2171253150038736,0.3696942711848549
PIATE,PIATE,0.07977721096012909,0.08690711470650739,0.2685375258288554,0.4136901268135991,0.15108802169090896
PIATE,PIAVE,0.048835452487430646,0.03819354598699785,0.19765033217471845,0.22262631335283425,0.4926943559980188
PIATE,PIAVE,0.060457391102206465,0.06807772337254701,0.24980923464141433,0.30863990736534547,0.3130157435184867
PIATE,PIAVE,0.09155011401086181,0.06366349760957421,0.2747276623658493,0.21718372882350354,0.35287499719021115
PIATE,PIARA,0.08852896182030551,0.06313477459911486,0.35882169393068253,0.1691878950385322,0.32032667461136494
PIATE,PIAVE,0.04626064608505067,0.028614959265154505,0.18615986781000365,0.07818404009559105,0.6607804867442001
PIATE,PIAVE,0.07797563114917634,0.0335486154469166,0.16926787916057995,0.14056071993199185,0.5786471543113353
PIATE,PIAVE,0.06984313000506923,0.18996210038999106,0.2732930085681055,0.19359494052960793,0.2733068205072262
PIATE,PIATE,0.041713875913075085,0.021021631907152973,0.11259667169004499,0.6207501004782209,0.20391772001150607
PIATE,PIAVE,0.042747363843675334,0.016872076181535023,0.14164652282049728,0.31719513735615595,0.4815388997981364
PIATE,PIARA,0.08328290808395065,0.05720154189823671,0.366493978427047,0.1600886066719839,0.33293296491878177
PIATE,PIARA,0.08473743210371036,0.06948708607790063,0.37944099963967653,0.20366661538598477,0.2626678667927276
PIATE,PIATE,0.03023933958408895,0.03541986747300128,0.264823178059241,0.38937875887949874,0.28013885600417004
PIATE,PIATE,0.010874410183294268,0.015787750477317616,0.1000137142073791,0.8449316342992403,0.02839249083276859
PIATE,PIATE,0.01752989503489739,0.07116382336310238,0.2788195327068162,0.5238025852519305,0.10868416364325356
PIATE,PIARA,0.036368055195845204,0.24071666813309497,0.6045835864542276,0.1027589225457224,0.015572767671109825
PIATE,PIALE,0.023852762151899763,0.43434648036380125,0.4215682563870856,0.0761987577121484,0.044033743385065195
PIATE,PIARA,0.028376555313958492,0.3737343982767019,0.4826807775057779,0.10036629675728603,0.014841972146275605
PIATE,PIARA,0.05688432781061174,0.07659781518715074,0.5160223899441085,0.3358505768306435,0.014644890227485493
PIATE,PIARA,0.04666669097044304,0.0914028742419992,0.50365600408369,0.33922278528087946,0.019051645422988334
PIATE,PIARA,0.03833725677114918,0.13011762760468734,0.577311620011307,0.22473472018976584,0.02949877542309061
PIATE,PIATE,0.05547256460140551,0.07442620886404602,0.4176687789078068,0.43273403042160363,0.019698417205137916
PIATE,PIARA,0.044358485247374006,0.09698772264731499,0.7772545031084839,0.06898830395571987,0.012410985041107409
PIATE,PIARA,0.0951851246649859,0.1253628952855803,0.5025262182357508,0.2521657434974767,0.024760018316206292
PIATE,PIARA,0.03727879428320294,0.24899623962106643,0.5633152611366485,0.1357188660858445,0.014690838873237686
PIATE,PIARA,0.0232158225750027,0.41403273389791817,0.5115715375447224,0.040961139511387565,0.010218766470969164
PIATE,PIARA,0.05607616150919502,0.09708363983961069,0.5972889296127672,0.24200652225716265,0.0075447467812642995
PIATE,PIARA,0.03226762531302426,0.24351714016979778,0.6354557073713989,0.08097243673110571,0.00778709041467338
PIATE,PIARA,0.030101604389518304,0.3604741137719288,0.5224632326593551,0.07121045723314498,0.015750591946052765
PIATE,PIALE,0.03492626806345439,0.5005632709900499,0.3932859523296791,0.060000141550027905,0.011224367066788721
PIATE,PIARA,0.0540799658040146,0.08749298955117936,0.5434828222005326,0.2989358604366822,0.01600836200759116
PIATE,PIARA,0.04256905768857211,0.14008150071669176,0.5299787454443105,0.23875226803042465,0.048618428120001125
PIATE,PIATE,0.027255618278887152,0.03539873204309282,0.08930986901935688,0.8027324286263132,0.04530335203234987
PIATE,PIARA,0.02632000406857946,0.371549476492588,0.5343327954178851,0.056881556948016915,0.010916167072930567
PIATE,PIARA,0.03765970513158939,0.2567122386325649,0.6489173528946094,0.05226264897911974,0.004448054362116683
PIATE,PIARA,0.044873785305125195,0.17082879056783098,0.5688501835384331,0.20713182771819186,0.0083154128704189
PIATE,PIARA,0.049034841417831675,0.23660982312072498,0.5669039731722307,0.13501741893323846,0.012433943355974251
PIATE,PIARA,0.03618101692638853,0.11147482179072832,0.6747500659171154,0.1700792535754659,0.0075148417903018044
PIATE,PIARA,0.05029000121557302,0.05733738699584202,0.569101535664203,0.31120821038978225,0.012062865734599717
PIATE,PIARA,0.04738874880326715,0.2584145782369799,0.49042108203648,0.16535930414763989,0.03841628677563313
PIATE,PIARA,0.03900848592137056,0.06799098244696271,0.5098096893840284,0.3526222587656817,0.0305685834819567
PIATE,PIATE,0.0332161187987765,0.01982496536474025,0.12248988421975925,0.8082916477735109,0.016177383843213114
PIATE,PIARA,0.05306223754575804,0.0781975571961901,0.5043670623986773,0.3526478052809476,0.011725337578426918
PIATE,PIATE,0.05237359423641616,0.06261797499087259,0.3790900976642782,0.493936050769087,0.011982282339346242
PIATE,PIARA,0.053347265706250195,0.20783901456972506,0.6657284625472345,0.06657388675848913,0.006511370418301041
PIATE,PIALE,0.011392784786056237,0.6811683756221699,0.2991096365946698,0.006157164065758682,0.0021720389313453214
PIATE,PIALE,0.0019250398978454316,0.9535989242599799,0.03754493538058346,0.003810304802172408,0.003120795659418705
PIATE,PIALE,0.011441977468059151,0.7393394230494345,0.2414546008365567,0.006014523475058497,0.0017494751708911926
PIATE,PIALE,0.002084586317192596,0.9541925562264576,0.035603699425148065,0.0031681285499263637,0.004951029481275518
PIATE,PIARA,0.006167315345588666,0.2831741181263374,0.7014711822600089,0.007683256860504497,0.0015041274075604746
PIATE,PIARA,0.003704167578534559,0.4143756687746241,0.5729215693270865,0.00729930561556396,0.0016992887041908434
PIATE,PIALE,0.012843001415616017,0.7217861096159203,0.22710317313400913,0.02230837717229698,0.015959338662157534
PIATE,PIARA,0.007020633230184664,0.47203380285910473,0.5114136570930555,0.0070301797013776505,0.0025017271162774916
PIATE,PIARA,0.007061678914847551,0.48644576052476574,0.4996831654019495,0.005310441266123632,0.0014989538923135262
PIATE,PIALE,0.0024814514254260607,0.9288061910342049,0.04528911173196478,0.012512819865293843,0.010910425943110542
PIATE,PIARA,0.009413689585755745,0.4802448233593097,0.5003762957443697,0.007610509656692074,0.0023546816538728204
PIATE,PIALE,0.012289871338540773,0.8025056269140092,0.1502689171778953,0.017119094872976887,0.017816489696577953
PIATE,PIALE,0.004268631475576915,0.9142819194359416,0.051554541636395425,0.005644228760993395,0.024250678691092722
PIATE,PIALE,0.008460971592228696,0.6834761596158216,0.29816817095360443,0.006441747013280584,0.00345295082506459
PIATE,PIALE,0.007888727567035694,0.8595643391933667,0.11718527644223499,0.00819884919518703,0.007162807602175745
PIATE,PIALE,0.010538839820957028,0.5594472191766406,0.4193167650015387,0.007983478074729551,0.0027136979261343287
PIATE,PIALE,0.009125733826920616,0.688686962839541,0.29377386238630737,0.006365361393872941,0.002048079553358024
PIATE,PIARA,0.07912292085204642,0.40362565341874834,0.43708065621836284,0.07139789615889577,0.008772873351946662
PIATE,PIALE,0.008699835350059764,0.6734534839749845,0.3047020238679512,0.008786682518630282,0.004357974288374274
PIATE,PIALE,0.0051479964777251235,0.8631380122501779,0.1222204083357625,0.005943906211485559,0.003549676724848954
PIATE,PIATE,0.0029429263123287464,0.006625737870648015,0.018080897709011147,0.9661732350950976,0.0061772030129146555
PIATE,PIATE,0.0023822104498564594,0.0028154828828063742,0.012341429433384843,0.9784541238732162,0.004006753360736164
PIATE,PIATE,0.004743329529218638,0.006166835777126472,0.021840496431369476,0.9628892869031592,0.004360051359126159
PIATE,PIATE,0.0038792232708695284,0.004026627296867312,0.024660257648803904,0.9629498344109481,0.004484057372511115
PIATE,PIATE,0.003942179828554274,0.00598555227898347,0.020372437710876063,0.9636590244134411,0.006040805768145064
PIATE,PIATE,0.0021569454348216426,0.004065353623700378,0.014813431154804988,0.974898488379509,0.004065781407163931
PIATE,PIATE,0.002088388529853363,0.003886855005542113,0.017172759675131266,0.9732489423956161,0.0036030543938572234
PIATE,PIATE,0.00365992282880088,0.00502936314172075,0.014233237016259588,0.9720666239728346,0.005010853040384062
PIATE,PIATE,0.007747999241371437,0.009477002161227575,0.015408156752053375,0.9556825359182636,0.011684305927084086
PIATE,PIATE,0.004110870559598232,0.007843315000892567,0.028432087063566855,0.9466610562805535,0.012952671095388998
PIATE,PIATE,0.007284647933995337,0.2902880213773076,0.2512294136092044,0.42435438596594677,0.026843531113546
PIATE,PIATE,0.0070390312517676235,0.20103490815351588,0.271705887644869,0.4962325989097655,0.02398757404008189
PIATE,PIALE,0.005735863196532697,0.3733711910402493,0.25523544966357525,0.34689884616608985,0.01875864993355293
PIATE,PIARA,0.005729295017854358,0.23162704934666128,0.4519518279088995,0.2969695996160479,0.013722228110536965
PIATE,PIARA,0.003382429495572892,0.03309575694986744,0.755505571868004,0.20586539501144355,0.0021508466751120215
PIATE,PIALE,0.007441537803998555,0.7614057451160164,0.09562392711080502,0.10618894135031492,0.029339848618864968
PIATE,PIALE,0.007567688924219566,0.7518513477214318,0.12342194931401543,0.08455988204850458,0.03259913199182876
PIATE,PIALE,0.006450526529948113,0.8388692991027321,0.05822605645340911,0.0543060744106768,0.0421480435032338
PIATE,PIAVE,0.009853830334556245,0.22637776471226376,0.10509877322446806,0.07376727810920046,0.5849023536195115
PIATE,PIATE,0.007079525645529771,0.028547116564521312,0.3295653662145817,0.6302748023516448,0.0045331892237223574
PIATE,PIATE,0.006642529811703537,0.008689355455695517,0.18191589604563632,0.7997039863768497,0.003048232310114899
PIATE,PIATE,0.009677807128751685,0.011655670469828145,0.1265532625944213,0.8474282121458537,0.004685047661145145
PIATE,PIATE,0.008107401034671282,0.010069121146439814,0.12468604701528407,0.8529448041438198,0.00419262665978521
PIATE,PIATE,0.004901570403739327,0.005920805758327349,0.05709722288304529,0.9275714406690045,0.004508960285883551
PIATE,PIATE,0.004160137637313836,0.005848441008255416,0.06899473824437916,0.9161531719631586,0.004843511146892942
PIATE,PIATE,0.005798672129515168,0.00520892771242095,0.04459062520466921,0.9379891748467081,0.006412600106686608
PIATE,PIATE,0.0032251519262575666,0.00393786852232672,0.018154540778958873,0.9701494107398364,0.004533028032620412
PIATE,PIATE,0.003635892026377286,0.004376578584976509,0.04457600409503041,0.9431301516644969,0.0042813736291188315
PIATE,PIATE,0.005929083829941869,0.006688654283732442,0.07266433688888047,0.9119529581098736,0.002764966887571465
PIATE,PIATE,0.0034973498100964503,0.005484645296320404,0.04699879960773284,0.9402537024769071,0.0037655028089433693
PIATE,PIATE,0.0399692893349935,0.060986829777602475,0.05466512221267452,0.7795758671276046,0.06480289154712494
PIATE,PIATE,0.009227528786956204,0.006230353378544336,0.014597385356080517,0.9437551102826791,0.02618962219573976
PIATE,PIATE,0.010655952902811404,0.022778626212841595,0.02172835475778485,0.6940460485732236,0.25079101755333866
PIATE,PIATE,0.0114526791981961,0.010334789098673485,0.03057801384276206,0.934369157219028,0.013265360641340282
PIATE,PIATE,0.006312011954907383,0.005235896063940375,0.021122431122430473,0.960605398776775,0.006724262081946743
PIATE,PIATE,0.013029996147053987,0.013960640078614067,0.03898721284564259,0.919974490891286,0.014047660037403247
PIATE,PIATE,0.008336898047119833,0.011354536408122184,0.019028952587474994,0.949238979709724,0.012040633247558968
PIATE,PIATE,0.009113627378250964,0.011539175134501327,0.03866709343662121,0.9246721709580384,0.016007933092588047
PIATE,PIATE,0.011242667525501992,0.010092982069652527,0.035511652088383264,0.9279692805952694,0.015183417721192713
PIATE,PIATE,0.006974651673513181,0.0093253578793121,0.030761831479546448,0.9412926759680903,0.011645482999537904
PIATE,PIATE,0.009036600015379717,0.02771984631750204,0.026780629934411566,0.5847353127621432,0.3517276109705635
PIATE,PIATE,0.0055399241358778635,0.004060834396738189,0.015882584367525963,0.967428765240155,0.007087891859703071
PIATE,PIATE,0.005003653647387319,0.004142652314941275,0.01397069529505646,0.9723657291379201,0.004517269604694722
PIATE,PIATE,0.010248596815071447,0.00954447421459038,0.033575057048157594,0.9341327058996806,0.012499166022499838
PIATE,PIATE,0.005856757707840053,0.007341929009075781,0.06259412185721888,0.9188734429387481,0.005333748487117349
PIATE,PIATE,0.010529961873103668,0.014563268609579764,0.037690820874515515,0.9211632980533482,0.01605265058945279
PIATE,PIATE,0.00448046858072296,0.0038491949935537534,0.020819000678604094,0.9661222209583656,0.004729114788753506
PIATE,PIATE,0.006400200330703789,0.007137261153193685,0.06512146997982221,0.9153542887411912,0.005986779795089121
PIATE,PIATE,0.008709194188246108,0.013424040112771726,0.07105088768115946,0.8905766749561748,0.016239203061648073
PIATE,PIATE,0.008069651626981313,0.008969562236595976,0.0470518504023687,0.923601162320438,0.012307773413616089
PIATE,PIAVE,0.009749885267405932,0.09217436029177757,0.04525235487877258,0.1198178574379946,0.7330055421240493
PIATE,PIATE,0.011529312162475743,0.014092701960886293,0.037617936079798485,0.858780551603576,0.07797949819326361
PIATE,PIATE,0.005719249611688095,0.004896430089747115,0.020256393724836445,0.9605808335594763,0.008547093014252072
PIATE,PIATE,0.011051845802652819,0.005246824145761305,0.03102258763741506,0.9442399198510162,0.008438822563154669
PIATE,PIATE,0.008520956370774154,0.0031122447317978876,0.011064432185583012,0.9732836819475288,0.004018684764316222
PIATE,PIATE,0.007786659561348748,0.003915121842109148,0.017488985838149094,0.9657914340570508,0.005017798701342093
PIATE,PIATE,0.00781792502179716,0.006741937429473162,0.02398441300155608,0.9500960466076366,0.011359677939536943
PIATE,PIATE,0.004799447396507182,0.00352995097448065,0.016079821157543084,0.9718699318379616,0.0037208486335073526
PIATE,PIATE,0.006594268985084083,0.004312445723504879,0.020375161069197473,0.9648397595488225,0.003878364673391097
PIATE,PIATE,0.01769028300420882,0.023354144959251172,0.08480596434528818,0.8642984773025436,0.009851130388708159
PIATE,PIATE,0.005902272813235942,0.00808174238839021,0.01729117456641186,0.9460376664018348,0.022687143830127002
PIATE,PIATE,0.009025269862965526,0.012175801269969734,0.019687274610941698,0.9000988843715848,0.05901276988453807
PIATE,PIATE,0.016111766996968632,0.016517270727776007,0.0493239819130315,0.8816415824724395,0.03640539788978444
PIATE,PIATE,0.0065225637538825565,0.008175505407935102,0.017914995544251154,0.9528005210879674,0.014586414205963788
PIATE,PIATE,0.010974872772649157,0.007638326594629008,0.028059785356447577,0.9244403478318736,0.028886667444400743
PIATE,PIATE,0.010674689594120337,0.00682613822170285,0.021512046925055334,0.9493541100019722,0.01163301525714916
PIATE,PIATE,0.00570758633894499,0.006202392998420394,0.013390879526876457,0.9587925050783751,0.01590663605738306
PIATE,PIATE,0.004920458859026926,0.004494545110960559,0.015557261638013133,0.9681597057011296,0.006868028690869704
PIATE,PIATE,0.0050995002927697675,0.005652588226152904,0.014443408525618468,0.964317540173118,0.010486962782340898
PIATE,PIATE,0.011061089508316732,0.015026577454337133,0.029493556215429054,0.8534375695205758,0.09098120730134121
PIATE,PIATE,0.05649136967499496,0.04210829891994936,0.3027162147648345,0.5907229560810755,0.007961160559145612
PIATE,PIARA,0.015142842543798225,0.14627832260147558,0.44786363461661216,0.38063495205746833,0.010080248180645813
PIATE,PIATE,0.04235737849105166,0.06521086782117454,0.2526554315933029,0.5716586493309859,0.06811767276348515
PIATE,PIATE,0.03634514913195007,0.030612418508244626,0.21230402004530108,0.6535957556610894,0.06714265665341496
PIATE,PIARA,0.022006758683638737,0.25817912132682297,0.43742612738559533,0.26342673699132374,0.0189612556126192
PIATE,PIATE,0.025223262288163198,0.025499661719962236,0.1264846972676767,0.7073770807261357,0.11541529799806227
PIATE,PIATE,0.04273387100202604,0.07251670988958607,0.26804165128071766,0.6012482374273989,0.015459530400271307
PIATE,PIATE,0.026921444143239107,0.0075981574108348725,0.05084690097534013,0.9095403483332528,0.005093149137333098
PIATE,PIARA,0.02270233802747613,0.13495133197069387,0.5413114781249999,0.2867451607962922,0.014289691080537889
PIATE,PIARA,0.05259976936099099,0.03452694530154757,0.5365394255862559,0.3727891476116201,0.0035447121395854307
PIATE,PIAVE,0.012915661697504851,0.021941480034700644,0.038935410674109314,0.3375959737848945,0.5886114738087906
PIATE,PIATE,0.03083959827765746,0.005371184111566986,0.031933963288610624,0.9280874715332844,0.0037677827888804474
PIATE,PIATE,0.023484719268700854,0.004608522395595575,0.019517513213084037,0.9502557810242691,0.0021334640983504236
PIATE,PIATE,0.033734110985641885,0.02433846114666621,0.08478227465950178,0.7443181561582547,0.11282699704993546
PIATE,PIAVE,0.012678228054536158,0.014815795581309169,0.03720508207128909,0.3366281906393942,0.5986727036534714
PIATE,PIATE,0.01877302233831609,0.022341254465374327,0.07907940880684976,0.5387629114218051,0.34104340296765484
PIATE,PIATE,0.01957713691144311,0.01903895281489682,0.06113429406066433,0.74325346417411,0.15699615203888578
PIATE,PIATE,0.02206069202809019,0.0247586792640639,0.08665174717563157,0.5688203071584512,0.2977085743737632
PIATE,PIATE,0.020511964315009547,0.01902400371986528,0.0619814279661487,0.8080396379273602,0.09044296607161613
PIATE,PIATE,0.011731591973915967,0.009681895340822436,0.032679495776261044,0.9233536035478132,0.022553413361187526
PIATE,PIATE,0.013614041338148345,0.009222530797731714,0.05096135042814967,0.8910797235006045,0.035122353935365724
PIATE,PIATE,0.009782781230981948,0.010613341076002116,0.0288090457624508,0.9089538834247028,0.04184094850586231
PIATE,PIATE,0.010731464809766158,0.014575894495635617,0.038952107001062566,0.8001007890779677,0.1356397446155681
PIATE,PIATE,0.010637271328699875,0.01005587817928075,0.030225019241931213,0.9171719724546169,0.03190985879547143
PIATE,PIATE,0.006378738173402613,0.008417800815815488,0.03869059769361462,0.9270258128878439,0.019487050429323437
PIATE,PIATE,0.015814617634420592,0.010352627896389,0.048509894316635764,0.8974120200073121,0.027910840145242585
PIATE,PIATE,0.02233120566531406,0.013017537048874022,0.05429625676596451,0.8704532737158004,0.03990172680404695
PIATE,PIATE,0.28527686329125845,0.050946740976805606,0.1016153443289938,0.4089706509933048,0.15319040040963733
PIATE,PIATE,0.008454470086539894,0.006766027109803434,0.030410885255366105,0.9284690409860528,0.025899576562237694
PIATE,PIATE,0.010391278764779688,0.012557722279229019,0.03903751641836102,0.8323223525927275,0.10569112994490285
PIAVE,PIATE,0.008334463998349072,0.011068603160921514,0.021922432354546825,0.9552207851779458,0.0034537153082368544
PIAVE,PIATE,0.014102086793552586,0.01772382659146767,0.023327077088273807,0.9418415290836406,0.0030054804430655175
PIAVE,PIATE,0.007170932952106916,0.010177024850583702,0.01600466083697677,0.9646838987145624,0.001963482645770336
PIAVE,PIATE,0.01140376221122576,0.01787727499317861,0.017537635723861793,0.9504454188942277,0.0027359081775061474
PIAVE,PIATE,0.025166864081356908,0.04578082386225536,0.04131607069071068,0.8788597179049087,0.00887652346076834
PIAVE,PIATE,0.012208920005836336,0.014795838811797784,0.018560013040554282,0.951689372541672,0.00274585560013968
PIAVE,PIATE,0.023392218877642364,0.02997443553478837,0.03410831715998329,0.9079679580663387,0.0045570703612472264
PIAVE,PIATE,0.004754226884891112,0.015275103739615813,0.011232571381941621,0.9676110870216299,0.001127010971921759
PIAVE,PIATE,0.01954784932630398,0.02206888984889909,0.027318250085758628,0.9262921596166641,0.004772851122374152
PIAVE,PIATE,0.013517437142303591,0.014467341169474512,0.021469747079543692,0.9467492075118247,0.003796267096853433
PIAVE,PIATE,0.0019617277836498853,0.002768672755311471,0.008484752138601497,0.9860458703687932,0.0007389769536437772
PIAVE,PIATE,0.0011259297982730355,0.003281872566168804,0.008953805625798903,0.9860402986976261,0.0005980933121331073
PIAVE,PIATE,0.0005349369213192741,0.0018010128746652652,0.004083621966469944,0.9931856401171651,0.00039478812038036093
PIAVE,PIATE,0.0013178443213994755,0.0037888461856694965,0.0151746568504995,0.9791526861645018,0.0005659664779296321
PIAVE,PIATE,0.0005410914987961348,0.0013822775608272155,0.0023300221092944487,0.995388660904158,0.0003579479269240459
PIAVE,PIATE,0.0008565165055361536,0.0025062605420135805,0.006081092387328679,0.9899691028980175,0.0005870276671040031
PIAVE,PIATE,0.0010987232062398074,0.0031839878907062567,0.010505909745064976,0.9844553965842245,0.0007559825737644103
PIAVE,PIATE,0.0013299085253333303,0.001985182201407328,0.006167466718279204,0.989805859811451,0.0007115827435293111
PIAVE,PIATE,0.004633802733933809,0.006363530241656335,0.026437689747371474,0.9606584617977663,0.001906515479272271
PIAVE,PIATE,0.0024393072709111892,0.0024492843275632746,0.01072649857190093,0.9821883900868468,0.0021965197427777695
PIAVE,PIATE,0.003923089408367412,0.0065947585986359586,0.027498650109696793,0.9604373297621835,0.0015461721211163346
PIAVE,PIATE,0.0019269459762831006,0.0029554491483747103,0.009290797734650993,0.9834611840206673,0.0023656231200238514
PIAVE,PIATE,0.006467658804451912,0.005147126219098564,0.02100530896809872,0.9639572187050787,0.0034226873032721494
PIAVE,PIATE,0.002539660015137985,0.0035292563751226536,0.010302456922956667,0.9825688319418716,0.0010597947449109768
PIAVE,PIATE,0.0024162208583918114,0.006211614560972068,0.026531355316176577,0.9638018373373491,0.0010389719271102894
PIAVE,PIATE,0.0015115246954545954,0.002595562315531471,0.007972538533917257,0.9870184270685762,0.0009019473865206095
PIAVE,PIATE,0.006049999247006242,0.006229351448832059,0.0186456430482686,0.9670336632344548,0.002041343021438323
PIAVE,PIATE,0.006755298505370728,0.009320619897214727,0.014410520119515735,0.9677434442863919,0.0017701171915069619
PIAVE,PIATE,0.007726418997462274,0.00835595837131818,0.03073994014944589,0.9507309582403202,0.0024467242414535025
PIAVE,PIATE,0.018145376969885444,0.007477972189183109,0.031841122619795,0.9374268225766307,0.005108705644505598
PIAVE,PIATE,0.004303982466302732,0.004175568504084181,0.01033101269083466,0.9789817019923268,0.002207734346451746
PIAVE,PIATE,0.0009407104124827677,0.0015448932899408362,0.0036866428956839653,0.9932717556089307,0.0005559977929616465
PIAVE,PIATE,0.000763396166719281,0.0017752110708715014,0.003625181115841572,0.9932965741350496,0.0005396375115181107
PIAVE,PIATE,0.0017908673931580938,0.0022029164184300854,0.005541781818312072,0.98851181120211,0.0019526231679897422
PIAVE,PIATE,0.0038792299428084057,0.004460682839593989,0.01287227797759489,0.9763224883996189,0.002465320840383813
PIAVE,PIATE,0.002667543531922766,0.003911457295876008,0.016630745840758413,0.9752054500794761,0.0015848032519666024
PIAVE,PIATE,0.009496837047432288,0.012760035234020545,0.022095085864772573,0.9530376029263269,0.00261043892744765
PIAVE,PIATE,0.010886991146420036,0.01360504998530024,0.02283547284625885,0.9499200658795685,0.0027524201424524142
PIAVE,PIATE,0.007855996010222965,0.011959853291633668,0.042246753915096545,0.9358197185290709,0.002117678253976054
PIAVE,PIATE,0.008032623168754232,0.011789408063528302,0.023132803985129725,0.9545113908044948,0.0025337739780930475
PIAVE,PIATE,0.0036095235909342814,0.004040743395699919,0.018308918133302116,0.9611299141453769,0.012910900734686754
PIAVE,PIATE,0.005996817535258492,0.005490962360574491,0.02561543279399118,0.9297135893414038,0.033183197968772116
PIAVE,PIATE,0.0071919972094332775,0.007558638433561666,0.017044099519759624,0.9623653316878951,0.005839933149350394
PIAVE,PIATE,0.004390306273767204,0.00493696333379501,0.01685327222274703,0.972050470923099,0.0017689872465915925
PIAVE,PIATE,0.00469808905470512,0.005294756906374937,0.009549583925664608,0.9706080510130664,0.009849519100188931
PIAVE,PIATE,0.013293490695441269,0.016810378887843053,0.025060545741683225,0.9342012137667397,0.01063437090829276
PIAVE,PIATE,0.03243086003630631,0.03304467486117351,0.03133252663236444,0.8948515280220137,0.008340410448141922
PIAVE,PIATE,0.031057950262957216,0.02826780773869385,0.06783451154923144,0.8401569429258161,0.03268278752330147
PIAVE,PIATE,0.012708722795890868,0.014447850910732555,0.016506448959999396,0.9489663224871017,0.007370654846275446
PIAVE,PIATE,0.01504237987473499,0.016242708823438878,0.024919271506867558,0.9396000988994285,0.004195540895530086
PIAVE,PIATE,0.023524185272182783,0.007681214223446408,0.06004677887137882,0.8403510872861747,0.06839673434681727
PIAVE,PIATE,0.011125008193686245,0.006222235520472932,0.03763669983365658,0.7894799239199329,0.1555361325322514
PIAVE,PIATE,0.015403575659343426,0.005501874053572326,0.045377585557532324,0.7623991980986312,0.17131776663092063
PIAVE,PIATE,0.018113088941737104,0.0067546750529660585,0.04734502588494005,0.8664245954583861,0.061362614661970794
PIAVE,PIATE,0.029581162441452414,0.005721520860728213,0.04582342500260228,0.874575810672247,0.04429808102297003
PIAVE,PIATE,0.01647626417061719,0.007091753343394009,0.06091186320858469,0.6311081475647285,0.2844119717126756
PIAVE,PIATE,0.012694617859619044,0.004834850379436914,0.04180877634124401,0.7295598826287024,0.21110187279099768
PIAVE,PIATE,0.011686992564213367,0.004315298117132683,0.031204692112717203,0.8413758468322099,0.1114171703737269
PIAVE,PIATE,0.018846700082219277,0.005433352767928206,0.04619208315139195,0.7737393435101648,0.15578852048829583
PIAVE,PIATE,0.021811837025468,0.0066236263054953864,0.0625132941208829,0.7919874891835907,0.11706375336456305
PIAVE,PIATE,0.11613576835191787,0.03727237397055784,0.08844467683856147,0.4178977187155387,0.34024946212342416
PIAVE,PIATE,0.05279865850324787,0.006215656159951277,0.05537622397993862,0.7009788661779819,0.18463059517888034
PIAVE,PIAVE,0.16065298120174182,0.04117790748688802,0.10373325961523754,0.23217898259059455,0.46225686910553815
PIAVE,PIAVE,0.11419094667712124,0.03478065450388124,0.07284975265187141,0.38366114689283426,0.39451749927429186
PIAVE,PIATE,0.050999914290671834,0.007894980921067947,0.06707512088124308,0.6942603203494356,0.17976966355758164
PIAVE,PIAVE,0.09389883549375487,0.027917662899653663,0.17049620221371084,0.13390133815791497,0.5737859612349657
PIAVE,PIATE,0.03465302846754777,0.015182331268303349,0.09986477370981567,0.4448334750577382,0.4054663914965951
PIAVE,PIATE,0.09115990016280959,0.009840331850444823,0.07090689140502944,0.5212465299209861,0.30684634666073
PIAVE,PIATE,0.20323541029043632,0.008871317798104697,0.035056253079608746,0.7041359185001733,0.04870110033167678
PIAVE,PIATE,0.09225414256609786,0.011723955861100052,0.08318352570240728,0.502050746455273,0.31078762941512184
PIAVE,PIATE,0.06163196133689252,0.01301429095159575,0.07914407160788207,0.49135826381100334,0.3548514122926262
PIAVE,PIATE,0.1634928213449157,0.008510582989324035,0.054825482151829384,0.7314382369229077,0.041732876591023225
PIAVE,PIATE,0.12832145891620983,0.005365090528744644,0.05172804350473212,0.799091334009076,0.015494073041237271
PIAVE,PIATE,0.09889714221269376,0.008842023690971021,0.0484172948219899,0.6359051995539331,0.20793833972041223
PIAVE,PIATE,0.04159030141336994,0.00793809202244782,0.07432821765350521,0.7016090390126994,0.17453434989797764
PIAVE,PIAVE,0.03687023270446235,0.013199736997136178,0.07530148374335079,0.30231417485378714,0.5723143717012635
PIAVE,PIAVE,0.0340154084138511,0.014109008806835497,0.08217099931393593,0.31898471953832647,0.550719863927051
PIAVE,PIAVE,0.08152986802790532,0.008570161694138033,0.07571978407617942,0.34716275631784627,0.4870174298839308
PIAVE,PIATE,0.045827814370929684,0.008261240126825175,0.07499449069355163,0.6540523645301071,0.21686409027858636
PIAVE,PIATE,0.14828960793359472,0.007362383233752423,0.06735438211495867,0.737154568427159,0.039839058290535204
PIAVE,PIATE,0.018985101186653676,0.008346798436895302,0.05472163324454306,0.5316882092123125,0.3862582579195954
PIAVE,PIAVE,0.17392909346172658,0.02137787479518202,0.08897879721832096,0.20547403029432743,0.510240204230443
PIAVE,PIATE,0.07744051595989167,0.007064335344901228,0.036900670036709105,0.8139983495861987,0.06459612907229927
PIAVE,PIATE,0.07666421621599646,0.00825910977055355,0.04593281312387061,0.7475480495092875,0.12159581138029188
PIAVE,PIATE,0.01632966566465989,0.0045961489141500105,0.04235785403952986,0.7972709158085858,0.13944541557307455
PIAVE,PIAVE,0.023562998197789002,0.01577229041759448,0.05745727640426221,0.2593279844439782,0.6438794505363761
PIAVE,PIAVE,0.10521626938932199,0.05664818738455312,0.21620726472422644,0.2755727503216722,0.3463555281802262
PIAVE,PIATE,0.061265877459999396,0.008304773448020775,0.09003387306672281,0.5203396950439112,0.3200557809813459
PIAVE,PIATE,0.036846714386719555,0.0074745688743131766,0.054997733284599566,0.5788632893491031,0.3218176941052645
PIAVE,PIATE,0.018419779573798818,0.005978041395661551,0.04841850633857882,0.6567217628298144,0.2704619098621464
PIAVE,PIATE,0.007339383078822041,0.005017559098190612,0.007609069878134627,0.9787420545454331,0.001291933399419694
PIAVE,PIATE,0.04660809437325376,0.022979812439856286,0.01588199213562181,0.9100151875399343,0.004514913511333869
PIAVE,PIATE,0.013324276479127753,0.015025929837250176,0.011233901395385727,0.958317485438826,0.002098406849410527
PIAVE,PIATE,0.003578557641518218,0.00404195952764178,0.005488110458025625,0.985937065103289,0.000954307269525356
PIAVE,PIATE,0.004247138827660652,0.004719734175008474,0.005942181932188091,0.983994129160545,0.0010968159045979134
PIAVE,PIATE,0.008630939033870234,0.005976024588469232,0.0078064295633757065,0.9761793657546796,0.0014072410596054235
PIAVE,PIATE,0.003217805105631083,0.0033562547021608997,0.004123433061443215,0.9885153413669766,0.0007871657637882663
PIAVE,PIATE,0.0021863628252739033,0.003993153519449833,0.004325001328539865,0.9887919489258283,0.0007035334009082496
PIAVE,PIATE,0.0021952484250023717,0.004066665354099128,0.0043731674548140136,0.9886577904438711,0.0007071283222131785
PIAVE,PIAAT,0.4850068787225218,0.1530434591735251,0.04250985189934776,0.3031032606221105,0.01633654958249494
PIAVE,PIATE,0.0040909801025861715,0.005257553651594241,0.005983853720555052,0.9835814341681413,0.00108617835712331
PIAVE,PIATE,0.027822841668815792,0.013881796918307317,0.01886897178705946,0.9363527096627275,0.0030736799630897154
PIAVE,PIATE,0.003732071489454892,0.0048911212021980075,0.006085465995850764,0.9843594532640831,0.0009318880484133046
PIAVE,PIATE,0.01286530998230526,0.00863822583261362,0.011307393392359168,0.965222073069888,0.001966997722833757
PIAVE,PIATE,0.004396621915171177,0.008308610446049873,0.00794933414067611,0.9781293474334481,0.0012160860646546652
PIAVE,PIATE,0.0030651365748874376,0.005256610173030773,0.006110161684211627,0.9846554515307622,0.0009126400371078432
PIAVE,PIATE,0.006984434933257644,0.005213599277421481,0.006565260018553916,0.9799811946163973,0.0012555111543695917
PIAVE,PIATE,0.2176827955498925,0.0811150778391049,0.032416762815169524,0.6584391766477726,0.010346187148060352
PIAVE,PIATE,0.3273151194014012,0.09406887642660126,0.033817299017431086,0.5304770600129014,0.014321645141665047
PIAVE,PIATE,0.0021333675654832238,0.004608359457439848,0.004706205244240669,0.9878446781125251,0.0007073896203110978
PIAVE,PIATE,0.3881331633458966,0.05439275206310502,0.03233177474660258,0.512597072614521,0.012545237229874849
PIAVE,PIATE,0.4039568184504084,0.06274027518841983,0.029138510015921375,0.4894298772008322,0.014734519144418373
PIAVE,PIATE,0.012788967919074492,0.009117631721076883,0.010017598653035966,0.9661460510177697,0.001929750689042946
PIAVE,PIATE,0.0034374515991902324,0.0042229228551115185,0.00618946925498482,0.9852005805464791,0.0009495757442343122
PIAVE,PIATE,0.04755279635878681,0.018875157172178504,0.01605600183404166,0.9138600817847068,0.003655962850286182
PIAVE,PIATE,0.01261510215855834,0.013299454303121128,0.010601276981321862,0.9614463640221895,0.0020378025348091744
PIAVE,PIATE,0.02384288895556761,0.012989489820943417,0.013183689290647324,0.9471390096110928,0.002844922321748998
PIAVE,PIATE,0.004205216388752258,0.0034200927252663756,0.0050899479754995865,0.9863706010993464,0.0009141418111354135
PIAVE,PIATE,0.005777888873145742,0.004596867630874661,0.006998711996514707,0.9814697775646539,0.0011567539348109742
PIAVE,PIATE,0.38648258289412657,0.07843260075451294,0.03736707926316852,0.48333615558241355,0.014381581505778417
PIAVE,PIATE,0.010472834744445108,0.00841830670978121,0.009384408718581013,0.9700700146270945,0.0016544352000981376
PIAVE,PIATE,0.005488355947614401,0.00467302964299894,0.007551462069946214,0.9810733044541499,0.0012138478852904673
PIAVE,PIATE,0.0024598869071361636,0.0038591897775686985,0.004536671395089796,0.9884395375105198,0.0007047144096854546
PIAVE,PIATE,0.005174464184433868,0.006479211152663851,0.0076745985980309715,0.9794183915356292,0.0012533345292421436
PIAVE,PIATE,0.006142350948033061,0.00658785978100338,0.006631100122421296,0.9793519946377168,0.0012866945108252754
PIAVE,PIATE,0.44411003786497255,0.056616805339887485,0.031731545496978625,0.45488728285002983,0.012654328448131432
PIAVE,PIATE,0.1436542180790376,0.03056378209504609,0.02566068763154271,0.7933612657812588,0.00676004641311487
PIAVE,PIATE,0.005386526770662139,0.004109147295632687,0.005918014684356015,0.9834707350560891,0.0011155761932599743
PIAVE,PIATE,0.008967694381125288,0.007620221108707113,0.007136161404117241,0.9749618916586859,0.0013140314473644432
PIAVE,PIAAT,0.45571845816944173,0.07319674025173928,0.02998915793505107,0.42685802339388174,0.014237620249886252
