y_true,y_pred,proba__PIAAT,proba__PIALE,proba__PIARA,proba__PIATE,proba__PIAVE
PIAAT,PIATE,0.2897617574639006,0.06762851208003903,0.09360767919293694,0.4114925645395505,0.13750948672357252
PIAAT,PIATE,0.29925762885467977,0.07761931779858885,0.06540153524496489,0.40284236417562813,0.15487915392613852
PIAAT,PIATE,0.24148146943029744,0.09389232082093751,0.0920227898189569,0.4090006287343988,0.1636027911954094
PIAAT,PIATE,0.30686229681365257,0.15029082767099416,0.08368223983181008,0.3306619945454032,0.12850264113813972
PIAAT,PIATE,0.306754596955486,0.09820829758974592,0.08194952721787555,0.38220918843318236,0.13087838980371
PIAAT,PIATE,0.2931655135329746,0.18404667599149163,0.07135359465197422,0.30791881846708025,0.14351539735647875
PIAAT,PIATE,0.3167488788085575,0.04739453541784272,0.07755711548811267,0.4245269157081387,0.1337725545773478
PIAAT,PIATE,0.26982813196314587,0.03631433115694338,0.10749322942683842,0.4567941392290795,0.12957016822399284
PIAAT,PIAAT,0.30243114083269884,0.19626742240389053,0.07485139522596185,0.2918845253164273,0.13456551622102134
PIAAT,PIAAT,0.27358986170844624,0.2523498281629572,0.08324362228424251,0.2548413003323932,0.13597538751196056
PIAAT,PIATE,0.28645401760830747,0.06793327931963578,0.07720154802570367,0.41490198875578505,0.15350916629056838
PIAAT,PIATE,0.31918227582767156,0.10169067205094035,0.05147225619405285,0.3680518756286623,0.15960292029867285
PIAAT,PIATE,0.20682501280204557,0.012124208430835393,0.1327202487342824,0.5081742352529208,0.14015629477991584
PIAAT,PIATE,0.2554595163557491,2.8334959058518017e-05,0.10692453263345025,0.4974997077290987,0.14008790832264295
PIAAT,PIATE,0.24735968226905705,0.05766025391801283,0.10165281796624207,0.44059823439754464,0.15272901144914353
PIAAT,PIATE,0.25371553500110444,0.020640816774257165,0.11053680350542416,0.48196016565489885,0.13314667906431493
PIAAT,PIATE,0.27856529064031804,0.027777420835407407,0.04876383423122438,0.45385733394720507,0.19103612034584494
PIAAT,PIATE,0.21585687156810274,0.11930746377335838,0.1108251199521191,0.39821826723695053,0.15579227746946925
PIAAT,PIATE,0.30198424504786203,0.09183368062783559,0.09253717447391085,0.3876694311678295,0.12597546868256163
PIAAT,PIATE,0.21418765927229663,0.12787701266036644,0.10127603094628854,0.3939705105921556,0.16268878652889257
PIAAT,PIATE,0.33576192513474423,0.05602992674091273,0.06730812911338532,0.39310247717491054,0.14779754183604657
PIAAT,PIAAT,0.512270574481867,0.2797014965393959,-0.26793291194588875,0.120585705494275,0.35537513543035093
PIAAT,PIAAT,0.3510837797157377,0.13218673932141672,0.004134830592019301,0.3164397898986622,0.19615486047216316
PIAAT,PIAAT,0.3763735789322579,0.1270764236488458,-0.09045479069679263,0.30180405583843084,0.2852007322772581
PIAAT,PIAAT,0.38574988948055616,0.3131448255709718,-0.05746284736351265,0.14577343073740695,0.2127947015745784
PIAAT,PIATE,0.28994882997635846,0.1795258425698399,0.08102465682193438,0.3140419165524434,0.13545875407942404
PIAAT,PIATE,0.2695287029792827,0.15962475565600945,0.10762627072208328,0.3369951114737486,0.12622515916887575
PIAAT,PIATE,0.29021122207990696,0.1791151907407651,0.1055094084127865,0.31096490816552136,0.1141992706010197
PIAAT,PIALE,0.18941315075019202,0.3751378533942293,0.24646346238109185,0.17910603040553405,0.009879503068952002
PIAAT,PIAAT,0.3041448094372994,0.20764870676774336,0.07536454966728379,0.2799530149638699,0.13288891916380363
PIAAT,PIAAT,0.5619015586273913,0.0947645767839938,0.07816926054500067,0.23047406917384122,0.034690534869772006
PIAAT,PIAAT,0.6135913467473425,0.07579276947965274,0.0817773817846929,0.22178916615048844,0.00704933583782167
PIAAT,PIAAT,0.6623772541883424,0.11864516174584316,0.044873358319683754,0.15722659648640921,0.016877629259720257
PIAAT,PIAAT,0.6454858404171057,0.07657669135790496,0.015265693848024287,0.2028856557305368,0.059786118646427265
PIAAT,PIAAT,0.621318395829762,0.042690771844964226,0.026749792833577812,0.24807158303519056,0.06116945645650418
PIAAT,PIAAT,0.5250747101641744,0.15686051473149315,0.0672671861745171,0.19563908637122532,0.05515850255858836
PIAAT,PIAAT,0.608690614765878,0.03153080837176503,0.0515710860525867,0.2544383225655658,0.05376916824420303
PIAAT,PIAAT,0.5830166878873275,0.101509810960288,0.0632580141151986,0.21261034430459036,0.039605142732594655
PIAAT,PIAAT,0.6385156561297317,0.10588512532863581,0.02452033988493435,0.17736626517515186,0.05371261348154487
PIAAT,PIAAT,0.6692249958209928,0.0920969223637857,0.03799971787007411,0.17176255592632342,0.02891580801882334
PIAAT,PIAAT,0.5889711305810591,0.01036800981730146,0.035684774299671373,0.2902900736984783,0.0746860116034874
PIAAT,PIAAT,0.6368051872452992,0.0810563713824824,-0.11002296434233788,0.2055229264917184,0.18663847922283666
PIAAT,PIAAT,0.6586072250839178,0.02664914447212907,-0.10460932661245187,0.23319066065954708,0.1861622963968567
PIAAT,PIAAT,0.6844277369658375,0.105521508726094,-0.1400522781972663,0.1518733685643271,0.19822966394100686
PIAAT,PIAAT,0.5824192689143592,0.21917288706567267,0.037843494148517454,0.11768786705883705,0.04287648281261222
PIAAT,PIAAT,0.5550254556391154,-0.005773161529020632,0.05618174233449913,0.3318354571956653,0.06273050635974128
PIAAT,PIAAT,0.468848371440287,-0.049121153025246445,0.09213980166522023,0.41852637292878037,0.06960660699095778
PIAAT,PIATE,0.2646780995375521,-0.15925498334988958,0.13986069134761378,0.6340844626444052,0.12063172982031874
PIAAT,PIATE,0.3389618792255602,-0.1204911325414263,0.09988187678101856,0.5550170347558836,0.126630341778963
PIAAT,PIATE,0.22502198298851034,-0.2284858346489892,0.1458762433928738,0.7157120100245202,0.14187559824308402
PIAAT,PIAAT,0.6290742093844055,0.017817476144450728,0.024862136811693414,0.2669844963026195,0.0612616813568282
PIAAT,PIAAT,0.46299029800329083,-0.021414943785344587,0.0485969952666242,0.399780430556738,0.11004721995869063
PIAAT,PIAAT,0.5693036264054377,-0.023366907598437736,-0.10582887026573279,0.34122795454350024,0.21866419691523178
PIAAT,PIAAT,0.500247843867917,0.015678325623174838,0.0385560493472564,0.34032776922852176,0.105190011933129
PIAAT,PIAAT,0.5842825168984,0.0898279854588693,-0.007282837949423304,0.22329077605276937,0.10988155953938314
PIAAT,PIAAT,0.6537926494987547,0.09610108704850212,-0.007978385637002594,0.18035626627457518,0.07772838281516903
PIAAT,PIAAT,0.5442108091788368,0.09945093360591262,0.08652596460343542,0.23449766196301874,0.0353146306487945
PIAAT,PIAAT,0.601510611101135,0.08733036095924512,0.03854898023303521,0.21346741341289394,0.059142634293689315
PIAAT,PIAAT,0.6259848586467344,0.11876588872724864,-0.010945762067949505,0.1723826500661833,0.0938123646277822
PIAAT,PIAAT,0.6418442874543612,0.1118815704916235,0.02932111951617089,0.16985851433902494,0.047094508198817296
PIAAT,PIAAT,0.5970035525713383,-0.013556632098740362,0.05327412076879162,0.30993625069910136,0.05334270805950662
PIAAT,PIAAT,0.6135190592734583,0.027394398196817493,0.002991747029098768,0.26282659693304056,0.09326819856758337
PIAAT,PIAAT,0.6436355365841623,0.045995360711952926,-0.09742898115966825,0.22951812970638757,0.1782799541571648
PIAAT,PIAAT,0.6342372602419003,0.03043781310944549,-0.03397692105911332,0.25307197081382027,0.11622987689394532
PIAAT,PIATE,0.41969530454167514,-0.12840025650999298,0.04345586517930777,0.5055191221768826,0.15972996461212588
PIAAT,PIAAT,0.45785058231549,-0.042152394380452596,0.0740127399955322,0.41768235680398347,0.09260671526544448
PIAAT,PIATE,0.33034896305813866,-0.16924589965761405,0.10066666656687631,0.5974996652231096,0.14073060480948932
PIAAT,PIATE,0.2991655645032802,-0.12065640601467426,0.10377904287264761,0.5771713067767179,0.1405404918620293
PIAAT,PIATE,0.32092332559088127,-0.09737582841148051,0.09572296684080295,0.546017749725185,0.13471178625461075
PIAAT,PIATE,0.2431960485924316,-0.22775741171756092,0.10271427851006609,0.7007427820134151,0.1811043026016475
PIAAT,PIAAT,0.37650492084758197,0.3419378742596191,0.1588395379357129,0.11542446264987616,0.007293204307208749
PIAAT,PIAAT,0.34381054438993847,0.2265203386342009,0.1294898146516364,0.23834738742133732,0.0618319149028864
PIAAT,PIALE,0.2246968284192727,0.3002947528583456,0.2348626043082842,0.2331596227290747,0.0069861916850225275
PIAAT,PIAAT,0.4639203922901034,0.40742331081145106,0.02826539278533502,0.002768534679348844,0.0976223694337614
PIAAT,PIAAT,0.450464659167666,0.30156776303675176,0.11186514119071783,0.11803068211171414,0.018071754493149107
PIAAT,PIAAT,0.4146593752456631,0.28465996553953965,0.10818370058676016,0.1495961321168816,0.04290082651115463
PIAAT,PIAAT,0.45322938061741647,0.3238275529989581,0.05463105608138619,0.09292104893027225,0.0753909613719662
PIAAT,PIAAT,0.47896573204486326,0.30809430666549403,0.03307057867109375,0.09308875849523335,0.08678062412331457
PIAAT,PIAAT,0.4880750402041582,0.2816734024284493,-0.06972453865713774,0.1125625079861668,0.18741358803836297
PIAAT,PIAAT,0.40042116218205354,0.34012571099603794,0.13148084039622185,0.11142502509127516,0.01654726133441089
PIAAT,PIALE,0.38163196901588525,0.3865711722306876,0.1819834027370068,0.07006491949454158,-0.020251463478121935
PIAAT,PIAAT,0.44969762866909063,0.1868537334927784,0.06046688434228667,0.20925864055401078,0.09372311294183215
PIAAT,PIAAT,0.4627433971548237,0.3352835489236641,0.06159555806299394,0.07276651321086927,0.06761098264764799
PIAAT,PIAAT,0.510512545571236,0.2657283099944845,0.08817035549003338,0.12549564756888856,0.010093141375356322
PIAAT,PIAAT,0.42527906250883457,0.17743995776398205,0.12063619968660957,0.25040134810413317,0.0262434319364398
PIAAT,PIAAT,0.4824904323121386,0.12336039928629672,0.015620394250430408,0.27097549728119874,0.10755327686993515
PIAAT,PIAAT,0.4299245594778799,0.1654856206810512,0.11148101720232301,0.2617729459292052,0.031335856709539714
PIAAT,PIAAT,0.5176108414765257,0.3202679878458631,0.0024474574546587413,0.06908558395999972,0.09058812926295146
PIAAT,PIAAT,0.48861125425378915,0.2557268191772713,0.09481521789725669,0.15275401411699832,0.008092694554682901
PIAAT,PIALE,0.407148802078964,0.43613303383639734,0.20813928298120044,0.011801694839596866,-0.0632228137361601
PIAAT,PIAAT,0.4240400747255648,-0.036081727055876145,0.016952337189564515,0.41477304980894536,0.18031626533180098
PIAAT,PIAAT,0.513618105932497,0.3904428756968471,0.017461646811445575,0.008673200609949416,0.06980417094926014
PIAAT,PIAAT,0.4653279566285961,0.3078945073653694,0.12511162320835287,0.11309133662767468,-0.011425423829993835
PIAAT,PIAAT,0.333662483039361,0.26990779500243045,0.2120813921053833,0.21514197037114716,-0.030793640518323125
PIAAT,PIAAT,0.3799223739958248,0.24109955990876644,0.14478654215456274,0.211473323604688,0.02271820033615707
PIAAT,PIAAT,0.3852950940763163,0.233977383776803,0.14152759989244473,0.2158676230395599,0.02333229921487571
PIAAT,PIAAT,0.3712663619220769,0.25730302742412337,-0.018312626076122107,0.19329051965204463,0.19645271707787698
PIAAT,PIAAT,0.3768288435569246,0.20355201105273593,0.14264915365468875,0.24836840120073428,0.02860159053491566
PIAAT,PIAAT,0.37643827637973126,0.1855839927071637,0.1157824111206347,0.26145488457088417,0.06074043522158548
PIAAT,PIAAT,0.32557052447579743,0.2705005339666313,0.2054903452662829,0.21900783321535125,-0.020569236924064226
PIAAT,PIATE,0.16964517028085105,0.08763121069932825,0.19309186465399258,0.44828218234128225,0.10134957202454517
PIAAT,PIAAT,0.36885854325218737,0.24851146282280598,0.11989137034116029,0.2137366262105484,0.04900199737329727
PIAAT,PIAAT,0.3838392936924671,0.19386466806589694,0.11202226507778129,0.2534795651929638,0.05679420797089056
PIAAT,PIATE,0.2680909341886116,0.10751942037030926,0.2047395559086433,0.3847123278460652,0.03493776168636974
PIAAT,PIAAT,0.33122783263966743,0.20462726433556644,0.10018213847090796,0.26285863007512783,0.10110413447872976
PIAAT,PIAAT,0.3431752796160345,0.28886733074177634,0.17796650312867515,0.19021692082988617,-0.0002260343163735315
PIAAT,PIAAT,0.3897156314370447,0.1989868441133801,0.1265816734586608,0.2440188533104963,0.040696997680417034
PIAAT,PIAAT,0.3912869333121717,0.256273600145641,0.12564867679156402,0.19121204701552527,0.03557874273509718
PIAAT,PIATE,0.2695158057082125,0.06766224939531479,0.1275535894012284,0.4127513022917705,0.12251705320347334
PIAAT,PIAAT,0.5137457467860833,0.2600955280958013,0.0695340967221871,0.12820428789057667,0.02842034050535073
PIAAT,PIAAT,0.4704122442456645,0.14817344646922537,0.08720354834971672,0.24535712186649813,0.04885363906889471
PIAAT,PIAAT,0.4480084734400691,0.15081116863238897,0.14679510076945723,0.249432710754835,0.004952546403249741
PIAAT,PIATE,0.3093807787712449,0.04486032933566658,0.1995534924113042,0.40742609885020925,0.038779300631574386
PIAAT,PIATE,0.29710171640630667,0.08209991053517407,0.17965495597469938,0.39706426909376374,0.044079147990056175
PIAAT,PIATE,0.2871995873640923,0.09150821808929469,0.17282184587171615,0.388062059541815,0.06040828913308119
PIAAT,PIATE,0.26994367215122245,0.05351203620948458,0.20355932234452756,0.4340844280065943,0.03890054128816993
PIAAT,PIATE,0.3511195726435086,0.07255647022210143,0.11152948092933362,0.36599007279836987,0.09880440340668553
PIAAT,PIAAT,0.5092220865102733,0.17390311069273637,0.06103018615672445,0.20610425580713548,0.04974036083312896
PIAAT,PIAAT,0.5103170494503982,0.15646195895988407,0.06016937352993587,0.21854038520792513,0.05451123285185548
PIAAT,PIATE,0.34389741998655365,0.08986177788713473,0.19196418510563623,0.35228216358654374,0.021994453434131457
PIAAT,PIAAT,0.5962054602020942,0.22487120551551767,0.06348672781620895,0.11859764635012515,-0.003161039883947739
PIAAT,PIAAT,0.6092807645126465,0.20254832265438147,0.016658479057002407,0.1269806265195003,0.04453180725646782
PIAAT,PIAAT,0.5706249274581705,0.22576705076611037,0.041436847704073826,0.1309878702512885,0.031183303820355335
PIAAT,PIAAT,0.5646301552646787,0.22486964995351322,0.08557872980634823,0.13709682688826147,-0.012175361912803613
PIAAT,PIAAT,0.5426795183601576,0.19946152394040456,0.0645729985308309,0.16483720914310285,0.028448750025502505
PIAAT,PIAAT,0.45873171279462654,0.08198548734032274,0.10484369180307485,0.3094593270468703,0.04497978101510447
PIAAT,PIAAT,0.41953191850630295,0.13192239723876892,0.1531425803885166,0.28629967328476813,0.009103430581642251
PIAAT,PIAAT,0.42737965700250985,0.1434697868646311,0.159761802165687,0.2758632006440391,-0.006474446676867564
PIAAT,PIAAT,0.42661464625995377,0.13836616613658584,0.1335285185693397,0.28030414152696115,0.02118652750715814
PIAAT,PIAAT,0.39706466038580535,0.06656130044017786,0.13058953409795168,0.35478700825720233,0.05099749681886185
PIAAT,PIAAT,0.4404045952398763,0.055050132335414725,0.09104885227092702,0.3429638447325507,0.0705325754212307
PIAAT,PIAAT,0.44795631391362384,0.07857805834118595,0.07818897286839155,0.3162098171285036,0.07906683774829487
PIAAT,PIAAT,0.4526333384671535,0.08524118005407169,0.1034175962779314,0.3092088535089759,0.04949903169186699
PIAAT,PIAAT,0.47810320860036093,0.052662508930968854,0.07672194030470306,0.324081144052773,0.06843119811119228
PIAAT,PIAAT,0.4261236284100212,0.1801673896921252,0.16544303823459455,0.240112221888818,-0.011846278225558844
PIAAT,PIAAT,0.4735137646169056,0.16050188154505385,0.12435458723472215,0.23568684338990595,0.005942923213410632
PIAAT,PIAAT,0.5573247511585122,0.16956801632501167,-0.01549904310945005,0.1763384967770178,0.11226777884890779
PIAAT,PIAAT,0.46759955690782884,0.1419654085097219,0.10537255391359315,0.25024982987284816,0.034812650796007295
PIAAT,PIAAT,0.3893451738896059,0.057134102164673295,0.1415075960213574,0.36331224932901474,0.04870087859534921
PIAAT,PIAAT,0.3922183922672271,0.13523825869976613,0.15422608436931934,0.29489275655513203,0.02342450810855446
PIAAT,PIAAT,0.45721885174714805,0.12999075839174057,0.11624813880626075,0.26818364198874084,0.028358609066109007
PIAAT,PIAAT,0.4081608304923897,0.16054755090682696,0.13714199991677378,0.2661582306162171,0.02799138806779118
PIAAT,PIAAT,0.5241053183498249,0.07633910768505359,0.09966929520023238,0.2803565476562719,0.019529731108615264
PIAAT,PIAAT,0.4298310190873785,0.1746909723518703,0.15195668467169804,0.2461022431603887,-0.002580919271336614
PIAAT,PIAAT,0.46079542365872883,0.05462486969352609,0.09418817405771876,0.33226668777588136,0.058124844814144684
PIAAT,PIAAT,0.47866877392283247,0.12858692327671675,0.11989309978143692,0.26455226412604477,0.008298938892968212
PIAAT,PIAAT,0.5089078841820559,0.19736639093796124,0.010516901793532818,0.1850260363286507,0.09818278675779873
PIAAT,PIAAT,0.4771090007027199,0.09125889917067179,0.024540458373589535,0.28906187445361725,0.11802976729940064
PIAAT,PIAAT,0.5382703703867907,0.16639375977255585,-0.0334994205635713,0.18790852015105308,0.14092677025317094
PIAAT,PIAAT,0.450325416859511,0.08469622196470544,0.11108381365180911,0.3052931675905045,0.048601379933469184
PIAAT,PIAAT,0.5037351247485959,0.16729470152833537,0.029112939501321766,0.21790486167199433,0.0819523725497514
PIAAT,PIAAT,0.5081107019502514,0.03955913721303489,-0.02628155132644061,0.3214677950201372,0.15714391714301595
PIAAT,PIAAT,0.4955981665081283,0.11631756976996757,0.06329771582464397,0.26259214324888125,0.06219440464837789
PIAAT,PIATE,0.34327708223850323,0.07171421379005546,0.1428666957647779,0.37691987161615287,0.06522213659050985
PIAAT,PIATE,0.29095642677180933,0.08735211458053643,0.17556369336411357,0.38878734750620253,0.057340417777337595
PIAAT,PIAAT,0.36870430671249005,0.1382281900030796,0.15596543190563866,0.3013436124664328,0.03575845891235831
PIAAT,PIAAT,0.6033556060060209,0.22326904861047275,0.014263600433388979,0.11174008255952991,0.04737166239058661
PIAAT,PIAAT,0.6087034860519097,0.16459723752334451,0.005553923569289798,0.1610714750948239,0.06007387776063018
PIAAT,PIAAT,0.6068758647020748,0.2342420946867515,0.06569869506644599,0.10904607577354553,-0.015862730228818893
PIAAT,PIAAT,0.5335722830747558,0.22075397738965807,0.09492181590052526,0.15375688258119072,-0.0030049589461309256
PIAAT,PIATE,0.028179931663457426,-0.19124955356335605,0.19076845162859007,0.7712733885786056,0.20102778169270266
PIAAT,PIATE,0.0385563458887677,-0.20027520485915962,0.18245629691721163,0.7734561655332646,0.20580639651991592
PIAAT,PIATE,0.0642894416572106,-0.23665730688588593,0.1386774783128389,0.788881103985635,0.24480928293020116
PIAAT,PIATE,0.03364842852213803,-0.17635761490618174,0.15739802144674725,0.7490061291785577,0.236305035758739
PIAAT,PIATE,0.10517472757675565,-0.2634510944142112,0.11823723943044728,0.7947407076441455,0.24529841976286304
PIAAT,PIATE,0.09137695804474963,-0.13657777269392235,0.07139136800132814,0.6873708955746995,0.286438551073145
PIAAT,PIATE,0.0708855548638018,-0.17338397868788286,0.08194912249890712,0.7307662988845327,0.28978300244064154
PIAAT,PIATE,0.07662472513329471,-0.2355422590007039,0.09786417369586864,0.7867656544737156,0.27428770569782596
PIAAT,PIATE,0.1313831206415844,-0.2686979099800081,0.04863262252902506,0.7896270768981284,0.2990550899112703
PIAAT,PIATE,0.1143778480689745,-0.24525396832224433,0.03201183020595466,0.7796734085649812,0.31919088148233477
PIAAT,PIAAT,0.6205921551366859,0.15201499013713887,0.024523019007187036,0.1406428186779299,0.06222701704105732
PIAAT,PIAAT,0.6355039718934558,0.1255308137677606,-0.02219863556169066,0.15927401308962882,0.1018898368108442
PIAAT,PIAAT,0.602196828230173,0.12944727731073363,0.039409992357316626,0.16960288968504564,0.059343012416730186
PIAAT,PIAAT,0.624375824560682,0.1515039613298661,0.07005092037091903,0.1352327448914843,0.018836548847047392
PIAAT,PIAAT,0.5967990201447566,0.012219668776451753,-0.07458979413449751,0.288350656395951,0.1772204488173374
PIAAT,PIAAT,0.5872533154603135,-0.027930050617315738,-0.0757643680771185,0.3284300780835995,0.1880110251505201
PIAAT,PIAAT,0.6071550832644178,-0.018331971148251414,-0.10885711847587554,0.31018522153119055,0.20984878482851746
PIAAT,PIAAT,0.6046317957953947,-0.0027453712891180593,-0.06348803539360465,0.29569130112678677,0.16591030976053991
PIAAT,PIAAT,0.6202918038489008,0.08518610175225416,-0.0160315708468437,0.20432300775443255,0.10623065749125493
PIAAT,PIAAT,0.6106159908518657,0.17431076202075657,0.0661341940547589,0.12635730371234022,0.0225817493602768
PIAAT,PIAAT,0.648694071906872,0.33763504928841687,0.08928143106901992,-0.0489960422085749,-0.02661451005573489
PIAAT,PIAAT,0.657708045875411,0.39143756883995967,0.08590387875409605,-0.10322783846162525,-0.031821655007843765
PIAAT,PIAAT,0.6177053066631177,0.37129513431456346,0.09970571046689813,-0.06121981799609627,-0.027486333448484494
PIAAT,PIAAT,0.65912883685328,0.394067510322104,0.09025561154440037,-0.10419747589290379,-0.03925448282688226
PIAAT,PIAAT,0.6487021268294763,0.41359486795273,0.10174660097656835,-0.11722692250125438,-0.046816673257522014
PIAAT,PIAAT,0.5546725345883028,0.2786563882816418,0.0820503345810204,0.05566631499293764,0.02895442755609632
PIAAT,PIAAT,0.6831382230576555,0.28137572113180054,0.012698438102681786,-0.0115409498742573,0.03432856758211835
PIAAT,PIAAT,0.663196991867991,0.32086914433890823,0.09460833240871791,-0.03793052368157179,-0.0407439449340477
PIAAT,PIAAT,0.6286709762418149,0.3169286949698092,0.032447008961474566,-0.01910193469243998,0.04105525451934051
PIAAT,PIAAT,0.6309819969477701,0.23913476474073136,0.10894170185796231,0.054997135026483845,-0.03405559857294909
PIAAT,PIAAT,0.35755718337383724,0.19180967592372397,0.11229583597665357,0.2460052014539248,0.09233210327185976
PIAAT,PIAAT,0.4127030160198643,0.2073797795856257,-0.031181990895176093,0.2057085594342977,0.20539063585538828
PIAAT,PIAAT,0.427158804740383,0.2057414663236277,0.08807398688427795,0.19478504909621008,0.08424069295550007
PIAAT,PIAAT,0.4227190356732914,0.12290589563518911,0.1132167398965937,0.2721448895599384,0.06901343923498687
PIAAT,PIAAT,0.4581790643698569,0.19337115312134714,0.012378310143531468,0.19286105471196516,0.14321041765329853
PIAAT,PIAAT,0.385552720497197,0.18221742950443648,0.07001976312312308,0.24113947106158437,0.121070615813659
PIAAT,PIAAT,0.3964953386706996,0.15296656283256005,0.07916669247709754,0.2589220766347869,0.11244932938485547
PIAAT,PIAAT,0.3618673475652985,0.14472300845581904,0.1366569690234445,0.2851903579698862,0.07156231698555095
PIAAT,PIAAT,0.40197946174518734,0.16607475424945312,0.11644554599728471,0.24716092858853253,0.06833930941954104
PIAAT,PIAAT,0.4788143271147534,0.20055781882584872,0.0871623772292075,0.17483445975584744,0.05863101707434259
PIAAT,PIAAT,0.45938259952316746,0.20986456188481012,0.08547913442843172,0.17565894814100463,0.06961475602258549
PIAAT,PIAAT,0.4277244364429854,0.15829084754778622,0.14182288680633648,0.24328870893991866,0.0288731202629725
PIAAT,PIAAT,0.5109836629956239,0.21501746154218154,0.11584810408881818,0.15076332646196225,0.007387444911413611
PIAAT,PIAAT,0.5034648043484236,0.20658617271456758,0.10568993273391836,0.15757047288332676,0.026688617319762763
PIAAT,PIAAT,0.44996568615881816,0.26244206394640357,0.011377783914716555,0.13354242306860967,0.14267204291145108
PIAAT,PIAAT,0.467565503934483,0.23637102694057407,0.09335928139630859,0.15313395075398042,0.04957023697465303
PIAAT,PIAAT,0.4718758594667576,0.19872927604471108,0.07317779343435737,0.18084187292042442,0.07537519813374943
PIAAT,PIAAT,0.5212664580107826,0.12026570823536004,0.11560170801983194,0.23440289244727106,0.008463233286753226
PIAAT,PIAAT,0.48210997502293074,0.17620207644485875,0.09391282894730679,0.19952424175179098,0.04825087783311133
PIAAT,PIAAT,0.49637738900076267,0.17484762140752513,0.043426004134498375,0.19095758419246042,0.09439140126475246
PIALE,PIALE,-0.0035308089623692918,0.5691269541102671,0.20890518489390864,0.09802562200107401,0.12747304795711958
PIALE,PIALE,0.029604384980659204,0.5869139244215853,0.1699471941654169,0.058664389628698604,0.15487010680364025
PIALE,PIALE,-0.04089460906341874,0.540476492950823,0.323276279903963,0.1543392726819067,0.022802563526725272
PIALE,PIALE,0.028972585030079656,0.6293917982307815,0.19959923272653493,0.027873349894192267,0.114163034118413
PIALE,PIALE,-0.021020249923740908,0.6247037873918697,0.29880976984317587,0.06103719102444044,0.03646950166425576
PIALE,PIALE,-0.0501445502464154,0.5598713349763034,0.2434883720596464,0.13304659901635368,0.11373824419411252
PIALE,PIALE,-0.026364371666683373,0.5776649025077168,0.20194925490757448,0.10153133420565347,0.14521888004573952
PIALE,PIALE,0.0131535939390654,0.6018205330448702,0.28800160901056837,0.06488727363751914,0.0321369903679769
PIALE,PIALE,-0.035246896244016446,0.6345910629191216,0.2967143267769434,0.055491590555193926,0.04844991599275767
PIALE,PIALE,0.15244844894255666,0.31888194838247613,0.1423122044910944,0.24744770204427996,0.13890969613959342
PIALE,PIALE,0.021380184547814818,0.5341630318303074,0.2574156685305259,0.1256334477424683,0.06140766734888345
PIALE,PIALE,-0.0008681168253175109,0.5867130756677447,0.23878457236825137,0.08036360521861305,0.09500686357070957
PIALE,PIALE,-0.01129056659863048,0.5970543761392219,0.23996889270637894,0.080496649642159,0.09377064811087073
PIALE,PIALE,-0.009333708964531062,0.6120223267641267,0.2506077517246368,0.06475451275994121,0.08194911771582804
PIALE,PIALE,-0.009762636694528093,0.5192274380576256,0.2043830792800571,0.1487208093217526,0.13743131003509262
PIALE,PIALE,-0.010627955364661157,0.6058552216850869,0.26735842351232564,0.07742685548313477,0.059987454684114226
PIALE,PIALE,0.014913003261013413,0.5795419364459178,0.2287515410025881,0.08827414702643843,0.08851937226404352
PIALE,PIALE,-0.005005885223417439,0.5776293011044891,0.24577905127447042,0.09917080706400525,0.08242672578045329
PIALE,PIALE,-0.02586580969916169,0.5427317220006743,0.2949568180714116,0.14121375833073246,0.04696351129634456
PIALE,PIALE,-0.060075542314973585,0.6211372625237147,0.29541404291034845,0.07798565116515879,0.06553858571575208
PIALE,PIALE,0.01100816853642761,0.45750567360949657,0.2252569867320625,0.19309260687069102,0.11313656425132299
PIALE,PIALE,-0.03901786373804206,0.527078560469882,0.29081479295546564,0.158042902557606,0.06308160775508923
PIALE,PIALE,0.01796581612273429,0.50896890076967,0.18995518101785586,0.14481340850239025,0.13829669358734928
PIALE,PIALE,0.040444687667288814,0.5180531838068172,0.16666320918319438,0.12777697454126768,0.14706194480143256
PIALE,PIALE,-0.061885955861079145,0.6074081095838698,0.28778861266944655,0.09572903939987099,0.07096019420789171
PIALE,PIALE,-0.04036665144507312,0.3323858081756691,0.295855044495398,0.3284115498275815,0.08371424894642482
PIALE,PIALE,-0.03122868681356089,0.5925453783363075,0.2324518972507144,0.09089130034843859,0.11534011087810142
PIALE,PIALE,-0.08014535201774603,0.6404326225080608,0.2984212977306049,0.0758908927177008,0.06540053906137872
PIALE,PIALE,-0.051058326323647873,0.6417175203274859,0.2794592200742757,0.0640983189456705,0.0657832669762162
PIALE,PIALE,-0.07932360844674324,0.6269254927362954,0.2966895630870581,0.08830471551330005,0.06740383711009093
PIALE,PIALE,-0.04496764247489393,0.38405324523254375,0.285857493818126,0.30085534947141146,0.07420155395281282
PIALE,PIALE,0.020739385064953986,0.3863063149184175,0.19168320051830498,0.2626107348971821,0.13866036460114203
PIALE,PIALE,0.008490086296055577,0.3617352400833828,0.22565965468378446,0.28782617941507094,0.11628883952170724
PIALE,PIALE,0.09869098737312054,0.4222950367810329,0.209770322456117,0.19135513387333372,0.07788851951639664
PIALE,PIALE,0.00829059922200992,0.45888863187052986,0.18382319729421304,0.1974939013044542,0.1515036703087938
PIALE,PIALE,-0.01918348883237314,0.44399915128494816,0.28164826817405275,0.23422675356748202,0.059309315805891515
PIALE,PIALE,-7.730625725177465e-05,0.5060651225886958,0.21811512136158617,0.1564027427257499,0.11949431958121944
PIALE,PIALE,-0.07154042533134453,0.5472922618962499,0.2393179041669795,0.15356862586868122,0.13136163339943543
PIALE,PIALE,0.0058954252791297845,0.49972732989280877,0.20149100146307264,0.16409344339628482,0.12879279996870524
PIALE,PIALE,-0.09244412174969796,0.5332522870167599,0.27152074871168463,0.18306961510033443,0.10460147092091991
PIALE,PIALE,-0.12146812318609496,0.582189349316602,0.3087312699630596,0.1464212698328557,0.084126234073578
PIALE,PIALE,-0.10843389223878286,0.556714319635714,0.29219731148852096,0.16343362235546122,0.09608863875908641
PIALE,PIALE,-0.06953519618192822,0.6044048326269084,0.34002477554732535,0.10166234562885085,0.023443242378844383
PIALE,PIALE,0.056058642603679765,0.5267667536105692,0.1800774484211317,0.11442345073545077,0.12267370462916968
PIALE,PIALE,-0.04970654803411495,0.5164801043440332,0.23407929339509503,0.16857315310553977,0.130573997189448
PIALE,PIALE,0.014879021469092868,0.5445749555201402,0.2716620595406075,0.12392001790720517,0.04496394556295446
PIALE,PIALE,-0.04022578207725386,0.5817363643005913,0.28674217080885667,0.10873756735708087,0.06300967961072629
PIALE,PIALE,-0.017535866757681595,0.5709595298314862,0.23375553885395142,0.11157726284639907,0.10124353522584612
PIALE,PIALE,-0.004506311896802506,0.5815616235926737,0.30511691848804345,0.09680589645971877,0.021021873356366377
PIALE,PIALE,-0.004397887417269708,0.5673083363374112,0.21234870801803862,0.10195901083777431,0.12278183222404654
PIALE,PIALE,0.23774008340973324,0.4356932402017649,0.11178562843835715,0.11685197153721191,0.09792907641293219
PIALE,PIALE,0.27176304573914,0.4768957132511573,0.14575283024667382,0.08590516920110491,0.01968324156192363
PIALE,PIALE,0.27446663379994624,0.5129766822936148,0.02744056020790986,0.03533807746609835,0.149778046232431
PIALE,PIALE,0.14634464201150438,0.5430975146143109,0.16518248628026838,0.08238991373037369,0.0629854433635425
PIALE,PIALE,0.1348227860777349,0.5362566810733418,0.13479588138660722,0.10696643745514842,0.08715821400716772
PIALE,PIALE,0.06807180337429025,0.5402826530918017,0.17896056485248288,0.13584708529825892,0.07683789338316614
PIALE,PIALE,0.2541735953593524,0.5153499838527846,0.13607988785989575,0.07177714469275007,0.02261938823521637
PIALE,PIALE,0.1253926248725355,0.5290580684959962,0.1897306598501441,0.10597552832210871,0.04984311845921567
PIALE,PIALE,0.24152616593557433,0.39168647422432556,0.13821960073371362,0.16413177465185796,0.0644359844545277
PIALE,PIALE,0.25545770266660284,0.3599140954674774,0.11652771162438308,0.18323894319800016,0.08486154704353596
PIALE,PIALE,0.2933817787748068,0.45196243219189725,0.14422871038149052,0.07837950185475401,0.032047576797050996
PIALE,PIALE,0.3960276601231085,0.433628075332496,0.12700046023461872,0.04731938788871143,-0.003975583578935647
PIALE,PIALE,0.4040657329479121,0.46185551399405844,0.015274194260585794,0.012123985961779715,0.10668057283566326
PIALE,PIALE,0.3073968698760556,0.4896317297031363,0.13761815360162433,0.03844224489018594,0.026911001928997126
PIALE,PIALE,0.21370516828189584,0.4670783847795905,0.1739124708423745,0.09938805994687264,0.04591591614926658
PIALE,PIALE,0.28139284172845036,0.39752828091963155,0.15057794772700378,0.12794056949451807,0.04256036013039531
PIALE,PIALE,0.27750076435742316,0.48573436255544317,0.1700225196715089,0.06255927911470743,0.004183074300917425
PIALE,PIALE,0.2767796911786486,0.4672439946125386,0.13973128775371,0.07192144112430707,0.044323585330795556
PIALE,PIALE,0.3696872634022081,0.45389684615911596,0.14988370798883607,0.05566008340822037,-0.029127900958380505
PIALE,PIALE,0.3384889956238093,0.3650745983999789,0.15137184938547668,0.13131241115189013,0.013752145438844357
PIALE,PIALE,-0.014861831625758049,0.5316967967715281,0.28777244718706674,0.16310166240217636,0.03229092526498753
PIALE,PIALE,0.06085800861454915,0.6523635106007163,0.26452932770405013,0.031184284212429747,-0.00893513113174519
PIALE,PIALE,0.047624866418863154,0.6295763635730005,0.318686244275866,0.06175663569999376,-0.05764410996772324
PIALE,PIALE,0.03479096477647525,0.5435658974474015,0.20866132989196562,0.1120374517594496,0.10094435612470788
PIALE,PIALE,0.022453816483740396,0.5190408468937893,0.22046560915257513,0.14248979258108746,0.09554993488880864
PIALE,PIALE,0.008953142584097434,0.5479516366008857,0.31355031200178785,0.1420525233503173,-0.012507614537087743
PIALE,PIALE,0.06219593198375567,0.5294696693774674,0.2854270778033265,0.12836596015767773,-0.005458639322227669
PIALE,PIALE,-0.0016015850204003645,0.5144744244913922,0.27285342524837675,0.1597683828372884,0.05450535244334351
PIALE,PIALE,0.07522792363202033,0.5508099818355858,0.2244404296732794,0.09530397990248232,0.05421768495663233
PIALE,PIALE,0.17628035973729486,0.5546736186582517,0.15951602748945432,0.045967393938906864,0.06356260017609239
PIALE,PIALE,0.06026944788387617,0.7525493364911217,0.3587423100616757,-0.05281134857606795,-0.11874974586060558
PIALE,PIALE,0.07799157614268265,0.7471066136928248,0.30390613659821836,-0.06126562748702441,-0.06773869894670148
PIALE,PIALE,0.18807771144763205,0.7597962123760402,0.14682584381903913,-0.14216946981049117,0.0474697021677798
PIALE,PIALE,0.1386301563015097,0.841002942838617,0.22454882736085396,-0.193350383465819,-0.010831543035162434
PIALE,PIALE,0.21287175576605388,0.7202028218898949,0.08124545896414265,-0.13698294506083653,0.12266290844074518
PIALE,PIALE,0.09803748642279492,0.7638449976557748,0.21772498815937014,-0.11707253011551272,0.0374650578775731
PIALE,PIALE,0.12074237228445461,0.8336042787893538,0.28055295630215005,-0.16314010101798598,-0.07175950635797299
PIALE,PIALE,0.14413496795364422,0.8498706666634035,0.2968524679015308,-0.18629635125846095,-0.1045617512601176
PIALE,PIALE,0.11649850769117187,0.7649174893330588,0.2666563690779734,-0.10467460923276334,-0.043397756869440564
PIALE,PIALE,0.13596423541435587,0.8411932647976034,0.28421784987269577,-0.17980959116752454,-0.08156575891713094
PIALE,PIALE,0.03469777373394495,0.6883051149204549,0.3272438301551593,-0.003918692909698374,-0.04632802589986041
PIALE,PIALE,0.06310224313842033,0.7542116320835723,0.30078116731241267,-0.06393232400857907,-0.05416271852582597
PIALE,PIALE,0.05764161135775364,0.7637438556522848,0.30141907465448836,-0.07690315151038818,-0.04590139015413903
PIALE,PIALE,0.04760342293156261,0.6969015609839598,0.2771030338064735,-0.024483076248272395,0.0028750585262762446
PIALE,PIALE,0.0343153241639132,0.6962849308727421,0.2758129885541193,-0.013853852355169671,0.0074406087643949445
PIALE,PIALE,0.07019694929487813,0.6796514763069579,0.2372250483157598,-0.011875216316624082,0.02480174239902897
PIALE,PIALE,0.006348799149510975,0.7035021445951523,0.2794924628349229,-0.008329630917574382,0.01898622433798853
PIALE,PIALE,0.039536134277222634,0.7325084717160746,0.3219086288528681,-0.032219141006558594,-0.061734093839607006
PIALE,PIALE,-0.02580452543370454,0.700430436328385,0.29025771712484,0.009412611895690925,0.025703760084789286
PIALE,PIALE,-0.04355449527880639,0.6797134816877201,0.34539021888973964,0.0406751967094664,-0.022224402008119447
PIALE,PIALE,0.25152596183717124,0.5037072433484626,0.186402293828411,0.045238749904212006,0.01312575108174277
PIALE,PIALE,0.20176295633673097,0.46280660119337497,0.21616912156595963,0.11064556879539278,0.008615752108541541
PIALE,PIALE,0.25999160989465264,0.483779366837705,0.193902202735086,0.062374777070561827,-4.795653800592631e-05
PIALE,PIALE,0.24434869729285313,0.5347486285418249,0.1345008365709568,0.011421099080567654,0.07498073851379758
PIALE,PIALE,0.2211012187433105,0.5385683560546877,0.1597443898581642,0.02565163398799364,0.05493440135584384
PIALE,PIALE,0.14029648183561946,0.48109034637599835,0.22692199734325957,0.1222083967821242,0.02948277766299832
PIALE,PIALE,0.19743579861439206,0.4600230874794765,0.22219979399557585,0.11430494805344918,0.006036371857106135
PIALE,PIALE,0.19177054571526458,0.45098201528103327,0.2102872098238594,0.12208595688016993,0.02487427229967263
PIALE,PIALE,0.2556824615386574,0.4392893049559994,0.112964198421101,0.096194455254686,0.09586957982955598
PIALE,PIALE,0.21776291804459366,0.4011353765546903,0.20097017635431888,0.16027766881363814,0.01985386023275848
PIALE,PIALE,0.24972817321074237,0.4992371641447136,0.17938976181700478,0.05771488259407562,0.013930018233463397
PIALE,PIALE,0.19830893969430358,0.5055703256787496,0.2267710287239847,0.08088939303926235,-0.011539687136300485
PIALE,PIAAT,0.3958547693906318,0.3369572877553848,-0.020226562633690826,0.12225083255846228,0.16516367292921183
PIALE,PIALE,0.24218575304805268,0.4795752935429045,0.15758142918635945,0.07352541745589958,0.047132106766783484
PIALE,PIALE,0.2077256270164805,0.495568850994524,0.16402358326611244,0.08145785426735327,0.05122408445552951
PIALE,PIALE,0.27412162515010324,0.5770695560982277,0.1595920399856048,-0.0365378733671014,0.025754652133165495
PIALE,PIALE,0.3301904759156882,0.5726829362651576,0.1531327941331112,-0.04204718569368471,-0.013959020620272662
PIALE,PIALE,0.2774908681671355,0.6001628227806225,0.18731684220668396,-0.04066123460969295,-0.024309298544749856
PIALE,PIALE,0.30161444938987975,0.5142275951099904,0.14071588372336785,0.017695960160238777,0.0257461116165228
PIALE,PIALE,0.2174370669143821,0.4881953658800172,0.16210672441141485,0.08376054235352184,0.048500300440663925
PIALE,PIALE,0.35618013240295987,0.4534120160967317,0.20208941199926245,0.045251612926933193,-0.056933173425888516
PIALE,PIALE,0.33647016782153955,0.47522368524569625,0.21161349276669544,0.033563870651424355,-0.05687121648535624
PIALE,PIALE,0.35626152494865254,0.4940967539795376,0.11570074125449459,-0.002560404653913051,0.03650138447122761
PIALE,PIALE,0.38254185169689414,0.3917490203297975,0.1286692179906272,0.08277138304848691,0.014268526934193823
PIALE,PIALE,0.36468634584069703,0.4107977575559396,0.15608141781354906,0.07819384760790982,-0.009759368818096588
PIALE,PIALE,0.3671701633495818,0.3963380965545752,0.15702999412609236,0.09073053002199138,-0.01126878405224157
PIALE,PIALE,0.3621603997551464,0.460098504612497,0.19143021659584092,0.03445661477886386,-0.048145735742349545
PIALE,PIALE,0.3780775188381432,0.473857071909341,0.13485864981555842,0.009362323064301903,0.0038444363726544695
PIALE,PIALE,0.3880365416409782,0.44857628207186406,0.17014791290955275,0.032407396111953646,-0.039168132734349555
PIALE,PIALE,0.4100815178823968,0.4729047127821733,0.15150397781934444,-0.0008910976977527518,-0.033599110786162616
PIALE,PIALE,0.15351511262055204,0.5737686834768475,0.14980209636320255,0.03321168520235307,0.08970242233704491
PIALE,PIALE,0.18854358116913525,0.5950242786748747,0.08471507568310904,-0.010834641747533458,0.1425517062204147
PIALE,PIALE,0.20066613329306057,0.6529370237716106,0.14282433666066366,-0.05388615817932846,0.05745866445399361
PIALE,PIALE,0.18349359317208747,0.6681287683209818,0.05362314487169817,-0.07197021185959535,0.16672470549482823
PIALE,PIALE,0.12652721686207935,0.8134781155877291,0.17839648621476847,-0.17110045781478433,0.0526986391502073
PIALE,PIALE,0.20536345849399906,0.645532654683177,0.08903657914895619,-0.056468848186288056,0.11653615586015578
PIALE,PIALE,0.2576481341510088,0.5739530260521908,0.12905539927187493,-0.012432764900774662,0.051776205425699925
PIALE,PIALE,0.2937306391653701,0.5797109302016423,0.09528199333120752,-0.04688753490673325,0.07816397220851326
PIALE,PIALE,0.1858806014878978,0.6520590369868744,0.20610479601650197,-0.04113993524889187,-0.0029044992423827784
PIALE,PIALE,0.20713293267150612,0.7353127663155812,0.20221036334395953,-0.13098541188437818,-0.013670650446668937
PIALE,PIALE,0.3296305926106128,0.5751540303127012,0.13632330083537084,-0.025574670928153576,-0.01553325283053144
PIALE,PIAAT,0.43286937176985346,0.36988855021888917,-0.18108691669987764,0.08614256794390823,0.29218642676722745
PIALE,PIALE,0.3925620811188542,0.5581150262326707,0.07446994319408579,-0.06102310146077844,0.035876050915167115
PIALE,PIALE,0.443079357084196,0.5482134164166699,-0.022678530995644097,-0.08623572969389404,0.11762148718867194
PIALE,PIALE,0.470039422342234,0.47316284576453477,0.10304908355433398,-0.032231490284110376,-0.014019861376993563
PIALE,PIALE,0.33142892142220387,0.5823791690902507,0.22717963738305375,-0.03894298888191977,-0.10204473901358926
PIALE,PIALE,0.4368124756037928,0.5775117038495676,0.0694129995719098,-0.10722625952601544,0.02348908050074426
PIALE,PIALE,0.4403419605474028,0.589903488269896,0.21824557482714135,-0.10435187734608303,-0.1441391462983585
PIALE,PIALE,0.43392557804009546,0.5594375866117223,0.07898737940097988,-0.08502285298901635,0.01267230893621766
PIALE,PIALE,0.36177598802966615,0.5918278718171986,0.0951197255513116,-0.0626545932690602,0.013931007870882701
PIALE,PIALE,0.09187034369965097,0.6579665256052543,0.19098266659826313,-0.008732343094181472,0.06791280719101325
PIALE,PIALE,0.2416122102015325,0.6243506197456113,0.0847463870054394,-0.05929704422244925,0.10858782726986597
PIALE,PIALE,0.2046805760063129,0.7113919819366696,0.19980580062436576,-0.09601721786513856,-0.019861140702209477
PIALE,PIALE,0.201724466405942,0.7447236573110244,0.21474614903846945,-0.11579390324381161,-0.04540036951162487
PIALE,PIALE,0.22670313614036228,0.6069679028867446,0.027702020431916274,-0.03886247573174506,0.17748941627272194
PIALE,PIALE,0.2909664641473627,0.6525608482418485,0.0057555549425783725,-0.11775605684892376,0.16847318951713394
PIALE,PIALE,0.15890266203574166,0.783839320448421,0.19967122109149174,-0.1545400450312006,0.012126841455546523
PIALE,PIALE,0.21833167649474466,0.7163439726725214,0.11195924570206445,-0.13126697015106853,0.08463207528173808
PIALE,PIALE,0.21212232387413527,0.754316365886963,0.046389967365369406,-0.15375761455674158,0.1409289574302737
PIALE,PIALE,0.25060180246507,0.714683913200314,0.07843601775908934,-0.14361829463275017,0.09989656120827664
PIALE,PIALE,0.24817273923865973,0.6855662201128049,0.07421849747110279,-0.11160483278367661,0.10364737596110903
PIALE,PIALE,0.17538615944058716,0.7264360576756572,0.14248073628386834,-0.11029516989929439,0.0659922164991814
PIALE,PIALE,0.2148621857980363,0.6786563531135295,0.15278207454651904,-0.08658376166756299,0.040283148209478425
PIALE,PIALE,0.22317453168339105,0.6667424622965954,0.10226705218850474,-0.08875139776760516,0.09656735159911407
PIALE,PIALE,0.20126012065970733,0.6985038492002273,0.06026809859717447,-0.10610277497630732,0.14607070651919815
PIALE,PIALE,0.13603255654573893,0.7672849247996112,0.16182265057236336,-0.13083754933142705,0.06569741741371428
PIALE,PIALE,0.12085148031775766,0.7863159991001357,0.1893607773156082,-0.1445044434118513,0.04797618667834926
PIALE,PIALE,0.22208154975484765,0.7193628114473096,0.07189696891838443,-0.12941565458262605,0.1160743244620844
PIALE,PIALE,0.23939067588952048,0.7032126305640145,0.08459875118116786,-0.12210936117324889,0.09490730353854615
PIALE,PIALE,0.1316077469642279,0.6814968747802896,0.16194609555795053,-0.05171720978676553,0.07666649248429722
PIALE,PIALE,0.1413468781134548,0.7545649177231755,0.12777276078215707,-0.13464137646207802,0.11095681984329094
PIALE,PIALE,0.07499126366429171,0.8012063021107904,0.23223677941508908,-0.12193795447966588,0.013503609289495073
PIALE,PIALE,0.11011404650839363,0.7938826770253997,0.21409457257274261,-0.1549079744798313,0.03681667837329585
PIALE,PIALE,0.15639331312898802,0.725577910289297,0.17975731891781993,-0.11140376368403232,0.049675221347927186
PIALE,PIALE,0.10610236300726822,0.7086580641551676,0.1360591926379478,-0.06320023955630888,0.11238061975592567
PIALE,PIALE,0.2226467480953108,0.6847784206886409,0.00756881817050753,-0.11380629014323201,0.19881230318877338
PIALE,PIALE,0.07318953331655417,0.7208775062463268,0.1742409134314214,-0.05612409041862293,0.08781613742432078
PIALE,PIALE,0.1738913472804167,0.6665466865129535,0.13010493486126218,-0.055916820530652556,0.08537385187602031
PIALE,PIALE,0.24616557167852376,0.6509590544030917,0.09923053447160002,-0.08800864573820905,0.09165348518499346
PIALE,PIALE,0.22150535937185,0.7952451067089783,0.0771391943462928,-0.1953823950629891,0.10149273463586804
PIALE,PIALE,0.2299033388672779,0.6760682425591671,0.11260253834392797,-0.10089322582915755,0.08231910605878458
PIALE,PIALE,0.1959367928199512,0.6128866140157739,0.12233082740259167,-0.030795272207327917,0.09964103796901114
PIALE,PIAAT,0.4500074921829301,0.06284600037892726,-0.12555920103898127,0.3459300348100811,0.2667756736670422
PIALE,PIALE,0.18748076316250895,0.7026507699714943,0.23193502898757856,-0.09599565402822452,-0.02607090809335722
PIALE,PIALE,0.26504360079114153,0.6293540963455655,0.0802437090315141,-0.07767221024254034,0.10303080407431953
PIALE,PIALE,0.2842943856947563,0.41833077506540306,0.11528069093022633,0.11567098250072369,0.06642316580888996
PIALE,PIALE,0.15687678329639948,0.6177607858859415,0.19250161022320028,-0.008222431259816088,0.04108325185427493
PIALE,PIALE,0.1858968373814296,0.692039376168271,0.2034209830097671,-0.08597347956532109,0.004616283005853629
PIALE,PIALE,0.2707937666148474,0.6154637835146589,0.039019341412432795,-0.07353097273310932,0.14825408119117048
PIALE,PIALE,0.18125794574912768,0.5976111460214565,0.11527468980679834,-0.009480697699880636,0.11533691612249825
PIALE,PIALE,0.0021977169050009654,0.931690848847657,0.20501178005735676,-0.14942014184680585,0.010519796036791908
PIALE,PIALE,0.06261694231389754,0.7665177265754273,0.055893088392040546,-0.07546977743823302,0.19044202015686842
PIALE,PIALE,0.019237503098343378,0.9400237674619716,0.1857717720039546,-0.18498437198994694,0.039951329425677494
PIALE,PIALE,0.08354293091124833,0.7665557899057724,0.036264378784146345,-0.09264125430357839,0.20627815470241279
PIALE,PIALE,0.04989387310225499,0.8506972963489408,0.13069618683483916,-0.1271351730590624,0.09584781677302846
PIALE,PIALE,-0.032334898116529925,0.8351769692778348,0.17790800736756218,-0.08474801153457945,0.1039979330057138
PIALE,PIALE,0.08220224987347885,0.9007098547254502,0.09801650856022232,-0.1904551803974196,0.10952656723826848
PIALE,PIALE,0.044607860877439884,0.8276531809035819,0.10682456061846979,-0.09872456580888661,0.11963896340939603
PIALE,PIALE,-0.004344948835016196,0.896323564635388,0.19515921761521404,-0.11463417054978114,0.02749633713419653
PIALE,PIALE,0.058094454060147765,0.8993331265607073,0.10162723865317397,-0.17109240298680728,0.11203758371277857
PIALE,PIALE,0.07707776126487775,0.998221399521395,0.17829436996012368,-0.23979438504613387,-0.013799145700262132
PIALE,PIALE,0.07433141818720632,1.0037963168935402,0.20741689068250832,-0.23248623813351826,-0.05305838762973638
PIALE,PIALE,0.13575875351065997,0.9042043964543263,0.07176362343742443,-0.1968187326242543,0.08509195922184382
PIALE,PIALE,0.06178858650894503,0.9340097285471245,0.21425709438779217,-0.16154303068996106,-0.048512378753900166
PIALE,PIALE,0.1142064573446217,0.8840061888967221,0.09546859058941978,-0.17014340968298797,0.07646217285222533
PIALE,PIALE,0.07997718506750146,0.9280299374933498,0.16552614887513267,-0.18562728870937162,0.012094017273387908
PIALE,PIALE,0.1820266644690946,0.9732806303582103,0.05341063002884355,-0.28502606085175136,0.07630813599560322
PIALE,PIALE,0.07394832261660261,0.9783747945672941,0.14600175890200395,-0.23090698822059713,0.03258211213469688
PIALE,PIALE,0.011144262552717221,0.8891899794716083,0.1654765374020327,-0.13939771694031916,0.0735869375139614
PIALE,PIALE,0.07568970709684003,0.8411264629532418,0.08838015072866237,-0.14160881235285971,0.13641249157411617
PIALE,PIALE,-0.021808895049762522,0.9834500907523027,0.21806448500425812,-0.17761997636128335,-0.0020857043455142915
PIALE,PIALE,0.11846889553907122,0.917875754944131,0.038668735325492726,-0.2131513977964194,0.1381380119877255
PIALE,PIALE,0.08800836683860624,0.850172417548995,0.05084729242852826,-0.1472392919385559,0.15821121512242706
PIALE,PIALE,0.05972415297844083,1.00389216034592,0.13668659003308237,-0.24258180900564413,0.042278905648201
PIALE,PIALE,0.006179542663024562,0.9686059008840667,0.18679179851823258,-0.1779282308425068,0.01635098877718328
PIALE,PIALE,0.08688438848971235,0.9681097844791138,0.12724740494552597,-0.21057960976190498,0.028338031847553555
PIALE,PIALE,0.05504678950211088,0.9557487206396542,0.1455120409710116,-0.18752013382689448,0.0312125827141184
PIALE,PIALE,0.08876997452831009,0.9539656311603995,0.1630275477754079,-0.1992205155838903,-0.006542637880227319
PIALE,PIALE,0.09977398623541586,0.9360670823661585,0.1141546955745934,-0.18844789337000517,0.03845212919383736
PIALE,PIALE,0.03318800279692882,0.8847376018912159,0.19978355312950125,-0.10473276239487267,-0.012976395422772798
PIALE,PIALE,0.053386961328614535,0.87427282831343,0.1639084296767609,-0.1136917365948863,0.022123517276080674
PIALE,PIALE,-0.01930585511926411,0.8359410286164018,0.19929916663943925,-0.054826952086352576,0.03889261194977625
PIALE,PIALE,-0.024047392595937356,0.8548370420605651,0.2184097638351324,-0.06368377302621486,0.01448435972645526
PIALE,PIALE,0.09731404996921059,1.0077738517498365,0.14822409188936556,-0.23927228654048277,-0.014039707067930653
PIALE,PIALE,0.02041587781591933,0.9582841007015102,0.16632340361968312,-0.19214742122531225,0.04712403908820105
PIALE,PIALE,-0.022587088735324723,0.8496768736680632,0.1470267958865782,-0.08769659703736088,0.11358001621804534
PIALE,PIALE,0.12497804257640568,1.031044487346175,0.11393663316261149,-0.2871195818130006,0.017160418727808546
PIALE,PIALE,0.12754547047559353,0.9213749793632273,0.06509982795327723,-0.21825747297540637,0.10423719518330805
PIALE,PIALE,0.034985078682487264,0.8254824146595814,0.173356572335024,-0.058947143713332706,0.025123078036241184
PIALE,PIALE,0.024646813261260864,0.9114706566841312,0.19055399274403095,-0.12413598594321207,-0.0025354767462102204
PIALE,PIALE,-0.027483991955760054,0.7107188110710506,0.15603636946248764,0.06138143429513729,0.09934737712708516
PIALE,PIALE,-0.03951856392160011,0.7123815885897663,0.14754865681455412,0.057361406237280116,0.12222691228000049
PIALE,PIALE,0.08449844665554809,0.6034467254692544,0.01834400575267789,0.08965410292010592,0.20405671920241472
PIALE,PIALE,0.05444112881263911,0.7237641886226209,0.07737268854759094,0.00344279753128085,0.14097919648586946
PIALE,PIALE,0.13619646430229831,0.6904690812675067,0.01566791237340298,-0.014277940675458956,0.1719444827322516
PIALE,PIALE,0.06860872671040194,0.7413276426312905,0.10991431863625417,-0.023793856454393747,0.10394316847644725
PIALE,PIALE,0.00047996833805236117,0.7031440320310316,0.1460799444809437,0.04846222592057714,0.10183382922939604
PIALE,PIALE,-0.04380458507587556,0.7877203139529898,0.22019036783072948,0.023691249646462686,0.01220265364569438
PIALE,PIALE,-0.012748105253008207,0.8010728234297575,0.1775448249925476,-0.015992575962349542,0.05012303279305283
PIALE,PIALE,0.028363811956158717,0.7800055946061869,0.11237841276152222,-0.028378130848356442,0.10763031152448901
PIALE,PIATE,-0.0245777583801831,0.3439430167808226,0.2581834287632847,0.3591733887664754,0.06327792406960077
PIALE,PIALE,0.008595510862737632,0.419965721308205,0.23401151476550858,0.2806378158069354,0.05678943725661325
PIALE,PIALE,0.0018657576760708616,0.4535188431309316,0.23878626122370164,0.2492445428462399,0.05658459512305658
PIALE,PIALE,-0.016731682199950165,0.45270675568593566,0.22258194286491795,0.2589926454664666,0.08245033818263045
PIALE,PIALE,0.08778966817830999,0.5257789624842024,0.13707731299614123,0.1405645115282782,0.10878954481306863
PIALE,PIALE,-0.02953286189383464,0.4719018312882808,0.28944838584359184,0.2613889150269306,0.006793729735031652
PIALE,PIALE,-0.0287324139060762,0.4882165276198368,0.24443591991783767,0.23169141180672703,0.06438855456167508
PIALE,PIALE,-0.006390433664006295,0.37107767612851744,0.23142511693964682,0.31992202512278267,0.08396561547305964
PIALE,PIALE,0.0628113011637857,0.457115193749903,0.14914956731263218,0.20970914537655247,0.12121479239712757
PIALE,PIALE,-0.017761925993521527,0.42853461975869506,0.30535291643476037,0.2971578394196107,-0.013283449619544453
PIALE,PIALE,0.007424422151944665,0.50464844166553,0.2445252354871102,0.20683041322276025,0.03657148747265508
PIALE,PIALE,0.10597919331611226,0.550964797596406,0.15449551131803593,0.11212265812794484,0.07643783964150132
PIALE,PIALE,0.10293858160782215,0.5731586460415556,0.16531767046371315,0.09807399902624733,0.06051110286066186
PIALE,PIALE,0.026035214523664925,0.5408930169777071,0.2669049961875744,0.17472608508679138,-0.00855931277573798
PIALE,PIALE,0.01618835367712565,0.5244030168872275,0.26979909227992954,0.18725678629293754,0.00235275086277955
PIALE,PIARA,-0.3030281392132385,0.41417763916881806,0.44944948448824296,0.4151983147681028,0.024202700788075515
PIALE,PIARA,-0.34838059332444493,0.4246110124800585,0.46484456316116807,0.42379058892406024,0.03513442875915902
PIALE,PIALE,-0.06648917175006863,0.4027426233772016,0.29938867525044655,0.3366135505260394,0.02774432259638181
PIALE,PIALE,0.018178503299261975,0.4789283490268024,0.23161321258198775,0.2208093710766709,0.05047056401527768
PIALE,PIATE,-0.1183120353121756,0.36259197743487276,0.2943988600366868,0.3876166864261297,0.0737045114144873
PIALE,PIALE,0.049510049119942875,0.45524546218436984,0.23490238640386019,0.23238166240210484,0.027960439889722438
PIALE,PIALE,0.04506663568265563,0.4522897241168894,0.19936809370153968,0.22840649355174042,0.0748690529471756
PIALE,PIALE,0.06641371803821397,0.5500405806107895,0.2955615918845401,0.15936013321186443,-0.07137602374540838
PIALE,PIALE,0.07905809849695736,0.49895486539317335,0.2380265110976005,0.18045293059001488,0.003507594422253832
PIALE,PIALE,0.010615982961920428,0.4911515803550316,0.2873747725244148,0.21600579539762327,-0.00514813123899014
PIALE,PIALE,0.03371820092622993,0.4588986228636143,0.3196098149898614,0.23951468918842173,-0.051741327968127505
PIALE,PIATE,-0.29204227927152354,0.3683190256485352,0.40768619949313667,0.45910649963007993,0.05693055449977256
PIALE,PIALE,-0.20476350336477528,0.4308025782765172,0.3648859378761312,0.358663327754181,0.05041165945794651
PIALE,PIATE,-0.40939050901848917,0.32807896525279423,0.45555019891708576,0.5528938061358875,0.07286753871272297
PIALE,PIATE,-0.18404713259400335,0.3627222208688406,0.31664969702499557,0.408039681299454,0.0966355334007142
PIALE,PIALE,0.023350825309796763,0.4393777150266263,0.23604787095018415,0.2539547761865194,0.047268812526873136
PIALE,PIALE,-0.026283816170387525,0.4448289684873203,0.2951695663817633,0.275367899953658,0.010917381347646408
PIALE,PIALE,0.012687888313994145,0.44430405878882706,0.3480885186835859,0.28134764541288204,-0.08642811119928934
PIALE,PIALE,-0.021226835615901038,0.4085732804060446,0.32890493400377147,0.31380413461653345,-0.030055513410448535
PIALE,PIALE,0.016384389946434874,0.4637465746378812,0.3083637129027682,0.24322374309942174,-0.03171842058650632
PIALE,PIALE,0.005535486130712058,0.552793311704153,0.35041701228690864,0.1814972998673801,-0.09024310998915408
PIALE,PIALE,0.0410901616739731,0.5515157903902407,0.2982548293461992,0.15445374183931915,-0.045314523249732154
PIALE,PIALE,0.00021740481873025463,0.4080040434806297,0.3049435105287263,0.3129629711316768,-0.026127929959762757
PIALE,PIALE,-0.0171274526782378,0.3612094715819026,0.3093495556643114,0.3510652360921637,-0.0044968106601397315
PIALE,PIATE,-0.31978722905012763,0.3159779145915842,0.40007608467084976,0.5117351383081149,0.09199809147957977
PIALE,PIALE,0.016237104360527388,0.5867743870144915,0.2490500382933713,0.13371963132968934,0.014218839001920523
PIALE,PIALE,-0.05048140568191997,0.5661353148700186,0.31133070261543666,0.1928806086549243,-0.01986522045845867
PIALE,PIALE,0.0178296533519276,0.5966880020155779,0.2619145118278282,0.11740882055854374,0.006159012246123127
PIALE,PIALE,-0.06525111443794668,0.5622211312166181,0.31438543732370283,0.20196794607151256,-0.013323400173886286
PIALE,PIALE,0.0030382445101115735,0.566797300519152,0.28702595202006764,0.16648745908068727,-0.023348956130018562
PIALE,PIALE,-0.05814654823697096,0.585798044782941,0.350425075093702,0.18344819206153035,-0.061524763701202
PIALE,PIALE,-0.007042546417511841,0.5707502193814501,0.3403591625747812,0.1709420359441873,-0.07500887148290686
PIALE,PIALE,-0.012064174241026973,0.5696556044783809,0.23342293042477313,0.15066962495337952,0.05831601438449356
PIALE,PIALE,0.11326482908457079,0.5113213890120231,0.14221692398218824,0.13885674138891382,0.09434011653230417
PIALE,PIALE,-0.03755536187972114,0.5760822205563008,0.2839038015024986,0.17482994293706133,0.0027393968838605245
PIALE,PIATE,0.0469734668434809,0.2713318868191012,0.319543721000794,0.34482229592816666,0.017328629408457148
PIALE,PIATE,0.05086121662659654,0.28595625124246116,0.3261626703383783,0.328554427988364,0.008465433804199882
PIALE,PIATE,0.004099494867041531,0.2660522694616415,0.34872502608491274,0.37556041934739515,0.005562790239009095
PIALE,PIARA,0.06764316736899681,0.30381468784454907,0.3252153173829394,0.30930009595272706,-0.005973268549212395
PIALE,PIALE,0.03220995038041599,0.4078252849528826,0.3328605642745958,0.2221847315390019,0.004919468853103355
PIALE,PIALE,0.022154331284553186,0.39628975735627425,0.3545658118664136,0.23685740714603964,-0.009867307653280762
PIALE,PIATE,0.05897357783421352,0.28917082362437674,0.2713422265395426,0.3157897714316079,0.06472360057025908
PIALE,PIALE,-0.011356526858281618,0.3246146833083339,0.3171537742146594,0.31704895238513764,0.05253911695015107
PIALE,PIATE,0.05713473965063359,0.26705004531133414,0.2761023482285655,0.3369014031079668,0.06281146370150006
PIALE,PIATE,0.011772598661487776,0.282522152458971,0.3347849717427927,0.3481698362521207,0.022750440884627902
PIALE,PIALE,-0.030414223356238987,0.3938286962982695,0.3603975024380054,0.27698323949685594,-0.0007952148768916173
PIALE,PIALE,0.10096623557744334,0.40318906080383504,0.1648971302113846,0.1946203615565058,0.13632721185083158
PIALE,PIALE,-1.808587581343668e-05,0.4119663257010016,0.3191897188522693,0.24032165460039245,0.028540386722150295
PIALE,PIALE,-0.000429256064652217,0.4249052445586044,0.29794052198635895,0.22606380291773892,0.05151968660195015
PIALE,PIALE,0.025989023829188655,0.35040267765849353,0.28491872362065757,0.2834162839837131,0.055273290907947206
PIALE,PIALE,0.0014621983565984015,0.3792124652159107,0.3121366741945596,0.2712312267853605,0.035957435447571115
PIALE,PIALE,0.06651581923114089,0.35081992645801907,0.21906534419223483,0.2604299983908338,0.10316891172777151
PIALE,PIALE,-0.004828324116022242,0.3356892925090366,0.2677557730786783,0.30740384557383055,0.093979412954477
PIALE,PIALE,-0.01641387182996773,0.4117039209099457,0.30539683390672795,0.24650182317139735,0.05281129384189711
PIALE,PIALE,0.0208626111573523,0.39586587494079645,0.2687827750719116,0.24564643781507475,0.06884230101486519
PIALE,PIALE,-0.0017546236188235587,0.4258708004480224,0.2807907610460991,0.22748863091945276,0.06760443120524967
PIALE,PIALE,-0.003005599173989598,0.4579240685741217,0.25521651439969156,0.19902670255077015,0.09083831364940662
PIALE,PIALE,-0.010598161310340887,0.4367412344797686,0.2970167806448849,0.21825494858940236,0.058585197596285374
PIALE,PIALE,-0.043948814567508654,0.43252395170553903,0.3207202554175061,0.23800342995460655,0.052701177489857344
PIALE,PIALE,0.0021556969295276063,0.42072932547295927,0.2934587565790192,0.22819246354493886,0.05546375747355523
PIALE,PIALE,-0.04560087751433195,0.4529379268283762,0.3389233719098046,0.2233232301129835,0.03041634866316816
PIALE,PIALE,0.09399210133228705,0.40865807157793027,0.15917116637906503,0.19044219271847262,0.1477364679922457
PIALE,PIALE,0.017017243157994022,0.3980891495805673,0.27203323373903904,0.2486282394746184,0.06423213404778154
PIALE,PIALE,-0.006578852800911042,0.3678077191238005,0.2923731031224768,0.2849742664191614,0.06142376413547261
PIALE,PIALE,-0.0078882638383177,0.42686770484336856,0.33728764647514875,0.23741893307239167,0.00631397944740867
PIALE,PIALE,-0.009796984385593926,0.39724402411471404,0.29338785046867105,0.24535198143213974,0.07381312837006901
PIALE,PIALE,-0.009662156737621969,0.3873765660510759,0.30943628343646057,0.25370384790437883,0.05914545934570687
PIALE,PIALE,-0.059025600680350176,0.39191503824398943,0.30285379552682246,0.2760759758893594,0.08818079102017945
PIALE,PIALE,-0.012047388590960995,0.38621082692921516,0.291477184380028,0.25960814215959127,0.07475123512212667
PIALE,PIALE,-0.028475568578530286,0.40516628282522205,0.3077768875545016,0.24716254395949822,0.06836985423930882
PIALE,PIALE,-0.0998814993841465,0.39901419462400917,0.3774206000499279,0.2960653097573963,0.02738139495281354
PIALE,PIALE,-0.1017171141781398,0.39948015826213606,0.35780310305416696,0.2934089042379259,0.05102494862391152
PIALE,PIALE,-0.010949297082757298,0.3926140507330244,0.2593399780141201,0.2540080354566149,0.10498723287899825
PIALE,PIALE,-0.032365748635261204,0.3946425411771398,0.31236140945370605,0.261805571918709,0.06355622608570669
PIALE,PIALE,0.005779135266664764,0.41887276192318096,0.2746053523834402,0.22700124569068958,0.07374150473602482
PIALE,PIALE,-0.0558058258112229,0.45799682321237767,0.3417087355307923,0.2182132627230251,0.037887004345027994
PIALE,PIALE,0.02483448619564038,0.4394950436068827,0.26592856563462397,0.19698254116934044,0.07275936339351301
PIALE,PIALE,-0.05908029173934118,0.44859694478098655,0.34559861314595003,0.22783253108127405,0.037052202731130926
PIALE,PIALE,-0.037285817404409144,0.4707505524692325,0.3157592573732892,0.1957803130364546,0.05499569452543325
PIALE,PIALE,0.07052863512001624,0.38279870565567714,0.19078855596291378,0.22084640170157246,0.1350377015598208
PIALE,PIALE,0.07317404121575666,0.4418859975885555,0.20908608524523759,0.16809935066442805,0.10775452528602245
PIALE,PIALE,-0.05972748243104117,0.45209868541702136,0.34603458539182397,0.22537606188289727,0.036218149739298745
PIALE,PIALE,-0.025715652693893754,0.48667553671663927,0.3280988293042206,0.17484883667724707,0.03609244999578717
PIALE,PIALE,-0.04062893263553721,0.4622011691854745,0.3428341963483259,0.20698734620422626,0.028606220897510772
PIALE,PIALE,-0.06801063190779613,0.4612766496980589,0.3194404134693235,0.22114746865244006,0.0661461000879742
PIALE,PIALE,-0.29801482172195004,0.7311823170349787,0.3797895017193098,0.16762962103917348,0.01941338192848939
PIALE,PIALE,-0.32384407517162866,0.6976038776950011,0.3754434048017577,0.20077409484178999,0.050022697833081546
PIALE,PIALE,-0.283405544835083,0.8203235220305042,0.41361303393966165,0.07575462597591173,-0.026285637110993278
PIALE,PIALE,-0.238370430963382,0.8522966577442304,0.38253365598099964,0.02216324808910053,-0.01862313085094721
PIALE,PIALE,-0.32324737122500075,0.8943144202696736,0.4274665413552718,0.043362193509218716,-0.04189578390916216
PIALE,PIALE,-0.2764715115885268,0.9131079348371538,0.4249482625572493,-0.002549122823112926,-0.0590355629827627
PIALE,PIALE,-0.2680294007439993,0.8405004755842472,0.41225700594216635,0.04909118787735928,-0.033819268659771744
PIALE,PIALE,-0.24985064769475285,0.8928389754625549,0.42384825115477703,-0.0035352397893774756,-0.06330133913320066
PIALE,PIALE,-0.2946513502979211,0.740860462445408,0.37670772123233603,0.16132762132263717,0.01575554529754042
PIALE,PIALE,-0.20441722175138266,0.8093946984882339,0.3362639556498128,0.049287403137135144,0.009471164476201714
PIALE,PIALE,-0.26931982681707733,0.7178902199857322,0.35918083382352795,0.16309399327139112,0.029154779736427838
PIALE,PIALE,-0.25053068219807684,0.6664545828929396,0.33801041202485493,0.19272707241645126,0.05333861486383244
PIALE,PIALE,-0.25784625581408255,0.6175194450454848,0.34315141440039965,0.2373343579382019,0.05984103842999776
PIALE,PIALE,-0.22641842892843106,0.5157243844452051,0.26667051428431676,0.30269367808433023,0.14132985211458055
PIALE,PIALE,-0.19539715563024468,0.4657553752942467,0.20398161574660373,0.32646096101397304,0.1991992035754225
PIALE,PIALE,-0.224923623153847,0.541345875508117,0.2921098773176287,0.29525115271136737,0.0962167176167352
PIALE,PIALE,-0.1802215544180546,0.4958491985664628,0.23879747608463908,0.2954474266817765,0.15012745308517697
PIALE,PIALE,-0.25054298644546424,0.584243960667399,0.3483679516090131,0.2828671374725004,0.03506393669655322
PIALE,PIALE,-0.23716329701815336,0.5967356466367799,0.283132678914899,0.25097234878327856,0.10632262268319743
PIALE,PIALE,-0.1763422518130916,0.5776735662448248,0.289927388749113,0.25480212083057074,0.05393917598858394
PIALE,PIALE,-0.20354959008218226,0.5954881136161854,0.30731194474387435,0.2471123479476161,0.05363718377450696
PIALE,PIALE,-0.21303539111502418,0.554923174143091,0.3246712822175699,0.2917024811158205,0.04173845363854358
PIALE,PIALE,-0.14547840118189453,0.4865269753529681,0.2748973628721943,0.30460147755267364,0.07945258540405875
PIALE,PIALE,-0.25653968001068395,0.5441867590489822,0.35534853620588847,0.3052273456437503,0.051777039112064396
PIALE,PIALE,-0.21495075103538225,0.5722760115494481,0.2983760405330761,0.2694027106947413,0.07489598825811769
PIALE,PIALE,-0.1458609054333233,0.49124901460486203,0.2058244802578317,0.2872671267624901,0.16152028380814093
PIALE,PIALE,-0.2359669591874919,0.5596766575083498,0.33965958073943686,0.30517861876282465,0.0314521021768812
PIALE,PIALE,-0.10609777661239111,0.47770526783757183,0.13462368736286434,0.27772652658801095,0.2160422948239456
PIALE,PIALE,-0.23774741567910346,0.5449045591368847,0.36919160642085097,0.30669250238021295,0.016958747741155453
PIALE,PIALE,-0.15190652236528607,0.45484966503388347,0.1992854300082635,0.30547182485214747,0.19229960247099265
PIALE,PIALE,-0.33963860710866245,0.5830462737391944,0.37179665392787864,0.3099434415897585,0.07485223785183175
PIALE,PIALE,-0.3446616125058765,0.5951540113823912,0.37653120316041666,0.3016313049935974,0.07134509296947199
PIALE,PIALE,-0.1883139229244829,0.6416862001069995,0.21896801908680885,0.1773175507321446,0.1503421529985309
PIALE,PIALE,-0.368316623975558,0.5584276078335847,0.4090985561404372,0.3499786422640331,0.05081181773750476
PIALE,PIALE,-0.29533981452354846,0.6939839541148476,0.367144002348593,0.20637601174840978,0.027835846311699847
PIALE,PIALE,-0.314852403951001,0.571900512789243,0.35944279432962917,0.30613458501635854,0.07737451181577146
PIALE,PIALE,-0.1550975047635316,0.6145420128479121,0.25445669174672547,0.18769430069282486,0.09840449947607041
PIALE,PIALE,-0.2775787942706478,0.6468977800377804,0.3862052400767896,0.24172671522589662,0.002749058930182187
PIALE,PIALE,-0.38454827032848393,0.6200308671907875,0.4224516713950245,0.3151624053811846,0.02690332636148892
PIALE,PIALE,-0.19520381706815915,0.6113448040995527,0.3313317261919155,0.2223356469684334,0.030191639808258047
PIALE,PIALE,-0.21194058229156887,0.8767726890563258,0.32938144273179953,-0.023992840214609568,0.02977929071805331
PIALE,PIALE,-0.19215076233995154,0.8873424007380848,0.3467199877191357,-0.02985560201444637,-0.012056024102821673
PIALE,PIALE,-0.21774902188584128,0.8976080157480666,0.32944587889257143,-0.0380947162057097,0.028789843450914322
PIALE,PIALE,-0.2295602551090391,0.8984620962878468,0.3207068495533504,-0.042730909691388985,0.05312221895923279
PIALE,PIALE,-0.24067983711237328,0.8764395857416984,0.32156149790047656,-0.022635670973304878,0.06531442444350408
PIALE,PIALE,-0.1810408763909911,0.8782315425017415,0.3098188818795882,-0.03286986068780923,0.025860312697472056
PIALE,PIALE,-0.1864167466201052,0.9116115331324,0.3534829281498615,-0.048226708650797756,-0.030451006011357785
PIALE,PIALE,-0.21441593307208795,0.8316763663756617,0.3115773092503735,0.022118677629439587,0.04904357981661454
PIALE,PIALE,-0.22155466729296702,0.8040318761663087,0.32005026242537327,0.04554537023294308,0.05192715846834309
PIALE,PIALE,-0.24286012242496563,0.8240991273777202,0.3133288325782715,0.034040344590439864,0.07139181787853519
PIALE,PIALE,0.020120594022623783,0.5392399510526902,0.28599261696574574,0.09440648442701857,0.06024035353192194
PIALE,PIALE,0.09526141768563295,0.5558395947907351,0.3044201641163631,0.04510168336542547,-0.0006228599581560787
PIALE,PIALE,0.023585407509511713,0.6363906288668814,0.3971742285379486,0.014880394632346028,-0.07203065954668866
PIALE,PIALE,0.0517487397816917,0.6569272091441483,0.36536540139635937,-0.023243212436289074,-0.05079813788591051
PIALE,PIALE,0.06584402068965217,0.6491248912175728,0.35311484046410874,-0.025383222515391157,-0.042700529855942755
PIALE,PIALE,0.02925325411874713,0.6202024092153944,0.39309891651101087,0.022430278002032233,-0.0649848578471838
PIALE,PIALE,0.06321422451558645,0.6062117877370053,0.30157947941959473,0.010846484850270621,0.01814802347754274
PIALE,PIALE,0.04190372873689263,0.5693732620972242,0.3432714066460496,0.0636798562220604,-0.018228253702226672
PIALE,PIALE,0.06109401417916366,0.6192499594981695,0.35827331021046704,0.009442639945276887,-0.04805992383307676
PIALE,PIALE,0.05508964082465084,0.6656243499743527,0.3708572845570125,-0.02908553490944893,-0.06248574044656697
PIALE,PIALE,0.05121415931736861,0.6945762709072749,0.39098551239913326,-0.055878504762445436,-0.08089743786133213
PIALE,PIALE,-0.01361405411705724,0.6210386897385614,0.3877569979076027,0.04189664082684286,-0.03707827435594952
PIALE,PIALE,0.04463005810574028,0.6694718893906988,0.40598623408853646,-0.029883547622723994,-0.09020463396225145
PIALE,PIALE,0.0570204030271691,0.6586731626940565,0.36789727019946045,-0.030647697143325603,-0.05294313877736013
PIALE,PIALE,0.0611400621922078,0.6436469975449235,0.3689129360138922,-0.011685002080254026,-0.062014993670768855
PIALE,PIALE,0.06000819443626437,0.7182867459779418,0.39952259267726864,-0.08092466643529883,-0.09689286665617555
PIALE,PIALE,0.052972896306937245,0.6449539199639054,0.3628382596542028,-0.017900124198525158,-0.04286495172652078
PIALE,PIALE,0.05665378612695415,0.6307854755151049,0.35006823793963676,-0.008881183612588106,-0.028626315969107814
PIALE,PIALE,0.024480129520341176,0.6610984148143952,0.40464475815871215,-0.009501325365852631,-0.08072197712759607
PIALE,PIALE,-0.03741904780618133,0.6434938402892065,0.4136113665194473,0.03534237490897402,-0.05502853391144693
PIALE,PIALE,0.09638827146606421,0.46824923653446165,0.2959197053007637,0.12911504559041,0.010327741108300134
PIALE,PIALE,0.10578330998016422,0.47624152061983516,0.2984525041279971,0.11975054061950513,-0.0002278753475014883
PIALE,PIALE,0.14750289421276447,0.4671267174135074,0.2630325389517318,0.1074205104006278,0.014917339021368381
PIALE,PIALE,0.11328095378882905,0.4694154980318914,0.25980510277683017,0.11842595571918041,0.03907248968326875
PIALE,PIALE,0.1470019953893934,0.46182272393368073,0.2798208070915974,0.11050207382354263,0.0008523997617852219
PIALE,PIALE,0.17827162629858465,0.4273878015954134,0.23553821876586706,0.13158756195922905,0.027214791380905524
PIALE,PIALE,0.1750683638205441,0.43069309056021643,0.24345477767409382,0.12572561656549827,0.02505815137964701
PIALE,PIALE,0.1326036922042365,0.4044794069292007,0.27390960735877634,0.17233872308156806,0.016668570426217923
PIALE,PIALE,0.16716052244642474,0.3630425628150394,0.25822311644992413,0.1961436114549669,0.015430186833644548
PIALE,PIALE,0.10942469795261961,0.470159577519365,0.28568868227154653,0.12149588284319954,0.013231159413269196
PIALE,PIALE,0.06484388941358721,0.42273123275326885,0.309053959758967,0.17893105167191264,0.024439866402264428
PIALE,PIALE,0.0196123538746604,0.39914592980630026,0.2803860439287862,0.22299819293282824,0.07785747945742484
PIALE,PIALE,-0.002195133543072242,0.43086522825186274,0.3153947167989253,0.20526018820034383,0.05067500029194051
PIALE,PIALE,0.08514192820082683,0.4150802853280872,0.3100390066197962,0.17905904851512483,0.010679731336165198
PIALE,PIALE,0.05341165958810046,0.4225405700093983,0.30326494724634034,0.18461913527262433,0.036163687883536494
PIALE,PIALE,-0.0035752835596224164,0.3820258152841618,0.3277009411765187,0.25314715125398296,0.04070137584495865
PIALE,PIALE,0.08232329781240719,0.3931398156505683,0.28117399738040194,0.19839654269971946,0.044966346456902874
PIALE,PIALE,0.033262324824619355,0.3767612884252027,0.2798802197341663,0.23568836079769998,0.07440780621831188
PIALE,PIALE,0.024512192172218145,0.37113162938884836,0.3055015247885645,0.24455569111220415,0.05429896253816462
PIALE,PIALE,0.10806165631616446,0.36417901100335287,0.14305481725449049,0.2088615828614519,0.1758429325645405
PIALE,PIATE,0.03678855254020791,0.23860011452752597,0.2772861954654347,0.3879290769386109,0.05939606052822104
PIALE,PIATE,0.04208506041183724,0.21630006780274275,0.25859773285446414,0.4034488369912661,0.07956830193969094
PIALE,PIATE,0.0865430023561285,0.23279005991001311,0.2266218635104773,0.3648296707458954,0.08921540347748447
PIALE,PIATE,0.04973871171085548,0.19918260502125604,0.23351009131887523,0.4164326148059486,0.10113597714306527
PIALE,PIATE,0.05469709233028375,0.19207463444715808,0.23980311880647137,0.4201758805152864,0.09324927390080145
PIALE,PIATE,0.044509985822471676,0.22484301797470008,0.25309509172998546,0.3969052526288891,0.08064665184395292
PIALE,PIATE,0.06061596576130068,0.23438364584568425,0.25230278894149694,0.38031781442843193,0.07237978502308633
PIALE,PIATE,0.0790538345800243,0.2511860274795713,0.27259109826682826,0.3557280794838491,0.04144096018972718
PIALE,PIATE,0.05558158908434657,0.24454948483509917,0.26198703917879,0.3725892429901535,0.06529264391161027
PIALE,PIATE,0.08210592933392946,0.255248656861104,0.2399268175080499,0.3469735460898182,0.07574505020709821
PIALE,PIATE,0.2650256272769048,0.12539842584209399,0.12737416697524262,0.36583659196499396,0.11636518794076428
PIALE,PIATE,0.2452959239384195,0.1902006571423567,0.14911870153785847,0.3094827024600018,0.10590201492136331
PIALE,PIATE,0.2774485837780298,0.17085953714799046,0.12174445862436975,0.31873234443434034,0.11121507601527006
PIALE,PIATE,0.28546291202388574,0.19152880651339688,0.12710165951556313,0.295457853393924,0.10044876855323023
PIALE,PIAAT,0.2953523035345911,0.20163478551273326,0.12209488283371009,0.2870961208028834,0.09382190731608214
PIALE,PIATE,0.28678935320981663,0.1924444505420324,0.135529913965805,0.29209039707811363,0.09314588520423206
PIALE,PIATE,0.2982061785142215,0.18191136486064746,0.1542428491005568,0.3008604524178087,0.0647791551067648
PIALE,PIATE,0.26906905675839354,0.1676476925352575,0.13072390037123843,0.3258783947924948,0.10668095554261567
PIALE,PIATE,0.2840067552040096,0.13185139209870478,0.11716040201231184,0.3560395342713324,0.11094191641364079
PIALE,PIATE,0.2738975812176711,0.16639551002628783,0.12979117754170427,0.32494881825324895,0.10496691296108805
PIALE,PIALE,0.1978876208696012,0.3256146331333437,0.16368777942771318,0.21391353413198316,0.09889643243735813
PIALE,PIALE,0.2014074124577888,0.4082297169089846,0.1943550032616164,0.13625566984460316,0.059752197527007035
PIALE,PIALE,0.21539127583166512,0.3852682355478727,0.16163595952072113,0.14994866657271547,0.0877558625270255
PIALE,PIALE,0.1831778749674375,0.392552372204009,0.19749905597385006,0.1601383738473862,0.06663232300731764
PIALE,PIALE,0.21275456651281652,0.4418647528436293,0.14848765543437226,0.090187192159498,0.10670583304968376
PIALE,PIALE,0.17226070189682663,0.3849622070625176,0.1916587808273139,0.17398817948898487,0.07713013072435676
PIALE,PIALE,0.22055428478921602,0.4369905056318031,0.15977807929218288,0.0969784371300064,0.08569869315679156
PIALE,PIALE,0.21496588640979392,0.42939416322732954,0.1737135704492063,0.10807531313072236,0.07385106678294796
PIALE,PIALE,0.25960430572668575,0.3531194154463764,0.1260157159757825,0.15965295597035725,0.10160760688079826
PIALE,PIALE,0.2544542679156089,0.3578532922456583,0.14678194428032604,0.1578476758587623,0.08306281969964446
PIALE,PIALE,-0.039700018045875,0.5111664193138803,0.35215653153682364,0.16457432666489244,0.011802740530279042
PIALE,PIALE,-0.04274125140600635,0.5204790988409966,0.3415254800441283,0.1540675969845353,0.02666907553634667
PIALE,PIALE,-0.0264734624585945,0.523157857187962,0.35164292206717,0.14951010072503013,0.002162582478432956
PIALE,PIALE,-0.04459728457310602,0.48747272131624286,0.351078452381206,0.18705658656698676,0.01898952430867048
PIALE,PIALE,-0.04403451108384371,0.42417560797645215,0.35264352082578215,0.2523797919105005,0.014835590371109639
PIALE,PIALE,-0.06417206037387474,0.4888881162234798,0.34635904769259285,0.19435414510347765,0.03457075135432467
PIALE,PIALE,-0.04416972897797994,0.4498442142791477,0.33446320021556064,0.2219566948359667,0.037905619647305204
PIALE,PIALE,-0.0749434151791708,0.5011439566415409,0.3249519769109379,0.18750753325221534,0.061339948374477454
PIALE,PIALE,-0.08933580492103202,0.4916040660607468,0.3113779990918015,0.20485068985637356,0.08150304991211067
PIALE,PIALE,-0.05703148445342582,0.5039768572496992,0.30164134845202434,0.16989654278969157,0.08151673596201094
PIALE,PIATE,0.15024588926738602,0.20951968824798417,0.18126155880024286,0.35464873073954256,0.10432413294484424
PIALE,PIATE,0.18658780086646704,0.2553100088643262,0.1703927186094447,0.2954540947310975,0.09225537692866417
PIALE,PIATE,0.17419489616091066,0.2702289779806103,0.17825214651404309,0.2883001918442941,0.0890237875001423
PIALE,PIATE,0.13773698769664022,0.276633373399072,0.1810430543216838,0.29269531712652286,0.11189126745608058
PIALE,PIALE,0.1875603293080138,0.29730783206408323,0.17673248245468334,0.2581534342628424,0.0802459219103766
PIALE,PIATE,0.17393221161868166,0.2519039551712716,0.17916317932644402,0.30324868252151715,0.0917519713620852
PIALE,PIATE,0.15722333544072586,0.24819682529150583,0.1931019785749542,0.3154932428351265,0.08598461785768727
PIALE,PIATE,0.14933933264751326,0.25070121486412716,0.18012927158109387,0.31908375835363023,0.10074642255363492
PIALE,PIALE,0.11096776536461284,0.31596108035773135,0.1783658821148104,0.26656001138811586,0.12814526077472924
PIALE,PIALE,0.13013236387581273,0.2920487695089212,0.20264181975158072,0.2849685048953779,0.09020854196830747
PIALE,PIAAT,0.34895693543285006,0.28756165462364275,0.10728952526042684,0.18745252369364895,0.06873936098943119
PIALE,PIAAT,0.33417115365447303,0.2806156013285229,0.12210006556478663,0.19849976596659585,0.06461341348562111
PIALE,PIAAT,0.34460018953928373,0.28424783996322434,0.1288340548270684,0.1920290607192543,0.05028885495116808
PIALE,PIAAT,0.3418187643086221,0.22452367978030566,0.12542053717136922,0.2454937245123685,0.0627432942273343
PIALE,PIAAT,0.3183347048084294,0.23554895389214547,0.13461318203954686,0.2509149821285626,0.0605881771313149
PIALE,PIAAT,0.30998868723408585,0.19878086124942,0.16077088998167977,0.2918073020569067,0.03865225947790751
PIALE,PIAAT,0.3513901112898055,0.209126177216269,0.1255647223705949,0.2647547052055411,0.049164283917789
PIALE,PIAAT,0.3349783233745674,0.1843050728817352,0.1265594736073239,0.2948552876706145,0.05930184246575792
PIALE,PIAAT,0.3628280867378769,0.24227184503957133,0.12821598747467997,0.22406685431324164,0.042617226434629264
PIALE,PIAAT,0.370269371420308,0.2348548858204998,0.11987609523360487,0.22873184934514398,0.04626779818044269
PIALE,PIALE,-0.05901763863748016,0.37358240595058706,0.339834257786232,0.32600281024237426,0.01959816465828689
PIALE,PIALE,-0.08369205575923816,0.47287928271718704,0.30845222097005137,0.233627287186093,0.06873326488590713
PIALE,PIALE,-0.018900772300059876,0.4304434434924564,0.3406197507592449,0.2480170399234593,-0.00017946187509989414
PIALE,PIALE,0.028169655363632418,0.45035729699497046,0.3190986046589327,0.2072531615511089,-0.004878718568644309
PIALE,PIALE,-0.06144452943526241,0.3925994556067899,0.33372481747582516,0.30244143082618297,0.03267882552646439
PIALE,PIALE,-0.05234654968305119,0.4135799720949242,0.33048519326098613,0.2825198004657439,0.025761583861397333
PIALE,PIALE,-0.017905003471585135,0.3728929928228713,0.32956372238948656,0.30354031125742864,0.011907977001799436
PIALE,PIALE,-0.05641693327874303,0.41074242686709156,0.33973088696382253,0.2878152911400114,0.018128328307817507
PIALE,PIALE,-0.04123744228308707,0.442420642203536,0.29248702229088264,0.24441386955752958,0.06191590823114058
PIALE,PIALE,-0.04874294185318617,0.4243118098972499,0.3347527178628803,0.2709903900617539,0.018688024031302403
PIALE,PIALE,-0.04142590771871785,0.4357305359096397,0.3459467155689303,0.2537985582219997,0.005950098018148581
PIALE,PIALE,-0.028063763502257866,0.4171939361588661,0.31879884844939443,0.2621600300539867,0.029910948840011678
PIALE,PIALE,-0.051460768467639806,0.4213857951785391,0.33999797508671936,0.2724026438471762,0.017674354355205826
PIALE,PIALE,-0.07553159954888916,0.4280530953446309,0.3412633486331078,0.2793491799135539,0.026865975657597567
PIALE,PIALE,-0.08591939770604773,0.4273656716835998,0.3154882123994413,0.2786440399771481,0.06442147364585994
PIALE,PIALE,-0.07430132535497402,0.4356110298439827,0.3312220521143795,0.26768904539611293,0.039779198000499665
PIALE,PIALE,0.0027203393732114223,0.38085769776882966,0.29810609130393295,0.28748321813251065,0.030832653421515345
PIALE,PIALE,-0.049577946364346315,0.3986321333377034,0.34061668954217805,0.29711103941057987,0.013218084073884702
PIALE,PIALE,-0.02115753165987916,0.4061049069634778,0.3206059888685031,0.270279513906706,0.024167121921192372
PIALE,PIALE,-0.009223893626788049,0.38210003754010935,0.3204354636532506,0.29394402905734845,0.012744363376080585
PIALE,PIALE,-0.05245556513996308,0.5044282889795562,0.36122207670116147,0.19595151234173652,-0.00914631288249055
PIALE,PIALE,-0.053943730175922744,0.5374756860929767,0.3619886136444791,0.1617076793232791,-0.00722824888481189
PIALE,PIALE,-0.05566151374960909,0.45258991390432224,0.3699375908860726,0.24737067575190827,-0.01423666679269451
PIALE,PIALE,-0.04291294766014708,0.5430676668273958,0.34743086152080027,0.14715498322607407,0.005259436085877318
PIALE,PIALE,-0.08810584306788671,0.5083728824522793,0.3714417767910565,0.2064769672872921,0.0018142165372597094
PIALE,PIALE,-0.04589923126040757,0.5470348403338776,0.33858616051334495,0.14482432778564386,0.0154539026275409
PIALE,PIALE,-0.08557848621721326,0.5814178429325849,0.33852965844008853,0.13011845588795007,0.03551252895659059
PIALE,PIALE,-0.024345996131458214,0.5486723020006178,0.299286683076903,0.1328051841667835,0.04358182688715479
PIALE,PIALE,-0.029400767565550323,0.5669409857102762,0.2987578523560039,0.11763454269058182,0.04606738680868861
PIALE,PIALE,-0.02840136750704758,0.5088069933362867,0.2756382761998892,0.1714455697251766,0.07251052824569469
PIALE,PIAAT,0.31686742325536543,0.24661826827421743,0.11007235439932311,0.2531477944466935,0.0732941596243995
PIALE,PIALE,0.2979096226696556,0.2993392113349983,0.11892891095791813,0.20697533299329401,0.0768469220441334
PIALE,PIAAT,0.2649607934402806,0.2572435042715626,0.14465910253845765,0.26091732326415235,0.07221927648554578
PIALE,PIAAT,0.2972294675316044,0.2556735262854531,0.11974077108668468,0.25559895634847474,0.07175727874778237
PIALE,PIAAT,0.31329619770788464,0.2545262501393206,0.13528097194115835,0.2570903628451026,0.03980621736653339
PIALE,PIATE,0.29070875388573914,0.22346845425173734,0.1177442595204001,0.2918112407564345,0.07626729158568896
PIALE,PIALE,0.27549051275643976,0.3238029332079472,0.11590950196618999,0.19368957968518508,0.091107472384237
PIALE,PIALE,0.25118850484309296,0.3152841377441698,0.15108629300269766,0.2097726387669541,0.07266842564308561
PIALE,PIALE,0.2694396309165338,0.28991846226139173,0.14772408059141068,0.2283712582123888,0.06454656801827449
PIALE,PIALE,0.27661880313248866,0.3122030097430781,0.12808524050565684,0.20434502739912375,0.07874791921965224
PIALE,PIALE,0.2886745645681244,0.6788043615492156,0.09696222776634827,-0.14984864651729507,0.08540749263360699
PIALE,PIALE,0.23429824446184722,0.3669496919900822,0.10989600278909722,0.14364257599118593,0.1452134847677881
PIALE,PIALE,0.26305269387484875,0.5446344082339899,0.11915888859574736,-0.022397484935987755,0.0955514942314015
PIALE,PIALE,0.23326717101458502,0.5436367108305126,0.14723094707481854,-0.003797280782479928,0.07966245186256443
PIALE,PIALE,0.25629185918790826,0.5205582523784393,0.14140442769290262,0.00447753732596029,0.07726792341478962
PIALE,PIALE,0.2340012905177337,0.3345058753487807,0.133669039665517,0.1744161130903785,0.1234076813775899
PIALE,PIALE,0.2667690408594552,0.5595798954495711,0.11403704054083749,-0.0458945799242827,0.10550860307441917
PIALE,PIALE,0.23706609328563613,0.24810536009717393,0.10537605898211139,0.23548705248008428,0.17396543515499355
PIALE,PIALE,0.23953756338639653,0.5232166257809826,0.13020608340934942,0.004951035548737659,0.10208869187453415
PIALE,PIALE,0.22245136708106183,0.49675422056507823,0.1288139706523173,0.037100858227796074,0.11487958347374722
PIALE,PIALE,0.17516408313288487,0.6342816911823629,0.15742434276241069,-0.06790472539857006,0.10103460832091199
PIALE,PIALE,0.18454936044171874,0.7148006012803557,0.16100858794857942,-0.14104969936136175,0.08069114969070806
PIALE,PIALE,0.1683489573448306,0.6347186147058637,0.16601770111744338,-0.0571519620111276,0.08806668884299097
PIALE,PIALE,0.1480965019272667,0.6280050964236424,0.1602174521015863,-0.045939338071922575,0.10962028761942688
PIALE,PIALE,0.18201860227578415,0.6607086320975867,0.13479005990064766,-0.08616771375804527,0.10865041948402629
PIALE,PIALE,0.14876586403007147,0.6055565552838007,0.16318092901918796,-0.014803580744002232,0.09730023241094152
PIALE,PIALE,0.15812851998154442,0.600913003616002,0.17522285736859367,-0.01286246492321591,0.07859808395707653
PIALE,PIALE,0.14326221970519565,0.6802725904811033,0.16087741221547397,-0.08642771360065171,0.10201549119887945
PIALE,PIALE,0.15260388468121402,0.7107911567407748,0.16597392831988655,-0.11677944144624253,0.08741047170436755
PIALE,PIALE,0.17622574003876001,0.7350443058561372,0.14799803788338373,-0.1516126879778118,0.0923446041995322
PIALE,PIALE,0.13036448365041192,0.544874508735628,0.2350354571907006,0.05850020256002522,0.03122534786323416
PIALE,PIALE,0.19322354024917798,0.5210714005887505,0.2074818456751155,0.04881322286246531,0.02940999062449083
PIALE,PIALE,0.09728500746223945,0.46444361072434037,0.2717337856723208,0.15356939428950106,0.012968201851598776
PIALE,PIALE,0.13759628803817076,0.49545304313037786,0.22998771018728886,0.10537575288357892,0.03158720576058425
PIALE,PIALE,0.11597889190176366,0.5568327927827237,0.24959876655137447,0.04944301990585359,0.028146528858284885
PIALE,PIALE,0.1425736221860827,0.5991314880465406,0.22762202489796113,-0.002532966649362256,0.033205831518778595
PIALE,PIALE,0.12861406725034882,0.6682089490731082,0.19997598997673183,-0.06717833095886627,0.07037932465867774
PIALE,PIALE,0.11229116711667922,0.628885990588719,0.22488550221631814,-0.01880819960006097,0.05274553967834439
PIALE,PIALE,0.12400877045888764,0.6093894413744171,0.21542946252810485,-0.007803375961600634,0.05897570160019078
PIALE,PIALE,0.12581712102071818,0.5945695111101018,0.22458967445053346,0.007451958075153975,0.047571735343492544
PIALE,PIALE,0.2562415090016641,0.7253228440615902,0.14474384783052024,-0.19346641547035154,0.06715821457657754
PIALE,PIALE,0.2688226257695607,0.68380028463638,0.13087048829467018,-0.1535327198218316,0.07003932112122044
PIALE,PIALE,0.2567397323220871,0.6569877690419219,0.13696985899465383,-0.12022665044804953,0.06952929008938699
PIALE,PIALE,0.1918198735779093,0.6522356140082445,0.1608807090673533,-0.0832943660367263,0.07835816938321907
PIALE,PIALE,0.18324302652455038,0.6005545052338731,0.15320313856694331,-0.03317530810294239,0.09617463777757523
PIALE,PIALE,0.20424238619013024,0.7621860930598103,0.1575805179548136,-0.20238435361016344,0.07837535640541037
PIALE,PIALE,0.24010073437158524,0.7398669047963451,0.13547877489006216,-0.19385378905048772,0.07840737499249555
PIALE,PIALE,0.24086918206111602,0.7452363097312048,0.1341377587570895,-0.20149394966819273,0.08125069911878223
PIALE,PIALE,0.27390944375139037,0.7506902433684322,0.11082708410035633,-0.22185114565023728,0.08642437443005678
PIALE,PIALE,0.18513700563644062,0.7133700129693152,0.1595589522822793,-0.1414556801609556,0.08338970927292083
PIALE,PIALE,0.054624876509313164,0.6820525757052459,0.26181941763886646,-0.043584332140498616,0.04508746228707253
PIALE,PIALE,0.1532661349225577,0.6601556779882242,0.23978231499361005,-0.06750624605063815,0.014302118146247149
PIALE,PIALE,0.1674857806954443,0.6097038054259791,0.23593307264146934,-0.024605348987860653,0.011482690224967333
PIALE,PIALE,0.18182646723047402,0.5027352132877874,0.22463679303233458,0.07023374730423598,0.020567779145168073
PIALE,PIALE,0.1804394229136509,0.4811351643677563,0.20400125892517576,0.09441413633233342,0.04001001746108329
PIALE,PIALE,0.2471506793898855,0.5289186250283382,0.14923410809426474,0.013694379482388386,0.061002208005123223
PIALE,PIALE,0.11273038932906604,0.5130368918218651,0.23119249403735903,0.09541241426527558,0.04762781054643431
PIALE,PIALE,0.10294653096478129,0.6690182332833898,0.23155658595042622,-0.05030909309718218,0.046787742898584804
PIALE,PIALE,0.15358058941722716,0.6101355388061742,0.2316041379592233,-0.019991739505038908,0.024671473322414143
PIALE,PIALE,0.09787112355616426,0.69253165460366,0.2562982308069325,-0.07550368580840655,0.02880267684164943
PIALE,PIALE,-0.054109538681917674,0.727279605321718,0.3161231294797012,-0.04311413717853391,0.05382094105903286
PIALE,PIALE,-0.0671862057891362,0.7592774262623756,0.3258479683551771,-0.06791938311022555,0.04998019428180914
PIALE,PIALE,-0.06997674183474467,0.738839812443807,0.3010281667880361,-0.04575051876187575,0.07585928136477815
PIALE,PIALE,-0.067203642385292,0.8006910462000288,0.29829127792954147,-0.11290326111411703,0.08112457936983955
PIALE,PIALE,-0.11083489420642034,0.7027370909991923,0.34480170145149486,0.006824808096760671,0.05647129365897434
PIALE,PIALE,0.10427370050974594,0.4324144036208117,0.19277870531847507,0.14679980432541614,0.12373338622555166
PIALE,PIALE,-0.07006508846828546,0.5650850478463438,0.3216515056314412,0.12507113630659425,0.05825739868390688
PIALE,PIALE,-0.012276820499510843,0.6399360806491471,0.29779148745129186,0.021091021469074434,0.05345823092999723
PIALE,PIALE,0.07915331854611862,0.46208812657072695,0.22184969444839336,0.1372395026717909,0.09966935776297034
PIALE,PIALE,-0.012949055059102765,0.6938199139047865,0.33894355019185896,-0.025875602829853406,0.006061193792310508
PIALE,PIALE,-0.35967547240598835,0.7262534733979737,0.49261800876330974,0.09948774809857316,0.04131624214613312
PIALE,PIALE,-0.36925987956493217,0.7552812556484162,0.4961898641153129,0.07668694956178787,0.04110181023941646
PIALE,PIALE,-0.28611445534266466,0.7501610866293178,0.45895723167153735,0.039249483150494424,0.037746653891315894
PIALE,PIALE,-0.29477461628382357,0.7173747673655362,0.4544291348012561,0.07481387161856093,0.04815684249847137
PIALE,PIALE,-0.14861633775134642,0.7404761446569781,0.3769469034508015,-0.021376937141643848,0.05257022678521128
PIALE,PIALE,-0.05523074619152285,0.7219853670824515,0.3284328165948807,-0.052586042790722876,0.05739860530491359
PIALE,PIALE,-0.22753589729879065,0.7191208259908299,0.41399843932491776,0.03967997871160672,0.05473665327143727
PIALE,PIALE,-0.22477290670698574,0.7077423134201988,0.42571748870358483,0.046550433746859965,0.04476267083634333
PIALE,PIALE,-0.23575012033817838,0.7429649442810453,0.44771873792163175,0.01714654437641122,0.027919893759091166
PIALE,PIALE,-0.3605411459660401,0.7365648041961226,0.5002522961480029,0.08896307662595765,0.03476096899595745
PIALE,PIALE,-0.09091043008304805,0.6475041986219612,0.3630135612178296,0.046751060977888614,0.03364160926536973
PIALE,PIALE,-0.12170957855439313,0.6869875421686451,0.3781649765721023,0.020991370324907332,0.035565689488738436
PIALE,PIALE,-0.06022680722584184,0.6969239658965625,0.36617391279968026,-0.018617585754385768,0.015746514283984984
PIALE,PIALE,-0.06217075862281235,0.7003749985735164,0.37281792906213795,-0.021526667494323803,0.010504498481481932
PIALE,PIALE,-0.1184362606937088,0.6510103313674076,0.363334594645204,0.05708108944868012,0.047010245232417924
PIALE,PIALE,-0.12192074720863055,0.6538844509306853,0.37284593494042634,0.054603268985247366,0.040587092352273396
PIALE,PIALE,-0.07068849259234636,0.6438023984699366,0.3686571937933602,0.0383669404005576,0.0198619599284919
PIALE,PIALE,-0.06106822682811372,0.5649080082505582,0.36853799610197735,0.11663205184754599,0.010990170628031891
PIALE,PIALE,-0.052124308091954424,0.6729989384177166,0.3537799180117114,0.006126644909496548,0.019218806753030684
PIALE,PIALE,-0.09211617879995643,0.6148244504432133,0.3679354743242574,0.08189427814586983,0.027461975886616502
PIALE,PIALE,-0.17190360748615208,0.6731673389851452,0.3754234348239207,0.06090955812764162,0.062403275549445206
PIALE,PIALE,-0.11360544887522966,0.7143854111857796,0.3687134417750747,-0.009010520226007457,0.03951711614038305
PIALE,PIALE,-0.21577072114913998,0.6771752309178904,0.40052673192417304,0.0785061203821942,0.059562637924883574
PIALE,PIALE,-0.11039872662740871,0.6846073853407384,0.36410767965644264,0.0169864262919735,0.04469723533825459
PIALE,PIALE,-0.12177716404441327,0.6956240963532827,0.3792244715849348,0.015082663196291313,0.03184593290990474
PIALE,PIALE,-0.0768718405249364,0.7568363455639986,0.3681422000269981,-0.06161808060353874,0.013511375537478922
PIALE,PIALE,-0.04638370054508656,0.676852407318051,0.34311502894224344,-0.005910802621867439,0.03232706690665996
PIALE,PIALE,-0.19906633926846062,0.6766185512126474,0.4019732157055611,0.06929802995053308,0.051176542399720304
PIALE,PIALE,-0.23056986284038672,0.6845806072911307,0.417402312553888,0.0770642524948553,0.051522690500514515
PIALE,PIALE,-0.07466562894708278,0.6995789654716361,0.35772505627283235,-0.013851150533484846,0.031212757736099942
PIALE,PIALE,0.01988780293070952,0.4874256319712573,0.2780344538700952,0.14383384150751413,0.07081826972042465
PIALE,PIALE,0.07831502258927445,0.545730567142783,0.26510854249491167,0.05625901181370668,0.05458685595932434
PIALE,PIALE,0.054178879452881246,0.5141726972120138,0.25272409426518194,0.09533569130079178,0.08358863776913156
PIALE,PIALE,0.07102831423342593,0.47840255822007005,0.24174631772988184,0.12069323884129049,0.08812957097533128
PIALE,PIALE,0.07159991863728338,0.48433286063903436,0.2477967703580303,0.11420484288660784,0.08206560747904473
PIALE,PIALE,0.0175656767453386,0.4757939324673682,0.2582706779115509,0.15102043078316155,0.0973492820925809
PIALE,PIALE,0.0928191989479743,0.4649526131118824,0.22215643225792156,0.12478319352059813,0.09528856216162387
PIALE,PIALE,-0.03249417378843855,0.47929486811852584,0.28602286860007464,0.1767605156000199,0.09041592146981903
PIALE,PIALE,0.023601495197214273,0.5267377473212654,0.2751882234439343,0.10284942788556839,0.07162310615201876
PIALE,PIALE,0.0049314686600001045,0.5173996417901011,0.26368612320761664,0.11802688444246204,0.09595588189982035
PIALE,PIATE,0.14130739269584364,0.1741576747738414,0.22065258175936667,0.3774177067235317,0.08646464404741672
PIALE,PIALE,0.19462293280821794,0.34856830246076137,0.20730101381915286,0.20365959656503368,0.04584815434683424
PIALE,PIALE,0.16706568024037,0.38704306634793606,0.20045568539905367,0.18554391660302724,0.0598916514096127
PIALE,PIALE,0.2149768471772583,0.39234351152513636,0.17096051977033166,0.15239064789801215,0.06932847362926106
PIALE,PIALE,0.18911204394081865,0.34353783264273996,0.2039733325918209,0.21737280970846176,0.04600398111615877
PIALE,PIALE,0.2317925501830581,0.397443931053426,0.17885116084289626,0.14635259928434738,0.04555975863627213
PIALE,PIALE,0.26880306255899267,0.4074950117214309,0.1851816925484283,0.11644687445080928,0.0220733587203384
PIALE,PIALE,0.17572478086216664,0.39907490848401184,0.2161759012178258,0.17582008501343604,0.03320432442256002
PIALE,PIALE,0.1706842631650008,0.4279159944811446,0.19213021575517872,0.1493424975303363,0.059927029068339806
PIALE,PIALE,0.16207756517298919,0.4881521691625986,0.23685639675825057,0.09935191119238146,0.013561957713780375
PIALE,PIALE,0.12803661244652892,0.39509391058083543,0.21276610246911953,0.203423956943453,0.06067941756006316
PIALE,PIALE,0.17606395545464504,0.4917651159657904,0.2049712082799476,0.08984439249691059,0.0373553278027055
PIALE,PIALE,0.1682653511030689,0.40419027663667495,0.21886864420444807,0.17635358278697377,0.03232214526883357
PIALE,PIALE,0.17987128137766306,0.4359496205766679,0.2001950337714698,0.13883400827204345,0.04515005600215521
PIALE,PIALE,0.24872634526802956,0.4671376068781736,0.1704723646813661,0.07652231906269985,0.037141364109730325
PIALE,PIALE,0.20111624216501456,0.4305217000233129,0.17896143734097092,0.13109754415014752,0.058303076320554446
PIALE,PIALE,0.14508824093967998,0.466272591733272,0.21940227629642176,0.12939486434910674,0.03984202668152005
PIALE,PIALE,0.15711862970168072,0.4995035678516987,0.1906496436121352,0.08598726389750624,0.06674089493697906
PIALE,PIATE,0.14709257869497694,0.2787019875878997,0.20034266069632484,0.28261190042467504,0.09125087259612336
PIALE,PIALE,0.19275223294783578,0.4525839083513448,0.17588916630768395,0.11242460986546593,0.06635008252767
PIALE,PIALE,0.2159834052303944,0.3481461329155505,0.2088401258685963,0.21564928042142692,0.01138105556403176
PIALE,PIATE,0.2197010760164868,0.24414033136832242,0.21293936423636478,0.31626328387086755,0.006955944507958389
PIALE,PIALE,0.2732390421741416,0.35123275165039486,0.11517803167388019,0.18068640961413163,0.07966376488745161
PIALE,PIATE,0.17373068000845132,0.25754270167026566,0.23392353446925912,0.3248852503283024,0.009917833523721067
PIALE,PIATE,0.2096458153759021,0.23437318760033288,0.19680632697051798,0.33170937467828704,0.02746529537495966
PIALE,PIALE,0.16878019742953948,0.33293395100194095,0.2123211489094663,0.25933003035973373,0.026634672299319213
PIALE,PIATE,0.17742135737196674,0.28618380344713407,0.18528485744695927,0.2953739524006189,0.0557360293333216
PIALE,PIALE,0.25885871694808804,0.2903497125668679,0.18308048052813913,0.2509937423410596,0.016717347615845188
PIALE,PIALE,0.2205379489749567,0.3298953774576174,0.20025039242141274,0.23358237638149115,0.015733904764521918
PIALE,PIALE,0.218057387995991,0.3026627316239594,0.20450461791392688,0.2592229360345673,0.015552326431555179
PIALE,PIALE,0.2149490931531151,0.4244044339054067,0.15242816961410302,0.13818488138795382,0.07003342193942144
PIALE,PIALE,0.22170760060262096,0.421032030889981,0.1960641823934552,0.14291695093510784,0.01827923517883525
PIALE,PIALE,0.22426419519942664,0.4181619007516295,0.1870833896160859,0.1450994959132927,0.02539101851956481
PIALE,PIALE,0.25288039657516254,0.40079014184469114,0.16379515028436775,0.14418503073251604,0.038349280563263054
PIALE,PIALE,0.24878295685954016,0.3797969495131477,0.17060214997149759,0.1678236855200913,0.032994258135722966
PIALE,PIALE,0.27744943006028006,0.34364551964950857,0.15923476129921116,0.185550583753939,0.034119705237060226
PIALE,PIAAT,0.27565278538878324,0.2571015056350124,0.14933557006436768,0.2675949964845796,0.05031514242725683
PIALE,PIALE,0.2765247422573022,0.36053038467615584,0.17633632722553033,0.16858852122059578,0.01802002462041577
PIALE,PIALE,0.24157301034600423,0.4059746518342858,0.19871496068085817,0.141373261106992,0.012364116031859357
PIALE,PIALE,0.22018278229482935,0.4490470721250547,0.23351098480106505,0.11609020604874234,-0.018831045269691878
PIALE,PIAAT,0.304981661763834,0.276851982993807,0.09529518942267556,0.23022453399450737,0.09264663182517502
PIALE,PIAAT,0.3410019035989663,0.2408648472671288,0.06997770555425889,0.24714529981609273,0.10101024376355186
PIALE,PIAAT,0.3152909883641691,0.2131937997321088,0.07089862568492744,0.28661171803713203,0.11400486818166197
PIALE,PIAAT,0.32648210814619044,0.26461137762184755,0.05543846628402954,0.2318941455735738,0.1215739023743583
PIALE,PIAAT,0.3373201717052674,0.2591157824625175,0.0656289768707296,0.2332530596862456,0.10468200927523962
PIALE,PIAAT,0.3220689897182593,0.19709538841353913,0.08736305368362857,0.29903814843340876,0.09443441975116448
PIALE,PIAAT,0.34809861874484416,0.1908601878402384,0.07374926386742853,0.292485841126654,0.09480608842083547
PIALE,PIATE,0.2733438402663165,0.1871374375523342,0.13003663473022076,0.3374617251803125,0.07202036227081585
PIALE,PIAAT,0.30464277620312735,0.20991778983639425,0.0990614081563791,0.2990387741019729,0.08733925170212575
PIALE,PIATE,0.2681953264336979,0.2108480933781439,0.1356660359810603,0.3170235890994699,0.0682669551076276
PIARA,PIATE,0.22602667923890704,-0.03125718970187452,0.07885789921706796,0.5400107937358231,0.1863618175100766
PIARA,PIATE,0.13724077578169147,-0.10165684752739118,0.19477567050560965,0.6569589852196422,0.11268141602044722
PIARA,PIATE,0.21032304091828993,-0.0745315301638344,0.12570850541615108,0.5847920915335529,0.1537078922958399
PIARA,PIATE,0.19254091754887642,-0.12427400257023563,0.10984663019605048,0.6421068848055216,0.1797795700197872
PIARA,PIATE,0.2380184763985366,0.011640585754812416,0.030543208794223425,0.4990117759215643,0.2207859531308633
PIARA,PIATE,0.15803990036102236,-0.14978325722268498,0.1765925692772466,0.6870668476094044,0.1280839399750119
PIARA,PIATE,0.14703356291573,-0.07901905637882956,0.11938617728881187,0.6286441590625113,0.18395515711177693
PIARA,PIATE,0.12269533977045763,-0.12271774482556941,0.21385737787359965,0.6877748076747832,0.09839021950672866
PIARA,PIATE,0.10852285460331612,-0.1801175054395754,0.22230559804008504,0.7489036338233848,0.100385418972788
PIARA,PIATE,0.13101687215267413,-0.10139903795235428,0.20323023844088547,0.6751269774013653,0.09202494995742833
PIARA,PIATE,0.1619193217954759,-0.15305884977332196,0.17289717245085973,0.689929709650126,0.12831264587685945
PIARA,PIATE,0.20003322926827044,-0.22281116473165552,0.20011946114143003,0.7446064373758715,0.07805203694608351
PIARA,PIATE,0.21086255475195137,-0.2651762500489595,0.22292997887589674,0.7837019875801743,0.047681728840936945
PIARA,PIATE,0.1986046434025589,-0.2402506395872117,0.22006968695490817,0.7682345273217261,0.05334178190801833
PIARA,PIATE,0.19307931920014887,-0.24358867425392927,0.2136747477616613,0.7603726402540353,0.07646196703808264
PIARA,PIATE,0.2028730005614383,-0.27459418511746025,0.2252277176334782,0.7865116380310162,0.05998182889152625
PIARA,PIATE,0.2101448271310625,-0.2795001037294995,0.21092864530793046,0.7800065753919896,0.07842005589851561
PIARA,PIATE,0.22544500138926107,-0.2593969225466217,0.17423099928562397,0.747230863111235,0.11249005876050117
PIARA,PIATE,0.23742493075091106,-0.23635125452574668,0.16531544460410152,0.7258056152397694,0.10780526393096385
PIARA,PIATE,0.2558612313388112,-0.2533842003407384,0.1395894912293482,0.7251802127869864,0.13275326498559165
PIARA,PIATE,0.15271431439463062,-0.08456515084013294,0.2476067738130589,0.6275127992940497,0.056731263338393845
PIARA,PIATE,0.1456408511323557,-0.04724295812392165,0.23381084020597379,0.6071192944072966,0.06067197237829497
PIARA,PIATE,0.1427239724464201,-0.014620678453081626,0.21142145226805897,0.5725571383371667,0.08791811540143497
PIARA,PIATE,0.13163570745487022,-0.04636384812097927,0.22089494011110733,0.6105718237866391,0.08326137676836236
PIARA,PIATE,0.12210873872512165,-0.051422628067192666,0.24833051208771442,0.6219228639968831,0.059060513257473274
PIARA,PIATE,0.17149262841309118,-0.031501876287099995,0.14834504763470813,0.5737891298525526,0.13787507038674773
PIARA,PIATE,0.10792772161199887,-0.07050059912714801,0.269627999122809,0.6540040520049479,0.038940826387391894
PIARA,PIATE,0.13190635153645897,-0.1720888705721878,0.24043486090962526,0.7223462510420113,0.0774014070840921
PIARA,PIATE,0.09989916647282926,-0.19564362210555986,0.25229521121455056,0.7715514790205764,0.0718977653976029
PIARA,PIATE,0.1656921201347944,-0.0792623808766193,0.2260744871619375,0.6201993997175919,0.06729637386229544
PIARA,PIATE,0.013882303058690093,0.1496568161615443,0.2635298531556258,0.5374651980633368,0.03546582956080312
PIARA,PIATE,0.11875867917442395,0.07456447470955962,0.21842499376297975,0.5233552896176654,0.06489656273537014
PIARA,PIATE,0.10738329879700509,0.02630820668282341,0.24293089005211727,0.5793371049988831,0.04404049946917093
PIARA,PIATE,0.11200016937927748,-0.053966499048631655,0.2220085689725384,0.6252176259287868,0.09474013476802876
PIARA,PIATE,0.1444393032493329,-0.01580384950801844,0.16814913206005794,0.5807830350908877,0.12243237910773982
PIARA,PIATE,0.1374913264738814,-0.06224466255510219,0.181231461950824,0.6218465387370173,0.12167533539337941
PIARA,PIATE,0.12351424748534473,-0.1443724130114441,0.27292055102641766,0.7008663824943226,0.04707123200535855
PIARA,PIATE,0.13544636017597872,-0.11313675786029415,0.2517429193043722,0.6724799956734078,0.053467482706534314
PIARA,PIATE,0.14406743869370112,-0.12955917016587815,0.25193586163374293,0.6773704127558711,0.056185457082562326
PIARA,PIATE,0.1508811868725311,-0.09631044956135615,0.20433598122888028,0.651693088124957,0.08940019333498787
PIARA,PIATE,0.12251318696586863,-0.027635770373086177,0.2441149203020317,0.6101252507711639,0.0508824123340216
PIARA,PIATE,0.15002890594384968,-0.016710097997386708,0.2241332077647591,0.5894640881845381,0.053083896104239574
PIARA,PIATE,0.1470827993864249,-0.07096065174636079,0.26568160825709675,0.6311975946982644,0.02699864940457538
PIARA,PIATE,0.1466588444695962,-0.10025252931349904,0.2626011305465359,0.6628144678687441,0.028178086428622958
PIARA,PIATE,0.15399199674241074,-0.07479915301119,0.24140421231618148,0.6358481958068639,0.04355474814573352
PIARA,PIATE,0.20971803427361707,0.09119070182170264,0.047234214703246014,0.44217458555006084,0.2096824636513735
PIARA,PIATE,0.18573443514605484,-0.0051377637516905605,0.15163343603680368,0.5435717151356239,0.12419817743320838
PIARA,PIATE,0.14610201244579693,-0.010038389355000454,0.13330833493261485,0.5703321211711871,0.16029592080540178
PIARA,PIATE,0.18479446668024724,-0.030646523557315508,0.1599850835409802,0.5690440288261585,0.11682294450992897
PIARA,PIATE,0.15274720281828202,0.060783078152770786,0.1704584180481924,0.512093288372871,0.10391801260788332
PIARA,PIALE,-0.1046486685021839,0.6263712792193117,0.29552088017975425,0.09065434613172985,0.09210216297138862
PIARA,PIALE,-0.1962843171919258,0.6313756704795744,0.36604375175240045,0.12954078606933422,0.06932410889061771
PIARA,PIALE,-0.1711538475673423,0.6202695925653425,0.3500290095463179,0.12612119695304677,0.07473404850263629
PIARA,PIALE,-0.18880028678225014,0.5808078028182758,0.3586492363000027,0.17139238714048752,0.07795086052348499
PIARA,PIALE,-0.14439133405234766,0.5645930540924291,0.37405617336651875,0.17646713693762295,0.029274969655777496
PIARA,PIALE,-0.19950140672603567,0.5867968444335527,0.39798458366335143,0.17584840717041406,0.03887157145871831
PIARA,PIALE,-0.24983943734206915,0.565001277652978,0.45517125612650366,0.23000090268760603,-0.00033399912501794887
PIARA,PIALE,-0.18057085457974092,0.4988334917319688,0.4138668614301135,0.257410440713804,0.010460060703855419
PIARA,PIALE,-0.2680136053438868,0.6630751701258247,0.4302570139303218,0.13771190294662128,0.03696951834111996
PIARA,PIALE,-0.25409893293322783,0.7373067416192512,0.5127980224268684,0.052684576438813,-0.04869040755170407
PIARA,PIALE,-0.00782908220387446,0.34932480512536657,0.3350278852005716,0.3136264068041911,0.009849985073745286
PIARA,PIALE,-0.0002835556116746185,0.3897083083051594,0.3336588878868423,0.2720981564805228,0.004818202939150307
PIARA,PIARA,-0.020661938279142172,0.35707610799710693,0.35815335687455063,0.31729360991761435,-0.011861136510129495
PIARA,PIALE,0.04759594511756757,0.393382857259305,0.2262774603502883,0.23394152052864048,0.09880221674419903
PIARA,PIALE,0.03270896496916338,0.38913774965307324,0.26043505806324013,0.25155360853793873,0.06616461877658478
PIARA,PIARA,-0.027395346737190185,0.3378433955985719,0.34775102367651345,0.33523045734404083,0.006570470118064366
PIARA,PIARA,-0.03750492653377188,0.3254322352824665,0.3615943694267578,0.3516239785283283,-0.0011456567037805634
PIARA,PIATE,0.0029516395421399777,0.3055478405282453,0.3356545041851396,0.3508026691435888,0.005043346600886366
PIARA,PIARA,-0.002444420780284229,0.31722635862199844,0.3630358048373353,0.34786601381795046,-0.025683756497000006
PIARA,PIATE,0.01336819025943592,0.3032147814581262,0.34300985313498433,0.34938553034842557,-0.008978355200972156
PIARA,PIALE,-0.01915027379990694,0.532079725873715,0.28824269835924854,0.14238401075908888,0.05644383880785481
PIARA,PIALE,0.009063268911894407,0.536127260100068,0.2803462290237224,0.12439364998253313,0.05006959198178236
PIARA,PIALE,-0.0161110104744408,0.5110346588862116,0.3163427931622683,0.16238716009578003,0.02634639833018118
PIARA,PIALE,-0.10276039166868742,0.5960827828835824,0.38813560735362723,0.12723070755228622,-0.008688706120808111
PIARA,PIALE,-0.13979770317583287,0.5679788800746406,0.4069240788673382,0.1718077347471947,-0.006912990513340177
PIARA,PIALE,0.05807205828579749,0.5354337367494181,0.19534452760613433,0.0959474621492846,0.1152022152093658
PIARA,PIALE,0.03735233445507083,0.5107012175010524,0.2607129161822864,0.13452412725035487,0.05670940461123568
PIARA,PIALE,0.017326053947088277,0.5112934419459976,0.2799079729176823,0.14363815662158505,0.047834374567647005
PIARA,PIALE,-0.05110569772005574,0.603609396731614,0.30028201703438717,0.0849965953103661,0.0622176886436891
PIARA,PIALE,-0.06206146313417668,0.5994254031032172,0.3197390400905564,0.09828441601991755,0.04461260392048558
PIARA,PIALE,0.048804662058695436,0.5863092374711277,0.28030483003212675,0.06782661138182258,0.016754659056227673
PIARA,PIALE,0.002225361924824476,0.5996467294872141,0.29081134618250604,0.07070388140386918,0.03661268100158669
PIARA,PIALE,-0.09530701486848087,0.634485807203542,0.3109294942765506,0.09472911639934778,0.05516259698904116
PIARA,PIALE,0.02644439914919533,0.6126023237756563,0.24533522720305156,0.04939150223544525,0.06622654763665192
PIARA,PIALE,-0.07857704888151643,0.6107880268060645,0.3753201501117814,0.1179572790922688,-0.025488407128598047
PIARA,PIALE,0.005101657464504139,0.580295697797971,0.32734828687737616,0.09517535578428915,-0.007920997924140256
PIARA,PIALE,-0.14335529455450474,0.5955104490266488,0.4734093298424017,0.16756549322649378,-0.0931299775410395
PIARA,PIALE,1.736674150154549e-05,0.6107027541529717,0.36027035362051096,0.06894204586356711,-0.039932520378551085
PIARA,PIALE,-0.11156923375756006,0.5979779901833908,0.4339167416904779,0.13861546915762618,-0.058940967273934254
PIARA,PIALE,0.036365302702193514,0.597954705556113,0.24111118677697346,0.05089271013058397,0.07367609483413659
PIARA,PIALE,-0.052162669124593386,0.441247114092841,0.336207032760092,0.2496732297848014,0.025035292486859498
PIARA,PIALE,0.00419004698276039,0.45864718931354587,0.2908861073746415,0.20506186478164584,0.04121479154740665
PIARA,PIALE,-0.03642242756244393,0.4586553797647659,0.31008444602939156,0.22347763969118375,0.044204962077103054
PIARA,PIALE,-0.07066701538551132,0.4185729112152593,0.39058603963683936,0.28577611022598126,-0.024268045692568248
PIARA,PIALE,-0.05885987873346729,0.454002032683794,0.3550258034791913,0.2420913902553208,0.007740652315161481
PIARA,PIALE,-0.04834971826074572,0.45165462099808695,0.32530263453649355,0.23742120496159091,0.033971257764574506
PIARA,PIALE,0.00984999390844618,0.48160855546303827,0.3123237723619971,0.18419851829652428,0.012019159969994427
PIARA,PIALE,-0.011956029704437043,0.5072271819563237,0.331364371475997,0.17110138591887822,0.0022630903532382327
PIARA,PIALE,0.025659879717753686,0.5447711283854095,0.2521550315844729,0.10899790910472584,0.06841605120763855
PIARA,PIALE,-0.10000658072647733,0.5277275240680561,0.3922842125408156,0.19780409848792685,-0.017809254370320833
PIARA,PIATE,0.07194342874585744,-0.051576857565687695,0.24042600266408018,0.6263198212140458,0.11288760494170375
PIARA,PIATE,0.07340724101370269,-0.06587583264118457,0.18866636233963946,0.6325562236644466,0.17124600562339612
PIARA,PIATE,0.1377707209212431,0.021917376205304095,0.08766393368978212,0.5182519515944849,0.23439601758918585
PIARA,PIATE,0.04158595907914878,-0.09152682551295221,0.21908760078009648,0.6704211888551179,0.16043207679858865
PIARA,PIATE,0.036897174783981745,-0.0884101676203019,0.19974449161404384,0.673826103540786,0.17794239768149064
PIARA,PIATE,0.10123759843959587,-0.24762921157998585,0.18813381360762896,0.7850570123231124,0.17320078720964804
PIARA,PIATE,0.22765639451573794,-0.1586423500139913,0.09949740512947114,0.6372665315664234,0.19422201880235823
PIARA,PIATE,0.12011791049239459,-0.1926757840187847,0.16244449318527082,0.7226428493788335,0.18747053096228578
PIARA,PIATE,0.14056858384345197,-0.10953441483744197,0.17880174837932844,0.6373373547145542,0.1528267279001076
PIARA,PIATE,0.20857365930209015,-0.032435187823236455,0.1005254074370627,0.534115864760854,0.1892202563232291
PIARA,PIATE,0.1619130967786825,0.05262280414706033,0.1796383883220874,0.4834621909441801,0.12236351980798998
PIARA,PIATE,0.14118028046907555,0.059030754676254016,0.1761930854379849,0.4895912643894569,0.13400461502722835
PIARA,PIATE,0.18273708797941232,0.033858347679503076,0.12152286527237632,0.48734935968078374,0.17453233938792442
PIARA,PIATE,0.10307843269782074,-0.05429964102120444,0.1174371814779461,0.6027301042263806,0.23105392261905722
PIARA,PIATE,0.16171118226887995,-0.036446457538621135,0.1357621288129051,0.5617152570382302,0.17725788941860585
PIARA,PIATE,0.19145746052338974,-0.053481553287801076,0.18058125961439292,0.5668606819194318,0.11458215123058652
PIARA,PIATE,0.21300915522103384,-0.00716268234048667,0.131666504439248,0.5087805499530815,0.1537064727271233
PIARA,PIATE,0.2169852725558676,-0.009497998164374466,0.1540754401056536,0.5108325157091246,0.12760476979372817
PIARA,PIATE,0.21859647291579004,0.07338867625833723,0.07168005649999545,0.4301897504309437,0.2061450438949332
PIARA,PIATE,0.27458690496256916,0.008406297118881245,0.03554154790748365,0.46032878146326195,0.22113646854780408
PIARA,PIATE,0.10873855576605747,0.24187196387912085,0.1923764779720034,0.3334359288023563,0.12357707358046185
PIARA,PIATE,0.18552198993948324,0.20140505124796937,0.08344287043427032,0.33272638493623985,0.19690370344203734
PIARA,PIATE,0.18270239377454858,0.2183909728239913,0.09397352352848867,0.3094702637874395,0.1954628460855321
PIARA,PIATE,0.19617548993183664,0.11742746116012825,-0.033693987131040215,0.39904833642092463,0.32104269961815074
PIARA,PIATE,0.12756149705204978,0.21562609898351276,0.2173395155342149,0.34945386750774293,0.09001902092247929
PIARA,PIATE,0.11241898217061137,0.10862150626465444,0.19131745746414153,0.45505962510130593,0.13258242899928702
PIARA,PIATE,0.03888321165701561,0.13011013928798423,0.28606486993168323,0.4744043401918826,0.07053743893143456
PIARA,PIATE,0.040843311725491466,0.13800181631836095,0.28464141482804695,0.4711378798753641,0.06537557725273675
PIARA,PIATE,0.0825160029638553,0.15728614308778205,0.2437176566350669,0.4267615395441252,0.08971865776917032
PIARA,PIATE,0.052711193436359854,0.13508579583788724,0.27139637022343976,0.4615783194949373,0.07922832100737592
PIARA,PIATE,0.11988967084884805,0.2559459904913626,0.2832960327684989,0.3186955709610033,0.02217273493028661
PIARA,PIATE,0.09842379594237594,0.18398874783383923,0.31556655243772447,0.4090704368408457,-0.007049533054785527
PIARA,PIATE,0.06897574406258156,0.20495833683507453,0.3225773176528433,0.39918692086368435,0.004301680585815919
PIARA,PIATE,0.024268189529014217,0.15671730223028119,0.3022549670305497,0.46252319528205643,0.05423634592809877
PIARA,PIATE,0.0708658801766546,0.10221474247268691,0.30797558018641796,0.49746478360392304,0.021479013560317436
PIARA,PIATE,0.09213231433610303,-0.03879851830853992,0.2711922630913519,0.6094355686541147,0.0660383722269696
PIARA,PIATE,0.06664084210700694,0.10019688031817237,0.262319443770694,0.49118587750990417,0.07965695629422241
PIARA,PIATE,0.1249934926318371,0.14333857272829395,0.20640336414848742,0.4198547658704232,0.10540980462095853
PIARA,PIATE,0.08561869663086893,0.12151798368145658,0.20649982535411981,0.46490431363591556,0.1214591806976392
PIARA,PIATE,0.0556775729810792,0.10654803944189203,0.252718329807998,0.4910854831093733,0.09397057465965769
PIARA,PIALE,0.25946548742986664,0.298999419871223,0.08125082197141073,0.21030598221259392,0.1499782885149054
PIARA,PIAAT,0.29334968024842834,0.2188857075502979,-0.032824067388069866,0.2692510822270441,0.2513375973623001
PIARA,PIALE,0.19542170420639865,0.28271411684515463,0.1218685714958983,0.26096457973106946,0.13903102772147893
PIARA,PIATE,0.1906754154683537,0.209766021094754,0.13658497225008698,0.3333069684413458,0.12966662274545937
PIARA,PIATE,0.08159866610428901,0.25562427725544506,0.25659787153385305,0.3463805152272808,0.05979866987913186
PIARA,PIALE,0.13143693149347846,0.32980946693767405,0.22553265397909897,0.2516972799018846,0.06152366768786359
PIARA,PIALE,0.11686200863390933,0.3494010321763087,0.2449262362780712,0.24223294827168762,0.04657777464002368
PIARA,PIATE,0.08834033553402282,0.2567602684638672,0.3042457213474731,0.3462408401856362,0.0044128344690000515
PIARA,PIALE,0.09468656825029725,0.3460868508755197,0.25129866858398964,0.2515105196396446,0.056417392650548695
PIARA,PIATE,0.11022849196434242,0.18944866721389075,0.2503164751680861,0.4017795169333479,0.04822684872033289
PIARA,PIALE,-0.03230308844634716,0.5108600684534601,0.23201795301935985,0.179682304605657,0.10974276236787046
PIARA,PIALE,0.055471918818245314,0.5423014802281836,0.11422507679509508,0.10015229458343244,0.18784922957504352
PIARA,PIALE,0.0013324456690766429,0.515588753495509,0.19753447933958032,0.154123369897317,0.13142095159851772
PIARA,PIALE,-0.008801469324056677,0.4965185487835971,0.19878506406798624,0.1772667915133651,0.13623106495910967
PIARA,PIALE,-0.01005337739572787,0.5096692560095156,0.23117526281331674,0.16983620775129882,0.09937265082159703
PIARA,PIALE,0.08527258235837565,0.5408102021236278,0.0957967498299867,0.081822627301056,0.19629783838695272
PIARA,PIALE,-0.03357079890654702,0.5435971723586637,0.21730917203977693,0.13994968598361712,0.13271476852448993
PIARA,PIALE,0.042852496518438477,0.5527359091853512,0.09428898115728243,0.09354663173437466,0.21657598140455478
PIARA,PIALE,-0.057740820114463076,0.5257646777934045,0.23239025765881904,0.1725052417743929,0.1270806428878476
PIARA,PIALE,-0.1481178026029829,0.537852202485283,0.30487722000530726,0.2041224595822304,0.10126592053016333
PIARA,PIALE,-0.2463232196350728,0.5028140045218559,0.34517485472617715,0.29173930825448335,0.10659505213255763
PIARA,PIALE,-0.18491566597996878,0.44484233661763467,0.32828116796305723,0.316892134345299,0.09490002705397835
PIARA,PIALE,-0.15951574008214836,0.5079659067305363,0.3248146275773516,0.24353419414633587,0.08320101162792481
PIARA,PIALE,-0.14293149135220107,0.538720463187213,0.2872221264009683,0.20436009637617203,0.11262880538784889
PIARA,PIALE,-0.0535161751281682,0.5697454223812102,0.19561509494996243,0.1271717062910001,0.160983951505997
PIARA,PIALE,-0.1797688468550705,0.5109326795411344,0.32933422252618094,0.2522311025717578,0.08727084221599833
PIARA,PIALE,-0.17470307401565804,0.5250431533221496,0.33172502082850785,0.23506208438906434,0.08287281547593778
PIARA,PIALE,-0.14517779439665243,0.44757606466711014,0.3483928839469268,0.2733756016488957,0.07583324413372064
PIARA,PIALE,-0.007670957687513247,0.5347988395985506,0.14705001332321777,0.14168395345765458,0.184138151308091
PIARA,PIALE,-0.07889103091421473,0.5304777237426748,0.23911466780536678,0.18155275094425627,0.1277458884219169
PIARA,PIALE,0.029029382514268454,0.4042177493760992,0.28494510502744774,0.24840300276083593,0.03340476032134911
PIARA,PIALE,0.05789765651629869,0.3702307017468988,0.26423444732012147,0.26509055474068105,0.04254663967599974
PIARA,PIALE,0.05604059347839896,0.3824328730424754,0.2641415302198534,0.2604766270085851,0.036908376250688185
PIARA,PIALE,0.004760863253370107,0.43226911413226343,0.3178300426150114,0.23758084608517255,0.0075591339141825725
PIARA,PIALE,0.029168124326118428,0.4759760008819873,0.2637022375422413,0.18239608378262942,0.048757553467023894
PIARA,PIALE,0.04411316390273595,0.5273604268609335,0.28356231025538225,0.1253659234179115,0.0195981755630363
PIARA,PIATE,0.031793506393166526,0.303499662708713,0.29630136131497437,0.34034169740816983,0.02806377217497586
PIARA,PIALE,0.05724196193010883,0.35663274119316385,0.25347755776052505,0.27543886860249617,0.057208870513706545
PIARA,PIATE,0.07469417046337795,0.2541586016651239,0.24095430801479847,0.36488451955822565,0.06530840029847387
PIARA,PIALE,0.09495087736705987,0.4643594474244309,0.22772968666189966,0.15363992343239702,0.059320065114212846
PIARA,PIALE,-0.002527371494206232,0.35496399140945334,0.20135620800019877,0.3053793866837448,0.14082778540080998
PIARA,PIALE,-0.07932429651716072,0.48604060782880115,0.2602680316774556,0.22578053352954008,0.10723512348136433
PIARA,PIALE,-0.013075836156707155,0.4412765554596071,0.17241330268364302,0.23068753068278455,0.16869844733067424
PIARA,PIALE,-0.09519844245462816,0.4565560579808676,0.2322329598589999,0.2567937194634595,0.14961570515130151
PIARA,PIALE,-0.009040916143064681,0.49878634571588343,0.1242424417818414,0.1754918893997244,0.21052023924561675
PIARA,PIALE,-0.28633260200953103,0.43715839059104955,0.34599354408815153,0.36663366186016993,0.13654700547016108
PIARA,PIALE,-0.15723905133680582,0.40815002433944997,0.28083900808024165,0.32465990630898456,0.14359011260812954
PIARA,PIALE,-0.1938194391454655,0.46096165234761,0.31932387757675246,0.3046682898077269,0.10886561941337775
PIARA,PIALE,-0.2575345635168459,0.5015624411971449,0.3210050377741036,0.2897700524991994,0.14519703204640044
PIARA,PIALE,0.062406434499338026,0.5258600285886277,0.05311822358245549,0.11180851656706767,0.2468067967625124
PIARA,PIALE,-0.13195611547204267,0.491953816885488,0.26382513600939267,0.24051498326318957,0.1356621793139734
PIARA,PIATE,-0.0863270051304319,0.34162330723815415,0.23907205641510715,0.3515475168421589,0.1540841246350124
PIARA,PIALE,-0.10560451663919418,0.4151862066723626,0.24371698458504493,0.29747394224771406,0.14922738313407333
PIARA,PIALE,-0.12175148816489928,0.5675281072449807,0.28120959319744454,0.17593333857918303,0.09708044914329104
PIARA,PIALE,-0.19909480342486918,0.4232482524483222,0.2805475980473204,0.34326704154690535,0.15203191138232217
PIARA,PIALE,-0.1572871098017674,0.4949682350677141,0.27820216874244036,0.25038201136567245,0.1337346946259424
PIARA,PIALE,-0.08557031108281588,0.3865058258389406,0.22057077273558795,0.31510895127375604,0.16338476123453174
PIARA,PIALE,-0.09293879232341717,0.37361088200334863,0.2165567976857362,0.3319742360679263,0.17079687656640744
PIARA,PIALE,-0.06799532913750767,0.4427539186310293,0.21338288484376192,0.24357895304519658,0.1682795726175204
PIARA,PIALE,-0.03531945284642157,0.46170524451292244,0.19865000359087034,0.21656178266441298,0.15840242207821723
PIARA,PIALE,-0.09561248187677068,0.5977801996479115,0.4053495169479897,0.10519563587641906,-0.01271287059554891
PIARA,PIALE,-0.16356523452387106,0.5254425758478215,0.410943624775805,0.20689993064630574,0.02027910325393912
PIARA,PIALE,-0.12877674675552764,0.5362266536199505,0.4172075825869771,0.18061976864751056,-0.005277258098909658
PIARA,PIALE,-0.09442075716536952,0.47359431876281366,0.38290955168308793,0.22743155809744328,0.010485328622024233
PIARA,PIALE,-0.08833214635304149,0.41464583674511557,0.28852058705178696,0.2749716340241823,0.110194088531957
PIARA,PIALE,-0.07247012078275775,0.4379690826148519,0.37576421918955616,0.25275005753149055,0.005986761446860743
PIARA,PIALE,-0.08043403004922942,0.5353127645575539,0.38575047017853376,0.15971005244878028,-0.00033925713563812826
PIARA,PIALE,-0.14303381646682553,0.5294743625328904,0.4092906719666448,0.19617258319615005,0.00809619877114013
PIARA,PIALE,-0.04667254089395145,0.5531967613178974,0.34409227970176026,0.1250938685543372,0.024289631319957053
PIARA,PIALE,-0.09101192563050312,0.5472113000943443,0.3437396009335322,0.14884748012271298,0.051213544479913595
PIARA,PIALE,-0.05107120417122282,0.5909489233825437,0.37481546530621757,0.08764870913587663,-0.002341893653414799
PIARA,PIALE,-0.13669744536474326,0.5393892535176892,0.43642163896918834,0.18265861480647752,-0.02177206192861126
PIARA,PIALE,-0.12408189589477692,0.5838437241812642,0.42622101290511527,0.13197474299945938,-0.017957584191061353
PIARA,PIALE,-0.0895173309723126,0.5954766022211431,0.37909813342085036,0.1038737869641067,0.011068808366212032
PIARA,PIALE,-0.08225237414294484,0.6189772434660481,0.37679325137729947,0.08129021389171531,0.005191665407882427
PIARA,PIALE,-0.10080540131360424,0.5981711884625424,0.4050066808478944,0.11157217484685883,-0.013944642843691117
PIARA,PIALE,-0.08951342286601813,0.4741182323066428,0.387750749204412,0.22598792881166216,0.001656512543301368
PIARA,PIALE,-0.1256127683505623,0.5072177681960081,0.39427747994621065,0.21136562426186195,0.012751895946481698
PIARA,PIALE,-0.08916194643112474,0.5278778266954385,0.39968322102296455,0.17286461687394325,-0.01126371816122055
PIARA,PIALE,-0.11186313542786433,0.5244746681984962,0.3954258532053543,0.18461201735158433,0.0073505966724301125
PIARA,PIARA,-0.1263202321114601,0.38438256466106907,0.3908485049602838,0.33582332303234286,0.015265839457764399
PIARA,PIARA,-0.12990758340916794,0.43406221974860515,0.4362315788140104,0.2873062171119715,-0.027692432265418752
PIARA,PIARA,-0.11296686445723289,0.3826041067357312,0.4129626233776828,0.3275490671692077,-0.010148932825388333
PIARA,PIATE,-0.20957096005063042,0.3000472058958079,0.45144611556285424,0.4550269312239243,0.0030507073680442823
PIARA,PIATE,-0.27967571647897016,0.2722253999659832,0.484930056324392,0.5171141277069378,0.005406132481658062
PIARA,PIATE,-0.21300936608354454,0.253587398505283,0.4303247644080359,0.5008492925559418,0.028247910614284798
PIARA,PIARA,-0.15142689555019972,0.3443696559587897,0.39987577503194466,0.3799822722870831,0.02719919227238289
PIARA,PIALE,-0.062367614325333665,0.3748168803669789,0.3627206647792738,0.3092893531147278,0.015540716064353886
PIARA,PIARA,-0.16092110548810856,0.3421867830682288,0.4149110681862177,0.3891404561395358,0.01468279809412694
PIARA,PIARA,-0.14328933109856862,0.35494878881172276,0.3821508658008047,0.36645735930414614,0.03973231718189521
PIARA,PIALE,-0.10938902677188239,0.5265946078001293,0.39453780922161574,0.18676661460113897,0.0014899951489985297
PIARA,PIALE,-0.09505035006461166,0.5622418861972294,0.4020270777885435,0.14264095047731473,-0.011859564398475207
PIARA,PIALE,-0.07596596140763814,0.5470383859680915,0.38208529040065187,0.14561788430882328,0.0012244007300717882
PIARA,PIALE,-0.0763771720404883,0.5312157219696864,0.4071025671638157,0.16483246434087107,-0.0267735814338844
PIARA,PIALE,-0.06575002864985138,0.4916445261602711,0.3560734926297041,0.19811739547430138,0.019914614385574923
PIARA,PIALE,-0.07462389198613842,0.40404213259900923,0.37496369855212464,0.2927191265232758,0.002898934311729627
PIARA,PIALE,-0.04641988420572962,0.3870158554172851,0.3447690528839251,0.2856289923001716,0.029005983604348667
PIARA,PIALE,-0.04093814923273423,0.41966271307501746,0.34274477518797364,0.2569305199723313,0.021600140997412122
PIARA,PIALE,-0.09366999628057554,0.5172714135190326,0.38006179389460787,0.18226818228577815,0.01406860658115721
PIARA,PIALE,-0.08721500797153747,0.5650389610924003,0.37547214738081636,0.13196981434301744,0.01473408515530323
PIARA,PIALE,-0.10109790249461142,0.6554091659209748,0.39756297476702973,0.051979959648132124,-0.0038541978415251796
PIARA,PIALE,-0.15168777494811042,0.691845089208707,0.4181135275487357,0.041323429847209714,0.00040572834345851266
PIARA,PIALE,-0.16619842532514972,0.6522581309266949,0.4291706499049828,0.08901988679642606,-0.0042502423029533234
PIARA,PIALE,-0.11339346503305842,0.6360157275945396,0.3898419207240754,0.07818641650217628,0.00934940021226819
PIARA,PIALE,-0.14518643575403584,0.6113650422345924,0.43196789059933294,0.12037283206835303,-0.018519329148241816
PIARA,PIALE,-0.10034170525850536,0.6053276200139721,0.40201201431426914,0.10198701784486097,-0.00898494691459633
PIARA,PIALE,-0.23534489844621975,0.5401671741495466,0.41136820009884734,0.22640664598054486,0.0574028782172816
PIARA,PIALE,-0.15094892529401743,0.6032749052625828,0.36085791718492893,0.12235814197959544,0.06445796086691066
PIARA,PIALE,-0.16541920256171672,0.610546718948439,0.43751035289921036,0.13176844910414648,-0.014406318390078408
PIARA,PIALE,-0.15121452124171988,0.6074384567628194,0.41603804435041986,0.12444902072991093,0.0032889993985702123
PIARA,PIALE,-0.0548145200664287,0.3777494119265833,0.3381811119947554,0.29248579850157785,0.04639819764351263
PIARA,PIALE,-0.04765969100413889,0.412020700110386,0.3594612213440281,0.2610425198232502,0.015135249726474932
PIARA,PIALE,0.003604739073941876,0.4055840529661454,0.3099003650176856,0.23915938854046626,0.04175145440176085
PIARA,PIALE,-0.008348951212856781,0.35447603256202026,0.29247294762178766,0.29252709960379053,0.06887287142525925
PIARA,PIALE,-0.03867013689299531,0.35658653727434886,0.318205499772534,0.3067817341267489,0.057096365719364106
PIARA,PIALE,-0.019284167674436692,0.4424269143415942,0.31294728081547196,0.21631397069678335,0.04759600182058771
PIARA,PIALE,0.004094580063154218,0.3799652757000316,0.29903416337032207,0.26667012475722124,0.05023585610927114
PIARA,PIALE,0.0006109965627363323,0.3937212132423531,0.2987689859789805,0.25438890301102574,0.05250990120490557
PIARA,PIALE,0.022222111336565153,0.4131284351440616,0.3073847312894905,0.22579065672716575,0.03147406550271648
PIARA,PIALE,-0.03941374710274112,0.3558776551737477,0.33406694188093855,0.3064591657615667,0.043009984286488605
PIARA,PIATE,-0.033580265773323514,0.3209008939017832,0.315825631876295,0.3398905183306747,0.05696322166457104
PIARA,PIATE,-0.008266883909985923,0.3159961694175604,0.3022937739008569,0.3352577134094642,0.05471922718210526
PIARA,PIATE,-0.013082444091231549,0.29437248125908216,0.30905056032758677,0.36254807528813976,0.047111327216422805
PIARA,PIATE,-0.03515281270236209,0.30729841782825174,0.32222292747392267,0.35724227922396157,0.04838918817622595
PIARA,PIATE,-0.01922430701074196,0.2709930055462532,0.31549880155784604,0.38290210531300883,0.049830394593633566
PIARA,PIALE,-0.01464706671791749,0.3411881099960774,0.2927396124056581,0.3153015441354872,0.06541780018069521
PIARA,PIATE,0.010678258093273219,0.22567207470932416,0.27464567924834016,0.4123380949787613,0.07666589297030185
PIARA,PIALE,0.006669541388620415,0.3388075761370767,0.2733122736122083,0.3050064381444752,0.07620417071761945
PIARA,PIATE,-0.012446951574196563,0.31452055120173816,0.32119286379055617,0.3424625101693311,0.03427102641257141
PIARA,PIATE,-0.005889006134849328,0.3029482300820482,0.30093051084113964,0.35071195892790435,0.05129830628375752
PIARA,PIALE,0.012524415174811315,0.41220994226398644,0.319444302204605,0.23725634655071084,0.01856499380588706
PIARA,PIALE,0.027380189843111746,0.3865918816078455,0.29916817151460984,0.2550304135752204,0.03182934345921327
PIARA,PIALE,-0.011063836675363314,0.3973588565415896,0.292819633322037,0.2634661932213063,0.057419153590430365
PIARA,PIALE,-0.04219735445033673,0.3786648054217451,0.3374745759271899,0.29581569891103066,0.0302422741903719
PIARA,PIALE,-0.002710819350253857,0.3828949808057874,0.3214921733132411,0.27623689815736385,0.022086767073860994
PIARA,PIALE,0.009433055027669612,0.3864709898347671,0.31750788312661044,0.26507050238093177,0.021517569630020814
PIARA,PIALE,0.03197984114142316,0.3500314567723934,0.2826475575489097,0.28920620920346185,0.04613493533381247
PIARA,PIALE,0.026104043317633774,0.3676526056509344,0.29670517353181625,0.27639627849838466,0.033141899001231837
PIARA,PIATE,0.0279032879103866,0.29722655767702366,0.3164748963817179,0.34255324323087916,0.01584201479999304
PIARA,PIALE,0.026980209107726305,0.32198827831612675,0.3037432971372987,0.3201606627015217,0.027127552737327552
PIARA,PIALE,-0.05710806442488367,0.6026711863610084,0.34025145459661316,0.08235736556188925,0.0318280579053728
PIARA,PIALE,-0.024275157545851384,0.6207845375139749,0.32905717615889335,0.0473149323729099,0.027118511500073238
PIARA,PIALE,-0.027121933120653058,0.5858334331326367,0.32275251795745385,0.0831400689162797,0.03539591311428306
PIARA,PIALE,-0.042851557357878156,0.5961902886446377,0.33268977178296777,0.08024599762302331,0.03372549930725065
PIARA,PIALE,-0.027152745154305824,0.530160503869457,0.32217929641434123,0.1363443501621155,0.038468594708392936
PIARA,PIALE,-0.0583546644286759,0.5122438436774128,0.3352302504144737,0.16749611835741116,0.04338445197937875
PIARA,PIALE,-0.011626879209725327,0.45258903444352167,0.29667044517285546,0.2015208969178536,0.060846502675495455
PIARA,PIALE,-0.026269593966988025,0.4353278247871487,0.31023949452163974,0.22594314489677858,0.054759129761421464
PIARA,PIALE,-0.0499414596081712,0.5633307302796448,0.3632102102770106,0.1159142602685741,0.007486258782941534
PIARA,PIALE,-0.09222801518957213,0.581922378268387,0.3884586181150712,0.1178097242619156,0.004037294544198808
PIARA,PIALE,-0.08461894792386163,0.3974483642756935,0.3477701113606967,0.2959779037462061,0.043422568541266054
PIARA,PIALE,-0.08711286585550215,0.3760450750858002,0.34657558095595975,0.3168535301365066,0.047638679677236076
PIARA,PIALE,-0.03433653966461214,0.34792462093075016,0.3272470287816216,0.3201303012642921,0.0390345886879487
PIARA,PIALE,-0.06243023640936993,0.42946767049446083,0.3173248398911164,0.24976933597355475,0.06586839005023809
PIARA,PIALE,-0.04784288397109848,0.46178929354762155,0.3194809690194138,0.2122912825069728,0.05428133889709126
PIARA,PIALE,-0.07233425530184331,0.39751025241857274,0.3667544134983116,0.29030886235948844,0.01776072702547081
PIARA,PIALE,-0.05541801399989088,0.4285329153302654,0.30734485138604284,0.24536491910672223,0.07417532817686068
PIARA,PIALE,-0.10432591547573172,0.4885009736443055,0.3425295582544504,0.2117925683967022,0.06150281518027469
PIARA,PIALE,-0.07780637943153351,0.4729024025009041,0.3545464959462909,0.21837408697599578,0.03198339400834262
PIARA,PIALE,-0.03191678171502649,0.4830272470110431,0.31638221629509594,0.18724813691121886,0.04525918149766962
PIARA,PIARA,-0.4557462206215843,0.38678533482200994,0.5997496105207566,0.4990348094626711,-0.029823534183852078
PIARA,PIATE,-0.30574957284500304,0.27314275701298785,0.491908815442459,0.5333253098407893,0.007372690548768136
PIARA,PIARA,-0.3481457479364115,0.31083503403799695,0.5499182219523078,0.517940391759431,-0.030547899813324127
PIARA,PIARA,-0.348391478656055,0.34519607622468484,0.5525899155494205,0.48518366599921114,-0.03457817911726107
PIARA,PIARA,-0.4187785713339994,0.2796275934461261,0.5887526398991535,0.5858394126034827,-0.03544107461476168
PIARA,PIARA,-0.3772799522705774,0.3140868652478296,0.5632246283711633,0.530407069402082,-0.03043861075049597
PIARA,PIARA,-0.35168412106210095,0.35723007573635523,0.5406246053601999,0.47478252556898926,-0.020953085603442854
PIARA,PIARA,-0.3503527232765557,0.356320037276762,0.535465929125142,0.472743295409356,-0.014176538534703707
PIARA,PIARA,-0.3781888771543095,0.3403193271233129,0.573978523833977,0.5067965172470489,-0.042905491050027784
PIARA,PIATE,-0.3895231371732053,0.25509589080020595,0.5770838972627719,0.5950849240434964,-0.03774157493326782
PIARA,PIARA,-0.295019199232922,0.39418896625474287,0.4429099248062226,0.41154319593854427,0.046377112233413266
PIARA,PIARA,-0.42060205672556905,0.3774621132542777,0.5839964008009132,0.49131029269417015,-0.03216675002379108
PIARA,PIARA,-0.2965033818480891,0.41607718918934145,0.497744706300264,0.3910731303090286,-0.008391643950544321
PIARA,PIARA,-0.3363271134637066,0.4544420756170494,0.5027826221269511,0.37021464614741495,0.008887769572292127
PIARA,PIARA,-0.3217259965643412,0.3708423351630442,0.5056512185343296,0.44710341055405317,-0.0018709676870848485
PIARA,PIATE,-0.2548381528104686,0.27906871748218964,0.4509761884794695,0.5024746022644566,0.022318644584353023
PIARA,PIARA,-0.3680854807853817,0.457224388511112,0.5434603489748098,0.38960888174622543,-0.02220813844676533
PIARA,PIARA,-0.33834771088433857,0.33273581020108745,0.5260102236618873,0.4955712909460579,-0.015969613924693295
PIARA,PIARA,-0.40438050060840025,0.384121967906339,0.5589644383978468,0.47764237062160025,-0.016348276317385328
PIARA,PIARA,-0.4636948493157781,0.37221653790331777,0.6026126334967297,0.5135973629870857,-0.024731685071354377
PIARA,PIATE,-0.4281949427071561,0.28456255063330105,0.5758817761136585,0.5850481569306236,-0.017297540970426163
PIARA,PIARA,-0.3598174418981238,0.35767110309418626,0.5357803846856207,0.47765543384979003,-0.01128947973147263
PIARA,PIATE,-0.3672663581528405,0.30319797734936804,0.5141552222920733,0.5317342806674895,0.018178877843911104
PIARA,PIARA,-0.18812581237623316,0.3881796362672851,0.436714562538813,0.36528577625966996,-0.002054162689534046
PIARA,PIARA,-0.2598379507743118,0.39191110865735435,0.44521135650892,0.3862607208895804,0.036454764718457586
PIARA,PIARA,-0.3276580930214541,0.4421576027347802,0.5034986337667998,0.3787086036328549,0.0032932528870194683
PIARA,PIARA,-0.29326122699036294,0.4007451851591549,0.4953799430373311,0.4054928188638301,-0.008356720069952701
PIARA,PIARA,-0.24328208922708938,0.4383725011747568,0.46116817989043174,0.3404923424639195,0.0032490656979825075
PIARA,PIARA,-0.3263786614471184,0.42568814998111487,0.49934340495493257,0.3932641294212079,0.008082977089863906
PIARA,PIARA,-0.4004664838219744,0.3531027817422423,0.5345884310099907,0.5017381540049366,0.011037117064805833
PIARA,PIALE,-0.413721221388644,0.6069056879340825,0.5929580589322593,0.25565475011950056,-0.041797275597196946
PIARA,PIARA,-0.44603046255826806,0.5426008456718092,0.599960081977267,0.3350842376755577,-0.03161470276636564
PIARA,PIARA,-0.3635394728408205,0.5575724311346555,0.5582873516084937,0.2813432913997409,-0.033663601302069156
PIARA,PIARA,-0.4404617662145167,0.5441653151910334,0.5563953266120623,0.3293515894425131,0.010549534968908945
PIARA,PIARA,-0.408326579020378,0.5395627005177175,0.5439695397383707,0.32114889956317383,0.0036454392011168388
PIARA,PIARA,-0.35362069384249195,0.5145921877538641,0.5401069967931995,0.31260995751832016,-0.013688448222890427
PIARA,PIARA,-0.3181881422063722,0.534716863874755,0.5444372045887569,0.27901961864382313,-0.039985544900962074
PIARA,PIARA,-0.398869569532477,0.5835953280508236,0.5927087070794177,0.2742719373291978,-0.05170640292696104
PIARA,PIARA,-0.43804923268934026,0.5933216713288103,0.6013157575065528,0.28144744101199604,-0.03803563715801788
PIARA,PIALE,-0.3604612115100067,0.5376938069943326,0.5340078922779813,0.2960583179519235,-0.007298805714229063
PIARA,PIARA,-0.24843128494189903,0.3385975182233949,0.451421827610094,0.4348089984649518,0.02360294064345876
PIARA,PIALE,-0.24226973603366708,0.4772609108384071,0.46648633229472886,0.3003140969284029,-0.0017916040278706871
PIARA,PIALE,-0.25615586562388104,0.4782604846288392,0.4781870873421232,0.30736105508843947,-0.0076527614355201765
PIARA,PIARA,-0.2453609767880437,0.4447062938527142,0.44530899008187136,0.32967392910696164,0.02567176374649697
PIARA,PIARA,-0.18149334534653616,0.39809987017181525,0.44375486588435353,0.3495203097462016,-0.00988170045583326
PIARA,PIATE,-0.14531573438791198,0.312430366649617,0.4141264350268856,0.41494767701495006,0.0038112556964599587
PIARA,PIARA,-0.1055025104006288,0.3435345990689954,0.3785248332985534,0.36373822873723727,0.019704849295842625
PIARA,PIARA,-0.19571467959199035,0.38830246229222565,0.43331345498541013,0.36297084332680835,0.011127918987547634
PIARA,PIALE,-0.23956321540261594,0.47423293942503836,0.4388347515505354,0.3001346825019021,0.02636084192514066
PIARA,PIARA,-0.28146050196023825,0.4315003917431929,0.4834311878129887,0.3646061224380186,0.0019227999660392306
PIARA,PIALE,0.06877980441991874,0.6363241315155764,0.3260825310914891,-0.012121483806450783,-0.019064983220533134
PIARA,PIALE,0.15417071969626894,0.620574715573929,0.2523401073005366,-0.04327822311669616,0.016192680545961374
PIARA,PIALE,0.032488588519183695,0.6608028943644281,0.34950606748102453,-0.016778805233138627,-0.026018745131497108
PIARA,PIALE,0.05528181467420332,0.7768098142883733,0.3624017118574753,-0.1474091292003757,-0.047084211619675485
PIARA,PIALE,0.13143866358370093,0.7456181315294559,0.3029115427407982,-0.15192075612657957,-0.02804758172737567
PIARA,PIALE,0.1385050879251748,0.664470659408751,0.2971099726299157,-0.07872747454308243,-0.021358245420758988
PIARA,PIALE,0.2609582631147598,0.6855343356832162,0.1513484898099391,-0.16021824177702898,0.06237715316911372
PIARA,PIALE,0.1802603948490456,0.6282983732995738,0.20524892744283846,-0.06414171730147639,0.05033402171001869
PIARA,PIALE,0.13092806409285357,0.5875691233615802,0.2655912926202454,-0.004018781698989449,0.019930301624310802
PIARA,PIALE,0.07848334602097448,0.7797208678814567,0.35341502540708125,-0.16142725672081892,-0.05019198258869292
PIARA,PIALE,-0.1590798509146752,0.8161729500318646,0.5292374891206768,-0.06916126309790399,-0.11716932513996256
PIARA,PIALE,0.03883671958344192,0.8724151791582083,0.33401306768132255,-0.2308054552526126,-0.01445951117035945
PIARA,PIALE,-0.13582544420891565,0.8299970824013047,0.490878148240505,-0.09802873019506653,-0.08702105623782727
PIARA,PIALE,-0.028052397214474126,0.8997879915395088,0.38062827153808176,-0.22304763656928223,-0.029316229293833602
PIARA,PIALE,-0.08839539830185072,0.8345552378626155,0.46904495660401546,-0.12523507649448107,-0.08996971967029901
PIARA,PIALE,-0.10002064927317411,0.8118919698773751,0.44295074600227674,-0.1037232740812104,-0.05109879252526733
PIARA,PIALE,-0.0878324040488947,0.8029893181713958,0.47410283365547223,-0.09255316898675942,-0.09670657879121317
PIARA,PIALE,0.060114290803619866,0.7540238727410746,0.35966694257414006,-0.12010877925260272,-0.05369632686623219
PIARA,PIALE,-0.06948562089510318,0.7981010997737491,0.4564795004365332,-0.09696413613825194,-0.08813084317692685
PIARA,PIALE,-0.06141800138447545,0.7408963740182606,0.413833021810438,-0.04739637510177913,-0.045915019342443
PIARA,PIALE,0.018614413642039154,0.6338545095997452,0.32573974317783116,0.015426264538741519,0.0063650690416438074
PIARA,PIALE,0.07413357055723638,0.621471938679005,0.27546686223900674,4.104785132452715e-05,0.02888658067342798
PIARA,PIALE,0.07440151331380856,0.6373885452011868,0.2877812914108507,-0.012870820072963696,0.01329947014711811
PIARA,PIALE,0.0657473124998782,0.6489095236216363,0.2800848888009062,-0.020607912230853453,0.02586618730843321
PIARA,PIALE,0.058477941126526906,0.553416533116009,0.29262189557855145,0.07394962172852834,0.02153400845038391
PIARA,PIALE,0.049296243196925854,0.6376257163277441,0.31317814617136897,-0.00472996089180705,0.00462985519576805
PIARA,PIALE,0.1179194647611087,0.5605936163149061,0.23147554476716428,0.037926876252155295,0.05208449790466603
PIARA,PIALE,0.13765902560603388,0.5699691699569654,0.24640481523686053,0.019955447870332488,0.02601154132980766
PIARA,PIALE,0.0894337885841281,0.519284152611717,0.2751536381895052,0.09715760154556624,0.018970819069083406
PIARA,PIALE,0.05089906216788527,0.6162836071527125,0.3061335928168287,0.018415256223911214,0.00826848163866234
PIARA,PIALE,0.013566732335705683,0.8320089558380227,0.37578522253064317,-0.17106831232264974,-0.050292598381721544
PIARA,PIALE,-0.011888965986011482,0.8390365815232524,0.42047552361826995,-0.16145476181014612,-0.08616837734536514
PIARA,PIALE,0.027330751501817255,0.7262139782258563,0.4380752681716663,-0.0755290143442619,-0.11609098355507827
PIARA,PIALE,0.005381161342024127,0.7058850547481343,0.4268323946219374,-0.041127875489758936,-0.09697073522233715
PIARA,PIALE,-0.03294130080148086,0.6856393524060688,0.43319596533037563,-0.006517974012861527,-0.07937604292210204
PIARA,PIALE,0.0017223074854175319,0.7137513138434033,0.41428481846026544,-0.044641332543625734,-0.0851171072454601
PIARA,PIALE,0.05716757266647529,0.6392839517793554,0.29570507473570873,-0.003713296647027242,0.011556697465487493
PIARA,PIALE,0.02576110270372952,0.7088253664637467,0.38678286860274047,-0.05308998929055381,-0.0682793484796638
PIARA,PIALE,-0.009364643234366879,0.7207291811817161,0.42001596532807495,-0.05245545365877863,-0.07892504961664557
PIARA,PIALE,-0.027881797662914168,0.7133813082197451,0.3770675497575293,-0.03758205769923878,-0.02498500261512155
PIARA,PIALE,0.017025210547795294,0.764634851531985,0.4208932644828289,-0.1237023805393404,-0.07885094602326898
PIARA,PIALE,0.07040437472525049,0.7834841144609167,0.399980854846279,-0.15763290372987954,-0.09623644030256676
PIARA,PIALE,0.1071366386339856,0.6708722147601391,0.34243354688547323,-0.06982535860157402,-0.05061704167802355
PIARA,PIALE,0.08695336785087798,0.7943906668470513,0.3786736068170022,-0.17989005057789287,-0.08012759093703853
PIARA,PIALE,0.139690224757697,0.7765168854098274,0.3459436552196394,-0.18556417431807426,-0.07658659106909005
PIARA,PIALE,0.23114502998113337,0.6360246419959046,0.2349242457976483,-0.09370254253354088,-0.008391375241145256
PIARA,PIALE,0.20124270191168023,0.7851074078901333,0.32384662686740345,-0.2240614055918651,-0.08613533107735286
PIARA,PIALE,0.1038037039131576,0.7680473593417398,0.3868023133472161,-0.1590981618687045,-0.09955521473340878
PIARA,PIALE,0.12681768260526413,0.7987159701208936,0.3572331834107293,-0.20257379473008502,-0.0801930414068025
PIARA,PIALE,-0.03536283402740492,0.7946181314859653,0.4413759871425069,-0.11576355410237132,-0.08486773049869598
PIARA,PIALE,-0.14591038713705223,0.7450702404946092,0.397080637621234,-0.03076046369104335,0.03451997271225324
PIARA,PIALE,-0.11129624214794814,0.7819527056369623,0.40370476956819434,-0.08596180925795988,0.011600576200752347
PIARA,PIALE,-0.06043499399927277,0.6948670617804749,0.359433016633864,-0.027789627719139787,0.03392454330407431
PIARA,PIALE,-0.11055542525544193,0.7631857804416322,0.3818170998114675,-0.06872507507209114,0.03427762007443502
PIARA,PIALE,-0.08519510844248954,0.6770860081796877,0.3677474482454185,0.002716285251368411,0.03764536676601593
PIARA,PIALE,-0.15088450698309464,0.7958727484032504,0.42383705284365825,-0.08274094424222256,0.013915649978410355
PIARA,PIALE,-0.11434723931625654,0.7274434920721138,0.36223394363979977,-0.03168921360369742,0.05635901720804109
PIARA,PIALE,-0.05762271165575841,0.7516201041756092,0.3474723281098992,-0.08399309610555333,0.04252337547580437
PIARA,PIALE,-0.09316009261802097,0.7385297666891983,0.36181577493036504,-0.0523399397998171,0.04515449079827488
PIARA,PIALE,-0.060652891810312304,0.731901444341045,0.3384408044904497,-0.06383895515809895,0.054149598136916596
PIARA,PIALE,-0.048976775200513106,0.5585249082004821,0.3235921837859878,0.10298900545230094,0.06387067776174232
PIARA,PIALE,-0.08034831765453923,0.570462844995317,0.3480190034352444,0.10751110480961962,0.05435536441435894
PIARA,PIALE,-0.0762140736834361,0.5310023765826435,0.34596501822139125,0.1459340846088274,0.05331259427057407
PIARA,PIALE,-0.053432275763433706,0.550031362072086,0.3280060633998464,0.11284837385276109,0.06254647643874064
PIARA,PIALE,-0.06276674437660926,0.4934066110693841,0.31382302002421647,0.17405767887392626,0.08147943440908359
PIARA,PIALE,-0.06784345071115172,0.4737821440179316,0.28970832731025314,0.19304716574164643,0.11130581364132155
PIARA,PIALE,-0.10069256335429899,0.4492991344382386,0.3127424074693927,0.23309885857988183,0.10555216286678715
PIARA,PIALE,-0.03361466121573542,0.5042427965570793,0.2837984305433373,0.14648368794850003,0.0990897461668189
PIARA,PIALE,-0.01875396371407534,0.45471078710783863,0.26864278788428464,0.18656567337850086,0.1088347153434511
PIARA,PIALE,-0.025889548448329344,0.6000802437929782,0.32765703053198425,0.05199743489043196,0.04615483923293513
PIARA,PIALE,-0.07235024861000866,0.6841974812126745,0.37054331243870287,-0.003121133369595852,0.02073058832822757
PIARA,PIALE,-0.10276610896224259,0.7187608971456962,0.3834686175755219,-0.02239394538431755,0.02293053962534288
PIARA,PIALE,-0.11629391478068402,0.7692914740503967,0.3992929070160969,-0.06137006782506105,0.009079601539251352
PIARA,PIALE,-0.11254811973907813,0.7367626614601186,0.3957661312964667,-0.035616799623050976,0.01563612660554474
PIARA,PIALE,-0.14263816974133545,0.7304201408233395,0.4151791923020123,-0.01145502117443481,0.008493857790419487
PIARA,PIALE,-0.13288694523622088,0.703087548532439,0.38187442759088547,0.006985234455892997,0.040939734657004276
PIARA,PIALE,-0.11978071558151157,0.7079771776820383,0.39005593217963086,-0.005229438368262285,0.02697704408810589
PIARA,PIALE,-0.13603349613084043,0.7376759492819136,0.41475751897610946,-0.020990184366481868,0.004590212239300048
PIARA,PIALE,-0.049667264775739406,0.7266113263196807,0.35047786984497115,-0.05505507913344515,0.027633147744533765
PIARA,PIALE,-0.11161154581385105,0.7114687923174732,0.393748474183403,-0.008579492713850223,0.01497377202682535
PIARA,PIALE,-0.12268661249614743,0.6047336241678021,0.3429847849638907,0.09387608080957172,0.081092122554884
PIARA,PIALE,-0.125216989307753,0.5620084113185498,0.33775767316576544,0.1357916328783904,0.08965927194504836
PIARA,PIALE,-0.1099283758436296,0.6196147447085572,0.353657650603894,0.07303377016947776,0.06362221036170114
PIARA,PIALE,-0.08797026455331614,0.6527006315254533,0.3475445821601937,0.03168815132235414,0.05603689954531635
PIARA,PIALE,-0.15570513989266666,0.5953406736157236,0.3480047018036938,0.11606060847705774,0.09629915599619221
PIARA,PIALE,-0.12001571132451899,0.6092054839115424,0.35941521927520187,0.08509011540043218,0.06630489273734341
PIARA,PIALE,-0.13146483620231655,0.5532140922535321,0.35548096279608943,0.14784415104639234,0.07492563010630321
PIARA,PIALE,-0.123648770201703,0.5685288455248049,0.33068307739596636,0.1299497975111794,0.09448704976975324
PIARA,PIALE,-0.229588722992708,0.5496163823254026,0.4350369595285901,0.19899125636602308,0.0459441247726923
PIARA,PIALE,-0.16147112214792317,0.5460104505203441,0.35327694655986197,0.1688504676883693,0.09333325737934894
PIARA,PIALE,-0.14675298039340676,0.6128233512788376,0.376518214327756,0.09979656000768705,0.05761485477912681
PIARA,PIALE,-0.15769348119035584,0.7120209656502303,0.4012889350831723,0.00780912406265083,0.036574456394303
PIARA,PIALE,-0.12824941316209032,0.7240572327053054,0.371743903950915,-0.017689193417210758,0.05013746992308124
PIARA,PIALE,-0.09265897044251459,0.7332618785708924,0.34198580532021905,-0.04120767413003801,0.058618960681441415
PIARA,PIALE,-0.13066892324486257,0.7276333900897052,0.3672999614525284,-0.02271740312040066,0.05845297482303022
PIARA,PIALE,-0.16749337349485743,0.7283189102705392,0.3951042900600037,-0.0050640316579318445,0.04913420482224776
PIARA,PIALE,-0.10100621439644136,0.7436201352321412,0.3691913947747475,-0.053043935831558586,0.04123862022111204
PIARA,PIALE,-0.08992322382988854,0.741541623498745,0.35689398318802446,-0.05542146795370656,0.04690908509682657
PIARA,PIALE,-0.06235279558621709,0.7052090432159416,0.3590124770645407,-0.02953097572683283,0.02766225103256767
PIARA,PIALE,-0.09400417209372114,0.7453533624570883,0.374301740726706,-0.05640797048138674,0.030757039391314543
PIARA,PIALE,0.16700234650887957,0.5174859462331682,0.22567948204242738,0.05307516257947209,0.036757062636052426
PIARA,PIALE,0.16675895733422033,0.48708529787937405,0.19720659409476315,0.0814760914950588,0.0674730591965828
PIARA,PIALE,0.19998892247549627,0.4502181202094204,0.22323943041715844,0.10146721880157794,0.025086308096347036
PIARA,PIALE,0.15506117934200897,0.4580854406282199,0.22633277251391248,0.11365451536356772,0.04686609215229143
PIARA,PIALE,0.2043992651869893,0.38931328348824834,0.13348624893357466,0.15325437873637418,0.11954682365481349
PIARA,PIALE,0.18160460267994802,0.5032932204096463,0.22065730723831284,0.062185861040453844,0.03225900863163872
PIARA,PIALE,0.18864579742412954,0.4743624566992024,0.237055071716309,0.08470989096572656,0.015226783194632297
PIARA,PIALE,0.16405543981156304,0.43075761058757284,0.2081340035950143,0.1373821402987076,0.05967080570714199
PIARA,PIALE,0.1513092633452858,0.5657518945082936,0.22583239221218068,0.014671759614768187,0.04243469031947237
PIARA,PIALE,0.14184733766871127,0.562878033341272,0.22134788429624247,0.02163105414720784,0.05229569054656619
PIARA,PIALE,0.11854814654963018,0.6707356449223468,0.25036740304964267,-0.08264911552499354,0.04299792100337442
PIARA,PIALE,0.13447241523722409,0.7288391784535467,0.2196506798975913,-0.1463799682635047,0.06341769467514309
PIARA,PIALE,0.1110194402317492,0.6779476060407332,0.2190302314615275,-0.08466054757291674,0.07666326983890766
PIARA,PIALE,0.13477385523130145,0.5767523152078896,0.2446909631006783,0.011461464968036017,0.032321401492094115
PIARA,PIALE,0.15091740937261783,0.5653442509691231,0.2235718221052588,0.01640237993920307,0.04376413761379744
PIARA,PIALE,0.14977603009423815,0.5403887641794586,0.2311571304438018,0.039088278999341086,0.039589796283161116
PIARA,PIALE,0.12682260064506648,0.6437505818651026,0.26518426975514736,-0.054473479722194074,0.0187160274568776
PIARA,PIALE,0.08527467418477373,0.75869075149254,0.3176329253300393,-0.14716412114805438,-0.014434229859298715
PIARA,PIALE,0.10469907322232885,0.6962378648783668,0.24480148733084844,-0.09764563463259207,0.05190720920104842
PIARA,PIALE,0.11431762120208455,0.6635558365573455,0.22573324079838997,-0.0749390476662034,0.0713323491083835
PIARA,PIALE,0.17852077437160993,0.7220031739698908,0.2750396779602846,-0.15579095653382152,-0.019772669767963623
PIARA,PIALE,0.1418113703617419,0.6875192931714461,0.24434857375895705,-0.11108865011634483,0.03740941282419882
PIARA,PIALE,0.15907478387380952,0.7255768646951933,0.2784805762369598,-0.15089000820719606,-0.012242216598766696
PIARA,PIALE,0.15449137182428646,0.6554746359948581,0.2621980198884774,-0.08215385991719454,0.009989832209572704
PIARA,PIALE,0.12836012773420813,0.6341357775113756,0.24372671487175146,-0.04952878757277346,0.043306167455437895
PIARA,PIALE,0.1786323366445619,0.6595299715493201,0.24879769791572284,-0.096617991700639,0.009657985591033529
PIARA,PIALE,0.16747998892421315,0.7301413380880734,0.26190900832355357,-0.16134366356144392,0.0018133282256033306
PIARA,PIALE,0.20069780217001487,0.6642263327937907,0.2297884600510009,-0.11261755021990111,0.017904955205093893
PIARA,PIALE,0.1151767939704918,0.6883017895166602,0.2803017625429625,-0.08839490619416801,0.004614560164053448
PIARA,PIALE,0.16336802321495703,0.678277088426509,0.24145032512758102,-0.108438460848157,0.02534302407911057
PIARA,PIALE,0.1524353238961268,0.6961025858641146,0.2865303434976199,-0.11045392810533694,-0.024614325152524923
PIARA,PIALE,0.09578167484063632,0.6695961355344775,0.3002973025777141,-0.060975801903123295,-0.004699311049705328
PIARA,PIALE,0.14270367780569887,0.6393691170691265,0.25331852777752806,-0.048892980495617355,0.013501657843264216
PIARA,PIALE,0.06101610523690493,0.39210470315493035,0.26386044578965684,0.2198050785399875,0.06321366727852004
PIARA,PIALE,0.17090904940455573,0.48510417427704045,0.21154352081285108,0.08170083199318007,0.050742423512372195
PIARA,PIALE,0.15274389994557352,0.503437858875307,0.24976098764990792,0.07122765170669834,0.02282960182251298
PIARA,PIALE,0.13193796232588234,0.6025032794999028,0.264703129922251,-0.01260057643156709,0.013456204683530891
PIARA,PIALE,0.09909882559906982,0.5797259127186988,0.28909588053982327,0.02610536169766664,0.005974019444741636
PIARA,PIALE,0.08424396350478991,0.6046246972803155,0.29277628283850754,0.007040404162559244,0.011314652213827513
PIARA,PIALE,0.1787730759488112,0.6675593503638926,0.24066962510538542,-0.10233200451568641,0.015329953097597916
PIARA,PIALE,-0.14950095332686916,0.7041286382168221,0.40763288550908594,0.028669434652587145,0.009069994948374467
PIARA,PIALE,-0.1486270689127785,0.702606213586763,0.41269078330944736,0.028569107229241608,0.004760964787326953
PIARA,PIALE,-0.16397896245141208,0.6523208771029141,0.43782013754149113,0.0928391368959372,-0.019001189088929872
PIARA,PIALE,-0.13318612764815507,0.6048618693423313,0.4362698441247803,0.12599551286571858,-0.03394109868467491
PIARA,PIALE,-0.1420772807838524,0.5890558179181992,0.4548263051014829,0.14632040671951654,-0.04812524895534579
PIARA,PIALE,-0.17523222391720727,0.6226423111678607,0.42520009165704453,0.12439168306926829,0.0029981380230335655
PIARA,PIALE,-0.15322736464718023,0.5928022094562935,0.43109574010290375,0.14077237531176517,-0.011442960223782585
PIARA,PIALE,-0.1409640755453514,0.526884421711671,0.43090000076951157,0.20016251693756554,-0.016982863873396627
PIARA,PIALE,-0.12379673532978572,0.5498688334063144,0.427337542472481,0.16850352623976003,-0.021913166788769083
PIARA,PIALE,-0.13654168545758946,0.6545476943695027,0.40244651723906155,0.07216503458956258,0.007382439259464101
PIARA,PIALE,-0.014197196627672215,0.6336768240467515,0.3066033214275899,0.010040129801147879,0.06387692135218283
PIARA,PIALE,-0.10371244240995087,0.6431078177018712,0.34588039401002,0.04636039853651869,0.06836383216154218
PIARA,PIALE,-0.06009263407638493,0.6767436747419864,0.31698762770445327,-0.010373458356787768,0.07673478998673319
PIARA,PIALE,-0.1115176367955957,0.6816226552570634,0.33624015954528624,0.006404617914553434,0.08725020407869309
PIARA,PIALE,-0.041489928910420304,0.6504669688052271,0.2836386610150806,0.007461487178748671,0.09992281191136385
PIARA,PIALE,-0.0617791607542964,0.6163925397618136,0.2777111839193551,0.046691862910661075,0.1209835741624676
PIARA,PIALE,0.029129769431106067,0.5840504356973417,0.2175371713956618,0.03868171952948518,0.1306009039464061
PIARA,PIALE,0.03674222776672631,0.5635626840762114,0.12245398310790301,0.0547965382775818,0.22244456677157745
PIARA,PIALE,0.03216149246159078,0.5735549534469959,0.18300862186918967,0.04915025430439823,0.1621246779178257
PIARA,PIALE,-0.015633761253661782,0.6603241923501969,0.2803190296647309,-0.011024053701345182,0.08601459294008018
PIARA,PIALE,0.0804257748423795,0.3686911063556139,0.17168677902878807,0.22192808998319322,0.15726824979002546
PIARA,PIALE,0.133069820876703,0.4175381743063251,0.14805011070583543,0.1481336959904928,0.15320819812064407
PIARA,PIALE,0.08248299857622649,0.4118933857502577,0.13103374379641516,0.18035964248028563,0.19423022939681536
PIARA,PIALE,0.08048865771976638,0.4138148770182695,0.17225162460325608,0.1810447176360736,0.15240012302263384
PIARA,PIALE,0.12830131928709143,0.4046334156792343,0.10787779521480206,0.16141593657055037,0.1977715332483222
PIARA,PIALE,0.08858719221469996,0.44273203540226835,0.1266137984465313,0.14273465273727004,0.19933232119922983
PIARA,PIALE,0.057127577742162705,0.4505523621344638,0.1447373177957322,0.15135401331414747,0.19622872901349364
PIARA,PIALE,0.04734938522312354,0.38220311135535984,0.18916907678754885,0.22487846468013517,0.15639996195383352
PIARA,PIALE,0.0421718452225896,0.3445051249711026,0.15238320876514933,0.26148588917153476,0.19945393186962376
PIARA,PIALE,0.08224483260566184,0.30469410792839635,0.08122073399382584,0.2741199167715476,0.2577204087005689
PIARA,PIALE,0.11322714534903355,0.5226581019893828,0.1191820860990088,0.06034006812505838,0.18459259843751777
PIARA,PIALE,0.16154146435626865,0.4628202082542971,0.1161912703407399,0.09177060558022776,0.16767645146846594
PIARA,PIALE,0.15002820368273062,0.42288373001607704,0.07441021361661349,0.13455239543368036,0.2181254572508984
PIARA,PIALE,0.07141188114398778,0.46528380201677416,0.1838788598574855,0.13170970943303906,0.14771574754871275
PIARA,PIALE,0.08072348925361444,0.4396312090330089,0.22622739444100853,0.1566823580304749,0.09673554924189307
PIARA,PIALE,0.048951763584384134,0.41897358340153235,0.2641583785988325,0.19520864732822002,0.07270762708703153
PIARA,PIALE,0.024718217446801027,0.47431516621414505,0.24443938086674905,0.14455904890836638,0.11196818656393936
PIARA,PIALE,0.050148915867385235,0.5210691603871977,0.2093222244386113,0.08863497156357003,0.13082472774323575
PIARA,PIALE,0.052994868245810706,0.5043009778250007,0.2540409655522059,0.10306949257987114,0.08559369579711193
PIARA,PIALE,0.019572856005701605,0.5407757659447697,0.270895037802865,0.0826830391094838,0.08607330113718031
PIARA,PIALE,0.09134677602419349,0.6513842100338808,0.23213086464936417,-0.05966907507324337,0.08480722436580578
PIARA,PIALE,0.1259449217460294,0.621768509743894,0.19335413052541753,-0.04394471530963967,0.1028771532942975
PIARA,PIALE,0.08045566242354604,0.6492259231156613,0.2408652146827595,-0.047891523648167955,0.07734472342620088
PIARA,PIALE,0.032790143188546325,0.6826263118027585,0.3169028943070875,-0.0550305099098764,0.022711160611484003
PIARA,PIALE,0.05093313361452759,0.5050626574954432,0.29755987004198087,0.10937855749358405,0.03706578135446449
PIARA,PIALE,0.10425875574850912,0.45677595360838774,0.2644233378911851,0.1327060218073075,0.04183593094461052
PIARA,PIALE,0.14335783525234116,0.6294922655917485,0.22561872494012367,-0.05542439528959209,0.05695556950537875
PIARA,PIALE,0.10870821021700625,0.4977689600309755,0.24305370598721926,0.09007759459326348,0.060391529171536194
PIARA,PIALE,0.08883584763977893,0.6139734638046213,0.31701307037600246,-0.012754498415103677,-0.007067883405298923
PIARA,PIALE,0.13059614675088135,0.48206381970594653,0.23859012160652399,0.09699443717390283,0.051755474762744835
PIARA,PIALE,0.07673134451186722,0.6687206174624392,0.22980230707516253,-0.0630236635393977,0.08776939448992908
PIARA,PIALE,0.043477672981102305,0.6840018280627099,0.2800400592754617,-0.05863911135107097,0.05111955103179697
PIARA,PIALE,0.08503490401800878,0.6839286886174049,0.29985689040022917,-0.07697419717910492,0.008153714143461076
PIARA,PIALE,0.09780183700919838,0.6242168463378782,0.2966705887541953,-0.029774767385255196,0.011085495283983976
PIARA,PIALE,0.019112678042840822,0.6949916234875875,0.33098827599670416,-0.05956965598834818,0.01447707846121598
PIARA,PIALE,0.06491068324356494,0.645475558741003,0.30784298211579764,-0.029754738890951593,0.011525514790585521
PIARA,PIALE,0.0878414365116558,0.5920490969973453,0.24890956233811473,0.007702709890998638,0.06349719426188552
PIARA,PIALE,0.031268291370643395,0.6691710581695813,0.33428888776002275,-0.0376323434649406,0.0029041061646928115
PIARA,PIALE,0.0611122274855353,0.6378908848404313,0.3371777170352979,-0.01903080889833869,-0.017150020462925526
PIARA,PIALE,0.0030982111454570666,0.6563442998810409,0.3346609274615645,-0.01543653178152532,0.02133309329346312
PIATE,PIATE,-0.025374120891902663,0.24494354013246375,0.38155875416203844,0.431817174770378,-0.032945348172977694
PIATE,PIATE,0.0669434900966791,0.25365714759785724,0.2990728113977218,0.37958911976338117,0.0007374311443609019
PIATE,PIATE,0.02935360348396765,0.2648205245082374,0.32676143183129774,0.380037716918359,-0.0009732767418618379
PIATE,PIATE,-0.04470993395017897,0.14831037117584916,0.3985369178073456,0.5313325615750045,-0.033469916608020824
PIATE,PIAAT,0.27568076351188786,0.24752613708973753,-0.022444089787239163,0.26003450605818235,0.23920268312743095
PIATE,PIATE,-0.11073934193108398,0.16901109270472697,0.41762708476636534,0.5489626328265348,-0.024861468366542842
PIATE,PIATE,-0.008284830079882455,0.285504809593663,0.3237553146869395,0.379849858279617,0.019174847519663897
PIATE,PIATE,-0.0031744317897849372,0.19264831330365917,0.33121911509015134,0.4681317508802174,0.011175252515757315
PIATE,PIATE,-0.0014307629672792865,0.13116338734061378,0.30402168744148034,0.5174415410853616,0.04880414709982351
PIATE,PIATE,0.12368012238151671,0.29591085914792126,0.1998953157745066,0.3024101329510156,0.07810356974503893
PIATE,PIATE,-0.08368602672380482,0.10777183965980805,0.3577369850043548,0.5885977124418269,0.029579489617814342
PIATE,PIATE,-0.09327781122454648,0.049512750581735376,0.3379332548678354,0.637575309292373,0.0682564964826031
PIATE,PIATE,-0.11247267834758529,0.08268992525979241,0.3602160704010467,0.6249754575347626,0.04459122515198398
PIATE,PIATE,-0.18221521585039463,0.07992967750938523,0.4262510694677721,0.665017320206196,0.011017148667041461
PIATE,PIATE,-0.10405797193755983,0.14686431476848372,0.36617191362499185,0.5599284021532005,0.031093341390884287
PIATE,PIATE,-0.12091811133707808,0.09358461687552733,0.37888001962196116,0.6163728036833556,0.032080671156234364
PIATE,PIATE,-0.17359460868026189,0.16972881892431868,0.41321437446953807,0.5719502727349599,0.01870114255144599
PIATE,PIATE,-0.19621270852682182,0.13634083993080356,0.4259729153251416,0.6162581784478796,0.017640774822997016
PIATE,PIATE,-0.0433451748006346,0.10990132585728984,0.336099661516531,0.5653723809151805,0.031971806511633664
PIATE,PIATE,-0.10583443242361557,0.17545384764985167,0.3702303985607115,0.5300676844199759,0.030082501793076727
PIATE,PIATE,-0.08135249761802554,0.15907257837113595,0.41144978576258984,0.5305713479639573,-0.019741214479657383
PIATE,PIATE,-0.060524110997096925,0.15905991335124056,0.41353511477062477,0.5183737578387243,-0.030444674963492187
PIATE,PIATE,0.03135990110764797,0.21116189338613137,0.3252724040248832,0.41904665594803203,0.013159145533305182
PIATE,PIARA,-0.037387571615806026,0.2793675654521088,0.42265364012164497,0.4037156167647481,-0.06834925072269574
PIATE,PIARA,0.005682652003430266,0.3347397369180717,0.3419125630544104,0.327315200314232,-0.009650152290144105
PIATE,PIATE,-0.027098306174775266,0.27908248229725785,0.34362754655767325,0.3929038762694538,0.011484401050390454
PIATE,PIATE,-0.011024326754985103,0.27928503159631773,0.3837681166165563,0.38486690470123675,-0.03689572615912604
PIATE,PIARA,0.017047508798322453,0.34192093940936163,0.34196742671629105,0.31276060919682874,-0.013696484120804396
PIATE,PIARA,0.055725856044572086,0.32244629728413277,0.32312903722603764,0.31306721063181453,-0.014368401186557626
PIATE,PIATE,-0.059842779705265525,0.26169667735008273,0.4129369131076378,0.43010967887590945,-0.04490048962836419
PIATE,PIATE,-0.02434573717153532,0.16478117208964616,0.3358509037965115,0.4926016844367601,0.031111976848617717
PIATE,PIATE,0.03719877831747348,0.09200812636644876,0.28813000639198905,0.5262318272927563,0.056431261631332656
PIATE,PIATE,0.06236527583740964,0.16072238360973884,0.2782829717510785,0.45390850079015654,0.04472086801161679
PIATE,PIATE,-0.054573312015210984,0.19267065081001866,0.38385290751179263,0.4880290412128968,-0.009979287519497317
PIATE,PIATE,0.05993953442088096,0.17167063002724423,0.3039199770028578,0.4539373288069478,0.010532529742069044
PIATE,PIATE,0.01744130822885992,0.10712965249375128,0.337716650108421,0.5280104784489146,0.009701910720053275
PIATE,PIATE,0.08438409061951951,0.1901371543365832,0.2514647119116331,0.4011310326192112,0.0728830105130528
PIATE,PIATE,0.08364409887261165,0.01689464195546514,0.3233751309247135,0.5755469250124744,0.0005392032347350251
PIATE,PIATE,0.20582859190018454,0.20792940674876192,0.13777940770235228,0.330013015981918,0.11844957766678324
PIATE,PIALE,-0.046124168546563205,0.40523163268369516,0.3721402835382949,0.3125825644579331,-0.04383031213335998
PIATE,PIATE,0.009407279158558435,0.30735243307372895,0.33085180443015916,0.34528367351655004,0.007104809821004053
PIATE,PIATE,-0.02522785374731984,0.27006468515080306,0.3609829735918885,0.39825591100401947,-0.004075715999390585
PIATE,PIATE,0.08241564772062238,0.25026926208450795,0.30633689280991777,0.36750104749369605,-0.006522850108743712
PIATE,PIATE,-0.002395874753700955,0.26146813847381284,0.36826919185702817,0.3992353188749783,-0.026576774452119235
PIATE,PIATE,-0.041395415753599396,0.19160286420307304,0.3603446925041376,0.4817740599308389,0.00767379911554919
PIATE,PIATE,0.04295607824609693,0.24536137575958028,0.30949396333729684,0.3872563001288225,0.014932282528203847
PIATE,PIATE,-0.02364328075508748,0.22259168230548032,0.35010387933931086,0.449467969429138,0.0014797496811587083
PIATE,PIATE,-0.022039239789497733,0.2641548717393687,0.35547754133669024,0.412192672004709,-0.009785845291270086
PIATE,PIATE,-0.028466853756031252,0.19494712910422535,0.3369985921386758,0.4784238694207067,0.018097263092422843
PIATE,PIATE,0.006319551345903729,0.2688588929831355,0.3591769379442769,0.3927614661068013,-0.02711684838011761
PIATE,PIATE,0.0995308152659542,0.08914184096318503,0.2983616141616736,0.503837244866294,0.009128484742893253
PIATE,PIATE,0.12660506077539752,0.05461852675247475,0.2675776380289069,0.526512258554781,0.024686515888439675
PIATE,PIATE,0.15479034628958674,0.08619257244952161,0.2280518283662153,0.47554611936662683,0.05541913352804895
PIATE,PIATE,0.20815913722004903,0.11373710558430813,0.1589433165254748,0.4192630165000527,0.09989742417011488
PIATE,PIATE,0.12316078549141155,0.026163557809768423,0.27233340793614225,0.5477100306740499,0.030632218088627632
PIATE,PIATE,0.16264912919794997,0.023544337498936585,0.22711972573654945,0.528681942019179,0.05800486554738438
PIATE,PIATE,0.07742130580726184,0.0572123640240636,0.2870867345320682,0.5469537498770635,0.03132584575954325
PIATE,PIATE,0.15496776607213075,0.034237418294395416,0.20007214606128038,0.516920890533161,0.09380177903903203
PIATE,PIATE,0.20813974641794353,0.11497053179118785,0.15389406417379992,0.41344011547098924,0.10955554214607921
PIATE,PIATE,0.16306546508536474,0.12328086294271279,0.19419526822275893,0.43238683709927017,0.08707156664989373
PIATE,PIATE,0.12338522456500842,0.12739649755491647,0.296037163435463,0.4610685683137411,-0.00788745386912943
PIATE,PIATE,0.09974982115584916,0.20820324815115543,0.2721930123444328,0.4012705238117772,0.018583394536784516
PIATE,PIATE,0.10228507507240911,0.21370222173916806,0.2708039543720424,0.3942855646594907,0.01892318415688942
PIATE,PIATE,0.11079535555966621,0.15485548356223153,0.27315280858415647,0.43027294048995784,0.030923411803987996
PIATE,PIATE,0.08849565869863216,0.07395251365928138,0.3059830884016047,0.522354747672289,0.009213991568193206
PIATE,PIATE,0.203918881528631,0.1989217510908811,0.11795342775372517,0.33925497487708167,0.13995096474968094
PIATE,PIATE,0.052736352995400304,0.1661285270999619,0.30075396977483015,0.4598458301924455,0.02053531993736149
PIATE,PIATE,0.09478362554670652,0.17326317265953797,0.29036027333491676,0.4362219452744628,0.005370983184375629
PIATE,PIATE,0.0896892803927273,0.19278790104040044,0.28718983007809407,0.4207726794261163,0.009560309062661372
PIATE,PIATE,0.1739513192313225,0.17162884178053517,0.19792319867425762,0.38933261228793,0.06716402802595492
PIATE,PIATE,0.12006325282793676,0.057088753902378164,0.24529291753825655,0.5200279651830154,0.05752711054841249
PIATE,PIATE,0.17745955844976716,0.08162724779504135,0.21183215902373015,0.4703298895520971,0.05875114517936413
PIATE,PIATE,0.07963782239313713,0.1564367028041313,0.29592901886764816,0.45318191750494957,0.014814538430133035
PIATE,PIATE,0.18169839273306143,0.15587506392616068,0.17406410324260824,0.38788124049838074,0.10048119959978855
PIATE,PIATE,0.17584966414611128,0.1981799309436718,0.20422249753814614,0.3584077789045826,0.06334012846748747
PIATE,PIATE,0.23297657423506893,0.18874952406152679,0.12138802838256103,0.3302839177604763,0.1266019555603673
PIATE,PIATE,0.09640047435852678,0.2431480965926901,0.24945780970714762,0.36845033325085674,0.04254328609077904
PIATE,PIATE,0.08205315965755416,0.18881983065464839,0.30179911691918565,0.42934197550909,-0.0020140827404780126
PIATE,PIATE,0.024600781855574905,0.1914004654351475,0.3239014656968757,0.45291500461758766,0.007182282394814027
PIATE,PIATE,0.14212250272178795,0.19945543229453735,0.21906395077077184,0.3846129766118792,0.0547451376010231
PIATE,PIATE,0.16968023323245207,0.28328369530982833,0.1907103222597445,0.2955705104331899,0.06075523876478531
PIATE,PIATE,0.16053846404084904,0.25518280388535614,0.22539445301118627,0.3175846777597487,0.04129960130285983
PIATE,PIATE,0.1439564918677714,0.1837661782389875,0.2426387774521791,0.3913890740453761,0.0382494783956858
PIATE,PIATE,0.2127918136719784,0.2355971467351112,0.1439859067434659,0.3057921541162871,0.10183297873315712
PIATE,PIATE,0.17369141335209728,0.19614786524895464,0.17268418700429097,0.35217106878493576,0.10530546560972122
PIATE,PIATE,0.12101194625047151,0.17270659240535954,0.27955937489853633,0.4145503336014949,0.012171752844137039
PIATE,PIATE,0.15240386009745321,0.2651682069948572,0.22113652134177167,0.3144637705643241,0.04682764100159374
PIATE,PIATE,0.19431486305988538,0.1781813586533586,0.22227164310144665,0.3681909729464573,0.03704116223885132
PIATE,PIATE,0.09959119689159218,0.2657789759665511,0.27659176508271,0.33989935159266954,0.01813871046647674
PIATE,PIATE,0.12149616171145622,0.25953790603211313,0.2788912993430135,0.3376373189956163,0.0024373139178008665
PIATE,PIATE,-0.07390034343617946,0.07432593951572969,0.37378069429083194,0.5793553535020904,0.04643835612752733
PIATE,PIATE,0.02612688913071115,0.06954503538983067,0.2918391840153901,0.5314510940581482,0.08103779740591954
PIATE,PIATE,0.005239542951879228,0.05796201218731928,0.30752034309778514,0.5519520286014609,0.07732607316155574
PIATE,PIATE,-0.020277235036360086,0.04792586083213479,0.321415376470535,0.5733249230251822,0.07761107470850799
PIATE,PIATE,-0.03313274676498096,-0.046374017784376,0.3401131883022068,0.6692371887193336,0.07015638752781632
PIATE,PIATE,-0.05819353560450857,-0.054352644046864684,0.37187931751070563,0.6908737263183571,0.049793135822310576
PIATE,PIATE,-0.015016011410287855,-0.0267311664992258,0.3571260031485617,0.6448617414820431,0.03975943327890903
PIATE,PIATE,-0.003420472013688919,0.021046062709159596,0.30655184373758243,0.5885057350729339,0.08731683049401247
PIATE,PIATE,-0.12124056307656267,0.023749550896633442,0.4186378210523759,0.6514450354157162,0.027408155711837433
PIATE,PIATE,-0.1262288025556611,-0.003879137005914246,0.4502067379375062,0.684589420058501,-0.004688218434432172
PIATE,PIATE,-0.06611353529604183,0.02518122933937933,0.3859082465101564,0.628799206420335,0.026224853026170822
PIATE,PIATE,-0.025669156798699466,0.012223290083024307,0.3671928736778107,0.6205854120104543,0.025667581027410506
PIATE,PIATE,-0.10847415067455096,-0.05263596856211683,0.44141538891195975,0.723476871195831,-0.003782140871123156
PIATE,PIATE,-0.045711810257561714,-0.015256687213740183,0.37633884534386153,0.6555790689632623,0.029050583164178013
PIATE,PIATE,-0.09987418671946036,0.03593793621330321,0.41011405042323706,0.633775569973813,0.020046630109107115
PIATE,PIATE,-0.07677989435970597,0.02710366403164699,0.4085694104868077,0.6349084586909289,0.006198361150322011
PIATE,PIATE,-0.08921132752610109,-0.03302298865944375,0.42151917894986635,0.6968856884463758,0.003829448789303698
PIATE,PIATE,-0.06755547019216279,-0.11560889563914645,0.430419193843971,0.7636329367997357,-0.010887764812397747
PIATE,PIATE,-0.11362334839443988,-0.0037777607329654295,0.4288675933563244,0.685084169836941,0.003449345934139751
PIATE,PIATE,-0.055063530900549246,0.035427830940498395,0.3819488414035707,0.6165228696362696,0.021163988920209702
PIATE,PIATE,-0.08254505341901466,0.04960888967911603,0.36516769282136563,0.6062475413115631,0.06152092960697019
PIATE,PIATE,0.001540791826416421,0.03772259928801058,0.3915382717489172,0.5910950586890049,-0.021896721552349487
PIATE,PIATE,0.033058386233830006,-0.012751955333862641,0.37777224040731,0.6219547442516051,-0.020033415558882682
PIATE,PIATE,0.03873633285100103,0.005955883523358629,0.31501002726578203,0.6034197172024556,0.036878039157402884
PIATE,PIATE,-0.0521432163949182,-0.004549883957151835,0.4195053032239,0.6656710856235695,-0.0284832884954
PIATE,PIATE,-0.04094044077189607,-0.07593880712265949,0.39885456133865804,0.7149702257057986,0.0030544608500984796
PIATE,PIATE,0.013918467198983764,0.046939890356346936,0.38317059098109574,0.575884027641486,-0.019912976177912274
PIATE,PIATE,0.026667906583058287,0.048460196231267016,0.34517332651413224,0.5582324241822063,0.02146614648933575
PIATE,PIATE,0.03940409636322595,0.02857121376176347,0.35995820771605785,0.5814648433278566,-0.00939836116890435
PIATE,PIATE,0.031737709599696295,0.002138703923040386,0.3660639159785948,0.6153214046844134,-0.015261734185745134
PIATE,PIATE,0.12015486323127877,0.04856809253887123,0.28370919712881626,0.5042428366237357,0.04332501047729846
PIATE,PIATE,0.07365043533913729,0.04269934552399918,0.344192228255532,0.5435508834393036,-0.004092892557972662
PIATE,PIATE,-0.03328993033375999,-0.0008831445946004268,0.4097061382045514,0.6347676579653893,-0.010300721241580386
PIATE,PIATE,-0.03438032375332728,0.07274254941867475,0.40940778331798966,0.568995732634145,-0.01676574161748224
PIATE,PIATE,-0.05596416105160079,0.0679276522778145,0.4187584330209909,0.5859846000674686,-0.016706524314673017
PIATE,PIATE,0.024749531251890222,-0.03797170108601372,0.4008675062709733,0.6434230949307354,-0.03106843136758459
PIATE,PIATE,0.06928353121212666,0.03871495916066037,0.2850875603160793,0.5420751618926232,0.0648387874185105
PIATE,PIATE,-0.04738353521011135,0.05372441832467606,0.4133492595898302,0.5895161935205988,-0.009206336224994317
PIATE,PIATE,0.01357939296887678,0.0383613881568321,0.39049885178939925,0.579656250567391,-0.02209588348249821
PIATE,PIATE,-0.07902429249545423,0.07935906725598246,0.42870084964462496,0.5857944439612852,-0.014830068366438152
PIATE,PIATE,0.01723722886966128,0.09217270305989622,0.3565700687906359,0.5214565387422432,0.012563460537563652
PIATE,PIATE,0.006491551095579529,0.11445155249635697,0.3479048452783715,0.507589208088675,0.023562843041017058
PIATE,PIATE,-0.02661530863538769,0.08996246304884609,0.36857625846823316,0.5443351115934246,0.02374147552488333
PIATE,PIATE,-0.012798874344548239,-0.021606558668361253,0.38447001690380034,0.64406702272013,0.005868393388978439
PIATE,PIATE,-0.00038958214499407173,0.0615169915608636,0.36158366229383154,0.5573589618190897,0.019929966471209162
PIATE,PIATE,0.0015287341442138391,-0.035305087662511836,0.379974352273878,0.6476191401224793,0.006182861121939311
PIATE,PIATE,-0.03897165806364755,0.005086512862867987,0.38452118815049263,0.6309027195687488,0.01846123748153835
PIATE,PIATE,-0.0064707763692208875,0.0028061374454304566,0.3589439238404747,0.6146318511550126,0.030088863928303185
PIATE,PIATE,0.08229207089959234,0.014263950811283788,0.28583631864302894,0.5576353890709831,0.059972270575111564
PIATE,PIATE,0.025973272190872088,0.016991539596059313,0.32864019015820534,0.5854996033835016,0.04289539467136158
PIATE,PIATE,-0.0002494519650479976,0.008275275673203686,0.2559714917859962,0.6195223067489217,0.11648037775692677
PIATE,PIATE,-0.03234746710645808,0.006078063965179181,0.24702010876215505,0.6190690730151591,0.16018022136396465
PIATE,PIATE,0.0076771795395566556,-0.0308580468738201,0.2753605642694077,0.6673619381446021,0.08045836492025377
PIATE,PIATE,0.06119461143609484,-0.060972050616862616,0.20841542376427719,0.6560662255687393,0.13529578984775098
PIATE,PIATE,0.03282483512890966,-0.051239439868378645,0.21462927555450384,0.6598164104556512,0.1439689187293134
PIATE,PIATE,0.003272612070721201,-0.06537166313788934,0.2712686134562073,0.6995255604724004,0.09130487713856053
PIATE,PIATE,0.09250992473313865,-0.0045025179522935055,0.13920753693422355,0.5743233690280629,0.1984616872568688
PIATE,PIATE,0.08032374755303656,-0.06585148090612647,0.2204650606683956,0.647875856101358,0.1171868165833356
PIATE,PIATE,0.06247453871896709,-0.03176063844089283,0.20084091787398267,0.6225305476348266,0.14591463421311707
PIATE,PIATE,0.1179900709422759,-0.045230337687218514,0.15863846281624003,0.6120292523802514,0.15657255154845162
PIATE,PIATE,0.03747859074547316,0.018971487073119242,0.2075074470253042,0.5960968625945902,0.13994561256151328
PIATE,PIATE,0.07326413286713306,-0.05669911654248905,0.2195674088166631,0.6490777884049241,0.114789786453768
PIATE,PIATE,0.13837646709079318,-0.07209413079128002,0.1757812053123893,0.6305274505665666,0.12740900782153072
PIATE,PIATE,0.08079127065099652,-0.0205903214478676,0.19138173793641447,0.6070855699084476,0.14133174295200912
PIATE,PIATE,0.15868733126793164,-0.0800419261683239,0.13381887371897236,0.6274186400918914,0.16011708108952902
PIATE,PIATE,0.049977076606406434,0.03857910919782259,0.22495266388684465,0.5600124122086791,0.1264787381002469
PIATE,PIATE,0.04015982680798977,0.026081307163495104,0.20914300707910205,0.5829713322754143,0.14164452667399885
PIATE,PIATE,0.056052410988924065,0.03185617305438426,0.20306486578525407,0.56486114438736,0.14416540578407713
PIATE,PIATE,0.05480573640668111,-0.010172970087074407,0.2511435957483501,0.6216457353174847,0.08257790261455906
PIATE,PIATE,0.1078582228472525,-0.28120645645536235,0.1824050795776458,0.8248172186983171,0.1661259353321475
PIATE,PIATE,0.08087256124813108,-0.011921743390718387,0.21549045336952477,0.5966555337498163,0.11890319502324645
PIATE,PIATE,0.018374804358392005,0.02265880642701551,0.2527731804714966,0.6002965767305095,0.10589663201258631
PIATE,PIATE,0.11993047511149223,-0.058115826445189755,0.19839427177723853,0.618576054113311,0.12121502544314763
PIATE,PIATE,0.009889795133317766,0.03823801594798082,0.25144951314005837,0.5896193756906573,0.11080330008798572
PIATE,PIATE,0.04823472072924175,0.0705239970977174,0.20239827187777681,0.5405479003339793,0.13829510996128463
PIATE,PIATE,0.004812874209940393,0.1372639226133848,0.2373095554227011,0.5016439394787469,0.11896970827522685
PIATE,PIATE,-0.004275329651960175,0.10264601978112997,0.26445981097336596,0.5344290818659783,0.10274041703148618
PIATE,PIATE,0.024305734377146643,0.014474606439566606,0.2616301301108085,0.6060224134061831,0.0935671156662949
PIATE,PIATE,0.08374660693044375,0.04315768918252638,0.1967403258498441,0.5480892853981139,0.12826609263907157
PIATE,PIATE,0.11163625675054989,0.005848867738372843,0.1828002620263469,0.5688839345117758,0.13083067897295475
PIATE,PIATE,0.044973602976985924,-0.016062470378732152,0.2404008620596636,0.6205524552346523,0.1101355501074299
PIATE,PIATE,0.015672648356127833,0.024502285918258704,0.23225215282903583,0.5953369811830763,0.13223593171350184
PIATE,PIATE,0.09468871290461868,-0.029211145799336535,0.22753135938390678,0.6157868882537536,0.0912041852570577
PIATE,PIATE,0.019717474852858838,0.04307856277753297,0.22833778464949034,0.5780161536983961,0.13085002402172152
PIATE,PIATE,0.07210941610126224,-0.10017229057823512,0.23546169301555686,0.6927419587110721,0.09985922275034384
PIATE,PIATE,0.13271464042536335,-0.14729306576270929,0.18684240005150624,0.7029097529084167,0.12482627237742266
PIATE,PIATE,0.04473257307954051,0.04554717249935275,0.2323204995166392,0.5619661034765286,0.11543365142793865
PIATE,PIATE,0.09251649024717087,-0.015906686293902073,0.22395371987314258,0.5982979773509706,0.10113849882261872
PIATE,PIATE,0.10285908569995433,0.016292268113306085,0.18100943386916524,0.564881019247397,0.13495819307017728
PIATE,PIATE,0.07262638208704311,-0.01978271901423556,0.2117805862826762,0.6125787658822985,0.12279698476221812
PIATE,PIALE,0.05808320711654674,0.3755329616690495,0.24875405985786572,0.2972997820777489,0.02032998927878952
PIATE,PIATE,-0.003822295275181964,0.3049117349004767,0.2708632710719673,0.38316305489298796,0.04488423440975039
PIATE,PIATE,0.08064605292643368,0.2567877714505243,0.2069525935053534,0.3853534340691339,0.0702601480485551
PIATE,PIATE,0.023562089995633806,0.2038225191146916,0.26058119864944046,0.45799652764747883,0.054037664592755684
PIATE,PIATE,0.021698282521608048,0.27293872449277395,0.2817654849926289,0.403778386187026,0.019819121805963423
PIATE,PIALE,0.10019325162982828,0.546048174212799,0.21237621133951518,0.12720741801123414,0.014174944806622979
PIATE,PIALE,-0.04871315363302986,0.41665716808563624,0.32771216916351453,0.31984451020747817,-0.01550069382359829
PIATE,PIALE,0.045074678517322,0.6429725032142666,0.21601473764557044,0.07342810096912772,0.022509979653713715
PIATE,PIALE,0.05629856931924154,0.6689320115604787,0.21998989999509536,0.04136832068681928,0.013411198438365475
PIATE,PIALE,0.1083656829238176,0.4252611806833204,0.23698292558026796,0.24239859411003695,-0.013008383297442229
PIATE,PIALE,-0.032394756729112906,0.7407188171978625,0.25503639130455735,0.02526776470549308,0.011371783521200877
PIATE,PIALE,0.00615080426847317,0.7279574214327167,0.20321553819455618,0.003248805906338692,0.059427430197915805
PIATE,PIALE,0.016221314151145305,0.6492902579956253,0.1870404491702111,0.06543064813935906,0.08201733054365955
PIATE,PIALE,0.016526141840257635,0.6870279441611147,0.20602605699002727,0.03722292540211608,0.05319693160648492
PIATE,PIALE,-0.012768068713203518,0.6369540291143837,0.23562168847515577,0.09867654475448703,0.04151580636917798
PIATE,PIALE,0.018015055363301835,0.6797292210226968,0.2356870862612227,0.04868738136073425,0.017881255992044952
PIATE,PIALE,0.002797598066153262,0.598619989518375,0.2720134454408357,0.13842895925617665,-0.011859992281540242
PIATE,PIALE,0.05594693552723623,0.5804394937053295,0.2094430734064734,0.11541827137427249,0.03875222598668905
PIATE,PIALE,0.08382500322460784,0.5881769068939018,0.19349159449856057,0.09508834397544774,0.03941815140748213
PIATE,PIALE,0.0496180202036155,0.3852745831729315,0.26909708852047903,0.2932851968914101,0.002725111211564331
PIATE,PIALE,-0.05085938410113455,0.3840715381130644,0.2991232568567498,0.3434623786056798,0.024202210525641324
PIATE,PIALE,-0.08653769328455135,0.40741053634935054,0.2989785448687632,0.3352451031049096,0.044903508961528546
PIATE,PIALE,0.03027071485987287,0.4355709041091581,0.24175551953938637,0.25776981369653157,0.03463304779505146
PIATE,PIALE,0.02701999494937199,0.45799752031300645,0.2245602194499915,0.21633459391677512,0.07408767137085531
PIATE,PIALE,0.0009757309324477936,0.4800597935933793,0.26107581317620804,0.23253477304432765,0.02535388925363758
PIATE,PIALE,0.0006453883179486919,0.6240786949221698,0.26756742726560157,0.09521692750029159,0.012491561993988591
PIATE,PIALE,-0.03598600809118288,0.5763112890567349,0.28902285506813796,0.1528551878250685,0.017796676141241675
PIATE,PIALE,0.014336822273414901,0.6188275763699788,0.21313019591346305,0.08236066203531017,0.07134474340783326
PIATE,PIALE,-0.06746682115047509,0.5416681991578803,0.3061084205369098,0.23543047630113534,-0.01574027484544966
PIATE,PIALE,-0.07349404109305335,0.4372676026572815,0.3438903872638326,0.3089122521932417,-0.016576201021302063
PIATE,PIALE,0.00313418044969041,0.7957849295714888,0.2590037970386118,-0.04872917092178958,-0.009193736138001264
PIATE,PIALE,0.12025885732418418,0.6724109699712675,0.17952549348984503,-0.004830876350827906,0.03263555556553123
PIATE,PIALE,0.07009339839626119,0.76075725567382,0.22636294996015377,-0.054153316113148275,-0.003060287917086478
PIATE,PIALE,0.1512813910825474,0.7258478165128011,0.16372810242913416,-0.0673472619382231,0.02648995191374119
PIATE,PIALE,0.023056447272157526,0.6462115601559995,0.24693149085555205,0.057365088485204274,0.026435413231087217
PIATE,PIALE,0.07641401529841305,0.7621782271922611,0.2210175428797352,-0.05774022343389973,-0.001869561936509924
PIATE,PIALE,0.003575648744752552,0.7669272551452565,0.3126420846370739,-0.021853868913453867,-0.06129111961362827
PIATE,PIALE,0.033058685097478197,0.7067555632398461,0.28493920270430384,0.02849272974252154,-0.05324618078414926
PIATE,PIALE,0.13118041340394487,0.749621742693023,0.23502924631903271,-0.06780137425786231,-0.048030028158138345
PIATE,PIALE,0.07024339204539257,0.6719832478626617,0.21518548045213443,0.010431768858600254,0.032156110781211486
PIATE,PIALE,0.07773956303530327,0.46208226960683274,0.21914613754998577,0.21624435734158598,0.024787672466292494
PIATE,PIALE,0.0597082160082556,0.44803397973357884,0.23217204250546772,0.2413804864865794,0.018705275266118697
PIATE,PIALE,0.030537404567976212,0.688317760160776,0.22269992938582686,0.05045333186088985,0.007991574024531434
PIATE,PIALE,-0.012962091860367952,0.6061601137369002,0.20514282117733826,0.1240353192556968,0.07762383769043357
PIATE,PIALE,-0.0033809113468885876,0.5521344666549904,0.23879561659863363,0.14516700997685797,0.06728381811640712
PIATE,PIALE,0.032991038990734606,0.630303214970821,0.22651058428344592,0.08524865041020155,0.024946511344797147
PIATE,PIALE,0.05423804084429362,0.4688516186394612,0.1905009926392383,0.20739747852714419,0.07901186934986254
PIATE,PIALE,0.06062030868009649,0.42019613067603306,0.19015125345863765,0.24173075635819685,0.08730155082703617
PIATE,PIALE,0.043072397765422654,0.3769528478410009,0.23802406090779363,0.3108568931967871,0.03109380028899624
PIATE,PIALE,0.012136657325099443,0.5252573288364788,0.24005275173723806,0.21413427827029363,0.008418983830889917
PIATE,PIATE,0.2364499217539106,-0.1600140957245036,0.26447664132999577,0.6860385951503507,-0.02695106250975337
PIATE,PIATE,0.24056615435629403,-0.21184606708753062,0.27225773779475904,0.7268682733369833,-0.027846098400509063
PIATE,PIATE,0.24824740181845273,-0.11914913534428467,0.287322966829549,0.6588413019665553,-0.07526253527027346
PIATE,PIATE,0.19949266499034524,-0.10996250375202499,0.28798767052538965,0.6605701975311407,-0.03808802929485144
PIATE,PIATE,0.26066192082321704,-0.1407870983174665,0.24304911443191318,0.6535291773081628,-0.016453114245829077
PIATE,PIATE,0.20345848785936582,-0.13697824265546044,0.26666952508525354,0.6788530819352991,-0.01200285222445769
PIATE,PIATE,0.24393887980011036,-0.18790150373760178,0.25522379301877784,0.6955264697754648,-0.006787638856751606
PIATE,PIATE,0.2043392376217193,-0.09237991883153879,0.2666224882569598,0.6444659612929708,-0.023047768340110665
PIATE,PIATE,0.19499662116032784,-0.15757684421913037,0.27689289412906104,0.6993232537872609,-0.013635924857520777
PIATE,PIATE,0.2262749679097219,-0.14027418916446194,0.24762995262372373,0.6632891018923386,0.0030801667386761433
PIATE,PIATE,0.20815068700204536,-0.33730073295144836,0.24470061188926612,0.8425575074264424,0.041891926633693004
PIATE,PIATE,0.20378902729259452,-0.36435394075921956,0.265635368533855,0.8803105016280399,0.01461904330472915
PIATE,PIATE,0.22492252071473617,-0.2620227391660135,0.21070783365258627,0.7729970609095225,0.053395323889166964
PIATE,PIATE,0.18090281194714053,-0.3200308829175529,0.26054303739877827,0.8496467697780339,0.028938263793600705
PIATE,PIATE,0.20400147381623995,-0.3062914695890231,0.265647326689652,0.8285599261122054,0.008082742970924678
PIATE,PIATE,0.24291684660562374,-0.326219161984314,0.25652613224582904,0.8242258522170285,0.002550330915830873
PIATE,PIATE,0.18883276788423858,-0.2908404564372874,0.258545835185419,0.8158398622089296,0.027621991158699066
PIATE,PIATE,0.21006347922810037,-0.36919114820177423,0.26881279859159457,0.8807880123166514,0.009526858065427003
PIATE,PIATE,0.2290444011194333,-0.2846758829106667,0.22258543606765385,0.79206973483116,0.040976310892417656
PIATE,PIATE,0.20819097335949793,-0.3059649242141347,0.24557844721092809,0.8250412639292404,0.027154239714468432
PIATE,PIATE,0.25764309698575294,-0.29745176731934975,0.24849821140157274,0.7868238929511882,0.004486565980835584
PIATE,PIATE,0.23773131147354626,-0.251173219736083,0.25799212464040294,0.7660096255337028,-0.010559841911571284
PIATE,PIATE,0.19689414129832888,-0.29712118768083795,0.29588813034448413,0.8276520672569718,-0.023313151218947635
PIATE,PIATE,0.2643378012611589,-0.27560473994875967,0.23174609020819237,0.7644374158327791,0.015083432646629182
PIATE,PIATE,0.2674390041612329,-0.31202056014649693,0.2522699866120841,0.7999241484700519,-0.007612579096873635
PIATE,PIATE,0.2398935464535908,-0.12557418293049405,0.20195188053022856,0.6389488605765951,0.044779895370078565
PIATE,PIATE,0.21903796963432887,-0.12866416791843277,0.25541767965080975,0.6703041486871049,-0.016095630053811795
PIATE,PIATE,0.23141193420185435,-0.13921345040138766,0.2408256926560518,0.6719002000766814,-0.004924376533201054
PIATE,PIATE,0.2718680553118751,-0.15099295414520075,0.2197994733238695,0.6622466579567958,-0.002921232447340695
PIATE,PIATE,0.26221626084314914,-0.033944583636896175,0.21430144102523263,0.5673707341001122,-0.009943852331598092
PIATE,PIATE,0.20823130211102053,-0.23460455523261992,0.25326599650875387,0.7583831121572662,0.014724144455578063
PIATE,PIATE,0.24516134089128577,-0.22920669672558103,0.2448893427402066,0.7345016021238797,0.004654410970207523
PIATE,PIATE,0.2818925196921474,-0.11791590920173944,0.1792695430459218,0.6098143590831724,0.04693948738049716
PIATE,PIATE,0.22847548442364707,-0.22566274021760613,0.24566785596643737,0.7382044407326513,0.01331495909486731
PIATE,PIATE,0.22988567221218464,-0.3279745942102611,0.2917418665583735,0.8352607888906081,-0.02891373345090615
PIATE,PIATE,0.29383209607657473,-0.1706605781231928,0.13462471968169387,0.6454812017888272,0.0967225605760954
PIATE,PIATE,0.25669138835984306,-0.24694693156553638,0.20313428778372575,0.7443313907979667,0.0427898646239999
PIATE,PIATE,0.27316262894487825,-0.21000216991416254,0.16115085042505436,0.7043242770649557,0.07136441347927328
PIATE,PIATE,0.26847288982064477,-0.25494986919669105,0.18543164621255423,0.7483201211666592,0.0527252119968323
PIATE,PIATE,0.257695444246201,-0.23993000798013608,0.20716837824924395,0.7360247475957713,0.03904143788891988
PIATE,PIATE,0.24374671600636116,-0.29022485771770934,0.24414306424738852,0.7918283454992203,0.010506731964737712
PIATE,PIATE,0.22859726646197065,-0.3424314150426946,0.29084088957087284,0.8465395736389567,-0.023546314629108507
PIATE,PIATE,0.2505476708764175,-0.30469957401653525,0.2503826183640448,0.8051360753041685,-0.0013667905280966217
PIATE,PIATE,0.20306257660452903,-0.18424341285107554,0.2927856596493161,0.7289287803671557,-0.040533603769925854
PIATE,PIATE,0.21291281657402084,-0.19774371358982046,0.29016343731488103,0.7311495461416048,-0.03648208644068624
PIATE,PIATE,0.24189722590963864,-0.1968253745439541,0.2664731915309522,0.7213426398095406,-0.0328876827061789
PIATE,PIATE,0.2875850655766969,-0.12470450925837956,0.22918596043380024,0.6287738490055736,-0.020840365757693054
PIATE,PIATE,0.2586814700577393,-0.17962937217374197,0.2870896929313107,0.7027066718261699,-0.06884846264148017
PIATE,PIATE,0.279945451219507,-0.14025243451166436,0.21772357847811824,0.6449069845632446,-0.002323579749206668
PIATE,PIATE,0.26831505349213686,-0.13400527167830917,0.23570809896032574,0.6504935720941831,-0.020511452868337228
PIATE,PIATE,0.14671588797772872,0.08561612354076475,0.3488361202190355,0.4636566788611233,-0.044824810598652794
PIATE,PIATE,0.16027119686264524,-0.0013109072555985701,0.3371589989881866,0.5476935829494642,-0.04381287154469774
PIATE,PIATE,0.24988173939284414,0.060304315229568944,0.25163474380935963,0.44140742568146785,-0.0032282241132417858
PIATE,PIATE,0.2534047485862238,0.02375445616917271,0.2647447589816486,0.4743052421501193,-0.01620920588716499
PIATE,PIATE,0.26266334706550043,0.07555299704034552,0.24915816873021565,0.42213274307775084,-0.009507255913812802
PIATE,PIAAT,0.3995134402158487,0.17102499958439712,0.08930808664844414,0.25795039673110454,0.08220307682020478
PIATE,PIATE,0.3120566761045019,0.11557327073681131,0.20982798857757815,0.35708235389149895,0.005459710689608703
PIATE,PIAAT,0.36091269511405943,0.10110885610469561,0.19080496340808145,0.3485514830551737,-0.001377997682010662
PIATE,PIATE,0.3048933894271157,0.16432014476896448,0.2220855346464083,0.3203920160463528,-0.011691084888842178
PIATE,PIATE,0.31072587815200103,0.07542197831498623,0.20575606689115553,0.39416913652631813,0.013926940115537953
PIATE,PIAAT,0.3687533668496994,0.13893612113931153,0.09549884249252971,0.3014767758717003,0.09533489364675826
PIATE,PIATE,0.3451456048722864,0.04405724341893469,0.18768697504397439,0.40630885842944914,0.01680131823535451
PIATE,PIATE,0.33660751876889694,0.07824841089454351,0.15891603689114478,0.37000837421326205,0.0562196592321526
PIATE,PIATE,0.2935102275656334,0.09618353644868613,0.23623579412247603,0.3833200184029598,-0.009249576539755895
PIATE,PIATE,0.30631678080283237,-0.09810674056858165,0.19593898694908188,0.5489511835246171,0.046899789292049875
PIATE,PIATE,0.37249307560272593,-0.03182608622414529,0.09732605038636069,0.45020970403890087,0.11179725619615694
PIATE,PIATE,0.3038836886770335,-0.026116976685055415,0.17787730801234325,0.48590315000401463,0.05845282999166286
PIATE,PIAAT,0.36196367598570656,0.12863170587703787,0.13410030111700744,0.31095387495485577,0.06435044206539209
PIATE,PIAAT,0.399575142212636,0.18942802317677293,-0.051142101639778836,0.23255324408781974,0.22958569216254957
PIATE,PIATE,0.30226914240751573,0.14183159756374883,0.18457519341158116,0.328310643306944,0.04301342331021043
PIATE,PIATE,0.3050589915203105,-0.04487531455695781,0.1986395988200297,0.4957951309160131,0.04538159330060271
PIATE,PIATE,0.26063951118892675,-0.11419935772892331,0.2398259535990201,0.5842136960256762,0.02952019691529962
PIATE,PIATE,0.34090483682512696,-0.02895533187851862,0.12713477845674429,0.46502073099272523,0.09589498560392151
PIATE,PIATE,0.35428402710970136,0.02394790433488686,0.21060366353470156,0.4089574542973796,0.002206950723329097
PIATE,PIAAT,0.4073211824775852,0.1348870021697837,-0.07286696132118464,0.2777928779416402,0.2528658987321749
PIATE,PIATE,0.2464929531199248,0.08009071808214682,0.23025529375303774,0.41151907843045643,0.03164195661443361
PIATE,PIATE,0.30744999246912197,0.10902959651842403,0.19117922208986102,0.35521297702117977,0.03712821190141229
PIATE,PIATE,0.3148507376670308,0.102299095409872,0.20025920638045824,0.3646042981282504,0.01798666241438828
PIATE,PIATE,0.26151792634296295,0.0388520642843726,0.26210112152722453,0.44873310358520047,-0.011204215739761332
PIATE,PIATE,0.2564840187015518,0.0495391148187001,0.26019389989350916,0.43923476224037383,-0.00545179565413461
PIATE,PIATE,0.24117096777647118,-0.01903155496800102,0.2554160318587648,0.5084991847232614,0.013945370609502995
PIATE,PIATE,0.28766260640044594,-0.01768486341408304,0.2451561608261416,0.48374924343827413,0.001116852749221152
PIATE,PIATE,0.30805766768432075,0.021936057752885207,0.21070164768222566,0.43555371989718145,0.023750906983385937
PIATE,PIATE,0.2881465630898129,0.032391082958446116,0.24569024288023383,0.4360434430341391,-0.0022713319626332454
PIATE,PIATE,0.2971305152969394,-0.00951325268362746,0.22753634565694475,0.4703994297889737,0.014446961940768652
PIATE,PIATE,0.26553439777184024,-0.007133001791881699,0.27603420557768565,0.48630613147407553,-0.020741733031721034
PIATE,PIATE,0.30425393314874766,-0.04194562614379521,0.20088952898951878,0.49319520022526053,0.04360696378026753
PIATE,PIATE,0.30213699671898947,-0.02218298125282936,0.23017081566923037,0.4767912504559834,0.013083918408625238
PIATE,PIATE,0.32849729466148025,-0.05148999172841118,0.20659300468894437,0.49003683206221776,0.026362860315767483
PIATE,PIATE,0.278584879985467,-0.09154194132426752,0.24501076848171205,0.5563409788804918,0.011605313976595873
PIATE,PIATE,0.032367514200650184,-0.29026589188476315,0.14519004119815812,0.8789852695137998,0.23372306697215664
PIATE,PIATE,0.08394145437094745,-0.27991243540154653,0.07931043753273126,0.8396698615550404,0.27699068194282817
PIATE,PIATE,0.056811205776555004,-0.22905829231391772,0.09811046074983018,0.8111145293746884,0.2630220964128437
PIATE,PIATE,-0.011198518894804055,-0.2990398134048814,0.18997705718152696,0.914644505480054,0.2056167696381049
PIATE,PIATE,0.04160264144167869,-0.288678143323824,0.18083518266895204,0.8851412937831549,0.18109902543003867
PIATE,PIATE,0.029767637012143147,-0.2577612453700324,0.17174363494599743,0.8666190019015454,0.18963097151034597
PIATE,PIATE,0.03453561221678526,-0.27280256744532605,0.17889293429250352,0.8757351334096475,0.18363888752639035
PIATE,PIATE,0.02329099884772856,-0.36334395724382407,0.1977804911127456,0.964592760547512,0.17767970673583833
PIATE,PIATE,0.020102000347651597,-0.2824501858543662,0.16094270930529223,0.8834506144357743,0.2179548617656469
PIATE,PIATE,0.007979543084250765,-0.3131313156277049,0.20213159279008694,0.9239213004695317,0.17909887928383575
PIATE,PIATE,-0.09792542634988535,-0.2941973357301534,0.25748307207318577,0.9518283067904982,0.18281138321635468
PIATE,PIATE,-0.062200353551639165,-0.20436008557777052,0.19363828236784938,0.8534800447876578,0.2194421119739029
PIATE,PIATE,-0.05715994796492299,-0.2047987929111893,0.1742402480632576,0.8475591664699187,0.2401593263429365
PIATE,PIATE,-0.008560359211021468,-0.23638113038678854,0.1572804253030345,0.8501916276018537,0.23746943669292234
PIATE,PIATE,-0.031233977748860026,-0.2692104461625392,0.19278068141517118,0.8979531805370737,0.2097105619591543
PIATE,PIATE,-0.020123034628858463,-0.24751733430113387,0.16670752792507876,0.8705079717487045,0.23042486925620914
PIATE,PIATE,-0.012995085280888774,-0.23475684148721032,0.15854703833082662,0.8524034052933591,0.23680148314391392
PIATE,PIATE,-0.0667142723723157,-0.23503557930896746,0.17682257035711796,0.8747337110917612,0.2501935702324044
PIATE,PIATE,-0.004664852663627317,-0.30845987461622626,0.19250707104774445,0.9172421211527109,0.2033755350793979
PIATE,PIATE,-0.05023726408195717,-0.2809405781487704,0.22332054549761007,0.9188515706137446,0.18900572611937394
PIATE,PIATE,-0.0002363545190939842,-0.3269623927458625,0.17377459050578015,0.9293343227473925,0.2240898340117847
PIATE,PIATE,-0.10551320567762446,0.0571720176248432,0.21192119102831528,0.6743654444627014,0.16205455256176535
PIATE,PIATE,-0.1090768978379803,0.11584752078356902,0.1967937764869027,0.6225777904413388,0.17385781012617094
PIATE,PIATE,-0.016493485432842736,-0.32887766573044475,0.21338466399228587,0.9462784919111376,0.18570799525986412
PIATE,PIATE,-0.029223945188461026,-0.2624985911202513,0.21446873267482794,0.8927842653676445,0.18446953826624002
PIATE,PIATE,-0.035808330034195895,-0.21158407393851197,0.20564191596121886,0.8473689637206692,0.19438152429082034
PIATE,PIATE,-0.03325158664589882,-0.18779848086883988,0.20801386846724576,0.8316439288371831,0.18139227021031187
PIATE,PIATE,-0.01974256413453168,-0.208269106053812,0.18963424386308791,0.8428905028016951,0.19548692352356153
PIATE,PIATE,-0.07876070144079636,-0.24950398750880498,0.23421984579421581,0.9036799848773438,0.19036485827804292
PIATE,PIATE,-0.035687771806027765,-0.06554458854673689,0.1659474269781392,0.7162134821177564,0.2190714512568699
PIATE,PIATE,-0.07484818135048321,-0.28471149827722,0.2542303307275064,0.9324436041939284,0.17288574470626913
PIATE,PIATE,-0.06264187000958726,-0.24536380865026208,0.24773374362078182,0.90123717793356,0.15903475710550746
PIATE,PIATE,-0.06773689065255323,-0.25274824127422457,0.24828731846032315,0.906930008911927,0.16526780455452736
PIATE,PIATE,-0.09761127872410008,-0.160584753501898,0.24766473607666847,0.8350659527582691,0.1754653433910616
PIATE,PIATE,-0.09894098964902592,-0.22630297791145737,0.27645597180953596,0.9005958306406772,0.14819216511026986
PIATE,PIATE,-0.12059531750878577,-0.17592049648274355,0.2686503226416845,0.8633662769044044,0.1644992144454409
PIATE,PIATE,-0.0392748522102124,-0.1915088459254668,0.20623805205949836,0.8355237002961464,0.1890219457800347
PIATE,PIATE,0.008429103274937608,-0.15452741214051535,0.19190837598429822,0.7834287414009323,0.17076119148034732
PIATE,PIATE,-0.022704933413425124,-0.18493070723157862,0.25066664363962876,0.836144624709529,0.12082437229584633
PIATE,PIATE,-0.023488397475061304,-0.2118876559077406,0.2260612597923955,0.8523305211137482,0.15698427247665916
PIATE,PIALE,0.05791123045906832,0.6541686392490694,0.4188389754156106,0.04698023331170231,-0.17789907843545058
PIATE,PIALE,0.02674225264550789,0.6058552220807094,0.4134241906626324,0.107512848193344,-0.153534513582193
PIATE,PIALE,0.07103729370500911,0.6823020365028439,0.41866636684136715,0.01930715017350526,-0.19131284722272665
PIATE,PIALE,0.035621366597683446,0.465305802565528,0.4281554329653871,0.2332973885484166,-0.16237999067701525
PIATE,PIALE,0.046963896470644695,0.7081288538042202,0.39719999732878086,0.015629795133265956,-0.1679225427369118
PIATE,PIALE,0.05893242386346498,0.6690603690661383,0.3845749674555976,0.03698250663400354,-0.14955026701920512
PIATE,PIALE,0.022821626622258284,0.5952344288597463,0.4035752641029705,0.12878975256312417,-0.15042107214809983
PIATE,PIALE,-0.01364475558756606,0.7313574716930039,0.44149698592271913,-0.003015359004941154,-0.15619434302321553
PIATE,PIALE,0.17442181591783879,0.9578739954106621,0.23200287262729985,-0.31327959269530764,-0.051019091260493775
PIATE,PIALE,0.16731102319990943,0.994037318327889,0.25632558129701244,-0.3404725053642484,-0.07720141746056192
PIATE,PIALE,0.06458073470225134,0.8708915626560589,0.3743095471042488,-0.1624452036555905,-0.1473366408069687
PIATE,PIALE,0.13290705364344052,0.6793111672198965,0.18353036600640615,-0.0458499323668235,0.05010134549708042
PIATE,PIALE,0.04755663189942183,0.7955427511885467,0.3971988465899842,-0.07375151718801781,-0.16654671248993472
PIATE,PIALE,-0.020158113588944038,0.7405164478943979,0.41817910585617263,0.004454074682523512,-0.1429915148441495
PIATE,PIALE,-0.02868303896141189,0.7499963737016163,0.43643160270556736,0.004321669989413024,-0.16206660743518447
PIATE,PIALE,-0.024156213537755655,0.7265414391954679,0.42981631992665753,0.021897668143059268,-0.15409921372742927
PIATE,PIALE,-0.0014468052040707002,0.6258037106221785,0.4156261666812384,0.10201276151166658,-0.1419958336110138
PIATE,PIALE,0.01940601892174232,0.7420262061660071,0.4140083272038044,-0.013511060713429002,-0.16192949157812594
PIATE,PIALE,0.043295053943599116,0.7183301711322798,0.34666282637054635,-0.02457780316327446,-0.08371024828315113
PIATE,PIALE,0.030285184020381495,0.7811657715481513,0.4193809023436625,-0.050902213693984955,-0.17992964421821017
PIATE,PIALE,0.0685372494291202,0.8109004500859196,0.39594450565669165,-0.10325284047740818,-0.17212936469432272
PIATE,PIALE,0.03896855945696287,0.790175975554492,0.4141839403937311,-0.05785547412581399,-0.18547300127937075
PIATE,PIALE,0.02668986900016246,0.6702919789664399,0.37956340287866486,0.045546607167693376,-0.12209185801296138
PIATE,PIALE,0.003926774271216571,0.7324277150460425,0.427279707148418,0.012211167668697953,-0.17584536413437543
PIATE,PIALE,-0.008805792023977355,0.7810837188889993,0.46731949998425065,-0.021689695861209946,-0.21790773098806385
PIATE,PIALE,0.0692943063169752,0.6065829009271471,0.3661846312083365,0.08282369044537607,-0.12488552889783447
PIATE,PIALE,-0.002760691376544444,0.5794041501717522,0.40204143011606286,0.14493041499224024,-0.1236153039035098
PIATE,PIALE,-0.006559244083047977,0.643491506130621,0.37645332702441825,0.07477611584191138,-0.08816170491390266
PIATE,PIALE,-0.0038546960067294966,0.7072871235378799,0.38596821157468797,0.022401875227929136,-0.11180251433376753
PIATE,PIALE,0.031299905123636895,0.7214050428830528,0.33528907182906564,-0.016628516776276248,-0.07136550305947942
PIATE,PIALE,0.10272057359335995,0.6540307874731301,0.30833312962723924,0.02396125669453575,-0.08904574738826485
PIATE,PIALE,0.132873312090661,0.6124198135441706,0.2717794913082086,0.044386515351388434,-0.06145913229442863
PIATE,PIALE,0.09864918927734578,0.7249620165698762,0.367770810570081,-0.01772691119994818,-0.17365510521735458
PIATE,PIALE,0.07770877424385603,0.4222478864188979,0.30079592470562283,0.22360507430144555,-0.02435765966982264
PIATE,PIALE,0.068673624674784,0.5964643945391395,0.3354246176087888,0.10162670819769093,-0.10218934502040253
PIATE,PIALE,0.07997465366532142,0.6336582931446882,0.3248648762307306,0.05756196758440374,-0.09605979062514472
PIATE,PIALE,0.06476118948808729,0.5966492354167943,0.36125000889490805,0.10608423770577075,-0.1287446715055606
PIATE,PIALE,0.1192817465931677,0.6313355831529959,0.299093738266764,0.038527780623263674,-0.08823884863619277
PIATE,PIALE,0.15666003507495613,0.6519749938367371,0.21709692789585783,-0.0161502598426696,-0.009581696964882223
PIATE,PIALE,0.11157386577652639,0.655676536196035,0.26566942881489475,0.005353206323677251,-0.03827303711113487
PIATE,PIALE,0.08786724987636507,0.46042886417331275,0.33181815805999104,0.20728093752227333,-0.08739520963194289
PIATE,PIALE,0.07534040124586044,0.5134801893422889,0.34485036388495033,0.16408829735675404,-0.09775925182985434
PIATE,PIALE,0.14968966010971396,0.518613481505559,0.2128761179125665,0.10091519036146437,0.017905550110696715
PIATE,PIALE,0.14663683275248268,0.5792131934435405,0.259147572558055,0.06559603160675595,-0.05059363036083576
PIATE,PIATE,0.020804190732824995,0.21899832883452125,0.3070813925079433,0.4424870805908735,0.010629007333836746
PIATE,PIALE,0.06771943672641068,0.8043316770861292,0.34268806177629724,-0.10674449617329873,-0.10799467941553811
PIATE,PIALE,0.01428471751546323,0.8018743592291034,0.4137204946574274,-0.06135771601495038,-0.16852185538704414
PIATE,PIALE,0.03743183438537412,0.6764711281286502,0.3534380546088977,0.01598448988692386,-0.08332550700984517
PIATE,PIALE,0.02484090545688622,0.6353603806796224,0.36271675946327087,0.06291536530234315,-0.08583341090212263
PIATE,PIALE,0.03492667318522913,0.6433233545515319,0.42482343629121044,0.06922789880654817,-0.17230136283451897
PIATE,PIATE,0.20099166292683934,-0.12759844808366888,0.21720401135922723,0.6375355852779615,0.07186718851964087
PIATE,PIATE,0.16660996140818632,-0.11176513823371004,0.19644459537752026,0.6339101511871512,0.11480043026085193
PIATE,PIATE,0.20477283665874382,-0.01315798733443152,0.18607505442651326,0.5255925813195446,0.09671751492962963
PIATE,PIATE,0.15493911454145323,-0.008311244322467937,0.2322475840357378,0.5575336218679459,0.06359092387733094
PIATE,PIATE,0.18094457298963254,0.025008000210792747,0.21279389939890228,0.5029444101169969,0.07830911728367522
PIATE,PIATE,0.23368810650153035,0.12052857119537591,0.12457914241898818,0.385490445340609,0.1357137345434964
PIATE,PIATE,0.2061627379229307,0.15843644242522653,0.21654752671060523,0.37841945498736,0.04043383795387695
PIATE,PIAAT,0.31674014792784067,0.15817443019040683,0.054992472363350725,0.3075218641394188,0.16257108537898254
PIATE,PIATE,0.28442311241858265,0.12575332015075524,0.1487232574531024,0.36531791431134686,0.0757823956662125
PIATE,PIATE,0.31355357175478527,0.11442771756435705,0.13613183975413423,0.3527390002655744,0.0831478706611487
PIATE,PIATE,0.3068812221292301,0.07672998007380405,0.0923343650255164,0.392624048151296,0.131430384620153
PIATE,PIATE,0.2863362519137869,0.11145361933178397,0.17393878556884523,0.3767581838879698,0.05151315929761337
PIATE,PIATE,0.2996099249789801,0.09511042124124372,0.14255223815462095,0.38152533154672436,0.08120208407843059
PIATE,PIATE,0.29158109128392484,0.12772554649954684,0.17062782000669552,0.3592126680417505,0.05085287416808157
PIATE,PIATE,0.2350361701568907,0.1432849446497943,0.14943244706358966,0.3694671857986959,0.10277925233102918
PIATE,PIATE,0.20161384997283888,-0.0048485319679043015,0.17305815246810513,0.5195881823366879,0.11058834719027183
PIATE,PIATE,0.22243668353946622,-0.05661433166030061,0.14768163377632956,0.5552735579603227,0.1312224563841818
PIATE,PIATE,0.15811443382142648,-0.07997689797990454,0.2028824719473111,0.6075175034163391,0.11146248879482704
PIATE,PIATE,0.3104109644412125,0.07725559800564072,0.20484202257678077,0.40241540501321826,0.005076009963146964
PIATE,PIATE,0.30073115331704586,0.07373778181049492,0.19665700440981854,0.4046829701149732,0.02419109034766754
PIATE,PIALE,0.23388980548124083,0.27445353052991395,0.11234567517194577,0.26313708440866457,0.11617390440823452
PIATE,PIATE,0.22951003859743743,0.25385240295999045,0.16178049313759138,0.2773340887217311,0.07752297658324914
PIATE,PIATE,0.23202793231952037,0.11278217271447763,0.10264553186780997,0.4087053423229475,0.14383902077524457
PIATE,PIATE,0.15339056082955946,0.050210170360354356,0.23691282314848822,0.5102071692139998,0.04927927644759822
PIATE,PIATE,0.23511081164327047,0.0944514460356469,0.22700804823982335,0.41898135335646025,0.024448340724797978
PIATE,PIATE,0.2478690832301359,0.06253668052936676,0.22807354953553063,0.44755304605206303,0.01396764065290352
PIATE,PIATE,0.3020154274167536,0.003264122661490898,0.17698076459597137,0.4684652625280066,0.04927442279777687
PIATE,PIATE,0.33475040078301693,0.07522162592684092,0.12412660358420163,0.38530583660249546,0.08059553310344453
PIATE,PIATE,0.22661102142632317,0.16169665953540313,0.2315482554619887,0.3636061225487886,0.016537941027495638
PIATE,PIAAT,0.39029267782014365,0.20386327754950234,-0.01847782788318808,0.23152911078280108,0.1927927617307407
PIATE,PIAAT,0.34748069882088123,0.10792027856114986,0.15098146339147236,0.34545005713517746,0.04816750209131855
PIATE,PIATE,0.337381848985794,0.05547953989446791,0.17714578704219464,0.40368948366967794,0.02630334040786489
PIATE,PIATE,0.3224781875544412,0.1248659200856169,0.19562417064011114,0.3508393405527956,0.006192381167035091
PIATE,PIATE,0.3178307745691439,0.08710813168741538,0.17015483789677366,0.3836477336292001,0.0412585222174664
PIATE,PIATE,0.2889455085923086,0.08010132441295992,0.22134740114133233,0.41116958383033203,-0.0015638179769332933
PIATE,PIATE,0.3147231517704063,0.11299943300931362,0.1935372090912973,0.3656007946895613,0.013139411439420844
PIATE,PIAAT,0.3470956081358977,0.178241383621104,0.13705699706616264,0.28352836885181193,0.054077642325023184
PIATE,PIATE,0.3955206895260144,-0.05147061297376565,0.09622668941700668,0.46869484706852466,0.09102838696221946
PIATE,PIATE,0.36667979438026754,-0.039844557828586424,0.13982803344062894,0.48027503414905476,0.053061695858633996
PIATE,PIATE,0.330406948592449,-0.047619661454759155,0.18207887271991766,0.5061441304105571,0.028989709731835157
PIATE,PIATE,0.15343943170161412,-0.1285816158187547,0.2397111402773801,0.6607358997663733,0.07469514407338718
PIATE,PIATE,0.17896757921729817,-0.03705145736621085,0.15937975433791063,0.5573966062146429,0.14130751759635893
PIATE,PIATE,0.12452838281309142,-0.032618948867303876,0.23915788409331612,0.577566692758954,0.09136598920194217
PIATE,PIATE,0.042731389153049054,-0.08391690874446872,0.24947509351907166,0.6762905273714362,0.11541989870091185
PIATE,PIATE,0.07179417583928742,-0.06072031293657265,0.21173806540078705,0.6398761634486085,0.13731190824788989
PIATE,PIATE,0.14382703385045598,0.00554075821795208,0.17945658500407563,0.5441796904129302,0.12699593251458577
PIATE,PIATE,0.14322600462921425,0.07950825841587655,0.17117740861281505,0.4802323501656012,0.12585597817649305
PIATE,PIATE,0.0399910741622139,0.05784471575435335,0.2773236771634945,0.5524099044734492,0.07243062844648884
PIATE,PIATE,0.1630465241395337,-0.04957969089972536,0.18554302738386624,0.5825521805309493,0.11843795884537633
PIATE,PIATE,0.24175543788438017,-0.06458711479373352,0.054196179352075824,0.5497519805386657,0.21888351701861217
PIATE,PIATE,0.1528726242780295,0.004192249124795933,0.20528344550100036,0.5423684039833836,0.09528327711278956
PIATE,PIATE,0.12079057063571152,-0.083665981385598,0.19314961575652573,0.6330231944328238,0.13670260056053735
PIATE,PIATE,0.18038996136399213,-0.0438860984638339,0.1684365978262528,0.5630667637047082,0.13199277556888023
PIATE,PIATE,0.11908472893821953,-0.18523912783293855,0.14744087986112975,0.7132482713331966,0.20546524770039307
PIATE,PIATE,0.13556747105619724,-0.04439971844092494,0.11703423407568939,0.5901322479895954,0.20166576531944322
PIATE,PIATE,0.10686456936473487,-0.059919450555999065,0.20469102285977028,0.6303722389280986,0.11799161940339506
PIATE,PIATE,0.07904927393878923,-0.03464786171844425,0.19662287907887716,0.6217570025217235,0.1372187061790545
PIATE,PIATE,0.12441372844897985,-0.0018291018560975814,0.1573912937826129,0.5595313622259375,0.1604927173985675
PIATE,PIATE,0.07899421003523505,-0.03961890171026117,0.21943983033448344,0.6317991778835309,0.10938568345701168
PIATE,PIATE,0.0519598766826383,-0.06350879904220141,0.24452917989584017,0.6599942588853502,0.10702548357837272
PIATE,PIATE,0.09693653013584973,-0.013732880806076986,0.2095877928057494,0.5880011533009251,0.1192074045635523
PIATE,PIATE,0.21364312232053784,-0.05326557160458306,0.13317565390894037,0.5612435665513819,0.1452032288237226
PIATE,PIATE,0.1680355668771775,-0.1345693107282948,0.17996698237580158,0.6608039748872321,0.1257627865880835
PIATE,PIATE,0.16820727175646571,-0.173520469864954,0.15380793247178565,0.6943762309619872,0.15712903467471576
PIATE,PIATE,0.09434922718995942,-0.041498467137123185,0.22160487278956115,0.6051848727099735,0.1203594944476289
PIATE,PIATE,0.15840000512815905,-0.032408497491259125,0.16006556807094752,0.5704862613094931,0.1434566629826598
PIATE,PIATE,0.15245336866082748,-0.057180689033419996,0.2523908498580603,0.6038798499281239,0.04845662058640778
PIATE,PIATE,0.2574131845693033,-0.015911279987772975,0.07780342023545714,0.4966156606773748,0.18407901450563774
PIATE,PIATE,0.14021705033148518,-0.04369145876045827,0.1900415487026944,0.5903131438465576,0.12311971587972087
PIATE,PIATE,0.06398590343890684,-0.007433373092646189,0.2876520603369035,0.6056852183004164,0.05011019101641886
PIATE,PIATE,0.20449616923130082,0.06111087319780087,0.17233983195213165,0.4614457844083921,0.10060734121037389
PIATE,PIATE,0.1461681070593718,0.08903400703565417,0.2019124697371991,0.46396591544118965,0.09891950072658517
PIATE,PIATE,0.13250288494706675,0.03733321397940548,0.2160078659297687,0.5220883406053101,0.0920676945384487
PIATE,PIATE,0.09746175103810208,0.08357570471530962,0.23158415598406454,0.4959212105053343,0.091457177757189
PIATE,PIATE,0.048258175911291334,0.06105031381476844,0.23510374155726244,0.5366490661288539,0.11893870258782357
PIATE,PIATE,0.0426141573266799,-0.004286671836816913,0.19968647242271073,0.6019740785775198,0.16001196350990643
PIATE,PIATE,-0.022309424733876912,0.029819325812857844,0.23033260879944195,0.5957403200499184,0.16641717007165913
PIATE,PIATE,-0.03258299971579667,0.01580347615178801,0.27125711759510984,0.6192873458172712,0.12623506015162775
PIATE,PIATE,0.08394041477691794,0.030202648756877004,0.15877181782413638,0.5460857501497379,0.18099936849233103
PIATE,PIATE,0.11877161245885323,0.04913770517081273,0.14065171918479705,0.5083817955756844,0.1830571676098526
PIATE,PIATE,0.16787756436251813,0.06405252771124142,0.2018957509498113,0.4673418249081339,0.09883233206829489
PIATE,PIATE,0.12449883335065721,0.03621547204923087,0.18576086367977834,0.5172791556653593,0.13624567525497427
PIATE,PIATE,0.06929914472854806,0.10177801024602551,0.25264246235839755,0.48995468493651134,0.08632569773051776
PIATE,PIATE,0.10211917509310223,-0.05375039603892984,0.17144572195782815,0.617536446223534,0.1626490527644659
PIATE,PIATE,0.13110261996785505,0.022355728920396556,0.1837204490092683,0.5299263620969746,0.13289484000550536
PIATE,PIATE,0.1031715510606713,0.08703942326580111,0.1708253503534372,0.4799876993672109,0.15897597595287935
PIATE,PIATE,0.08974167163487903,0.06680910688888753,0.21000850332677712,0.5093290690710521,0.12411164907840419
PIATE,PIATE,0.07915289517275553,-0.00846361842001836,0.21574464496810997,0.5862896796727676,0.1272763986063854
PIATE,PIATE,0.07071534220696223,-0.020969629800329237,0.25254528030210976,0.6069387822816621,0.09077022500959475
PIATE,PIATE,0.04036012915545632,0.06184099562570178,0.2719156022547313,0.5470453629727863,0.07883790999132428
PIATE,PIATE,0.09768916278089146,0.24966586977258295,0.20129925496737744,0.362638453267949,0.08870725921119924
PIATE,PIATE,0.08907906005900967,0.2685727747146806,0.17642653018639576,0.346915747627709,0.11900588741220557
PIATE,PIALE,0.07272287207985889,0.31563818028658963,0.2069129665206214,0.30904600162334583,0.0956799794895841
PIATE,PIATE,0.06511983730452481,0.20911621033428365,0.21084093982142071,0.4142062039340595,0.10071680860571186
PIATE,PIATE,0.12222413832913492,0.23279968792906436,0.16014638109135132,0.36691514371823986,0.11791464893220982
PIATE,PIATE,0.11036410587609313,0.22627642651528057,0.1733405276017689,0.37647006045009335,0.11354887955676424
PIATE,PIATE,0.12396991591513601,0.1668575698983384,0.18179663982131233,0.4273413001383877,0.10003457422682537
PIATE,PIATE,0.05489244426996864,0.25138888486603134,0.22093644994804973,0.39643653028936937,0.07634569062658167
PIATE,PIATE,0.14539895595483843,0.1519548443753509,0.18458429391790926,0.44051232979453503,0.07754957595736658
PIATE,PIATE,0.08881103528281248,0.25624171677461655,0.20861113435301054,0.36241345119141327,0.08392266239814669
PIATE,PIALE,0.09513196041175281,0.35865295882717096,0.20424345211080322,0.2585067652018904,0.08346486344838393
PIATE,PIATE,0.14968880693534564,0.28301414636647065,0.18749221174483624,0.2956261981840565,0.0841786367692908
PIATE,PIATE,0.05832062959056028,0.2569322296607867,0.2351648612535684,0.372851007096462,0.0767312723986224
PIATE,PIATE,0.13858143363919112,0.2568826763606268,0.17718829943554748,0.33065271937852786,0.09669487118610721
PIATE,PIATE,0.11646513265997266,0.29754047105221126,0.19589497531005945,0.3062228252840196,0.08387659569373723
PIATE,PIATE,0.16327835955900327,0.19309438319933614,0.15947240443494337,0.38043529007826493,0.10371956272845262
PIATE,PIATE,0.1823435622073466,0.20087160805225007,0.13495202241292842,0.3646604067156021,0.11717240061187278
PIATE,PIATE,0.20359381433470547,0.232469321085017,0.08834768753231176,0.3080180293109454,0.16757114773701992
PIATE,PIATE,0.15556023725421392,0.22546631667941058,0.18805101892913717,0.3596466107264168,0.07127581641082104
PIATE,PIATE,0.11646331293665152,0.28592736039304234,0.23381719903228562,0.32187985573069516,0.041912271907325355
PIATE,PIATE,0.20508027415773206,0.226869608895018,0.16443771883464187,0.3262971353903499,0.07731526272225782
PIATE,PIALE,0.18460275439630536,0.31042455157760934,0.1694700869809439,0.252160865986797,0.08334174105834391
PIATE,PIATE,0.10710382348261116,0.22050724283463566,0.2123098575588857,0.38297915846962416,0.0770999176542439
PIATE,PIATE,0.16487804977631454,0.20010023665270632,0.16298442413910025,0.36766963076443265,0.10436765866744589
PIATE,PIATE,0.17419156685445913,0.18221101333230538,0.157460869191077,0.38606378394950935,0.10007276667264975
PIATE,PIATE,0.13959330239314183,0.13674367854379554,0.16131831720090362,0.44335729146289893,0.11898741039925963
PIATE,PIATE,0.156338518635871,0.1306874180049577,0.1451134288977089,0.4324729595959267,0.13538767486553618
PIATE,PIATE,0.16819999080866543,0.2062376036185427,0.1741061321199922,0.3609359621427379,0.09052031131006202
PIATE,PIATE,0.21642568340844348,0.16186416971634202,0.14847093518233934,0.3852503138109621,0.08798889788191325
PIATE,PIATE,0.22309296780875726,0.25306899717704456,0.1782490249456039,0.3010519166196175,0.04453709344897683
PIATE,PIALE,0.11964123187904813,0.4875089417379719,0.24071467394952722,0.1294304962546987,0.02270465617875382
PIATE,PIALE,0.10870504454851443,0.5769728459567266,0.2154869659487444,0.046225933503039884,0.052609210042973927
PIATE,PIALE,0.16311082880274097,0.4367895662740202,0.23730596486182012,0.1623777659672174,0.00041587409420158067
PIATE,PIALE,0.17082580400883868,0.5777400670542931,0.1660514027748744,0.019737690142639208,0.06564503601935456
PIATE,PIALE,0.08582894126400781,0.580976049363439,0.29140214783488516,0.06419930318226524,-0.02240644164459738
PIATE,PIALE,0.06268429732043837,0.5873991092332743,0.2872490563587541,0.06022474758059071,0.002442789506943162
PIATE,PIALE,0.10222703447331011,0.49985791989208117,0.1992838554827546,0.12150626140995685,0.07712492874189762
PIATE,PIALE,0.10617950490070893,0.5096165328860873,0.2390627529233111,0.12269574299033184,0.022445466299560915
PIATE,PIALE,0.14631825327522796,0.5244617420545649,0.24694983349041802,0.08161577556943775,0.0006543956103512924
PIATE,PIALE,0.11426376312495373,0.6562522464894314,0.18083727730184923,-0.035370265416734936,0.08401697850050165
PIATE,PIALE,0.0874036980099468,0.5086983630223786,0.2552558698034487,0.1356756383632461,0.01296643080097997
PIATE,PIALE,0.07621571112511116,0.5097950815160439,0.18626302428147543,0.13518108286960245,0.09254510020776782
PIATE,PIALE,0.11192314704063877,0.4371499010610562,0.169507914761523,0.18365784343172287,0.09776119370505917
PIATE,PIALE,0.20658846622701554,0.39578086209166,0.17044121617596825,0.17847824954148775,0.048711205963867917
PIATE,PIALE,0.22122408291387718,0.4424210382823857,0.1416674473370147,0.12241385173724029,0.07227357972948195
PIATE,PIALE,0.19510299189905234,0.39691814398702874,0.18266559910608765,0.18211636553777827,0.04319689947005274
PIATE,PIALE,0.15036552197508612,0.45971295286453445,0.22957950887746925,0.14805054105788573,0.01229147522502421
PIATE,PIATE,0.23723930100890095,0.27687378790509815,0.1900180195123877,0.2841511166158628,0.011717774957750116
PIATE,PIALE,0.18234549611044193,0.4781324725836254,0.17932910364986032,0.11023036551474685,0.04996256214132528
PIATE,PIALE,0.12758050053706826,0.5375502501619527,0.21498472637826513,0.07538598918258285,0.044498533740131296
PIATE,PIATE,-0.39021452838200754,0.20876579117413793,0.45364480203759106,0.6068282911577956,0.12097564401248424
PIATE,PIATE,-0.33406873623659755,0.2613756073639597,0.40630713019676284,0.524247477826933,0.142138520848943
PIATE,PIATE,-0.41459300861045,0.32657516195363695,0.43794976940430397,0.5147245822601811,0.13534349499233
PIATE,PIATE,-0.4398384571040709,0.16105977885618356,0.45501634424891546,0.6709956076841699,0.15276672631480342
PIATE,PIATE,-0.4016710366630273,0.23177288128998733,0.4187635798575791,0.5913882189637412,0.15974635655172084
PIATE,PIATE,-0.4175800226096372,0.29370950845100074,0.42736883380456364,0.5394556832023285,0.15704599715174547
PIATE,PIATE,-0.460281783583366,0.34131633396136085,0.4628490302939267,0.518201867709115,0.1379145516189651
PIATE,PIATE,-0.27735754229711956,0.17400131774898547,0.3373780949842919,0.579478268817431,0.18649986074641203
PIATE,PIATE,-0.2282571622860583,0.2866530460255046,0.25652237872602157,0.44879616511972725,0.2362855724148065
PIATE,PIATE,-0.4278251341568774,0.12421200487079648,0.45013288317955913,0.6950300216410481,0.15845022446547546
PIATE,PIALE,-0.1011137653545392,0.43826240182648046,0.27460938407620655,0.25207666014123165,0.13616531931062073
PIATE,PIALE,-0.09191644874912203,0.4146471894194159,0.2736068145521973,0.2699607178235173,0.13370172695399163
PIATE,PIALE,-0.07452446014184505,0.4692937539125155,0.26816931725177295,0.20930321947937666,0.12775816949818114
PIATE,PIALE,-0.08400715556311916,0.43931571417373527,0.29902781060844913,0.24528192278586014,0.10038170799507448
PIATE,PIALE,-0.10464682816021198,0.4639001812922081,0.35992858142000517,0.23441767376999287,0.046400391678006234
PIATE,PIALE,-0.010923099598609043,0.44462135513429096,0.20983226676032846,0.20262268199999672,0.15384679570399398
PIATE,PIALE,0.005198647901178077,0.44716945465102315,0.20017337313414688,0.1936685234184643,0.1537900008951875
PIATE,PIALE,0.06399385433512939,0.4380103190062914,0.12063321062837187,0.16912408270710472,0.20823853332310394
PIATE,PIALE,0.11410267219514925,0.37480959145371,0.06233526236097417,0.20576604411031277,0.2429864298798557
PIATE,PIALE,-0.07758851725154772,0.36238811922766556,0.3153372604669058,0.31531510647557776,0.08454803108139902
PIATE,PIATE,-0.023685977009025555,0.256218866157444,0.28140946724532867,0.38071763134701064,0.10534001225924267
PIATE,PIATE,-0.07077270119002274,0.24344668773536252,0.2909076525682464,0.40896176160521014,0.1274565992812041
PIATE,PIATE,-0.07723040988298621,0.23925317247270028,0.29165744207225397,0.4147500284749235,0.13156976686310914
PIATE,PIALE,-0.009735853422172314,0.3139354865381143,0.20767424408858895,0.3100523361898417,0.17807378660562745
PIATE,PIATE,0.018681318769621758,0.24659043416703735,0.19930762547907488,0.362390841730615,0.17302977985365173
PIATE,PIATE,0.05400406534720725,0.26430986623954117,0.12468612663405343,0.3297821748944627,0.2272177668847358
PIATE,PIATE,0.10681356228384176,0.19570251556885793,0.08628165540049537,0.3638289837440314,0.24737328300277306
PIATE,PIATE,0.02333644262668344,0.26595187669129905,0.18328026858165855,0.33998685034950116,0.18744456175085772
PIATE,PIATE,-0.04542999479438892,0.19899774034640116,0.28239233178354806,0.44054272041026726,0.1234972022541731
PIATE,PIATE,-0.0025831785458627077,0.3005828221292336,0.19529271913594393,0.3196655910407695,0.18704204623991696
PIATE,PIATE,-0.15824969384099535,0.2839095829618534,0.20172401983180943,0.40721389437675953,0.26540219667057413
PIATE,PIATE,-0.00038545499395692406,0.2561339792936472,0.04862482373078464,0.35519349863532645,0.34043315333419966
PIATE,PIAVE,0.06588231244952325,0.30819870609664973,-0.016099078726049987,0.2790354672302804,0.3629825929495976
PIATE,PIATE,-0.09952310150117893,0.30585474759010367,0.15908186619498238,0.3537201004755663,0.28086638724052754
PIATE,PIATE,-0.1174299874981935,0.29907615917067054,0.16826490558323207,0.3650980170045598,0.284990905739732
PIATE,PIATE,-0.10926591614639725,0.19169364528520827,0.16192714371082087,0.4605398286043161,0.29510529854605244
PIATE,PIATE,-0.251936121794399,0.34686140736065635,0.264465972263789,0.39486941316761115,0.24573932900234408
PIATE,PIATE,-0.17211000232489565,0.2834462930793032,0.20956596174833084,0.40655395926101906,0.2725437882362434
PIATE,PIATE,-0.102192823442662,0.2929480122058433,0.15570581300495956,0.3637869866905857,0.2897520115412748
PIATE,PIATE,-0.19820509289188376,0.2673786910924266,0.24447431750068374,0.43915437482592456,0.2471977094728495
PIATE,PIATE,0.14802520998662205,0.1704212076258117,-0.0008231144123543033,0.3771184717332448,0.3052582250666768
PIATE,PIATE,0.05301737623183461,0.16540155891034594,0.11504313132672656,0.41513332678958303,0.2514046067415107
PIATE,PIALE,-0.07209960876564503,0.32935655593463076,0.13242375680030405,0.3239465328058661,0.2863727632248452
PIATE,PIALE,-0.07014757031064878,0.3502267086116181,0.13479913273120145,0.3025326323302143,0.2825890966376161
PIATE,PIALE,-0.03026866027622027,0.4100256581409836,0.1646624429033683,0.21639522418280532,0.23918533504906453
PIATE,PIALE,-0.1870139320277619,0.3534332819473005,0.24042238503493965,0.3534227592910366,0.2397355057544865
PIATE,PIALE,-0.10067862466429106,0.35396141262545666,0.18833641985645555,0.310257669473548,0.24812312270883213
PIATE,PIALE,-0.07899561464084615,0.39790262970470053,0.17692912087201165,0.2481325022175892,0.2560313618465458
PIATE,PIATE,-0.14339218895441175,0.30155359078599875,0.23082443956077092,0.3791445977785163,0.23186956082912658
PIATE,PIATE,-0.08097403941956033,0.3006999189475032,0.16391376656059195,0.3457844187438743,0.27057593516759193
PIATE,PIATE,0.1937987767856324,0.180347962461807,-0.019637948729102073,0.34526825089978086,0.3002229585818821
PIATE,PIATE,0.19541288526721146,0.03907744069286084,0.04820084429191565,0.47081012381618825,0.24649870593182419
PIATE,PIATE,0.09258667508806717,0.08273284514982679,0.12423148866470485,0.4832584405180952,0.2171905505793065
PIATE,PIATE,-0.10574451182691524,0.09920000403076537,0.2864554718779419,0.5839457603897351,0.13614327552847347
PIATE,PIATE,-0.08355272143674025,0.007813124290468376,0.2903632563800023,0.6512582510195795,0.13411808974669004
PIATE,PIATE,0.08026901110848311,-0.01309199668261618,0.16901037738128633,0.5768912019851433,0.1869214062077039
PIATE,PIATE,-0.06920770806381649,0.15415003671608507,0.2342451934348032,0.5083951925570266,0.17241728535590226
PIATE,PIATE,-0.22408996257372327,0.14627304553920295,0.3589632560454668,0.5914766663610133,0.12737699462804097
PIATE,PIATE,-0.11686206495936524,0.187936261269593,0.2894600991475048,0.4975558842071775,0.1419098203350911
PIATE,PIATE,0.023104918461321733,0.21619563849719797,0.2216717568760216,0.4031962718487583,0.1358314143167015
PIATE,PIATE,-0.007614443644726299,-0.001899976124137115,0.12555851190380915,0.6063088278351236,0.27764708002993144
PIATE,PIATE,0.030504160639502786,-0.06679497921551159,0.10079744803745355,0.6473643028535347,0.2881290676850218
PIATE,PIATE,-0.01876429063519336,-0.061305910181705725,0.14846688235115557,0.6678072784504362,0.26379604001530743
PIATE,PIATE,-0.027503791608298855,-0.060473200726539944,0.15221569062177853,0.6658941525243887,0.26986714918867233
PIATE,PIATE,-0.09310801760420029,-0.1534370412220078,0.21305699558718083,0.7889758610821773,0.24451220215685052
PIATE,PIATE,-0.0913395068381967,-0.09310591830449183,0.22198155470353115,0.7367521291599404,0.22571174127921845
PIATE,PIATE,-0.11414347504423583,-0.02263923558929276,0.20678790475123565,0.6769094510189362,0.25308535486335726
PIATE,PIATE,-0.15556433119652924,-0.08003320086233245,0.2514034506113108,0.754474467813429,0.22971961363412266
PIATE,PIATE,-0.1632884953420778,-0.07535318495678595,0.24566912308767008,0.7515906747063381,0.2413818825048574
PIATE,PIATE,-0.06266139248472913,-0.10078591545990162,0.16240659075008607,0.7285468331312126,0.2724938840633337
PIATE,PIALE,0.03695260004790152,0.32927057335650856,0.26246977331372745,0.29557447327301795,0.07573258000884442
PIATE,PIALE,0.055375497051554756,0.3564843323121853,0.23706657802392023,0.2618670688356287,0.08920652377671114
PIATE,PIATE,0.10933317320487301,0.20696298117525402,0.1624739624787908,0.3750638526559617,0.1461660304851208
PIATE,PIATE,0.1436143398191081,0.16257580667890675,0.1358442407484427,0.3977219855355909,0.16024362721795202
PIATE,PIALE,0.11127521048784811,0.3560140194628898,0.1980355960976711,0.23485060927471718,0.09982456467687417
PIATE,PIATE,0.2265602946669722,0.22862487660019765,0.07624601669482672,0.2937888928367119,0.17477991920129193
PIATE,PIATE,0.1454215722157719,0.27635130276011644,0.18564383010439736,0.2905758428711247,0.10200745204858948
PIATE,PIATE,0.1285334835801374,0.08959727576575899,0.18096831736397645,0.47674774113976226,0.12415318215036528
PIATE,PIALE,0.06733897316146686,0.32029391064109347,0.2305920852674298,0.2916841766828707,0.09009085424713971
PIATE,PIATE,0.1522193444070496,0.2203122483452534,0.21366937037700062,0.3473052220752224,0.06649381479547295
PIATE,PIATE,0.17951943203008291,-0.012937816861139928,0.06325977331406024,0.5330035775894673,0.23715503392752993
PIATE,PIATE,0.13243803649746444,-0.12406073864847122,0.1461071863902405,0.6596908149530718,0.1858247008076949
PIATE,PIATE,0.05763787182500507,0.008350840664193782,0.2304764940723554,0.5901838444863579,0.11335094895208765
PIATE,PIATE,0.14202748580917968,-0.025857646994908223,0.12268498152627438,0.574214156529318,0.1869310231301375
PIATE,PIATE,0.2089966659317546,-0.0786405398169372,0.0264678788866525,0.5772769073419516,0.26589908765657844
PIATE,PIATE,0.13212639719141772,0.058144319528999455,0.10942837715332071,0.4961966389850633,0.20410426714119936
PIATE,PIATE,0.08359404780069812,0.0989778427812803,0.13932654950309392,0.48280577587645046,0.19529578403847705
PIATE,PIATE,0.1383386916589422,0.0447139254250819,0.10549556658195774,0.5043341044249289,0.20711771190908954
PIATE,PIATE,0.05195858647493412,0.047924903006020925,0.1635706688252384,0.5473780680166999,0.18916777367710672
PIATE,PIATE,0.07864893775518655,0.026187888005353543,0.15502921214414217,0.5464487932583639,0.19368516883695414
PIATE,PIATE,0.13702235488431447,-0.07087991527834292,0.05930929302508803,0.5885953409423397,0.2859529264266013
PIATE,PIATE,0.1843212738464799,-0.03283194899963393,0.01563930559130039,0.5350411461426477,0.29783022341920634
PIATE,PIATE,0.1280352067164745,-0.028946821161420555,0.0773640739217287,0.5662306536571462,0.25731688686607124
PIATE,PIATE,0.13252064895176596,-0.006447451434743401,0.10190836767628661,0.5496445172012819,0.22237391760540823
PIATE,PIATE,0.09971089853387255,0.05185464479071805,0.12612683355255155,0.5072582296165482,0.21504939350630997
PIATE,PIATE,0.1420078035104771,-0.09355290052393078,0.09230839338379918,0.6136007430584546,0.2456359605711994
PIATE,PIATE,0.17444792555416677,-0.0944594610026433,0.06015305051224806,0.6027584273958884,0.2571000575403404
PIATE,PIATE,0.12569557293183808,-0.17091193513570807,0.1096660839234607,0.6921040299616037,0.24344624831880604
PIATE,PIATE,0.0794800330300991,0.017895638846091577,0.12377978430767095,0.5473623469776485,0.2314821968384902
PIATE,PIATE,0.09077920754717694,0.049665601066687715,0.11588743766538473,0.516805590958932,0.22686216276181867
PIAVE,PIATE,-0.21014561703513046,-0.5333560935397472,0.3455418255323266,1.2095465168137827,0.18841336822876822
PIAVE,PIATE,-0.1615106460554414,-0.5746404391373924,0.33543929875460204,1.2152841864498076,0.18542759998842534
PIAVE,PIATE,-0.1293970197133684,-0.3968745672151436,0.31779680693449774,1.0505106737846654,0.15796410620935003
PIAVE,PIATE,-0.1422299847745564,-0.5498163879559693,0.3324472944996592,1.1959212010879032,0.1636778771429617
PIAVE,PIATE,-0.10252790962153255,-0.6178589547743263,0.26873313889026657,1.220345745966794,0.2313079795387983
PIAVE,PIATE,-0.08559508499893531,-0.6405418901618343,0.28674717034924296,1.231379357800832,0.2080104470106941
PIAVE,PIATE,-0.06951827074452857,-0.5941591926242122,0.2643053163465684,1.1872895117571183,0.2120826352650538
PIAVE,PIATE,-0.12240283130817559,-0.5831993584767311,0.33226919787220405,1.2135210507207355,0.1598119411919662
PIAVE,PIATE,-0.1287249581597165,-0.6658905397866851,0.2988086866266866,1.2747856531539974,0.2210211581657177
PIAVE,PIATE,-0.15358962579282853,-0.6235808505903014,0.3246177376132193,1.2496257341878356,0.20292700458207588
PIAVE,PIATE,-0.1558479178252885,-0.14025933219358844,0.37241471937987486,0.8601374483308666,0.06355508230813649
PIAVE,PIATE,-0.17489340000259074,-0.0890111863752851,0.40082027547598414,0.8314042852107169,0.03168002569117539
PIAVE,PIATE,-0.12902365846405583,-0.14541249536582845,0.33705200889091075,0.8573417771411302,0.08004236779784345
PIAVE,PIATE,-0.09621437388195717,-0.07390176510079599,0.3033400520424179,0.7743208321884952,0.09245525475183994
PIAVE,PIATE,-0.07676104488024107,-0.18953363176478777,0.27987739670640677,0.876382855476117,0.11003442446250539
PIAVE,PIATE,-0.09896498123646078,-0.18427841288844027,0.32378968366022487,0.8914567613434012,0.06799694912127478
PIAVE,PIATE,-0.10369155921792275,-0.15911119401280593,0.34108594713616003,0.8738216207958633,0.04789518529870471
PIAVE,PIATE,-0.12320788144766764,-0.2182354266643639,0.31303086099777316,0.9041666735142131,0.12424577360004513
PIAVE,PIATE,-0.10718061376128685,-0.21741865962030682,0.32591652477188043,0.8928160886442498,0.10586665996546382
PIAVE,PIATE,-0.09765635906946643,-0.20924761303825334,0.2756520244047623,0.8769862540852424,0.1542656936177157
PIAVE,PIATE,-0.11132949724981037,-0.2613580551475645,0.32896157030313883,0.9417017770549125,0.10202420503932323
PIAVE,PIATE,-0.09746237698362906,-0.21543334072402853,0.27647225363207284,0.8848272892642892,0.15159617481129622
PIAVE,PIATE,0.025684257031738073,-0.20808143654665934,0.19188718117031925,0.8190235023414887,0.1714864960031135
PIAVE,PIATE,-0.0922221831897658,-0.2030075651670138,0.2969660689368144,0.8760711021033436,0.12219257731662111
PIAVE,PIATE,-0.05927332285885489,-0.1182420766041295,0.2620264611981147,0.801071461028519,0.1144174772363507
PIAVE,PIATE,-0.09751266473223474,-0.21294731426176783,0.30644536475347517,0.893438012775678,0.11057660146484902
PIAVE,PIATE,-0.0687464738201698,-0.35626033980831395,0.3058555701416714,1.0047431269749014,0.11440811651191121
PIAVE,PIATE,-0.04680835490189994,-0.32673650423817235,0.30026849549333506,0.964970651475936,0.10830571217080129
PIAVE,PIATE,-0.0055674318367448655,-0.315805345671332,0.2352482957251193,0.9301056215436274,0.15601886023932923
PIAVE,PIATE,0.022336486093783775,-0.3167143909904955,0.196616103086678,0.9079598599145076,0.18980194189552627
PIAVE,PIATE,-0.16446041555005425,-0.38562887071603646,0.3412175281467879,1.0719995728986151,0.13687218522068897
PIAVE,PIATE,-0.16208077059542303,-0.23844121824176945,0.35422769177043273,0.9539770783464274,0.09231721872033281
PIAVE,PIATE,-0.19749026460963226,-0.26167463701737503,0.3802120652167201,0.9980596303887648,0.0808932060215228
PIAVE,PIATE,-0.16902818010150833,-0.3510133132957848,0.3249500674292495,1.045576321489977,0.14951510447806776
PIAVE,PIATE,-0.179658967421239,-0.3760391301109911,0.33460105245128957,1.0724680887614018,0.14862895631953907
PIAVE,PIATE,-0.13464101159914937,-0.32871151477771543,0.3198220659202014,1.016941432759278,0.1265890276973852
PIAVE,PIATE,-0.12976515707296138,-0.46620413282756723,0.32223681619451156,1.1183691778233762,0.1553632958826415
PIAVE,PIATE,-0.13126948050856554,-0.5213453302872183,0.32096339742742,1.1694978023203848,0.16215361104797807
PIAVE,PIATE,-0.03595952536532453,-0.4411675669845432,0.2540660890330287,1.0538325589561521,0.16922844436068707
PIAVE,PIATE,-0.10350829832292324,-0.4777473297495194,0.29864194779185865,1.1132318211777494,0.1693818591028348
PIAVE,PIATE,-0.1464994727981741,-0.3273970239349038,0.2968718501212739,0.9946780032229185,0.1823466433888863
PIAVE,PIATE,-0.18121113393386995,-0.31890250228901196,0.30630422064248697,0.9979830933443161,0.1958263222360795
PIAVE,PIATE,-0.25387262295727736,-0.2886078856364228,0.40464781968798375,1.0216464533092064,0.11618623559651078
PIAVE,PIATE,-0.15793552323454868,-0.2784248310148878,0.3380085773345561,0.9708144028147887,0.12753737410009125
PIAVE,PIATE,-0.2623949580443443,-0.34730359976743064,0.3889219818291393,1.0764729583295032,0.14430361765313313
PIAVE,PIATE,-0.12353266036763819,-0.5566132235750024,0.297530995915694,1.1823163490992816,0.20029853892766494
PIAVE,PIATE,-0.0725727500990995,-0.5587589673847492,0.27012212658533574,1.156298940177886,0.20491065072062645
PIAVE,PIATE,-0.09368657267466768,-0.5138614778711359,0.26548511696071286,1.1233930620544852,0.21866987153060616
PIAVE,PIATE,-0.11266464315227132,-0.5431327961933995,0.30330811551920245,1.1618635668447455,0.19062575698172296
PIAVE,PIATE,-0.041991873459989254,-0.5353689733181466,0.2500517160620828,1.12531582510314,0.2019933056129138
PIAVE,PIATE,0.17662701743562917,-0.30465480833561476,0.03337011446751087,0.7873000767526359,0.3073575996798381
PIAVE,PIATE,0.13044888754654396,-0.3261466556064879,0.04264463742760749,0.8256499415470067,0.32740318908532995
PIAVE,PIATE,0.16669983129716032,-0.27403075702442137,0.018765635303854472,0.767543955306172,0.32102133511723463
PIAVE,PIATE,0.19568315778923,-0.25255401778879694,0.01582444138050665,0.728273689608668,0.3127727290103925
PIAVE,PIATE,0.2592035161392153,-0.2572764771677424,-0.013821915702937948,0.7012091211774637,0.31068575555400124
PIAVE,PIATE,0.07756141301412312,-0.18428519725139242,0.08753824765907692,0.7355463354313581,0.28363920114683455
PIAVE,PIATE,0.12810513774420507,-0.23813630110337036,0.04245163742426136,0.758925945427001,0.3086535805079034
PIAVE,PIATE,0.21722780872790165,-0.2615992794731097,-0.0315192847466268,0.7325579449097281,0.3433328105821068
PIAVE,PIATE,0.22074407595680529,-0.24455722054606288,-0.008401317202503311,0.7120001612363671,0.32021430055539335
PIAVE,PIATE,0.18995643036614562,-0.2702775481971331,0.016978626071365632,0.7555895434478297,0.30775294831179234
PIAVE,PIATE,0.3292950838716345,-0.07725288931138424,-0.09788807195222249,0.5113294904580873,0.33451638693388525
PIAVE,PIATE,0.2812400389855592,-0.10123648715796868,0.011383909540945952,0.5552673800077623,0.25334515862370083
PIAVE,PIATE,0.35282877791062794,-0.018455416706949113,-0.22152594336092124,0.46607650575760406,0.42107607639963845
PIAVE,PIATE,0.33908006467130425,-0.07472702415544197,-0.09413061861786265,0.5050865664583162,0.3246910116436846
PIAVE,PIATE,0.2817695455020538,-0.10423001463979992,0.018703538097977757,0.5594013809858422,0.24435555005392592
PIAVE,PIATE,0.3094224740006386,-0.026145949238874477,-0.13301983988749178,0.4823464759986933,0.3673968391270341
PIAVE,PIATE,0.23758583906081804,-0.022463492981208977,0.0005007880535412013,0.510259746855908,0.27411711901094143
PIAVE,PIATE,0.24613943487640313,-0.06343031652314113,0.03991565190941643,0.5354110519126671,0.241964177824654
PIAVE,PIATE,0.2455844744674891,-0.1602958936787222,0.08220238106803543,0.624146397275887,0.20836264086730982
PIAVE,PIATE,0.1937401499934352,-0.0474143272561115,0.08049815437268196,0.5543321851193665,0.21884383777062813
PIAVE,PIATE,0.2298225720940154,-0.08904159974953463,0.07967884835243272,0.5798163708905595,0.19972380841252674
PIAVE,PIATE,0.23538850628084468,-0.10134383738984493,0.09496904956095337,0.5886382174596183,0.18234806408842855
PIAVE,PIATE,0.2737082625724482,-0.11086005045983921,0.09463398328420436,0.5743082124113499,0.16820959219183607
PIAVE,PIATE,0.23253513190806466,-0.13739542146264566,0.07392024025696373,0.6185011307867347,0.21243891851088229
PIAVE,PIATE,0.27114334354729114,-0.12335846918982818,0.03641706869459235,0.5884580869661442,0.22733996998180037
PIAVE,PIATE,0.3474358454722547,-0.08809142328031061,-0.04850848586519496,0.5161292074328433,0.27303485624040735
PIAVE,PIATE,0.2939119844387311,-0.07546288337606832,-0.02084642491836819,0.5322299812787575,0.27016734257694763
PIAVE,PIATE,0.24846018926332766,-0.04978544918249206,0.07855003216795195,0.5334294686373833,0.18934575911382862
PIAVE,PIATE,0.27350192385997907,-0.1098908143634379,0.03741046650252525,0.5732913055283608,0.2256871184725727
PIAVE,PIATE,0.22611768773597768,-0.06787523363395709,0.10334705078217385,0.5601144706401268,0.17829602447567894
PIAVE,PIATE,0.29077934544347994,-0.1761844904094531,-0.06345268033881418,0.620202122331169,0.32865570297361824
PIAVE,PIATE,0.32459362175431783,-0.15167783683520308,-0.14576007884483289,0.5848964569561206,0.38794783696959817
PIAVE,PIATE,0.26228818826186895,-0.19491863965897982,0.023095137993739162,0.6483019562471684,0.2612333571562029
PIAVE,PIATE,0.2933038284783938,-0.18055714938698725,0.02936837801287931,0.6209023459797993,0.23698259691591467
PIAVE,PIATE,0.2660290363573976,-0.14215213220300327,-0.003983157064813281,0.6017946347946954,0.27831161811572314
PIAVE,PIATE,0.28042792493156254,-0.018341103538468018,-0.059225349649437986,0.4839054008635143,0.31323312739282916
PIAVE,PIATE,0.29645723833842175,-0.017064536113515105,-0.1705726941517035,0.4778181417971378,0.4133618501296591
PIAVE,PIATE,0.27982250738711906,-0.07278095711053856,0.043746640892498384,0.5329262806146068,0.21628552821631433
PIAVE,PIATE,0.2387151819845488,-0.04756110313657114,0.03549091291170148,0.5257406468830746,0.24761436135724546
PIAVE,PIATE,0.24598303669025268,-0.1002372360713416,-0.015894615251504207,0.5667949454061614,0.3033538692264318
PIAVE,PIATE,0.3183554029778013,-0.4331973467273347,0.22764739879038548,0.8337748779308636,0.053419667028283664
PIAVE,PIATE,0.28233807065555794,-0.4683951891227349,0.1948396834484123,0.8788429058985481,0.1123745291202144
PIAVE,PIATE,0.32334249277967786,-0.5040365686427701,0.1860868376600997,0.8902962992111654,0.10431093899182578
PIAVE,PIATE,0.406464787545472,-0.39957410587350717,0.2349786408104344,0.748245625254276,0.009885052263321488
PIAVE,PIATE,0.4718155505418796,-0.2946898433295039,0.28091206162231075,0.5890768910411774,-0.04711465987586567
PIAVE,PIATE,0.4219080580939226,-0.2903153236614614,0.24610443040153374,0.6262102054146435,-0.00390737024863972
PIAVE,PIATE,0.39133089263267495,-0.27213239793034616,0.29741819553621573,0.62787164616466,-0.04448833640320516
PIAVE,PIATE,0.38960106130600625,-0.3319301015239403,0.33452260413970525,0.6961334397114334,-0.08832700363320381
PIAVE,PIATE,0.37959367759163565,-0.377971976972721,0.30774149391881944,0.7530118694165109,-0.06237506395424574
PIAVE,PIATE,0.38261677656222903,-0.3604664399098363,0.11278202280121863,0.7342026150693786,0.13086502547701073
PIAVE,PIATE,0.5715217869406871,-0.43028711345291926,0.21686426811156423,0.6538537497477097,-0.011952691347046275
PIAVE,PIATE,0.5402076870619917,-0.3694446846502908,0.15444251260765662,0.6524193709301277,0.02237511405051338
PIAVE,PIATE,0.34316429111057034,-0.37636371825909687,0.18576183427641207,0.7849525127310757,0.062485080141036896
PIAVE,PIATE,0.46803042810116613,-0.3534625831099911,0.20069584402364082,0.66370543548892,0.021030875496260433
PIAVE,PIATE,0.51554363947614,-0.37120479047265764,0.25953372134599095,0.6168688678409242,-0.020741438190398927
PIAVE,PIATE,0.5099714781759986,-0.3812978899509465,0.28340058502897303,0.6286272455592572,-0.04070141881328954
PIAVE,PIATE,0.4017890261341185,-0.4193789881749189,0.20980429475573315,0.7646694107574901,0.043116256527576745
PIAVE,PIATE,0.4073908910405458,-0.5163691122364404,0.1457474402400163,0.8493462117228281,0.11388456923304835
PIAVE,PIATE,0.4001692381877927,-0.5280887085236108,0.1230238904151903,0.8620267094222527,0.14286887049837416
PIAVE,PIATE,0.299464257632178,-0.5316516380310087,0.21331652362689535,0.9483996254904095,0.07047123128152344
PIAVE,PIATE,0.45038900714197727,-0.4208920236682472,0.1281402009632604,0.7479475365875672,0.09441527897544019
PIAVE,PIATE,0.45117855961847997,-0.4531319942489185,0.10424392146353134,0.7724758103410623,0.12523370282584237
PIAVE,PIATE,0.4566488166181313,-0.44810467120460185,0.16515962732927064,0.7638738994827552,0.062422327774444154
PIAVE,PIATE,0.4263521970062175,-0.24420749824277554,0.20881229319122074,0.615413481914842,-0.006370473869507252
PIAVE,PIATE,0.46667410548877586,-0.3572015187605686,0.2004561980605266,0.6562729377637567,0.03379827744750811
PIAVE,PIATE,0.41415283531900904,-0.3203827096237767,0.2384908861570918,0.6460332363735429,0.021705751774132427
PIAVE,PIATE,0.4705140704178623,-0.3541871722278135,0.15013239137760437,0.6817615069342331,0.05177920349811375
PIAVE,PIATE,0.4710541597661685,-0.3351615693465513,0.22635483440421866,0.6608123584984564,-0.023059783322293546
PIAVE,PIATE,0.42900166243842175,-0.4281334331412022,0.1513744598387869,0.7896627570766757,0.058094553787315976
PIAVE,PIATE,0.3960993302141742,-0.4671090305862926,0.1264371167323466,0.8182923696847988,0.12628021395497044
PIAVE,PIATE,0.34484585538110535,-0.3639134332005828,0.19843557906722947,0.7722396348011654,0.048392363951079716
PIAVE,PIATE,0.4421448832863609,-0.36564657092157005,0.22994619432770502,0.687920775463476,0.005634717844029448
PIAVE,PIATE,0.25950081745255293,-0.37546082405180337,0.2598429144398836,0.8317444031815175,0.024372688977848507
PIAVE,PIATE,0.4684762674495432,-0.3820920326939562,0.24339114348306135,0.6757067398863463,-0.005482118124999526
PIAVE,PIATE,0.4197369481191279,-0.4005709718399203,0.2260934870414455,0.7276012755850731,0.027139261094268834
PIAVE,PIATE,0.3301125080964377,-0.3563288756820765,0.1452372278208527,0.7664756757766356,0.11450346398815078
PIAVE,PIATE,0.3770615425749265,-0.41750825525654955,0.1532880012272959,0.7936711885218299,0.09348752293249701
PIAVE,PIATE,0.40672659601828287,-0.4903780216786907,0.161918966580818,0.8472997982455486,0.07443266083403902
PIAVE,PIATE,0.3133887435502974,-0.34145851789524473,0.17561378747962308,0.7762374247461785,0.07621856211914443
PIAVE,PIATE,0.3849648150265948,-0.4237379376507724,0.10833796356349856,0.7946585074551403,0.13577665160553767
