y_true,y_pred,proba__PIAAT,proba__PIALE,proba__PIARA,proba__PIATE,proba__PIAVE
PIAAT,PIAAT,0.61494106,0.003466437,0.040272634,0.004911287,0.33640862
PIAAT,PIAAT,0.80660033,0.0088674305,0.06916437,0.001727337,0.11364054
PIAAT,PIAAT,0.5054326,0.011407681,0.05718878,0.006090215,0.41988075
PIAAT,PIAAT,0.8403594,0.004902441,0.015036476,0.0012764821,0.13842513
PIAAT,PIAAT,0.8444074,0.011996898,0.089050844,0.0009277578,0.053617064
PIAAT,PIAVE,0.3605504,0.0021006,0.016765274,0.0030246011,0.61755913
PIAAT,PIAAT,0.8101765,0.005120331,0.10958612,0.002143256,0.07297387
PIAAT,PIAAT,0.47772172,0.011767656,0.42937526,0.0039430107,0.07719238
PIAAT,PIAAT,0.6856695,0.009522283,0.022974549,0.005631864,0.2762019
PIAAT,PIAAT,0.57349324,0.016596016,0.028421793,0.014377043,0.36711198
PIAAT,PIAAT,0.5545119,0.003043027,0.030153982,0.00284256,0.40944847
PIAAT,PIAAT,0.5826039,0.0015604147,0.011430698,0.0026305506,0.4017744
PIAAT,PIARA,0.34598252,0.014637221,0.394952,0.011068386,0.23335992
PIAAT,PIARA,0.33549252,0.017111173,0.61321825,0.0030309956,0.031146983
PIAAT,PIAVE,0.37008494,0.0055102715,0.096570835,0.005711303,0.5221226
PIAAT,PIAAT,0.50642896,0.011488599,0.39293876,0.0060004806,0.08314317
PIAAT,PIAAT,0.5319488,0.010485663,0.12520814,0.0031926972,0.32916474
PIAAT,PIAVE,0.33368215,0.014802503,0.053887084,0.008472637,0.5891556
PIAAT,PIAAT,0.5483725,0.0024340379,0.050672617,0.0043275002,0.39419332
PIAAT,PIAVE,0.15459299,0.00580436,0.055067334,0.005087601,0.77944773
PIAAT,PIAAT,0.6108039,0.0012259703,0.011189333,0.005282252,0.37149855
PIAAT,PIAVE,0.42437518,0.0017758831,0.021986242,0.0039379406,0.5479248
PIAAT,PIAAT,0.6844612,0.004829786,0.01859845,0.0026912717,0.2894193
PIAAT,PIAVE,0.4603587,0.012637883,0.040618934,0.007803107,0.47858143
PIAAT,PIAAT,0.4985702,0.002050006,0.024589747,0.0023015153,0.4724885
PIAAT,PIAVE,0.27860573,0.0013833124,0.010664647,0.0038583153,0.705488
PIAAT,PIAAT,0.51259494,0.0071888617,0.019991433,0.0072538075,0.45297095
PIAAT,PIAAT,0.7240415,0.009474425,0.02151566,0.00339614,0.2415723
PIAAT,PIALE,0.041724216,0.38998988,0.13448402,0.36415607,0.06964578
PIAAT,PIAAT,0.5494617,0.0025672517,0.009625748,0.0024056444,0.43593964
PIAAT,PIAVE,0.070737354,0.000121902325,0.00048034868,0.18382311,0.7448373
PIAAT,PIAVE,0.22025186,0.00013597122,0.00034698893,0.20761697,0.57164824
PIAAT,PIAAT,0.7515458,0.0001555302,0.00022455784,0.06706799,0.18100622
PIAAT,PIAAT,0.42128998,9.856568e-05,0.00052250584,0.21448599,0.363603
PIAAT,PIAAT,0.36284474,7.117092e-05,0.0008804396,0.30535072,0.330853
PIAAT,PIAVE,0.13174364,0.00019144452,0.0016867721,0.17811903,0.6882591
PIAAT,PIATE,0.15228724,5.8285696e-05,0.0008046284,0.53136945,0.3154804
PIAAT,PIAVE,0.13486883,0.00013010023,0.00039728865,0.1577087,0.70689505
PIAAT,PIAVE,0.39305815,0.00013010552,0.00022064277,0.136613,0.46997815
PIAAT,PIAAT,0.5134755,9.386333e-05,0.00010019258,0.11456869,0.3717618
PIAAT,PIAVE,0.14283408,5.7592417e-05,0.0007995096,0.30459553,0.5517132
PIAAT,PIAAT,0.49253044,0.00010999238,0.0009966097,0.19149593,0.31486705
PIAAT,PIAAT,0.43784338,0.00016050228,0.0032699888,0.29659534,0.2621308
PIAAT,PIAAT,0.8411919,0.00012867908,0.0005604224,0.074166425,0.08395253
PIAAT,PIAAT,0.5216966,0.0013094073,0.0009522008,0.08082291,0.39521885
PIAAT,PIAAT,0.7731789,0.00014707477,0.001531146,0.19748719,0.027655749
PIAAT,PIAAT,0.7271798,0.0007422207,0.0074045924,0.25159186,0.01308153
PIAAT,PIATE,0.25837845,0.020987675,0.13235004,0.58822894,5.491012e-05
PIAAT,PIATE,0.41560116,0.0072871908,0.06536447,0.51064914,0.0010979618
PIAAT,PIARA,0.10947161,0.07066934,0.47110015,0.3487576,1.1994197e-06
PIAAT,PIAAT,0.75298643,5.342697e-05,0.00056189194,0.21083857,0.03555964
PIAAT,PIAAT,0.7766035,0.0011313384,0.0114852125,0.19948319,0.0112968255
PIAAT,PIAAT,0.8090737,0.00037335322,0.004863099,0.1437015,0.04198842
PIAAT,PIAAT,0.52899003,0.00027940125,0.0033645886,0.36515036,0.10221561
PIAAT,PIAAT,0.39906257,0.00015461998,0.0030716588,0.30563313,0.29207808
PIAAT,PIAAT,0.5090722,7.318317e-05,0.00038370845,0.18105902,0.30941185
PIAAT,PIAVE,0.029133143,6.0295275e-05,0.00012918127,0.11415963,0.85651773
PIAAT,PIAVE,0.16286267,0.000106184445,0.000305313,0.16975422,0.66697156
PIAAT,PIAVE,0.39293003,0.00019246915,0.0004016012,0.15848744,0.44798845
PIAAT,PIAVE,0.35557765,9.809978e-05,0.00013592611,0.1257304,0.51845795
PIAAT,PIAVE,0.16661078,5.7198842e-05,0.0006896462,0.28867266,0.54396975
PIAAT,PIAVE,0.16557284,6.3539854e-05,0.00050927355,0.25995412,0.5739002
PIAAT,PIAVE,0.31969312,9.689443e-05,0.0006992351,0.25413704,0.42537364
PIAAT,PIAVE,0.22325127,4.2256754e-05,0.00029091115,0.24339314,0.5330224
PIAAT,PIATE,0.3995783,0.0062284023,0.10510735,0.47691378,0.012172102
PIAAT,PIAAT,0.59707075,0.0008469907,0.007701288,0.36586878,0.028512167
PIAAT,PIATE,0.28340897,0.013539062,0.15225801,0.54993796,0.0008559775
PIAAT,PIATE,0.33849052,0.030527953,0.27883145,0.3520546,9.5540585e-05
PIAAT,PIATE,0.41890234,0.0082369195,0.067910574,0.50332946,0.0016207227
PIAAT,PIARA,0.07602358,0.07549185,0.6363788,0.21210392,1.7846337e-06
PIAAT,PIAAT,0.5880589,0.13718037,0.23731148,0.0053552357,0.032093987
PIAAT,PIAVE,0.09773926,0.023278771,0.28379342,0.06449558,0.53069293
PIAAT,PIAVE,0.033249788,0.108201146,0.37905324,0.0904938,0.38900197
PIAAT,PIAAT,0.9556187,0.02688435,0.016541807,0.0001909185,0.00076430273
PIAAT,PIAAT,0.76145226,0.02293061,0.13225105,0.009353806,0.07401224
PIAAT,PIAAT,0.57044864,0.02016112,0.14823242,0.016742323,0.24441549
PIAAT,PIAAT,0.7405351,0.026198894,0.14664334,0.010200012,0.07642272
PIAAT,PIAAT,0.9021709,0.007900181,0.031107746,0.0034672362,0.055353913
PIAAT,PIAAT,0.8944523,0.006423923,0.040820315,0.005023563,0.053279918
PIAAT,PIARA,0.3720616,0.047334533,0.4530302,0.026999038,0.10057465
PIAAT,PIAAT,0.80306715,0.08708576,0.066116564,0.0029073097,0.04082319
PIAAT,PIAAT,0.4674087,0.0022811396,0.120458655,0.07655331,0.33329818
PIAAT,PIAAT,0.94719726,0.009808115,0.02080224,0.0014817363,0.020710565
PIAAT,PIAAT,0.8246727,0.004365542,0.07030069,0.017639961,0.08302114
PIAAT,PIAAT,0.4822875,0.010895257,0.14320867,0.15607387,0.20753478
PIAAT,PIAAT,0.8708434,0.0024848187,0.06889004,0.0340007,0.023780938
PIAAT,PIAAT,0.5958893,0.010181059,0.1860254,0.14962345,0.058280915
PIAAT,PIAAT,0.90926766,0.003471154,0.037244584,0.0037114217,0.046305265
PIAAT,PIAAT,0.79484093,0.005967566,0.13463846,0.03888428,0.025668703
PIAAT,PIAAT,0.88836455,0.07435264,0.03438503,0.0005356831,0.002362088
PIAAT,PIAVE,0.014037202,0.00020680354,0.0057507725,0.17524612,0.80475914
PIAAT,PIAAT,0.89764863,0.015493987,0.06824097,0.0025818793,0.016034465
PIAAT,PIAAT,0.860214,0.013510001,0.07528486,0.008589559,0.042401593
PIAAT,PIARA,0.14493312,0.07717235,0.53238136,0.11855134,0.12696181
PIAAT,PIAVE,0.3117424,0.016333528,0.26877534,0.03641416,0.36673453
PIAAT,PIAAT,0.35932964,0.009201364,0.25595465,0.04159137,0.33392292
PIAAT,PIAVE,0.23604412,0.009492046,0.19884634,0.029399604,0.5262179
PIAAT,PIARA,0.35171577,0.011398718,0.45617566,0.040277023,0.14043279
PIAAT,PIARA,0.35229027,0.006822761,0.36198387,0.030306641,0.24859641
PIAAT,PIARA,0.10277108,0.053128857,0.5316668,0.14555453,0.16687873
PIAAT,PIAVE,0.0034654154,0.0020052479,0.032144118,0.3465748,0.61581045
PIAAT,PIARA,0.26555553,0.01592192,0.4539909,0.06923902,0.19529265
PIAAT,PIARA,0.39676046,0.013647066,0.47386193,0.03808459,0.077645876
PIAAT,PIARA,0.17313829,0.009301125,0.45810804,0.2554177,0.10403487
PIAAT,PIAVE,0.14434175,0.0057345373,0.3248022,0.04766939,0.47745222
PIAAT,PIAVE,0.16254812,0.054118477,0.35281217,0.06782141,0.36269987
PIAAT,PIAAT,0.38712975,0.008049566,0.3760695,0.027539676,0.20121153
PIAAT,PIAAT,0.44686544,0.0076493523,0.25809008,0.028941922,0.25845328
PIAAT,PIAVE,0.020818474,0.002345817,0.067846924,0.1508512,0.75813764
PIAAT,PIAAT,0.8491171,0.003514758,0.059864655,0.011707673,0.075795755
PIAAT,PIATE,0.19979562,0.016230296,0.0779063,0.66995746,0.03611028
PIAAT,PIATE,0.06379635,0.009020563,0.023430688,0.80756664,0.09618581
PIAAT,PIATE,0.0013856782,0.001742963,0.0064050904,0.83269966,0.15776657
PIAAT,PIATE,0.004726036,0.0072496715,0.021252858,0.8420006,0.124770805
PIAAT,PIATE,0.01068084,0.019746577,0.10902539,0.76552767,0.09501953
PIAAT,PIATE,0.0043004914,0.014801288,0.05108747,0.89734334,0.03246745
PIAAT,PIATE,0.0420355,0.0044847056,0.038394764,0.7758342,0.13925084
PIAAT,PIATE,0.34574252,0.017297879,0.06954579,0.50009936,0.067314394
PIAAT,PIATE,0.43067273,0.015871258,0.08950627,0.44223583,0.021713838
PIAAT,PIATE,0.006853669,0.0043265363,0.014428321,0.83784485,0.13654667
PIAAT,PIAAT,0.62934935,0.013067781,0.0057927,0.31417534,0.037614856
PIAAT,PIAAT,0.7837645,0.0018885147,0.0007201983,0.09886984,0.114756934
PIAAT,PIAAT,0.6143773,0.016162746,0.036668833,0.31393948,0.018851638
PIAAT,PIAAT,0.5035223,0.025360024,0.05282791,0.41040367,0.007886202
PIAAT,PIAAT,0.58001107,0.016486362,0.08029172,0.31110114,0.012109724
PIAAT,PIATE,0.09359142,0.0047748857,0.017804062,0.78661853,0.09721109
PIAAT,PIATE,0.03116731,0.009564254,0.024724986,0.835701,0.09884248
PIAAT,PIATE,0.028520914,0.015801782,0.032054868,0.87966853,0.043953925
PIAAT,PIATE,0.053548742,0.0124749355,0.032343026,0.7735788,0.1280545
PIAAT,PIATE,0.04860334,0.006333638,0.029327236,0.6193523,0.2963835
PIAAT,PIATE,0.055351723,0.002688218,0.011783458,0.5551106,0.37506607
PIAAT,PIAVE,0.07808155,0.0029727735,0.008726667,0.40574604,0.504473
PIAAT,PIATE,0.14120671,0.005533515,0.015950298,0.51932,0.3179895
PIAAT,PIATE,0.14873669,0.003326054,0.012785701,0.47197643,0.3631751
PIAAT,PIATE,0.06531628,0.016015908,0.026977347,0.78698504,0.10470542
PIAAT,PIATE,0.13203251,0.010422795,0.018621903,0.73446214,0.10446067
PIAAT,PIAAT,0.6181994,0.0031290061,0.026578158,0.23892373,0.113169685
PIAAT,PIATE,0.07037457,0.0034836987,0.008226299,0.6199052,0.29801026
PIAAT,PIATE,0.010069577,0.0010829322,0.0041492567,0.71966296,0.2650353
PIAAT,PIATE,0.018714702,0.0052329665,0.017577529,0.7863582,0.17211665
PIAAT,PIATE,0.09171253,0.0054281447,0.020029891,0.7583666,0.124462895
PIAAT,PIATE,0.026460066,0.008315655,0.019407574,0.75366163,0.1921551
PIAAT,PIATE,0.3362752,0.0016858992,0.008419003,0.61128503,0.042334817
PIAAT,PIATE,0.032100454,0.014885115,0.02006869,0.8381123,0.09483351
PIAAT,PIATE,0.09894284,0.0013562763,0.0056226323,0.81087774,0.08320051
PIAAT,PIATE,0.085812494,0.0048746252,0.009938911,0.8389785,0.060395434
PIAAT,PIAAT,0.42774504,0.013547208,0.06127893,0.42329592,0.07413295
PIAAT,PIAVE,0.1407104,0.0017276843,0.011756909,0.34570482,0.50010014
PIAAT,PIAAT,0.6012424,0.002602279,0.019868229,0.22425348,0.15203355
PIAAT,PIATE,0.10781344,0.0029185459,0.009924544,0.5005106,0.3788329
PIAAT,PIATE,0.43703532,0.009134315,0.03811798,0.47182024,0.043892145
PIAAT,PIATE,0.34025764,0.0011078144,0.008850019,0.37777406,0.2720105
PIAAT,PIATE,0.24410972,0.0040898556,0.015245916,0.46231,0.27424455
PIAAT,PIATE,0.026868826,0.00928777,0.04840551,0.8540895,0.061348457
PIAAT,PIATE,0.008499221,0.015211567,0.07695768,0.76603997,0.1332915
PIAAT,PIATE,0.009902753,0.0068660663,0.024517918,0.7848342,0.17387912
PIAAT,PIAAT,0.7596764,0.0066299844,0.0051791496,0.16443396,0.06408048
PIAAT,PIAAT,0.6624101,0.0007398028,0.002942964,0.2596811,0.074226
PIAAT,PIAAT,0.69285244,0.017027041,0.0343212,0.25246927,0.0033300759
PIAAT,PIATE,0.3735196,0.030371204,0.046004012,0.5267423,0.023362897
PIAAT,PIATE,4.305786e-05,0.0017712112,0.009819607,0.9718937,0.016472498
PIAAT,PIATE,6.439717e-05,0.0026652433,0.016175698,0.96901727,0.012077418
PIAAT,PIATE,4.2963286e-05,0.0022215433,0.014418451,0.96167576,0.021641273
PIAAT,PIATE,1.5702479e-05,0.000942138,0.006926759,0.840472,0.15164338
PIAAT,PIATE,9.604994e-05,0.0018426942,0.011274702,0.97406137,0.012725212
PIAAT,PIATE,0.0002005607,0.0038993594,0.04471073,0.62717384,0.3240155
PIAAT,PIATE,0.0001111131,0.0041815937,0.03896561,0.8082009,0.14854077
PIAAT,PIATE,0.00010326226,0.0038183697,0.02272446,0.9527838,0.020570034
PIAAT,PIATE,0.00023487765,0.0045561586,0.025277384,0.9550475,0.014884122
PIAAT,PIATE,0.00026564157,0.0076133106,0.04264464,0.9295082,0.019968288
PIAAT,PIAAT,0.9928665,0.0008819615,0.00042974678,0.003381186,0.002440572
PIAAT,PIAAT,0.98668355,0.0005643448,0.00062017277,0.0061521893,0.0059796628
PIAAT,PIAAT,0.98453844,0.0010546705,0.0008857727,0.007041904,0.0064792745
PIAAT,PIAAT,0.9975044,0.00046773092,0.00020266061,0.0010173296,0.000808056
PIAAT,PIAAT,0.8565654,0.0005118775,0.015434625,0.08379025,0.043697793
PIAAT,PIAAT,0.8944924,0.0006974369,0.025313979,0.059824016,0.01967219
PIAAT,PIAAT,0.8926163,0.0004883017,0.016182456,0.06251964,0.028193252
PIAAT,PIAAT,0.8687497,0.0003469632,0.011553815,0.081136934,0.038212538
PIAAT,PIAAT,0.9503977,0.0005629738,0.0026268722,0.02516836,0.021244215
PIAAT,PIAAT,0.99552995,0.0011110287,0.00026080207,0.0015254989,0.0015727261
PIAAT,PIAAT,0.99934167,0.0006171011,1.2374473e-05,1.5735715e-05,1.3046424e-05
PIAAT,PIAAT,0.9992823,0.000700296,5.101398e-06,6.7573837e-06,5.497535e-06
PIAAT,PIAAT,0.998235,0.0016643645,1.4009005e-05,3.2251406e-05,5.4357883e-05
PIAAT,PIAAT,0.9991875,0.0007879668,3.3721897e-06,9.1644215e-06,1.2073189e-05
PIAAT,PIAAT,0.9989894,0.0009972944,5.173693e-06,4.673503e-06,3.6183767e-06
PIAAT,PIAAT,0.9943078,0.0037741878,0.00031481544,0.00062746037,0.00097579794
PIAAT,PIAAT,0.9995472,0.00032127724,2.7436525e-05,6.085539e-05,4.3244097e-05
PIAAT,PIAAT,0.9994992,0.0004484997,1.4573801e-05,1.9260844e-05,1.8437422e-05
PIAAT,PIAAT,0.99877375,0.0010561489,5.620122e-05,6.4620246e-05,4.9342783e-05
PIAAT,PIAAT,0.9989641,0.0006095949,0.00014483699,0.00014858878,0.00013290862
PIAAT,PIAVE,0.07083118,0.004590281,0.05940694,0.2806435,0.58452815
PIAAT,PIAVE,0.17596383,0.012317394,0.0564625,0.17275473,0.5825015
PIAAT,PIAVE,0.16186866,0.007788552,0.034653943,0.23587172,0.55981714
PIAAT,PIATE,0.14570859,0.0021873403,0.05913939,0.4758792,0.31708553
PIAAT,PIAVE,0.3334632,0.010474751,0.052190434,0.18432899,0.41954264
PIAAT,PIAVE,0.115374625,0.007307878,0.08965176,0.2803752,0.5072905
PIAAT,PIAVE,0.105419755,0.0033414273,0.06955009,0.38827166,0.4334171
PIAAT,PIAVE,0.091275744,0.003927317,0.11078864,0.39605266,0.3979556
PIAAT,PIATE,0.15721576,0.009031552,0.25037774,0.3170695,0.26630545
PIAAT,PIAAT,0.49317187,0.006463971,0.04239399,0.22706878,0.23090133
PIAAT,PIAAT,0.3337322,0.009079691,0.06210522,0.28430694,0.3107759
PIAAT,PIAVE,0.20633887,0.004311775,0.0945092,0.30593,0.3889102
PIAAT,PIAAT,0.69727284,0.011554697,0.022520717,0.07834458,0.19030714
PIAAT,PIAAT,0.5154279,0.0069188345,0.008433514,0.10710977,0.36211002
PIAAT,PIAAT,0.5907059,0.026324168,0.03566141,0.08436083,0.26294774
PIAAT,PIAAT,0.44717193,0.032658134,0.06331074,0.17327611,0.2835831
PIAAT,PIAAT,0.39548168,0.007951896,0.024667284,0.1951162,0.37678292
PIAAT,PIAAT,0.5570915,0.0029900772,0.03805177,0.25753856,0.14432815
PIAAT,PIAVE,0.36951303,0.0041510276,0.025411379,0.18261467,0.41830984
PIAAT,PIAVE,0.35668877,0.003798581,0.01352254,0.19396491,0.43202513
PIALE,PIALE,2.674201e-09,0.99664235,0.002712611,0.0006240526,2.0907719e-05
PIALE,PIALE,5.1692606e-10,0.99601424,0.0014311997,0.0025142292,4.0394603e-05
PIALE,PIALE,1.229406e-06,0.8691771,0.1214789,0.008723626,0.0006190503
PIALE,PIALE,6.8769157e-10,0.9987633,0.0009159058,0.00031046188,1.0296426e-05
PIALE,PIALE,6.5397496e-09,0.99447685,0.0051065525,0.00040040337,1.6213065e-05
PIALE,PIALE,1.8757984e-09,0.99551564,0.0040102424,0.00045530428,1.8724118e-05
PIALE,PIALE,9.1539054e-10,0.99797827,0.0016567537,0.00034413618,2.0798172e-05
PIALE,PIALE,3.140225e-08,0.9889341,0.009556537,0.0014266742,8.262435e-05
PIALE,PIALE,7.524028e-09,0.99425805,0.004423035,0.001256628,6.2289255e-05
PIALE,PIARA,0.0009229511,0.21212761,0.2958572,0.19766453,0.2934277
PIALE,PIALE,1.3255435e-07,0.9814667,0.017366981,0.001056947,0.00010914023
PIALE,PIALE,7.923397e-09,0.99514455,0.0032708494,0.0015000247,8.451023e-05
PIALE,PIALE,1.4913422e-09,0.9981725,0.0017018871,0.00011358467,1.1867814e-05
PIALE,PIALE,4.358536e-09,0.9963632,0.003158377,0.00044625413,3.2174266e-05
PIALE,PIALE,2.6199594e-09,0.99670756,0.0026550884,0.0006012062,3.606917e-05
PIALE,PIALE,9.6111545e-09,0.99434066,0.005505029,0.00013343767,2.0818634e-05
PIALE,PIALE,1.34123095e-08,0.994787,0.004746046,0.0004174116,4.9566388e-05
PIALE,PIALE,1.6543703e-08,0.99306893,0.0064954665,0.00038354096,5.211147e-05
PIALE,PIALE,2.7413643e-07,0.95521563,0.03715676,0.007036936,0.00059037993
PIALE,PIALE,1.3141555e-07,0.96580505,0.023602381,0.00981865,0.0007737777
PIALE,PIALE,1.2183054e-07,0.9524832,0.023713317,0.021779126,0.0020242475
PIALE,PIALE,6.919584e-08,0.9723785,0.022265203,0.0050644544,0.00029161823
PIALE,PIALE,2.3525327e-08,0.98886746,0.005407117,0.0052385665,0.0004869091
PIALE,PIALE,1.1753868e-08,0.99692935,0.002531837,0.00046896178,6.987167e-05
PIALE,PIALE,4.9455187e-09,0.9949816,0.004305658,0.0006368125,7.591476e-05
PIALE,PIALE,9.0451124e-08,0.6534773,0.023600707,0.32238987,0.0005320533
PIALE,PIALE,1.01843645e-08,0.99126863,0.0045739836,0.003930636,0.0002267401
PIALE,PIALE,1.4601877e-08,0.99114966,0.007811456,0.00088486954,0.00015407708
PIALE,PIALE,7.010392e-09,0.99507505,0.0046353065,0.00023979145,4.9911836e-05
PIALE,PIALE,7.675084e-09,0.9930328,0.005882933,0.0009549333,0.00012923445
PIALE,PIARA,3.747587e-05,0.32082844,0.49943322,0.1482944,0.031406403
PIALE,PIALE,8.047351e-06,0.46939275,0.15024638,0.20335722,0.17699556
PIALE,PIATE,8.852314e-06,0.26703343,0.2028407,0.38338166,0.14673531
PIALE,PIAVE,9.384234e-05,0.1301613,0.20216517,0.17580415,0.49177548
PIALE,PIALE,3.2335183e-07,0.9551927,0.023570718,0.01515319,0.006083078
PIALE,PIALE,2.1284798e-06,0.8441781,0.15148784,0.0034438404,0.00088811584
PIALE,PIALE,5.601624e-08,0.98081917,0.011323199,0.0065342905,0.0013233547
PIALE,PIALE,2.232731e-08,0.98415035,0.008611986,0.0063520223,0.00088567263
PIALE,PIALE,3.2061426e-08,0.9910936,0.006735471,0.0018378289,0.00033317204
PIALE,PIALE,1.03543606e-07,0.95541763,0.036563374,0.0058786673,0.0021402382
PIALE,PIALE,1.6976372e-08,0.98417526,0.011427362,0.004028076,0.0003693722
PIALE,PIALE,4.2701505e-09,0.991054,0.0072264676,0.0016478081,7.176792e-05
PIALE,PIALE,8.7004885e-08,0.9750031,0.020150302,0.0045376457,0.00030886638
PIALE,PIALE,5.0686747e-08,0.9942814,0.004222058,0.0012760009,0.00022054298
PIALE,PIALE,1.9333124e-09,0.99412596,0.002562633,0.0031699687,0.00014133609
PIALE,PIALE,8.005792e-07,0.96213555,0.031578314,0.005265259,0.0010201448
PIALE,PIALE,3.198978e-08,0.98607826,0.010697665,0.003008358,0.0002157639
PIALE,PIALE,1.5905423e-08,0.9941673,0.0048646233,0.0008545275,0.00011350444
PIALE,PIALE,3.826789e-07,0.9694607,0.02727166,0.0028463167,0.00042095024
PIALE,PIALE,2.2849058e-09,0.9966536,0.0019693675,0.0013186292,5.8344005e-05
PIALE,PIATE,0.003421632,0.039246764,0.15653157,0.80079186,8.089407e-06
PIALE,PIARA,0.010355296,0.27852553,0.5379401,0.1731789,1.2571668e-07
PIALE,PIARA,0.0027697938,0.17064337,0.6237617,0.20282489,1.921659e-07
PIALE,PIATE,0.00023730549,0.16711593,0.34288862,0.48975804,9.5398896e-08
PIALE,PIATE,0.0010177249,0.29537898,0.3438024,0.35980085,1.9362243e-09
PIALE,PIARA,0.00018605757,0.29904255,0.4308146,0.2699568,4.021381e-09
PIALE,PIARA,0.0022316712,0.22366345,0.3999002,0.3742047,1.2394146e-08
PIALE,PIATE,0.00026637063,0.14061643,0.29480365,0.56431335,1.8895655e-07
PIALE,PIATE,0.009848982,0.09463521,0.31096962,0.5845335,1.2685865e-05
PIALE,PIARA,0.007581678,0.14456186,0.5790829,0.2687547,1.8862977e-05
PIALE,PIATE,0.009977055,0.064578794,0.16647145,0.75886023,0.0001124605
PIALE,PIARA,0.07687077,0.16999514,0.40134764,0.35177433,1.2032713e-05
PIALE,PIARA,0.054186586,0.13671832,0.49902773,0.31005785,9.503252e-06
PIALE,PIATE,0.010201551,0.06825508,0.15962112,0.76190025,2.195139e-05
PIALE,PIATE,0.0012572418,0.07103559,0.23444635,0.69297105,0.00028972924
PIALE,PIATE,0.009594022,0.028118195,0.10385627,0.8582952,0.00013625558
PIALE,PIATE,0.0132150855,0.01913097,0.041887525,0.9257628,3.622555e-06
PIALE,PIARA,0.0058930474,0.1376978,0.44316798,0.41320288,3.822963e-05
PIALE,PIARA,0.028681763,0.32520106,0.39393955,0.25217703,5.989653e-07
PIALE,PIATE,0.021247525,0.10982824,0.2926594,0.57576674,0.00049811776
PIALE,PIARA,3.2163898e-06,0.2800622,0.5736978,0.14622766,9.13514e-06
PIALE,PIALE,4.5720202e-07,0.8529099,0.1351909,0.011898824,1.0263731e-08
PIALE,PIALE,7.153506e-07,0.8220197,0.15602048,0.0219592,1.6681149e-08
PIALE,PIARA,2.9419389e-06,0.14881794,0.5403292,0.3108332,1.668637e-05
PIALE,PIATE,3.04674e-06,0.14003356,0.42424455,0.43567213,4.65981e-05
PIALE,PIARA,7.74212e-07,0.46511444,0.47631508,0.05856826,1.357194e-06
PIALE,PIARA,2.9148434e-06,0.3725681,0.5971801,0.030247858,1.0219678e-06
PIALE,PIARA,1.4618761e-06,0.21147275,0.48049673,0.3076461,0.0003830258
PIALE,PIARA,1.5347886e-06,0.44261163,0.536656,0.020725153,5.615582e-06
PIALE,PIALE,1.4071306e-05,0.5363956,0.4554326,0.0081576295,1.1868294e-07
PIALE,PIALE,4.9723656e-08,0.9177906,0.07998465,0.002224761,1.7845682e-08
PIALE,PIALE,2.096093e-08,0.9479044,0.05140725,0.00068842934,4.9421196e-09
PIALE,PIALE,4.278746e-08,0.966292,0.033404734,0.0003033365,1.1610168e-09
PIALE,PIALE,2.7923959e-09,0.9858,0.0139456885,0.00025427618,1.6406071e-09
PIALE,PIALE,3.337583e-07,0.89156246,0.10208126,0.006355594,2.6578186e-07
PIALE,PIALE,2.6454536e-08,0.9033365,0.086811446,0.009851442,4.951178e-07
PIALE,PIALE,4.9563065e-09,0.98069865,0.019167006,0.00013438403,1.4683992e-09
PIALE,PIALE,3.6695834e-08,0.9730833,0.026130468,0.000786169,4.319439e-09
PIALE,PIALE,1.0794153e-07,0.94218314,0.053601,0.0042157536,3.1859475e-08
PIALE,PIALE,2.7285445e-08,0.97334564,0.025845677,0.00080878235,1.4758666e-08
PIALE,PIALE,7.6057084e-08,0.79571325,0.18828757,0.015990794,8.216654e-06
PIALE,PIALE,3.260291e-08,0.9329106,0.06449507,0.0025942875,6.462651e-08
PIALE,PIALE,7.613471e-08,0.9171553,0.07068796,0.012155983,4.978987e-07
PIALE,PIALE,3.0023244e-07,0.70330167,0.2298024,0.0668849,1.0749241e-05
PIALE,PIALE,2.782154e-07,0.70597684,0.23385851,0.060159322,5.116118e-06
PIALE,PIALE,4.741293e-08,0.8604157,0.13772,0.0018640955,1.825817e-07
PIALE,PIALE,2.2867248e-08,0.77211463,0.21959451,0.008290184,6.7827204e-07
PIALE,PIALE,2.7688417e-08,0.9233071,0.073233634,0.0034593367,4.4628386e-08
PIALE,PIALE,1.1668814e-08,0.75220376,0.23184793,0.015944691,3.584735e-06
PIALE,PIALE,3.94222e-08,0.6889182,0.25161874,0.059407175,5.588763e-05
PIALE,PIALE,7.030629e-06,0.97140425,0.028333733,0.00024903234,5.863173e-06
PIALE,PIALE,5.9837453e-06,0.91903585,0.08037004,0.00058120803,6.8889954e-06
PIALE,PIALE,6.298447e-06,0.96485895,0.035102244,3.2250588e-05,3.2847768e-07
PIALE,PIALE,5.180289e-05,0.8296969,0.15774758,0.012449595,5.413267e-05
PIALE,PIALE,9.017371e-06,0.89211905,0.10568045,0.002176251,1.5237851e-05
PIALE,PIALE,3.3928463e-06,0.81106156,0.18710521,0.0018078514,2.1989454e-05
PIALE,PIALE,2.76458e-06,0.8762076,0.12357285,0.00021570112,1.1677903e-06
PIALE,PIALE,1.0518924e-05,0.92392766,0.0758806,0.00017529869,5.8810992e-06
PIALE,PIALE,6.4886226e-05,0.7361414,0.2625296,0.0012111198,5.307513e-05
PIALE,PIALE,6.924251e-05,0.6700746,0.32646054,0.0033729954,2.2720562e-05
PIALE,PIALE,9.070428e-06,0.5866687,0.41104808,0.0022735426,5.734606e-07
PIALE,PIALE,9.144284e-07,0.9349778,0.06454483,0.00047595584,5.262129e-07
PIALE,PIARA,0.04395164,0.13398941,0.72372395,0.09825961,7.542609e-05
PIALE,PIALE,7.5687058e-06,0.8983319,0.10102717,0.0006272787,5.985227e-06
PIALE,PIALE,2.0321925e-06,0.82771176,0.17173213,0.00055263826,1.344566e-06
PIALE,PIALE,3.3892364e-05,0.9306098,0.060198195,0.009134356,2.3715942e-05
PIALE,PIALE,2.0301254e-06,0.9124517,0.08747556,7.0729286e-05,1.6315115e-08
PIALE,PIALE,8.852303e-07,0.90827364,0.09159745,0.00012804483,2.4587361e-08
PIALE,PIALE,1.526774e-05,0.86860377,0.13084736,0.0005327489,8.052009e-07
PIALE,PIALE,8.407427e-06,0.8869034,0.11048818,0.0025896542,1.027381e-05
PIALE,PIALE,0.0013313761,0.97910863,0.01775197,0.0017993875,8.603612e-06
PIALE,PIALE,0.00069720286,0.9865129,0.010755113,0.0020192447,1.5577194e-05
PIALE,PIALE,0.00012770171,0.95608974,0.042240947,0.001522457,1.9104911e-05
PIALE,PIALE,0.0011177626,0.76654536,0.22217134,0.010142696,2.2885875e-05
PIALE,PIALE,0.00071723684,0.5542078,0.42550737,0.019558635,8.954983e-06
PIALE,PIALE,0.0009985473,0.78033763,0.19115157,0.027469188,4.3033386e-05
PIALE,PIALE,0.0013537189,0.9787997,0.01939988,0.0004445132,2.1039389e-06
PIALE,PIALE,0.0004053755,0.9618675,0.036971707,0.000750101,5.428348e-06
PIALE,PIALE,0.0014416715,0.92043096,0.07760252,0.0005236271,1.1651603e-06
PIALE,PIALE,0.00080732454,0.9421476,0.056779873,0.00026473776,5.113767e-07
PIALE,PIALE,2.822255e-06,0.62717056,0.34382042,0.02900578,3.4320024e-07
PIALE,PIALE,7.721555e-07,0.77763087,0.21619138,0.006176873,1.6057926e-07
PIALE,PIALE,2.6725493e-07,0.9452107,0.052372716,0.0024162247,6.5723334e-08
PIALE,PIALE,1.3315196e-08,0.9575572,0.04221179,0.00023087153,1.5394392e-07
PIALE,PIALE,1.9376136e-09,0.9860947,0.013086195,0.0008190553,4.167033e-09
PIALE,PIALE,4.522805e-08,0.95956177,0.04021045,0.0002276516,1.4026618e-07
PIALE,PIALE,1.5597665e-05,0.80940205,0.18541732,0.0051648854,1.1315101e-07
PIALE,PIALE,5.546433e-06,0.9339456,0.065041326,0.0010056044,1.8691732e-06
PIALE,PIALE,1.625315e-07,0.9440688,0.055403937,0.0005270591,1.3211765e-07
PIALE,PIALE,3.877747e-08,0.97293144,0.026848845,0.00021966513,4.7187022e-08
PIALE,PIALE,0.00055378553,0.76875037,0.20649965,0.024196219,6.602993e-09
PIALE,PIALE,0.06544669,0.37467092,0.36074543,0.19897853,0.00015840368
PIALE,PIALE,0.00029772607,0.7517555,0.24455696,0.0033897574,1.1452186e-07
PIALE,PIALE,0.0009484851,0.7956784,0.19107033,0.012298318,4.350518e-06
PIALE,PIARA,0.011916067,0.3182965,0.63641715,0.033369135,1.1849186e-06
PIALE,PIALE,9.876998e-05,0.7906281,0.18806484,0.021208173,2.2318365e-07
PIALE,PIALE,0.0001112299,0.87393826,0.12435229,0.0015977371,5.236e-07
PIALE,PIALE,7.462917e-05,0.94895965,0.04822022,0.002745348,8.570212e-08
PIALE,PIALE,0.0058518243,0.56541014,0.40853506,0.020202883,1.3692753e-07
PIALE,PIALE,0.0012316211,0.7957459,0.18510339,0.017919058,8.198661e-09
PIALE,PIALE,7.871279e-08,0.8329979,0.1637192,0.0032827493,1.7238415e-08
PIALE,PIALE,8.8455397e-07,0.8598916,0.13900828,0.0010991208,5.8596928e-08
PIALE,PIALE,7.558062e-08,0.9702631,0.029603519,0.00013322174,2.3119232e-10
PIALE,PIALE,1.42371395e-08,0.98853594,0.011437864,2.628119e-05,7.064883e-12
PIALE,PIALE,2.1508117e-07,0.9007293,0.09847573,0.0007945629,2.603257e-07
PIALE,PIALE,7.481732e-07,0.8719007,0.12643397,0.0016641832,3.9318232e-07
PIALE,PIALE,9.438271e-10,0.9873927,0.012538597,6.877785e-05,1.7931165e-09
PIALE,PIALE,1.954686e-08,0.96707916,0.03265645,0.00026434954,1.493485e-08
PIALE,PIALE,1.8297388e-08,0.97260904,0.027173948,0.00021702885,3.026045e-10
PIALE,PIALE,1.1418553e-07,0.9555526,0.04397491,0.00047240205,5.5928564e-09
PIALE,PIALE,4.776818e-07,0.94352543,0.055366132,0.0011080055,4.816528e-09
PIALE,PIALE,8.971347e-08,0.94597006,0.05258274,0.0014469944,1.9749191e-09
PIALE,PIALE,2.060458e-07,0.93725026,0.062152706,0.0005968664,1.0575356e-08
PIALE,PIALE,6.306257e-07,0.8904876,0.10565356,0.0038580364,5.461101e-08
PIALE,PIALE,9.190741e-09,0.96890837,0.030772306,0.00031939885,5.9160876e-09
PIALE,PIALE,9.246715e-10,0.98181653,0.018018398,0.00016507502,1.2499546e-09
PIALE,PIALE,1.410925e-09,0.97335196,0.025843885,0.0008041261,2.5035864e-09
PIALE,PIALE,6.566497e-08,0.9604586,0.038356055,0.001185234,1.8614363e-09
PIALE,PIALE,2.5677278e-07,0.9536003,0.045541015,0.0008585156,2.0261033e-09
PIALE,PIALE,1.0614931e-07,0.88228065,0.1147106,0.0030086169,1.8755092e-08
PIALE,PIALE,1.5764366e-09,0.96160626,0.03803881,0.00035487543,3.3400227e-09
PIALE,PIALE,3.2423894e-10,0.9861769,0.0137120085,0.00011107432,7.2975855e-11
PIALE,PIALE,4.699181e-10,0.9780724,0.0213046,0.00062300987,2.315323e-08
PIALE,PIALE,2.3611564e-08,0.944483,0.051796846,0.0037199864,8.723221e-08
PIALE,PIALE,1.0409359e-09,0.9606986,0.039208543,9.2919996e-05,3.9844872e-10
PIALE,PIALE,2.2291378e-08,0.9159016,0.08362123,0.0004771317,1.957319e-08
PIALE,PIALE,4.1620418e-10,0.9636266,0.03629101,8.240731e-05,3.0626e-10
PIALE,PIALE,2.1022514e-07,0.9007174,0.09787741,0.0014049718,3.290019e-09
PIALE,PIALE,3.2415224e-07,0.9031561,0.09602579,0.00081776455,6.8944544e-08
PIALE,PIALE,8.5311225e-09,0.9812075,0.018709742,8.27017e-05,1.2999862e-10
PIALE,PIALE,4.309568e-08,0.94150066,0.05835085,0.00014843317,1.16046435e-08
PIALE,PIALE,2.3897246e-07,0.8020406,0.1971872,0.0007719359,1.1876965e-07
PIALE,PIAAT,0.6326421,0.012512276,0.04274197,0.31196198,0.00014173193
PIALE,PIALE,6.1203345e-08,0.92834646,0.07125829,0.00039515324,9.584419e-09
PIALE,PIALE,7.081639e-07,0.8820147,0.11743143,0.0005530648,6.2247885e-08
PIALE,PIARA,0.007357552,0.19820471,0.6519552,0.14248107,1.4456216e-06
PIALE,PIALE,2.347452e-07,0.8000981,0.19900136,0.0009002297,6.3975826e-08
PIALE,PIALE,3.6999175e-08,0.93875146,0.06106569,0.00018281786,6.5260104e-09
PIALE,PIALE,6.596433e-07,0.8522771,0.14673086,0.000991228,2.3759709e-07
PIALE,PIALE,2.3372625e-07,0.78724205,0.21182472,0.0009328232,1.8327266e-07
PIALE,PIALE,9.931715e-13,0.9974527,0.0025244793,2.2860295e-05,7.4718576e-16
PIALE,PIALE,4.400959e-09,0.9296862,0.069113515,0.001200208,4.1097764e-11
PIALE,PIALE,1.5368075e-10,0.9948919,0.00482531,0.00028286176,2.1530517e-14
PIALE,PIALE,1.4307063e-09,0.9637431,0.035832815,0.00042400166,1.582584e-10
PIALE,PIALE,2.2570732e-09,0.9810416,0.018298596,0.000659866,1.1951448e-13
PIALE,PIALE,2.0020519e-09,0.916044,0.076699756,0.0072562303,6.714243e-12
PIALE,PIALE,3.1084083e-10,0.9926635,0.007166838,0.000169749,4.313038e-14
PIALE,PIALE,1.471549e-10,0.9947482,0.005225343,2.6459395e-05,1.8571533e-13
PIALE,PIALE,3.6074668e-12,0.9957247,0.004195835,7.9487065e-05,2.805231e-15
PIALE,PIALE,2.13785e-10,0.9942697,0.005608433,0.00012189274,2.613066e-14
PIALE,PIALE,4.6890314e-14,0.99956757,0.00043147823,9.583921e-07,6.762738e-17
PIALE,PIALE,1.2133495e-14,0.999388,0.00061111024,8.5059384e-07,9.178805e-17
PIALE,PIALE,1.7768547e-12,0.9996842,0.00031406083,1.7315461e-06,8.323856e-16
PIALE,PIALE,2.7834136e-14,0.9983113,0.0016858517,2.8733855e-06,2.0949784e-16
PIALE,PIALE,2.5747269e-12,0.9994531,0.0005452366,1.6533367e-06,2.100362e-15
PIALE,PIALE,1.7538499e-12,0.998428,0.0015594881,1.2555085e-05,6.8443894e-16
PIALE,PIALE,1.2356291e-12,0.9998745,0.00012419428,1.2668316e-06,1.4709016e-16
PIALE,PIALE,2.8292242e-13,0.9995659,0.0004324609,1.6774013e-06,1.1348313e-16
PIALE,PIALE,2.2367662e-10,0.99112624,0.008579778,0.0002940177,9.241036e-14
PIALE,PIALE,1.3786168e-09,0.9775753,0.02180791,0.0006168442,3.1179388e-13
PIALE,PIALE,1.363531e-13,0.99838674,0.0015738179,3.947029e-05,1.09993124e-16
PIALE,PIALE,6.634926e-11,0.99872285,0.001243285,3.381e-05,4.895507e-15
PIALE,PIALE,7.6386303e-10,0.98989034,0.009860932,0.00024879148,2.3815292e-13
PIALE,PIALE,9.031451e-14,0.999718,0.00027906272,2.8936017e-06,1.5512949e-17
PIALE,PIALE,8.883507e-14,0.9991167,0.00087265123,1.0605271e-05,3.0648167e-17
PIALE,PIALE,2.1410797e-14,0.99982375,0.00017439626,1.9373788e-06,1.1595183e-17
PIALE,PIALE,8.403683e-14,0.9995765,0.0004185218,4.9926753e-06,3.5377923e-17
PIALE,PIALE,6.2668925e-14,0.99971837,0.0002791192,2.4582923e-06,1.23362946e-17
PIALE,PIALE,4.8783314e-14,0.9997999,0.00019795186,2.1284234e-06,2.872724e-17
PIALE,PIALE,2.4162898e-13,0.997879,0.0021064815,1.4524971e-05,3.3086174e-16
PIALE,PIALE,2.0769907e-12,0.9973596,0.002580744,5.970274e-05,2.657966e-16
PIALE,PIALE,7.896524e-11,0.9792443,0.019676207,0.0010795793,1.4618726e-14
PIALE,PIALE,4.1669068e-11,0.9814875,0.01654469,0.001967712,1.2694811e-14
PIALE,PIALE,2.035747e-15,0.9998871,0.00011178421,1.0165e-06,3.5423067e-18
PIALE,PIALE,1.8201819e-11,0.9971071,0.0027991384,9.3767754e-05,7.771286e-16
PIALE,PIALE,1.3595752e-10,0.9876061,0.012109874,0.0002839734,1.7283195e-13
PIALE,PIALE,6.682656e-15,0.99992216,7.7089426e-05,6.652778e-07,3.519224e-18
PIALE,PIALE,1.9927354e-10,0.99876606,0.0011880298,4.5996647e-05,4.38406e-15
PIALE,PIALE,3.8078134e-12,0.9943153,0.0055171372,0.00016748383,1.5228331e-15
PIALE,PIALE,1.4193108e-13,0.9982413,0.0017078284,5.079841e-05,4.0464954e-17
PIALE,PIALE,5.8379146e-10,0.9400737,0.058925875,0.0010003864,8.020206e-14
PIALE,PIALE,4.483525e-09,0.9144457,0.083506264,0.0020480754,2.1508208e-13
PIALE,PIALE,1.752106e-07,0.93211365,0.065614544,0.0022715474,3.4395418e-12
PIALE,PIALE,2.2063127e-09,0.9745728,0.024935476,0.0004917453,2.4743379e-14
PIALE,PIALE,6.103816e-08,0.9649907,0.03361232,0.0013969301,3.6666744e-13
PIALE,PIALE,1.0835692e-08,0.9441945,0.054090664,0.0017149423,3.0715048e-14
PIALE,PIALE,7.856812e-09,0.88673985,0.11015415,0.0031060374,8.8736506e-14
PIALE,PIALE,6.9030057e-13,0.9875871,0.012120582,0.00029229914,1.5715933e-15
PIALE,PIALE,7.0417747e-12,0.9889985,0.0108405445,0.00016090734,1.3148014e-15
PIALE,PIALE,9.2677956e-11,0.98922485,0.010600699,0.0001744154,6.837151e-15
PIALE,PIARA,0.00021723197,0.21833979,0.70994306,0.071495816,4.0438695e-06
PIALE,PIARA,6.0337843e-05,0.2332893,0.7501465,0.016503684,1.2052949e-07
PIALE,PIARA,8.7609646e-05,0.27983317,0.69802284,0.022056095,3.2612837e-07
PIALE,PIARA,0.0001719427,0.21989149,0.73077255,0.049163453,6.0556874e-07
PIALE,PIALE,0.0001515973,0.56778234,0.41478422,0.017281713,1.1203242e-07
PIALE,PIARA,2.3868852e-06,0.37916955,0.6024273,0.018400675,9.257102e-08
PIALE,PIARA,0.00018409498,0.2250108,0.64256537,0.13223584,3.9360616e-06
PIALE,PIARA,7.357503e-05,0.19605201,0.77405846,0.029813347,2.583006e-06
PIALE,PIARA,0.0002559784,0.26666254,0.71223557,0.020844776,1.0741006e-06
PIALE,PIARA,1.3314527e-06,0.20486858,0.7859679,0.009162122,5.9467307e-09
PIALE,PIARA,1.7444181e-05,0.45547885,0.5252813,0.019222349,7.091344e-08
PIALE,PIALE,7.383531e-05,0.69550246,0.3001476,0.0042760787,1.7641598e-08
PIALE,PIALE,1.5452128e-05,0.79811215,0.19994996,0.0019224001,3.0935667e-09
PIALE,PIALE,3.9458396e-06,0.58754206,0.39568248,0.016771533,9.790689e-09
PIALE,PIARA,9.9874465e-05,0.3080588,0.5126073,0.17923379,3.00269e-07
PIALE,PIARA,2.187073e-07,0.18502164,0.52782595,0.26052344,0.026628753
PIALE,PIARA,1.9608898e-07,0.1098027,0.541587,0.2389887,0.109621435
PIALE,PIARA,6.274435e-06,0.26182345,0.65667444,0.08149548,4.2701245e-07
PIALE,PIARA,0.00038389867,0.22780748,0.6782906,0.0935174,5.3683965e-07
PIALE,PIARA,3.3142325e-05,0.24459381,0.5886943,0.1665809,9.781063e-05
PIALE,PIARA,0.000109468885,0.2520825,0.7136883,0.034119673,7.3805325e-08
PIALE,PIARA,0.0015982767,0.19492151,0.7106377,0.0928416,9.2525204e-07
PIALE,PIALE,3.3644916e-08,0.77306104,0.22554383,0.0013951141,5.9289636e-11
PIALE,PIARA,1.8591174e-05,0.47988194,0.5130291,0.0070704087,5.798518e-09
PIALE,PIARA,7.4661606e-05,0.322127,0.60675156,0.07104663,1.6785e-07
PIALE,PIARA,1.9641561e-06,0.3432176,0.6495621,0.0072182943,5.5811062e-09
PIALE,PIARA,1.5281726e-06,0.15189917,0.542672,0.3010543,0.0043730163
PIALE,PIARA,2.1652515e-06,0.22643176,0.6825814,0.09069469,0.00028995515
PIALE,PIATE,4.4308214e-07,0.030537294,0.15902826,0.7635599,0.04687405
PIALE,PIARA,2.5495843e-05,0.1085391,0.58260095,0.30800074,0.00083372736
PIALE,PIARA,0.00011353974,0.24335013,0.7234695,0.033066683,1.7919199e-07
PIALE,PIARA,6.364132e-06,0.32404035,0.6611945,0.014758557,1.2025511e-07
PIALE,PIARA,1.831983e-08,0.31444243,0.68038106,0.005176567,2.191574e-10
PIALE,PIARA,6.17233e-07,0.22777517,0.76166743,0.010556809,8.491745e-09
PIALE,PIARA,1.2568578e-06,0.35615116,0.6402504,0.0035971247,5.7147846e-09
PIALE,PIALE,1.2019292e-08,0.72310495,0.27581543,0.0010796931,2.1854955e-10
PIALE,PIALE,1.6914128e-06,0.67382437,0.31862676,0.007547191,1.1891985e-08
PIALE,PIARA,8.5249565e-07,0.1972975,0.77518916,0.027512513,6.780251e-09
PIALE,PIARA,6.028372e-06,0.19774115,0.78259176,0.01966096,8.29045e-08
PIALE,PIARA,1.4318224e-06,0.07425644,0.5572283,0.3192853,0.04922855
PIALE,PIALE,1.131672e-06,0.7915164,0.20084962,0.0076328334,1.0169513e-08
PIALE,PIALE,1.3404491e-07,0.70180565,0.2754829,0.02271125,2.4309152e-08
PIALE,PIALE,4.277307e-05,0.58983797,0.26280615,0.1473129,2.7818663e-07
PIALE,PIALE,8.734828e-08,0.7218107,0.26474127,0.013447947,1.7144936e-08
PIALE,PIALE,1.5580399e-07,0.7795328,0.21264617,0.007820892,9.862639e-09
PIALE,PIALE,6.8022686e-08,0.67592645,0.2839669,0.040106464,9.388233e-08
PIALE,PIALE,2.025941e-08,0.79124534,0.20642217,0.0023325023,9.419843e-10
PIALE,PIALE,4.058482e-06,0.68228805,0.30764452,0.010063144,1.3079641e-07
PIALE,PIARA,0.00019728599,0.4714282,0.51825064,0.010123839,9.0085834e-08
PIALE,PIALE,9.5947975e-08,0.793086,0.20167972,0.005234175,6.510197e-09
PIALE,PIARA,0.00039114722,0.2520452,0.73981935,0.0077252816,1.9021123e-05
PIALE,PIARA,0.00042340046,0.35468253,0.63778687,0.0070876726,1.948214e-05
PIALE,PIARA,0.00015100176,0.17689483,0.81683785,0.006111229,5.0296535e-06
PIALE,PIARA,0.0002823093,0.36546475,0.6318306,0.002419134,3.2091468e-06
PIALE,PIALE,4.9227045e-05,0.9544978,0.044993106,0.00043169368,2.8090644e-05
PIALE,PIALE,0.0001021547,0.88286465,0.1160185,0.0009865884,2.8052758e-05
PIALE,PIALE,8.3930696e-05,0.5938267,0.4039279,0.0020638567,9.7516604e-05
PIALE,PIALE,8.372422e-05,0.6650132,0.32992077,0.0046958853,0.0002864358
PIALE,PIARA,2.1271991e-05,0.27850863,0.7200266,0.0014283892,1.518189e-05
PIALE,PIARA,6.153584e-05,0.20395738,0.79341525,0.002557189,8.578973e-06
PIALE,PIALE,1.1331054e-05,0.7481223,0.2512801,0.0005815323,4.726893e-06
PIALE,PIALE,1.7648475e-05,0.9050245,0.09491081,3.37128e-05,1.322348e-05
PIALE,PIALE,4.7568114e-06,0.8589706,0.14094795,7.328242e-05,3.4072518e-06
PIALE,PIALE,3.8157486e-06,0.91042435,0.089517504,4.692468e-05,7.477387e-06
PIALE,PIALE,4.2300024e-05,0.6836961,0.31600612,0.0002375977,1.7837112e-05
PIALE,PIALE,2.0914253e-05,0.8459998,0.15359312,0.00036133008,2.4912297e-05
PIALE,PIALE,6.6689725e-05,0.72380805,0.27591953,0.00017266058,3.3032044e-05
PIALE,PIALE,3.4860073e-05,0.5173887,0.48194367,0.00057775434,5.5099375e-05
PIALE,PIALE,1.5562084e-05,0.906032,0.093599275,0.00025909662,9.412189e-05
PIALE,PIALE,5.624816e-06,0.7377746,0.26214278,7.295645e-05,3.9562956e-06
PIALE,PIALE,2.8692114e-06,0.7254525,0.2743786,0.00015176399,1.429479e-05
PIALE,PIALE,6.439773e-07,0.9107296,0.0891882,6.8720554e-05,1.2807378e-05
PIALE,PIALE,2.696529e-06,0.77221435,0.2276877,8.872041e-05,6.5810013e-06
PIALE,PIALE,4.3371992e-06,0.777517,0.22213866,0.00029972132,4.019864e-05
PIALE,PIALE,8.593301e-06,0.8332016,0.16660275,0.00015267124,3.4416007e-05
PIALE,PIALE,1.170376e-06,0.83623236,0.16366474,9.3554925e-05,8.174185e-06
PIALE,PIALE,1.1357451e-05,0.8753301,0.12460131,4.6957888e-05,1.0177501e-05
PIALE,PIALE,3.5740006e-06,0.93926555,0.06056994,0.00013286251,2.8030578e-05
PIALE,PIALE,2.146686e-05,0.65245384,0.34694794,0.0005343963,4.2415908e-05
PIALE,PIALE,6.7519236e-06,0.9232101,0.076544136,0.0002204225,1.8638177e-05
PIALE,PIARA,3.552426e-06,0.4776054,0.52153915,0.0008159434,3.5999325e-05
PIALE,PIARA,1.5648171e-06,0.2976727,0.70159304,0.0007130048,1.9627772e-05
PIALE,PIALE,2.6595558e-06,0.5229366,0.47544715,0.0014756883,0.00013794437
PIALE,PIALE,8.1068665e-06,0.5464217,0.4525528,0.00093376235,8.3673694e-05
PIALE,PIALE,1.0723441e-05,0.70472044,0.2928295,0.0021186508,0.00032063705
PIALE,PIARA,2.8144038e-06,0.39051408,0.6076142,0.00182885,3.9984785e-05
PIALE,PIARA,1.5904258e-06,0.43209606,0.5662306,0.0015769966,9.474802e-05
PIALE,PIARA,5.5317673e-06,0.4273219,0.57206374,0.00056099286,4.7858557e-05
PIALE,PIARA,1.2746681e-06,0.25865147,0.7411415,0.00020119626,4.6258738e-06
PIALE,PIARA,7.473355e-06,0.47684327,0.5228144,0.00030449327,3.0336705e-05
PIALE,PIALE,3.3446324e-06,0.8193102,0.18041566,0.00021753937,5.337447e-05
PIALE,PIALE,1.2536673e-05,0.8486578,0.1510314,0.00021082988,8.742686e-05
PIALE,PIALE,4.968757e-06,0.8351111,0.16437279,0.000410506,0.00010071362
PIALE,PIALE,3.6197234e-06,0.8814059,0.1183115,0.00022367288,5.5364184e-05
PIALE,PIALE,2.8346816e-05,0.5375584,0.46187177,0.00048636977,5.5126893e-05
PIALE,PIALE,1.20326595e-05,0.89161515,0.108298756,6.3839645e-05,1.0183995e-05
PIALE,PIALE,4.4128533e-06,0.876004,0.12344797,0.00041957674,0.00012409592
PIALE,PIALE,2.3090445e-06,0.9031793,0.09666998,0.0001247724,2.3639835e-05
PIALE,PIALE,6.111526e-06,0.8537063,0.14595836,0.0002522676,7.69816e-05
PIALE,PIALE,4.065981e-06,0.96847713,0.030215096,0.00047520478,0.0008284435
PIALE,PIALE,2.1021433e-10,0.7520192,0.24690902,0.0010717675,4.3519948e-13
PIALE,PIALE,4.3668744e-10,0.5846215,0.41372696,0.0016515721,5.2689177e-12
PIALE,PIALE,1.7180372e-11,0.9298055,0.07006974,0.0001246998,2.0639207e-13
PIALE,PIALE,1.4587703e-11,0.95796835,0.041987877,4.3786302e-05,4.67285e-14
PIALE,PIALE,1.3713652e-13,0.98053324,0.019433843,3.2939544e-05,3.863024e-15
PIALE,PIALE,2.402294e-13,0.98361087,0.016376285,1.2941031e-05,2.3041534e-15
PIALE,PIALE,3.940809e-11,0.9248598,0.0749981,0.00014213198,6.720047e-14
PIALE,PIALE,1.1099757e-12,0.979246,0.02074009,1.3943324e-05,2.4250352e-15
PIALE,PIALE,8.592076e-11,0.80467844,0.19429052,0.0010309685,2.578055e-13
PIALE,PIALE,9.89635e-11,0.9211343,0.078650996,0.00021472476,4.296499e-14
PIALE,PIALE,4.274893e-09,0.7596674,0.22841915,0.011913436,4.875853e-10
PIALE,PIALE,5.7158946e-08,0.55501235,0.4015024,0.043485194,7.394501e-09
PIALE,PIARA,1.9828666e-07,0.3159887,0.53642744,0.14758366,6.7376e-08
PIALE,PIARA,3.802734e-07,0.18001066,0.7042874,0.11570112,4.3989732e-07
PIALE,PIARA,5.6633155e-07,0.13144606,0.8196875,0.048865624,3.2071603e-07
PIALE,PIARA,6.4728516e-07,0.2598001,0.7069279,0.033271287,4.4654564e-09
PIALE,PIARA,3.4447125e-06,0.12357005,0.8207099,0.055716395,2.0260033e-07
PIALE,PIARA,4.6970737e-08,0.26908398,0.60861546,0.122300535,8.4762225e-10
PIALE,PIARA,1.9226289e-07,0.45339164,0.5242727,0.0223355,4.8378906e-10
PIALE,PIARA,2.1778948e-08,0.43963054,0.5521569,0.008212533,2.826994e-11
PIALE,PIARA,4.5122984e-08,0.457484,0.51188207,0.030633869,8.5334e-10
PIALE,PIARA,3.8346986e-08,0.33645463,0.6316718,0.03187351,8.891934e-10
PIALE,PIARA,3.5701166e-06,0.18562955,0.8040692,0.0102975825,1.3559746e-08
PIALE,PIARA,1.3710446e-06,0.2176235,0.5001998,0.28217378,1.5865674e-06
PIALE,PIARA,1.6114687e-07,0.34272453,0.58391017,0.07336509,2.6401696e-09
PIALE,PIARA,1.9801778e-06,0.18476725,0.8019504,0.013280336,2.3053046e-08
PIALE,PIARA,8.300356e-09,0.27669734,0.6690995,0.05420321,1.0013507e-10
PIALE,PIARA,1.7741366e-06,0.26816052,0.72293985,0.00889777,5.37432e-08
PIALE,PIARA,2.8179255e-07,0.1697925,0.50431484,0.3258921,2.653404e-07
PIALE,PIARA,3.2337432e-06,0.08497572,0.8663736,0.04864332,4.117221e-06
PIALE,PIARA,6.76754e-08,0.16074887,0.5902538,0.2489973,3.6809986e-08
PIALE,PIARA,5.6518164e-08,0.17280234,0.688776,0.13842157,8.688561e-09
PIALE,PIALE,1.347643e-08,0.7010135,0.29723004,0.0017563888,1.3109985e-10
PIALE,PIARA,4.0591257e-08,0.16822645,0.64462674,0.18714678,9.239306e-10
PIALE,PIALE,9.398468e-10,0.6472939,0.3438019,0.008904193,9.658901e-12
PIALE,PIARA,1.3618715e-07,0.16071045,0.7597237,0.07956572,4.8251376e-09
PIALE,PIALE,3.263388e-07,0.5292624,0.46362466,0.0071125794,1.752554e-09
PIALE,PIARA,5.505459e-09,0.4129631,0.5132887,0.07374821,2.3578173e-10
PIALE,PIARA,4.2505426e-09,0.14850499,0.57868665,0.2728083,3.7956818e-10
PIALE,PIALE,8.237565e-08,0.49717033,0.49171427,0.01111535,1.5038438e-09
PIALE,PIALE,5.9362485e-12,0.9825168,0.017261658,0.00022148728,2.4198455e-13
PIALE,PIALE,1.6767459e-11,0.98806274,0.011733087,0.00020427867,5.1280703e-14
PIALE,PIALE,4.1586222e-12,0.98347914,0.016370924,0.00014989603,5.9524935e-14
PIALE,PIALE,8.32793e-12,0.9439751,0.055188145,0.00083680527,5.698227e-13
PIALE,PIALE,5.7434773e-12,0.9332955,0.065984905,0.0007195816,8.937952e-12
PIALE,PIALE,6.835407e-11,0.9638231,0.03540331,0.00077358837,9.976659e-14
PIALE,PIALE,1.1844843e-11,0.98406994,0.015471498,0.00045855725,1.5460621e-14
PIALE,PIALE,8.391248e-11,0.95641285,0.042997777,0.00058935775,3.7531526e-13
PIALE,PIALE,1.2783469e-10,0.9349494,0.06390712,0.0011435231,2.8227388e-12
PIALE,PIALE,7.674443e-11,0.88847095,0.110453375,0.0010756883,8.686262e-13
PIALE,PIALE,1.6906936e-06,0.99138486,0.008550588,5.252917e-05,1.0350139e-05
PIALE,PIALE,9.296272e-06,0.9940263,0.0058897818,6.2206236e-05,1.23857235e-05
PIALE,PIALE,3.6289787e-08,0.9988864,0.0011130808,4.8444934e-07,2.2467951e-08
PIALE,PIALE,5.5830863e-08,0.9996207,0.00037884788,4.795582e-07,4.5234085e-08
PIALE,PIALE,7.869693e-08,0.99939406,0.00060538837,4.6334512e-07,1.9418277e-08
PIALE,PIALE,2.1817168e-07,0.99854726,0.0014503297,1.96729e-06,9.833065e-08
PIALE,PIALE,1.324144e-07,0.998769,0.0012294848,1.3613263e-06,1.127075e-07
PIALE,PIALE,2.475199e-07,0.9937483,0.006250021,1.4666755e-06,5.6462905e-08
PIALE,PIALE,4.1336442e-08,0.9977526,0.0022464306,9.06782e-07,1.0743386e-08
PIALE,PIALE,1.05958e-08,0.99936324,0.00063641474,3.6989906e-07,6.9397963e-09
PIALE,PIALE,6.21752e-09,0.999943,5.6925983e-05,4.973757e-08,2.4312843e-09
PIALE,PIALE,7.2585614e-08,0.99965703,0.00033864946,3.5775165e-06,6.514868e-07
PIALE,PIALE,6.8549e-08,0.9998198,0.00017950506,5.584052e-07,3.1164685e-08
PIALE,PIALE,3.973069e-07,0.99990463,8.9971196e-05,3.9635343e-06,1.1165882e-06
PIALE,PIALE,6.938364e-07,0.9998253,0.00016658628,5.131307e-06,2.242972e-06
PIALE,PIALE,1.1667263e-08,0.9999585,4.1397172e-05,1.295097e-07,8.666174e-09
PIALE,PIALE,6.3395976e-07,0.9995689,0.0004231242,6.4646256e-06,9.399011e-07
PIALE,PIALE,1.1571775e-06,0.99960464,0.00037351155,1.734738e-05,3.2826817e-06
PIALE,PIALE,2.1577149e-08,0.9998851,0.00011470321,2.4510268e-07,2.1577398e-08
PIALE,PIALE,1.5210464e-08,0.9997974,0.00020090764,1.4272199e-06,2.400726e-07
PIALE,PIALE,0.0006257808,0.9368764,0.062202018,0.00022998556,6.5748776e-05
PIALE,PIALE,0.00043874633,0.93906116,0.060279723,0.00018428089,3.6193396e-05
PIALE,PIALE,0.0007771859,0.9449621,0.054155238,8.933164e-05,1.6272255e-05
PIALE,PIALE,0.0005000686,0.95982695,0.03949008,0.00014102338,4.192165e-05
PIALE,PIALE,0.0014967796,0.92517865,0.0731543,0.00015074553,1.9470128e-05
PIALE,PIALE,0.0053964155,0.9235592,0.06992246,0.0006001715,0.0005217035
PIALE,PIALE,0.0046197507,0.9202564,0.07471011,0.00030621164,0.00010757859
PIALE,PIALE,0.0041153585,0.8812091,0.11385721,0.0005503327,0.0002680094
PIALE,PIALE,0.004338193,0.78438467,0.21062711,0.0005343616,0.000115704184
PIALE,PIALE,0.0007912826,0.9476896,0.05132455,0.00015367827,4.102112e-05
PIALE,PIALE,0.0022308372,0.8846914,0.10943015,0.00320447,0.00044301673
PIALE,PIALE,0.0016127032,0.7941278,0.19438033,0.008414276,0.0014649574
PIALE,PIALE,0.0008201094,0.8440419,0.14759283,0.006598855,0.00094639143
PIALE,PIALE,0.0017395624,0.8659237,0.13097483,0.0012663101,9.567986e-05
PIALE,PIALE,0.0013706253,0.8478623,0.14769441,0.0028084477,0.00026417492
PIALE,PIALE,0.0014894198,0.6629794,0.319118,0.015478613,0.00093464256
PIALE,PIALE,0.0043933038,0.84470946,0.14694683,0.0034798353,0.0004705726
PIALE,PIALE,0.00043904185,0.90715456,0.08813427,0.0036284293,0.00064360845
PIALE,PIALE,0.00054601347,0.8320017,0.16371316,0.0033739957,0.00036521486
PIALE,PIALE,0.012381843,0.87870747,0.09656743,0.0059964,0.0063468325
PIALE,PIARA,0.0003139389,0.19758281,0.7838461,0.018145286,0.00011191332
PIALE,PIARA,0.0025643774,0.035365727,0.66362697,0.29697707,0.0014658207
PIALE,PIARA,0.0013580688,0.03523962,0.6755072,0.28552353,0.0023714884
PIALE,PIARA,0.0016048395,0.036471635,0.7070058,0.25335726,0.0015603778
PIALE,PIARA,0.0035221372,0.03026708,0.72333354,0.24081649,0.0020607847
PIALE,PIARA,0.0011710635,0.05903053,0.84002376,0.09798251,0.0017921778
PIALE,PIARA,0.00060429535,0.13713884,0.83584046,0.02601557,0.00040079534
PIALE,PIARA,0.0004902807,0.19495049,0.7917432,0.012710075,0.00010586867
PIALE,PIARA,0.0002803969,0.2640864,0.72666925,0.008844735,0.000119223245
PIALE,PIARA,0.00036216687,0.14145972,0.82507104,0.03233471,0.0007724297
PIALE,PIATE,0.002885371,4.7437097e-05,0.027832663,0.9099585,0.059276056
PIALE,PIATE,0.00033085188,3.1755673e-05,0.029197631,0.91029924,0.06014046
PIALE,PIATE,0.0025496155,0.0016743972,0.3068125,0.6169779,0.07198558
PIALE,PIARA,0.0015755668,0.004625168,0.5049205,0.42644474,0.06243409
PIALE,PIARA,0.006327626,0.0077290568,0.594987,0.34844053,0.042515866
PIALE,PIATE,0.0013418962,0.0014130521,0.26726612,0.6971068,0.032872196
PIALE,PIARA,0.008172809,0.004112127,0.50472856,0.4606288,0.0223577
PIALE,PIATE,0.003310868,0.0010298953,0.22844619,0.7136691,0.053543966
PIALE,PIATE,0.010799014,0.0013752226,0.25115645,0.70312023,0.03354912
PIALE,PIATE,0.0041903565,0.0008360597,0.22625561,0.6813508,0.08736713
PIALE,PIARA,8.719794e-06,0.13091193,0.83083594,0.031676613,0.0065667513
PIALE,PIARA,7.723986e-06,0.24986488,0.738434,0.010282568,0.0014108138
PIALE,PIARA,5.7119073e-06,0.22247794,0.7544988,0.02055826,0.0024592911
PIALE,PIARA,5.9452227e-06,0.20699549,0.7781134,0.0129143195,0.0019709673
PIALE,PIARA,6.1705794e-07,0.16247626,0.71884745,0.11430351,0.0043721753
PIALE,PIARA,6.6168595e-06,0.1435872,0.83308566,0.018501647,0.004818921
PIALE,PIARA,7.876614e-07,0.38797468,0.59144264,0.019966738,0.0006151719
PIALE,PIARA,1.3650664e-06,0.32062122,0.6628984,0.015624326,0.00085471506
PIALE,PIARA,6.952196e-06,0.34272948,0.64557004,0.010050385,0.0016430916
PIALE,PIARA,1.2612906e-05,0.28340298,0.7042776,0.01017995,0.0021268292
PIALE,PIALE,5.682589e-08,0.7003715,0.29955858,6.886681e-05,9.085201e-07
PIALE,PIALE,3.4765822e-08,0.6267181,0.3729324,0.00034718364,2.313618e-06
PIALE,PIALE,2.4860756e-07,0.57115686,0.42873973,0.00010115981,1.9609404e-06
PIALE,PIALE,7.048779e-08,0.6012046,0.39861748,0.00017595584,1.933533e-06
PIALE,PIALE,8.523264e-07,0.6261355,0.37382004,4.210544e-05,1.524044e-06
PIALE,PIALE,1.14825625e-08,0.6119037,0.3877355,0.0003590348,1.8356767e-06
PIALE,PIALE,2.2910909e-08,0.68633115,0.31351393,0.00015365692,1.2535552e-06
PIALE,PIARA,3.9286245e-08,0.34462103,0.6515716,0.0037835895,2.372567e-05
PIALE,PIARA,1.1546537e-07,0.048541944,0.7676781,0.1832543,0.0005255997
PIALE,PIARA,3.741428e-08,0.27433586,0.7053024,0.020281322,8.037196e-05
PIALE,PIARA,0.00036858488,0.02702734,0.79098016,0.15187319,0.02975073
PIALE,PIARA,0.00085421884,0.017929075,0.67042077,0.18711106,0.12368489
PIALE,PIARA,0.00015388214,0.0719652,0.86680657,0.03901285,0.02206144
PIALE,PIARA,3.7269765e-05,0.025923532,0.75718457,0.18559305,0.031261504
PIALE,PIARA,0.0002209726,0.08270403,0.8636543,0.02643895,0.02698176
PIALE,PIARA,0.00025642823,0.030582093,0.78879213,0.14562069,0.034748666
PIALE,PIARA,0.00016384451,0.035462726,0.83535606,0.1076839,0.021333495
PIALE,PIARA,0.00015352381,0.057291396,0.8583062,0.05881896,0.02542984
PIALE,PIARA,1.499585e-05,0.026820125,0.66330075,0.21093048,0.098933645
PIALE,PIARA,5.0168223e-05,0.05794123,0.857763,0.0610768,0.02316881
PIALE,PIARA,0.008492913,0.042849645,0.84166294,0.093172245,0.013822358
PIALE,PIARA,0.025289085,0.026844436,0.6953574,0.20737591,0.045133173
PIALE,PIARA,0.05388542,0.051125936,0.79745126,0.08227376,0.015263709
PIALE,PIARA,0.10163107,0.008150318,0.55933785,0.2922218,0.03865897
PIALE,PIARA,0.081819884,0.010465078,0.6016737,0.28772604,0.018315263
PIALE,PIARA,0.20461875,0.006871946,0.4982969,0.2860271,0.0041853376
PIALE,PIAAT,0.4783671,0.0023101654,0.23999688,0.26750985,0.011815993
PIALE,PIARA,0.17343295,0.014774582,0.5690805,0.23946775,0.003244233
PIALE,PIARA,0.21112406,0.004912891,0.47861174,0.28494453,0.020406866
PIALE,PIARA,0.09063957,0.026694657,0.78530705,0.09159619,0.0057624946
PIALE,PIALE,3.1799555e-05,0.5750594,0.42464378,0.00026380844,1.2316934e-06
PIALE,PIARA,4.8958424e-07,0.2892144,0.70977646,0.00096315553,4.5539855e-05
PIALE,PIALE,4.2864735e-06,0.7679899,0.23199591,9.618728e-06,3.25085e-07
PIALE,PIALE,1.0480897e-05,0.79743326,0.20254982,6.1387614e-06,3.1682723e-07
PIALE,PIALE,6.1822734e-06,0.5452247,0.4543476,0.00041928556,2.2468148e-06
PIALE,PIARA,2.8974006e-05,0.40709922,0.5921587,0.0007053389,7.803351e-06
PIALE,PIARA,0.00033818072,0.34094128,0.6581319,0.00056749204,2.122089e-05
PIALE,PIALE,1.0678926e-05,0.5461651,0.45371768,0.000104590785,1.9777985e-06
PIALE,PIARA,1.4499767e-06,0.46576998,0.53405607,0.00016181446,1.0634629e-05
PIALE,PIALE,6.701607e-06,0.60575265,0.39419085,4.8566155e-05,1.2361747e-06
PIALE,PIALE,1.1114829e-05,0.53480685,0.46513727,4.2364878e-05,2.3570756e-06
PIALE,PIALE,6.667487e-06,0.55834025,0.44158426,6.573675e-05,3.1156296e-06
PIALE,PIARA,4.2614865e-05,0.37513676,0.624615,0.00019449618,1.1160624e-05
PIALE,PIALE,4.286899e-06,0.6003811,0.39957672,3.641488e-05,1.4247868e-06
PIALE,PIALE,8.704716e-07,0.50004965,0.49981532,0.00012762481,6.468182e-06
PIALE,PIARA,4.2803376e-06,0.45242897,0.54747015,9.0172216e-05,6.4166807e-06
PIALE,PIARA,0.00013387579,0.45530206,0.5442311,0.0003238347,9.131446e-06
PIALE,PIALE,2.4755796e-05,0.6543193,0.34561765,3.723792e-05,1.1037714e-06
PIALE,PIALE,1.3875734e-05,0.51152736,0.48831767,0.00013605959,5.0174226e-06
PIALE,PIALE,6.5717046e-05,0.6904865,0.30941015,3.6502366e-05,1.172624e-06
PIALE,PIALE,8.025514e-08,0.9428683,0.057131268,3.1930247e-07,1.0085058e-08
PIALE,PIALE,4.8382134e-08,0.92329603,0.0767033,7.075571e-07,1.5578486e-08
PIALE,PIALE,1.666275e-06,0.8670903,0.13290541,2.6131818e-06,4.58031e-08
PIALE,PIALE,3.943857e-08,0.8905232,0.109473564,3.2538585e-06,4.5787786e-08
PIALE,PIALE,5.4448638e-08,0.8734802,0.12651716,2.4529288e-06,3.6237e-08
PIALE,PIALE,1.8890759e-07,0.6345437,0.36539644,5.7892667e-05,1.8596901e-06
PIALE,PIALE,1.67613e-08,0.7646417,0.23532474,3.2990927e-05,5.1711197e-07
PIALE,PIALE,2.4237378e-08,0.8536927,0.1462978,9.371557e-06,1.9250177e-07
PIALE,PIALE,6.818809e-08,0.7620857,0.23788498,2.8377048e-05,9.3902486e-07
PIALE,PIALE,4.556009e-08,0.79540604,0.20456843,2.4751645e-05,8.206572e-07
PIALE,PIARA,0.0072691366,0.3383857,0.64860827,0.005222061,0.0005149106
PIALE,PIARA,0.0018125734,0.2711465,0.7163387,0.008688284,0.002014004
PIALE,PIARA,0.008043195,0.043305725,0.82667494,0.11466584,0.0073103127
PIALE,PIARA,0.016096232,0.19780736,0.77377105,0.011316553,0.0010088475
PIALE,PIARA,0.09428346,0.19395576,0.70597273,0.0052139377,0.0005741173
PIALE,PIARA,0.08010555,0.13315518,0.76214045,0.023319334,0.0012793668
PIALE,PIARA,0.0014735924,0.2314579,0.7522789,0.01160571,0.0031839826
PIALE,PIARA,0.00199444,0.061306883,0.87142146,0.057279874,0.00799736
PIALE,PIARA,0.003619139,0.13668017,0.83911985,0.018472172,0.002108669
PIALE,PIARA,0.0011963196,0.20402662,0.77637935,0.015339484,0.0030581886
PIALE,PIALE,6.634465e-10,0.98495734,0.015041123,1.4785013e-06,7.487143e-09
PIALE,PIALE,1.3721915e-10,0.97515804,0.024806924,3.5001485e-05,2.621331e-08
PIALE,PIALE,1.4694529e-09,0.9689276,0.031063233,9.116048e-06,4.9179164e-08
PIALE,PIALE,2.7975837e-09,0.96533835,0.03465663,4.9479386e-06,4.8071122e-08
PIALE,PIALE,4.698473e-09,0.96893847,0.031056827,4.6831055e-06,5.535693e-08
PIALE,PIALE,5.5266643e-08,0.81310695,0.18581511,0.0010730994,4.7243625e-06
PIALE,PIALE,1.0421438e-09,0.9764755,0.023510793,1.3614252e-05,6.177543e-08
PIALE,PIALE,6.8464096e-10,0.91067755,0.084265634,0.005055849,1.0278684e-06
PIALE,PIALE,5.9768396e-10,0.9848475,0.0151499575,2.6072187e-06,1.7930383e-08
PIALE,PIALE,1.1923683e-09,0.97386485,0.026125293,9.7242755e-06,6.3392974e-08
PIALE,PIALE,3.5150702e-13,0.99928254,0.00071731076,7.312457e-08,3.1218132e-11
PIALE,PIALE,2.0269459e-13,0.9992884,0.00071162725,1.03376765e-08,4.6602505e-12
PIALE,PIALE,5.6453583e-12,0.9966935,0.0033064438,1.07129274e-07,1.0805421e-10
PIALE,PIALE,1.5648115e-11,0.9884193,0.011578146,2.6293596e-06,2.8921259e-09
PIALE,PIALE,2.1623623e-12,0.99711406,0.002885773,9.407487e-08,8.610829e-11
PIALE,PIALE,5.193424e-11,0.99127483,0.0087247575,2.9756168e-07,8.652249e-10
PIALE,PIALE,7.065639e-11,0.99465585,0.005344031,6.31467e-08,3.1657604e-10
PIALE,PIALE,9.046883e-13,0.99748933,0.002510546,8.3841144e-08,4.8630006e-11
PIALE,PIALE,1.11995e-13,0.99918956,0.0008104279,5.2834657e-09,2.1618928e-12
PIALE,PIALE,1.2049949e-13,0.9996668,0.00033323656,1.0671068e-08,4.808023e-12
PIALE,PIALE,2.613602e-09,0.99280715,0.0071928347,3.221803e-08,2.59846e-10
PIALE,PIALE,8.995395e-09,0.9884751,0.011524763,1.15978615e-07,6.354813e-10
PIALE,PIALE,2.1441279e-08,0.98870206,0.011297803,9.489215e-08,3.13214e-10
PIALE,PIALE,1.529257e-08,0.9895272,0.010472657,7.538402e-08,4.1308648e-10
PIALE,PIALE,3.2774294e-10,0.9920054,0.007994629,5.8529846e-08,1.789571e-10
PIALE,PIALE,2.6176086e-10,0.9922003,0.007799601,7.976327e-08,1.9942566e-10
PIALE,PIALE,1.3147889e-12,0.99767834,0.002321733,5.4555777e-08,1.8319934e-11
PIALE,PIALE,7.793087e-12,0.9969049,0.0030950722,2.5047507e-08,1.9985208e-11
PIALE,PIALE,1.1847302e-10,0.98948777,0.010511888,3.897459e-07,4.7017956e-10
PIALE,PIALE,1.5150609e-10,0.99030846,0.00969133,1.9763164e-07,3.0088257e-10
PIALE,PIALE,1.0662258e-13,0.9997645,0.0002354544,6.677699e-09,2.8229036e-12
PIALE,PIALE,6.4812483e-12,0.9984561,0.0015439279,4.458097e-08,6.961516e-11
PIALE,PIALE,1.7368275e-11,0.99774903,0.002250998,4.918028e-08,1.2510074e-10
PIALE,PIALE,1.0811854e-11,0.9960402,0.0039595985,1.60421e-07,3.0647057e-10
PIALE,PIALE,6.041718e-11,0.9904607,0.009538533,6.578858e-07,2.012753e-09
PIALE,PIALE,1.2280446e-13,0.9997681,0.00023191783,3.9863952e-08,8.953646e-12
PIALE,PIALE,1.1169007e-13,0.9998274,0.00017256744,6.686761e-09,1.7765568e-12
PIALE,PIALE,5.938428e-14,0.9998392,0.00016080627,4.8511533e-09,1.2660693e-12
PIALE,PIALE,2.0825953e-13,0.9997844,0.00021560419,9.970818e-09,3.6055835e-12
PIALE,PIALE,5.917053e-13,0.99949443,0.0005055346,3.8764913e-08,2.1539047e-11
PIALE,PIALE,8.1304755e-11,0.98059297,0.019406067,9.025885e-07,1.3920501e-09
PIALE,PIALE,9.590019e-11,0.9940758,0.00592425,3.5157505e-08,6.453015e-11
PIALE,PIALE,2.036181e-09,0.9818018,0.0181979,2.0103163e-07,7.893374e-10
PIALE,PIALE,2.2804376e-07,0.9477599,0.05223859,1.2112706e-06,1.5828363e-08
PIALE,PIALE,6.3858755e-07,0.9349573,0.0650392,2.8016327e-06,3.7367016e-08
PIALE,PIALE,1.8482955e-07,0.9432067,0.056790467,2.4958415e-06,6.110524e-08
PIALE,PIALE,1.5748935e-07,0.8945122,0.10548396,3.5934086e-06,1.0699788e-07
PIALE,PIALE,5.893465e-11,0.9852406,0.014758939,4.4185464e-07,5.542212e-10
PIALE,PIALE,2.1226114e-09,0.9822498,0.01774989,2.1892114e-07,1.0517112e-09
PIALE,PIALE,3.56888e-11,0.98942906,0.010570644,3.1095274e-07,2.2959822e-10
PIALE,PIALE,2.5557909e-12,0.9993383,0.0006529107,8.66572e-06,3.7488403e-09
PIALE,PIALE,7.6235155e-12,0.99936837,0.000580914,5.0695966e-05,2.5875844e-08
PIALE,PIALE,1.4109934e-12,0.999627,0.00036139615,1.1563203e-05,7.3073325e-09
PIALE,PIALE,3.293859e-12,0.9995726,0.00016257344,0.0002647299,1.3620571e-07
PIALE,PIALE,8.036576e-12,0.9979861,0.0019087993,0.00010519884,4.051533e-08
PIALE,PIALE,3.4820293e-06,0.4455192,0.2943871,0.25248495,0.007605282
PIALE,PIALE,1.6279051e-09,0.8119076,0.18789436,0.00019736588,7.072667e-07
PIALE,PIALE,1.2957543e-10,0.93543667,0.06446805,9.514079e-05,9.317509e-08
PIALE,PIARA,9.730032e-08,0.38861203,0.570405,0.040751267,0.0002315543
PIALE,PIALE,1.04017e-10,0.9668686,0.033109754,2.1639791e-05,2.2924972e-08
PIALE,PIATE,1.1931309e-08,0.09172221,0.42112404,0.48665452,0.00049911655
PIALE,PIATE,8.809167e-09,0.08083215,0.27217072,0.6464673,0.00052973215
PIALE,PIATE,8.441622e-09,0.19275518,0.28352883,0.5233921,0.000323908
PIALE,PIALE,2.9463658e-09,0.43562084,0.20488684,0.35936117,0.000131032
PIALE,PIALE,1.684751e-10,0.97363496,0.012711976,0.013650738,2.3478153e-06
PIALE,PIALE,3.8933216e-14,0.9997098,0.00026621806,2.3908657e-05,3.2762806e-10
PIALE,PIALE,2.3897821e-11,0.9856309,0.010158626,0.004209856,6.233981e-07
PIALE,PIALE,5.8398286e-10,0.88435626,0.0677913,0.04784057,1.1882593e-05
PIALE,PIALE,3.2859737e-09,0.61199176,0.1742935,0.21365307,6.1595514e-05
PIALE,PIATE,8.56543e-09,0.10754601,0.40435395,0.48767415,0.00042590633
PIALE,PIALE,3.87323e-11,0.9334947,0.06634706,0.00015829048,5.5039603e-08
PIALE,PIALE,6.777761e-12,0.9870258,0.012821067,0.00015306112,2.9474558e-08
PIALE,PIALE,2.1221207e-11,0.96527517,0.034579206,0.00014567588,3.3173688e-08
PIALE,PIALE,2.286199e-11,0.9713297,0.02850757,0.0001628268,3.130876e-08
PIALE,PIALE,2.8762768e-11,0.9426178,0.057199787,0.00018237325,7.432895e-08
PIALE,PIALE,8.559434e-12,0.95413285,0.045746643,0.0001206146,2.904862e-08
PIALE,PIALE,8.422947e-12,0.9512826,0.048675433,4.1931235e-05,8.099124e-09
PIALE,PIALE,2.0004949e-10,0.9413091,0.05868282,8.074984e-06,1.1378785e-08
PIALE,PIALE,2.2279986e-10,0.9070259,0.09284056,0.00013344895,9.446324e-08
PIALE,PIALE,3.1351e-11,0.94516873,0.054805383,2.5917212e-05,1.5324257e-08
PIALE,PIALE,3.2434604e-12,0.99522,0.0045367465,0.00024321197,3.6982048e-08
PIALE,PIALE,1.1912966e-12,0.9951002,0.0048320536,6.778671e-05,5.79229e-09
PIALE,PIALE,2.8071835e-12,0.9965682,0.0031949966,0.00023674732,2.9282493e-08
PIALE,PIALE,3.2766218e-12,0.99235415,0.007546046,9.977251e-05,1.1388617e-08
PIALE,PIALE,2.6318867e-11,0.9892643,0.010500562,0.00023514288,5.243953e-08
PIALE,PIALE,2.0248121e-14,0.99953437,0.00046549292,1.3993342e-07,8.292061e-12
PIALE,PIALE,2.0987548e-12,0.9751764,0.024789166,3.4394805e-05,2.8478473e-09
PIALE,PIALE,1.0096025e-09,0.91955245,0.0537949,0.026646972,5.7446264e-06
PIALE,PIALE,1.880866e-10,0.9649286,0.025796246,0.009273086,1.9619938e-06
PIALE,PIALE,3.2512359e-12,0.9925647,0.007358153,7.714209e-05,6.216181e-09
PIALE,PIALE,5.4768273e-10,0.8878761,0.11199075,0.00013300688,1.3991107e-07
PIALE,PIALE,4.3544945e-10,0.9269179,0.072952904,0.00012905285,8.548508e-08
PIALE,PIALE,2.8254121e-09,0.7400793,0.25641724,0.0035002306,3.2375494e-06
PIALE,PIALE,4.308129e-09,0.7614944,0.23592506,0.0025775926,2.8874476e-06
PIALE,PIALE,8.143446e-09,0.6675914,0.32606134,0.0063403244,6.9220155e-06
PIALE,PIARA,3.2642653e-08,0.35640395,0.6058636,0.037649825,8.272252e-05
PIALE,PIALE,5.851434e-09,0.79600245,0.20277339,0.0012221547,2.0005714e-06
PIALE,PIALE,2.2400188e-09,0.6898956,0.30786523,0.0022362731,2.9691919e-06
PIALE,PIALE,2.0100427e-10,0.91540956,0.08445212,0.00013828678,9.610812e-08
PIALE,PIALE,4.472969e-09,0.6031198,0.38115418,0.015713278,1.279328e-05
PIALE,PIALE,2.4923992e-07,0.75457495,0.23812701,0.0072978484,2.9423159e-08
PIALE,PIALE,2.2260085e-05,0.7669487,0.23272897,0.0002983896,1.7200988e-06
PIALE,PIALE,6.750883e-06,0.8109839,0.18893598,7.219315e-05,1.1686609e-06
PIALE,PIALE,5.2998193e-06,0.819476,0.18046197,5.470112e-05,2.0506375e-06
PIALE,PIALE,2.619166e-06,0.9395573,0.060429823,1.0262141e-05,4.1469434e-08
PIALE,PIALE,4.10361e-06,0.9218665,0.0781214,7.89102e-06,1.12113675e-07
PIALE,PIALE,3.1623538e-06,0.94174904,0.058244694,3.1905624e-06,5.5869958e-08
PIALE,PIALE,1.9424205e-07,0.9754107,0.024588034,1.0697403e-06,3.4934104e-09
PIALE,PIALE,7.740898e-08,0.96148294,0.038514387,2.5559148e-06,9.415327e-09
PIALE,PIALE,1.4502638e-07,0.9584841,0.041514907,7.820084e-07,7.9207645e-09
PIALE,PIALE,1.2775116e-06,0.83631754,0.1631927,0.00048826318,1.8896242e-07
PIALE,PIALE,6.481525e-07,0.893494,0.10649859,6.5578056e-06,1.1251478e-07
PIALE,PIALE,2.7779052e-07,0.96852714,0.03147047,2.159336e-06,3.546968e-09
PIALE,PIALE,9.742523e-07,0.8878872,0.112092264,1.9502428e-05,9.4272245e-08
PIALE,PIALE,9.483587e-07,0.9326682,0.06732752,3.3495467e-06,5.3727053e-08
PIALE,PIALE,1.2809643e-07,0.95793116,0.04206691,1.7978326e-06,1.927287e-08
PIALE,PIALE,3.6293184e-08,0.9669747,0.03302398,1.2794007e-06,3.9743484e-09
PIALE,PIALE,6.182273e-08,0.8892221,0.11075531,2.2212302e-05,1.7434716e-07
PIALE,PIARA,4.98395e-07,0.3712612,0.5782825,0.050455436,4.2647068e-07
PIALE,PIALE,5.8968646e-07,0.83890367,0.16102925,6.593144e-05,5.540088e-07
PIALE,PIARA,0.021065975,0.43541747,0.54233706,0.0011695799,9.951344e-06
PIALE,PIARA,0.29513264,0.098833635,0.5998156,0.006213437,4.6743694e-06
PIALE,PIARA,0.0071460116,0.30127317,0.6805383,0.011005763,3.679065e-05
PIALE,PIARA,0.29286024,0.058249697,0.626732,0.0221508,7.3115016e-06
PIALE,PIARA,0.34469613,0.055863094,0.58310413,0.016330143,6.5124777e-06
PIALE,PIARA,0.034996055,0.21433662,0.7399277,0.010734237,5.3892386e-06
PIALE,PIARA,0.1776385,0.028855955,0.5412327,0.25224447,2.8358412e-05
PIALE,PIARA,0.2605805,0.10188677,0.6305318,0.0069832383,1.7746774e-05
PIALE,PIARA,0.041360874,0.3464917,0.6092195,0.0029231254,4.829368e-06
PIALE,PIARA,0.092615135,0.229466,0.67391425,0.0039945673,9.9226745e-06
PIALE,PIARA,0.0061028427,0.12173565,0.8465577,0.023734836,0.0018689836
PIALE,PIARA,0.018683193,0.25611076,0.72200984,0.0030989826,9.725048e-05
PIALE,PIARA,0.031974975,0.18441814,0.77822965,0.005173434,0.00020386318
PIALE,PIARA,0.009429942,0.36694545,0.62213856,0.0014241572,6.1818064e-05
PIALE,PIARA,0.075473346,0.14923657,0.76978046,0.005212036,0.0002976119
PIALE,PIARA,0.1293002,0.1376575,0.72584665,0.0067886133,0.00040698543
PIALE,PIARA,0.3429794,0.04265838,0.6011913,0.012864475,0.00030645536
PIALE,PIARA,0.14914627,0.08029836,0.7483515,0.021680364,0.0005234748
PIALE,PIARA,0.010234037,0.26681754,0.71380645,0.009064059,7.794661e-05
PIALE,PIARA,0.010578947,0.2877934,0.7008577,0.0007326501,3.7336602e-05
PIALE,PIARA,0.25530434,0.015187556,0.58391863,0.14267902,0.0029104427
PIALE,PIARA,0.40710533,0.011717409,0.5018763,0.0773189,0.0019820374
PIALE,PIAAT,0.6163157,0.0022652757,0.14769527,0.22945037,0.004273343
PIALE,PIARA,0.34968007,0.0041857455,0.36185303,0.2773738,0.0069073304
PIALE,PIARA,0.42327005,0.008889646,0.48778933,0.077278845,0.002772023
PIALE,PIAAT,0.7247212,0.0020964353,0.13899241,0.13197534,0.0022146169
PIALE,PIAAT,0.62444925,0.0055712555,0.32542694,0.04407528,0.0004773241
PIALE,PIAAT,0.7977317,0.0034579716,0.14782454,0.05069639,0.00028939976
PIALE,PIAAT,0.7509086,0.0035222496,0.20223667,0.042624224,0.00070828124
PIALE,PIAAT,0.6776852,0.0057957084,0.27472812,0.04157373,0.00021721196
PIARA,PIARA,0.05533839,0.03726699,0.62153447,0.27610964,0.009750509
PIARA,PIARA,0.0141254,0.06603955,0.47947648,0.44031036,4.820458e-05
PIARA,PIARA,0.038014147,0.03739305,0.5003044,0.42057413,0.0037142518
PIARA,PIATE,0.031536415,0.04694997,0.4439448,0.47672752,0.00084127224
PIARA,PIARA,0.10546809,0.039290473,0.5591887,0.27490285,0.021149766
PIARA,PIATE,0.021923264,0.063688524,0.43632576,0.47802216,4.0381303e-05
PIARA,PIATE,0.052052375,0.053782288,0.44404382,0.44953075,0.00059074094
PIARA,PIATE,0.021286145,0.06478454,0.25625378,0.6576662,9.292006e-06
PIARA,PIATE,0.01292579,0.07799354,0.3492384,0.5598413,1.021134e-06
PIARA,PIATE,0.016312076,0.07752492,0.30864826,0.59751314,1.6608873e-06
PIARA,PIATE,0.033865634,0.060316727,0.35246724,0.5533179,3.2549164e-05
PIARA,PIATE,0.012912642,0.04748204,0.25870672,0.68089753,1.0718028e-06
PIARA,PIATE,0.006440388,0.04036706,0.30677417,0.64641833,6.978846e-08
PIARA,PIATE,0.003683514,0.037063528,0.25828105,0.7009718,9.902207e-08
PIARA,PIATE,0.010102637,0.0385971,0.16313027,0.7881682,1.768015e-06
PIARA,PIATE,0.004421298,0.023551233,0.111806005,0.86022085,6.269421e-07
PIARA,PIATE,0.009245791,0.03206404,0.10985015,0.84883803,2.0466898e-06
PIARA,PIATE,0.012812471,0.03503791,0.15584968,0.7962762,2.3772944e-05
PIARA,PIATE,0.040869072,0.047777142,0.2095629,0.70178074,1.017117e-05
PIARA,PIATE,0.01692095,0.01880078,0.078331985,0.88586086,8.541807e-05
PIARA,PIARA,0.0034047314,0.05795817,0.64102006,0.2975981,1.898612e-05
PIARA,PIARA,0.008537581,0.09990553,0.70812124,0.18343417,1.4834754e-06
PIARA,PIARA,0.003677475,0.06491721,0.68874687,0.24257094,8.758951e-05
PIARA,PIARA,0.0035903852,0.068101145,0.70976067,0.21853827,9.5896385e-06
PIARA,PIARA,0.005894241,0.08032921,0.64145976,0.27231315,3.6371919e-06
PIARA,PIARA,0.022478294,0.069032535,0.71473587,0.19365695,9.636918e-05
PIARA,PIARA,0.001454593,0.060467917,0.49562284,0.44245425,3.3907367e-07
PIARA,PIATE,0.006651519,0.04391208,0.2829964,0.6664336,6.4156116e-06
PIARA,PIATE,0.0031346502,0.05192833,0.4158067,0.5291302,1.4822982e-07
PIARA,PIARA,0.004380056,0.05775648,0.5028114,0.4350242,2.7897651e-05
PIARA,PIARA,7.7919e-06,0.08512121,0.60064644,0.3142245,3.09555e-09
PIARA,PIARA,0.009032573,0.11210245,0.6608618,0.21800224,9.722953e-07
PIARA,PIARA,0.00094043673,0.09210953,0.76963985,0.13731015,5.8527124e-08
PIARA,PIARA,0.014676035,0.0807485,0.64021313,0.2643505,1.1855858e-05
PIARA,PIARA,0.052909948,0.091000766,0.52662677,0.329444,1.8550374e-05
PIARA,PIARA,0.0109257875,0.08775123,0.7260414,0.17527081,1.0784583e-05
PIARA,PIATE,0.002440246,0.0335121,0.24083896,0.7232039,4.833676e-06
PIARA,PIATE,0.007851032,0.07139309,0.45133168,0.46942237,1.7404482e-06
PIARA,PIATE,0.004211696,0.04370975,0.33712852,0.6149403,9.790493e-06
PIARA,PIARA,0.010670469,0.09090888,0.535207,0.36321104,2.6115154e-06
PIARA,PIARA,0.0016714706,0.07537685,0.5963284,0.32662266,6.397796e-07
PIARA,PIARA,0.0028628742,0.08798581,0.7311686,0.17798229,3.340049e-07
PIARA,PIATE,0.0033716867,0.04966202,0.3386674,0.6082958,3.1167722e-06
PIARA,PIATE,0.0022193778,0.05024833,0.467037,0.48049486,4.4971296e-07
PIARA,PIARA,0.0045755873,0.0700646,0.54322153,0.3821374,9.3195644e-07
PIARA,PIARA,0.1338471,0.042260423,0.5598097,0.25966212,0.004420615
PIARA,PIARA,0.03412176,0.056338992,0.6502593,0.25900453,0.00027542823
PIARA,PIARA,0.07235817,0.07056972,0.5016892,0.35521853,0.000164405
PIARA,PIARA,0.07386582,0.059346378,0.4965331,0.37013283,0.00012190024
PIARA,PIARA,0.058777984,0.0791262,0.4493324,0.41272762,3.5755158e-05
PIARA,PIALE,3.6339962e-11,0.99415404,0.0058458955,8.842022e-08,1.6578783e-08
PIARA,PIALE,1.572876e-11,0.99458826,0.0054112202,3.457967e-07,8.937652e-08
PIARA,PIALE,3.1704583e-11,0.98974633,0.010252695,8.091588e-07,1.5623468e-07
PIARA,PIALE,8.5438885e-11,0.9838771,0.016120076,2.3199952e-06,4.7869054e-07
PIARA,PIALE,4.224342e-10,0.9088622,0.091136225,1.5923347e-06,4.3364835e-08
PIARA,PIALE,1.166607e-10,0.9647517,0.035245225,2.7081444e-06,2.7256348e-07
PIARA,PIALE,6.865094e-10,0.93494105,0.06502756,3.070306e-05,7.530989e-07
PIARA,PIALE,9.424946e-09,0.8219129,0.17799218,9.2436225e-05,2.5400298e-06
PIARA,PIALE,2.9473073e-12,0.99265504,0.007344457,4.7308725e-07,4.2034074e-08
PIARA,PIALE,5.0429394e-10,0.99905044,0.00087230676,7.073944e-05,6.5778613e-06
PIARA,PIARA,5.1802435e-06,0.34494707,0.65328646,0.0017509012,1.0374919e-05
PIARA,PIARA,7.2687027e-07,0.3649511,0.6346458,0.00040124197,1.1116805e-06
PIARA,PIARA,1.5916418e-06,0.19140428,0.8078836,0.0007097371,6.533381e-07
PIARA,PIARA,8.236181e-07,0.15322788,0.846499,0.00026276725,9.443733e-06
PIARA,PIARA,5.19063e-07,0.2374823,0.76231146,0.00020308538,2.671083e-06
PIARA,PIARA,2.6551186e-06,0.2047384,0.79354995,0.001703364,5.691854e-06
PIARA,PIARA,1.8069268e-06,0.120494775,0.8783587,0.0011430222,1.6440099e-06
PIARA,PIARA,1.5949372e-06,0.11313111,0.886193,0.00067382294,4.9983254e-07
PIARA,PIARA,1.6774642e-06,0.14300999,0.85605615,0.0009319798,2.251905e-07
PIARA,PIARA,1.7028021e-06,0.14124586,0.8579205,0.0008314941,3.713561e-07
PIARA,PIALE,2.5058156e-08,0.8905432,0.109454624,1.910742e-06,2.5426385e-07
PIARA,PIALE,1.9637532e-08,0.85720855,0.14279032,9.900727e-07,7.2949064e-08
PIARA,PIALE,1.0258411e-07,0.7967784,0.20321026,1.0809971e-05,4.3033947e-07
PIARA,PIALE,1.1063274e-09,0.85414463,0.14585416,1.2391123e-06,1.4486759e-08
PIARA,PIALE,1.24626e-08,0.8761682,0.123809114,2.179886e-05,8.0296877e-07
PIARA,PIALE,3.6017166e-08,0.9303092,0.06968751,2.973028e-06,2.8659974e-07
PIARA,PIALE,7.486724e-08,0.8114632,0.18853216,4.2364627e-06,2.918065e-07
PIARA,PIALE,5.3048517e-08,0.79317194,0.20682408,3.64342e-06,1.9324266e-07
PIARA,PIALE,1.3487942e-09,0.98533267,0.014666656,5.7521584e-07,9.7653185e-08
PIARA,PIALE,1.1522068e-09,0.9675579,0.03244163,4.3684878e-07,4.248019e-08
PIARA,PIALE,3.6573708e-10,0.94747156,0.05252686,1.5467184e-06,6.06753e-09
PIARA,PIALE,1.2429306e-09,0.96855384,0.03141258,3.299105e-05,5.6219943e-07
PIARA,PIALE,3.4479417e-10,0.75673884,0.24309713,0.00016385074,2.4203183e-07
PIARA,PIALE,2.6036465e-10,0.9151322,0.08486235,5.4880024e-06,2.3965587e-08
PIARA,PIALE,2.7289244e-11,0.83986694,0.16012762,5.4488833e-06,2.1461388e-09
PIARA,PIALE,6.452242e-10,0.8532592,0.14673977,9.889278e-07,1.2340614e-09
PIARA,PIALE,2.2642205e-10,0.90212095,0.09785583,2.3181396e-05,3.7964383e-09
PIARA,PIALE,4.8592297e-10,0.95571315,0.04428661,1.8613146e-07,4.1777554e-10
PIARA,PIALE,1.2715585e-09,0.8611518,0.13884509,3.1206387e-06,1.8019072e-09
PIARA,PIALE,1.7748546e-09,0.9858759,0.014123428,6.908649e-07,3.6746727e-08
PIARA,PIARA,2.3181855e-07,0.32396784,0.6758976,0.00013340301,8.8431517e-07
PIARA,PIARA,4.7817633e-08,0.3493531,0.65062547,2.1354284e-05,1.1127278e-07
PIARA,PIARA,2.0484948e-07,0.47529855,0.5246443,5.5213342e-05,1.6527875e-06
PIARA,PIARA,7.7357356e-07,0.27774346,0.7214083,0.00084662874,8.0862867e-07
PIARA,PIARA,2.2656616e-07,0.26808903,0.7317965,0.00011394152,3.3747378e-07
PIARA,PIARA,3.9859165e-07,0.44095266,0.55888927,0.00015493373,2.7833948e-06
PIARA,PIALE,9.314737e-08,0.7274823,0.27247095,4.6141235e-05,5.3023155e-07
PIARA,PIALE,1.6336502e-08,0.66962206,0.3303686,9.337079e-06,3.2866094e-08
PIARA,PIALE,5.6537495e-09,0.8891478,0.110851265,9.031987e-07,3.8114777e-08
PIARA,PIALE,9.611004e-09,0.7563244,0.24364151,3.386681e-05,1.527522e-07
PIARA,PIARA,0.000751256,0.037589338,0.7854988,0.17297642,0.0031841854
PIARA,PIARA,0.0012520934,0.025057467,0.8331161,0.12461402,0.01596024
PIARA,PIARA,0.004015654,0.014663175,0.6696373,0.1268777,0.18480611
PIARA,PIARA,0.00048400188,0.025537204,0.66736716,0.2876793,0.018932283
PIARA,PIARA,0.0007086563,0.028183883,0.61195797,0.3379701,0.02117939
PIARA,PIARA,0.0011080924,0.04317627,0.5091461,0.44585997,0.00070957514
PIARA,PIARA,0.014895475,0.032300197,0.87904716,0.071464986,0.0022921562
PIARA,PIARA,0.0025774091,0.03545891,0.69959295,0.2586362,0.003734448
PIARA,PIARA,0.0038599002,0.027233446,0.915842,0.052003164,0.0010614945
PIARA,PIARA,0.007019329,0.019057782,0.9385334,0.02779808,0.007591398
PIARA,PIARA,0.003308694,0.027224768,0.92366153,0.0442507,0.0015542813
PIARA,PIARA,0.0021176536,0.032692116,0.9005811,0.056628242,0.007980902
PIARA,PIARA,0.00582968,0.023900133,0.88557565,0.06743708,0.017257562
PIARA,PIAVE,0.0015649439,0.013122602,0.347977,0.2568398,0.3804956
PIARA,PIARA,0.0072941044,0.025279142,0.8478514,0.09449148,0.025083913
PIARA,PIARA,0.0036830856,0.035240162,0.9309054,0.029860007,0.00031128133
PIARA,PIARA,0.005834275,0.023386963,0.94282055,0.026257684,0.0017004813
PIARA,PIARA,0.0056849592,0.026224187,0.94325316,0.02406683,0.00077084266
PIARA,PIARA,0.0043845414,0.024115251,0.9167939,0.04209776,0.012608662
PIARA,PIARA,0.038228255,0.017266614,0.8674724,0.06365782,0.013374949
PIARA,PIARA,0.00010996715,0.08491945,0.83902776,0.052854504,0.023088247
PIARA,PIARA,0.00052184355,0.056513168,0.8981158,0.029460764,0.0153884925
PIARA,PIARA,0.0005714431,0.10291141,0.78219324,0.083795406,0.030528467
PIARA,PIAVE,0.0012609399,0.0042405934,0.12166491,0.10868102,0.7641525
PIARA,PIARA,8.6690285e-05,0.1714557,0.8161402,0.010695571,0.0016218313
PIARA,PIARA,5.728645e-05,0.056323055,0.9265703,0.015528752,0.0015204797
PIARA,PIARA,4.681305e-05,0.062366683,0.80273324,0.093101144,0.04175207
PIARA,PIARA,1.10668625e-05,0.10215375,0.873385,0.022945458,0.0015047466
PIARA,PIARA,6.802387e-05,0.06534316,0.87812114,0.04749376,0.008973905
PIARA,PIARA,5.2364703e-05,0.06823085,0.84991443,0.07275193,0.009050261
PIARA,PIARA,1.3364781e-05,0.05793287,0.9392289,0.002815979,8.838208e-06
PIARA,PIARA,2.0737118e-06,0.10106066,0.898251,0.00068592216,2.7022438e-07
PIARA,PIARA,1.1711111e-06,0.098167,0.9005077,0.0013220316,2.146088e-06
PIARA,PIARA,1.7737005e-06,0.06925929,0.9273029,0.0034109594,2.5140236e-05
PIARA,PIARA,5.075997e-06,0.08816999,0.9075733,0.004248016,3.62751e-06
PIARA,PIARA,4.4664273e-05,0.059653245,0.9111495,0.029137254,1.5359994e-05
PIARA,PIARA,9.41822e-05,0.060381267,0.890068,0.04665106,0.0028055173
PIARA,PIARA,0.00017669177,0.05347142,0.90845734,0.0324556,0.005438889
PIARA,PIARA,0.00021213427,0.05602648,0.8713533,0.054970365,0.017437741
PIARA,PIARA,0.0003483887,0.039486557,0.6016349,0.21415392,0.14437625
PIARA,PIARA,0.0009788738,0.046278592,0.9403931,0.012255507,9.399518e-05
PIARA,PIARA,0.006885588,0.044473346,0.9064545,0.03963813,0.0025485288
PIARA,PIARA,0.0008073317,0.04512874,0.92988604,0.02380314,0.0003747304
PIARA,PIARA,0.0003501999,0.05545788,0.9354696,0.008608639,0.00011367581
PIARA,PIARA,8.5092644e-05,0.0788226,0.8809706,0.039870504,0.00025121466
PIARA,PIARA,8.7973e-05,0.05878728,0.92873544,0.012249741,0.0001396029
PIARA,PIARA,0.00013802112,0.07729542,0.8735313,0.048915945,0.00011937661
PIARA,PIARA,1.915068e-05,0.08890013,0.9064022,0.004675705,2.851556e-06
PIARA,PIARA,4.7611935e-05,0.05834439,0.921366,0.020186286,5.564881e-05
PIARA,PIARA,4.383874e-05,0.12927912,0.8591644,0.011503174,9.487013e-06
PIARA,PIALE,2.62016e-06,0.961729,0.013719661,0.0068067135,0.017741976
PIARA,PIALE,3.2426577e-08,0.99928325,0.00062023744,5.118281e-05,4.5228884e-05
PIARA,PIALE,9.100073e-07,0.99239564,0.0032172785,0.0018904199,0.002495759
PIARA,PIALE,2.6340567e-06,0.9806877,0.0069226334,0.0053297323,0.007057372
PIARA,PIALE,7.5000257e-06,0.94589806,0.01852363,0.011365984,0.024204778
PIARA,PIALE,3.8739056e-08,0.9994948,0.00037096403,7.719475e-05,5.711734e-05
PIARA,PIALE,1.6596884e-07,0.993026,0.0025728603,0.0027852368,0.0016158741
PIARA,PIALE,2.5370323e-07,0.99427795,0.0010110722,0.002822803,0.0018879113
PIARA,PIALE,1.4819793e-06,0.9787714,0.0065538855,0.004874561,0.009798687
PIARA,PIALE,2.5755278e-06,0.39803976,0.04474704,0.23956783,0.31764287
PIARA,PIALE,2.097032e-07,0.55258983,0.037090015,0.16493832,0.24538171
PIARA,PIAVE,5.2649757e-06,0.31031716,0.11235292,0.25109857,0.32622606
PIARA,PIALE,3.9556676e-06,0.7022926,0.12401541,0.07115421,0.10253383
PIARA,PIALE,6.2015124e-07,0.88525516,0.03260104,0.051188238,0.030954897
PIARA,PIALE,6.259824e-08,0.97709596,0.003772744,0.014676943,0.0044543017
PIARA,PIALE,3.4953978e-06,0.47528505,0.10506252,0.12575762,0.2938913
PIARA,PIALE,2.7054373e-06,0.5700229,0.09715886,0.14736561,0.18544988
PIARA,PIALE,3.2134328e-06,0.8794402,0.04672242,0.041876312,0.03195792
PIARA,PIALE,3.1385056e-07,0.9752053,0.0048428373,0.010947845,0.00900361
PIARA,PIALE,3.470939e-07,0.9608913,0.017223923,0.013564198,0.008320207
PIARA,PIALE,0.00016444043,0.55427057,0.1335414,0.24298729,0.06903629
PIARA,PIATE,0.0009686763,0.2142265,0.18609187,0.35309887,0.2456141
PIARA,PIATE,0.0005002436,0.34129167,0.19109173,0.36634365,0.10077278
PIARA,PIALE,0.00062026,0.38072032,0.2878557,0.2096099,0.121193774
PIARA,PIALE,3.0232935e-05,0.8449389,0.10075498,0.02997909,0.024296876
PIARA,PIALE,3.3523356e-05,0.83958274,0.07328962,0.05008957,0.0370045
PIARA,PIATE,0.0021273221,0.022245657,0.07707257,0.77980995,0.11874453
PIARA,PIATE,0.0016667019,0.074512176,0.12934478,0.49913663,0.2953397
PIARA,PIATE,0.016476925,0.017910747,0.20027007,0.39748845,0.3678538
PIARA,PIALE,0.0001420779,0.74072665,0.09711415,0.063286506,0.09873064
PIARA,PIALE,0.00031532627,0.6004607,0.09897655,0.026287068,0.2739603
PIARA,PIALE,1.6929405e-06,0.95072573,0.024002325,0.0055329115,0.019737378
PIARA,PIALE,7.636134e-06,0.9079129,0.024646284,0.019947762,0.04748536
PIARA,PIALE,1.4269177e-06,0.90476066,0.02829095,0.02661009,0.040336907
PIARA,PIALE,1.2724765e-06,0.9796761,0.007240286,0.0054045375,0.007677812
PIARA,PIATE,9.418663e-07,0.074236475,0.030023653,0.6578267,0.23791221
PIARA,PIALE,9.701922e-07,0.9076149,0.029376043,0.03752131,0.025486764
PIARA,PIALE,1.1449525e-06,0.6103719,0.05267906,0.14364958,0.19329832
PIARA,PIATE,9.379669e-07,0.016083715,0.0182594,0.6074057,0.35825026
PIARA,PIALE,6.191878e-08,0.99782264,0.0008665625,0.0006905847,0.0006200453
PIARA,PIALE,1.27874e-06,0.917335,0.021628603,0.022238484,0.038796626
PIARA,PIALE,9.328644e-05,0.7243019,0.1407827,0.03217756,0.10264464
PIARA,PIALE,2.1610134e-05,0.7013212,0.061632127,0.054295834,0.18272921
PIARA,PIALE,1.3474485e-07,0.9704324,0.0070510022,0.004445705,0.018070726
PIARA,PIALE,3.5380956e-06,0.40381768,0.058556866,0.14273146,0.39489046
PIARA,PIALE,2.5465906e-06,0.6884441,0.039211318,0.09573567,0.17660634
PIARA,PIALE,5.33166e-05,0.5662413,0.06892628,0.062456306,0.30232275
PIARA,PIAVE,6.6669905e-05,0.29774198,0.06701061,0.08289564,0.55228513
PIARA,PIALE,9.704192e-05,0.690931,0.055290394,0.05230199,0.20137952
PIARA,PIALE,0.00014637042,0.52654725,0.03911763,0.14000091,0.29418778
PIARA,PIARA,1.507396e-07,0.4521891,0.54643315,0.0013753234,2.2896184e-06
PIARA,PIARA,1.2320838e-06,0.08581923,0.8959612,0.018198,2.0401882e-05
PIARA,PIARA,9.75795e-07,0.08494794,0.91032475,0.004718223,8.176654e-06
PIARA,PIARA,1.5403542e-05,0.086687416,0.9056611,0.007572769,6.33667e-05
PIARA,PIATE,5.4435844e-07,0.004432567,0.080481976,0.91422963,0.00085535954
PIARA,PIARA,7.069628e-05,0.119132064,0.8740022,0.0066512995,0.00014368199
PIARA,PIARA,2.747881e-06,0.089846864,0.90609556,0.0040461253,8.731865e-06
PIARA,PIARA,2.0206494e-06,0.058296967,0.9365197,0.005170665,1.0606565e-05
PIARA,PIARA,3.872431e-07,0.4345695,0.5638144,0.0016086833,6.9734374e-06
PIARA,PIARA,3.0678103e-07,0.34606603,0.6351428,0.018751862,3.8968457e-05
PIARA,PIALE,1.3400395e-07,0.53185123,0.46670815,0.0014379914,2.4572057e-06
PIARA,PIARA,8.311462e-07,0.19399998,0.8051039,0.0008935341,1.7459105e-06
PIARA,PIARA,2.1235665e-07,0.3390272,0.66001296,0.0009586565,9.586029e-07
PIARA,PIALE,1.0499084e-07,0.590459,0.4084498,0.0010894008,1.7142864e-06
PIARA,PIALE,2.6082837e-08,0.7773762,0.22245792,0.00016546092,4.300565e-07
PIARA,PIALE,9.717639e-08,0.6207945,0.37896106,0.0002437399,6.0567095e-07
PIARA,PIARA,1.0789535e-06,0.45276007,0.547036,0.00019787214,5.0010167e-06
PIARA,PIARA,3.1430825e-06,0.14645977,0.85108054,0.0024242979,3.2236097e-05
PIARA,PIARA,3.41963e-06,0.26296055,0.736187,0.0008414838,7.5424578e-06
PIARA,PIARA,8.265956e-07,0.23834145,0.7600395,0.001613155,4.9914124e-06
PIARA,PIARA,0.0012484988,0.041547153,0.9418975,0.015272402,3.443716e-05
PIARA,PIARA,0.0002839392,0.07828887,0.91962415,0.001796713,6.407627e-06
PIARA,PIARA,0.0012160072,0.09069873,0.8996266,0.008435278,2.3376218e-05
PIARA,PIARA,0.010537592,0.007604843,0.82189465,0.15993388,2.9081435e-05
PIARA,PIARA,0.009670242,0.011706954,0.69823265,0.28034884,4.1358257e-05
PIARA,PIARA,0.014934669,0.01117168,0.73044515,0.24342878,1.9703244e-05
PIARA,PIARA,0.0017625256,0.016320786,0.9295948,0.05218513,0.00013671548
PIARA,PIARA,0.000658882,0.14507638,0.8473468,0.006824257,9.36533e-05
PIARA,PIARA,0.0014977211,0.028754896,0.94808966,0.021639396,1.8444205e-05
PIARA,PIARA,0.00065850274,0.023134539,0.9473795,0.028755995,7.1476636e-05
PIARA,PIARA,2.8002223e-06,0.16256839,0.8347099,0.0026996925,1.9337811e-05
PIARA,PIARA,1.0077933e-06,0.2285925,0.76946574,0.0019301733,1.06723965e-05
PIARA,PIARA,1.1018437e-06,0.26780015,0.7300963,0.0020882618,1.4071772e-05
PIARA,PIARA,2.4180463e-06,0.35601908,0.6434895,0.00048266357,6.3714688e-06
PIARA,PIARA,5.0317653e-06,0.2785554,0.72025496,0.0011594736,2.5188023e-05
PIARA,PIARA,4.8998525e-05,0.38200277,0.61742264,0.00051853765,7.096273e-06
PIARA,PIARA,0.00011278295,0.17247859,0.8142657,0.013048202,9.471535e-05
PIARA,PIARA,8.84534e-06,0.4246225,0.5748151,0.0005460118,7.5488397e-06
PIARA,PIARA,1.5116627e-06,0.21732304,0.780018,0.0026370033,2.0525771e-05
PIARA,PIARA,5.6066904e-07,0.19315924,0.8011548,0.0056692283,1.6201766e-05
PIARA,PIALE,1.9549542e-09,0.93360716,0.06633734,5.5424804e-05,3.63384e-08
PIARA,PIALE,1.5288975e-08,0.69910926,0.29888928,0.0019999177,1.4710968e-06
PIARA,PIARA,1.0261041e-07,0.24720779,0.7491516,0.0036358752,4.573651e-06
PIARA,PIALE,4.3233843e-08,0.74231523,0.2569246,0.00075945316,8.1884e-07
PIARA,PIARA,6.58876e-07,0.045052275,0.9527031,0.00223976,4.1878934e-06
PIARA,PIARA,2.5265575e-07,0.37507588,0.6241465,0.00077621924,1.223359e-06
PIARA,PIARA,2.8646857e-06,0.00622488,0.81110626,0.18239921,0.0002667445
PIARA,PIALE,2.4760029e-08,0.7100556,0.282583,0.007355396,6.0446823e-06
PIARA,PIARA,3.409659e-07,0.10775682,0.89139605,0.0008446565,2.1755104e-06
PIARA,PIARA,2.1637317e-07,0.25014994,0.7475958,0.0022508216,3.2051694e-06
PIARA,PIARA,5.007701e-06,0.17767087,0.8091368,0.013026287,0.00016097775
PIARA,PIARA,2.6901187e-05,0.11475821,0.8728056,0.0121463,0.0002630795
PIARA,PIARA,2.092585e-05,0.13149384,0.85326487,0.01481913,0.00040124025
PIARA,PIARA,2.7972657e-05,0.100433566,0.8554387,0.042728227,0.001371511
PIARA,PIARA,8.045525e-06,0.13944888,0.83325535,0.02691097,0.0003767447
PIARA,PIARA,3.76359e-06,0.18341662,0.81090033,0.0055170194,0.00016223086
PIARA,PIARA,2.0698546e-05,0.16922556,0.8195075,0.010842638,0.0004036295
PIARA,PIARA,1.5248453e-05,0.1696845,0.81737155,0.012562287,0.00036637654
PIARA,PIARA,1.9230978e-05,0.2447474,0.7515453,0.0035513896,0.00013659356
PIARA,PIARA,5.199858e-05,0.06103705,0.83950084,0.09785426,0.0015558006
PIARA,PIARA,5.8845246e-05,0.13473164,0.8401065,0.024307342,0.000795638
PIARA,PIARA,0.00014734184,0.15729491,0.830885,0.010945003,0.00072769105
PIARA,PIARA,0.0001502114,0.24226975,0.7524433,0.0049174633,0.00021928742
PIARA,PIARA,4.9849587e-05,0.22688831,0.7657018,0.0071706707,0.00018941578
PIARA,PIARA,0.00012010811,0.19724992,0.788834,0.013490357,0.00030560544
PIARA,PIARA,3.787398e-05,0.19412665,0.8006469,0.0047524353,0.00043606595
PIARA,PIARA,0.00054095645,0.104916096,0.81542176,0.0779771,0.0011441393
PIARA,PIARA,4.3212312e-05,0.11647536,0.8673579,0.013891298,0.0022321963
PIARA,PIARA,0.00010947114,0.27226296,0.7243527,0.003131332,0.00014350007
PIARA,PIARA,0.00025135098,0.16662897,0.8209105,0.011607923,0.0006012921
PIARA,PIARA,2.1845559e-05,0.39328817,0.6052636,0.0014029742,2.3439592e-05
PIARA,PIARA,6.1936524e-05,0.40159294,0.59685016,0.0014641625,3.0809057e-05
PIARA,PIARA,1.17381915e-05,0.3270126,0.6709447,0.0019659854,6.503148e-05
PIARA,PIARA,3.9828756e-05,0.2709169,0.72369635,0.0052827946,6.407033e-05
PIARA,PIARA,9.904448e-05,0.3410183,0.65780455,0.0010406188,3.7519698e-05
PIARA,PIARA,0.00014302492,0.30658603,0.69214535,0.0010716395,5.3974083e-05
PIARA,PIARA,0.00032284186,0.34324566,0.65420336,0.0021585189,6.9611684e-05
PIARA,PIARA,0.00016006657,0.38278458,0.61490625,0.0021134117,3.5686466e-05
PIARA,PIARA,0.0017400559,0.34870288,0.64600694,0.0034964504,5.367693e-05
PIARA,PIARA,0.0007402251,0.3236872,0.67220235,0.0033073062,6.291757e-05
PIARA,PIALE,4.1100265e-09,0.7786887,0.22099592,0.00031497757,4.0306242e-07
PIARA,PIALE,1.8957838e-09,0.90205586,0.09789772,4.6383655e-05,1.04785535e-07
PIARA,PIALE,1.0626628e-08,0.7794966,0.22022091,0.00028193553,5.1828e-07
PIARA,PIALE,9.0667186e-08,0.6018036,0.39679495,0.0013963252,5.0115655e-06
PIARA,PIARA,1.09102956e-07,0.37521878,0.6220489,0.002720582,1.1641829e-05
PIARA,PIARA,3.3384865e-07,0.39889103,0.59910166,0.0019887201,1.8179655e-05
PIARA,PIARA,5.5017726e-06,0.24863182,0.7467994,0.0044581736,0.00010506699
PIARA,PIARA,1.9247734e-06,0.27718303,0.72065943,0.002098599,5.6948207e-05
PIARA,PIALE,5.2749773e-08,0.7478771,0.25200072,0.00012142439,6.587207e-07
PIARA,PIARA,1.4954065e-07,0.27517977,0.7174394,0.0073645758,1.6111353e-05
PIARA,PIARA,5.0477178e-05,0.034748137,0.6680632,0.29594788,0.0011903109
PIARA,PIARA,3.9691462e-05,0.11110052,0.8713377,0.017112898,0.00040915998
PIARA,PIARA,8.68324e-05,0.117321834,0.81061774,0.07164311,0.00033039736
PIARA,PIARA,3.3174565e-06,0.049009033,0.7556692,0.1942693,0.0010491717
PIARA,PIARA,6.1342547e-07,0.27874815,0.71723896,0.003956258,5.604426e-05
PIARA,PIARA,6.6437504e-05,0.11620957,0.87094337,0.012547452,0.00023317791
PIARA,PIARA,2.1387202e-06,0.08070286,0.88461417,0.033274174,0.0014066272
PIARA,PIARA,5.4601765e-07,0.15010135,0.8320403,0.01768632,0.00017146385
PIARA,PIARA,2.6166401e-06,0.122025155,0.87170833,0.0060630483,0.0002008208
PIARA,PIARA,8.307077e-06,0.17777692,0.8162708,0.005697782,0.00024607364
PIARA,PIARA,0.0007371344,0.008326888,0.5756574,0.4151514,0.00012713418
PIARA,PIATE,0.0024072602,0.02256849,0.48538205,0.4896335,8.803459e-06
PIARA,PIATE,0.0017730992,0.011421607,0.38725242,0.5995384,1.4451327e-05
PIARA,PIARA,0.0012688847,0.011784087,0.5760392,0.41088355,2.423205e-05
PIARA,PIATE,0.00075220386,0.035243228,0.3313086,0.6326905,5.457184e-06
PIARA,PIATE,0.000544601,0.014574268,0.28429142,0.70058054,9.211438e-06
PIARA,PIATE,0.00019268914,0.014061421,0.458428,0.5273011,1.6865739e-05
PIARA,PIATE,0.00015239183,0.009132409,0.43374944,0.5569477,1.7961225e-05
PIARA,PIARA,0.00081380917,0.02091803,0.5059294,0.4723279,1.0831357e-05
PIARA,PIATE,0.0055607185,0.02972274,0.4141565,0.5505474,1.2590927e-05
PIARA,PIARA,5.2709056e-05,0.023131408,0.9391201,0.037675884,1.9973368e-05
PIARA,PIARA,0.00031610855,0.02074895,0.91171426,0.067208216,1.2544495e-05
PIARA,PIARA,0.00017202174,0.0135758165,0.9737776,0.012469155,5.299971e-06
PIARA,PIARA,1.0533345e-05,0.01570091,0.97759503,0.00668805,5.4297125e-06
PIARA,PIARA,0.0003456101,0.019049201,0.9475518,0.033043172,1.0142731e-05
PIARA,PIARA,0.0061456608,0.013296174,0.5858014,0.39470258,5.4109092e-05
PIARA,PIARA,2.4507284e-05,0.019191317,0.9747717,0.00600755,5.0042627e-06
PIARA,PIARA,0.0016676398,0.022020916,0.8721899,0.10410114,2.046197e-05
PIARA,PIARA,0.0001576473,0.02303007,0.90964115,0.06715107,1.9974881e-05
PIARA,PIATE,0.0003562416,0.0053381305,0.46962586,0.5244992,0.0001805756
PIARA,PIATE,0.0026551613,0.010918656,0.25981086,0.7265833,3.1930856e-05
PIARA,PIARA,0.00080161926,0.0134331,0.8707427,0.11500383,1.8791103e-05
PIARA,PIARA,0.00060346455,0.027150486,0.7319206,0.2403053,2.0083387e-05
PIARA,PIARA,0.0011057479,0.06853405,0.9190021,0.011205623,0.00015255073
PIARA,PIARA,4.2560685e-05,0.031302664,0.93102604,0.037508808,0.00011982253
PIARA,PIARA,3.9007184e-05,0.014104521,0.94580644,0.040029444,2.0512904e-05
PIARA,PIARA,0.00032304018,0.028236175,0.96020067,0.011234,6.015223e-06
PIARA,PIARA,4.040123e-05,0.066152595,0.928514,0.0052753957,1.7638213e-05
PIARA,PIARA,3.5105935e-05,0.035610672,0.949765,0.014569753,1.948374e-05
PIARA,PIARA,0.00017124652,0.021254756,0.7694088,0.20913662,2.8530936e-05
PIARA,PIARA,4.5523368e-08,0.0058712647,0.99063396,0.003492809,1.9366687e-06
PIARA,PIARA,7.3133265e-07,0.0038465862,0.9568781,0.03925494,1.9639096e-05
PIARA,PIARA,3.0548665e-07,0.026070613,0.97211975,0.0018080345,1.2631941e-06
PIARA,PIARA,3.4178336e-07,0.0038964811,0.9679519,0.02811494,3.63999e-05
PIARA,PIARA,3.1962267e-07,0.009136239,0.95428,0.03656488,1.8528057e-05
PIARA,PIARA,5.573918e-07,0.012325301,0.9676486,0.020017253,8.2408715e-06
PIARA,PIARA,2.607607e-07,0.068708904,0.9282901,0.0029996322,9.602895e-07
PIARA,PIARA,5.037696e-08,0.075136736,0.92417693,0.00068589445,2.8582056e-07
PIARA,PIARA,2.6201448e-07,0.003949811,0.9611324,0.034899224,1.8190682e-05
PIARA,PIARA,6.9816956e-08,0.07164768,0.92545354,0.0028954418,3.256602e-06
PIARA,PIARA,0.0007649434,0.012071952,0.90798193,0.07910912,7.194588e-05
PIARA,PIARA,5.226466e-06,0.10177518,0.89491165,0.0032836634,2.4364464e-05
PIARA,PIARA,2.681187e-06,0.14421636,0.85305077,0.0027173157,1.2878782e-05
PIARA,PIARA,6.5554755e-06,0.051304534,0.9353521,0.013282893,5.3991716e-05
PIARA,PIARA,0.00032443425,0.06866976,0.91329515,0.017606247,0.000104444305
PIARA,PIARA,0.0067310035,0.08554043,0.82021093,0.08733319,0.000184444
PIARA,PIARA,0.0011933934,0.10331063,0.87192047,0.023404006,0.00017146133
PIARA,PIARA,0.00014284928,0.07103652,0.90826356,0.02048368,7.334426e-05
PIARA,PIARA,4.147241e-06,0.061040062,0.93193007,0.0069665187,5.9166272e-05
PIARA,PIARA,1.7824832e-05,0.05625928,0.92689854,0.01680541,1.8981276e-05
PIARA,PIALE,1.2392912e-06,0.71092445,0.2885667,0.0005063703,1.2128537e-06
PIARA,PIALE,9.2179626e-08,0.97292197,0.026912134,0.0001654849,1.7834432e-07
PIARA,PIALE,2.5425265e-06,0.56188166,0.43718088,0.0009326027,2.3212024e-06
PIARA,PIALE,1.7668398e-07,0.8401155,0.1585856,0.0012972616,1.4372125e-06
PIARA,PIALE,6.1754886e-09,0.9872133,0.012724801,6.186996e-05,3.5963044e-08
PIARA,PIALE,8.896993e-08,0.9558777,0.04381706,0.00030504505,1.4702736e-07
PIARA,PIALE,6.9786372e-09,0.9943347,0.005499706,0.00016552728,1.7440324e-07
PIARA,PIALE,3.7996205e-08,0.962415,0.03731145,0.00027312417,4.81014e-07
PIARA,PIALE,5.190717e-07,0.8200735,0.17367406,0.0062443167,7.657214e-06
PIARA,PIALE,1.999814e-08,0.96128,0.038161885,0.000557838,2.7215307e-07
PIARA,PIARA,7.71924e-08,0.111757815,0.8881147,0.00012717201,2.8955063e-07
PIARA,PIALE,7.608854e-11,0.99581474,0.0040696263,0.00011561516,3.4527332e-08
PIARA,PIARA,6.8678716e-08,0.2694925,0.72719526,0.0033095346,2.6965215e-06
PIARA,PIALE,1.1401806e-11,0.99703,0.0029255582,4.4479973e-05,1.1389479e-08
PIARA,PIALE,1.570739e-08,0.5370053,0.46179718,0.0011969182,5.7864276e-07
PIARA,PIALE,9.772915e-10,0.91430646,0.08414311,0.00154998,4.2908408e-07
PIARA,PIARA,6.3450805e-08,0.19976419,0.79996026,0.00027510253,3.472978e-07
PIARA,PIALE,2.2192035e-07,0.7307875,0.2688822,0.00032961732,3.9339605e-07
PIARA,PIARA,1.2224093e-07,0.23675445,0.7625778,0.0006668883,8.595324e-07
PIARA,PIALE,4.776429e-08,0.5383399,0.4611615,0.000497788,6.894638e-07
PIARA,PIALE,6.5727235e-08,0.91567916,0.084129624,0.00019068744,3.9489785e-07
PIARA,PIALE,4.541538e-08,0.9502603,0.04957326,0.00016597741,5.083509e-07
PIARA,PIALE,1.247295e-07,0.9107328,0.08911182,0.0001545739,6.7897054e-07
PIARA,PIALE,1.863226e-08,0.97389084,0.026051648,5.7315618e-05,1.6169757e-07
PIARA,PIALE,9.202876e-07,0.6512016,0.34822074,0.0005731724,3.573396e-06
PIARA,PIALE,5.2531135e-08,0.94357574,0.056172386,0.00025153306,3.279694e-07
PIARA,PIALE,1.263596e-07,0.87068486,0.12900689,0.0003068074,1.3635845e-06
PIARA,PIALE,2.6336838e-07,0.87058455,0.12930703,0.00010772841,4.641e-07
PIARA,PIALE,4.7213316e-06,0.77972573,0.22021694,5.1128536e-05,1.4526626e-06
PIARA,PIALE,1.2191892e-07,0.78208226,0.217711,0.00020574605,8.408724e-07
PIARA,PIALE,7.461217e-10,0.9798955,0.020100024,4.4516873e-06,6.785905e-09
PIARA,PIALE,4.291477e-09,0.94420487,0.055792358,2.7117824e-06,6.619896e-09
PIARA,PIALE,2.870431e-07,0.6652177,0.33474904,3.2949192e-05,3.9694104e-08
PIARA,PIALE,4.215429e-07,0.70777106,0.29221505,1.3413716e-05,4.36976e-08
PIARA,PIARA,7.6059774e-07,0.32063356,0.67917436,0.00019097423,3.5855425e-07
PIARA,PIALE,3.492243e-07,0.8131279,0.18686555,6.1705628e-06,2.6172994e-08
PIARA,PIALE,3.6932587e-07,0.8476084,0.15234444,4.6627414e-05,2.4693472e-07
PIARA,PIALE,1.2749432e-07,0.8894774,0.110517405,5.1302727e-06,1.747431e-08
PIARA,PIALE,3.3765716e-08,0.86319524,0.13679548,9.291867e-06,1.4651493e-08
PIARA,PIALE,8.578234e-09,0.93055326,0.06943727,9.586313e-06,2.4745221e-08
PIARA,PIALE,8.069539e-09,0.9229919,0.07299872,0.0040086703,6.297895e-07
PIARA,PIALE,3.5087716e-08,0.89255047,0.10727836,0.00017109393,8.082895e-08
PIARA,PIALE,7.278893e-09,0.9830797,0.016896343,2.4079387e-05,1.0177391e-08
PIARA,PIALE,1.1963777e-09,0.9913107,0.008655973,3.327855e-05,7.865505e-09
PIARA,PIALE,1.647997e-09,0.9932556,0.0067388634,5.450957e-06,1.7569258e-09
PIARA,PIALE,2.0128937e-08,0.9854527,0.014536627,1.06380985e-05,8.2218055e-09
PIARA,PIALE,8.2964857e-10,0.9976319,0.0023670096,1.1185152e-06,4.499902e-10
PIARA,PIALE,5.8590506e-09,0.9787542,0.02124056,5.275963e-06,2.993344e-09
PIARA,PIALE,2.2786415e-09,0.9929472,0.0070387945,1.3935422e-05,4.3817376e-09
PIARA,PIALE,1.9152356e-08,0.7269542,0.27266085,0.00038468817,2.806699e-07
PIARA,PIALE,2.580827e-10,0.96901,0.009617337,0.021369627,3.1465372e-06
PIARA,PIALE,8.253073e-11,0.98817563,0.004412778,0.007410677,8.8443994e-07
PIARA,PIALE,1.4013134e-11,0.9973959,0.0011109589,0.0014930334,7.373187e-08
PIARA,PIALE,4.2186216e-11,0.98710245,0.0026203247,0.010276289,9.608616e-07
PIARA,PIALE,2.4433067e-10,0.9828839,0.006490573,0.010624644,8.836927e-07
PIARA,PIALE,7.2265105e-10,0.6190311,0.016390031,0.36454386,3.506091e-05
PIARA,PIALE,4.4242748e-10,0.8928838,0.007377336,0.09972856,1.02741615e-05
PIARA,PIALE,3.1307093e-10,0.95544755,0.0037493517,0.040799715,3.4197717e-06
PIARA,PIALE,4.310104e-10,0.92612594,0.0070702294,0.06679783,6.082744e-06
PIARA,PIALE,4.076477e-10,0.94621325,0.0041293437,0.049652595,4.8489023e-06
PIARA,PIALE,1.4715091e-07,0.70367414,0.14859974,0.1476437,8.232167e-05
PIARA,PIALE,1.2178037e-07,0.7552274,0.1368129,0.10792072,3.885505e-05
PIARA,PIALE,4.4420523e-07,0.50796986,0.36071262,0.13121583,0.000101293524
PIARA,PIALE,3.5660614e-07,0.4481606,0.2198097,0.33180937,0.00022001247
PIARA,PIARA,9.627576e-07,0.28934008,0.39923182,0.31098092,0.00044626702
PIARA,PIATE,2.65948e-07,0.29887715,0.20680998,0.4936268,0.00068573694
PIARA,PIATE,6.861516e-07,0.05021856,0.24010338,0.70831746,0.0013599538
PIARA,PIATE,2.7166152e-07,0.28031394,0.19612962,0.52275074,0.00080547284
PIARA,PIATE,8.6724214e-07,0.11789236,0.23426384,0.6463829,0.0014599911
PIARA,PIALE,9.193238e-08,0.79117584,0.09151008,0.117270105,4.3851167e-05
PIARA,PIALE,6.050472e-08,0.8695079,0.10455112,0.025925025,1.580459e-05
PIARA,PIALE,6.0720584e-09,0.9511674,0.03830906,0.010518492,5.10363e-06
PIARA,PIALE,1.8675458e-08,0.878816,0.08903419,0.032130152,1.9561217e-05
PIARA,PIALE,5.3979363e-08,0.7612091,0.123918295,0.114804186,6.8309724e-05
PIARA,PIALE,1.0167352e-07,0.580659,0.25397697,0.16526186,0.00010216589
PIARA,PIALE,5.1009646e-08,0.7182159,0.12447913,0.15719768,0.00010717992
PIARA,PIALE,8.436889e-09,0.918354,0.06011442,0.021520814,1.0770235e-05
PIARA,PIALE,7.5356944e-08,0.68932277,0.24033952,0.070284665,5.299625e-05
PIARA,PIALE,7.450156e-09,0.9660125,0.023386758,0.010596098,4.650632e-06
PIARA,PIALE,1.2269894e-08,0.91289335,0.07179876,0.015300892,7.0319616e-06
PIARA,PIALE,4.969814e-08,0.5172462,0.06514679,0.41745442,0.00015256245
PIARA,PIATE,1.3115208e-07,0.32626808,0.10718807,0.56630015,0.00024355568
PIARA,PIATE,5.99182e-08,0.44033653,0.08610052,0.4734452,0.00011772496
PIARA,PIALE,4.925114e-08,0.74729353,0.073324494,0.17932391,5.7993555e-05
PIARA,PIATE,1.5496349e-08,0.13874033,0.028108843,0.83292246,0.00022826504
PIARA,PIATE,2.8795847e-08,0.3561226,0.044635948,0.59914005,0.000101329344
PIARA,PIATE,4.0948674e-07,0.11573842,0.14019,0.74361575,0.00045539252
PIARA,PIATE,1.3540641e-07,0.13083746,0.055871937,0.81292534,0.00036510485
PIARA,PIATE,2.421207e-07,0.019059625,0.1493224,0.8311896,0.00042816382
PIARA,PIATE,1.08327505e-07,0.09334582,0.06790056,0.83836323,0.0003902962
PIARA,PIATE,2.8734243e-07,0.11341533,0.18148719,0.70451343,0.00058376277
PIARA,PIALE,7.219898e-09,0.7466566,0.059475623,0.19381276,5.502403e-05
PIARA,PIALE,2.3351856e-09,0.8951923,0.018035647,0.08675045,2.1650805e-05
PIARA,PIALE,1.5694274e-10,0.99208355,0.0046633817,0.0032523563,8.749204e-07
PIARA,PIALE,1.0641733e-09,0.8902487,0.011955386,0.09777642,1.945434e-05
PIARA,PIALE,3.1854336e-10,0.94496006,0.010526314,0.044506427,7.2127573e-06
PIARA,PIALE,2.9531266e-11,0.993418,0.0015398056,0.0050419783,3.697253e-07
PIARA,PIALE,1.666746e-10,0.98443526,0.003550448,0.012012706,1.6753776e-06
PIARA,PIALE,3.5055453e-10,0.9881522,0.008780634,0.003066548,7.383722e-07
PIARA,PIALE,1.3102933e-09,0.95147294,0.012033124,0.03648598,7.95754e-06
PIARA,PIALE,6.020846e-08,0.6112521,0.38543764,0.0032750622,3.5126566e-05
PIARA,PIARA,1.1865771e-07,0.4100457,0.5763534,0.013398737,0.00020207222
PIARA,PIARA,7.170571e-07,0.4372144,0.5587873,0.0038972786,0.000100308214
PIARA,PIARA,2.4250483e-07,0.42546183,0.5665752,0.007860433,0.00010233807
PIARA,PIARA,1.6318207e-06,0.25379437,0.70089096,0.043488353,0.001824659
PIARA,PIALE,1.3476567e-07,0.6394293,0.35892254,0.001619755,2.8391927e-05
PIARA,PIALE,3.6631334e-07,0.5779005,0.42059603,0.0014518464,5.1210427e-05
PIARA,PIARA,7.6321214e-07,0.3759648,0.6149397,0.008661496,0.00043325158
PIARA,PIALE,1.942827e-08,0.8327438,0.1655263,0.0017162511,1.35786695e-05
PIARA,PIALE,6.3878356e-09,0.78328586,0.2153416,0.0013656612,6.8425975e-06
PIARA,PIALE,7.729123e-12,0.9986462,0.0011507809,0.00020289858,6.1353965e-08
PIARA,PIALE,7.760399e-12,0.99888104,0.0007774201,0.00034138846,9.219132e-08
PIARA,PIALE,3.0997808e-12,0.99908245,0.0007742031,0.0001433384,5.2509364e-08
PIARA,PIALE,1.7566375e-09,0.91118276,0.08855011,0.0002661354,9.787643e-07
PIARA,PIALE,6.9845547e-09,0.83661026,0.16281341,0.0005730058,3.4144875e-06
PIARA,PIALE,4.384566e-09,0.8595904,0.13994607,0.00046100796,2.508666e-06
PIARA,PIALE,2.53868e-10,0.9935448,0.0062919813,0.00016291032,3.410795e-07
PIARA,PIALE,2.9613868e-12,0.9994785,0.0005017858,1.9815481e-05,3.1623333e-09
PIARA,PIALE,6.337777e-12,0.9991301,0.00070886087,0.00016093394,6.4884205e-08
PIARA,PIALE,1.0963171e-11,0.9989832,0.00073304115,0.00028364954,1.1831632e-07
PIARA,PIALE,3.4514388e-11,0.99918264,0.0008012644,1.6090271e-05,1.5746563e-08
PIARA,PIALE,2.406543e-11,0.99947387,0.00042976378,9.62187e-05,7.0581535e-08
PIARA,PIALE,6.006219e-11,0.9986659,0.0012974562,3.6683054e-05,2.2944734e-08
PIARA,PIALE,2.429379e-10,0.9961002,0.0037986594,0.00010110012,1.09525295e-07
PIARA,PIALE,1.1961461e-10,0.99356467,0.0062910123,0.00014411942,1.244789e-07
PIARA,PIALE,1.7884799e-10,0.99732935,0.002556535,0.00011400704,1.6139361e-07
PIARA,PIALE,1.2007423e-11,0.99972385,0.0002580485,1.8143232e-05,1.361925e-08
PIARA,PIALE,3.285738e-11,0.9992686,0.0007169564,1.4413205e-05,1.591839e-08
PIARA,PIALE,8.971343e-12,0.9992861,0.000705451,8.474762e-06,7.471468e-09
PIARA,PIALE,1.1046282e-11,0.9995389,0.00045082616,1.022007e-05,7.738317e-09
PIARA,PIALE,8.9351096e-11,0.99655664,0.0034343398,9.054512e-06,1.3046849e-08
PIARA,PIALE,5.631986e-11,0.99567753,0.0042958003,2.6695012e-05,3.0294146e-08
PIARA,PIALE,4.4907607e-09,0.964035,0.035814296,0.00014963053,1.1673078e-06
PIARA,PIARA,2.6712527e-07,0.37210122,0.62292796,0.0048567047,0.00011383793
PIARA,PIALE,6.432316e-07,0.58168197,0.41521606,0.0029719565,0.0001294893
PIARA,PIARA,5.3141923e-07,0.4274399,0.5675085,0.004895921,0.00015511955
PIARA,PIALE,1.2244917e-08,0.8800328,0.1193061,0.0006569561,4.193803e-06
PIARA,PIALE,3.0646163e-09,0.94843704,0.05143302,0.00012897856,8.735168e-07
PIARA,PIALE,1.7463067e-10,0.9884758,0.011493801,3.0295785e-05,6.0947045e-08
PIARA,PIALE,2.3707605e-10,0.99798346,0.001994298,2.2192206e-05,4.3031438e-08
PIARA,PIALE,1.4455794e-10,0.7757855,0.22087681,0.0033359022,1.8931207e-06
PIARA,PIALE,1.7264655e-10,0.67575663,0.3210314,0.0032098482,2.0628495e-06
PIARA,PIALE,2.6724672e-10,0.8819531,0.11802658,2.0299356e-05,3.6378285e-08
PIARA,PIALE,7.1754234e-09,0.7991508,0.20082775,2.1377256e-05,1.2560714e-07
PIARA,PIALE,2.75006e-08,0.7155554,0.2844192,2.503914e-05,2.1784257e-07
PIARA,PIARA,5.216677e-09,0.3770574,0.62130874,0.0016280337,5.7944567e-06
PIARA,PIARA,1.6838747e-08,0.49603945,0.50332797,0.00062955724,3.0732842e-06
PIARA,PIARA,4.3235726e-08,0.44197938,0.5577589,0.0002593539,2.2819834e-06
PIARA,PIALE,4.1631115e-08,0.5442265,0.45553145,0.00024066275,1.2242328e-06
PIARA,PIALE,7.8747514e-10,0.58391005,0.41439098,0.0016970248,1.8586959e-06
PIARA,PIALE,3.0203058e-09,0.9705659,0.011229159,0.018201642,3.289352e-06
PIARA,PIALE,2.7227494e-09,0.90883493,0.019581228,0.071572065,1.183491e-05
PIARA,PIALE,2.7494068e-10,0.9700337,0.0027700467,0.027192945,3.2516218e-06
PIARA,PIATE,2.4353948e-09,0.39582655,0.008353067,0.5957142,0.00010616836
PIARA,PIALE,6.5261574e-10,0.9713463,0.00396292,0.024685293,5.431313e-06
PIARA,PIALE,7.7517387e-10,0.91552764,0.0046933717,0.07976328,1.56628e-05
PIARA,PIALE,5.8338595e-10,0.9920066,0.0036641466,0.004326836,2.42024e-06
PIARA,PIALE,5.258834e-09,0.9612266,0.003400155,0.035315495,5.772055e-05
PIARA,PIALE,3.2583851e-09,0.9856839,0.0045397813,0.009768392,7.835399e-06
PIARA,PIALE,4.6856846e-10,0.9900567,0.0029184995,0.00702301,1.7537553e-06
PIARA,PIARA,2.9685103e-07,0.11615882,0.762836,0.11957903,0.0014259217
PIARA,PIARA,7.6140407e-07,0.08156434,0.63927025,0.2756118,0.0035529002
PIARA,PIARA,1.2344333e-07,0.1447684,0.6639343,0.18931657,0.0019806437
PIARA,PIARA,3.460254e-07,0.10927407,0.69481355,0.19385147,0.002060494
PIARA,PIARA,2.764047e-07,0.08074157,0.49485874,0.42013338,0.0042659915
PIARA,PIATE,6.4065084e-08,0.2700631,0.34677684,0.3810124,0.0021475567
PIARA,PIATE,1.3332298e-08,0.063569434,0.20782928,0.7262292,0.0023721189
PIARA,PIARA,4.028935e-07,0.042977374,0.6022961,0.35032806,0.0043980307
PIARA,PIARA,2.0951448e-07,0.029266445,0.4971717,0.46531945,0.00824226
PIARA,PIATE,8.7082896e-08,0.00109802,0.06140417,0.9225668,0.014931
PIARA,PIALE,2.0416103e-08,0.89050287,0.086199686,0.023220308,7.718368e-05
PIARA,PIALE,1.0582923e-07,0.58569425,0.37736022,0.03681616,0.0001291819
PIARA,PIARA,2.0117918e-07,0.29661754,0.38086593,0.32062998,0.0018862863
PIARA,PIARA,3.459427e-08,0.2625439,0.5591743,0.17795943,0.0003222967
PIARA,PIARA,3.4327184e-07,0.2740988,0.68435955,0.041379124,0.00016215302
PIARA,PIARA,4.7146688e-07,0.252006,0.7343685,0.013534064,9.0982125e-05
PIARA,PIARA,9.8969196e-08,0.15132466,0.5485063,0.29959825,0.0005707385
PIARA,PIALE,7.62006e-09,0.7925183,0.14460033,0.06282069,6.0706672e-05
PIARA,PIARA,7.1562155e-08,0.3292893,0.5460269,0.12453734,0.00014646562
PIARA,PIALE,6.095425e-08,0.54930764,0.15928552,0.2911277,0.00027911775
PIARA,PIALE,1.24439695e-11,0.98065084,0.01709929,0.0022496816,2.2004551e-07
PIARA,PIALE,1.5309365e-10,0.9866794,0.012728403,0.0005919861,2.5085268e-07
PIARA,PIALE,1.573908e-11,0.9926455,0.0072105797,0.00014391496,2.8432835e-08
PIARA,PIALE,2.6147222e-11,0.9909271,0.008950999,0.00012195657,1.633114e-08
PIARA,PIALE,8.80938e-09,0.7573477,0.24205364,0.00059771445,1.0038863e-06
PIARA,PIALE,7.908295e-08,0.69502646,0.30424473,0.0007252052,3.4918921e-06
PIARA,PIALE,5.2805305e-10,0.9558567,0.043981146,0.00016203863,9.726481e-08
PIARA,PIALE,2.8154828e-08,0.82676995,0.17282161,0.00040686424,1.5641451e-06
PIARA,PIALE,1.0248057e-10,0.9765861,0.023405507,8.439142e-06,2.6648461e-09
PIARA,PIALE,1.3887916e-07,0.6500177,0.3485378,0.0014324888,1.1874607e-05
PIARA,PIALE,3.8884496e-11,0.999328,0.00060891674,6.312625e-05,1.9020202e-08
PIARA,PIALE,1.1568651e-11,0.99856097,0.0014215457,1.7478345e-05,3.4178143e-09
PIARA,PIALE,1.3623076e-10,0.9801721,0.01978856,3.934001e-05,9.102706e-09
PIARA,PIALE,1.5377452e-10,0.96483576,0.03511404,5.0219205e-05,1.0884413e-08
PIARA,PIALE,8.9215184e-11,0.993518,0.006282635,0.0001994631,3.337334e-08
PIARA,PIALE,7.459246e-10,0.92429066,0.075602256,0.00010712453,5.498137e-08
PIARA,PIALE,4.667977e-09,0.8364314,0.16248436,0.0010829631,1.3276442e-06
PIARA,PIALE,5.649973e-11,0.97018874,0.02976251,4.8682137e-05,9.98541e-09
PIARA,PIALE,5.1952476e-10,0.94859254,0.051388696,1.8794037e-05,1.2638294e-08
PIARA,PIALE,2.6351568e-10,0.9868195,0.012811763,0.0003686643,1.06117746e-07
PIATE,PIATE,0.0018334251,0.00015900076,0.037794683,0.95226264,0.007950263
PIATE,PIATE,0.0025918682,0.00036218017,0.03396824,0.9551373,0.0079405
PIATE,PIATE,0.00038201764,0.00010557552,0.00913481,0.9815275,0.008850106
PIATE,PIATE,0.0067503415,6.724033e-05,0.013824506,0.97468966,0.0046682567
PIATE,PIAVE,0.10820736,0.04514572,0.09220211,0.30418926,0.45025557
PIATE,PIATE,0.005549064,7.3836e-05,0.01422442,0.96972984,0.010422908
PIATE,PIATE,0.0003451545,0.00045842584,0.017252158,0.9652586,0.016685689
PIATE,PIATE,0.0012425935,0.00017216227,0.02577573,0.9664699,0.006339554
PIATE,PIATE,0.0025805114,0.00015460243,0.017090373,0.97157896,0.008595509
PIATE,PIATE,0.0046867677,0.023223367,0.07780071,0.7944412,0.09984801
PIATE,PIATE,0.00015005133,5.2216878e-05,0.004759916,0.9946906,0.00034715427
PIATE,PIATE,0.00082695804,0.00046794993,0.03410779,0.96191514,0.0026821487
PIATE,PIATE,0.00022068321,7.3852614e-05,0.006246213,0.99311346,0.00034577152
PIATE,PIATE,0.00012260594,1.5041568e-05,0.0018461992,0.9978142,0.00020191683
PIATE,PIATE,0.00017497603,2.9819077e-05,0.0041010133,0.9945364,0.0011577813
PIATE,PIATE,0.00019579481,1.1158834e-05,0.0017624845,0.9968305,0.0012001347
PIATE,PIATE,3.6235266e-05,2.443493e-05,0.004437779,0.99469596,0.0008055569
PIATE,PIATE,3.2940578e-05,1.7646591e-05,0.0030124257,0.9965358,0.00040116385
PIATE,PIATE,0.0003828635,7.037043e-05,0.006897869,0.9919045,0.0007443925
PIATE,PIATE,0.00010624811,3.0188266e-05,0.0059245997,0.9916191,0.0023198412
PIATE,PIATE,0.00028372844,2.9818884e-06,0.0012480131,0.99425066,0.004214559
PIATE,PIATE,0.00026050681,2.0358825e-06,0.00096524,0.9960877,0.00268456
PIATE,PIATE,0.00058521656,4.0899253e-05,0.0033923788,0.9868832,0.00909829
PIATE,PIATE,0.0024347873,1.2413956e-05,0.00678703,0.9737023,0.017063472
PIATE,PIATE,0.0013237634,0.000408025,0.036537353,0.8460621,0.11566874
PIATE,PIATE,0.0005374828,0.00016684717,0.013739431,0.93398243,0.05157385
PIATE,PIATE,0.00091254746,3.320646e-05,0.0076475777,0.96921283,0.02219385
PIATE,PIATE,0.00089990266,0.00054172025,0.029772988,0.8900817,0.07870371
PIATE,PIATE,0.004898719,0.00061680836,0.048216417,0.85617036,0.090097696
PIATE,PIATE,0.0028383848,2.103852e-05,0.010378283,0.95941055,0.027351702
PIATE,PIATE,0.001140493,6.87322e-05,0.0076826364,0.97960013,0.011507968
PIATE,PIATE,0.011991302,0.0009729818,0.042816788,0.92756516,0.016653776
PIATE,PIATE,0.022523971,0.0020990744,0.071587995,0.8863266,0.017462403
PIATE,PIATE,0.0015436134,2.8897797e-05,0.008418209,0.9766383,0.013371028
PIATE,PIATE,0.037436996,0.0012469629,0.11486599,0.8357145,0.010735617
PIATE,PIATE,0.011761662,0.00042111395,0.039798982,0.941843,0.006175355
PIATE,PIATE,0.0062790504,0.0032613613,0.027491061,0.9434772,0.019491252
PIATE,PIATE,0.030073471,0.00024071085,0.01939546,0.9473363,0.002954031
PIATE,PIATE,0.23938097,0.1187934,0.23309429,0.27502057,0.13371076
PIATE,PIARA,0.005964002,0.03839208,0.79507446,0.0167999,0.14376958
PIATE,PIATE,0.0030059926,0.00036682564,0.057791784,0.807473,0.13136232
PIATE,PIATE,0.0018189008,0.00023510339,0.03278366,0.87344885,0.09171346
PIATE,PIATE,0.0052598147,0.00015457693,0.02007718,0.94217265,0.032335725
PIATE,PIATE,0.002773813,3.2515716e-05,0.011827573,0.9547537,0.030612355
PIATE,PIATE,0.0006253515,1.39785625e-05,0.004262782,0.978876,0.016221907
PIATE,PIATE,0.0015273078,7.391796e-05,0.011099681,0.9586207,0.028678318
PIATE,PIATE,0.0015705801,4.8679867e-05,0.010756959,0.950467,0.03715675
PIATE,PIATE,0.001978494,9.756587e-05,0.018492807,0.9283249,0.05110624
PIATE,PIATE,0.0026841129,6.552797e-05,0.01701204,0.9460827,0.0341556
PIATE,PIATE,0.0065261177,6.471071e-05,0.024726909,0.92294234,0.045739956
PIATE,PIATE,0.00015075627,0.049313277,0.0782172,0.8716048,0.0007139307
PIATE,PIATE,0.00056317425,0.07570512,0.13789222,0.78575516,8.4379564e-05
PIATE,PIARA,0.0010168396,0.15710945,0.4755875,0.36540306,0.00088320806
PIATE,PIARA,0.007485096,0.09696663,0.66782844,0.2260477,0.0016721868
PIATE,PIATE,0.0003905535,0.040763248,0.08678799,0.8716269,0.00043127494
PIATE,PIATE,0.0022036352,0.028773379,0.08053747,0.88716817,0.0013173447
PIATE,PIATE,6.9194975e-05,0.005899273,0.0066337367,0.9864347,0.0009630409
PIATE,PIATE,0.0016920539,0.028081656,0.10654097,0.8480554,0.015629835
PIATE,PIATE,0.010318031,0.030564692,0.18583627,0.75602275,0.017258186
PIATE,PIATE,0.001787123,0.060033865,0.23240992,0.6748515,0.03091756
PIATE,PIATE,0.0003132612,0.14950398,0.22598277,0.6240013,0.00019866608
PIATE,PIATE,0.00025824452,0.17007425,0.25088027,0.577938,0.00084921607
PIATE,PIATE,0.00023278379,0.22625086,0.36905086,0.40393224,0.00053324975
PIATE,PIARA,0.00015948851,0.1717913,0.58225566,0.24302033,0.002773252
PIATE,PIATE,0.000109747925,0.06363467,0.13627662,0.79957855,0.00040044903
PIATE,PIARA,0.0062183444,0.0675204,0.7381351,0.17936258,0.008763619
PIATE,PIATE,6.191719e-05,0.07107804,0.10764262,0.81906664,0.0021507046
PIATE,PIATE,0.0002064574,0.16997594,0.26420242,0.5653913,0.000223879
PIATE,PIARA,0.00016515602,0.23192014,0.39812967,0.36962825,0.00015684689
PIATE,PIATE,0.0039372477,0.07471083,0.24686994,0.6674848,0.006997176
PIATE,PIATE,0.0015742738,0.037648275,0.12688185,0.83206373,0.0018318439
PIATE,PIATE,0.012142571,0.07065349,0.31852484,0.5978871,0.0007919598
PIATE,PIATE,0.000101615195,0.11851497,0.19193918,0.68761146,0.0018328138
PIATE,PIATE,0.0060284897,0.020477096,0.13689278,0.79013115,0.046470497
PIATE,PIATE,0.0026707624,0.07180992,0.2754434,0.6450693,0.0050065788
PIATE,PIARA,0.014355268,0.052320953,0.5179885,0.39971533,0.015619916
PIATE,PIATE,0.000470696,0.12722547,0.27675575,0.59456885,0.0009792667
PIATE,PIATE,0.0001350346,0.15028928,0.1867516,0.66256726,0.00025678775
PIATE,PIATE,1.6207454e-05,0.038152527,0.038589835,0.92163557,0.0016058485
PIATE,PIARA,0.0007001596,0.20955722,0.58777654,0.20173728,0.00022879615
PIATE,PIATE,0.005340944,0.09422628,0.31968144,0.58038884,0.00036251752
PIATE,PIATE,0.0025659886,0.059044812,0.21474518,0.7214129,0.0022311537
PIATE,PIARA,0.00067260367,0.16825892,0.5960402,0.23424195,0.0007862566
PIATE,PIARA,0.005730627,0.094461985,0.6983352,0.19988132,0.0015909804
PIATE,PIATE,0.0055453437,0.030909901,0.2961851,0.6480577,0.019301962
PIATE,PIARA,0.00034671905,0.19188127,0.55493253,0.25240803,0.0004314984
PIATE,PIARA,0.0012803682,0.13506073,0.54299194,0.32003754,0.0006294382
PIATE,PIATE,0.007881623,0.071487084,0.35843053,0.5609145,0.001286337
PIATE,PIARA,0.00014375031,0.18982105,0.5884168,0.22074205,0.000876342
PIATE,PIARA,0.00023097752,0.21949284,0.6014518,0.17848429,0.0003400603
PIATE,PIARA,0.00014553675,0.019485155,0.50341797,0.41203654,0.0649148
PIATE,PIARA,0.00012668557,0.0396352,0.76113015,0.14700572,0.052102227
PIATE,PIARA,0.00021447605,0.029818684,0.683416,0.20188181,0.08466901
PIATE,PIARA,0.0003615392,0.026369395,0.80269253,0.14100099,0.029575555
PIATE,PIATE,0.00024289111,0.020292185,0.41159233,0.5575338,0.010338843
PIATE,PIATE,0.00016169723,0.015645025,0.30178097,0.67794573,0.0044666333
PIATE,PIARA,0.00016590593,0.03934254,0.91106683,0.049404148,2.0575042e-05
PIATE,PIARA,0.00027004004,0.030551026,0.89335394,0.07039816,0.005426879
PIATE,PIARA,3.8934082e-05,0.028746748,0.71454936,0.25608635,0.0005785645
PIATE,PIARA,6.037175e-05,0.030180063,0.6826913,0.28704584,2.2478096e-05
PIATE,PIARA,5.335108e-05,0.04373919,0.89139783,0.06476864,4.0976556e-05
PIATE,PIARA,6.804003e-05,0.044459354,0.92475784,0.030703723,1.1020078e-05
PIATE,PIARA,8.064199e-05,0.03668412,0.6918587,0.27136824,8.333886e-06
PIATE,PIARA,0.000111256806,0.042971157,0.85615385,0.10070862,5.5076e-05
PIATE,PIARA,4.4724697e-05,0.038253274,0.81445116,0.14709824,0.00015266005
PIATE,PIARA,3.3577653e-05,0.047779728,0.8549549,0.09720688,2.4964647e-05
PIATE,PIARA,4.9489936e-05,0.043732528,0.8036366,0.15257871,2.6709567e-06
PIATE,PIARA,8.355709e-05,0.048751302,0.6763473,0.27481765,1.6146443e-07
PIATE,PIARA,2.9026334e-05,0.047156215,0.73555195,0.2172567,6.1726532e-06
PIATE,PIARA,2.3931258e-05,0.048201237,0.9224242,0.029346844,3.7898815e-06
PIATE,PIATE,3.509014e-05,0.018915545,0.3823734,0.4989151,0.0997609
PIATE,PIARA,3.2404227e-05,0.065410785,0.8251023,0.10944869,5.950732e-06
PIATE,PIARA,2.7440905e-05,0.06405889,0.67588407,0.26002666,2.891015e-06
PIATE,PIARA,5.664039e-05,0.046074383,0.8688842,0.084984094,6.1762825e-07
PIATE,PIATE,3.6949575e-06,0.027412258,0.22987294,0.74271077,3.5826673e-07
PIATE,PIATE,1.0117069e-05,0.017323537,0.18500502,0.7976489,1.2415827e-05
PIATE,PIARA,2.2101309e-05,0.066919744,0.8561636,0.076891676,2.82931e-06
PIATE,PIARA,2.6539596e-05,0.04653291,0.9021471,0.05120901,8.432416e-05
PIATE,PIARA,1.638504e-05,0.068391144,0.8712663,0.060325336,8.247165e-07
PIATE,PIARA,3.8965423e-05,0.060136225,0.5890055,0.35081813,1.1836723e-06
PIATE,PIARA,7.043547e-05,0.037555464,0.9471244,0.014754611,0.0004951151
PIATE,PIARA,5.330859e-05,0.05099648,0.93288124,0.016054124,1.4911158e-05
PIATE,PIARA,7.898229e-05,0.044316497,0.9192178,0.036384553,2.044965e-06
PIATE,PIARA,6.858404e-05,0.038769502,0.93096113,0.030162262,3.8515333e-05
PIATE,PIARA,4.2370633e-05,0.04431976,0.92609197,0.029540554,5.357205e-06
PIATE,PIARA,0.00017847511,0.056281753,0.8819872,0.061551902,6.805102e-07
PIATE,PIARA,2.0151858e-05,0.028199188,0.96626496,0.0054998044,1.5947166e-05
PIATE,PIARA,4.1940857e-05,0.041185535,0.91126984,0.04745172,5.091059e-05
PIATE,PIARA,7.099596e-05,0.053198818,0.90925074,0.037472326,7.183725e-06
PIATE,PIARA,3.416762e-05,0.04005552,0.91807437,0.041820552,1.5311132e-05
PIATE,PIARA,7.648067e-06,0.03730357,0.9376389,0.024996001,5.3841704e-05
PIATE,PIARA,5.200532e-06,0.040337805,0.94152474,0.018017028,0.00011527905
PIATE,PIARA,6.2670215e-06,0.036912344,0.9304133,0.032549944,0.00011827123
PIATE,PIARA,4.0001003e-05,0.045402717,0.8591682,0.09538186,7.2494627e-06
PIATE,PIARA,3.903585e-05,0.041059066,0.92226154,0.0361828,0.00045752208
PIATE,PIARA,0.00012338995,0.047076665,0.90220916,0.05058794,2.8721815e-06
PIATE,PIARA,5.933181e-05,0.04236368,0.907014,0.05054773,1.5208881e-05
PIATE,PIARA,6.1174134e-05,0.0413502,0.8744459,0.08403948,0.00010317246
PIATE,PIARA,3.924683e-05,0.03237138,0.9505803,0.016932556,7.65314e-05
PIATE,PIARA,7.203964e-05,0.040110692,0.9295732,0.030188348,5.5793033e-05
PIATE,PIATE,0.0019962662,0.0082670795,0.1101957,0.86290365,0.01663734
PIATE,PIAVE,6.150908e-05,0.0012440251,0.022150604,0.40429384,0.57225
PIATE,PIATE,0.0023140009,0.015798861,0.08327161,0.89853156,8.3926316e-05
PIATE,PIATE,0.0033055034,0.0046286285,0.03150483,0.9574397,0.0031214042
PIATE,PIATE,0.0019717861,0.006288794,0.040767685,0.94677776,0.004193919
PIATE,PIATE,0.00096817117,0.010265655,0.047075123,0.9416181,7.297121e-05
PIATE,PIATE,0.007547857,0.009506345,0.176311,0.6110681,0.19556668
PIATE,PIATE,0.006076477,0.0066673527,0.06052903,0.9237086,0.0030186267
PIATE,PIATE,0.005448266,0.0048280563,0.046409175,0.92566574,0.017648768
PIATE,PIATE,0.05744658,0.022736885,0.26151225,0.65574783,0.0025565252
PIATE,PIATE,0.0038294983,0.0065839943,0.052038644,0.91933477,0.018213047
PIATE,PIATE,0.0057293223,0.00484336,0.028800616,0.95910144,0.0015253414
PIATE,PIATE,0.030150305,0.0069798334,0.042893287,0.9186345,0.0013422011
PIATE,PIATE,0.013791618,0.008217696,0.07497819,0.8927727,0.0102398675
PIATE,PIATE,0.08973836,0.0148084685,0.11995983,0.77410376,0.0013895576
PIATE,PIATE,0.0019110533,0.0027696278,0.03627627,0.7500272,0.20901583
PIATE,PIATE,0.00295819,0.0060941465,0.06190451,0.8742192,0.054824013
PIATE,PIATE,0.0036480855,0.0053704632,0.07779905,0.753961,0.15922134
PIATE,PIATE,0.0040819505,0.016614165,0.10392445,0.8750444,0.00033505508
PIATE,PIATE,0.0019643682,0.0043808813,0.01523784,0.9783004,0.00011654779
PIATE,PIATE,0.0049179913,0.010798013,0.14172788,0.8242829,0.018273242
PIATE,PIATE,0.0006921731,0.0030713286,0.023463417,0.94974214,0.02303098
PIATE,PIATE,0.0056927926,0.0037593807,0.032627337,0.9461874,0.01173304
PIATE,PIATE,0.0009326111,0.0056453226,0.054911487,0.911348,0.027162647
PIATE,PIATE,0.0022780723,0.008342547,0.08493811,0.8399248,0.06451642
PIATE,PIATE,0.0007712459,0.005763219,0.06288052,0.8174943,0.11309073
PIATE,PIATE,0.00036696633,0.002280858,0.02319208,0.8166938,0.15746629
PIATE,PIATE,0.0007940064,0.004592345,0.034492977,0.9505968,0.009523811
PIATE,PIATE,0.0074799675,0.014703407,0.17817858,0.77873874,0.02089933
PIATE,PIATE,0.02212062,0.015647367,0.18691719,0.7646154,0.010699454
PIATE,PIATE,0.0012343486,0.004381838,0.036640126,0.94145197,0.016291756
PIATE,PIATE,0.00041677366,0.0024060092,0.019655878,0.8774857,0.10003566
PIATE,PIATE,0.009473742,0.008857703,0.058682125,0.92193913,0.0010472994
PIATE,PIATE,0.0011743784,0.0025185246,0.0222451,0.8730791,0.10098286
PIATE,PIATE,0.0055237976,0.005902776,0.023239402,0.965152,0.00018206137
PIATE,PIATE,0.043768417,0.009327538,0.04647019,0.9003443,8.9495785e-05
PIATE,PIATE,0.0029036433,0.0091985045,0.1193373,0.8268544,0.041706182
PIATE,PIATE,0.007066902,0.0041741906,0.032137595,0.94989645,0.0067249145
PIATE,PIATE,0.022787284,0.012458838,0.12684257,0.82601357,0.011897782
PIATE,PIATE,0.004621206,0.008764835,0.07421524,0.9050213,0.007377461
PIATE,PIARA,8.251735e-05,0.4035016,0.4226295,0.17007673,0.0037097202
PIATE,PIALE,5.8636964e-05,0.4484676,0.14548512,0.38520452,0.020784121
PIATE,PIATE,0.00091578905,0.15449303,0.1410916,0.65786076,0.045638874
PIATE,PIARA,0.00015920217,0.3387077,0.6133954,0.047415163,0.00032258697
PIATE,PIARA,2.9607303e-05,0.30614442,0.6081494,0.08523266,0.00044385274
PIATE,PIALE,5.0677412e-05,0.6454772,0.33558607,0.017827777,0.0010583582
PIATE,PIARA,1.9429415e-06,0.21636184,0.45573914,0.32525045,0.0026466309
PIATE,PIALE,7.415256e-07,0.90406346,0.09465206,0.0012725693,1.1143391e-05
PIATE,PIALE,1.5663775e-06,0.8988459,0.09975244,0.0013526483,4.7344256e-05
PIATE,PIARA,1.5892423e-05,0.396166,0.5402953,0.06339492,0.00012786196
PIATE,PIALE,2.615252e-08,0.9566484,0.043229908,0.00011419854,7.4750196e-06
PIATE,PIALE,1.6900145e-05,0.83922577,0.12905228,0.024029342,0.0076757804
PIATE,PIALE,2.3241799e-05,0.82338154,0.14725637,0.027725361,0.0016134308
PIATE,PIALE,1.0077429e-05,0.86389947,0.12739372,0.0069461167,0.0017506003
PIATE,PIALE,6.7998717e-06,0.84073836,0.15082954,0.007858399,0.0005668647
PIATE,PIALE,5.4720954e-06,0.8531779,0.14319013,0.003276162,0.0003503051
PIATE,PIALE,5.9465956e-06,0.5701678,0.38534048,0.04314218,0.0013436654
PIATE,PIALE,3.453864e-05,0.7840718,0.20367162,0.011156028,0.0010658982
PIATE,PIALE,8.002529e-05,0.7682173,0.21770197,0.012972503,0.0010281976
PIATE,PIATE,0.00016665374,0.37331736,0.16809548,0.4114474,0.046973128
PIATE,PIARA,3.0346043e-06,0.38241568,0.58593947,0.031534534,0.00010727343
PIATE,PIATE,2.3932103e-05,0.23427744,0.18093738,0.5227402,0.062021073
PIATE,PIARA,8.417143e-05,0.349933,0.54129267,0.10325004,0.005440127
PIATE,PIAVE,0.000460386,0.30237168,0.0781533,0.2531251,0.36588952
PIATE,PIALE,3.3458185e-05,0.5266273,0.4258945,0.046652373,0.0007923587
PIATE,PIALE,2.488507e-05,0.616592,0.29502088,0.02173926,0.066622905
PIATE,PIALE,1.0670169e-05,0.72898614,0.21587276,0.01742227,0.037708167
PIATE,PIALE,5.521724e-06,0.7960847,0.18249877,0.010285255,0.011125818
PIATE,PIALE,5.4301907e-08,0.569092,0.3894419,0.041455794,1.033738e-05
PIATE,PIARA,2.1925302e-06,0.3431464,0.5169714,0.13917471,0.0007052457
PIATE,PIALE,7.4515405e-08,0.9626652,0.037157346,0.00015492941,2.235941e-05
PIATE,PIALE,5.1768766e-06,0.92926395,0.06987226,0.0008006795,5.78383e-05
PIATE,PIALE,2.1870399e-06,0.9448879,0.054399516,0.0006065145,0.00010382977
PIATE,PIALE,1.8072102e-05,0.9492958,0.049613427,0.0010342741,3.8333e-05
PIATE,PIALE,4.4098883e-06,0.79457796,0.18576792,0.0144096995,0.005239957
PIATE,PIALE,3.9621005e-07,0.89865756,0.10122991,6.546995e-05,4.662471e-05
PIATE,PIALE,7.0828065e-07,0.8224621,0.16528215,0.0063735666,0.0058816387
PIATE,PIALE,3.709669e-08,0.88002557,0.11950423,0.0004618853,8.294742e-06
PIATE,PIALE,8.2172545e-07,0.9323429,0.067377605,0.0002110238,6.771756e-05
PIATE,PIALE,3.180572e-06,0.8943924,0.10088653,0.0030797322,0.0016382587
PIATE,PIALE,8.82809e-05,0.49488437,0.44826415,0.05638465,0.00037867622
PIATE,PIALE,9.07446e-06,0.5984314,0.3903806,0.01114449,3.4415596e-05
PIATE,PIALE,8.223107e-07,0.84405667,0.14639547,0.009316145,0.00023089188
PIATE,PIALE,2.260547e-05,0.80312306,0.1731269,0.022781884,0.0009455906
PIATE,PIALE,1.9373763e-05,0.68991506,0.02926514,0.023421401,0.25737903
PIATE,PIALE,3.6199533e-05,0.76682234,0.20104565,0.03063192,0.0014639079
PIATE,PIALE,0.00054232444,0.4267356,0.38131666,0.17676985,0.01463557
PIATE,PIALE,0.00051747565,0.5056219,0.24544513,0.18325295,0.06516256
PIATE,PIARA,3.7757427e-06,0.43253186,0.55215985,0.0152893355,1.5212325e-05
PIATE,PIALE,1.9255218e-07,0.7003287,0.2857837,0.01388195,5.491307e-06
PIATE,PIATE,0.00023326425,0.0034143804,0.010596981,0.9857552,1.778356e-07
PIATE,PIATE,0.00047270555,0.005456851,0.022576557,0.9714938,6.992352e-08
PIATE,PIATE,3.2411008e-05,0.008822198,0.052156117,0.9389893,7.525482e-10
PIATE,PIATE,0.00010292553,0.0048177475,0.015281528,0.97979766,8.211508e-08
PIATE,PIATE,0.00065782334,0.021149436,0.07840151,0.89979124,1.8917866e-08
PIATE,PIATE,0.00066980894,0.011264949,0.04463256,0.94343257,1.495173e-07
PIATE,PIATE,0.004258654,0.019496338,0.0712374,0.90500724,2.998155e-07
PIATE,PIATE,0.0008542861,0.025937283,0.11918684,0.8540215,6.757157e-08
PIATE,PIATE,0.00074427703,0.008733813,0.030876257,0.9596454,2.2207983e-07
PIATE,PIATE,0.007593496,0.023702767,0.0788048,0.8898981,7.2134964e-07
PIATE,PIATE,0.0006404492,0.007588783,0.0155592365,0.9762114,6.6121984e-08
PIATE,PIATE,7.626571e-05,0.0022212947,0.0066715754,0.99103093,7.969111e-09
PIATE,PIATE,0.004495254,0.02906173,0.077482775,0.8889601,1.1986204e-07
PIATE,PIATE,0.00016964567,0.00404859,0.010551406,0.9852304,2.0785837e-08
PIATE,PIATE,0.00017669449,0.004417518,0.018168133,0.97723764,1.1478797e-08
PIATE,PIATE,0.0009858899,0.010857833,0.04415619,0.9440001,1.20112364e-08
PIATE,PIATE,0.0005581605,0.0072401576,0.020479873,0.9717217,6.739053e-08
PIATE,PIATE,6.4490916e-05,0.001864517,0.0058278553,0.9922431,7.6776585e-09
PIATE,PIATE,0.0026838246,0.024367247,0.08095893,0.89198995,3.3292352e-08
PIATE,PIATE,0.00038968117,0.005320357,0.015043059,0.9792469,4.3217923e-08
PIATE,PIATE,0.0014393321,0.011542633,0.032837514,0.9541805,4.0706077e-08
PIATE,PIATE,0.00046966475,0.0060188044,0.023272254,0.9702392,2.7521596e-08
PIATE,PIATE,1.4327986e-05,0.00063589634,0.0020196792,0.99733007,1.4549753e-08
PIATE,PIATE,0.003928628,0.023411691,0.06447835,0.90818125,4.3697206e-08
PIATE,PIATE,0.00065417617,0.006748029,0.020052727,0.9725451,1.9027851e-08
PIATE,PIATE,0.038861655,0.03819723,0.1082068,0.8147332,1.0639842e-06
PIATE,PIATE,0.00032683247,0.012652837,0.04863424,0.93838614,3.3253375e-08
PIATE,PIATE,0.0013155252,0.029163685,0.1359591,0.83356166,3.850411e-08
PIATE,PIATE,0.0024882203,0.04423181,0.23009919,0.7231808,2.1916923e-08
PIATE,PIARA,0.0027678355,0.11583762,0.47096393,0.41043058,1.058933e-08
PIATE,PIATE,0.00038133175,0.003908447,0.009617407,0.9860926,2.9084998e-07
PIATE,PIATE,0.0013382486,0.009858484,0.041035578,0.94776756,1.6466664e-07
PIATE,PIATE,0.23093596,0.04012818,0.18545285,0.5434818,1.1960744e-06
PIATE,PIATE,0.0015772727,0.011518166,0.03206336,0.95484096,1.8988722e-07
PIATE,PIATE,1.7488703e-05,0.00058047334,0.001763204,0.9976388,2.212058e-08
PIATE,PIAAT,0.41535288,0.03664344,0.16350111,0.3845006,1.9737538e-06
PIATE,PIATE,0.008845993,0.03744953,0.11057281,0.8431316,1.2908932e-07
PIATE,PIARA,0.04536162,0.10856584,0.44322202,0.40285054,5.017271e-08
PIATE,PIATE,0.012254982,0.06479212,0.26474094,0.6582119,3.3235015e-08
PIATE,PIATE,0.020484695,0.06743155,0.2435531,0.6685305,6.1015136e-08
PIATE,PIATE,0.0010121665,0.009097999,0.024684327,0.96520555,4.527756e-08
PIATE,PIATE,0.00018511957,0.0034954876,0.015137741,0.9811817,6.922434e-09
PIATE,PIATE,0.0007508478,0.008051566,0.028338498,0.96285903,2.0105974e-08
PIATE,PIATE,7.028812e-05,0.0021040575,0.00769825,0.99012744,3.7213304e-08
PIATE,PIATE,0.00016340177,0.002377001,0.007923554,0.9895359,6.752982e-08
PIATE,PIATE,0.00033909208,0.0077334377,0.03540577,0.9565217,1.5618008e-08
PIATE,PIATE,0.004291333,0.03469486,0.11572972,0.84528404,1.1849195e-07
PIATE,PIATE,4.6652276e-05,0.0022551178,0.01052615,0.98717207,9.041673e-09
PIATE,PIATE,0.0045463997,0.030454759,0.10511641,0.8598822,2.2768292e-07
PIATE,PIATE,0.0017219166,0.027881404,0.11763849,0.8527582,4.3942315e-08
PIATE,PIARA,0.005377228,0.064067215,0.6639319,0.25113404,0.015489627
PIATE,PIATE,0.00020867081,0.03438041,0.1740161,0.79055434,0.0008404435
PIATE,PIATE,0.001895923,0.00367647,0.017311705,0.752917,0.22419886
PIATE,PIATE,0.0020574778,0.07212816,0.3665665,0.5490253,0.010222563
PIATE,PIATE,0.0028753672,0.008219243,0.034481946,0.8128244,0.14159904
PIATE,PIAVE,0.19757158,0.009475319,0.061727222,0.24918614,0.4820397
PIATE,PIATE,0.007140698,0.015909865,0.027193202,0.59302497,0.35673127
PIATE,PIATE,0.06360967,0.04140733,0.16217722,0.6151307,0.117675036
PIATE,PIATE,0.0075966944,0.02927198,0.018117744,0.60992604,0.33508754
PIATE,PIATE,0.011265824,0.016597606,0.07344432,0.59165,0.30704224
PIATE,PIAVE,0.12893143,0.01009505,0.10696715,0.23049805,0.5235083
PIATE,PIATE,0.056217868,0.015458503,0.09758054,0.67111737,0.15962571
PIATE,PIAVE,0.046075214,0.029717239,0.2190051,0.30846807,0.39673442
PIATE,PIATE,0.0058826543,0.061351504,0.29771587,0.56115234,0.07389763
PIATE,PIATE,0.023082666,0.019271063,0.24428532,0.69455814,0.018802837
PIATE,PIARA,0.15115957,0.01717385,0.42037907,0.2507368,0.1605507
PIATE,PIATE,0.03252074,0.03363919,0.4090078,0.4512433,0.073588945
PIATE,PIARA,0.035164278,0.05042377,0.79163605,0.09336327,0.029412609
PIATE,PIAAT,0.39368004,0.04849385,0.12284126,0.10660097,0.32838386
PIATE,PIARA,0.07328405,0.11130966,0.41836303,0.15115188,0.24589136
PIATE,PIATE,0.043991398,0.030165343,0.35746852,0.45879385,0.10958092
PIATE,PIATE,0.0052686767,0.010269713,0.094463386,0.8438131,0.046185043
PIATE,PIATE,0.042646263,0.016150469,0.20780216,0.44223273,0.29116842
PIATE,PIARA,0.26455367,0.0384191,0.42521083,0.22498532,0.046831038
PIATE,PIAVE,0.38582572,0.029874437,0.117068,0.075386316,0.39184552
PIATE,PIARA,0.015363017,0.036465246,0.42733186,0.27073616,0.25010368
PIATE,PIAVE,0.008267144,0.004862736,0.009014381,0.24213246,0.73572326
PIATE,PIAVE,0.0138126435,0.0129271485,0.028069006,0.4691187,0.47607246
PIATE,PIATE,0.01104756,0.05331413,0.40638167,0.46647388,0.06278283
PIATE,PIATE,0.01376946,0.037336916,0.3001207,0.50838685,0.14038609
PIATE,PIATE,0.015342998,0.03899854,0.314146,0.54199576,0.08951673
PIATE,PIARA,0.05130078,0.059669215,0.47372743,0.38537446,0.029928058
PIATE,PIARA,0.08124198,0.057388842,0.55763,0.2542191,0.049520046
PIATE,PIARA,0.08364479,0.07019868,0.74026316,0.0949569,0.010936442
PIATE,PIARA,0.0661144,0.05845915,0.63054806,0.2189679,0.025910558
PIATE,PIARA,0.039411426,0.0682907,0.5629875,0.3100858,0.019224629
PIATE,PIARA,0.06026746,0.046128295,0.4752027,0.36846718,0.049934402
PIATE,PIARA,0.07746478,0.0553543,0.5449624,0.29502168,0.027196808
PIATE,PIATE,0.09998522,0.03441783,0.3676913,0.44408903,0.053816687
PIATE,PIATE,0.020383442,0.030932719,0.25834766,0.6569485,0.033387702
PIATE,PIATE,0.007378866,0.08249682,0.25837162,0.65175116,1.480681e-06
PIATE,PIARA,0.014999669,0.107279755,0.5430889,0.3346266,5.1145107e-06
PIATE,PIARA,0.017385082,0.106818125,0.5017235,0.37406215,1.1064549e-05
PIATE,PIATE,0.0010477279,0.023540705,0.059931703,0.9154789,9.560677e-07
PIATE,PIATE,0.0015256697,0.028306102,0.06814253,0.9020254,2.9344045e-07
PIATE,PIATE,0.0010189791,0.02107801,0.047832817,0.93006957,6.4373603e-07
PIATE,PIATE,0.0014557281,0.026005378,0.06085645,0.91168195,4.903107e-07
PIATE,PIATE,0.00040004138,0.015973441,0.045528885,0.93809754,5.7482417e-08
PIATE,PIATE,0.0043020556,0.051694773,0.123608984,0.8203933,8.3325926e-07
PIATE,PIATE,0.0007940687,0.020184485,0.05217403,0.9268472,1.9000923e-07
PIATE,PIATE,4.7675003e-05,0.003227906,0.0067117345,0.99001163,1.018167e-06
PIATE,PIATE,0.00039433566,0.014775809,0.03953853,0.9452556,3.5848847e-05
PIATE,PIATE,0.0018001281,0.056338098,0.24818584,0.69366294,1.2987643e-05
PIATE,PIATE,0.001391879,0.03781935,0.13321324,0.82753754,3.799043e-05
PIATE,PIATE,0.000675765,0.015676916,0.034289528,0.9493535,4.2866004e-06
PIATE,PIATE,0.0012820958,0.026360946,0.064955205,0.90739125,1.0485979e-05
PIATE,PIATE,0.0018221494,0.042839937,0.14821036,0.80710244,2.5077657e-05
PIATE,PIATE,0.00024071478,0.015897004,0.06212419,0.9216535,8.455792e-05
PIATE,PIATE,0.0009651492,0.019972162,0.04382001,0.935242,6.7110295e-07
PIATE,PIATE,0.00034288943,0.013620601,0.03486054,0.9511751,9.101059e-07
PIATE,PIATE,0.0013996024,0.0268645,0.06625194,0.9054819,2.0075834e-06
PIATE,PIATE,7.0667684e-06,0.031760592,0.17906229,0.78916943,6.3510726e-07
PIATE,PIATE,8.2690485e-06,0.050912596,0.2540418,0.6950358,1.4511795e-06
PIATE,PIATE,0.00036353595,0.010536024,0.023455793,0.9656438,7.528973e-07
PIATE,PIATE,0.00077248405,0.016399711,0.036856942,0.9459688,2.180336e-06
PIATE,PIATE,0.0023279907,0.03306382,0.07847675,0.8861262,5.2081023e-06
PIATE,PIATE,0.0010772134,0.0223314,0.049006112,0.92758137,3.909477e-06
PIATE,PIATE,0.0029286405,0.0437542,0.11734076,0.8359718,4.7257017e-06
PIATE,PIATE,0.0004157295,0.013969467,0.033400465,0.9522117,2.5845682e-06
PIATE,PIATE,0.0009134899,0.08243025,0.201275,0.7153536,2.7667906e-05
PIATE,PIATE,0.00047724228,0.013587163,0.035332873,0.95060164,1.0184829e-06
PIATE,PIATE,0.00025381154,0.009262657,0.025041584,0.96544045,1.4757486e-06
PIATE,PIATE,0.00066401984,0.018653614,0.05599309,0.92468774,1.5230014e-06
PIATE,PIATE,0.0007940873,0.023185069,0.05809552,0.917918,7.2087346e-06
PIATE,PIATE,0.00016550432,0.008748688,0.030027568,0.96105707,1.1230013e-06
PIATE,PIATE,0.00016699315,0.010376869,0.027641082,0.96181047,4.616126e-06
PIATE,PIATE,0.0022800155,0.04258755,0.116603464,0.8385234,5.646373e-06
PIATE,PIATE,0.0027271267,0.083565444,0.26474878,0.64895725,1.4038988e-06
PIATE,PIATE,7.780409e-05,0.012785653,0.05265518,0.9344812,1.3830709e-07
PIATE,PIATE,0.00076844107,0.024392283,0.07059316,0.904245,1.1015227e-06
PIATE,PIARA,2.9499166e-05,0.3027723,0.5408653,0.15633287,2.1941138e-09
PIATE,PIARA,1.7188486e-05,0.30098945,0.6147972,0.08419617,7.295741e-10
PIATE,PIALE,3.6439935e-06,0.49004093,0.47244066,0.03751479,2.8792949e-10
PIATE,PIARA,4.2865195e-06,0.24811043,0.6931109,0.058774434,1.1160824e-09
PIATE,PIALE,1.0279529e-06,0.57147956,0.38949448,0.03902494,5.49416e-11
PIATE,PIATE,2.574548e-05,0.22024605,0.3149516,0.46477655,2.4373534e-09
PIATE,PIARA,3.2999837e-06,0.2712026,0.6086645,0.120129615,2.5605912e-10
PIATE,PIARA,4.0738346e-06,0.40607578,0.4786951,0.11522505,4.5107025e-09
PIATE,PIALE,2.877203e-07,0.95802397,0.038982898,0.0029928642,5.1268503e-11
PIATE,PIALE,2.0578231e-07,0.9660729,0.031549085,0.002377787,2.4600702e-11
PIATE,PIALE,2.1421447e-06,0.8564108,0.13106315,0.012523916,5.0466226e-10
PIATE,PIARA,0.00046809102,0.12423627,0.48934716,0.38594854,3.8373425e-08
PIATE,PIALE,6.0179364e-06,0.65116256,0.27785873,0.07097263,3.3214997e-10
PIATE,PIATE,2.0422334e-05,0.2948647,0.32821777,0.37689704,2.9520923e-09
PIATE,PIATE,5.0500576e-06,0.32191017,0.29758868,0.38049614,1.7496802e-09
PIATE,PIARA,4.392313e-06,0.37853852,0.5020929,0.11936414,1.8919015e-09
PIATE,PIARA,1.11933605e-05,0.2807045,0.44866246,0.2706218,1.2613684e-08
PIATE,PIALE,2.6884609e-06,0.57301766,0.35515013,0.07182954,6.810045e-10
PIATE,PIATE,9.608402e-05,0.16961019,0.38486296,0.44543073,2.5291643e-08
PIATE,PIALE,1.9613618e-07,0.80438626,0.18281905,0.012794428,6.7027627e-11
PIATE,PIALE,4.0076698e-06,0.7622391,0.21573347,0.022023464,9.012489e-11
PIATE,PIALE,3.3316005e-07,0.75898767,0.20732637,0.033685654,6.162179e-11
PIATE,PIARA,0.00013670191,0.20309912,0.44948542,0.34727874,2.44263e-09
PIATE,PIALE,2.3896653e-06,0.42636108,0.41622657,0.15740998,1.8982321e-10
PIATE,PIALE,1.6260001e-08,0.788618,0.20474184,0.0066401227,6.7621026e-12
PIATE,PIARA,7.649002e-05,0.26031473,0.63162047,0.10798825,1.7133456e-09
PIATE,PIARA,2.0627627e-05,0.23496126,0.45708826,0.30792978,5.5349454e-09
PIATE,PIATE,0.00011054503,0.16586015,0.3522271,0.48180205,6.638637e-08
PIATE,PIATE,5.6800447e-05,0.11085859,0.13079381,0.7582908,5.9361094e-09
PIATE,PIATE,0.00030152875,0.10700266,0.33250606,0.5601897,8.096912e-09
PIATE,PIARA,0.00014957342,0.21216825,0.43543005,0.3522521,2.6873688e-09
PIATE,PIATE,0.0007281063,0.17329648,0.40755698,0.4184185,2.3515059e-09
PIATE,PIALE,2.4577176e-07,0.5551218,0.39215612,0.052721925,1.0104648e-11
PIATE,PIATE,0.0013171561,0.038260765,0.12109299,0.83931714,1.1877375e-05
PIATE,PIARA,1.2871063e-05,0.24020675,0.57379377,0.1859866,6.591812e-10
PIATE,PIATE,8.2010905e-05,0.172923,0.3618712,0.4651238,2.5874505e-09
PIATE,PIARA,4.216408e-06,0.26211056,0.6143507,0.12353456,2.7839428e-10
PIATE,PIARA,0.00015812172,0.2211659,0.634792,0.14388397,5.038769e-10
PIATE,PIARA,0.0036776413,0.15734813,0.5420483,0.2969259,6.6866346e-10
PIATE,PIATE,0.0011066472,0.18217231,0.39647797,0.42024305,4.5946294e-10
PIATE,PIARA,5.9174123e-05,0.20907676,0.54336,0.24750409,5.1253974e-09
PIATE,PIARA,5.241664e-05,0.25789234,0.62663,0.11542527,1.975441e-09
PIATE,PIATE,0.0046064723,0.063525476,0.16091138,0.7709566,6.2218334e-08
PIATE,PIARA,0.002624055,0.16661063,0.46901327,0.36175197,3.051868e-09
PIATE,PIATE,0.00058694155,0.08708718,0.24539949,0.66690433,2.209956e-05
PIATE,PIALE,2.7861528e-05,0.5137355,0.22853218,0.25770444,3.6874298e-10
PIATE,PIALE,8.4518365e-07,0.75597656,0.20868076,0.035341866,2.6668811e-11
PIATE,PIATE,7.002277e-05,0.048995864,0.079232305,0.87170184,1.1656962e-08
PIATE,PIATE,0.00013405245,0.14430691,0.26147813,0.5940809,2.166882e-08
PIATE,PIARA,3.2647174e-06,0.38965017,0.5630524,0.047294144,1.4480409e-10
PIATE,PIATE,0.031957775,0.007776319,0.08367162,0.8738137,0.0027806018
PIATE,PIATE,0.012754928,0.0048938715,0.06787523,0.88177955,0.032696474
PIATE,PIATE,0.019493604,0.003940883,0.06395126,0.6768689,0.23574528
PIATE,PIATE,0.049047384,0.007056282,0.09279418,0.8377989,0.013303237
PIATE,PIATE,0.005775059,0.0012946214,0.017786449,0.50260514,0.47253874
PIATE,PIAVE,0.03443031,0.0059573986,0.19858095,0.1381694,0.622862
PIATE,PIAVE,0.010952439,0.0064672115,0.053028055,0.40649638,0.5230559
PIATE,PIAVE,0.16889994,0.004308061,0.14100657,0.25396675,0.43181866
PIATE,PIARA,0.18780299,0.020570945,0.36386058,0.27733493,0.1504305
PIATE,PIAVE,0.10692376,0.010980321,0.26134217,0.15139794,0.46935588
PIATE,PIAAT,0.32975233,0.007833222,0.26844773,0.14157316,0.25239357
PIATE,PIARA,0.09768985,0.024851141,0.3547707,0.26467413,0.25801423
PIATE,PIARA,0.17930743,0.019251911,0.39801112,0.22816798,0.1752616
PIATE,PIAVE,0.11155613,0.018729864,0.28169322,0.2592176,0.3288032
PIATE,PIAVE,0.033507552,0.009673536,0.21864893,0.16438717,0.5737828
PIATE,PIATE,0.019831698,0.0043484983,0.07715827,0.5861106,0.31255096
PIATE,PIATE,0.10000488,0.010186708,0.23480472,0.5696308,0.08537282
PIATE,PIATE,0.002521571,0.0011943219,0.012838817,0.83325803,0.15018727
PIATE,PIATE,0.14876376,0.039930645,0.30846038,0.48418418,0.018660981
PIATE,PIATE,0.1263935,0.020560628,0.21165627,0.4970432,0.1443464
PIATE,PIATE,0.16557318,0.01296515,0.16197242,0.6578831,0.0016060773
PIATE,PIATE,0.0726591,0.010161941,0.13195835,0.7361229,0.04909768
PIATE,PIATE,0.30763283,0.01448006,0.17777504,0.48705745,0.013054601
PIATE,PIATE,0.040262047,0.008380077,0.056825392,0.8900563,0.004476124
PIATE,PIAVE,0.0062470883,0.0017389947,0.012410472,0.4089705,0.57063293
PIATE,PIATE,0.037141368,0.008972157,0.054775123,0.8394504,0.059660893
PIATE,PIATE,0.05345118,0.0023468453,0.018449215,0.8135666,0.112186186
PIATE,PIAAT,0.32423028,0.011958866,0.18383515,0.2659353,0.21404044
PIATE,PIAVE,0.0039745937,0.002607675,0.005746821,0.21582213,0.77184874
PIATE,PIAAT,0.47839645,0.007856521,0.19622171,0.23902202,0.07850338
PIATE,PIAVE,0.28667444,0.0027861914,0.039747998,0.2999556,0.37083578
PIATE,PIATE,0.16992973,0.0042852247,0.035938587,0.5778559,0.21199057
PIATE,PIATE,0.1923171,0.016683757,0.1394024,0.48139718,0.1701996
PIATE,PIATE,0.18146168,0.005247609,0.056312412,0.4312571,0.32572123
PIATE,PIATE,0.041949496,0.013620306,0.083683796,0.75598407,0.10476239
PIATE,PIATE,0.14830056,0.008051731,0.06469632,0.54110897,0.2378424
PIATE,PIAVE,0.27244252,0.011363965,0.18966961,0.21840492,0.30811897
PIATE,PIAAT,0.6086206,0.004602783,0.08299541,0.2907117,0.013069624
PIATE,PIATE,0.4123396,0.0064559793,0.059066262,0.51545393,0.0066842493
PIATE,PIATE,0.12566067,0.003030207,0.02098155,0.84483737,0.0054902546
PIATE,PIATE,0.0013302342,0.00849728,0.023524702,0.9659492,0.00069864094
PIATE,PIATE,0.013685075,0.016257739,0.15405554,0.75076604,0.065235585
PIATE,PIATE,4.0007773e-05,0.0016528285,0.0050435085,0.8393364,0.15392728
PIATE,PIATE,0.00023371648,0.004683247,0.02253091,0.96109253,0.011459528
PIATE,PIATE,0.002599485,0.012334142,0.11187674,0.85396487,0.019224778
PIATE,PIATE,0.004047195,0.001993166,0.01753992,0.68396705,0.29245263
PIATE,PIATE,0.00567954,0.020184128,0.15000969,0.7458676,0.07825906
PIATE,PIATE,9.274512e-05,0.0023993326,0.010440849,0.7927647,0.1943024
PIATE,PIATE,0.006317719,0.013761883,0.11395197,0.82825565,0.037712805
PIATE,PIATE,0.049263448,0.030760905,0.38743672,0.45609754,0.076441385
PIATE,PIATE,0.02027821,0.012781691,0.07511123,0.8815642,0.010264586
PIATE,PIATE,0.0057241735,0.009677299,0.07238168,0.89893407,0.013282818
PIATE,PIATE,0.0008999931,0.0056833737,0.01884767,0.8776476,0.09692148
PIATE,PIARA,0.002697555,0.0539738,0.7776732,0.16550688,0.00014860216
PIATE,PIARA,0.024130803,0.047291715,0.52936214,0.3885955,0.010619933
PIATE,PIATE,0.003639606,0.023695674,0.13753179,0.83155435,0.0035785276
PIATE,PIATE,0.0019395305,0.015189347,0.084830076,0.88296795,0.015073092
PIATE,PIATE,0.009952368,0.020099,0.28498667,0.555691,0.12927093
PIATE,PIATE,0.0012641056,0.048808217,0.23179603,0.7173598,0.00077184907
PIATE,PIATE,0.0005637862,0.010285705,0.051988628,0.9319028,0.0052590277
PIATE,PIATE,0.0012971885,0.0018429524,0.010493933,0.89144737,0.0949186
PIATE,PIATE,0.00478691,0.004103671,0.01635372,0.8963802,0.078375526
PIATE,PIATE,0.003939656,0.005029528,0.016997043,0.9706547,0.0033790006
PIATE,PIATE,0.008547148,0.013093996,0.05823038,0.91862077,0.0015077394
PIATE,PIATE,0.00013876076,0.0024472382,0.010585164,0.8780232,0.10880562
PIATE,PIATE,0.028750272,0.018106839,0.1958928,0.7284548,0.028795233
PIATE,PIATE,0.000190522,0.020253591,0.06707032,0.9119995,0.00048608877
PIATE,PIATE,0.021650784,0.016927928,0.2086375,0.5040256,0.24875817
PIATE,PIATE,0.0014241368,0.0053952285,0.026104717,0.9178916,0.049184285
PIATE,PIATE,2.2348515e-05,0.0018614487,0.0037456043,0.9931705,0.001200015
PIATE,PIAVE,0.0036481523,0.022640912,0.1375148,0.36317348,0.4730227
PIATE,PIAVE,0.0014544213,0.025266716,0.14467053,0.28817987,0.54042846
PIATE,PIATE,0.00071640295,0.042297535,0.20363295,0.56296444,0.1903887
PIATE,PIAVE,0.00024365919,0.01490704,0.09289509,0.43474203,0.45721212
PIATE,PIAVE,0.0002224734,0.0045037786,0.05838671,0.24669214,0.6901949
PIATE,PIARA,0.0018543969,0.01991821,0.48306677,0.37562916,0.119531445
PIATE,PIAVE,2.6525939e-05,0.001255814,0.027525734,0.117425725,0.8537662
PIATE,PIAVE,3.7023925e-05,0.0046241484,0.066036716,0.40400153,0.52530056
PIATE,PIAVE,0.00097224105,0.0076100556,0.19194883,0.1634108,0.6360581
PIATE,PIAVE,0.0015850392,0.0057118717,0.17778574,0.07940732,0.73551
PIATE,PIAVE,0.001099933,0.0067504523,0.048112135,0.25846025,0.6855773
PIATE,PIAVE,0.00043063407,0.0064072656,0.06463807,0.15097418,0.7775499
PIATE,PIAVE,0.0002953422,0.043090355,0.2556238,0.32138965,0.37960088
PIATE,PIATE,0.0005839037,0.005811302,0.025149228,0.8885829,0.079872675
PIATE,PIATE,0.0009461591,0.0039380724,0.030739835,0.54231393,0.422062
PIATE,PIAVE,0.0003037899,0.0052668806,0.09937056,0.083484575,0.8115742
PIATE,PIARA,0.0007159775,0.025399778,0.42884588,0.21864331,0.32639512
PIATE,PIATE,0.0006439234,0.0035751832,0.03283683,0.5985818,0.3643622
PIATE,PIATE,0.00037750325,0.0061307335,0.036235426,0.90351427,0.053742114
PIATE,PIATE,0.00010218503,0.01185279,0.06160837,0.74693185,0.17950477
PIATE,PIARA,0.0033608347,0.14519112,0.8051701,0.04612382,0.0001540216
PIATE,PIARA,0.00073843595,0.118302025,0.7795925,0.10087192,0.00049503136
PIATE,PIARA,0.00023948027,0.1716527,0.7686876,0.05922887,0.00019129738
PIATE,PIARA,0.004217141,0.039637625,0.4858814,0.47004163,0.00022216169
PIATE,PIARA,0.0015110892,0.073458485,0.7014714,0.22348507,7.396715e-05
PIATE,PIARA,0.0062522097,0.053192854,0.7408599,0.19918783,0.0005071939
PIATE,PIARA,0.03873942,0.029926535,0.60766464,0.32339454,0.00027481216
PIATE,PIARA,0.00056457205,0.23462218,0.7408436,0.02396784,1.8192404e-06
PIATE,PIARA,0.06076831,0.13819782,0.7668472,0.034169767,1.6904392e-05
PIATE,PIARA,0.005389144,0.16206382,0.77743495,0.055014092,9.7938944e-05
PIATE,PIARA,0.00052086095,0.2096274,0.77539593,0.014133074,0.000322679
PIATE,PIARA,0.0023126851,0.13395348,0.76775354,0.095500596,0.00047970272
PIATE,PIARA,0.011394243,0.11815083,0.79951835,0.07051675,0.00041987616
PIATE,PIARA,0.0023252936,0.23471361,0.7312115,0.031597994,0.00015158913
PIATE,PIARA,0.0012804705,0.3249825,0.66349375,0.010151647,9.168961e-05
PIATE,PIATE,0.03840918,0.011632775,0.33674598,0.6117533,0.0014588452
PIATE,PIATE,0.034194086,0.0031044025,0.14540854,0.8154314,0.0018616342
PIATE,PIATE,0.00051184517,0.0031769192,0.1390022,0.8541822,0.0031268934
PIATE,PIARA,0.018155124,0.2021992,0.7486073,0.03100722,3.1114083e-05
PIATE,PIARA,0.003175926,0.37866992,0.61423314,0.003909195,1.1788967e-05
PIATE,PIARA,0.020783002,0.10264449,0.79659176,0.079722986,0.00025778747
PIATE,PIARA,0.000744831,0.11457614,0.76084065,0.12300262,0.0008357566
PIATE,PIARA,0.010170889,0.09089626,0.72207546,0.17672803,0.00012933789
PIATE,PIARA,0.009617959,0.044686206,0.6736778,0.27131015,0.00070794753
PIATE,PIARA,0.044613227,0.071855225,0.77847546,0.104632914,0.00042312345
PIATE,PIATE,0.1336779,0.0034130935,0.14929241,0.7113317,0.0022848903
PIATE,PIATE,0.03340193,0.00072949805,0.06109628,0.89979374,0.004978498
PIATE,PIARA,0.008907423,0.08447764,0.7516958,0.15471351,0.00020552581
PIATE,PIARA,0.16974698,0.022507818,0.5250451,0.2824018,0.00029836796
PIATE,PIARA,0.04722279,0.18698551,0.72540903,0.04033522,4.744417e-05
PIATE,PIARA,0.003398734,0.051207513,0.94081366,0.0016507951,0.0029293124
PIATE,PIARA,7.754796e-05,0.13683462,0.86034393,0.0016571025,0.0010868616
PIATE,PIARA,0.025957465,0.10949934,0.8628847,0.0010584506,0.00060001656
PIATE,PIARA,6.369602e-05,0.35657793,0.64282227,0.00028686316,0.00024925897
PIATE,PIARA,7.696038e-05,0.27587837,0.72393495,8.7645254e-05,2.202352e-05
PIATE,PIARA,7.5433068e-06,0.33970162,0.660119,0.00014251757,2.9302544e-05
PIATE,PIARA,0.00046310356,0.02219855,0.86607593,0.08788673,0.023375789
PIATE,PIARA,0.0028788447,0.07922048,0.91286695,0.0042124293,0.000821351
PIATE,PIARA,0.00024242117,0.29694325,0.70262456,0.00012819469,6.155496e-05
PIATE,PIARA,2.695445e-06,0.22595811,0.76581067,0.007617229,0.0006114172
PIATE,PIARA,0.0039958963,0.12722059,0.8642928,0.004242791,0.00024796868
PIATE,PIARA,0.00052621623,0.027253859,0.7032704,0.25733072,0.011618799
PIATE,PIARA,0.0008907518,0.11324911,0.8812173,0.0029933595,0.0016494399
PIATE,PIARA,0.02040382,0.15601468,0.8174276,0.0052187345,0.0009351381
PIATE,PIARA,0.0020565041,0.15893976,0.83305895,0.004435007,0.0015098047
PIATE,PIARA,0.14032494,0.030738791,0.7358423,0.07930835,0.013785601
PIATE,PIARA,0.0036560616,0.2068945,0.7881384,0.0011694238,0.00014154204
PIATE,PIAAT,0.8097869,0.005572785,0.17189795,0.012269286,0.00047302406
PIATE,PIARA,0.004880721,0.09024736,0.8944197,0.007454937,0.0029971537
PIATE,PIARA,0.00036471913,0.10966996,0.8863766,0.0017584383,0.0018302564
PIATE,PIATE,9.5851576e-08,3.3684972e-07,0.00019980836,0.9997868,1.2998547e-05
PIATE,PIATE,4.5790916e-08,1.8222387e-07,4.091398e-05,0.99993265,2.6193085e-05
PIATE,PIATE,7.767262e-09,4.4386816e-08,3.364606e-05,0.99982965,0.00013658051
PIATE,PIATE,1.3839557e-08,6.73886e-08,5.80907e-05,0.99993014,1.16226265e-05
PIATE,PIATE,5.333835e-08,7.842328e-07,0.00023491909,0.9997162,4.8082686e-05
PIATE,PIATE,2.8244415e-08,1.3391459e-06,0.00026751636,0.99965286,7.8334895e-05
PIATE,PIATE,4.495129e-09,1.8602098e-07,6.75997e-05,0.99988043,5.1784926e-05
PIATE,PIATE,9.518449e-07,3.9708275e-06,0.0005136288,0.9993419,0.00013947718
PIATE,PIATE,7.1268694e-08,1.0520392e-05,8.869816e-05,0.9997037,0.00019698092
PIATE,PIATE,1.522265e-08,2.6396373e-07,7.949394e-05,0.9999095,1.0738224e-05
PIATE,PIARA,1.2723008e-07,0.053489085,0.7413383,0.20425601,0.00091642415
PIATE,PIARA,3.144689e-07,0.03709309,0.6719665,0.28921914,0.001720951
PIATE,PIARA,9.0734794e-08,0.06731949,0.8067071,0.12522157,0.00075183646
PIATE,PIARA,6.3727236e-07,0.059462186,0.8400694,0.09963354,0.000834215
PIATE,PIARA,9.3858506e-07,0.060108576,0.859249,0.08026204,0.0003795018
PIATE,PIARA,1.7211573e-07,0.14349781,0.7674971,0.088399306,0.00060547923
PIATE,PIARA,2.8899896e-07,0.12814498,0.79826015,0.07279472,0.000799783
PIATE,PIARA,1.3178911e-07,0.19407354,0.63022983,0.17404936,0.0016471427
PIATE,PIARA,1.5507768e-06,0.11959295,0.61693764,0.25623864,0.007229224
PIATE,PIARA,9.606092e-06,0.029828401,0.5888589,0.37983838,0.0014646902
PIATE,PIATE,1.6162658e-05,4.6377525e-05,0.014445764,0.9830875,0.0024042386
PIATE,PIATE,4.13443e-07,6.6078593e-07,0.00070972065,0.9986319,0.0006572958
PIATE,PIATE,4.7778485e-07,7.201924e-08,0.00015181175,0.9987785,0.0010690566
PIATE,PIATE,6.045088e-08,7.482039e-07,0.00030423125,0.9974232,0.0022718853
PIATE,PIATE,4.8456246e-07,2.704533e-05,0.0070847254,0.99187225,0.0010154698
PIATE,PIATE,3.1607467e-06,0.00020236206,0.037133202,0.9584449,0.004216337
PIATE,PIATE,2.3805771e-06,5.2951254e-05,0.011876959,0.982853,0.0052147233
PIATE,PIATE,1.1004326e-07,5.8648784e-06,0.0018957832,0.99723816,0.0008601195
PIATE,PIATE,7.616227e-07,4.276764e-07,0.00045259015,0.9992391,0.00030723622
PIATE,PIATE,4.7825228e-08,3.4524217e-06,0.0012532921,0.9974764,0.0012668434
PIATE,PIAVE,4.9634546e-06,0.015332621,7.465149e-05,0.14306058,0.84152716
PIATE,PIATE,0.00022404054,0.05894186,0.0012974995,0.77586454,0.16367204
PIATE,PIATE,0.00083886174,0.30165878,0.0016151427,0.53904915,0.15683806
PIATE,PIATE,1.6108825e-05,0.017355783,0.00017487608,0.6734826,0.30897066
PIATE,PIATE,6.3645098e-06,0.012928796,0.00024504052,0.88062036,0.106199436
PIATE,PIATE,1.2471003e-05,0.011671872,0.0006910044,0.5694381,0.41818655
PIATE,PIATE,2.451738e-07,0.0035815188,3.370847e-05,0.8588877,0.13749687
PIATE,PIATE,2.1553735e-06,0.008565785,0.00012018608,0.57105297,0.42025888
PIATE,PIATE,1.8658173e-05,0.033119652,0.00025372693,0.6473975,0.31921044
PIATE,PIATE,4.6776094e-07,0.0012479473,8.968279e-05,0.9391992,0.0594627
PIATE,PIARA,0.00010144319,0.024015881,0.55834615,0.41234913,0.0051873517
PIATE,PIATE,6.177406e-05,0.00029935082,0.060688198,0.93297505,0.005975665
PIATE,PIATE,2.9006464e-05,0.1063495,0.0008318537,0.83305806,0.059731547
PIATE,PIATE,6.1886305e-05,0.07962473,0.00021414533,0.6070328,0.31306642
PIATE,PIATE,1.8871426e-06,0.07562976,0.0005198978,0.9226992,0.0011491968
PIATE,PIATE,9.534972e-07,0.006316457,3.3883476e-05,0.83709234,0.15655641
PIATE,PIATE,3.7342638e-06,0.011393006,0.00057996233,0.9821232,0.005900046
PIATE,PIATE,3.6747042e-07,0.008296051,0.00026734723,0.9906482,0.00078799884
PIATE,PIATE,1.4719456e-06,0.0038669128,0.00014055896,0.9766888,0.019302286
PIATE,PIATE,9.5143705e-06,0.0077367486,0.00015671241,0.9353864,0.056710683
PIATE,PIATE,0.00010171452,0.00023667859,0.022101747,0.9038856,0.073674284
PIATE,PIATE,0.002396538,1.5059645e-05,0.0035808617,0.9456321,0.04837533
PIATE,PIATE,0.0002714355,5.4577295e-06,0.0013765807,0.9902822,0.008064446
PIATE,PIATE,2.4455065e-05,1.1873593e-06,0.00022276668,0.9996978,5.389807e-05
PIATE,PIATE,3.275774e-05,1.880966e-07,3.6124176e-05,0.99988925,4.172581e-05
PIATE,PIATE,0.00023582624,8.054011e-07,0.00019045884,0.99511564,0.0044572386
PIATE,PIATE,1.5417214e-05,1.7495677e-06,0.0005787651,0.9982799,0.001124155
PIATE,PIATE,5.6675117e-06,2.528397e-07,0.00014838265,0.99976796,7.7760626e-05
PIATE,PIATE,6.1217297e-06,9.834426e-07,0.00040540542,0.99946815,0.00011936847
PIATE,PIATE,0.00015696135,0.0004966022,0.04052345,0.956291,0.0025318752
PIATE,PIATE,0.00040667038,0.00024582708,0.010664957,0.96948326,0.019199321
PIATE,PIATE,0.00067259616,6.606921e-05,0.0037525245,0.9782154,0.017293414
PIATE,PIATE,0.000882794,0.00022489016,0.012108393,0.9603571,0.026426801
PIATE,PIATE,0.00010136693,1.9905094e-05,0.0016112212,0.9903494,0.007918111
PIATE,PIATE,0.00010981127,8.837298e-06,0.00069860596,0.9972805,0.0019022797
PIATE,PIATE,0.000109485525,5.4011525e-06,0.0005056408,0.99334127,0.006038261
PIATE,PIATE,8.2124225e-06,2.3577545e-06,0.0003927216,0.9978822,0.0017144919
PIATE,PIATE,1.1102611e-05,9.90323e-07,0.0001507698,0.99902844,0.0008085857
PIATE,PIATE,6.878808e-06,9.872894e-07,0.00014629132,0.9991008,0.00074504974
PIATE,PIATE,0.00017566001,2.0942718e-05,0.0016854095,0.988992,0.00912603
PIATE,PIATE,7.8193094e-05,0.022496708,0.47305676,0.5023724,0.0019959472
PIATE,PIARA,3.6173904e-05,0.0838431,0.77562565,0.13885322,0.0016418444
PIATE,PIATE,0.00073379715,0.0032911403,0.22949912,0.749029,0.017446982
PIATE,PIATE,0.0004839524,8.7767105e-05,0.02891585,0.94261086,0.027901506
PIATE,PIARA,8.2215156e-05,0.07022866,0.7859988,0.13862982,0.0050604744
PIATE,PIATE,0.0006756106,0.0004958652,0.08514623,0.716828,0.19685434
PIATE,PIARA,0.000965108,0.018996803,0.5491385,0.4114136,0.019485997
PIATE,PIATE,0.003283666,0.0001737611,0.026208203,0.96481586,0.005518494
PIATE,PIARA,0.00012947102,0.04727018,0.7458311,0.19924718,0.0075220303
PIATE,PIARA,0.011959463,0.014029446,0.54678726,0.4208615,0.006362338
PIATE,PIATE,0.004369981,4.4098215e-06,0.0010942986,0.8795823,0.11494908
PIATE,PIATE,0.003585956,1.1682005e-06,0.00012725813,0.991353,0.0049326182
PIATE,PIATE,0.058161642,4.8761096e-05,0.0034915402,0.936302,0.0019960606
PIATE,PIATE,0.011267727,1.0563206e-05,0.0011909074,0.9707125,0.016818313
PIATE,PIATE,0.05060223,0.000111107256,0.00947565,0.62514114,0.31466985
PIATE,PIATE,0.0013543697,5.2789096e-06,0.001505891,0.940684,0.056450356
PIATE,PIATE,0.0014179382,1.2585289e-05,0.0037150339,0.95934546,0.03550897
PIATE,PIATE,0.0017045834,5.0501712e-06,0.0013000867,0.9566025,0.040387705
PIATE,PIATE,0.00095617847,4.4849085e-06,0.0009573519,0.9801031,0.01797895
PIATE,PIATE,0.0003028533,1.2014751e-06,0.00040408733,0.9733993,0.025892511
PIATE,PIATE,0.003102334,0.0001342651,0.0074872673,0.8865145,0.10276164
PIATE,PIATE,0.009250765,0.00026617933,0.024795495,0.7798957,0.18579186
PIATE,PIATE,0.0034391289,2.511841e-05,0.0039087054,0.90456605,0.088061064
PIATE,PIATE,0.007078868,2.0790178e-05,0.0032399513,0.90523744,0.084422916
PIATE,PIATE,0.00035622867,1.3030408e-06,0.0005156124,0.90082985,0.09829699
PIATE,PIATE,0.007312805,3.1573236e-05,0.0025966498,0.90479094,0.08526812
PIATE,PIATE,0.14460935,0.0009148277,0.040481597,0.6472156,0.16677868
PIATE,PIATE,0.075596996,0.0010419537,0.039909385,0.80551046,0.07794117
PIATE,PIATE,0.00036392198,2.0530395e-06,0.00055463356,0.9197073,0.079372086
PIATE,PIATE,0.0009334156,7.3197093e-06,0.0021276567,0.90435725,0.0925743
PIAVE,PIATE,2.5381127e-08,0.00016829568,0.000524031,0.99930763,9.047918e-09
PIAVE,PIATE,3.4597115e-08,0.00019357812,0.0008308492,0.9989755,2.2591862e-09
PIAVE,PIATE,2.1162082e-07,0.00018806435,0.00034684342,0.9994647,1.9620448e-07
PIAVE,PIATE,1.4365759e-08,0.00010895895,0.00038686188,0.9995042,2.3738853e-09
PIAVE,PIATE,6.949712e-08,0.00022731417,0.0012679588,0.99850464,4.0226737e-09
PIAVE,PIATE,9.336015e-08,0.00023057412,0.0011828464,0.99858654,9.954024e-10
PIAVE,PIATE,2.6473097e-07,0.0003033667,0.0009481476,0.9987482,3.3640513e-09
PIAVE,PIATE,4.824144e-08,0.00014272402,0.00049942086,0.99935776,3.0782876e-10
PIAVE,PIATE,3.6302563e-08,0.00019349386,0.001309593,0.9984969,6.599429e-10
PIAVE,PIATE,2.0560826e-08,0.00013667785,0.000781765,0.9990815,2.469096e-09
PIAVE,PIATE,4.5586408e-08,0.00022532737,0.0010554765,0.99871886,3.3494192e-07
PIAVE,PIATE,4.37987e-09,0.0001665505,0.00105755,0.9987758,8.440541e-08
PIAVE,PIATE,4.6714693e-08,0.00032651698,0.0016809948,0.99799216,2.2015327e-07
PIAVE,PIATE,7.284693e-07,0.0018344718,0.0067202426,0.9914443,1.8954533e-07
PIAVE,PIATE,7.561219e-08,0.00021863295,0.00083164306,0.9989492,5.183997e-07
PIAVE,PIATE,7.979581e-09,0.00014890914,0.00083333044,0.9990177,4.7900503e-08
PIAVE,PIATE,5.0288436e-09,0.00018649212,0.0013321453,0.99848133,1.501032e-08
PIAVE,PIATE,2.0931908e-07,0.0001961867,0.0005250864,0.9992754,3.1542327e-06
PIAVE,PIATE,2.2166556e-07,0.00015755507,0.00031497926,0.99952507,2.1568726e-06
PIAVE,PIATE,7.588036e-07,0.0002836304,0.000468229,0.999233,1.4370378e-05
PIAVE,PIATE,2.4442147e-07,0.00028056663,0.000981469,0.9987374,3.360722e-07
PIAVE,PIATE,9.272368e-07,0.00037165123,0.0008063633,0.99881065,1.0427357e-05
PIAVE,PIATE,4.2792642e-05,0.0016856849,0.002302415,0.99594986,1.9262969e-05
PIAVE,PIATE,7.332488e-07,0.00026556983,0.0005948403,0.999132,6.851014e-06
PIAVE,PIATE,3.5634664e-06,0.0029118094,0.009580702,0.9875037,2.4876803e-07
PIAVE,PIATE,2.5545197e-07,0.0002239584,0.00061881496,0.99915504,1.896466e-06
PIAVE,PIATE,3.1850306e-08,8.8211695e-05,0.00019223816,0.9997192,2.629731e-07
PIAVE,PIATE,1.11149866e-07,0.00010538317,0.00014770783,0.99974626,4.517762e-07
PIAVE,PIATE,1.2645776e-06,0.00029306512,0.0003438649,0.99936026,1.5481447e-06
PIAVE,PIATE,2.1246235e-05,0.001102054,0.0011821025,0.9976927,1.9181882e-06
PIAVE,PIATE,8.694716e-09,6.761095e-05,0.00017213455,0.99976,2.3402893e-07
PIAVE,PIATE,7.0922948e-09,8.051599e-05,0.00034380212,0.9995753,4.147245e-07
PIAVE,PIATE,7.304746e-10,7.561784e-05,0.00037996538,0.99954444,3.741008e-08
PIAVE,PIATE,1.2891184e-08,8.663247e-05,0.00020895725,0.9997036,8.321747e-07
PIAVE,PIATE,1.0567865e-08,7.838684e-05,0.00020358308,0.9997178,2.859569e-07
PIAVE,PIATE,2.6926363e-08,0.000111156885,0.00036086552,0.9995277,2.3857064e-07
PIAVE,PIATE,3.2682834e-08,0.00012002608,0.00028801354,0.9995919,1.8854065e-08
PIAVE,PIATE,1.6027942e-08,8.9428875e-05,0.00024574343,0.9996648,7.4056743e-09
PIAVE,PIATE,5.069392e-07,0.00029814255,0.00049328845,0.99920803,5.2316615e-08
PIAVE,PIATE,8.5913676e-08,0.00017489734,0.00036888468,0.9994561,2.5185333e-08
PIAVE,PIATE,1.11997146e-07,0.00021310712,0.00056430063,0.99921703,5.469054e-06
PIAVE,PIATE,4.3292648e-08,0.00018244336,0.000646546,0.9991584,1.257603e-05
PIAVE,PIATE,1.2812268e-08,8.916214e-05,0.00023316959,0.9996761,1.5776262e-06
PIAVE,PIATE,7.369174e-08,0.00014987358,0.00040266267,0.9994461,1.2657974e-06
PIAVE,PIATE,8.078001e-09,0.00010610205,0.00025213067,0.99964106,7.612348e-07
PIAVE,PIATE,1.8432814e-08,0.000117154035,0.0003804565,0.9995024,1.3486583e-08
PIAVE,PIATE,9.759118e-08,0.00020724851,0.00064839824,0.9991442,9.162191e-09
PIAVE,PIATE,4.143982e-08,0.0001705781,0.00066069514,0.99916863,7.427175e-08
PIAVE,PIATE,1.7804936e-08,9.6460026e-05,0.00031928296,0.99958426,2.9225987e-08
PIAVE,PIATE,2.39076e-07,0.00024782648,0.00047603948,0.99927586,1.6821378e-08
PIAVE,PIATE,0.0011428666,0.0053466503,0.068713404,0.897164,0.027633013
PIAVE,PIATE,0.00022528939,0.0045642336,0.06124818,0.88679445,0.047167815
PIAVE,PIATE,0.0016857531,0.008437618,0.11766713,0.82379055,0.048418954
PIAVE,PIATE,0.006197443,0.015176192,0.34571543,0.60362506,0.02928589
PIAVE,PIATE,0.019104619,0.016126359,0.3857823,0.56056476,0.018421965
PIAVE,PIATE,0.00027014725,0.0016628734,0.020622678,0.6682828,0.30916145
PIAVE,PIATE,0.0006377619,0.002959263,0.031707305,0.8432391,0.12145656
PIAVE,PIATE,0.00826927,0.013040702,0.2136477,0.71079,0.05425236
PIAVE,PIATE,0.0067487475,0.010174327,0.19326265,0.71835774,0.0714565
PIAVE,PIATE,0.0042202827,0.0064068534,0.08198491,0.8608609,0.046527043
PIAVE,PIAVE,0.023864297,0.0025014575,0.062055044,0.2174458,0.6941334
PIAVE,PIATE,0.029729601,0.0048107808,0.112192824,0.58594793,0.2673189
PIAVE,PIAVE,0.0045999726,0.00024011511,0.002837746,0.0238084,0.9685138
PIAVE,PIAVE,0.016280347,0.0016479648,0.033063453,0.20344692,0.7455613
PIAVE,PIATE,0.026090175,0.0026878323,0.052998908,0.59017247,0.32805055
PIAVE,PIAVE,0.0046152235,0.00043755336,0.008723549,0.055918522,0.9303051
PIAVE,PIAVE,0.007172671,0.001426617,0.029805735,0.2664761,0.6951189
PIAVE,PIATE,0.015255261,0.00390401,0.124111146,0.49154714,0.36518252
PIAVE,PIATE,0.014986638,0.0054178634,0.1016756,0.8233836,0.054536246
PIAVE,PIATE,0.011198576,0.0026122653,0.052580785,0.58250487,0.35110345
PIAVE,PIATE,0.0025831538,0.0003824685,0.0028823826,0.56060517,0.4335468
PIAVE,PIATE,0.008275096,0.00085781305,0.0067487475,0.7956721,0.18844624
PIAVE,PIATE,0.009321758,0.00062725804,0.004961364,0.7967105,0.18837915
PIAVE,PIATE,0.005367036,0.0010608592,0.009950066,0.80005836,0.18356366
PIAVE,PIATE,0.01324619,0.0014024887,0.01422487,0.692276,0.2788505
PIAVE,PIAVE,0.027960556,0.0013776242,0.016742341,0.40704438,0.5468751
PIAVE,PIAVE,0.016406212,0.0013293304,0.017777044,0.39427388,0.57021356
PIAVE,PIAVE,0.006664023,0.00036041948,0.0036372517,0.44311374,0.54622453
PIAVE,PIATE,0.00984859,0.0009967923,0.01069977,0.5824453,0.39600953
PIAVE,PIATE,0.009111762,0.0010367515,0.011021868,0.66416705,0.31466252
PIAVE,PIATE,0.026628092,0.008140417,0.13798118,0.6061257,0.22112462
PIAVE,PIAVE,0.029751638,0.006178474,0.10070293,0.37317926,0.49018767
PIAVE,PIATE,0.027512027,0.0070750834,0.119127855,0.7988279,0.04745723
PIAVE,PIATE,0.020335697,0.0035952092,0.05256006,0.8082593,0.11524975
PIAVE,PIATE,0.017682942,0.004571129,0.07952556,0.64452595,0.25369444
PIAVE,PIAVE,0.014188696,0.0020947615,0.049848467,0.2072447,0.72662336
PIAVE,PIAVE,0.0016145377,0.00042494526,0.0083338395,0.03798585,0.9516408
PIAVE,PIAVE,0.004995037,0.00055819826,0.0082221655,0.38207918,0.6041454
PIAVE,PIAVE,0.0025420361,0.0007384612,0.01558338,0.2863212,0.694815
PIAVE,PIAVE,0.0053463597,0.0034106157,0.08408693,0.4143219,0.4928342
PIAVE,PIATE,0.03569878,0.015998956,0.18498492,0.7633118,5.5760543e-06
PIAVE,PIATE,0.00984398,0.015227039,0.15294509,0.821979,4.913906e-06
PIAVE,PIATE,0.0210407,0.016059624,0.16317585,0.7997226,1.2817109e-06
PIAVE,PIATE,0.13891873,0.0070261094,0.15158743,0.7024469,2.0872532e-05
PIAVE,PIATE,0.1151439,0.0008561362,0.12489191,0.74308145,0.01602669
PIAVE,PIATE,0.115403436,0.002348695,0.17147546,0.707999,0.002773394
PIAVE,PIATE,0.059272412,0.0012442295,0.07344372,0.864916,0.0011235162
PIAVE,PIATE,0.12306182,0.009875437,0.19720395,0.6698578,9.686327e-07
PIAVE,PIATE,0.13057557,0.013446627,0.13707419,0.71890336,2.1672271e-07
PIAVE,PIATE,0.17328535,0.025575576,0.3576075,0.4435202,1.1401951e-05
PIAVE,PIATE,0.37221667,0.0010387404,0.17846411,0.44760215,0.00067829207
PIAVE,PIAAT,0.7807567,0.0011826842,0.043164704,0.17479925,9.6621174e-05
PIAVE,PIATE,0.14632459,0.01602522,0.0717037,0.7659461,3.7836557e-07
PIAVE,PIATE,0.3653695,0.0028374882,0.16444902,0.46670693,0.00063705456
PIAVE,PIATE,0.07650796,0.001351668,0.41676098,0.5043424,0.0010369925
PIAVE,PIATE,0.07881489,0.0013677523,0.45526662,0.46370125,0.0008495264
PIAVE,PIATE,0.04298062,0.0036747747,0.07346087,0.8798168,6.69229e-05
PIAVE,PIATE,0.07481913,0.013860877,0.26118076,0.6501151,2.4175017e-05
PIAVE,PIATE,0.059580717,0.017854381,0.34928265,0.5732544,2.78991e-05
PIAVE,PIATE,0.015449525,0.035938524,0.07909615,0.8695158,2.5997027e-09
PIAVE,PIATE,0.30304012,0.0068484186,0.1451685,0.5447748,0.00016822784
PIAVE,PIATE,0.2297712,0.00788275,0.17813663,0.58404356,0.00016584466
PIAVE,PIATE,0.20015052,0.005553653,0.12943782,0.6647813,7.670024e-05
PIAVE,PIAAT,0.5282726,0.0053582513,0.08677649,0.37958857,4.1238286e-06
PIAVE,PIATE,0.20319849,0.002030613,0.22001143,0.5721081,0.0026513424
PIAVE,PIATE,0.046674885,0.0017235273,0.1845356,0.76148474,0.005581311
PIAVE,PIATE,0.2928004,0.0021576406,0.03764795,0.6673073,8.674358e-05
PIAVE,PIATE,0.38268083,0.0034280214,0.092297465,0.5215678,2.5867485e-05
PIAVE,PIATE,0.36605126,0.015492783,0.071527556,0.5469279,4.5341304e-07
PIAVE,PIATE,0.1622786,0.018765176,0.28577018,0.5331558,3.0284635e-05
PIAVE,PIATE,0.20732969,0.017478889,0.13636385,0.63882565,1.899229e-06
PIAVE,PIATE,0.19508275,0.002250271,0.11798932,0.68418473,0.00049284106
PIAVE,PIATE,0.029024355,0.038709577,0.15087093,0.78139514,4.614548e-08
PIAVE,PIATE,0.17325857,0.0014160902,0.13354968,0.69078374,0.0009919981
PIAVE,PIATE,0.06294843,0.0025282232,0.10963434,0.82461184,0.00027720892
PIAVE,PIATE,0.055508193,0.006008137,0.042993754,0.89542973,6.021138e-05
PIAVE,PIATE,0.061773065,0.0044196737,0.032798033,0.90098244,2.6702492e-05
PIAVE,PIATE,0.049165744,0.004272657,0.018152883,0.9284064,2.3179512e-06
PIAVE,PIATE,0.17319293,0.02071639,0.08213939,0.72395074,5.4557404e-07
PIAVE,PIATE,0.17301859,0.012392953,0.12044027,0.69412935,1.8894849e-05
