y_pred,y_true
16.916269302368164,15.600000381469727
33.38684844970703,33.5
47.84434127807617,66.0999984741211
34.07920837402344,38.099998474121094
32.99168014526367,26.5
13.355173110961914,12.800000190734863
16.22490882873535,12.699999809265137
29.869525909423828,28.600000381469727
21.51146697998047,14.899999618530273
45.927032470703125,43.20000076293945
28.075801849365234,22.399999618530273
34.32559585571289,33.79999923706055
31.291603088378906,35.79999923706055
17.872703552246094,28.399999618530273
43.65690612792969,50.70000076293945
21.89358901977539,17.399999618530273
23.85935401916504,7.900000095367432
35.75863265991211,24.5
16.023616790771484,23.299999237060547
12.86788558959961,9.899999618530273
27.518123626708984,35.900001525878906
20.10604476928711,10.699999809265137
25.00297737121582,27.600000381469727
29.36855697631836,27.5
14.10108470916748,10.800000190734863
20.08890724182129,18.0
16.585407257080078,26.5
33.72492218017578,28.0
33.1811408996582,26.799999237060547
34.74951934814453,24.700000762939453
37.56836700439453,45.099998474121094
17.77393341064453,14.5
51.628578186035156,25.600000381469727
15.879144668579102,24.5
34.04949188232422,22.600000381469727
14.987407684326172,19.0
32.163970947265625,30.700000762939453
28.688533782958984,24.100000381469727
38.6529426574707,14.5
18.860591888427734,11.100000381469727
38.330162048339844,23.799999237060547
42.85900115966797,31.799999237060547
12.858320236206055,12.699999809265137
20.466079711914062,21.600000381469727
36.799652099609375,36.099998474121094
23.804485321044922,19.899999618530273
26.18794059753418,14.399999618530273
77.09172058105469,49.5
32.159217834472656,21.200000762939453
45.526092529296875,40.79999923706055
12.695782661437988,10.600000381469727
27.577529907226562,21.0
16.7428035736084,12.399999618530273
15.186225891113281,12.5
22.709434509277344,22.0
12.767403602600098,13.0
13.435243606567383,9.300000190734863
22.951560974121094,17.0
33.57177734375,37.0
20.446741104125977,13.199999809265137
13.514244079589844,11.100000381469727
19.01892852783203,20.399999618530273
29.74046516418457,34.0
38.63165283203125,25.299999237060547
33.641197204589844,24.399999618530273
38.165348052978516,21.799999237060547
23.19423484802246,43.900001525878906
28.367849349975586,49.599998474121094
17.378347396850586,22.600000381469727
14.673502922058105,17.200000762939453
10.082164764404297,11.199999809265137
16.75918197631836,16.5
13.123211860656738,10.699999809265137
12.744107246398926,10.0
39.25707244873047,26.600000381469727
18.996280670166016,14.899999618530273
14.788124084472656,11.0
13.632650375366211,11.899999618530273
18.997806549072266,11.699999809265137
12.043691635131836,8.399999618530273
12.214929580688477,7.900000095367432
12.940277099609375,11.100000381469727
13.12630844116211,7.099999904632568
19.561870574951172,12.100000381469727
17.042444229125977,15.699999809265137
14.301433563232422,10.399999618530273
14.639837265014648,13.399999618530273
11.713499069213867,11.699999809265137
15.929676055908203,16.700000762939453
35.092166900634766,32.400001525878906
19.043643951416016,13.300000190734863
19.089740753173828,20.100000381469727
12.68494987487793,14.100000381469727
13.280147552490234,14.100000381469727
20.21164321899414,12.199999809265137
41.40732955932617,45.20000076293945
33.632720947265625,22.299999237060547
13.619328498840332,17.600000381469727
11.633411407470703,8.199999809265137
11.918601036071777,10.600000381469727
12.157381057739258,13.699999809265137
13.196314811706543,9.800000190734863
14.40794563293457,12.800000190734863
13.519669532775879,13.100000381469727
14.019084930419922,10.600000381469727
13.660415649414062,10.399999618530273
13.09531021118164,10.300000190734863
13.0941743850708,12.399999618530273
12.89267635345459,7.800000190734863
19.668874740600586,11.399999618530273
17.998233795166016,15.0
20.013683319091797,12.399999618530273
13.255505561828613,7.599999904632568
14.315916061401367,11.0
13.34096622467041,12.0
14.18465805053711,9.300000190734863
12.80250358581543,11.0
11.41269588470459,8.300000190734863
14.259788513183594,11.899999618530273
14.951274871826172,11.399999618530273
19.59095001220703,14.5
21.09295654296875,15.199999809265137
11.00302505493164,9.199999809265137
16.32697296142578,15.699999809265137
13.563666343688965,9.0
13.173988342285156,10.600000381469727
18.171512603759766,14.399999618530273
14.595650672912598,9.699999809265137
16.234752655029297,12.0
14.283903121948242,11.399999618530273
10.813602447509766,8.899999618530273
11.972668647766113,9.699999809265137
12.798357963562012,9.899999618530273
11.484538078308105,11.899999618530273
16.12340545654297,10.899999618530273
14.286039352416992,9.899999618530273
29.473541259765625,41.599998474121094
39.31391906738281,40.5
15.168386459350586,17.100000381469727
30.76636505126953,27.799999237060547
27.226736068725586,18.0
25.730905532836914,31.5
40.855865478515625,36.0
17.955944061279297,27.399999618530273
30.472126007080078,26.5
26.502527236938477,33.79999923706055
33.021202087402344,26.299999237060547
16.477861404418945,13.600000381469727
40.670654296875,41.900001525878906
29.165021896362305,37.70000076293945
46.27024841308594,31.299999237060547
15.429954528808594,10.800000190734863
17.371536254882812,9.399999618530273
16.829769134521484,16.700000762939453
13.733201026916504,14.800000190734863
19.038349151611328,22.799999237060547
38.03964614868164,33.29999923706055
15.700429916381836,13.399999618530273
53.2734375,67.5
33.32440185546875,20.899999618530273
18.55854606628418,18.0
18.27652359008789,13.300000190734863
37.74818420410156,27.700000762939453
29.49566078186035,16.5
35.15901184082031,34.400001525878906
25.252731323242188,25.0
22.86081314086914,13.899999618530273
15.546957969665527,11.399999618530273
39.078147888183594,32.29999923706055
12.926304817199707,7.599999904632568
13.328910827636719,12.699999809265137
14.346197128295898,12.899999618530273
12.52577018737793,9.0
13.289795875549316,12.5
15.691893577575684,14.100000381469727
29.124454498291016,26.200000762939453
14.27316665649414,15.399999618530273
14.20145034790039,17.600000381469727
20.059459686279297,16.700000762939453
11.779452323913574,10.5
11.749858856201172,11.699999809265137
27.72338104248047,20.5
28.889389038085938,22.0
16.813011169433594,12.800000190734863
15.261857032775879,7.5
12.80564022064209,17.299999237060547
16.269969940185547,13.5
11.230836868286133,10.800000190734863
11.14694595336914,10.100000381469727
12.659590721130371,11.800000190734863
21.86104965209961,18.5
12.266935348510742,10.199999809265137
14.49885082244873,17.600000381469727
11.967467308044434,10.199999809265137
25.72657012939453,21.0
11.479454040527344,10.300000190734863
16.59417152404785,16.0
24.907516479492188,33.29999923706055
31.779891967773438,34.0
21.05955696105957,11.300000190734863
19.313709259033203,14.600000381469727
40.285396575927734,30.299999237060547
16.90753936767578,17.299999237060547
20.8225040435791,14.699999809265137
16.879823684692383,11.600000381469727
21.64006805419922,23.0
41.20111083984375,53.70000076293945
33.56264877319336,35.20000076293945
17.98491859436035,32.70000076293945
26.842151641845703,29.5
30.96236228942871,36.70000076293945
35.12921905517578,25.5
30.997461318969727,20.299999237060547
15.924910545349121,16.700000762939453
50.01543045043945,53.400001525878906
39.467506408691406,31.100000381469727
25.552274703979492,34.099998474121094
25.918987274169922,30.700000762939453
42.773197174072266,39.70000076293945
16.16216468811035,14.300000190734863
20.53573989868164,13.100000381469727
22.973445892333984,15.5
20.923559188842773,12.0
28.826736450195312,24.899999618530273
8.30313777923584,7.5
16.493867874145508,17.700000762939453
18.038970947265625,22.899999618530273
8.847268104553223,7.5
15.256477355957031,12.0
15.200101852416992,7.300000190734863
23.610618591308594,20.0
34.788055419921875,30.700000762939453
15.909394264221191,10.899999618530273
17.96320343017578,15.399999618530273
27.847993850708008,39.79999923706055
30.956439971923828,21.100000381469727
12.966157913208008,11.0
42.38315200805664,21.899999618530273
15.470361709594727,19.600000381469727
18.26993751525879,21.0
13.715455055236816,13.0
46.566898345947266,49.5
20.190053939819336,13.199999809265137
25.724872589111328,63.400001525878906
19.269855499267578,17.600000381469727
20.498088836669922,16.600000381469727
14.033560752868652,13.300000190734863
20.90764617919922,18.600000381469727
27.054527282714844,18.299999237060547
14.768226623535156,13.800000190734863
14.410228729248047,10.600000381469727
17.233928680419922,11.5
44.235107421875,31.100000381469727
27.537378311157227,21.0
15.581750869750977,14.300000190734863
19.376998901367188,21.299999237060547
18.08643341064453,11.699999809265137
19.114879608154297,17.299999237060547
17.488887786865234,15.0
12.32919979095459,10.5
37.360328674316406,3.5
26.10017204284668,27.399999618530273
23.592552185058594,18.0
14.262964248657227,15.899999618530273
19.484718322753906,11.100000381469727
21.293249130249023,15.199999809265137
24.698909759521484,12.600000381469727
18.806236267089844,20.0
20.836353302001953,11.600000381469727
10.700460433959961,14.800000190734863
22.295289993286133,13.5
32.159523010253906,20.399999618530273
31.626590728759766,18.5
13.817523956298828,12.300000190734863
15.714262008666992,42.099998474121094
25.153474807739258,10.899999618530273
20.72804069519043,19.0
18.90158462524414,11.5
19.877145767211914,9.899999618530273
14.148106575012207,16.5
26.031827926635742,11.5
21.274404525756836,16.700000762939453
20.198030471801758,14.699999809265137
31.474842071533203,15.800000190734863
29.804424285888672,23.799999237060547
16.51807403564453,13.5
13.340051651000977,11.300000190734863
10.42251968383789,13.399999618530273
10.53921127319336,9.399999618530273
25.693395614624023,23.799999237060547
23.7642822265625,21.700000762939453
17.255008697509766,12.300000190734863
18.247631072998047,19.799999237060547
16.688730239868164,16.799999237060547
16.933609008789062,12.199999809265137
13.676318168640137,12.300000190734863
12.05931568145752,10.899999618530273
17.415081024169922,20.100000381469727
14.865296363830566,12.0
15.096885681152344,15.300000190734863
37.969051361083984,25.0
17.3635196685791,12.699999809265137
16.43953514099121,12.699999809265137
25.718523025512695,15.399999618530273
21.20819091796875,15.300000190734863
22.372602462768555,23.5
22.381336212158203,19.0
16.942609786987305,15.600000381469727
14.788511276245117,13.100000381469727
20.500633239746094,20.899999618530273
15.245353698730469,11.899999618530273
15.319602966308594,8.699999809265137
27.477304458618164,32.79999923706055
15.299967765808105,29.600000381469727
19.161481857299805,20.799999237060547
16.96744155883789,7.599999904632568
23.77173614501953,17.399999618530273
16.543315887451172,11.0
21.938926696777344,21.700000762939453
48.16969299316406,53.0
26.496929168701172,19.299999237060547
17.177045822143555,11.699999809265137
49.36935806274414,58.599998474121094
15.969051361083984,13.100000381469727
22.43158721923828,20.700000762939453
40.0540657043457,30.399999618530273
29.05908966064453,25.399999618530273
15.703023910522461,14.199999809265137
31.79955291748047,19.5
13.395294189453125,10.899999618530273
13.91535758972168,12.0
15.74495792388916,9.899999618530273
20.089797973632812,20.600000381469727
17.470550537109375,7.300000190734863
14.440902709960938,16.299999237060547
11.123469352722168,12.5
13.593026161193848,14.199999809265137
31.007688522338867,21.799999237060547
12.259033203125,13.0
57.01036834716797,47.5
13.535927772521973,12.800000190734863
25.344234466552734,13.800000190734863
17.467750549316406,9.5
32.627357482910156,27.399999618530273
60.817604064941406,62.5
13.629435539245605,13.5
37.308349609375,33.5
14.457491874694824,12.199999809265137
40.989540100097656,30.700000762939453
34.53337097167969,25.799999237060547
26.498634338378906,19.100000381469727
26.151386260986328,14.5
15.401179313659668,14.800000190734863
36.90530014038086,35.400001525878906
25.75086212158203,30.700000762939453
27.816997528076172,20.5
17.303783416748047,11.300000190734863
17.92678451538086,22.100000381469727
26.09634017944336,17.5
17.806198120117188,11.399999618530273
27.219696044921875,27.600000381469727
23.230676651000977,14.0
8.831295013427734,14.399999618530273
15.874650955200195,9.699999809265137
12.511259078979492,9.699999809265137
11.544158935546875,11.800000190734863
11.976573944091797,7.199999809265137
26.040939331054688,13.899999618530273
25.633201599121094,22.799999237060547
36.757835388183594,39.599998474121094
18.53716468811035,10.0
25.811935424804688,26.200000762939453
43.5323486328125,31.899999618530273
40.29962158203125,27.899999618530273
15.595846176147461,14.800000190734863
18.317628860473633,20.600000381469727
21.53105926513672,25.100000381469727
16.178245544433594,17.600000381469727
14.237207412719727,12.399999618530273
24.352664947509766,12.899999618530273
39.612667083740234,28.0
14.614718437194824,12.100000381469727
17.983936309814453,11.699999809265137
10.572742462158203,16.5
13.796571731567383,15.0
27.10199737548828,13.100000381469727
28.581035614013672,21.200000762939453
8.05351734161377,15.600000381469727
18.742748260498047,20.600000381469727
23.612274169921875,17.5
13.948833465576172,12.0
34.21883010864258,13.699999809265137
26.952232360839844,13.600000381469727
18.434539794921875,10.300000190734863
17.750518798828125,13.699999809265137
24.61644744873047,24.399999618530273
16.732505798339844,15.399999618530273
22.562362670898438,12.300000190734863
17.70509147644043,11.600000381469727
20.789600372314453,11.399999618530273
21.467220306396484,16.200000762939453
19.981491088867188,13.699999809265137
13.154535293579102,15.5
25.503694534301758,51.400001525878906
28.773508071899414,18.700000762939453
17.305936813354492,21.799999237060547
12.11593246459961,11.600000381469727
33.94607925415039,7.900000095367432
16.573755264282227,5.099999904632568
14.592991828918457,9.899999618530273
12.692819595336914,5.199999809265137
15.924241065979004,14.699999809265137
14.13677978515625,16.200000762939453
15.036539077758789,11.399999618530273
38.191768646240234,7.199999809265137
22.70523452758789,9.600000381469727
36.37924575805664,17.5
13.293426513671875,13.199999809265137
18.538890838623047,13.300000190734863
21.258056640625,11.600000381469727
18.028425216674805,6.199999809265137
17.714771270751953,10.699999809265137
15.542030334472656,8.100000381469727
20.337488174438477,16.5
23.295021057128906,24.299999237060547
17.600955963134766,10.800000190734863
30.625289916992188,30.299999237060547
12.563934326171875,8.100000381469727
12.732352256774902,5.900000095367432
20.61806297302246,8.800000190734863
21.518808364868164,22.0
21.768539428710938,15.199999809265137
43.60687255859375,34.20000076293945
17.784448623657227,23.700000762939453
16.601211547851562,9.699999809265137
26.34891700744629,15.199999809265137
20.57505226135254,9.199999809265137
15.550333023071289,11.5
32.70198059082031,14.600000381469727
20.455341339111328,20.799999237060547
17.88399314880371,14.300000190734863
12.168730735778809,6.900000095367432
14.987380981445312,13.800000190734863
16.81442642211914,15.300000190734863
16.3023738861084,14.100000381469727
19.033260345458984,17.200000762939453
16.718555450439453,6.400000095367432
21.232097625732422,25.899999618530273
23.55950164794922,10.0
14.424673080444336,14.0
10.873719215393066,14.800000190734863
14.961380004882812,8.399999618530273
12.762369155883789,9.0
15.741022109985352,7.599999904632568
13.335710525512695,8.0
20.28765869140625,21.0
17.59754180908203,9.100000381469727
21.736774444580078,27.100000381469727
18.75585174560547,11.800000190734863
19.213279724121094,21.700000762939453
28.725269317626953,37.099998474121094
15.729724884033203,14.5
18.922496795654297,14.600000381469727
9.694134712219238,16.100000381469727
13.606817245483398,11.800000190734863
14.975296974182129,14.0
15.169641494750977,17.299999237060547
18.361164093017578,10.300000190734863
28.196075439453125,25.700000762939453
14.917892456054688,12.399999618530273
18.057239532470703,13.300000190734863
20.218189239501953,29.200000762939453
17.086881637573242,21.100000381469727
33.066383361816406,34.29999923706055
21.803268432617188,16.200000762939453
29.601106643676758,54.099998474121094
18.92992401123047,26.5
25.186723709106445,37.400001525878906
29.94715690612793,12.100000381469727
34.018775939941406,36.79999923706055
15.997223854064941,22.399999618530273
21.76007843017578,19.899999618530273
22.813217163085938,20.399999618530273
18.994823455810547,25.200000762939453
24.134567260742188,19.5
13.619791984558105,13.399999618530273
23.589710235595703,22.0
15.974933624267578,11.600000381469727
17.555164337158203,15.0
23.742887496948242,11.399999618530273
16.305339813232422,13.100000381469727
24.944856643676758,30.0
16.931228637695312,17.799999237060547
14.011127471923828,16.799999237060547
21.539600372314453,17.799999237060547
28.59447479248047,23.600000381469727
31.056194305419922,42.5
34.41087341308594,33.79999923706055
15.106063842773438,15.399999618530273
24.896636962890625,19.299999237060547
26.783485412597656,21.600000381469727
14.959867477416992,15.0
17.404254913330078,15.199999809265137
33.61934280395508,26.899999618530273
26.15735626220703,25.399999618530273
20.49016571044922,20.5
18.56220245361328,13.100000381469727
30.758920669555664,25.899999618530273
22.50913429260254,19.299999237060547
15.60767936706543,14.399999618530273
24.258878707885742,20.0
31.432743072509766,35.5
15.511306762695312,20.100000381469727
7.611934661865234,5.199999809265137
9.564949989318848,9.300000190734863
14.466972351074219,18.200000762939453
17.947792053222656,11.399999618530273
14.433277130126953,6.699999809265137
22.89258575439453,22.299999237060547
24.866134643554688,20.899999618530273
16.244789123535156,16.399999618530273
36.13914489746094,45.400001525878906
69.01190185546875,55.70000076293945
44.331024169921875,29.100000381469727
13.571561813354492,26.399999618530273
46.28866958618164,27.700000762939453
41.215293884277344,34.0
31.64627456665039,21.799999237060547
27.07717514038086,23.5
15.476110458374023,12.800000190734863
42.47673416137695,60.400001525878906
13.275423049926758,11.300000190734863
14.22818660736084,10.5
14.386894226074219,9.100000381469727
36.416053771972656,30.200000762939453
20.61062240600586,15.699999809265137
37.20793914794922,23.200000762939453
41.60582733154297,19.799999237060547
48.75812911987305,35.20000076293945
21.977684020996094,25.700000762939453
31.816112518310547,19.399999618530273
17.47553253173828,8.699999809265137
17.675697326660156,9.0
16.002681732177734,8.100000381469727
16.79376220703125,14.5
31.989261627197266,19.100000381469727
21.59502601623535,5.5
23.7537899017334,23.299999237060547
35.21489715576172,7.199999809265137
15.583501815795898,12.800000190734863
11.811415672302246,13.300000190734863
14.07706069946289,13.300000190734863
24.107677459716797,13.5
18.965438842773438,12.399999618530273
15.82536506652832,14.100000381469727
16.63833999633789,12.399999618530273
25.745948791503906,18.100000381469727
16.68685531616211,13.0
14.655033111572266,25.399999618530273
28.117523193359375,23.299999237060547
34.92637634277344,39.79999923706055
25.428184509277344,12.300000190734863
44.78953552246094,36.900001525878906
13.513439178466797,9.300000190734863
14.27577018737793,16.100000381469727
14.269567489624023,7.5
18.36728286743164,12.5
15.142904281616211,11.800000190734863
22.6103458404541,11.699999809265137
13.270435333251953,12.399999618530273
14.194864273071289,10.399999618530273
16.645145416259766,11.199999809265137
12.288864135742188,41.5
13.700910568237305,12.600000381469727
14.590113639831543,18.299999237060547
11.744550704956055,11.699999809265137
16.857486724853516,13.100000381469727
16.9822998046875,14.699999809265137
29.710092544555664,20.299999237060547
16.965763092041016,10.0
16.812755584716797,16.799999237060547
14.605572700500488,12.399999618530273
15.25922966003418,12.100000381469727
12.366302490234375,10.600000381469727
12.55727481842041,14.399999618530273
15.571199417114258,14.100000381469727
15.405904769897461,10.399999618530273
20.042110443115234,6.900000095367432
17.2751407623291,3.200000047683716
31.494483947753906,6.300000190734863
13.618446350097656,7.400000095367432
12.230746269226074,11.5
13.690366744995117,7.300000190734863
27.056180953979492,15.300000190734863
25.799694061279297,18.899999618530273
46.73212432861328,24.200000762939453
24.814987182617188,28.0
19.00606346130371,18.100000381469727
32.75251007080078,40.79999923706055
42.47911834716797,43.5
22.6636962890625,19.399999618530273
16.957460403442383,26.299999237060547
13.438115119934082,12.600000381469727
13.07615852355957,14.5
21.314403533935547,13.899999618530273
14.874287605285645,9.100000381469727
20.742151260375977,11.899999618530273
24.7554874420166,14.800000190734863
24.181060791015625,8.0
12.122607231140137,10.399999618530273
15.57891845703125,7.699999809265137
11.047473907470703,9.800000190734863
16.74065399169922,10.600000381469727
12.923891067504883,12.899999618530273
11.626060485839844,12.399999618530273
14.47872257232666,13.699999809265137
26.1733455657959,47.29999923706055
44.68169403076172,49.29999923706055
18.93954849243164,17.700000762939453
29.419498443603516,29.0
43.83604431152344,39.599998474121094
12.587753295898438,13.300000190734863
12.407644271850586,12.699999809265137
11.922725677490234,10.899999618530273
15.38870906829834,10.399999618530273
20.903507232666016,18.600000381469727
16.718900680541992,13.0
14.935546875,13.300000190734863
12.503931045532227,5.300000190734863
9.701127052307129,9.100000381469727
14.06570053100586,6.5
13.184072494506836,12.100000381469727
14.694849014282227,12.100000381469727
23.066165924072266,29.600000381469727
25.587919235229492,25.0
17.500606536865234,17.600000381469727
23.016948699951172,31.299999237060547
18.778789520263672,14.0
15.730506896972656,9.5
11.690040588378906,11.399999618530273
13.502635955810547,8.600000381469727
26.85955238342285,35.099998474121094
16.041820526123047,10.899999618530273
18.03815460205078,12.5
16.807830810546875,6.5
20.256202697753906,13.100000381469727
57.794761657714844,42.900001525878906
18.613353729248047,35.0
15.990927696228027,15.300000190734863
14.906854629516602,13.199999809265137
11.726583480834961,12.5
16.6951904296875,19.0
27.059532165527344,21.200000762939453
26.167314529418945,27.899999618530273
19.170978546142578,11.0
15.86815071105957,13.800000190734863
22.530698776245117,13.100000381469727
18.23468780517578,6.599999904632568
11.217845916748047,10.199999809265137
12.226203918457031,13.399999618530273
12.013175010681152,13.5
35.883155822753906,46.5
13.751012802124023,18.0
16.75749969482422,18.200000762939453
22.19544219970703,22.399999618530273
15.089048385620117,17.600000381469727
10.566793441772461,6.5
8.142005920410156,11.600000381469727
11.8406982421875,6.5
6.893255233764648,2.5
17.310279846191406,13.300000190734863
7.116612434387207,7.599999904632568
11.399084091186523,12.899999618530273
21.09104347229004,29.600000381469727
18.64715003967285,22.100000381469727
22.29903793334961,26.799999237060547
16.810585021972656,13.100000381469727
13.709285736083984,21.799999237060547
16.9962215423584,14.100000381469727
16.47366714477539,8.5
15.63000202178955,13.199999809265137
12.165406227111816,12.0
20.0860595703125,16.5
24.189979553222656,18.899999618530273
33.97834014892578,25.0
17.581632614135742,13.800000190734863
20.026081085205078,23.700000762939453
15.708282470703125,13.300000190734863
20.27767562866211,18.0
9.818022727966309,6.699999809265137
10.92361831665039,8.0
22.208343505859375,19.200000762939453
24.562015533447266,27.600000381469727
14.031950950622559,13.600000381469727
11.479665756225586,10.899999618530273
10.052568435668945,11.100000381469727
8.989145278930664,9.699999809265137
38.393760681152344,44.900001525878906
14.766955375671387,10.699999809265137
10.509194374084473,10.600000381469727
15.091398239135742,8.0
20.719837188720703,25.5
15.469376564025879,11.300000190734863
16.27751922607422,44.900001525878906
33.89893341064453,43.099998474121094
12.210302352905273,14.0
10.18960952758789,7.0
14.927849769592285,9.199999809265137
11.587285041809082,5.699999809265137
14.28265380859375,22.299999237060547
13.090169906616211,15.699999809265137
12.12084674835205,10.0
19.356475830078125,8.199999809265137
14.0279541015625,10.800000190734863
24.971879959106445,17.399999618530273
15.419751167297363,12.800000190734863
13.481861114501953,17.399999618530273
20.107101440429688,26.299999237060547
15.926716804504395,17.600000381469727
21.900484085083008,27.5
18.339210510253906,24.100000381469727
12.672211647033691,9.300000190734863
22.614282608032227,20.700000762939453
15.101533889770508,17.5
9.77679443359375,5.900000095367432
17.883380889892578,15.300000190734863
34.970489501953125,36.900001525878906
22.960947036743164,22.399999618530273
15.675651550292969,14.300000190734863
18.731861114501953,7.5
25.930635452270508,15.5
23.500972747802734,18.0
22.356229782104492,21.399999618530273
22.395498275756836,22.5
22.210725784301758,19.899999618530273
26.252595901489258,27.399999618530273
24.2589168548584,23.399999618530273
24.470829010009766,7.199999809265137
14.35789680480957,9.199999809265137
11.179000854492188,5.199999809265137
29.13876724243164,6.699999809265137
14.171279907226562,16.299999237060547
14.240091323852539,15.300000190734863
21.185501098632812,11.399999618530273
20.55590057373047,10.399999618530273
27.223573684692383,19.700000762939453
17.328231811523438,11.600000381469727
25.761493682861328,44.70000076293945
21.001033782958984,24.600000381469727
12.909076690673828,13.5
12.865606307983398,9.5
25.288101196289062,16.399999618530273
21.13239097595215,4.400000095367432
27.1947021484375,18.899999618530273
13.141862869262695,18.5
23.010595321655273,5.599999904632568
20.315711975097656,19.899999618530273
14.928157806396484,12.100000381469727
15.936882019042969,25.399999618530273
15.187214851379395,19.799999237060547
19.8311710357666,19.200000762939453
16.2544002532959,15.0
28.03860092163086,31.5
13.648996353149414,14.199999809265137
23.501489639282227,18.799999237060547
11.902514457702637,11.899999618530273
18.926563262939453,18.399999618530273
15.102477073669434,17.200000762939453
16.015661239624023,12.600000381469727
11.804573059082031,9.199999809265137
17.401763916015625,16.600000381469727
13.426376342773438,12.300000190734863
9.41417121887207,7.800000190734863
16.465808868408203,15.300000190734863
17.475399017333984,8.600000381469727
12.78343391418457,12.399999618530273
12.930522918701172,8.600000381469727
14.04313850402832,11.0
13.698415756225586,13.800000190734863
16.960979461669922,18.899999618530273
9.960160255432129,5.800000190734863
13.936431884765625,13.100000381469727
26.532958984375,16.5
11.992648124694824,9.800000190734863
10.937057495117188,8.199999809265137
12.303290367126465,15.600000381469727
13.374094009399414,12.300000190734863
12.610925674438477,13.899999618530273
13.400728225708008,15.600000381469727
19.686233520507812,26.200000762939453
22.940326690673828,23.700000762939453
12.990059852600098,9.5
18.695161819458008,17.5
16.89065933227539,10.699999809265137
17.018695831298828,15.0
22.477699279785156,21.399999618530273
18.709543228149414,14.5
11.57281494140625,6.900000095367432
13.516202926635742,11.5
17.569381713867188,11.100000381469727
11.78034782409668,13.300000190734863
24.833599090576172,19.299999237060547
15.784934043884277,16.299999237060547
16.58551597595215,12.100000381469727
14.081817626953125,12.199999809265137
21.50444793701172,18.700000762939453
17.530887603759766,22.100000381469727
18.47572135925293,20.399999618530273
21.959449768066406,16.299999237060547
25.236417770385742,43.70000076293945
11.381563186645508,5.599999904632568
36.1352424621582,30.799999237060547
22.62482452392578,27.399999618530273
23.148513793945312,25.299999237060547
14.794914245605469,13.0
23.65111541748047,25.100000381469727
11.72004508972168,9.0
23.378223419189453,26.600000381469727
22.120235443115234,26.5
40.9471549987793,25.799999237060547
39.063377380371094,36.70000076293945
24.385440826416016,21.399999618530273
56.06689453125,44.0
34.683414459228516,46.70000076293945
52.2725715637207,41.400001525878906
49.41669464111328,51.5
45.716796875,28.200000762939453
44.10988235473633,25.200000762939453
37.581565856933594,36.099998474121094
45.43722152709961,93.69999694824219
75.9505615234375,77.80000305175781
21.6474552154541,16.200000762939453
33.62922286987305,29.899999618530273
26.119108200073242,19.299999237060547
90.10393524169922,70.9000015258789
37.15890121459961,36.70000076293945
74.69630432128906,61.5
34.7197265625,19.399999618530273
59.62320327758789,45.79999923706055
48.14867401123047,34.900001525878906
36.59795379638672,19.299999237060547
49.90348815917969,28.799999237060547
43.0976448059082,35.20000076293945
36.92695236206055,16.799999237060547
52.39997100830078,37.900001525878906
74.49681091308594,45.900001525878906
24.84678840637207,36.599998474121094
58.46774673461914,45.5
21.423786163330078,26.299999237060547
23.29184341430664,17.5
41.7667350769043,29.700000762939453
35.52299499511719,20.600000381469727
39.9405517578125,25.399999618530273
39.808109283447266,28.799999237060547
34.238582611083984,20.799999237060547
30.246360778808594,15.300000190734863
39.309898376464844,36.900001525878906
26.888328552246094,25.799999237060547
33.273983001708984,37.29999923706055
26.593721389770508,29.600000381469727
13.771005630493164,16.899999618530273
13.333927154541016,9.699999809265137
9.193397521972656,14.899999618530273
16.97376823425293,22.399999618530273
29.866466522216797,31.299999237060547
17.105440139770508,22.0
23.843116760253906,18.799999237060547
20.1478271484375,18.399999618530273
25.143156051635742,38.5
15.941715240478516,13.399999618530273
32.752662658691406,8.300000190734863
14.967248916625977,17.299999237060547
12.442567825317383,16.799999237060547
22.59872817993164,28.899999618530273
16.361244201660156,17.100000381469727
13.977188110351562,9.899999618530273
16.75423812866211,18.799999237060547
34.43159484863281,79.80000305175781
25.310527801513672,15.300000190734863
15.560060501098633,8.800000190734863
16.345382690429688,14.800000190734863
15.698369026184082,6.099999904632568
13.041131019592285,17.0
17.60400390625,10.800000190734863
21.87883758544922,25.799999237060547
17.697635650634766,14.0
21.180461883544922,27.200000762939453
19.72877311706543,15.899999618530273
13.563779830932617,12.100000381469727
13.929309844970703,12.199999809265137
27.92904281616211,22.0
14.538984298706055,12.600000381469727
17.172962188720703,23.100000381469727
20.683032989501953,21.5
14.4954833984375,15.100000381469727
13.988414764404297,12.399999618530273
19.008563995361328,19.899999618530273
17.270381927490234,13.899999618530273
16.321775436401367,29.5
19.768367767333984,33.099998474121094
15.114034652709961,12.199999809265137
15.395920753479004,15.100000381469727
17.02682876586914,10.5
39.304473876953125,28.399999618530273
46.15046310424805,61.900001525878906
16.105846405029297,8.100000381469727
28.55514907836914,79.0
12.940852165222168,16.700000762939453
18.05608367919922,27.200000762939453
13.221711158752441,17.399999618530273
25.94318962097168,33.5
13.909454345703125,10.300000190734863
17.828384399414062,15.300000190734863
26.027191162109375,28.799999237060547
23.577991485595703,16.600000381469727
15.602989196777344,18.700000762939453
12.091197967529297,10.399999618530273
29.820491790771484,25.5
24.95452117919922,15.199999809265137
15.590179443359375,7.0
14.141875267028809,14.399999618530273
19.98398780822754,25.0
23.4089298248291,24.700000762939453
34.43788528442383,50.400001525878906
17.004119873046875,16.799999237060547
13.191102027893066,14.399999618530273
15.265657424926758,18.799999237060547
14.621587753295898,15.800000190734863
17.762907028198242,20.100000381469727
12.478456497192383,8.800000190734863
13.061562538146973,7.900000095367432
18.759906768798828,25.399999618530273
12.52225112915039,10.800000190734863
13.088211059570312,13.5
12.488031387329102,9.300000190734863
20.02933120727539,20.299999237060547
11.741535186767578,10.699999809265137
12.294679641723633,10.899999618530273
14.54349136352539,14.5
14.306282997131348,15.800000190734863
12.647497177124023,12.199999809265137
11.799296379089355,12.5
14.381525039672852,10.699999809265137
11.654670715332031,11.300000190734863
14.774374008178711,11.800000190734863
20.187158584594727,13.699999809265137
18.076072692871094,13.100000381469727
29.654312133789062,33.29999923706055
12.759930610656738,18.600000381469727
10.011327743530273,7.400000095367432
14.25827407836914,13.600000381469727
10.799646377563477,6.5
10.838382720947266,9.0
12.961128234863281,6.800000190734863
10.713939666748047,12.199999809265137
19.333873748779297,11.899999618530273
15.781044960021973,18.399999618530273
12.313532829284668,17.700000762939453
19.69025421142578,16.299999237060547
16.884098052978516,27.899999618530273
10.318109512329102,11.100000381469727
15.481555938720703,19.700000762939453
13.248453140258789,11.399999618530273
8.87506103515625,11.899999618530273
11.717105865478516,13.199999809265137
15.850381851196289,35.70000076293945
14.815512657165527,9.300000190734863
14.02536678314209,13.800000190734863
14.205034255981445,15.800000190734863
15.649964332580566,13.300000190734863
14.22806167602539,14.199999809265137
16.395191192626953,14.300000190734863
15.932262420654297,11.199999809265137
14.491988182067871,20.100000381469727
12.513347625732422,9.800000190734863
21.042613983154297,26.5
10.78533935546875,7.699999809265137
12.545829772949219,16.600000381469727
14.495619773864746,23.299999237060547
14.19003963470459,20.299999237060547
13.535123825073242,15.600000381469727
12.202868461608887,13.100000381469727
17.809181213378906,15.899999618530273
13.597383499145508,9.899999618530273
29.375747680664062,25.5
18.32430648803711,24.5
13.739498138427734,9.0
21.533676147460938,31.899999618530273
32.44610595703125,39.5
17.805545806884766,18.200000762939453
15.25857925415039,17.799999237060547
27.526779174804688,44.5
22.408185958862305,29.600000381469727
21.54227066040039,31.600000381469727
18.72479248046875,23.600000381469727
24.451690673828125,32.400001525878906
12.657041549682617,12.399999618530273
12.724668502807617,14.5
10.537365913391113,5.5
11.462211608886719,7.800000190734863
14.598869323730469,13.800000190734863
15.657735824584961,43.20000076293945
12.305448532104492,13.399999618530273
17.018951416015625,17.399999618530273
9.377925872802734,5.900000095367432
17.16946029663086,10.899999618530273
14.016830444335938,12.800000190734863
14.239490509033203,14.199999809265137
11.44658088684082,11.0
21.50357437133789,20.899999618530273
12.337620735168457,13.800000190734863
21.34463882446289,21.799999237060547
16.145910263061523,28.200000762939453
15.34036636352539,8.600000381469727
15.28415298461914,11.5
12.062948226928711,13.0
22.075023651123047,28.0
10.058990478515625,7.199999809265137
10.94103717803955,15.100000381469727
13.164021492004395,13.100000381469727
9.710203170776367,12.0
25.862977981567383,41.5
40.753196716308594,54.599998474121094
19.048076629638672,24.200000762939453
10.987044334411621,8.600000381469727
15.098617553710938,13.199999809265137
13.417366981506348,17.399999618530273
9.43331527709961,9.0
15.406679153442383,17.5
20.687152862548828,16.799999237060547
24.769474029541016,15.899999618530273
11.935911178588867,10.199999809265137
9.789649963378906,9.0
11.866792678833008,12.399999618530273
9.590867042541504,8.600000381469727
10.122101783752441,9.5
12.841463088989258,9.899999618530273
9.351934432983398,8.5
15.197426795959473,15.199999809265137
11.561347961425781,13.0
11.25463581085205,12.100000381469727
12.171829223632812,6.800000190734863
10.230865478515625,6.099999904632568
11.525443077087402,14.699999809265137
12.170690536499023,15.0
8.916637420654297,9.899999618530273
10.11684799194336,10.600000381469727
10.106222152709961,10.600000381469727
12.063338279724121,9.300000190734863
8.305807113647461,5.199999809265137
11.452781677246094,13.800000190734863
11.280012130737305,11.800000190734863
12.647773742675781,8.800000190734863
10.627355575561523,9.600000381469727
10.671497344970703,7.800000190734863
10.793825149536133,8.800000190734863
11.080796241760254,7.599999904632568
9.133672714233398,8.199999809265137
13.235990524291992,13.399999618530273
9.6557035446167,9.399999618530273
10.44182014465332,17.899999618530273
20.369384765625,15.5
12.580638885498047,14.699999809265137
12.296070098876953,9.800000190734863
27.24468421936035,32.0
10.76654052734375,16.299999237060547
10.99167537689209,5.199999809265137
10.86033821105957,10.399999618530273
17.832286834716797,13.199999809265137
20.647258758544922,22.299999237060547
22.29384422302246,26.100000381469727
22.459806442260742,19.399999618530273
11.934427261352539,10.5
14.056339263916016,9.300000190734863
13.816781997680664,14.600000381469727
25.402986526489258,22.200000762939453
19.285011291503906,13.0
18.43051528930664,19.799999237060547
17.65705108642578,16.5
24.519210815429688,24.100000381469727
15.579419136047363,12.300000190734863
29.941919326782227,20.299999237060547
14.476462364196777,20.799999237060547
11.63241958618164,10.899999618530273
14.189521789550781,11.899999618530273
15.079326629638672,9.199999809265137
11.135370254516602,9.199999809265137
10.502775192260742,9.300000190734863
12.381612777709961,15.100000381469727
11.24421215057373,8.300000190734863
45.330299377441406,41.900001525878906
10.786001205444336,13.600000381469727
25.423606872558594,30.0
13.073031425476074,15.800000190734863
11.092315673828125,17.200000762939453
16.654767990112305,15.399999618530273
9.30605697631836,4.300000190734863
28.47696304321289,34.099998474121094
15.10300064086914,14.800000190734863
14.132347106933594,22.0
13.243918418884277,14.0
12.853545188903809,10.0
9.526477813720703,7.400000095367432
12.425302505493164,10.899999618530273
11.582988739013672,9.199999809265137
14.881937026977539,14.100000381469727
11.306597709655762,12.100000381469727
13.838171005249023,12.0
10.914613723754883,6.0
11.029645919799805,5.599999904632568
17.87000274658203,17.799999237060547
19.011295318603516,13.899999618530273
13.10324764251709,13.100000381469727
10.347755432128906,4.699999809265137
11.857686996459961,9.600000381469727
12.754295349121094,16.700000762939453
13.687191009521484,16.0
15.790698051452637,11.0
9.072067260742188,5.199999809265137
16.39763641357422,12.5
9.476127624511719,12.0
9.556764602661133,10.300000190734863
25.570018768310547,12.699999809265137
14.380044937133789,14.0
14.26071548461914,12.600000381469727
16.05377769470215,15.5
13.729028701782227,12.100000381469727
10.221946716308594,9.5
16.1622314453125,20.0
18.42684555053711,17.600000381469727
16.294429779052734,11.300000190734863
20.529064178466797,22.399999618530273
18.137413024902344,23.700000762939453
20.840559005737305,13.899999618530273
20.53736686706543,22.799999237060547
16.777324676513672,18.100000381469727
12.415175437927246,13.5
10.193880081176758,9.300000190734863
10.78117561340332,8.699999809265137
20.871623992919922,11.0
11.065547943115234,13.699999809265137
15.392045974731445,9.399999618530273
11.967277526855469,4.5
15.469657897949219,13.300000190734863
10.89018440246582,10.100000381469727
14.76539421081543,10.699999809265137
16.216886520385742,7.599999904632568
17.938671112060547,12.100000381469727
15.48862361907959,15.300000190734863
11.976354598999023,5.5
13.286727905273438,10.600000381469727
9.235119819641113,7.400000095367432
16.76171875,15.5
9.0977783203125,2.799999952316284
16.9952392578125,6.599999904632568
19.76402473449707,15.899999618530273
14.757872581481934,15.5
25.297691345214844,13.300000190734863
12.983469009399414,12.399999618530273
19.752437591552734,12.0
21.309925079345703,15.899999618530273
12.390077590942383,11.399999618530273
14.011918067932129,12.600000381469727
17.276226043701172,29.700000762939453
25.434438705444336,23.100000381469727
32.04304504394531,25.100000381469727
13.906736373901367,12.399999618530273
15.217400550842285,10.5
15.61410903930664,10.600000381469727
21.489782333374023,19.799999237060547
20.457536697387695,12.399999618530273
15.381261825561523,13.300000190734863
12.958581924438477,16.399999618530273
18.606178283691406,21.899999618530273
10.93356990814209,8.699999809265137
14.435582160949707,10.100000381469727
17.9726619720459,23.0
15.789173126220703,20.100000381469727
12.922807693481445,16.799999237060547
20.590499877929688,27.799999237060547
16.168062210083008,15.100000381469727
22.568803787231445,19.0
16.197608947753906,11.5
20.349010467529297,19.600000381469727
18.676403045654297,15.899999618530273
24.82671546936035,20.799999237060547
20.72412872314453,13.800000190734863
14.675407409667969,8.600000381469727
15.550006866455078,15.399999618530273
15.733100891113281,14.899999618530273
15.02119255065918,18.700000762939453
9.062005996704102,8.300000190734863
14.341803550720215,13.699999809265137
22.585283279418945,13.699999809265137
8.620271682739258,5.900000095367432
14.034685134887695,11.0
29.031049728393555,28.799999237060547
16.516586303710938,16.5
13.281364440917969,19.600000381469727
21.81183624267578,26.100000381469727
12.228012084960938,9.399999618530273
12.707794189453125,8.800000190734863
20.30261993408203,28.399999618530273
37.33431625366211,30.600000381469727
13.404630661010742,11.399999618530273
43.28902816772461,18.200000762939453
18.417163848876953,18.200000762939453
16.597503662109375,21.5
29.255884170532227,12.399999618530273
19.61436653137207,6.0
18.19430160522461,12.0
21.705528259277344,10.199999809265137
15.633855819702148,11.800000190734863
16.51724624633789,15.699999809265137
21.51251983642578,22.100000381469727
13.53162670135498,14.0
12.744416236877441,9.699999809265137
11.062923431396484,15.0
29.710954666137695,5.900000095367432
14.920284271240234,11.199999809265137
19.8883056640625,13.300000190734863
17.13596534729004,11.300000190734863
23.610960006713867,23.399999618530273
40.34466552734375,32.599998474121094
15.819826126098633,18.899999618530273
18.681503295898438,23.700000762939453
13.961784362792969,14.899999618530273
21.638469696044922,20.5
21.30176544189453,12.5
16.147804260253906,16.600000381469727
28.72564697265625,25.5
25.865480422973633,9.899999618530273
29.917652130126953,16.5
32.59989547729492,20.299999237060547
15.832023620605469,17.799999237060547
26.830568313598633,14.300000190734863
14.591741561889648,13.5
27.61455726623535,22.600000381469727
12.33222770690918,8.899999618530273
14.680867195129395,24.100000381469727
33.97349548339844,34.20000076293945
12.863832473754883,18.299999237060547
13.294669151306152,14.300000190734863
23.61881446838379,11.800000190734863
16.407785415649414,11.5
15.464395523071289,10.300000190734863
13.746554374694824,20.100000381469727
20.888965606689453,26.100000381469727
35.381744384765625,25.700000762939453
14.25896167755127,11.800000190734863
12.964237213134766,12.100000381469727
14.127166748046875,9.600000381469727
24.822193145751953,12.600000381469727
11.286855697631836,7.599999904632568
14.441673278808594,14.0
13.59363079071045,13.100000381469727
12.76722526550293,26.5
13.708796501159668,11.800000190734863
24.340194702148438,20.799999237060547
11.227005004882812,8.699999809265137
10.3707914352417,5.699999809265137
20.513633728027344,10.899999618530273
22.414783477783203,23.200000762939453
14.468432426452637,14.300000190734863
11.558406829833984,11.899999618530273
18.357868194580078,13.800000190734863
13.056658744812012,15.300000190734863
15.74999713897705,17.899999618530273
13.541873931884766,14.5
20.460697174072266,21.399999618530273
14.213854789733887,11.100000381469727
18.49995994567871,16.399999618530273
23.307283401489258,15.5
21.67435073852539,30.700000762939453
25.09638214111328,26.399999618530273
11.141337394714355,17.399999618530273
16.641475677490234,15.100000381469727
11.734517097473145,23.5
13.884394645690918,12.300000190734863
13.691887855529785,18.799999237060547
13.74665641784668,17.700000762939453
12.122797012329102,17.299999237060547
16.159425735473633,18.600000381469727
14.815105438232422,16.0
15.188966751098633,19.200000762939453
14.015318870544434,27.299999237060547
14.838213920593262,15.5
21.046062469482422,23.700000762939453
15.081725120544434,15.399999618530273
13.399465560913086,17.299999237060547
19.168155670166016,19.299999237060547
39.48731994628906,29.100000381469727
14.191072463989258,15.5
12.214421272277832,5.900000095367432
16.875280380249023,28.600000381469727
10.96426773071289,10.5
26.573448181152344,16.200000762939453
15.440059661865234,11.600000381469727
16.325592041015625,12.899999618530273
16.28469467163086,13.699999809265137
11.655818939208984,5.800000190734863
13.19642448425293,12.899999618530273
24.156776428222656,15.699999809265137
14.251340866088867,9.399999618530273
15.128253936767578,15.5
15.107776641845703,22.899999618530273
11.933294296264648,12.600000381469727
18.823537826538086,17.799999237060547
13.772281646728516,15.399999618530273
13.521431922912598,14.300000190734863
18.379709243774414,23.0
22.571369171142578,18.299999237060547
11.908197402954102,12.399999618530273
13.680559158325195,11.899999618530273
17.909696578979492,18.100000381469727
26.49953269958496,23.0
16.184791564941406,14.800000190734863
21.606266021728516,19.899999618530273
19.606914520263672,14.899999618530273
41.00748062133789,49.29999923706055
26.981922149658203,25.799999237060547
18.645328521728516,13.699999809265137
23.41796112060547,18.0
22.42605972290039,18.200000762939453
19.0118350982666,13.899999618530273
11.562801361083984,10.300000190734863
15.72994613647461,17.600000381469727
27.70863151550293,14.699999809265137
18.948484420776367,12.0
20.09939193725586,11.800000190734863
11.613842010498047,15.399999618530273
19.476966857910156,14.300000190734863
15.170305252075195,13.899999618530273
18.261232376098633,38.0
16.709148406982422,14.800000190734863
25.994598388671875,21.700000762939453
11.123275756835938,22.200000762939453
19.77531623840332,17.399999618530273
13.346908569335938,13.300000190734863
17.081680297851562,18.899999618530273
17.72834014892578,11.699999809265137
12.10059928894043,17.399999618530273
15.949609756469727,15.399999618530273
17.834728240966797,27.600000381469727
15.090517044067383,14.0
20.701688766479492,16.799999237060547
11.76126480102539,7.699999809265137
12.90030574798584,10.699999809265137
14.244440078735352,13.100000381469727
11.822593688964844,11.0
15.881275177001953,11.199999809265137
20.531452178955078,17.200000762939453
16.172771453857422,14.199999809265137
16.339061737060547,15.0
22.703868865966797,17.700000762939453
16.88011932373047,24.0
11.544646263122559,12.800000190734863
26.204071044921875,22.799999237060547
17.30437469482422,15.600000381469727
10.670122146606445,14.100000381469727
12.179033279418945,9.199999809265137
10.236454963684082,12.100000381469727
15.468294143676758,9.0
16.015064239501953,15.699999809265137
19.821186065673828,28.700000762939453
13.232378005981445,12.800000190734863
17.838851928710938,19.399999618530273
16.67522621154785,22.600000381469727
22.490966796875,24.600000381469727
15.083813667297363,22.399999618530273
60.43871307373047,17.600000381469727
15.857903480529785,12.899999618530273
15.677580833435059,14.5
10.708752632141113,14.600000381469727
28.135705947875977,13.199999809265137
15.018211364746094,14.699999809265137
34.92789840698242,18.899999618530273
25.89396095275879,14.699999809265137
19.74532699584961,36.79999923706055
13.46727180480957,18.100000381469727
32.15838623046875,19.200000762939453
21.893096923828125,16.200000762939453
17.683231353759766,15.699999809265137
20.16238784790039,16.5
13.71550464630127,12.600000381469727
15.48721981048584,23.700000762939453
17.322399139404297,14.5
21.403921127319336,12.399999618530273
20.48075294494629,16.700000762939453
24.08026885986328,21.0
22.567134857177734,19.200000762939453
31.97949981689453,28.899999618530273
21.410419464111328,16.200000762939453
34.542388916015625,22.299999237060547
18.500612258911133,15.699999809265137
15.405708312988281,11.300000190734863
17.835391998291016,16.299999237060547
12.106040000915527,19.600000381469727
18.56473731994629,21.600000381469727
14.139730453491211,9.300000190734863
13.319499969482422,12.100000381469727
19.872882843017578,33.0
15.998002052307129,23.799999237060547
17.420215606689453,20.600000381469727
11.25536060333252,22.399999618530273
17.746604919433594,19.399999618530273
63.181732177734375,40.0
35.795352935791016,8.300000190734863
19.045154571533203,16.200000762939453
13.070457458496094,11.899999618530273
27.470813751220703,20.700000762939453
21.687801361083984,51.29999923706055
15.818774223327637,16.899999618530273
14.559501647949219,16.100000381469727
25.237613677978516,37.900001525878906
50.25706481933594,34.20000076293945
14.263130187988281,22.700000762939453
18.85393524169922,11.0
15.1697359085083,9.199999809265137
14.429685592651367,23.5
19.339893341064453,18.299999237060547
18.472003936767578,20.200000762939453
21.55929946899414,29.0
15.2693452835083,23.299999237060547
13.804290771484375,18.100000381469727
19.19601821899414,19.899999618530273
17.660961151123047,12.600000381469727
22.634906768798828,17.0
18.485925674438477,17.200000762939453
18.60854721069336,30.399999618530273
21.778583526611328,24.200000762939453
26.39105987548828,25.700000762939453
23.4962158203125,4.099999904632568
17.131776809692383,11.800000190734863
15.982084274291992,9.600000381469727
40.452430725097656,27.0
13.806137084960938,11.399999618530273
17.873275756835938,12.5
14.193645477294922,23.600000381469727
14.638827323913574,5.099999904632568
34.921775817871094,48.400001525878906
14.069740295410156,29.600000381469727
21.28986167907715,15.600000381469727
26.689977645874023,28.899999618530273
26.525056838989258,14.699999809265137
20.359718322753906,14.699999809265137
20.860458374023438,12.699999809265137
25.82779312133789,26.399999618530273
22.385311126708984,11.300000190734863
25.490711212158203,15.899999618530273
37.876953125,18.5
25.462570190429688,17.5
16.94139289855957,18.200000762939453
24.162485122680664,16.299999237060547
16.48756980895996,20.700000762939453
24.815616607666016,14.899999618530273
13.936452865600586,9.100000381469727
17.10179901123047,13.5
17.008350372314453,13.800000190734863
12.033651351928711,0.0
11.600059509277344,11.199999809265137
16.941883087158203,14.399999618530273
28.20442771911621,24.0
21.715652465820312,21.899999618530273
17.442909240722656,16.700000762939453
12.389297485351562,12.399999618530273
9.417598724365234,5.800000190734863
19.789093017578125,31.600000381469727
21.77886199951172,18.899999618530273
24.033456802368164,21.0
15.24015998840332,18.399999618530273
16.942834854125977,13.399999618530273
26.577144622802734,52.79999923706055
22.77313232421875,24.600000381469727
20.638736724853516,21.899999618530273
17.109146118164062,8.699999809265137
16.25369644165039,16.899999618530273
22.0137939453125,18.100000381469727
13.386844635009766,21.100000381469727
17.682018280029297,18.200000762939453
18.573822021484375,22.700000762939453
29.41687774658203,32.599998474121094
13.769172668457031,13.600000381469727
30.067338943481445,17.700000762939453
24.176605224609375,20.600000381469727
16.748046875,11.600000381469727
21.81670570373535,21.600000381469727
16.929473876953125,22.399999618530273
19.7884464263916,16.799999237060547
16.605594635009766,11.600000381469727
17.33181381225586,9.5
23.885787963867188,15.5
22.090808868408203,13.600000381469727
14.355100631713867,10.699999809265137
10.102481842041016,12.699999809265137
19.845516204833984,13.600000381469727
16.77297592163086,13.399999618530273
15.428812026977539,18.100000381469727
30.79433250427246,19.0
14.45522689819336,16.799999237060547
13.999581336975098,22.799999237060547
16.227157592773438,38.400001525878906
15.145685195922852,14.0
13.079975128173828,15.300000190734863
14.160974502563477,14.699999809265137
18.743728637695312,14.5
31.69573211669922,83.69999694824219
15.727899551391602,5.099999904632568
20.027681350708008,23.600000381469727
18.886686325073242,13.5
16.35773468017578,18.700000762939453
13.89352798461914,11.0
16.487327575683594,11.699999809265137
17.431716918945312,19.899999618530273
14.477837562561035,14.800000190734863
13.2095365524292,12.899999618530273
19.339885711669922,25.5
37.099952697753906,11.800000190734863
17.635887145996094,33.099998474121094
26.940967559814453,28.600000381469727
27.86844253540039,65.80000305175781
14.255645751953125,11.699999809265137
17.330734252929688,10.899999618530273
15.961857795715332,13.600000381469727
18.51505470275879,24.200000762939453
17.29198455810547,17.399999618530273
17.76146697998047,16.700000762939453
17.88232421875,9.699999809265137
21.342041015625,7.699999809265137
10.598774909973145,7.900000095367432
17.655181884765625,7.400000095367432
9.234230041503906,9.600000381469727
9.928179740905762,10.100000381469727
11.173164367675781,13.399999618530273
15.25576400756836,11.600000381469727
11.24464225769043,5.099999904632568
9.377618789672852,0.0
12.912278175354004,8.399999618530273
12.277801513671875,13.0
19.948734283447266,18.799999237060547
28.732074737548828,13.0
36.45072937011719,20.0
15.271720886230469,20.200000762939453
22.354991912841797,6.300000190734863
12.32021427154541,10.399999618530273
12.783717155456543,12.5
13.723867416381836,15.5
13.948217391967773,12.0
21.02132797241211,11.300000190734863
10.170636177062988,9.699999809265137
11.546915054321289,14.899999618530273
12.45565414428711,10.199999809265137
15.455806732177734,16.5
12.35716438293457,8.600000381469727
13.406806945800781,11.699999809265137
12.210718154907227,12.800000190734863
17.85889434814453,20.299999237060547
13.605925559997559,10.100000381469727
18.355316162109375,25.299999237060547
17.01030731201172,13.399999618530273
14.168298721313477,14.300000190734863
14.373611450195312,9.0
13.402194023132324,13.5
28.51528549194336,27.899999618530273
11.260555267333984,9.600000381469727
11.812886238098145,14.600000381469727
9.173834800720215,13.0
13.002262115478516,9.199999809265137
13.650897979736328,12.0
17.08333969116211,17.600000381469727
13.638605117797852,12.600000381469727
9.631030082702637,11.399999618530273
13.427431106567383,10.899999618530273
21.452232360839844,15.300000190734863
16.041540145874023,14.0
21.75377655029297,25.100000381469727
13.16221809387207,10.899999618530273
16.401561737060547,20.299999237060547
15.377387046813965,8.100000381469727
17.33623504638672,10.5
16.365062713623047,9.300000190734863
12.722877502441406,10.5
13.7942533493042,12.5
10.844191551208496,10.5
14.55815315246582,13.5
12.87417221069336,11.800000190734863
13.201908111572266,5.800000190734863
18.333345413208008,13.100000381469727
16.94355583190918,19.200000762939453
14.562429428100586,9.5
12.870527267456055,9.0
13.598926544189453,9.699999809265137
26.760719299316406,11.199999809265137
20.9100341796875,9.0
22.137489318847656,12.800000190734863
24.0596866607666,14.5
22.033815383911133,20.0
13.575103759765625,10.199999809265137
26.44729995727539,29.399999618530273
11.022985458374023,6.099999904632568
14.367645263671875,6.699999809265137
11.22486686706543,9.199999809265137
10.31393051147461,6.400000095367432
10.284255981445312,9.0
10.253803253173828,7.099999904632568
11.481411933898926,7.300000190734863
14.514528274536133,9.100000381469727
13.614849090576172,11.399999618530273
11.307977676391602,7.300000190734863
9.364175796508789,6.400000095367432
15.635709762573242,8.600000381469727
9.889080047607422,5.5
9.791463851928711,7.199999809265137
10.544807434082031,5.5
12.494796752929688,16.600000381469727
26.072811126708984,11.399999618530273
9.781681060791016,7.800000190734863
11.97629165649414,7.800000190734863
11.37114143371582,9.899999618530273
24.61280059814453,7.900000095367432
15.54940414428711,11.5
15.832852363586426,9.199999809265137
18.416275024414062,16.799999237060547
10.246208190917969,10.800000190734863
10.104772567749023,9.300000190734863
18.43941307067871,37.29999923706055
11.230695724487305,7.900000095367432
15.237547874450684,13.899999618530273
14.11422348022461,14.100000381469727
14.348438262939453,13.600000381469727
15.361542701721191,16.5
14.566743850708008,10.300000190734863
15.482185363769531,13.300000190734863
13.780998229980469,11.199999809265137
31.811859130859375,31.799999237060547
22.80318832397461,22.700000762939453
12.900518417358398,9.5
10.941141128540039,7.800000190734863
10.787720680236816,8.800000190734863
12.466789245605469,14.0
22.50128173828125,23.600000381469727
14.701742172241211,10.899999618530273
13.244680404663086,10.300000190734863
17.613056182861328,9.899999618530273
14.579388618469238,16.600000381469727
9.046651840209961,7.0
10.294748306274414,8.300000190734863
23.591392517089844,22.899999618530273
11.974074363708496,7.199999809265137
10.269857406616211,10.699999809265137
17.734647750854492,14.399999618530273
11.860548973083496,14.699999809265137
13.374356269836426,13.5
12.263282775878906,7.199999809265137
11.88575553894043,10.699999809265137
9.149724960327148,5.5
28.71506690979004,20.0
25.0382137298584,16.600000381469727
36.916358947753906,36.5
12.991847038269043,7.699999809265137
13.756274223327637,8.899999618530273
21.125791549682617,9.100000381469727
14.189537048339844,18.700000762939453
13.030701637268066,7.900000095367432
28.217472076416016,10.800000190734863
12.730405807495117,8.800000190734863
11.908868789672852,8.300000190734863
11.146368026733398,6.400000095367432
10.915523529052734,7.599999904632568
10.590511322021484,6.800000190734863
11.491414070129395,8.699999809265137
11.746259689331055,9.699999809265137
9.056402206420898,9.699999809265137
9.983075141906738,9.699999809265137
18.267406463623047,12.300000190734863
8.772814750671387,10.800000190734863
17.50125503540039,14.899999618530273
19.772565841674805,18.200000762939453
11.449470520019531,10.0
12.54271125793457,8.5
10.232681274414062,10.0
20.463394165039062,8.0
9.400903701782227,6.900000095367432
9.820999145507812,8.0
11.723098754882812,12.899999618530273
9.854702949523926,9.199999809265137
21.0474796295166,9.600000381469727
10.89637565612793,8.800000190734863
17.258689880371094,16.899999618530273
13.914406776428223,14.899999618530273
9.425108909606934,13.100000381469727
10.423837661743164,14.899999618530273
10.753693580627441,9.199999809265137
16.36724090576172,9.399999618530273
8.952970504760742,7.900000095367432
12.906329154968262,8.0
10.087520599365234,9.800000190734863
9.669344902038574,7.900000095367432
13.452662467956543,15.600000381469727
11.741769790649414,13.699999809265137
13.676370620727539,6.099999904632568
26.55219268798828,15.800000190734863
12.536050796508789,9.300000190734863
10.874448776245117,7.099999904632568
12.308515548706055,14.0
16.625425338745117,9.100000381469727
9.575782775878906,15.0
9.82455825805664,10.699999809265137
12.049102783203125,14.199999809265137
22.061790466308594,12.0
15.92048454284668,7.199999809265137
25.6429500579834,12.300000190734863
14.24333381652832,12.800000190734863
14.863567352294922,11.800000190734863
23.08092498779297,11.600000381469727
11.89739990234375,14.300000190734863
25.081375122070312,30.899999618530273
12.453304290771484,11.199999809265137
12.377954483032227,7.5
13.869884490966797,23.0
13.139759063720703,9.199999809265137
24.77275848388672,18.5
16.62945556640625,14.5
10.360522270202637,10.0
11.444988250732422,10.300000190734863
12.948028564453125,10.199999809265137
11.244731903076172,8.5
14.614030838012695,17.100000381469727
17.140565872192383,14.399999618530273
9.66276741027832,6.199999809265137
13.312385559082031,7.599999904632568
14.381441116333008,14.300000190734863
14.154479026794434,5.699999809265137
9.73348617553711,8.600000381469727
10.267168998718262,9.899999618530273
23.70564842224121,24.700000762939453
14.101216316223145,14.899999618530273
10.919492721557617,10.399999618530273
31.14080810546875,23.799999237060547
17.947559356689453,14.800000190734863
9.912551879882812,11.899999618530273
13.860157012939453,7.900000095367432
13.335250854492188,10.5
13.20004653930664,11.600000381469727
14.405818939208984,7.900000095367432
11.163095474243164,10.899999618530273
15.34423542022705,12.600000381469727
16.12561798095703,13.100000381469727
14.02786636352539,9.199999809265137
12.421875953674316,13.300000190734863
18.31482696533203,26.200000762939453
9.901532173156738,6.099999904632568
14.892292976379395,6.599999904632568
14.182483673095703,18.100000381469727
14.475790023803711,9.699999809265137
18.283252716064453,14.5
12.36021614074707,9.100000381469727
13.823213577270508,7.099999904632568
11.931772232055664,8.899999618530273
14.917563438415527,8.100000381469727
10.508291244506836,9.800000190734863
14.308599472045898,13.300000190734863
9.718603134155273,12.0
12.835609436035156,10.199999809265137
26.457176208496094,26.600000381469727
19.289491653442383,9.600000381469727
11.49109172821045,9.300000190734863
9.608794212341309,10.800000190734863
11.985079765319824,7.800000190734863
14.206146240234375,14.0
10.18301010131836,13.100000381469727
12.7099027633667,7.800000190734863
14.922386169433594,14.100000381469727
11.400845527648926,9.100000381469727
12.64314079284668,15.199999809265137
13.638547897338867,9.100000381469727
15.626511573791504,7.300000190734863
14.060047149658203,12.0
20.788673400878906,12.600000381469727
23.638545989990234,14.199999809265137
11.43028450012207,12.699999809265137
12.016493797302246,11.699999809265137
9.823602676391602,8.800000190734863
21.525962829589844,13.800000190734863
8.979926109313965,6.400000095367432
21.583452224731445,6.699999809265137
17.274044036865234,11.0
14.26137638092041,5.5
9.691797256469727,8.100000381469727
9.868145942687988,10.0
12.9758882522583,8.399999618530273
26.261089324951172,14.399999618530273
10.89992904663086,9.100000381469727
13.005437850952148,10.100000381469727
10.584365844726562,8.899999618530273
11.595444679260254,7.300000190734863
23.940227508544922,15.600000381469727
15.546521186828613,8.5
13.254701614379883,11.800000190734863
17.51342010498047,13.600000381469727
10.825150489807129,13.5
14.832801818847656,11.699999809265137
12.832869529724121,10.199999809265137
17.484081268310547,19.799999237060547
55.323062896728516,29.600000381469727
13.702573776245117,18.5
19.78841209411621,21.0
15.695695877075195,13.699999809265137
14.278619766235352,13.0
10.359637260437012,15.0
13.216264724731445,7.900000095367432
10.395275115966797,10.199999809265137
16.785438537597656,19.200000762939453
21.215572357177734,12.699999809265137
17.049724578857422,9.0
12.105603218078613,10.0
12.814451217651367,13.699999809265137
10.072582244873047,13.199999809265137
33.03032684326172,22.700000762939453
28.55164909362793,27.799999237060547
10.60583782196045,9.399999618530273
10.14688777923584,8.199999809265137
17.733165740966797,12.600000381469727
13.406057357788086,13.5
11.249176025390625,8.800000190734863
11.994519233703613,6.900000095367432
10.563899993896484,9.5
15.290407180786133,9.899999618530273
10.06743335723877,10.899999618530273
14.067872047424316,9.0
13.241769790649414,6.900000095367432
16.101425170898438,13.300000190734863
9.939807891845703,10.899999618530273
13.75924015045166,8.600000381469727
9.50181770324707,7.800000190734863
15.185924530029297,17.0
11.03944206237793,10.600000381469727
13.140929222106934,6.099999904632568
9.098430633544922,7.599999904632568
12.941713333129883,5.599999904632568
9.860273361206055,9.699999809265137
10.788410186767578,13.199999809265137
13.185480117797852,9.5
13.061426162719727,9.899999618530273
9.252758979797363,10.800000190734863
14.296064376831055,12.899999618530273
9.487394332885742,9.800000190734863
13.399765014648438,13.199999809265137
12.592702865600586,8.199999809265137
13.71603012084961,12.800000190734863
11.595553398132324,7.5
13.51559829711914,10.5
10.695547103881836,13.800000190734863
10.914234161376953,9.100000381469727
9.523866653442383,11.300000190734863
24.233291625976562,8.399999618530273
13.629364013671875,12.300000190734863
28.91292381286621,43.599998474121094
10.150726318359375,7.400000095367432
11.330511093139648,13.399999618530273
10.758735656738281,10.399999618530273
9.452354431152344,9.0
15.156501770019531,8.600000381469727
20.314830780029297,11.800000190734863
11.885272979736328,8.600000381469727
27.881431579589844,12.0
17.19771957397461,14.699999809265137
11.212520599365234,6.599999904632568
32.893699645996094,16.600000381469727
10.631823539733887,10.0
9.515058517456055,4.400000095367432
10.895942687988281,9.0
16.17876434326172,20.600000381469727
10.21588134765625,13.5
13.881762504577637,11.800000190734863
11.173824310302734,3.4000000953674316
16.74515724182129,8.800000190734863
20.26309585571289,12.0
24.819011688232422,8.399999618530273
9.33072280883789,10.399999618530273
13.517507553100586,12.600000381469727
10.569247245788574,9.800000190734863
10.15682315826416,7.900000095367432
16.8178768157959,9.300000190734863
15.065126419067383,10.199999809265137
15.915223121643066,13.800000190734863
16.15911293029785,27.700000762939453
17.598552703857422,19.100000381469727
20.94057273864746,16.200000762939453
12.519708633422852,5.900000095367432
13.367620468139648,16.399999618530273
14.768465042114258,12.5
34.23138427734375,2.4000000953674316
13.340527534484863,13.699999809265137
12.6419095993042,18.100000381469727
13.648364067077637,11.899999618530273
11.656743049621582,15.300000190734863
13.78310775756836,10.199999809265137
13.356441497802734,22.0
10.680513381958008,16.5
15.6380615234375,8.699999809265137
20.44684600830078,10.5
12.234809875488281,11.899999618530273
14.920212745666504,17.200000762939453
13.758424758911133,12.300000190734863
24.055118560791016,37.20000076293945
11.117621421813965,7.099999904632568
37.84866714477539,31.399999618530273
17.739107131958008,15.5
11.077838897705078,13.0
12.4371337890625,6.400000095367432
12.161381721496582,9.100000381469727
14.264083862304688,12.199999809265137
15.954498291015625,13.0
9.74216079711914,6.900000095367432
19.449602127075195,15.300000190734863
10.957002639770508,11.899999618530273
11.368762016296387,11.699999809265137
11.225872039794922,6.599999904632568
12.00208854675293,6.300000190734863
11.140396118164062,11.699999809265137
13.842852592468262,6.400000095367432
22.646713256835938,26.100000381469727
21.48325538635254,12.300000190734863
18.68849754333496,9.300000190734863
13.904050827026367,27.299999237060547
12.722200393676758,10.399999618530273
9.422590255737305,8.100000381469727
10.30411148071289,11.899999618530273
10.027711868286133,9.899999618530273
18.308528900146484,8.399999618530273
15.191407203674316,10.600000381469727
9.989038467407227,9.600000381469727
14.21532917022705,10.600000381469727
16.834245681762695,5.199999809265137
16.544559478759766,12.699999809265137
18.540313720703125,7.800000190734863
14.499420166015625,10.600000381469727
10.020498275756836,9.399999618530273
10.772857666015625,9.600000381469727
13.90868854522705,9.399999618530273
16.483505249023438,10.0
9.400997161865234,7.0
13.069146156311035,7.199999809265137
17.585556030273438,8.300000190734863
9.684460639953613,9.800000190734863
14.265613555908203,8.5
13.713212966918945,11.100000381469727
11.8193998336792,3.9000000953674316
14.919299125671387,8.0
13.001768112182617,13.699999809265137
16.144163131713867,13.899999618530273
10.920482635498047,5.400000095367432
12.780580520629883,17.899999618530273
11.676687240600586,4.599999904632568
19.886825561523438,10.5
9.221349716186523,8.5
14.133740425109863,6.099999904632568
10.505132675170898,5.5
9.635856628417969,8.0
23.314455032348633,5.5
9.773539543151855,9.399999618530273
11.590982437133789,8.800000190734863
11.931062698364258,9.0
14.83333683013916,7.0
17.031627655029297,9.399999618530273
11.702808380126953,10.300000190734863
13.201013565063477,8.399999618530273
13.998001098632812,9.199999809265137
9.972488403320312,6.099999904632568
12.648813247680664,13.600000381469727
12.898828506469727,10.600000381469727
12.23136043548584,12.199999809265137
9.6837158203125,7.0
10.878047943115234,7.599999904632568
12.357964515686035,10.699999809265137
14.624626159667969,11.899999618530273
11.6869478225708,6.599999904632568
10.824591636657715,7.300000190734863
15.632524490356445,9.300000190734863
14.489961624145508,17.700000762939453
14.79610824584961,7.900000095367432
14.829428672790527,23.299999237060547
10.49306869506836,5.900000095367432
10.124246597290039,10.199999809265137
24.089649200439453,6.300000190734863
26.01361846923828,13.300000190734863
14.324939727783203,9.899999618530273
19.60531997680664,4.699999809265137
9.516624450683594,7.099999904632568
9.635818481445312,9.699999809265137
11.563213348388672,8.0
9.313339233398438,6.800000190734863
9.309700012207031,6.0
14.762445449829102,16.5
10.600833892822266,10.699999809265137
9.039045333862305,7.5
13.798196792602539,9.100000381469727
9.194175720214844,8.800000190734863
13.327361106872559,8.199999809265137
13.492165565490723,17.200000762939453
13.539061546325684,10.300000190734863
14.048336029052734,9.699999809265137
12.67223072052002,10.399999618530273
13.78353500366211,10.100000381469727
13.8959321975708,8.699999809265137
20.467796325683594,17.799999237060547
32.75862121582031,6.400000095367432
10.115416526794434,10.0
18.499122619628906,5.599999904632568
9.684701919555664,6.800000190734863
10.956897735595703,8.699999809265137
9.796789169311523,7.300000190734863
9.409951210021973,10.899999618530273
9.539859771728516,12.800000190734863
22.738861083984375,37.70000076293945
11.703263282775879,8.600000381469727
11.488731384277344,12.199999809265137
9.231225967407227,8.300000190734863
14.902009963989258,13.0
13.617159843444824,12.899999618530273
20.613088607788086,25.899999618530273
24.06438446044922,18.899999618530273
9.516916275024414,7.300000190734863
10.910541534423828,7.699999809265137
20.129364013671875,66.0999984741211
11.780263900756836,8.300000190734863
10.256952285766602,12.100000381469727
14.234184265136719,10.899999618530273
11.668510437011719,8.300000190734863
10.307353973388672,12.300000190734863
10.926580429077148,9.199999809265137
10.123714447021484,8.800000190734863
11.262630462646484,9.699999809265137
16.312902450561523,10.5
22.61150550842285,19.899999618530273
13.569843292236328,11.0
13.754870414733887,9.800000190734863
17.13829803466797,21.5
10.066572189331055,8.800000190734863
13.423370361328125,12.100000381469727
33.30970001220703,39.599998474121094
19.819866180419922,6.900000095367432
11.387388229370117,9.399999618530273
13.574750900268555,20.700000762939453
14.894801139831543,8.199999809265137
23.91695213317871,12.100000381469727
10.558525085449219,6.699999809265137
26.841928482055664,21.0
13.735750198364258,10.800000190734863
13.382173538208008,10.699999809265137
23.965511322021484,8.300000190734863
9.2686185836792,8.300000190734863
12.110366821289062,9.899999618530273
16.274608612060547,9.0
9.701655387878418,8.600000381469727
23.820159912109375,11.199999809265137
17.302330017089844,9.100000381469727
9.798484802246094,7.199999809265137
14.607170104980469,21.600000381469727
12.420106887817383,13.100000381469727
12.956459045410156,12.899999618530273
11.480169296264648,11.399999618530273
13.394064903259277,7.300000190734863
14.605363845825195,21.399999618530273
11.920446395874023,13.100000381469727
13.60505485534668,9.699999809265137
21.034305572509766,11.300000190734863
8.86924934387207,10.100000381469727
15.159738540649414,14.300000190734863
21.88631820678711,36.599998474121094
10.050025939941406,12.899999618530273
14.280099868774414,5.800000190734863
16.4338321685791,11.5
10.185476303100586,8.300000190734863
18.358436584472656,9.300000190734863
11.902681350708008,10.199999809265137
19.258880615234375,17.700000762939453
17.907861709594727,17.299999237060547
13.39484977722168,11.399999618530273
16.57117462158203,30.799999237060547
10.482770919799805,12.800000190734863
32.24498748779297,24.5
13.518287658691406,11.199999809265137
10.960077285766602,8.199999809265137
13.787050247192383,13.300000190734863
11.64824104309082,10.5
9.727518081665039,9.800000190734863
12.434576034545898,10.699999809265137
11.903390884399414,7.699999809265137
11.161279678344727,12.300000190734863
15.579729080200195,10.800000190734863
12.927318572998047,10.699999809265137
15.023880004882812,13.0
9.074278831481934,9.5
10.428205490112305,11.0
10.429393768310547,9.199999809265137
12.43458366394043,15.199999809265137
10.086536407470703,9.0
11.357234954833984,10.300000190734863
11.997628211975098,9.300000190734863
11.255231857299805,14.199999809265137
10.344316482543945,11.600000381469727
9.679689407348633,9.699999809265137
10.303262710571289,11.600000381469727
11.136018753051758,11.0
11.597049713134766,11.699999809265137
17.43691062927246,9.0
9.556264877319336,9.399999618530273
12.795038223266602,9.399999618530273
14.829591751098633,8.0
10.411266326904297,8.5
15.756150245666504,18.299999237060547
18.19532012939453,30.5
11.2771635055542,9.100000381469727
27.8747501373291,31.899999618530273
13.77029800415039,20.200000762939453
16.626049041748047,23.799999237060547
11.075128555297852,11.199999809265137
9.247810363769531,8.300000190734863
22.534671783447266,12.100000381469727
16.473289489746094,9.199999809265137
16.447786331176758,15.199999809265137
22.30474090576172,6.099999904632568
18.235172271728516,14.199999809265137
12.945915222167969,17.5
9.67262077331543,12.5
15.043249130249023,13.800000190734863
22.099864959716797,10.199999809265137
9.824609756469727,12.5
9.772668838500977,6.5
9.714611053466797,9.199999809265137
11.13273811340332,6.0
25.74020767211914,26.5
21.6688175201416,14.199999809265137
23.413854598999023,26.700000762939453
11.229375839233398,20.600000381469727
23.208465576171875,26.299999237060547
17.521800994873047,14.199999809265137
19.060348510742188,17.799999237060547
23.450035095214844,22.799999237060547
35.42497253417969,47.29999923706055
38.504859924316406,13.699999809265137
16.543180465698242,12.899999618530273
14.337265014648438,10.300000190734863
11.838882446289062,12.399999618530273
14.631969451904297,20.200000762939453
11.67566967010498,14.899999618530273
14.835803031921387,11.800000190734863
18.637582778930664,23.899999618530273
28.30019760131836,28.399999618530273
53.26729965209961,33.20000076293945
32.21810531616211,32.0
17.160446166992188,14.100000381469727
28.421527862548828,30.899999618530273
35.129356384277344,7.0
33.298439025878906,36.20000076293945
22.158245086669922,18.899999618530273
21.6682186126709,4.599999904632568
20.367904663085938,12.899999618530273
18.60057258605957,16.899999618530273
17.227474212646484,21.899999618530273
12.946446418762207,6.599999904632568
13.386924743652344,13.899999618530273
19.266740798950195,14.199999809265137
35.37244415283203,12.199999809265137
23.223876953125,29.5
19.002004623413086,23.399999618530273
30.908811569213867,11.0
17.60151481628418,14.0
25.652301788330078,29.200000762939453
14.338277816772461,18.200000762939453
20.233848571777344,6.800000190734863
28.15033721923828,7.5
15.75259780883789,5.099999904632568
24.180131912231445,4.300000190734863
11.860085487365723,15.199999809265137
11.386129379272461,10.600000381469727
17.492530822753906,16.799999237060547
21.798126220703125,11.699999809265137
17.630279541015625,6.800000190734863
14.758995056152344,10.100000381469727
14.27982234954834,22.899999618530273
29.815500259399414,14.899999618530273
18.434770584106445,15.399999618530273
30.107269287109375,16.700000762939453
10.360759735107422,5.699999809265137
6.979715824127197,11.0
11.20638656616211,15.699999809265137
25.167625427246094,16.799999237060547
14.458216667175293,16.700000762939453
27.925947189331055,9.800000190734863
11.984522819519043,11.300000190734863
28.49411392211914,48.099998474121094
11.40965747833252,11.899999618530273
19.72808837890625,22.799999237060547
14.568765640258789,10.600000381469727
17.66114044189453,12.600000381469727
17.735034942626953,11.899999618530273
37.303810119628906,22.899999618530273
18.447608947753906,19.700000762939453
20.724729537963867,10.100000381469727
30.07125473022461,36.79999923706055
41.87028884887695,62.29999923706055
14.610099792480469,9.5
25.329851150512695,32.5
45.82500457763672,9.600000381469727
31.522796630859375,9.5
26.005817413330078,15.100000381469727
25.53586196899414,9.699999809265137
13.110782623291016,3.799999952316284
31.476261138916016,8.5
75.30677032470703,34.099998474121094
12.558357238769531,13.199999809265137
14.77448844909668,8.300000190734863
15.931618690490723,16.100000381469727
14.091126441955566,10.600000381469727
24.060054779052734,24.5
10.924365997314453,5.300000190734863
39.444313049316406,33.70000076293945
14.725212097167969,8.199999809265137
20.495464324951172,17.799999237060547
19.97417449951172,25.0
19.66595458984375,24.600000381469727
57.978614807128906,43.400001525878906
13.508723258972168,16.700000762939453
11.573431968688965,7.800000190734863
9.821067810058594,12.399999618530273
22.468120574951172,18.0
8.762002944946289,4.900000095367432
31.289016723632812,49.599998474121094
33.95775604248047,60.5
51.71533203125,47.400001525878906
16.461124420166016,9.600000381469727
11.971968650817871,17.399999618530273
13.80705451965332,11.300000190734863
49.25381088256836,6.599999904632568
31.923221588134766,13.199999809265137
23.250568389892578,13.699999809265137
27.63827896118164,29.700000762939453
19.721038818359375,15.800000190734863
24.854251861572266,20.0
11.878507614135742,20.799999237060547
9.312471389770508,7.300000190734863
12.280374526977539,7.699999809265137
15.078868865966797,11.100000381469727
13.158317565917969,22.100000381469727
48.77326583862305,56.900001525878906
27.046308517456055,20.700000762939453
18.992938995361328,48.900001525878906
14.609148025512695,12.699999809265137
32.506134033203125,51.0
27.007465362548828,27.799999237060547
15.000213623046875,14.100000381469727
19.937698364257812,39.099998474121094
25.496227264404297,23.799999237060547
80.56086730957031,37.79999923706055
54.286155700683594,32.599998474121094
17.24698829650879,15.800000190734863
37.89506912231445,21.600000381469727
28.522029876708984,26.600000381469727
66.29460144042969,24.399999618530273
30.35370445251465,80.80000305175781
18.04921531677246,40.0
35.48832702636719,34.099998474121094
30.479114532470703,24.899999618530273
37.80191421508789,25.600000381469727
44.600189208984375,36.099998474121094
40.32063293457031,42.400001525878906
41.615665435791016,41.599998474121094
21.168981552124023,20.0
14.540192604064941,14.100000381469727
25.24164581298828,27.399999618530273
48.838287353515625,71.5999984741211
47.934818267822266,44.70000076293945
78.80797576904297,70.0999984741211
27.94418716430664,25.0
19.57880401611328,23.600000381469727
24.669893264770508,11.699999809265137
16.98471450805664,29.200000762939453
27.13872528076172,25.200000762939453
29.863277435302734,9.899999618530273
16.101978302001953,24.0
38.88121032714844,26.299999237060547
40.37907409667969,16.5
18.686864852905273,24.799999237060547
21.641597747802734,16.100000381469727
35.081993103027344,15.100000381469727
11.579000473022461,31.799999237060547
98.98339080810547,59.79999923706055
60.619476318359375,53.400001525878906
56.17060852050781,25.5
21.629398345947266,12.199999809265137
28.812055587768555,37.79999923706055
49.501731872558594,24.399999618530273
43.782405853271484,61.79999923706055
33.82264709472656,23.799999237060547
26.35507583618164,29.5
42.15895462036133,18.600000381469727
49.45967102050781,31.399999618530273
30.101865768432617,15.699999809265137
12.239675521850586,23.299999237060547
29.10361099243164,28.5
32.48086929321289,20.700000762939453
40.59800720214844,49.29999923706055
30.333038330078125,12.600000381469727
29.137279510498047,17.299999237060547
59.77965545654297,67.0999984741211
18.13103675842285,21.299999237060547
23.329021453857422,18.200000762939453
25.05126953125,22.399999618530273
31.859107971191406,34.599998474121094
59.76228332519531,55.0
18.301780700683594,20.299999237060547
22.130861282348633,24.700000762939453
56.13279342651367,71.9000015258789
17.174087524414062,12.399999618530273
87.36329650878906,57.900001525878906
19.943937301635742,19.700000762939453
17.536943435668945,27.899999618530273
42.45179748535156,38.29999923706055
19.536497116088867,21.399999618530273
36.04949188232422,15.5
21.561824798583984,21.0
27.51615333557129,22.399999618530273
32.38217544555664,34.0
34.546875,16.399999618530273
29.31936264038086,38.20000076293945
61.87928009033203,88.0
30.491661071777344,37.599998474121094
21.608869552612305,22.700000762939453
29.881122589111328,25.600000381469727
14.189591407775879,41.099998474121094
42.066680908203125,53.20000076293945
23.577428817749023,20.700000762939453
25.390186309814453,19.799999237060547
55.479339599609375,58.0
35.49482727050781,72.9000015258789
71.8424301147461,99.5
38.530181884765625,65.5999984741211
40.04515838623047,42.5
43.11213302612305,15.300000190734863
32.04016876220703,33.70000076293945
40.1633415222168,26.0
30.287120819091797,31.600000381469727
52.687255859375,77.80000305175781
59.64678955078125,16.399999618530273
48.623268127441406,52.0
45.93836975097656,90.69999694824219
32.00227737426758,31.100000381469727
17.761104583740234,13.600000381469727
81.5248794555664,47.099998474121094
44.854305267333984,38.0
66.8314208984375,87.5999984741211
21.855968475341797,28.299999237060547
15.28462028503418,21.799999237060547
17.170642852783203,13.399999618530273
22.54967498779297,17.399999618530273
25.028942108154297,15.800000190734863
57.83826446533203,95.69999694824219
19.050756454467773,21.600000381469727
29.11083221435547,31.399999618530273
35.31576156616211,24.0
32.10953903198242,37.099998474121094
86.95413970947266,54.79999923706055
20.742950439453125,11.0
18.93011474609375,12.399999618530273
16.448246002197266,21.799999237060547
19.318946838378906,12.0
22.727479934692383,18.200000762939453
22.715023040771484,13.100000381469727
26.649904251098633,25.899999618530273
24.58330535888672,22.799999237060547
26.00339126586914,26.899999618530273
29.008037567138672,31.700000762939453
27.119510650634766,23.299999237060547
55.03239059448242,24.899999618530273
30.642475128173828,26.5
22.04110336303711,24.299999237060547
25.4148006439209,19.600000381469727
38.23413848876953,62.29999923706055
30.123218536376953,28.700000762939453
45.106109619140625,39.599998474121094
26.481735229492188,24.5
36.31302261352539,26.799999237060547
17.11212730407715,10.699999809265137
36.76129150390625,27.700000762939453
16.78629493713379,18.299999237060547
23.994646072387695,19.600000381469727
21.97089385986328,23.5
23.3294677734375,27.799999237060547
29.849048614501953,19.100000381469727
15.83814811706543,13.100000381469727
27.920087814331055,20.700000762939453
17.782604217529297,28.700000762939453
18.92917251586914,13.199999809265137
43.12223434448242,30.899999618530273
15.64346694946289,16.399999618530273
14.847383499145508,8.199999809265137
19.266647338867188,17.0
20.23322105407715,11.300000190734863
29.383255004882812,20.799999237060547
28.817676544189453,29.5
16.186542510986328,20.899999618530273
28.59309959411621,21.5
28.785091400146484,10.600000381469727
34.523033142089844,28.600000381469727
31.76108169555664,24.299999237060547
13.199386596679688,29.299999237060547
32.952049255371094,34.5
44.00408935546875,47.599998474121094
13.105379104614258,12.600000381469727
25.97313690185547,14.699999809265137
34.37183380126953,24.100000381469727
53.161598205566406,32.099998474121094
55.9224853515625,45.599998474121094
45.867271423339844,26.0
75.6357192993164,51.0
26.746213912963867,22.399999618530273
27.017940521240234,19.200000762939453
29.06167984008789,13.800000190734863
14.317573547363281,28.399999618530273
33.369842529296875,46.79999923706055
21.8053035736084,34.900001525878906
146.45538330078125,104.19999694824219
33.17595672607422,16.600000381469727
40.032127380371094,36.900001525878906
26.449565887451172,21.700000762939453
14.755332946777344,11.600000381469727
17.20085906982422,9.699999809265137
26.3956298828125,22.0
17.092416763305664,9.199999809265137
29.810932159423828,22.399999618530273
25.625457763671875,22.799999237060547
17.998929977416992,13.199999809265137
26.077760696411133,38.400001525878906
34.666114807128906,16.799999237060547
21.094707489013672,31.799999237060547
33.03364562988281,26.0
29.092235565185547,16.700000762939453
30.055383682250977,23.100000381469727
24.02614974975586,31.299999237060547
64.8167724609375,99.5
26.666603088378906,26.399999618530273
38.16210174560547,33.400001525878906
19.493030548095703,12.100000381469727
78.38575744628906,89.19999694824219
45.734432220458984,46.599998474121094
28.645849227905273,25.100000381469727
17.949424743652344,17.600000381469727
32.14101028442383,19.200000762939453
29.15633201599121,48.0
48.5635986328125,86.19999694824219
31.937650680541992,46.900001525878906
33.05292510986328,34.0
45.361061096191406,47.099998474121094
21.66626739501953,19.700000762939453
32.34890365600586,54.29999923706055
52.56440734863281,77.9000015258789
40.54088592529297,66.0
22.722187042236328,20.299999237060547
98.43960571289062,69.30000305175781
58.593265533447266,52.0
66.77938842773438,47.0
29.85947036743164,36.79999923706055
23.920040130615234,38.20000076293945
109.04762268066406,60.0
31.03337860107422,37.099998474121094
24.057430267333984,14.0
44.73414611816406,45.29999923706055
40.2650260925293,13.100000381469727
34.857078552246094,22.5
30.63592529296875,16.100000381469727
34.56969451904297,28.799999237060547
111.0420913696289,65.9000015258789
29.146812438964844,44.5
33.06599807739258,28.899999618530273
23.801639556884766,23.399999618530273
34.995758056640625,29.5
46.78490447998047,42.29999923706055
33.27790832519531,20.200000762939453
41.924705505371094,26.200000762939453
28.0316162109375,18.600000381469727
29.87240219116211,16.600000381469727
25.191181182861328,20.5
62.747596740722656,34.29999923706055
23.093183517456055,23.799999237060547
37.16104507446289,29.299999237060547
11.544862747192383,19.899999618530273
59.048274993896484,51.099998474121094
25.33132553100586,19.299999237060547
32.502044677734375,23.100000381469727
62.37015151977539,76.0
60.33800506591797,66.5
28.972320556640625,37.70000076293945
22.49764633178711,22.299999237060547
38.830692291259766,36.29999923706055
27.786571502685547,33.5
25.31475067138672,24.399999618530273
20.53094482421875,10.5
25.66920280456543,30.0
94.46251678466797,111.19999694824219
64.30828857421875,47.099998474121094
78.86152648925781,50.400001525878906
30.33523178100586,32.099998474121094
30.866519927978516,51.79999923706055
24.974716186523438,23.799999237060547
58.419986724853516,60.70000076293945
39.51818084716797,57.099998474121094
29.953083038330078,26.5
21.17392349243164,51.5
38.23768615722656,59.20000076293945
23.343713760375977,13.800000190734863
17.406028747558594,18.799999237060547
28.410961151123047,24.700000762939453
20.655784606933594,23.700000762939453
15.982880592346191,11.699999809265137
30.204303741455078,20.100000381469727
19.18407440185547,11.399999618530273
24.543554306030273,44.400001525878906
11.626350402832031,15.300000190734863
36.96495056152344,36.70000076293945
36.9735107421875,23.899999618530273
16.6916446685791,12.100000381469727
68.4415283203125,49.70000076293945
107.95500946044922,48.20000076293945
23.155067443847656,11.300000190734863
25.082340240478516,18.0
72.2822494506836,35.5
48.249176025390625,63.20000076293945
31.971263885498047,27.700000762939453
24.067829132080078,31.5
57.129600524902344,40.0
21.950929641723633,28.700000762939453
44.04490661621094,38.0
31.72336196899414,29.100000381469727
34.32627487182617,26.600000381469727
39.456295013427734,70.0999984741211
56.08461380004883,45.70000076293945
31.13662338256836,17.799999237060547
23.035186767578125,25.399999618530273
20.429338455200195,27.5
130.44967651367188,84.30000305175781
24.925559997558594,24.5
39.39576721191406,33.099998474121094
32.094207763671875,27.700000762939453
27.312732696533203,13.199999809265137
31.691022872924805,30.700000762939453
41.59039306640625,24.600000381469727
28.261547088623047,53.79999923706055
22.519371032714844,17.899999618530273
25.44286346435547,14.899999618530273
48.25090408325195,47.0
40.981849670410156,27.299999237060547
38.852664947509766,22.700000762939453
20.665334701538086,25.700000762939453
115.3262939453125,53.70000076293945
25.79825210571289,13.399999618530273
25.268798828125,23.600000381469727
27.365467071533203,15.600000381469727
26.39890480041504,11.399999618530273
24.009355545043945,38.70000076293945
17.1759090423584,23.200000762939453
30.28091812133789,28.799999237060547
15.1674222946167,12.300000190734863
41.389869689941406,26.899999618530273
55.973297119140625,45.79999923706055
14.21964168548584,4.5
43.317474365234375,22.299999237060547
32.4136848449707,16.600000381469727
41.572120666503906,5.099999904632568
25.286170959472656,17.799999237060547
27.813201904296875,11.0
37.99967575073242,10.300000190734863
25.962631225585938,16.299999237060547
35.555335998535156,18.799999237060547
93.96148681640625,64.5
28.52557945251465,17.0
20.730690002441406,28.100000381469727
45.952972412109375,25.0
23.557004928588867,8.0
16.92774200439453,18.700000762939453
30.96453857421875,26.899999618530273
21.768760681152344,15.5
22.000675201416016,13.899999618530273
26.918123245239258,19.200000762939453
14.700796127319336,9.100000381469727
40.390708923339844,21.5
21.895605087280273,12.300000190734863
17.88121795654297,17.600000381469727
26.449748992919922,12.399999618530273
15.056900024414062,17.899999618530273
14.25282096862793,18.799999237060547
19.936573028564453,11.399999618530273
52.46786117553711,33.20000076293945
16.622699737548828,15.800000190734863
22.10589599609375,5.699999809265137
55.36454772949219,24.700000762939453
29.554363250732422,27.299999237060547
21.98023223876953,26.200000762939453
40.90508270263672,47.099998474121094
15.401182174682617,15.0
19.206501007080078,3.9000000953674316
20.828996658325195,21.100000381469727
47.35614776611328,22.700000762939453
23.128129959106445,20.100000381469727
23.475128173828125,17.5
26.43709945678711,19.100000381469727
24.11205291748047,18.700000762939453
25.965984344482422,18.299999237060547
28.834877014160156,26.299999237060547
33.29056930541992,30.200000762939453
46.5650749206543,27.0
33.64743423461914,11.0
46.38331604003906,33.400001525878906
22.18157196044922,10.399999618530273
36.5633659362793,13.899999618530273
22.165969848632812,26.0
11.503480911254883,7.0
25.58644676208496,31.700000762939453
32.87657928466797,26.0
19.636005401611328,9.699999809265137
42.97835159301758,32.400001525878906
24.096446990966797,11.5
37.14718246459961,76.5
14.537022590637207,10.800000190734863
16.132097244262695,25.200000762939453
29.578046798706055,35.5
21.482799530029297,33.79999923706055
24.099950790405273,19.700000762939453
39.93641662597656,10.899999618530273
54.150291442871094,22.5
16.126550674438477,9.100000381469727
19.478336334228516,15.300000190734863
31.87876319885254,20.899999618530273
29.9752197265625,19.5
38.72450256347656,17.5
17.054916381835938,15.100000381469727
45.189231872558594,24.5
24.535757064819336,11.0
21.79259490966797,20.899999618530273
30.986862182617188,19.200000762939453
28.178287506103516,10.199999809265137
14.804288864135742,10.5
25.32291603088379,19.799999237060547
18.02621078491211,15.199999809265137
24.58765983581543,18.100000381469727
16.599166870117188,18.100000381469727
27.349185943603516,22.299999237060547
53.6939582824707,29.100000381469727
13.741897583007812,17.700000762939453
39.363677978515625,16.399999618530273
14.840225219726562,6.5
25.136228561401367,25.5
49.578739166259766,61.29999923706055
29.32538414001465,30.600000381469727
33.682838439941406,18.299999237060547
29.459566116333008,29.600000381469727
21.078344345092773,13.899999618530273
23.64752960205078,14.399999618530273
30.72530746459961,29.200000762939453
26.961912155151367,41.20000076293945
15.335138320922852,13.800000190734863
20.909011840820312,19.700000762939453
33.43090057373047,29.0
25.904211044311523,13.300000190734863
16.78614616394043,21.200000762939453
23.04104995727539,12.800000190734863
23.115114212036133,19.100000381469727
29.632293701171875,43.0
26.762588500976562,19.600000381469727
116.48873901367188,107.30000305175781
27.077444076538086,12.899999618530273
45.434268951416016,45.599998474121094
34.063514709472656,27.700000762939453
30.224937438964844,23.600000381469727
45.45098876953125,43.599998474121094
21.303308486938477,17.299999237060547
13.808907508850098,6.400000095367432
18.840484619140625,12.5
16.3946590423584,16.299999237060547
135.0567626953125,76.5
38.012451171875,32.0
21.003219604492188,14.300000190734863
28.46466827392578,18.299999237060547
20.793760299682617,18.299999237060547
17.053430557250977,2.299999952316284
14.584268569946289,12.199999809265137
30.926815032958984,10.0
15.06776237487793,2.200000047683716
18.012556076049805,20.600000381469727
22.48369598388672,7.0
23.444896697998047,15.800000190734863
23.717885971069336,58.900001525878906
13.527132034301758,19.100000381469727
38.259498596191406,44.099998474121094
29.079702377319336,32.29999923706055
75.44271087646484,49.400001525878906
20.85232162475586,25.5
116.29698944091797,80.9000015258789
17.499454498291016,31.700000762939453
38.82197570800781,40.900001525878906
23.731857299804688,20.100000381469727
15.240473747253418,35.400001525878906
20.62131118774414,24.399999618530273
88.66976928710938,35.5
47.15203857421875,50.400001525878906
119.07584381103516,89.5999984741211
19.262371063232422,15.100000381469727
24.091758728027344,24.100000381469727
17.81761360168457,13.800000190734863
15.315191268920898,27.200000762939453
58.33140563964844,47.70000076293945
25.599578857421875,35.79999923706055
16.48613166809082,19.799999237060547
19.836631774902344,12.399999618530273
18.076683044433594,14.800000190734863
26.51128387451172,23.399999618530273
24.402057647705078,15.199999809265137
37.21810531616211,27.600000381469727
14.757524490356445,7.699999809265137
20.054672241210938,10.100000381469727
19.4842472076416,16.600000381469727
15.710990905761719,13.199999809265137
24.049304962158203,27.5
27.961214065551758,25.100000381469727
20.422643661499023,26.399999618530273
27.39763832092285,37.900001525878906
50.2689208984375,40.20000076293945
29.602519989013672,33.20000076293945
24.36505126953125,20.0
39.6322135925293,61.70000076293945
27.452241897583008,23.0
32.26634979248047,16.899999618530273
16.456417083740234,11.600000381469727
37.19506072998047,38.5
31.871936798095703,25.100000381469727
32.660682678222656,26.899999618530273
29.559391021728516,20.200000762939453
45.900733947753906,40.099998474121094
28.379032135009766,27.5
33.877227783203125,29.100000381469727
17.26837921142578,20.600000381469727
27.911394119262695,17.100000381469727
47.69926071166992,35.400001525878906
24.52165985107422,29.100000381469727
18.210786819458008,15.0
17.37323570251465,38.70000076293945
42.36016082763672,37.20000076293945
21.2722110748291,19.799999237060547
30.420330047607422,57.099998474121094
40.901710510253906,23.600000381469727
17.297481536865234,18.899999618530273
88.13374328613281,46.29999923706055
31.48371696472168,36.29999923706055
22.326536178588867,17.799999237060547
30.119476318359375,12.0
32.676170349121094,15.899999618530273
22.75832176208496,23.399999618530273
79.91471099853516,38.599998474121094
39.20884704589844,50.70000076293945
40.20180892944336,26.5
23.971599578857422,22.100000381469727
60.23758316040039,56.599998474121094
22.267229080200195,25.600000381469727
23.56485366821289,17.299999237060547
24.200946807861328,14.800000190734863
42.90034866333008,46.599998474121094
26.934295654296875,39.20000076293945
21.003799438476562,49.5
24.122987747192383,24.100000381469727
18.91324234008789,9.600000381469727
57.861732482910156,33.70000076293945
29.188671112060547,44.29999923706055
21.984397888183594,14.399999618530273
31.217819213867188,24.5
40.8580207824707,22.299999237060547
83.44384765625,69.5999984741211
27.90670394897461,7.199999809265137
20.892024993896484,26.100000381469727
27.74567413330078,18.0
34.89402389526367,18.5
39.659297943115234,40.5
20.534976959228516,12.0
22.154191970825195,11.300000190734863
16.852079391479492,7.0
12.412784576416016,10.699999809265137
16.556602478027344,12.5
18.87262535095215,10.800000190734863
34.62769317626953,11.600000381469727
14.838462829589844,8.199999809265137
25.594520568847656,25.5
13.649055480957031,14.399999618530273
21.93616485595703,14.5
37.31066131591797,29.799999237060547
69.02943420410156,70.5
22.841411590576172,18.100000381469727
23.87858772277832,8.100000381469727
36.30404281616211,28.5
18.512617111206055,8.600000381469727
25.354129791259766,27.799999237060547
19.367517471313477,31.700000762939453
25.036731719970703,11.800000190734863
16.92832374572754,17.899999618530273
20.87457847595215,24.100000381469727
21.500320434570312,15.399999618530273
14.479440689086914,20.899999618530273
32.53636932373047,24.899999618530273
17.78191375732422,13.0
21.67395782470703,14.199999809265137
15.06332778930664,17.0
16.960037231445312,14.899999618530273
35.343727111816406,19.5
12.572450637817383,16.899999618530273
16.318946838378906,33.099998474121094
29.821081161499023,38.5
24.03769302368164,22.299999237060547
22.919445037841797,18.600000381469727
53.141075134277344,48.099998474121094
25.52669906616211,20.5
26.80899429321289,38.20000076293945
26.5496768951416,17.299999237060547
31.515541076660156,38.79999923706055
45.6871337890625,67.5999984741211
25.270164489746094,16.399999618530273
17.15514373779297,20.100000381469727
40.749935150146484,65.4000015258789
28.2879638671875,20.0
26.961965560913086,33.70000076293945
14.61269474029541,19.399999618530273
30.248706817626953,30.0
35.29127502441406,24.5
25.512989044189453,16.399999618530273
27.566909790039062,19.100000381469727
31.50725555419922,30.100000381469727
28.245460510253906,20.100000381469727
23.841495513916016,22.600000381469727
27.379552841186523,39.0
35.90928649902344,21.899999618530273
26.36614418029785,25.0
18.271076202392578,17.899999618530273
18.2396240234375,12.0
44.117431640625,30.399999618530273
22.052982330322266,17.799999237060547
47.12078094482422,29.100000381469727
13.113539695739746,11.5
14.949394226074219,11.100000381469727
64.79605102539062,33.29999923706055
31.515750885009766,27.399999618530273
26.69755744934082,13.399999618530273
24.75973892211914,25.0
13.871040344238281,20.399999618530273
14.752107620239258,10.199999809265137
27.581863403320312,19.799999237060547
27.209848403930664,31.600000381469727
24.862773895263672,25.799999237060547
38.061920166015625,24.0
21.224544525146484,18.100000381469727
39.9759521484375,31.299999237060547
37.974159240722656,44.400001525878906
14.99919605255127,13.0
23.782285690307617,40.29999923706055
14.242732048034668,17.700000762939453
31.158628463745117,42.599998474121094
28.16488265991211,16.799999237060547
40.54164123535156,35.099998474121094
24.33847427368164,18.399999618530273
24.75936508178711,25.200000762939453
25.506929397583008,37.5
18.785091400146484,21.799999237060547
11.82313346862793,11.600000381469727
88.63680267333984,38.400001525878906
21.08126449584961,14.199999809265137
14.698413848876953,10.300000190734863
36.52168655395508,33.099998474121094
75.88787841796875,49.20000076293945
101.64632415771484,60.599998474121094
96.33328247070312,67.5
26.206573486328125,31.799999237060547
28.296104431152344,12.300000190734863
68.73904418945312,47.5
27.18640899658203,13.100000381469727
96.60513305664062,16.799999237060547
178.0557861328125,83.0
12.841495513916016,11.600000381469727
141.9502410888672,85.9000015258789
35.17076873779297,24.399999618530273
78.06224060058594,62.0
110.00358581542969,98.69999694824219
47.9527587890625,37.599998474121094
76.13038635253906,27.600000381469727
41.40301513671875,19.799999237060547
19.858135223388672,14.600000381469727
49.13214874267578,39.29999923706055
27.705440521240234,32.5
16.677947998046875,13.100000381469727
19.943069458007812,20.100000381469727
76.13945770263672,54.099998474121094
56.595455169677734,47.5
125.74212646484375,121.5999984741211
30.46339225769043,30.799999237060547
117.35221862792969,68.4000015258789
130.78887939453125,72.0999984741211
32.18853759765625,17.399999618530273
75.56935119628906,51.70000076293945
77.45787048339844,38.099998474121094
58.200172424316406,30.600000381469727
45.00440979003906,30.399999618530273
62.04219436645508,55.099998474121094
18.644662857055664,26.799999237060547
28.607341766357422,28.899999618530273
11.350109100341797,13.600000381469727
16.82008171081543,27.5
24.83200454711914,29.100000381469727
13.941182136535645,36.20000076293945
63.23486328125,52.70000076293945
58.59754180908203,57.400001525878906
69.08995056152344,44.099998474121094
27.709041595458984,31.799999237060547
14.432830810546875,18.700000762939453
82.65818786621094,52.099998474121094
105.80746459960938,55.0
18.273515701293945,19.799999237060547
78.8763656616211,52.099998474121094
17.205270767211914,19.200000762939453
64.43072509765625,41.20000076293945
98.74047088623047,70.0999984741211
51.8793830871582,32.599998474121094
14.804441452026367,20.5
78.32521057128906,52.0
15.98912525177002,12.899999618530273
96.30378723144531,40.20000076293945
59.179847717285156,49.20000076293945
44.46586990356445,55.599998474121094
19.3315486907959,20.100000381469727
15.59936809539795,20.299999237060547
24.134754180908203,23.100000381469727
13.230334281921387,14.5
23.71871566772461,33.599998474121094
15.313931465148926,13.800000190734863
10.910173416137695,24.700000762939453
19.495479583740234,18.0
14.435725212097168,12.300000190734863
33.387935638427734,34.599998474121094
23.632598876953125,33.099998474121094
14.544378280639648,21.899999618530273
14.8182373046875,15.5
11.783040046691895,19.0
25.381921768188477,39.099998474121094
44.178733825683594,41.400001525878906
11.584275245666504,12.600000381469727
19.670982360839844,13.0
20.018569946289062,18.200000762939453
22.995302200317383,27.100000381469727
31.64537811279297,35.70000076293945
14.67807388305664,11.199999809265137
18.203386306762695,25.5
42.347110748291016,46.70000076293945
21.643035888671875,21.0
24.85870933532715,29.299999237060547
16.602306365966797,18.899999618530273
17.994579315185547,26.299999237060547
47.05830383300781,67.9000015258789
12.393089294433594,15.699999809265137
12.765931129455566,15.0
43.30869674682617,38.20000076293945
15.421978950500488,34.099998474121094
15.192676544189453,15.800000190734863
17.349790573120117,16.399999618530273
16.794118881225586,22.799999237060547
13.561238288879395,12.300000190734863
12.954769134521484,16.899999618530273
26.485891342163086,42.099998474121094
13.040340423583984,18.299999237060547
11.297017097473145,14.399999618530273
24.458677291870117,31.5
15.538514137268066,18.200000762939453
13.041353225708008,11.5
14.090428352355957,7.5
23.901004791259766,30.899999618530273
14.463488578796387,10.5
14.3196439743042,15.600000381469727
17.62818145751953,21.299999237060547
24.785024642944336,28.399999618530273
16.837875366210938,33.5
14.475011825561523,20.0
13.462629318237305,14.300000190734863
14.006820678710938,17.100000381469727
11.533599853515625,23.200000762939453
13.190773010253906,16.100000381469727
13.24613094329834,12.199999809265137
13.61781120300293,13.699999809265137
13.064876556396484,15.699999809265137
12.467460632324219,26.799999237060547
16.470401763916016,15.699999809265137
23.128082275390625,20.100000381469727
13.697101593017578,13.0
12.769956588745117,13.0
16.59457015991211,10.800000190734863
15.969819068908691,22.799999237060547
13.802389144897461,12.300000190734863
13.004496574401855,14.0
16.102514266967773,19.700000762939453
15.814733505249023,15.100000381469727
14.114082336425781,14.100000381469727
14.422085762023926,15.399999618530273
12.109127044677734,10.899999618530273
16.136436462402344,17.600000381469727
13.355114936828613,13.199999809265137
13.10045337677002,13.0
22.401294708251953,21.700000762939453
11.968238830566406,11.0
14.957927703857422,19.899999618530273
16.62745475769043,24.399999618530273
23.332305908203125,36.599998474121094
25.261808395385742,39.0
27.34482765197754,20.5
18.119525909423828,22.5
13.405062675476074,15.199999809265137
33.877525329589844,33.79999923706055
13.2595796585083,13.600000381469727
13.399432182312012,21.600000381469727
16.907421112060547,22.0
18.4473934173584,20.799999237060547
13.951433181762695,14.0
12.78369426727295,12.100000381469727
13.560654640197754,23.399999618530273
26.152891159057617,26.299999237060547
14.879463195800781,12.5
20.312490463256836,10.300000190734863
15.143582344055176,12.399999618530273
25.23123550415039,25.0
25.12255096435547,30.0
19.418704986572266,27.399999618530273
19.881057739257812,20.600000381469727
20.83780860900879,23.399999618530273
19.048566818237305,19.5
26.1863956451416,20.700000762939453
10.602091789245605,12.600000381469727
10.424894332885742,18.5
15.692586898803711,18.700000762939453
16.673837661743164,23.899999618530273
28.590755462646484,41.900001525878906
43.566978454589844,44.79999923706055
14.460357666015625,14.300000190734863
17.0496826171875,40.099998474121094
17.34199333190918,15.800000190734863
12.12568473815918,23.399999618530273
11.353614807128906,25.100000381469727
10.80109691619873,11.199999809265137
13.739751815795898,16.600000381469727
14.68910026550293,8.399999618530273
18.765178680419922,15.0
20.984642028808594,14.899999618530273
22.23607635498047,17.299999237060547
14.360662460327148,9.699999809265137
16.317623138427734,29.899999618530273
28.238544464111328,12.0
13.555734634399414,0.0
19.67917251586914,19.200000762939453
23.77449607849121,33.099998474121094
13.002074241638184,8.5
14.822165489196777,10.300000190734863
32.32200622558594,9.100000381469727
19.476116180419922,15.399999618530273
13.185543060302734,12.5
12.442106246948242,17.200000762939453
19.305416107177734,23.100000381469727
16.84653091430664,9.300000190734863
18.507362365722656,13.199999809265137
21.569149017333984,15.100000381469727
17.726627349853516,16.700000762939453
18.820619583129883,16.299999237060547
15.131326675415039,16.100000381469727
17.225614547729492,17.399999618530273
18.716541290283203,16.399999618530273
19.33364486694336,17.299999237060547
25.298419952392578,25.200000762939453
14.373014450073242,41.29999923706055
15.988009452819824,14.699999809265137
21.394695281982422,52.900001525878906
16.50591278076172,29.399999618530273
15.619260787963867,20.899999618530273
14.356768608093262,20.200000762939453
42.52207946777344,47.400001525878906
29.945632934570312,31.100000381469727
13.931625366210938,7.900000095367432
34.43950653076172,58.79999923706055
40.9328727722168,34.5
17.781909942626953,19.399999618530273
17.64708709716797,21.600000381469727
15.34315299987793,17.200000762939453
11.033183097839355,12.600000381469727
13.704727172851562,34.0
23.779361724853516,29.299999237060547
11.82422161102295,14.300000190734863
18.792844772338867,15.699999809265137
29.843887329101562,27.0
25.19173812866211,24.399999618530273
56.81624221801758,51.099998474121094
41.40816879272461,51.29999923706055
22.682037353515625,20.0
17.84274673461914,24.700000762939453
38.10704040527344,32.900001525878906
12.70149040222168,12.5
19.996004104614258,29.5
19.412710189819336,9.300000190734863
26.755603790283203,22.100000381469727
42.870849609375,39.900001525878906
19.69277572631836,22.700000762939453
17.483524322509766,21.700000762939453
20.8622989654541,19.600000381469727
25.59173583984375,26.299999237060547
14.963306427001953,17.299999237060547
23.7386417388916,30.799999237060547
30.415912628173828,32.599998474121094
17.316219329833984,34.599998474121094
15.454801559448242,27.200000762939453
24.39779281616211,25.700000762939453
22.89183807373047,20.200000762939453
19.52674102783203,33.400001525878906
35.74888610839844,35.79999923706055
32.890960693359375,47.79999923706055
23.990589141845703,61.29999923706055
32.371360778808594,44.0
32.01365661621094,17.600000381469727
17.720014572143555,24.600000381469727
22.313045501708984,45.099998474121094
16.21587371826172,22.799999237060547
33.741966247558594,26.100000381469727
17.621524810791016,15.899999618530273
29.12089729309082,29.200000762939453
34.3763542175293,29.0
21.7662353515625,15.699999809265137
23.634824752807617,24.399999618530273
22.983505249023438,24.899999618530273
21.74094009399414,22.799999237060547
18.860355377197266,35.20000076293945
36.14528274536133,40.900001525878906
33.34264373779297,27.299999237060547
26.867477416992188,28.0
30.061046600341797,27.700000762939453
38.977806091308594,35.20000076293945
21.16803550720215,19.700000762939453
35.653892517089844,28.100000381469727
25.0002384185791,34.70000076293945
35.527366638183594,36.29999923706055
50.90309143066406,42.900001525878906
18.79056167602539,23.399999618530273
22.03969383239746,16.799999237060547
44.860374450683594,32.29999923706055
24.935317993164062,32.5
43.81718444824219,30.200000762939453
33.374359130859375,38.79999923706055
32.66023254394531,40.79999923706055
35.695281982421875,28.600000381469727
25.82632064819336,29.200000762939453
19.49059295654297,29.100000381469727
22.488506317138672,5.0
28.33805274963379,21.899999618530273
31.984355926513672,37.79999923706055
10.319061279296875,9.899999618530273
22.018789291381836,14.0
12.552658081054688,11.399999618530273
31.816722869873047,16.5
30.694393157958984,11.800000190734863
22.269132614135742,27.299999237060547
56.69938659667969,55.0
20.449060440063477,13.399999618530273
13.37954330444336,10.199999809265137
21.190048217773438,17.399999618530273
20.44698715209961,13.100000381469727
17.472488403320312,18.5
19.614168167114258,17.600000381469727
15.941822052001953,14.100000381469727
65.98194885253906,59.400001525878906
28.597312927246094,22.100000381469727
32.82647705078125,42.400001525878906
47.917606353759766,55.79999923706055
36.88897705078125,30.799999237060547
39.63981246948242,37.5
41.97770690917969,40.099998474121094
41.23356628417969,28.100000381469727
45.20024871826172,46.70000076293945
46.65236282348633,56.400001525878906
54.327354431152344,60.0
37.35685729980469,40.099998474121094
17.675582885742188,15.800000190734863
43.56597900390625,39.20000076293945
25.452627182006836,22.100000381469727
46.67127227783203,30.799999237060547
15.804985046386719,13.199999809265137
50.848628997802734,39.900001525878906
47.07131576538086,48.29999923706055
22.034143447875977,36.599998474121094
41.07164764404297,33.5
11.206354141235352,12.100000381469727
17.1929988861084,16.700000762939453
19.465919494628906,34.400001525878906
16.395479202270508,17.5
11.371360778808594,10.100000381469727
14.072474479675293,11.800000190734863
20.77031135559082,18.899999618530273
14.464221954345703,12.5
29.06118392944336,17.799999237060547
31.754892349243164,22.700000762939453
19.78986358642578,36.900001525878906
13.734134674072266,10.199999809265137
27.552139282226562,35.400001525878906
51.99562072753906,51.900001525878906
15.526944160461426,21.799999237060547
16.519468307495117,13.699999809265137
23.168010711669922,29.0
31.380958557128906,56.0
33.373233795166016,23.899999618530273
20.776039123535156,25.200000762939453
21.240589141845703,32.29999923706055
22.26080322265625,32.0
21.870580673217773,25.5
21.962383270263672,31.0
41.586578369140625,25.399999618530273
15.17895221710205,14.800000190734863
12.748764038085938,14.199999809265137
28.54873275756836,7.5
36.35060119628906,32.0
15.866889953613281,10.699999809265137
15.36367416381836,16.899999618530273
24.166013717651367,21.5
11.830366134643555,19.700000762939453
32.30946350097656,45.5
29.014053344726562,9.600000381469727
13.131925582885742,22.100000381469727
14.859230041503906,17.899999618530273
19.11890411376953,23.200000762939453
12.557758331298828,14.600000381469727
14.560977935791016,14.899999618530273
23.77605438232422,22.200000762939453
21.444774627685547,15.600000381469727
16.716516494750977,19.799999237060547
15.529986381530762,25.299999237060547
21.09646224975586,23.200000762939453
28.889755249023438,26.700000762939453
14.926006317138672,12.800000190734863
22.473613739013672,24.899999618530273
44.91197967529297,28.700000762939453
29.89376449584961,30.799999237060547
27.656620025634766,29.899999618530273
35.56964874267578,55.599998474121094
20.809795379638672,16.5
20.884098052978516,20.600000381469727
29.639755249023438,21.200000762939453
34.46678924560547,34.79999923706055
19.165027618408203,21.899999618530273
16.77277183532715,30.899999618530273
16.092294692993164,10.600000381469727
38.358360290527344,42.400001525878906
20.749263763427734,20.399999618530273
16.773244857788086,15.100000381469727
23.303897857666016,92.0999984741211
32.33833312988281,27.299999237060547
13.272085189819336,14.199999809265137
20.69491195678711,24.899999618530273
13.726152420043945,10.399999618530273
19.341901779174805,14.699999809265137
12.861124992370605,14.300000190734863
13.536279678344727,17.0
26.38677978515625,29.0
16.460689544677734,29.899999618530273
14.03632640838623,17.799999237060547
18.55669593811035,21.100000381469727
29.65131187438965,46.20000076293945
31.018190383911133,28.299999237060547
23.150667190551758,43.20000076293945
14.60368537902832,32.900001525878906
15.908717155456543,45.29999923706055
20.05803108215332,17.100000381469727
14.910118103027344,17.100000381469727
11.84477424621582,19.799999237060547
31.523998260498047,20.399999618530273
20.474681854248047,13.0
22.407306671142578,39.20000076293945
28.089479446411133,37.20000076293945
16.35992431640625,9.600000381469727
24.658597946166992,17.200000762939453
14.088504791259766,16.899999618530273
40.80571746826172,44.599998474121094
15.569215774536133,7.5
15.818703651428223,18.799999237060547
13.575688362121582,12.0
14.22991943359375,15.199999809265137
30.544017791748047,38.0
15.319353103637695,17.700000762939453
13.542055130004883,11.0
14.483158111572266,10.800000190734863
15.563163757324219,16.5
16.956104278564453,8.300000190734863
14.196683883666992,18.299999237060547
16.045658111572266,38.599998474121094
13.856513977050781,9.399999618530273
12.386582374572754,13.100000381469727
14.284504890441895,11.5
15.905438423156738,19.100000381469727
12.584285736083984,13.300000190734863
14.733846664428711,10.800000190734863
19.689434051513672,18.200000762939453
19.793577194213867,20.600000381469727
21.54932975769043,21.600000381469727
14.298391342163086,13.699999809265137
50.00425720214844,28.600000381469727
35.30992126464844,26.399999618530273
14.029531478881836,12.300000190734863
20.554733276367188,29.399999618530273
19.376331329345703,4.900000095367432
12.963802337646484,11.199999809265137
15.057757377624512,9.300000190734863
20.30628204345703,24.799999237060547
9.441869735717773,13.600000381469727
9.259963989257812,11.0
6.863468170166016,7.199999809265137
14.802776336669922,5.599999904632568
13.215530395507812,14.699999809265137
19.79024887084961,22.0
19.77248764038086,32.79999923706055
34.95970153808594,32.0
14.971622467041016,6.5
12.418377876281738,9.5
18.690135955810547,15.899999618530273
13.302046775817871,13.699999809265137
12.911432266235352,5.900000095367432
18.271892547607422,13.199999809265137
14.096748352050781,11.100000381469727
9.491021156311035,10.600000381469727
9.54880142211914,12.399999618530273
29.596202850341797,30.100000381469727
15.171102523803711,15.800000190734863
28.210697174072266,23.200000762939453
8.208040237426758,10.0
20.178871154785156,35.5
31.402681350708008,46.5
33.657447814941406,32.5
14.329973220825195,15.699999809265137
14.296951293945312,14.300000190734863
38.3384895324707,38.599998474121094
23.507225036621094,22.0
10.980082511901855,13.899999618530273
10.88599681854248,13.699999809265137
14.114842414855957,16.600000381469727
11.496866226196289,9.600000381469727
10.612215042114258,20.0
15.557706832885742,13.399999618530273
19.222068786621094,21.5
14.034719467163086,14.199999809265137
16.965373992919922,20.5
14.575544357299805,19.700000762939453
20.717124938964844,39.400001525878906
31.489107131958008,27.299999237060547
23.96822738647461,23.5
14.372726440429688,12.300000190734863
13.51746654510498,10.399999618530273
27.82217025756836,27.0
15.620671272277832,12.5
21.575685501098633,9.5
28.908329010009766,13.699999809265137
14.615606307983398,7.400000095367432
21.894893646240234,8.0
12.672786712646484,12.300000190734863
14.653421401977539,10.5
27.632469177246094,24.700000762939453
33.14088439941406,33.70000076293945
17.738208770751953,9.399999618530273
20.499221801757812,9.899999618530273
36.491119384765625,29.200000762939453
20.51298713684082,18.0
41.07777404785156,38.20000076293945
15.514663696289062,8.5
32.0865478515625,26.399999618530273
37.5096435546875,34.0
34.6112174987793,15.399999618530273
26.57819175720215,13.300000190734863
24.02366828918457,16.5
14.946060180664062,10.800000190734863
26.72507095336914,15.800000190734863
17.115238189697266,8.800000190734863
57.11444854736328,21.5
23.495698928833008,27.899999618530273
43.7353515625,37.900001525878906
38.392852783203125,35.79999923706055
14.008209228515625,35.400001525878906
14.12139892578125,24.200000762939453
15.45105266571045,14.600000381469727
29.9959774017334,15.699999809265137
36.02069854736328,36.400001525878906
26.034259796142578,12.699999809265137
12.963173866271973,15.699999809265137
19.0723876953125,16.299999237060547
15.344924926757812,11.0
17.14413070678711,24.299999237060547
32.911766052246094,20.799999237060547
40.24501037597656,28.700000762939453
21.11331558227539,16.899999618530273
17.735441207885742,10.199999809265137
18.84056854248047,15.300000190734863
19.127582550048828,15.0
19.7413272857666,25.5
15.569685935974121,11.199999809265137
9.49527359008789,13.0
11.15129280090332,8.600000381469727
18.32328224182129,3.700000047683716
15.746932983398438,5.0
14.739209175109863,11.100000381469727
16.50472640991211,22.600000381469727
14.487034797668457,14.800000190734863
21.640092849731445,6.300000190734863
28.250957489013672,16.700000762939453
18.880550384521484,10.399999618530273
20.845172882080078,10.199999809265137
20.923561096191406,5.699999809265137
39.4088134765625,24.299999237060547
38.769168853759766,37.099998474121094
25.472091674804688,13.800000190734863
24.088550567626953,19.5
37.535125732421875,23.299999237060547
35.18708801269531,10.800000190734863
18.13936996459961,7.800000190734863
19.514453887939453,13.800000190734863
19.937427520751953,13.899999618530273
24.557588577270508,20.700000762939453
27.95627784729004,29.399999618530273
16.14514923095703,12.800000190734863
13.130504608154297,13.5
10.035018920898438,5.199999809265137
17.923629760742188,13.199999809265137
37.91291046142578,28.600000381469727
15.40431022644043,18.5
25.918285369873047,18.0
20.72681427001953,29.299999237060547
21.9754581451416,23.600000381469727
18.938766479492188,25.899999618530273
15.937097549438477,8.699999809265137
11.30821418762207,13.5
25.39597511291504,20.5
25.86712646484375,18.299999237060547
19.442535400390625,24.600000381469727
32.51422882080078,16.200000762939453
17.86025619506836,19.0
14.260546684265137,12.199999809265137
15.905925750732422,13.100000381469727
10.37472915649414,13.699999809265137
16.914461135864258,12.100000381469727
15.173664093017578,9.800000190734863
15.982294082641602,15.100000381469727
28.696250915527344,24.299999237060547
21.019393920898438,18.399999618530273
13.762413024902344,8.5
17.3833065032959,31.299999237060547
41.027679443359375,73.69999694824219
25.199047088623047,25.200000762939453
19.556447982788086,20.200000762939453
32.475791931152344,31.899999618530273
18.928129196166992,19.399999618530273
14.825464248657227,16.899999618530273
28.23236083984375,37.29999923706055
19.73599624633789,22.700000762939453
13.783113479614258,13.800000190734863
15.122468948364258,12.899999618530273
14.811349868774414,12.100000381469727
33.484764099121094,22.600000381469727
14.624334335327148,11.5
13.895277976989746,14.300000190734863
24.601579666137695,36.400001525878906
15.638189315795898,15.600000381469727
13.902467727661133,10.699999809265137
23.716262817382812,23.299999237060547
19.44291114807129,14.600000381469727
20.345733642578125,17.299999237060547
20.13637924194336,12.899999618530273
24.784954071044922,17.0
16.430580139160156,17.600000381469727
12.840751647949219,14.600000381469727
14.716399192810059,9.0
14.168240547180176,15.100000381469727
22.44251251220703,27.899999618530273
22.59710121154785,24.200000762939453
25.45024871826172,28.299999237060547
12.307141304016113,26.700000762939453
40.29753494262695,45.70000076293945
28.07362937927246,32.20000076293945
27.250574111938477,26.600000381469727
23.689716339111328,20.799999237060547
15.588361740112305,16.299999237060547
14.9306640625,8.199999809265137
38.76430130004883,40.79999923706055
31.08763885498047,27.600000381469727
13.457555770874023,13.699999809265137
20.71685218811035,14.199999809265137
10.542379379272461,9.600000381469727
9.165056228637695,16.799999237060547
14.290397644042969,12.5
15.875757217407227,8.0
15.0498628616333,15.800000190734863
10.266500473022461,5.599999904632568
10.2861909866333,9.800000190734863
10.963909149169922,13.899999618530273
16.923154830932617,19.899999618530273
9.810352325439453,8.399999618530273
18.126306533813477,18.200000762939453
13.602888107299805,9.100000381469727
10.523483276367188,8.300000190734863
9.162620544433594,8.100000381469727
30.645109176635742,50.400001525878906
44.68382263183594,30.200000762939453
13.536871910095215,14.800000190734863
24.341690063476562,39.5
14.974614143371582,18.899999618530273
11.79936408996582,17.399999618530273
11.67902946472168,13.5
32.736175537109375,45.099998474121094
36.613800048828125,31.100000381469727
14.66480541229248,12.899999618530273
27.07086181640625,22.700000762939453
27.534780502319336,31.399999618530273
19.158803939819336,15.0
29.805301666259766,22.600000381469727
24.675132751464844,21.5
33.927207946777344,28.200000762939453
13.373395919799805,12.5
19.822982788085938,12.899999618530273
20.288982391357422,16.299999237060547
39.847877502441406,22.5
41.908241271972656,37.400001525878906
44.940223693847656,34.70000076293945
23.761682510375977,12.600000381469727
10.743400573730469,15.399999618530273
12.1920166015625,11.399999618530273
15.71189022064209,10.399999618530273
14.402111053466797,16.799999237060547
14.914679527282715,14.899999618530273
17.77570152282715,17.0
16.926525115966797,11.800000190734863
25.80868911743164,58.400001525878906
22.406503677368164,27.200000762939453
16.24713134765625,16.799999237060547
19.68148422241211,15.0
25.84759521484375,25.0
22.962570190429688,16.899999618530273
17.830257415771484,11.399999618530273
29.53692626953125,20.100000381469727
16.131914138793945,18.299999237060547
12.124808311462402,14.5
15.556034088134766,9.600000381469727
11.434253692626953,13.399999618530273
13.924914360046387,16.899999618530273
15.465508460998535,13.699999809265137
34.095741271972656,9.800000190734863
16.25542449951172,16.899999618530273
11.897375106811523,12.600000381469727
15.688634872436523,23.799999237060547
19.267375946044922,14.5
20.633670806884766,18.5
22.03093719482422,18.5
28.783058166503906,11.100000381469727
19.210893630981445,22.0
15.486358642578125,11.600000381469727
34.341941833496094,18.200000762939453
19.171283721923828,16.399999618530273
20.541040420532227,26.0
12.004071235656738,10.699999809265137
13.688118934631348,18.700000762939453
11.476778030395508,13.300000190734863
18.33509635925293,15.600000381469727
10.554712295532227,14.5
15.231159210205078,7.699999809265137
35.271751403808594,24.899999618530273
11.0286865234375,10.399999618530273
12.227958679199219,12.399999618530273
10.034599304199219,12.0
17.413408279418945,19.0
14.841338157653809,16.100000381469727
14.421021461486816,13.399999618530273
14.083301544189453,17.299999237060547
16.56820297241211,14.199999809265137
16.89325523376465,18.299999237060547
27.60527992248535,18.0
23.781742095947266,8.100000381469727
17.92959976196289,17.399999618530273
35.325862884521484,19.0
14.708179473876953,9.100000381469727
15.057333946228027,22.200000762939453
11.678750991821289,22.399999618530273
23.986892700195312,19.700000762939453
17.117284774780273,19.5
26.228939056396484,17.799999237060547
73.73910522460938,39.900001525878906
45.07109451293945,84.0
22.617124557495117,19.200000762939453
13.075125694274902,19.299999237060547
18.770240783691406,19.5
14.809225082397461,54.70000076293945
23.096847534179688,23.0
51.858001708984375,110.5
37.01982879638672,45.599998474121094
22.205249786376953,17.799999237060547
18.39281463623047,24.799999237060547
17.01336669921875,28.399999618530273
13.452035903930664,20.899999618530273
43.55079650878906,50.5
20.61562728881836,28.100000381469727
20.31684684753418,24.200000762939453
26.463027954101562,15.600000381469727
23.99439811706543,35.400001525878906
10.35252571105957,16.700000762939453
12.798971176147461,20.399999618530273
32.248291015625,31.899999618530273
50.62099075317383,112.69999694824219
17.120708465576172,21.5
13.155482292175293,22.600000381469727
50.790321350097656,54.599998474121094
43.27376174926758,14.100000381469727
15.407651901245117,19.700000762939453
24.31515884399414,12.0
13.214658737182617,11.300000190734863
21.488231658935547,20.899999618530273
14.330004692077637,24.100000381469727
34.38141632080078,35.0
18.962448120117188,10.899999618530273
15.757013320922852,14.0
20.883441925048828,16.0
13.605419158935547,18.0
16.530479431152344,18.799999237060547
21.653301239013672,18.899999618530273
29.031291961669922,22.5
19.08646583557129,18.600000381469727
16.872928619384766,16.399999618530273
17.39149284362793,17.600000381469727
17.27725601196289,21.799999237060547
25.277812957763672,18.0
20.279708862304688,15.600000381469727
22.32268524169922,28.5
28.0699405670166,20.200000762939453
36.82331085205078,16.399999618530273
18.5428466796875,25.299999237060547
23.83388328552246,27.600000381469727
21.12449836730957,32.29999923706055
24.674150466918945,13.199999809265137
17.598419189453125,13.600000381469727
20.86359214782715,12.199999809265137
16.616737365722656,14.800000190734863
17.417428970336914,8.699999809265137
21.478717803955078,23.100000381469727
19.60995864868164,18.700000762939453
20.75948715209961,23.399999618530273
29.93766212463379,33.70000076293945
45.19325637817383,11.399999618530273
18.812519073486328,13.199999809265137
18.324947357177734,20.600000381469727
17.47904396057129,9.0
17.564157485961914,29.0
17.224088668823242,20.600000381469727
17.038402557373047,25.700000762939453
21.579389572143555,11.899999618530273
18.343873977661133,16.299999237060547
31.669113159179688,20.100000381469727
19.23609161376953,18.5
15.129648208618164,11.399999618530273
28.410133361816406,21.600000381469727
33.411521911621094,22.299999237060547
15.015915870666504,11.800000190734863
45.22220230102539,9.199999809265137
17.815099716186523,18.200000762939453
17.81476593017578,22.799999237060547
20.452205657958984,20.0
13.83425521850586,19.700000762939453
14.141205787658691,16.5
15.373038291931152,16.399999618530273
11.869956970214844,13.399999618530273
17.45185661315918,15.699999809265137
12.09603500366211,16.399999618530273
16.618247985839844,17.799999237060547
13.86642074584961,13.300000190734863
14.349080085754395,13.199999809265137
13.684028625488281,11.800000190734863
16.786317825317383,11.800000190734863
12.747983932495117,9.800000190734863
25.637802124023438,19.700000762939453
15.193191528320312,12.199999809265137
14.147562980651855,19.299999237060547
27.37125587463379,34.900001525878906
14.711098670959473,27.600000381469727
25.159692764282227,38.900001525878906
15.318554878234863,14.100000381469727
18.112838745117188,16.100000381469727
10.843442916870117,10.300000190734863
20.474365234375,16.399999618530273
16.066131591796875,15.399999618530273
26.351612091064453,29.700000762939453
34.899208068847656,28.5
24.589080810546875,14.899999618530273
12.328035354614258,19.299999237060547
11.528640747070312,12.5
13.2220458984375,15.399999618530273
23.556133270263672,16.100000381469727
11.896459579467773,12.699999809265137
12.61486530303955,15.100000381469727
13.410381317138672,10.300000190734863
17.241735458374023,44.400001525878906
14.102517127990723,17.799999237060547
8.312137603759766,12.0
22.860591888427734,22.399999618530273
27.15386199951172,28.5
15.691354751586914,17.700000762939453
14.218517303466797,16.299999237060547
11.529041290283203,11.399999618530273
13.467203140258789,12.899999618530273
11.342741012573242,12.600000381469727
15.35737133026123,20.799999237060547
12.36937141418457,12.600000381469727
10.680840492248535,12.100000381469727
10.250631332397461,9.0
11.822683334350586,8.699999809265137
13.53473949432373,11.899999618530273
11.474523544311523,11.399999618530273
12.254015922546387,12.5
15.374534606933594,15.0
14.907938957214355,8.800000190734863
11.813375473022461,11.600000381469727
13.660924911499023,8.5
9.194741249084473,20.200000762939453
11.339027404785156,8.899999618530273
10.48625659942627,9.300000190734863
11.368375778198242,15.100000381469727
12.038843154907227,12.199999809265137
16.400802612304688,12.5
12.229223251342773,9.300000190734863
11.530342102050781,15.199999809265137
21.74679183959961,15.0
36.034793853759766,30.5
10.833734512329102,16.200000762939453
12.754278182983398,13.5
15.14516830444336,12.899999618530273
9.991092681884766,9.899999618530273
13.792856216430664,11.0
13.797927856445312,14.800000190734863
12.952987670898438,12.800000190734863
10.75396728515625,11.0
12.769269943237305,10.300000190734863
21.914485931396484,19.0
11.745574951171875,7.400000095367432
12.650269508361816,11.5
16.301475524902344,16.299999237060547
15.086080551147461,11.399999618530273
19.15595245361328,16.0
11.300166130065918,20.399999618530273
36.778175354003906,21.100000381469727
16.09891128540039,12.600000381469727
15.382333755493164,12.0
16.92317008972168,15.399999618530273
16.568620681762695,7.5
13.196008682250977,11.100000381469727
13.877685546875,7.599999904632568
12.510305404663086,3.299999952316284
9.846534729003906,7.300000190734863
20.780487060546875,14.100000381469727
16.00755500793457,16.200000762939453
14.866872787475586,11.0
14.8844633102417,11.300000190734863
18.091068267822266,15.899999618530273
15.887155532836914,14.600000381469727
14.037455558776855,15.100000381469727
13.368562698364258,11.800000190734863
13.901134490966797,7.699999809265137
14.076550483703613,10.399999618530273
21.470333099365234,4.5
13.41767692565918,13.199999809265137
12.144756317138672,11.699999809265137
11.537521362304688,12.899999618530273
12.174427032470703,13.199999809265137
12.272529602050781,9.399999618530273
20.035240173339844,13.600000381469727
16.340408325195312,13.399999618530273
33.01734161376953,45.70000076293945
19.188053131103516,17.0
14.590536117553711,7.199999809265137
13.572071075439453,10.899999618530273
11.132280349731445,7.5
12.295955657958984,12.199999809265137
11.997396469116211,14.399999618530273
14.040010452270508,10.300000190734863
22.550247192382812,25.100000381469727
25.307296752929688,14.0
27.09383773803711,13.399999618530273
34.86223602294922,37.400001525878906
18.547042846679688,22.200000762939453
16.489587783813477,6.699999809265137
12.621213912963867,6.199999809265137
16.01284408569336,16.700000762939453
12.33971881866455,14.100000381469727
15.113790512084961,11.600000381469727
20.44830322265625,28.299999237060547
14.90664291381836,18.399999618530273
10.312984466552734,8.0
13.72903823852539,15.0
17.487964630126953,13.600000381469727
13.881214141845703,18.0
17.44721031188965,13.5
13.822042465209961,13.0
14.168571472167969,11.300000190734863
17.006303787231445,4.5
15.970280647277832,6.099999904632568
12.897193908691406,7.0
20.6806640625,17.100000381469727
16.288902282714844,12.300000190734863
19.418743133544922,19.100000381469727
18.383056640625,16.799999237060547
18.525745391845703,17.0
14.367189407348633,17.299999237060547
13.27835464477539,26.100000381469727
12.874387741088867,20.5
17.950462341308594,40.29999923706055
21.499980926513672,27.299999237060547
12.595704078674316,11.399999618530273
13.178472518920898,12.100000381469727
13.516119956970215,13.300000190734863
15.80859375,11.399999618530273
17.613672256469727,18.100000381469727
8.678129196166992,11.100000381469727
10.729009628295898,11.100000381469727
14.119051933288574,22.5
14.465963363647461,9.699999809265137
18.104257583618164,18.0
17.077341079711914,18.799999237060547
10.317102432250977,11.699999809265137
14.085371017456055,13.399999618530273
19.18320083618164,23.0
16.80112075805664,17.799999237060547
19.11164093017578,22.700000762939453
13.339120864868164,13.399999618530273
12.733654022216797,10.5
13.968265533447266,7.699999809265137
13.181480407714844,18.899999618530273
10.968111038208008,12.899999618530273
12.760418891906738,12.600000381469727
28.559616088867188,36.400001525878906
23.614559173583984,15.800000190734863
13.20124340057373,12.5
31.624313354492188,30.899999618530273
18.534616470336914,18.299999237060547
10.962928771972656,9.0
22.42593002319336,46.5
12.828441619873047,12.899999618530273
13.322433471679688,36.099998474121094
19.50055694580078,15.800000190734863
14.136602401733398,8.300000190734863
21.294282913208008,17.5
14.652732849121094,7.099999904632568
13.644148826599121,10.199999809265137
12.899635314941406,10.699999809265137
14.513212203979492,8.600000381469727
17.532806396484375,21.0
14.979869842529297,16.200000762939453
8.785799026489258,2.200000047683716
14.07663631439209,14.699999809265137
13.756036758422852,10.0
15.30385971069336,14.699999809265137
11.600900650024414,5.300000190734863
7.714474678039551,15.800000190734863
13.21591567993164,8.199999809265137
27.973852157592773,16.899999618530273
11.541501998901367,15.399999618530273
13.889726638793945,16.100000381469727
14.593755722045898,14.300000190734863
6.3426289558410645,10.199999809265137
9.948902130126953,6.900000095367432
11.097885131835938,4.599999904632568
21.66246795654297,21.5
12.178504943847656,7.400000095367432
34.846588134765625,39.0
9.110465049743652,9.600000381469727
11.516255378723145,5.099999904632568
33.07347869873047,35.400001525878906
23.697275161743164,19.299999237060547
15.669097900390625,11.399999618530273
18.805599212646484,16.5
19.031673431396484,23.600000381469727
16.91943359375,6.699999809265137
15.606084823608398,5.0
13.909138679504395,10.600000381469727
14.365335464477539,7.199999809265137
11.473715782165527,0.0
10.45869255065918,11.5
12.976631164550781,11.399999618530273
19.291534423828125,13.300000190734863
17.180143356323242,24.200000762939453
15.983353614807129,11.300000190734863
11.922340393066406,7.099999904632568
17.590167999267578,18.899999618530273
11.480857849121094,9.600000381469727
12.979756355285645,2.200000047683716
13.93277359008789,6.199999809265137
21.42422103881836,47.29999923706055
14.181615829467773,5.900000095367432
9.645981788635254,11.100000381469727
6.738226890563965,5.199999809265137
11.714259147644043,11.0
8.507877349853516,3.5
17.347942352294922,19.799999237060547
10.83568286895752,7.300000190734863
12.512629508972168,6.199999809265137
35.10768127441406,14.399999618530273
8.361708641052246,2.799999952316284
12.941324234008789,7.5
14.038606643676758,13.800000190734863
10.97807788848877,9.399999618530273
11.74163818359375,14.5
12.978998184204102,14.399999618530273
10.767111778259277,15.0
13.345308303833008,11.5
14.429558753967285,10.0
11.755199432373047,7.800000190734863
10.551979064941406,7.599999904632568
11.954887390136719,11.0
13.344488143920898,11.699999809265137
28.700700759887695,55.5
11.342658042907715,7.300000190734863
34.47393798828125,22.399999618530273
13.502641677856445,7.5
14.417498588562012,10.300000190734863
22.166074752807617,15.300000190734863
10.090190887451172,7.5
20.442073822021484,16.5
12.526111602783203,18.299999237060547
22.94925880432129,21.0
14.609375,32.70000076293945
16.0327091217041,32.5
29.024099349975586,49.20000076293945
15.185436248779297,11.600000381469727
10.788556098937988,7.800000190734863
20.39840316772461,9.100000381469727
8.399797439575195,6.699999809265137
16.72644805908203,3.799999952316284
6.437707901000977,3.5
11.717082977294922,4.800000190734863
12.562246322631836,14.199999809265137
11.298091888427734,6.400000095367432
14.127457618713379,9.0
12.070855140686035,17.5
14.672391891479492,14.0
15.757837295532227,6.199999809265137
6.9343109130859375,4.400000095367432
18.34417152404785,8.0
13.240402221679688,19.200000762939453
20.340904235839844,32.599998474121094
9.506660461425781,13.0
36.36438751220703,40.79999923706055
18.587963104248047,29.5
13.155693054199219,13.199999809265137
14.759727478027344,16.100000381469727
12.414786338806152,8.199999809265137
13.437549591064453,9.100000381469727
15.432775497436523,10.800000190734863
10.460275650024414,5.699999809265137
10.42982292175293,13.800000190734863
16.422313690185547,14.300000190734863
9.030648231506348,10.399999618530273
9.623387336730957,13.399999618530273
17.810474395751953,12.899999618530273
12.565312385559082,10.199999809265137
9.762081146240234,7.800000190734863
10.10962200164795,11.0
7.786753177642822,9.699999809265137
10.953207015991211,12.399999618530273
13.956720352172852,8.899999618530273
14.213698387145996,17.700000762939453
11.673519134521484,11.100000381469727
16.07231330871582,12.5
15.522335052490234,16.600000381469727
17.773204803466797,20.100000381469727
17.5531005859375,20.200000762939453
10.597521781921387,4.599999904632568
10.141545295715332,12.699999809265137
11.305344581604004,10.600000381469727
15.088920593261719,17.799999237060547
13.100868225097656,5.900000095367432
24.34851837158203,10.5
18.096229553222656,11.100000381469727
10.222027778625488,8.0
10.705901145935059,9.199999809265137
14.352441787719727,14.0
9.597883224487305,8.5
10.414904594421387,13.100000381469727
39.65456008911133,26.5
14.920570373535156,11.300000190734863
5.604316711425781,6.0
8.542906761169434,6.099999904632568
10.070537567138672,10.899999618530273
21.973201751708984,17.600000381469727
14.775519371032715,7.599999904632568
11.619587898254395,8.100000381469727
29.05762481689453,18.299999237060547
10.771500587463379,4.800000190734863
10.578901290893555,5.5
21.005210876464844,5.099999904632568
11.718803405761719,12.399999618530273
16.27747344970703,11.300000190734863
14.364761352539062,4.599999904632568
17.520645141601562,10.0
9.105875968933105,3.5
12.586675643920898,13.0
9.910183906555176,7.199999809265137
12.575986862182617,10.100000381469727
17.67943572998047,21.100000381469727
13.4144287109375,4.800000190734863
19.305395126342773,19.5
24.29187774658203,28.100000381469727
14.570500373840332,16.799999237060547
8.578168869018555,3.4000000953674316
11.00982666015625,12.199999809265137
6.330376148223877,5.300000190734863
9.001974105834961,8.800000190734863
13.459787368774414,15.600000381469727
9.050649642944336,5.900000095367432
7.485321998596191,2.299999952316284
10.563905715942383,11.399999618530273
14.216094970703125,5.099999904632568
10.48477554321289,11.699999809265137
13.735590934753418,9.800000190734863
41.62699890136719,21.600000381469727
16.43223762512207,17.700000762939453
14.044441223144531,19.0
11.414838790893555,4.900000095367432
8.97905158996582,2.4000000953674316
26.549917221069336,55.599998474121094
13.554317474365234,2.299999952316284
20.329397201538086,9.100000381469727
14.428881645202637,5.5
12.493218421936035,18.299999237060547
27.027305603027344,23.899999618530273
8.684673309326172,5.099999904632568
7.133256912231445,4.099999904632568
23.977394104003906,24.399999618530273
19.644702911376953,6.199999809265137
8.005674362182617,3.5999999046325684
9.239645004272461,4.800000190734863
8.663930892944336,8.100000381469727
7.672386169433594,4.5
5.203509330749512,6.300000190734863
12.500738143920898,5.099999904632568
5.803241729736328,3.5999999046325684
9.744956016540527,3.5999999046325684
24.14777946472168,9.199999809265137
18.822816848754883,5.400000095367432
8.752120971679688,7.099999904632568
11.664802551269531,7.800000190734863
5.551712512969971,3.700000047683716
6.026931285858154,3.700000047683716
18.639244079589844,3.4000000953674316
6.360013008117676,3.9000000953674316
9.019953727722168,3.200000047683716
8.591747283935547,2.200000047683716
13.869780540466309,7.300000190734863
11.494267463684082,8.5
9.96054458618164,5.800000190734863
7.210287094116211,4.800000190734863
7.78240966796875,3.299999952316284
8.923246383666992,2.200000047683716
9.756421089172363,2.0
10.85334587097168,10.699999809265137
6.450074195861816,5.199999809265137
11.602561950683594,8.600000381469727
11.55549144744873,6.699999809265137
10.667019844055176,9.300000190734863
8.901546478271484,5.599999904632568
7.39628267288208,3.700000047683716
17.604068756103516,28.100000381469727
8.135319709777832,9.100000381469727
14.976375579833984,9.899999618530273
31.51580810546875,29.0
18.285564422607422,35.20000076293945
11.1139554977417,9.699999809265137
12.62216854095459,10.800000190734863
22.251785278320312,22.0
17.677635192871094,15.699999809265137
41.45104217529297,45.900001525878906
15.54111099243164,14.800000190734863
18.277507781982422,24.5
41.91841125488281,64.69999694824219
21.0823917388916,18.100000381469727
26.24158477783203,27.899999618530273
46.72978210449219,36.79999923706055
19.403972625732422,21.299999237060547
18.27733039855957,17.600000381469727
43.39120101928711,52.29999923706055
14.045476913452148,12.5
16.114604949951172,17.100000381469727
22.117328643798828,31.600000381469727
34.867305755615234,21.200000762939453
13.350225448608398,9.300000190734863
14.508941650390625,10.199999809265137
11.935949325561523,11.699999809265137
26.472206115722656,29.899999618530273
24.516700744628906,20.899999618530273
16.202272415161133,30.399999618530273
18.375076293945312,12.0
21.953094482421875,13.0
14.23265552520752,8.800000190734863
17.555683135986328,15.100000381469727
14.181134223937988,9.300000190734863
19.62312126159668,21.799999237060547
14.532209396362305,14.300000190734863
26.058610916137695,12.600000381469727
18.168092727661133,15.300000190734863
11.241663932800293,16.100000381469727
15.78734016418457,15.100000381469727
10.424826622009277,18.799999237060547
8.92402458190918,8.100000381469727
11.551795959472656,18.100000381469727
10.70510196685791,8.5
8.61111831665039,11.399999618530273
10.060754776000977,7.5
8.86807918548584,6.300000190734863
15.802157402038574,7.599999904632568
16.502887725830078,19.0
13.050594329833984,11.800000190734863
7.4124627113342285,7.900000095367432
8.917695999145508,11.100000381469727
16.57181739807129,22.200000762939453
12.14640998840332,15.199999809265137
18.595600128173828,20.600000381469727
14.074353218078613,14.199999809265137
13.746631622314453,42.20000076293945
15.25379753112793,17.100000381469727
20.463134765625,27.100000381469727
19.645450592041016,23.299999237060547
18.26230239868164,24.200000762939453
12.169370651245117,18.600000381469727
13.326269149780273,18.299999237060547
10.31721019744873,11.699999809265137
16.68075180053711,17.5
12.601008415222168,12.699999809265137
15.779460906982422,17.700000762939453
17.277355194091797,21.600000381469727
12.081165313720703,13.199999809265137
12.86343002319336,12.899999618530273
13.358792304992676,18.100000381469727
15.672433853149414,16.600000381469727
23.332212448120117,16.700000762939453
18.13911247253418,17.700000762939453
16.648286819458008,31.0
24.330703735351562,30.0
12.83369255065918,12.600000381469727
14.78242301940918,13.399999618530273
14.064255714416504,14.300000190734863
23.366455078125,32.70000076293945
12.263504028320312,15.699999809265137
13.63213062286377,16.100000381469727
13.784391403198242,14.5
21.567363739013672,26.100000381469727
11.402440071105957,13.399999618530273
11.473260879516602,10.600000381469727
14.354642868041992,16.0
14.056495666503906,11.199999809265137
6.331089973449707,6.699999809265137
14.097127914428711,17.600000381469727
14.70561408996582,13.699999809265137
14.555557250976562,20.0
15.327390670776367,14.199999809265137
15.890643119812012,21.299999237060547
12.503921508789062,15.899999618530273
14.016742706298828,12.800000190734863
23.307636260986328,14.800000190734863
15.297365188598633,15.100000381469727
9.148214340209961,6.599999904632568
16.608062744140625,10.5
12.54931354522705,16.299999237060547
10.257057189941406,12.100000381469727
9.678894996643066,10.899999618530273
7.74288272857666,6.800000190734863
12.707525253295898,10.699999809265137
9.409276008605957,14.699999809265137
16.091999053955078,13.5
9.955738067626953,12.0
23.204425811767578,36.0
13.280956268310547,16.899999618530273
11.817500114440918,14.399999618530273
9.413115501403809,7.900000095367432
15.757226943969727,15.100000381469727
14.521688461303711,13.100000381469727
8.849187850952148,8.800000190734863
16.226978302001953,9.899999618530273
17.08944320678711,11.0
10.143289566040039,8.699999809265137
11.250635147094727,14.300000190734863
10.713074684143066,15.5
14.890722274780273,11.899999618530273
9.563241958618164,13.300000190734863
21.876115798950195,9.199999809265137
15.14742374420166,17.299999237060547
12.911643981933594,9.600000381469727
15.239087104797363,13.5
6.1735148429870605,8.399999618530273
8.745943069458008,7.699999809265137
15.074782371520996,16.200000762939453
14.828741073608398,15.800000190734863
17.108840942382812,13.100000381469727
22.95211410522461,28.100000381469727
18.352563858032227,17.600000381469727
12.493032455444336,6.699999809265137
15.263830184936523,11.600000381469727
22.961536407470703,24.5
13.2998685836792,10.300000190734863
19.28853416442871,19.700000762939453
13.903515815734863,13.399999618530273
10.647544860839844,14.100000381469727
17.893775939941406,19.299999237060547
9.058782577514648,11.600000381469727
13.737342834472656,10.300000190734863
7.167776107788086,3.5
17.393672943115234,16.799999237060547
9.85332202911377,13.600000381469727
20.631973266601562,19.0
18.049434661865234,25.600000381469727
16.736038208007812,21.200000762939453
12.701847076416016,17.899999618530273
14.58553695678711,11.100000381469727
14.13341236114502,22.100000381469727
16.02138900756836,21.200000762939453
17.161357879638672,18.100000381469727
12.532153129577637,14.399999618530273
15.543600082397461,11.699999809265137
25.145233154296875,28.399999618530273
21.258377075195312,18.799999237060547
25.94459342956543,25.200000762939453
9.33130168914795,8.800000190734863
9.415038108825684,9.199999809265137
12.20722770690918,14.5
17.58083724975586,12.100000381469727
17.00649642944336,16.799999237060547
19.9829158782959,27.700000762939453
11.644315719604492,8.5
16.263845443725586,12.899999618530273
18.594799041748047,21.700000762939453
13.54857063293457,10.899999618530273
13.581148147583008,7.199999809265137
23.025989532470703,19.100000381469727
16.8727970123291,18.399999618530273
11.847018241882324,12.800000190734863
17.672090530395508,15.699999809265137
16.524900436401367,22.100000381469727
16.245254516601562,13.0
13.793167114257812,8.199999809265137
11.449352264404297,8.100000381469727
9.904644012451172,4.300000190734863
10.659723281860352,8.699999809265137
14.448003768920898,10.800000190734863
16.13794708251953,14.100000381469727
12.21222972869873,9.699999809265137
16.63660430908203,16.799999237060547
15.076278686523438,12.199999809265137
14.422164916992188,9.699999809265137
12.124189376831055,11.100000381469727
12.81846809387207,15.199999809265137
17.486896514892578,17.100000381469727
16.33176040649414,16.399999618530273
19.699922561645508,22.100000381469727
27.56692123413086,30.0
14.287837982177734,12.899999618530273
13.327081680297852,10.5
14.530061721801758,12.800000190734863
26.54729461669922,35.599998474121094
38.27561569213867,33.29999923706055
15.693988800048828,15.300000190734863
21.61297035217285,14.0
12.450647354125977,19.700000762939453
9.241432189941406,11.600000381469727
13.134563446044922,12.600000381469727
11.317246437072754,12.300000190734863
22.282806396484375,22.899999618530273
14.755420684814453,8.899999618530273
10.367731094360352,8.699999809265137
16.690570831298828,15.199999809265137
15.155923843383789,14.199999809265137
16.69882583618164,17.100000381469727
15.147533416748047,12.399999618530273
15.206958770751953,13.300000190734863
15.112232208251953,11.800000190734863
18.657337188720703,10.199999809265137
12.305624008178711,7.5
14.712427139282227,12.100000381469727
5.7298407554626465,4.900000095367432
16.0770263671875,10.0
14.794809341430664,9.100000381469727
20.54799461364746,18.0
21.95557403564453,15.5
12.021090507507324,17.0
9.280867576599121,12.300000190734863
12.178455352783203,10.699999809265137
27.149179458618164,28.799999237060547
13.242467880249023,12.300000190734863
39.735595703125,32.599998474121094
12.978654861450195,9.199999809265137
9.705310821533203,14.300000190734863
10.44972038269043,6.800000190734863
13.058101654052734,16.100000381469727
11.711617469787598,10.699999809265137
16.594738006591797,30.299999237060547
10.309412956237793,10.899999618530273
12.56566047668457,10.699999809265137
9.158292770385742,11.199999809265137
14.732256889343262,16.200000762939453
16.484182357788086,11.399999618530273
20.502552032470703,18.600000381469727
14.27383804321289,13.699999809265137
11.748590469360352,11.300000190734863
21.024341583251953,30.100000381469727
24.671037673950195,30.899999618530273
12.445379257202148,11.800000190734863
11.070981979370117,8.899999618530273
39.50495147705078,47.70000076293945
24.591323852539062,37.20000076293945
47.600486755371094,59.099998474121094
12.296440124511719,11.399999618530273
26.16193389892578,29.200000762939453
37.17951202392578,51.0
36.59454345703125,25.100000381469727
16.092557907104492,13.0
30.278528213500977,34.20000076293945
19.014385223388672,14.399999618530273
27.180328369140625,30.600000381469727
28.815752029418945,28.399999618530273
50.085487365722656,73.9000015258789
13.583008766174316,16.700000762939453
10.026893615722656,8.0
15.982685089111328,17.5
35.572837829589844,29.100000381469727
33.595375061035156,55.599998474121094
47.928768157958984,44.29999923706055
11.668498992919922,8.199999809265137
29.88994026184082,39.20000076293945
29.074020385742188,55.29999923706055
22.223247528076172,30.799999237060547
26.983821868896484,35.70000076293945
23.261634826660156,18.299999237060547
30.013465881347656,33.900001525878906
21.942480087280273,13.699999809265137
62.87717056274414,31.5
14.209782600402832,11.5
16.57613754272461,12.899999618530273
31.740234375,30.100000381469727
12.20544719696045,12.600000381469727
28.864105224609375,17.299999237060547
26.38299560546875,31.600000381469727
16.52259063720703,18.100000381469727
19.580150604248047,17.899999618530273
15.603532791137695,9.800000190734863
18.735763549804688,17.399999618530273
34.18614196777344,32.599998474121094
7.1481032371521,7.599999904632568
7.344466686248779,10.100000381469727
8.11570930480957,6.5
7.44096565246582,7.400000095367432
7.271444320678711,6.099999904632568
5.574682712554932,3.200000047683716
9.226861000061035,6.099999904632568
12.72743034362793,17.299999237060547
9.865442276000977,12.100000381469727
9.60954475402832,8.600000381469727
7.68377685546875,7.099999904632568
9.522233963012695,8.800000190734863
12.06114387512207,11.699999809265137
11.62213134765625,10.199999809265137
10.34713363647461,9.399999618530273
19.137592315673828,10.300000190734863
7.594169616699219,5.900000095367432
11.793471336364746,9.699999809265137
13.81686019897461,7.300000190734863
17.455646514892578,20.600000381469727
18.643573760986328,8.800000190734863
7.8274664878845215,6.800000190734863
12.04184341430664,7.0
40.026939392089844,32.29999923706055
9.75727653503418,6.699999809265137
12.677141189575195,15.699999809265137
16.487533569335938,13.399999618530273
17.081485748291016,21.100000381469727
54.58728790283203,31.100000381469727
37.22544860839844,46.20000076293945
13.443679809570312,10.300000190734863
18.02083969116211,14.300000190734863
11.406142234802246,6.099999904632568
17.021303176879883,7.300000190734863
15.481788635253906,13.600000381469727
22.91533660888672,18.200000762939453
20.36323356628418,18.600000381469727
21.931095123291016,17.799999237060547
10.486953735351562,6.0
19.08970832824707,18.0
30.95142364501953,2.0999999046325684
27.343936920166016,27.200000762939453
22.4061222076416,26.799999237060547
14.62441635131836,14.800000190734863
13.961736679077148,10.899999618530273
24.944448471069336,26.299999237060547
10.277515411376953,8.100000381469727
18.561614990234375,18.399999618530273
15.836729049682617,12.800000190734863
17.293399810791016,19.600000381469727
20.748085021972656,17.100000381469727
15.63633918762207,17.5
16.00328826904297,14.800000190734863
15.927871704101562,6.0
27.23682403564453,16.0
13.394524574279785,5.099999904632568
29.975854873657227,25.200000762939453
14.671137809753418,11.899999618530273
8.667314529418945,4.699999809265137
20.911195755004883,17.799999237060547
16.320858001708984,11.600000381469727
13.53449535369873,12.199999809265137
12.0951566696167,8.0
11.908185958862305,6.699999809265137
12.654539108276367,9.100000381469727
16.93598175048828,17.600000381469727
29.88126564025879,32.29999923706055
14.49985408782959,16.200000762939453
15.141624450683594,11.5
26.91118621826172,32.900001525878906
22.19655990600586,16.700000762939453
13.425103187561035,10.300000190734863
11.950444221496582,11.300000190734863
30.36843490600586,16.700000762939453
26.908084869384766,26.0
8.778934478759766,5.599999904632568
27.003952026367188,13.0
31.298294067382812,25.799999237060547
14.662631034851074,8.300000190734863
9.822746276855469,5.699999809265137
10.761722564697266,10.399999618530273
8.36518669128418,6.699999809265137
12.463616371154785,10.0
42.60899353027344,35.400001525878906
20.36676025390625,13.899999618530273
11.504364013671875,8.699999809265137
15.442728996276855,17.799999237060547
16.989282608032227,14.899999618530273
16.689735412597656,15.5
15.961292266845703,13.699999809265137
17.960119247436523,9.699999809265137
33.10401153564453,22.0
13.524521827697754,14.399999618530273
17.600549697875977,8.199999809265137
16.778779983520508,16.5
18.83658790588379,9.600000381469727
18.590030670166016,19.100000381469727
18.66190528869629,16.200000762939453
18.01641082763672,13.100000381469727
25.061594009399414,19.100000381469727
8.295839309692383,3.5999999046325684
14.77096939086914,9.899999618530273
16.535598754882812,13.699999809265137
15.788168907165527,14.800000190734863
11.761356353759766,5.099999904632568
13.918108940124512,9.5
23.817909240722656,10.699999809265137
19.668970108032227,15.399999618530273
21.720958709716797,8.300000190734863
18.401832580566406,20.700000762939453
9.8619384765625,11.600000381469727
19.727664947509766,19.799999237060547
16.75275421142578,18.399999618530273
24.65699005126953,17.700000762939453
17.04733657836914,9.399999618530273
20.72855567932129,22.700000762939453
17.918437957763672,21.899999618530273
23.139387130737305,19.200000762939453
16.02376937866211,13.199999809265137
15.72726821899414,12.0
10.126401901245117,9.0
14.301019668579102,10.199999809265137
31.269092559814453,30.600000381469727
17.981277465820312,22.0
14.072677612304688,10.5
28.061912536621094,32.099998474121094
8.062946319580078,7.199999809265137
10.884786605834961,7.199999809265137
26.97015380859375,11.699999809265137
9.965486526489258,8.699999809265137
35.450584411621094,49.79999923706055
17.47386932373047,9.600000381469727
10.970182418823242,9.300000190734863
7.181412696838379,7.199999809265137
38.34868621826172,17.799999237060547
14.937052726745605,10.5
35.41991424560547,39.0
25.13536834716797,16.600000381469727
12.627290725708008,11.800000190734863
14.596242904663086,10.699999809265137
24.09752082824707,20.700000762939453
24.272626876831055,35.400001525878906
8.029045104980469,17.100000381469727
21.71183204650879,21.0
15.122222900390625,7.5
34.82090759277344,47.29999923706055
42.27095031738281,36.79999923706055
26.36104965209961,22.299999237060547
26.195585250854492,17.700000762939453
30.363380432128906,21.600000381469727
42.329559326171875,30.700000762939453
25.650634765625,17.100000381469727
14.554973602294922,15.199999809265137
28.973827362060547,21.200000762939453
32.13688659667969,37.900001525878906
23.81732177734375,35.5
20.819902420043945,30.5
14.445819854736328,15.5
25.509883880615234,17.200000762939453
28.42090606689453,20.899999618530273
39.39501190185547,22.200000762939453
28.307662963867188,22.399999618530273
14.075641632080078,12.100000381469727
66.10786437988281,61.70000076293945
130.71749877929688,164.6999969482422
60.916812896728516,76.69999694824219
32.709754943847656,23.799999237060547
34.55720520019531,42.0
26.647371292114258,16.899999618530273
53.26691436767578,75.0
31.277950286865234,15.5
33.71532440185547,39.29999923706055
21.039478302001953,19.399999618530273
38.56843566894531,35.0
45.88743591308594,36.400001525878906
53.02702331542969,38.900001525878906
23.573410034179688,27.5
44.0561637878418,39.599998474121094
59.67674255371094,34.400001525878906
44.261329650878906,36.099998474121094
13.585551261901855,23.600000381469727
28.117572784423828,20.5
16.071014404296875,14.699999809265137
44.137630462646484,43.099998474121094
12.439535140991211,12.0
41.46343994140625,52.400001525878906
15.158742904663086,31.299999237060547
41.178836822509766,47.70000076293945
32.35431671142578,26.0
32.642005920410156,33.099998474121094
47.8697509765625,94.0
42.5258903503418,38.599998474121094
17.999523162841797,17.0
19.156089782714844,24.799999237060547
29.248451232910156,34.29999923706055
42.65154266357422,41.599998474121094
14.737751007080078,19.600000381469727
40.217464447021484,37.79999923706055
19.236900329589844,18.600000381469727
31.841567993164062,33.900001525878906
36.09566879272461,35.70000076293945
23.83428192138672,20.600000381469727
21.28314781188965,21.399999618530273
20.41596031188965,31.600000381469727
30.464252471923828,35.20000076293945
22.787025451660156,23.0
81.11146545410156,85.80000305175781
25.867511749267578,30.399999618530273
21.093643188476562,16.700000762939453
18.651275634765625,13.5
35.868324279785156,39.0
14.3107328414917,12.699999809265137
15.080474853515625,14.399999618530273
45.48811340332031,65.80000305175781
48.78904724121094,69.80000305175781
12.56291389465332,12.199999809265137
77.69642639160156,121.5
12.75651741027832,11.699999809265137
25.681541442871094,20.299999237060547
25.683889389038086,24.5
17.35037612915039,23.299999237060547
45.24488830566406,45.099998474121094
41.61528396606445,50.20000076293945
17.65115737915039,17.600000381469727
40.757293701171875,42.70000076293945
36.59971237182617,31.200000762939453
39.20564270019531,27.100000381469727
13.259925842285156,12.5
58.230979919433594,34.099998474121094
65.50791931152344,38.5
59.543540954589844,52.900001525878906
73.02273559570312,38.099998474121094
17.753734588623047,21.5
73.95832824707031,55.79999923706055
139.22750854492188,75.80000305175781
101.13687133789062,41.900001525878906
18.599506378173828,24.799999237060547
31.96363639831543,20.600000381469727
140.14944458007812,97.9000015258789
20.9363956451416,20.5
54.578956604003906,43.79999923706055
103.99494934082031,60.099998474121094
36.46942138671875,48.5
45.14271545410156,37.0
40.803749084472656,40.0
79.36549377441406,66.0
22.118616104125977,33.0
25.076814651489258,17.700000762939453
39.43028259277344,35.599998474121094
12.308931350708008,16.299999237060547
20.171859741210938,5.300000190734863
22.80820655822754,24.799999237060547
21.48897933959961,6.900000095367432
42.430267333984375,48.400001525878906
36.55812072753906,19.899999618530273
15.629871368408203,23.5
38.36812973022461,31.5
55.68694305419922,28.200000762939453
32.04514694213867,13.5
42.933170318603516,27.399999618530273
15.256597518920898,18.299999237060547
83.55615997314453,66.9000015258789
32.26142120361328,28.299999237060547
34.85009002685547,48.0
12.898309707641602,14.0
27.157241821289062,12.899999618530273
29.736984252929688,41.29999923706055
25.231056213378906,23.799999237060547
36.19591522216797,23.899999618530273
35.37934112548828,26.700000762939453
17.075870513916016,16.600000381469727
15.297042846679688,21.5
22.4260196685791,8.800000190734863
13.63005256652832,10.0
20.662660598754883,16.5
14.693501472473145,30.200000762939453
27.81095314025879,18.600000381469727
44.24553680419922,31.399999618530273
26.295032501220703,23.399999618530273
55.137413024902344,37.70000076293945
31.827465057373047,18.0
55.058528900146484,32.20000076293945
42.5513801574707,35.70000076293945
19.56688690185547,10.300000190734863
16.2735652923584,11.5
17.355518341064453,5.599999904632568
27.01821517944336,22.200000762939453
27.56583023071289,16.5
20.06887435913086,4.099999904632568
42.65480041503906,32.29999923706055
30.361648559570312,14.199999809265137
17.77613067626953,11.199999809265137
15.071222305297852,7.699999809265137
45.340232849121094,40.0
38.97198486328125,21.100000381469727
55.78669357299805,50.20000076293945
31.76577377319336,20.700000762939453
36.00602722167969,78.19999694824219
37.1715087890625,40.400001525878906
30.370359420776367,21.100000381469727
30.970340728759766,18.700000762939453
65.43659973144531,29.899999618530273
40.068260192871094,57.79999923706055
40.730262756347656,34.900001525878906
69.93772888183594,44.5
30.31970977783203,32.900001525878906
79.20700073242188,60.400001525878906
28.488344192504883,41.79999923706055
36.6947135925293,55.0
34.537315368652344,34.20000076293945
68.5380859375,52.70000076293945
48.54071044921875,59.0
38.602508544921875,20.5
41.20774841308594,44.20000076293945
29.974559783935547,28.200000762939453
29.711713790893555,20.5
39.89324188232422,47.099998474121094
55.1220703125,41.400001525878906
28.058006286621094,27.0
93.73866271972656,108.80000305175781
34.63042449951172,20.0
90.86577606201172,36.70000076293945
19.058666229248047,14.800000190734863
11.905311584472656,14.5
20.44314956665039,9.899999618530273
43.397865295410156,38.900001525878906
36.542030334472656,26.200000762939453
21.163780212402344,20.100000381469727
23.221267700195312,24.399999618530273
30.47890853881836,26.399999618530273
87.41192626953125,71.9000015258789
107.13160705566406,92.80000305175781
19.905752182006836,20.899999618530273
65.52046203613281,44.79999923706055
17.83274269104004,20.799999237060547
27.829574584960938,41.29999923706055
34.93489074707031,66.0
17.911941528320312,14.600000381469727
14.973602294921875,10.800000190734863
29.029613494873047,27.5
35.983680725097656,31.200000762939453
31.6403865814209,28.200000762939453
36.80342102050781,9.300000190734863
11.758718490600586,4.099999904632568
43.217933654785156,33.5
23.326555252075195,14.699999809265137
102.78853607177734,97.9000015258789
23.787736892700195,20.899999618530273
36.29768753051758,34.400001525878906
15.709662437438965,15.899999618530273
17.03342056274414,15.300000190734863
15.284626007080078,11.0
18.95132064819336,8.300000190734863
19.44762420654297,22.0
80.10022735595703,46.599998474121094
15.21202564239502,8.699999809265137
34.56096267700195,17.100000381469727
40.54890441894531,37.0
20.884170532226562,21.100000381469727
34.969451904296875,23.700000762939453
19.585474014282227,13.699999809265137
29.239028930664062,41.099998474121094
20.43942642211914,17.0
21.428085327148438,19.600000381469727
37.28217315673828,30.899999618530273
37.11313247680664,41.29999923706055
45.500450134277344,43.70000076293945
29.32339859008789,30.200000762939453
37.792396545410156,16.600000381469727
24.286026000976562,14.199999809265137
30.98698616027832,36.29999923706055
42.63603973388672,29.200000762939453
11.976046562194824,4.0
13.228693962097168,9.600000381469727
24.416141510009766,22.200000762939453
32.03489685058594,25.5
42.429542541503906,40.099998474121094
25.620088577270508,21.5
27.172271728515625,27.700000762939453
77.92144775390625,73.80000305175781
55.954750061035156,45.599998474121094
25.814748764038086,44.79999923706055
39.01592254638672,26.200000762939453
41.1231575012207,53.20000076293945
35.50532531738281,33.0
25.22854995727539,22.899999618530273
51.619346618652344,44.900001525878906
37.937461853027344,26.100000381469727
37.35032272338867,29.700000762939453
45.208778381347656,32.0
32.127716064453125,27.799999237060547
34.10028076171875,26.5
57.26481628417969,41.70000076293945
20.22073745727539,15.300000190734863
33.698211669921875,30.799999237060547
23.233463287353516,20.299999237060547
30.702590942382812,26.799999237060547
16.898258209228516,11.600000381469727
22.95163917541504,14.600000381469727
28.604965209960938,17.100000381469727
16.60417366027832,6.0
24.642688751220703,8.100000381469727
15.56622314453125,7.199999809265137
21.435585021972656,10.899999618530273
19.116151809692383,11.699999809265137
18.673912048339844,17.899999618530273
28.894588470458984,8.100000381469727
37.092437744140625,29.899999618530273
32.894508361816406,11.699999809265137
16.333057403564453,16.5
23.554122924804688,23.799999237060547
33.06719970703125,20.600000381469727
15.649225234985352,15.300000190734863
24.390277862548828,9.199999809265137
18.969924926757812,15.800000190734863
21.403438568115234,17.899999618530273
46.26166915893555,48.5
66.67971801757812,83.0999984741211
41.625709533691406,25.700000762939453
33.20751953125,35.900001525878906
115.2921142578125,154.89999389648438
26.69989013671875,17.399999618530273
35.85678482055664,38.400001525878906
29.494779586791992,27.200000762939453
46.758792877197266,45.900001525878906
30.595075607299805,21.899999618530273
51.06132507324219,30.799999237060547
19.776222229003906,10.800000190734863
39.10790252685547,23.600000381469727
31.710229873657227,18.399999618530273
12.417682647705078,13.899999618530273
14.118856430053711,15.600000381469727
39.943382263183594,58.599998474121094
78.30689239501953,69.9000015258789
48.989227294921875,32.400001525878906
37.01967239379883,30.899999618530273
32.269287109375,15.800000190734863
43.75340270996094,41.79999923706055
18.419265747070312,19.700000762939453
45.10968780517578,30.799999237060547
25.89837646484375,19.700000762939453
19.973350524902344,6.599999904632568
17.8646240234375,18.899999618530273
21.837804794311523,15.800000190734863
48.379695892333984,29.100000381469727
25.04351806640625,8.899999618530273
31.71026611328125,29.5
46.509864807128906,28.600000381469727
94.71565246582031,213.39999389648438
20.896739959716797,17.100000381469727
18.046892166137695,14.399999618530273
46.245887756347656,48.599998474121094
33.9368782043457,29.299999237060547
47.06544494628906,39.29999923706055
29.35483741760254,53.599998474121094
13.881004333496094,4.599999904632568
28.55928611755371,15.699999809265137
11.89022445678711,10.199999809265137
38.53704833984375,34.79999923706055
17.096942901611328,7.5
29.68958854675293,30.100000381469727
29.25664520263672,15.399999618530273
90.2361068725586,45.900001525878906
28.78469467163086,21.700000762939453
37.732666015625,16.899999618530273
10.719709396362305,6.699999809265137
38.72528839111328,22.100000381469727
14.677712440490723,20.0
106.56001281738281,133.10000610351562
35.76892852783203,27.799999237060547
33.22439956665039,34.70000076293945
10.535978317260742,15.699999809265137
12.527168273925781,12.800000190734863
42.59260559082031,19.600000381469727
9.139540672302246,10.699999809265137
11.193246841430664,6.099999904632568
11.704877853393555,11.399999618530273
32.97351837158203,27.600000381469727
21.18712615966797,21.899999618530273
34.760780334472656,40.70000076293945
14.25676441192627,11.899999618530273
22.76982307434082,21.799999237060547
11.120774269104004,10.100000381469727
29.439800262451172,20.899999618530273
18.525192260742188,26.600000381469727
24.104747772216797,9.0
10.409555435180664,10.100000381469727
11.702421188354492,10.5
23.002532958984375,20.0
12.194757461547852,11.800000190734863
11.380966186523438,11.300000190734863
20.626384735107422,4.900000095367432
9.425224304199219,9.100000381469727
12.803704261779785,17.799999237060547
15.203125,10.199999809265137
18.78329849243164,11.199999809265137
12.690666198730469,10.0
36.10837936401367,26.399999618530273
32.43268966674805,20.0
42.08669662475586,41.599998474121094
12.376026153564453,8.699999809265137
9.294367790222168,7.0
27.957605361938477,15.899999618530273
10.949712753295898,14.399999618530273
38.6085090637207,46.900001525878906
11.002296447753906,15.300000190734863
43.2860107421875,28.299999237060547
30.138330459594727,21.299999237060547
23.000473022460938,21.700000762939453
36.85691452026367,32.5
15.188075065612793,12.899999618530273
33.025184631347656,32.20000076293945
121.64753723144531,79.19999694824219
14.289619445800781,16.700000762939453
49.83902359008789,30.299999237060547
75.40992736816406,33.29999923706055
68.75852966308594,37.20000076293945
48.72553634643555,31.799999237060547
57.98844909667969,23.200000762939453
34.22190856933594,12.0
58.24065017700195,35.5
20.754680633544922,8.0
70.86259460449219,47.900001525878906
56.306907653808594,36.099998474121094
19.89691162109375,17.0
42.96345138549805,23.5
39.74748992919922,22.100000381469727
21.505409240722656,22.0
42.194915771484375,40.29999923706055
12.01565933227539,8.699999809265137
44.32478332519531,27.899999618530273
33.536407470703125,25.100000381469727
41.838783264160156,28.899999618530273
33.02561950683594,33.20000076293945
27.069011688232422,29.899999618530273
33.734466552734375,31.600000381469727
32.514251708984375,39.599998474121094
26.15557289123535,13.899999618530273
19.910734176635742,23.100000381469727
25.09836769104004,26.5
40.217987060546875,22.100000381469727
21.50192642211914,34.0
20.553871154785156,15.699999809265137
29.75101089477539,31.399999618530273
28.068927764892578,12.0
25.02161979675293,13.199999809265137
35.17018127441406,13.899999618530273
70.17066955566406,48.0
31.867408752441406,30.200000762939453
32.9573974609375,14.899999618530273
22.59145736694336,12.100000381469727
24.186080932617188,11.600000381469727
28.49783706665039,15.699999809265137
48.594356536865234,31.299999237060547
17.38947296142578,7.699999809265137
31.130395889282227,24.899999618530273
17.708166122436523,8.100000381469727
42.753562927246094,36.599998474121094
20.991931915283203,13.899999618530273
16.6798152923584,15.199999809265137
24.093955993652344,11.0
23.942882537841797,8.0
25.384235382080078,7.800000190734863
22.44194221496582,12.899999618530273
40.959938049316406,11.600000381469727
24.65877342224121,11.899999618530273
29.13827896118164,18.399999618530273
19.275985717773438,6.0
16.51757049560547,20.0
23.451641082763672,8.399999618530273
68.57032775878906,81.69999694824219
18.711956024169922,4.0
18.120214462280273,20.0
71.57746887207031,43.0
33.022621154785156,16.5
32.838706970214844,15.899999618530273
46.230560302734375,21.100000381469727
19.294246673583984,22.600000381469727
30.025606155395508,43.900001525878906
14.826461791992188,12.0
15.646157264709473,20.0
34.39712142944336,32.70000076293945
19.7545166015625,6.900000095367432
19.013593673706055,20.200000762939453
17.457332611083984,14.399999618530273
25.658475875854492,51.29999923706055
60.82440948486328,24.399999618530273
16.8656005859375,22.5
21.852405548095703,7.699999809265137
24.5816707611084,17.100000381469727
51.373558044433594,23.299999237060547
32.17618942260742,20.299999237060547
20.40184783935547,15.699999809265137
25.832075119018555,15.199999809265137
72.10700988769531,27.299999237060547
38.18585968017578,35.900001525878906
17.26943588256836,15.0
29.602458953857422,9.5
15.28117561340332,14.100000381469727
21.55450439453125,13.899999618530273
15.230645179748535,7.199999809265137
33.87078094482422,8.100000381469727
18.1539306640625,16.700000762939453
18.364559173583984,20.799999237060547
14.498564720153809,15.0
13.73173713684082,15.899999618530273
18.18429946899414,18.899999618530273
14.784038543701172,12.800000190734863
12.721277236938477,11.899999618530273
24.289337158203125,19.600000381469727
35.37556838989258,33.400001525878906
24.110647201538086,22.0
62.156124114990234,44.79999923706055
25.667617797851562,22.799999237060547
29.23929214477539,32.20000076293945
35.35987091064453,27.200000762939453
32.34878158569336,27.0
29.973369598388672,29.200000762939453
29.553438186645508,24.0
28.70831298828125,23.200000762939453
35.250511169433594,21.600000381469727
12.053242683410645,7.699999809265137
39.38744354248047,28.700000762939453
30.46552276611328,22.200000762939453
27.294845581054688,28.100000381469727
22.068035125732422,21.5
21.570396423339844,27.100000381469727
13.627228736877441,9.0
26.625499725341797,21.600000381469727
15.125638961791992,11.0
25.758865356445312,19.899999618530273
33.55156707763672,20.899999618530273
32.40001678466797,32.20000076293945
20.061748504638672,23.600000381469727
43.39225769042969,39.79999923706055
23.857707977294922,13.600000381469727
20.931859970092773,24.299999237060547
19.222091674804688,19.299999237060547
29.218387603759766,26.299999237060547
20.37220001220703,15.699999809265137
28.795536041259766,23.899999618530273
38.279640197753906,36.400001525878906
20.229150772094727,14.199999809265137
21.447763442993164,16.5
24.156681060791016,19.799999237060547
68.02300262451172,64.19999694824219
27.850067138671875,21.100000381469727
24.958911895751953,24.0
23.766260147094727,20.0
20.757949829101562,17.700000762939453
15.764842987060547,13.300000190734863
20.305809020996094,18.0
40.07781982421875,35.79999923706055
26.224428176879883,26.5
15.99032211303711,16.700000762939453
13.350523948669434,16.200000762939453
26.777053833007812,17.0
29.699193954467773,23.0
35.93986511230469,29.600000381469727
34.82438659667969,27.100000381469727
47.02719497680664,43.5
45.204261779785156,42.5
34.27849578857422,33.70000076293945
39.3630256652832,32.0
15.058809280395508,16.100000381469727
28.54522132873535,28.899999618530273
41.977195739746094,32.0
33.2586669921875,28.0
21.773216247558594,16.5
13.408992767333984,24.5
17.528900146484375,16.799999237060547
27.551733016967773,21.100000381469727
35.101932525634766,30.700000762939453
13.986427307128906,10.100000381469727
22.991588592529297,13.800000190734863
17.258337020874023,14.100000381469727
13.14289665222168,8.399999618530273
11.683656692504883,12.199999809265137
12.20744514465332,14.699999809265137
41.48633575439453,36.79999923706055
12.249316215515137,9.600000381469727
13.386183738708496,14.0
15.123021125793457,12.800000190734863
14.287917137145996,10.699999809265137
18.734405517578125,14.5
13.387561798095703,13.100000381469727
13.844478607177734,11.600000381469727
14.021380424499512,10.899999618530273
17.206787109375,10.300000190734863
12.35544204711914,10.300000190734863
15.907356262207031,14.699999809265137
11.10265064239502,10.600000381469727
16.2022705078125,19.5
11.050065994262695,12.399999618530273
13.147500991821289,11.100000381469727
17.94015884399414,14.600000381469727
13.391046524047852,9.899999618530273
13.326597213745117,12.600000381469727
12.777050018310547,12.600000381469727
12.647520065307617,13.699999809265137
14.785688400268555,13.399999618530273
10.79318618774414,9.300000190734863
16.744550704956055,14.0
16.92914390563965,17.5
17.63300323486328,15.300000190734863
13.272993087768555,9.100000381469727
17.47307586669922,14.5
38.134033203125,19.100000381469727
14.348752975463867,14.0
12.620342254638672,10.399999618530273
16.87132453918457,14.199999809265137
31.76183319091797,29.299999237060547
13.81450366973877,10.199999809265137
14.014386177062988,16.899999618530273
16.377267837524414,13.800000190734863
18.80348014831543,19.5
19.219430923461914,15.100000381469727
13.804803848266602,17.5
12.902374267578125,10.800000190734863
23.282739639282227,5.699999809265137
15.461268424987793,14.5
31.308176040649414,20.0
18.621238708496094,16.399999618530273
12.865535736083984,12.800000190734863
13.8929443359375,13.199999809265137
11.352331161499023,12.0
15.06463623046875,15.300000190734863
32.0689697265625,21.600000381469727
36.345577239990234,49.20000076293945
13.544563293457031,10.899999618530273
19.04985237121582,14.800000190734863
22.577484130859375,25.299999237060547
24.790363311767578,41.70000076293945
17.384321212768555,19.700000762939453
14.432939529418945,15.399999618530273
25.850311279296875,21.700000762939453
19.626977920532227,28.0
18.928848266601562,20.299999237060547
32.77656936645508,29.700000762939453
19.702184677124023,24.100000381469727
11.365525245666504,11.5
24.742828369140625,23.100000381469727
35.890655517578125,21.600000381469727
13.827518463134766,8.800000190734863
21.792116165161133,22.600000381469727
23.2855224609375,12.699999809265137
29.097320556640625,30.5
36.36671447753906,35.599998474121094
35.65061950683594,28.899999618530273
33.157264709472656,31.799999237060547
29.716856002807617,26.5
55.87086486816406,62.20000076293945
29.46572494506836,25.200000762939453
39.6398811340332,42.29999923706055
23.4243106842041,60.0
12.53499698638916,13.399999618530273
26.232074737548828,28.799999237060547
24.864601135253906,19.5
12.654017448425293,10.100000381469727
20.738107681274414,18.799999237060547
18.15517807006836,11.600000381469727
17.664175033569336,13.199999809265137
14.604442596435547,14.5
12.589910507202148,9.800000190734863
15.624799728393555,26.799999237060547
61.60152053833008,54.79999923706055
21.429140090942383,28.100000381469727
32.97003936767578,38.29999923706055
44.5808219909668,57.599998474121094
18.479331970214844,14.5
42.69263458251953,51.20000076293945
11.133245468139648,0.0
18.7767333984375,9.699999809265137
14.458373069763184,12.5
16.40865135192871,24.700000762939453
11.86381721496582,13.300000190734863
35.76681900024414,29.899999618530273
35.032020568847656,27.600000381469727
24.917388916015625,20.700000762939453
30.475292205810547,26.299999237060547
23.159677505493164,25.700000762939453
12.294373512268066,10.300000190734863
22.864402770996094,25.100000381469727
20.38468360900879,20.0
20.323585510253906,26.0
24.06138801574707,23.200000762939453
27.820236206054688,20.5
15.946332931518555,11.399999618530273
14.83785343170166,15.600000381469727
11.886211395263672,12.600000381469727
15.604106903076172,13.399999618530273
45.984535217285156,33.400001525878906
20.38112449645996,15.800000190734863
12.542915344238281,10.800000190734863
17.988056182861328,19.299999237060547
24.538496017456055,16.200000762939453
31.056379318237305,23.899999618530273
14.495420455932617,11.399999618530273
29.156248092651367,25.0
31.53995704650879,17.399999618530273
27.57801055908203,23.200000762939453
21.4202880859375,16.299999237060547
16.935134887695312,14.199999809265137
15.185561180114746,12.100000381469727
19.620208740234375,18.899999618530273
16.1083984375,15.300000190734863
37.178932189941406,31.100000381469727
25.26272964477539,27.5
26.670259475708008,20.200000762939453
22.09864044189453,29.0
39.31893539428711,46.79999923706055
48.64535903930664,64.0
35.55649948120117,35.29999923706055
21.531291961669922,12.600000381469727
18.26354217529297,12.800000190734863
14.865723609924316,11.600000381469727
12.88164234161377,15.699999809265137
13.780003547668457,17.399999618530273
13.306316375732422,14.300000190734863
13.569780349731445,10.0
15.435256958007812,11.300000190734863
21.862890243530273,12.300000190734863
34.94279098510742,30.899999618530273
14.377815246582031,13.600000381469727
45.15744400024414,43.29999923706055
14.132857322692871,8.399999618530273
20.50741958618164,28.799999237060547
19.892738342285156,18.799999237060547
43.97550964355469,47.29999923706055
13.386452674865723,11.800000190734863
35.67851257324219,31.100000381469727
25.76947021484375,17.700000762939453
43.7041130065918,43.599998474121094
25.114824295043945,21.299999237060547
18.844308853149414,16.600000381469727
13.950450897216797,12.899999618530273
40.07246398925781,28.5
16.095752716064453,16.200000762939453
17.521221160888672,12.699999809265137
14.588610649108887,11.800000190734863
19.953266143798828,14.899999618530273
17.150970458984375,18.299999237060547
17.65686798095703,10.300000190734863
15.851215362548828,14.800000190734863
17.33443260192871,10.5
20.702194213867188,12.800000190734863
15.131071090698242,11.5
28.155536651611328,13.0
31.434207916259766,41.599998474121094
18.762056350708008,22.799999237060547
20.06817626953125,18.600000381469727
39.20153045654297,25.100000381469727
19.313684463500977,21.100000381469727
41.49042510986328,20.0
20.181880950927734,26.5
34.42021560668945,18.600000381469727
18.24134063720703,24.399999618530273
30.145118713378906,25.700000762939453
24.816204071044922,18.399999618530273
15.748481750488281,9.0
16.47146987915039,18.5
32.37540817260742,20.700000762939453
13.319355010986328,14.199999809265137
27.167543411254883,25.5
13.837472915649414,18.899999618530273
13.00563907623291,14.300000190734863
18.08843421936035,11.199999809265137
25.85712242126465,24.399999618530273
17.74230194091797,30.0
30.638633728027344,9.399999618530273
29.74254608154297,14.300000190734863
35.63591003417969,18.100000381469727
29.325546264648438,30.299999237060547
20.68151092529297,13.300000190734863
23.97597885131836,30.100000381469727
26.539146423339844,26.700000762939453
18.248714447021484,19.200000762939453
23.931339263916016,13.300000190734863
24.88690948486328,30.200000762939453
16.324012756347656,25.0
16.73163414001465,21.600000381469727
48.7360954284668,46.400001525878906
16.962926864624023,13.600000381469727
35.827430725097656,17.600000381469727
43.66277313232422,52.0
25.38858413696289,22.200000762939453
25.927770614624023,21.700000762939453
17.79913330078125,21.5
18.668922424316406,14.199999809265137
21.675403594970703,26.5
14.097846031188965,15.300000190734863
32.04788589477539,24.0
13.094181060791016,11.199999809265137
14.928518295288086,16.100000381469727
24.837980270385742,18.200000762939453
28.06082534790039,32.0
48.17140197753906,40.400001525878906
49.91492462158203,62.0
22.089664459228516,26.399999618530273
13.48600959777832,18.0
21.781383514404297,18.899999618530273
15.26891040802002,19.100000381469727
39.79371643066406,34.29999923706055
19.438678741455078,15.399999618530273
18.056373596191406,18.899999618530273
14.23370361328125,9.300000190734863
39.07345962524414,34.599998474121094
25.48988914489746,22.0
25.723148345947266,24.799999237060547
33.83086395263672,26.899999618530273
18.974384307861328,20.299999237060547
14.878210067749023,9.300000190734863
14.437590599060059,12.600000381469727
19.020626068115234,17.899999618530273
20.305419921875,22.0
28.02849578857422,31.299999237060547
30.481285095214844,56.5
18.913976669311523,18.299999237060547
18.41726303100586,19.299999237060547
40.12933349609375,41.900001525878906
17.646854400634766,17.200000762939453
19.34713363647461,12.699999809265137
15.58173942565918,20.399999618530273
15.953779220581055,12.199999809265137
24.469919204711914,20.299999237060547
54.93246841430664,59.70000076293945
14.4882230758667,6.800000190734863
16.879735946655273,5.599999904632568
32.183380126953125,33.900001525878906
21.021793365478516,14.0
20.95618438720703,18.299999237060547
23.71869468688965,17.100000381469727
23.598560333251953,14.0
16.03021240234375,22.200000762939453
21.54995346069336,28.799999237060547
28.328622817993164,45.400001525878906
23.465618133544922,20.5
28.367206573486328,25.399999618530273
16.907264709472656,13.800000190734863
21.282453536987305,20.0
17.643962860107422,23.399999618530273
26.729822158813477,23.600000381469727
27.500041961669922,22.600000381469727
35.87866973876953,32.0
21.84174346923828,16.399999618530273
16.445634841918945,26.299999237060547
16.2003173828125,21.899999618530273
24.344276428222656,22.700000762939453
19.432456970214844,17.200000762939453
27.684051513671875,22.600000381469727
22.83092498779297,14.800000190734863
23.176738739013672,17.100000381469727
20.058795928955078,26.200000762939453
42.98126983642578,80.19999694824219
23.51833724975586,19.700000762939453
17.568662643432617,17.200000762939453
16.45517349243164,21.100000381469727
16.418996810913086,12.100000381469727
20.937816619873047,19.5
13.947879791259766,15.5
14.01420783996582,20.0
21.022602081298828,19.299999237060547
33.56634521484375,28.799999237060547
27.01659393310547,17.799999237060547
28.560102462768555,23.700000762939453
25.83420181274414,25.700000762939453
25.877269744873047,24.399999618530273
26.595766067504883,19.899999618530273
28.838111877441406,18.5
25.050321578979492,18.0
30.238359451293945,29.700000762939453
20.629301071166992,21.0
10.936882019042969,14.800000190734863
28.621017456054688,21.100000381469727
9.63962173461914,11.399999618530273
31.931488037109375,16.700000762939453
16.135215759277344,13.600000381469727
17.161846160888672,14.899999618530273
13.970081329345703,17.399999618530273
19.7099552154541,12.899999618530273
17.394411087036133,17.399999618530273
20.051185607910156,17.899999618530273
38.10567855834961,34.20000076293945
22.571022033691406,20.799999237060547
26.959163665771484,21.200000762939453
24.604881286621094,23.600000381469727
22.300954818725586,15.0
17.26137924194336,16.100000381469727
30.418914794921875,30.899999618530273
34.4772834777832,30.399999618530273
43.19439697265625,47.79999923706055
22.108436584472656,28.299999237060547
17.395172119140625,18.600000381469727
42.446773529052734,35.099998474121094
18.65689468383789,16.299999237060547
20.536087036132812,14.600000381469727
16.433794021606445,11.899999618530273
19.874818801879883,18.0
24.159881591796875,23.600000381469727
23.512619018554688,21.799999237060547
29.81913948059082,18.0
17.30139923095703,11.5
15.263620376586914,14.899999618530273
47.141578674316406,26.5
22.777002334594727,24.799999237060547
29.744304656982422,19.899999618530273
25.347118377685547,32.79999923706055
30.641956329345703,27.700000762939453
41.127140045166016,38.599998474121094
43.16486358642578,48.70000076293945
20.45118522644043,28.700000762939453
14.511194229125977,7.900000095367432
13.48544692993164,14.699999809265137
39.00940704345703,48.20000076293945
34.635643005371094,51.29999923706055
18.090089797973633,18.399999618530273
20.096389770507812,20.100000381469727
38.459327697753906,28.0
21.16381072998047,21.600000381469727
12.509077072143555,6.900000095367432
14.296957015991211,20.700000762939453
30.233360290527344,20.399999618530273
20.266490936279297,12.699999809265137
18.014129638671875,23.299999237060547
36.06252670288086,16.299999237060547
12.49445915222168,10.0
16.89796257019043,8.0
26.444026947021484,18.200000762939453
25.398174285888672,26.100000381469727
24.267807006835938,21.399999618530273
25.27884292602539,18.600000381469727
16.17755126953125,10.100000381469727
16.675899505615234,14.199999809265137
15.062591552734375,14.899999618530273
21.969051361083984,15.800000190734863
37.87588882446289,21.899999618530273
34.34812927246094,16.700000762939453
12.924736976623535,12.600000381469727
37.025291442871094,31.100000381469727
39.890769958496094,36.0
30.212656021118164,20.600000381469727
43.07353210449219,26.600000381469727
39.954246520996094,26.200000762939453
23.488628387451172,20.100000381469727
14.164375305175781,13.300000190734863
12.57459831237793,12.899999618530273
22.387611389160156,26.700000762939453
22.947105407714844,20.799999237060547
25.192337036132812,30.700000762939453
25.679920196533203,19.299999237060547
18.953065872192383,21.700000762939453
14.159539222717285,15.600000381469727
25.98463249206543,24.5
12.611418724060059,13.600000381469727
15.657276153564453,17.899999618530273
28.630226135253906,47.29999923706055
17.30931854248047,12.100000381469727
11.314911842346191,8.100000381469727
37.95664596557617,9.600000381469727
13.954109191894531,7.0
11.04557991027832,10.300000190734863
19.53668212890625,17.700000762939453
14.207290649414062,16.200000762939453
38.00229263305664,31.5
12.169544219970703,13.0
12.083041191101074,8.899999618530273
12.267034530639648,12.100000381469727
13.385435104370117,15.100000381469727
11.2376708984375,11.300000190734863
32.42033386230469,21.399999618530273
33.49311828613281,19.5
13.17033863067627,12.399999618530273
10.894102096557617,10.600000381469727
14.6273832321167,12.600000381469727
15.305559158325195,11.199999809265137
11.477149963378906,13.100000381469727
11.681962013244629,6.800000190734863
13.442512512207031,10.699999809265137
16.400962829589844,16.700000762939453
42.69293975830078,45.29999923706055
42.800697326660156,24.0
35.40272521972656,27.200000762939453
36.70227813720703,23.799999237060547
70.5252685546875,54.79999923706055
34.17449951171875,34.400001525878906
23.57891082763672,12.899999618530273
36.07236862182617,24.5
27.16197967529297,10.399999618530273
17.102476119995117,12.5
17.851924896240234,10.300000190734863
14.94073486328125,11.0
32.79154968261719,14.600000381469727
26.840988159179688,14.199999809265137
22.820682525634766,7.699999809265137
36.3739013671875,19.100000381469727
19.132183074951172,16.899999618530273
25.613510131835938,24.100000381469727
16.55447006225586,10.899999618530273
22.466075897216797,10.0
14.880510330200195,6.599999904632568
41.46699142456055,31.100000381469727
18.636734008789062,13.199999809265137
36.582923889160156,46.900001525878906
20.659685134887695,19.299999237060547
17.819128036499023,17.600000381469727
25.884178161621094,19.0
36.23898696899414,30.200000762939453
36.035667419433594,37.20000076293945
23.747222900390625,23.0
34.111209869384766,34.70000076293945
14.467628479003906,24.600000381469727
31.28459930419922,25.600000381469727
32.33069610595703,25.299999237060547
28.56308364868164,32.099998474121094
32.12138366699219,21.799999237060547
30.529449462890625,27.600000381469727
29.016464233398438,28.299999237060547
17.803377151489258,20.100000381469727
13.199241638183594,7.0
29.360187530517578,18.200000762939453
43.49236297607422,38.400001525878906
26.437889099121094,59.70000076293945
23.32569694519043,23.799999237060547
28.785167694091797,23.700000762939453
17.65097427368164,16.299999237060547
25.226316452026367,19.700000762939453
24.001201629638672,17.600000381469727
14.288834571838379,16.200000762939453
14.675786972045898,20.100000381469727
19.293731689453125,14.600000381469727
13.432682037353516,16.0
15.602408409118652,18.899999618530273
33.14753723144531,52.70000076293945
14.27476692199707,12.5
11.815614700317383,12.300000190734863
29.963342666625977,23.0
17.31458282470703,27.399999618530273
16.643280029296875,20.0
16.951263427734375,17.600000381469727
16.89997673034668,18.100000381469727
53.90083312988281,51.29999923706055
13.056489944458008,7.099999904632568
32.271087646484375,29.899999618530273
39.75615310668945,37.70000076293945
20.87026023864746,22.100000381469727
11.752197265625,12.199999809265137
26.991178512573242,42.099998474121094
24.391929626464844,25.5
25.98467254638672,32.29999923706055
31.0224666595459,36.099998474121094
24.65791893005371,27.899999618530273
43.82467269897461,47.70000076293945
37.08439636230469,44.70000076293945
12.952972412109375,13.699999809265137
23.799978256225586,20.700000762939453
24.934505462646484,26.5
37.019866943359375,41.900001525878906
54.43619155883789,49.400001525878906
38.53099060058594,45.900001525878906
36.866188049316406,37.5
12.195001602172852,36.5
27.719463348388672,25.0
19.691619873046875,15.0
14.386749267578125,15.699999809265137
37.62144470214844,51.0
27.009151458740234,33.70000076293945
24.91160011291504,20.299999237060547
35.51856231689453,36.900001525878906
35.40381622314453,24.700000762939453
12.1690034866333,10.0
24.761295318603516,26.399999618530273
24.761302947998047,24.700000762939453
27.832447052001953,36.79999923706055
18.61605453491211,18.399999618530273
22.420154571533203,20.200000762939453
34.685096740722656,19.600000381469727
15.49708366394043,13.100000381469727
15.862027168273926,19.700000762939453
22.511938095092773,25.0
19.16619110107422,19.0
26.487703323364258,28.0
13.686979293823242,9.600000381469727
17.698284149169922,26.299999237060547
18.600114822387695,28.100000381469727
18.679706573486328,19.600000381469727
24.538410186767578,39.70000076293945
12.111499786376953,12.100000381469727
20.837051391601562,16.0
19.427684783935547,22.200000762939453
23.61162567138672,27.0
25.11444854736328,25.600000381469727
23.665021896362305,25.600000381469727
12.982833862304688,10.899999618530273
28.416336059570312,16.700000762939453
31.077913284301758,41.599998474121094
31.24502182006836,29.700000762939453
26.942028045654297,42.900001525878906
24.34388542175293,38.70000076293945
46.070091247558594,48.70000076293945
29.455204010009766,36.599998474121094
29.804826736450195,19.200000762939453
22.486618041992188,15.800000190734863
41.72632598876953,36.599998474121094
22.306516647338867,20.899999618530273
27.330402374267578,25.700000762939453
53.05455017089844,57.900001525878906
21.47393035888672,20.899999618530273
15.941678047180176,15.600000381469727
22.637920379638672,22.799999237060547
14.872982025146484,12.300000190734863
19.682392120361328,22.5
12.788982391357422,13.399999618530273
12.035257339477539,9.399999618530273
15.834465026855469,13.5
15.672761917114258,22.600000381469727
16.869953155517578,15.899999618530273
11.964503288269043,11.800000190734863
18.95949935913086,15.899999618530273
18.632789611816406,24.700000762939453
13.989974021911621,15.899999618530273
25.067317962646484,26.299999237060547
13.030242919921875,13.100000381469727
14.849994659423828,13.399999618530273
19.803482055664062,29.399999618530273
17.679737091064453,12.5
13.648645401000977,12.300000190734863
29.24507713317871,38.599998474121094
14.193794250488281,9.199999809265137
15.805547714233398,12.600000381469727
13.917720794677734,14.800000190734863
15.61411190032959,16.5
13.793335914611816,10.100000381469727
13.829204559326172,15.5
13.093310356140137,13.199999809265137
25.308168411254883,14.899999618530273
17.892316818237305,17.799999237060547
11.088579177856445,9.399999618530273
17.560693740844727,13.100000381469727
12.769795417785645,8.399999618530273
20.443180084228516,11.899999618530273
11.529272079467773,13.699999809265137
11.616326332092285,11.100000381469727
11.978520393371582,9.199999809265137
12.840299606323242,10.899999618530273
43.98139572143555,22.700000762939453
11.174060821533203,8.399999618530273
13.840356826782227,11.899999618530273
39.372249603271484,34.0
13.565619468688965,11.800000190734863
16.656707763671875,11.199999809265137
15.614601135253906,14.399999618530273
13.457685470581055,12.199999809265137
17.405202865600586,21.700000762939453
33.50999450683594,31.299999237060547
26.84054183959961,18.899999618530273
36.375816345214844,28.600000381469727
28.572546005249023,34.70000076293945
15.465152740478516,14.5
14.385353088378906,16.0
23.98700714111328,26.100000381469727
16.96576690673828,18.0
13.668886184692383,10.0
23.66283416748047,21.700000762939453
25.87580680847168,27.200000762939453
14.158212661743164,13.800000190734863
26.6134090423584,25.399999618530273
16.120586395263672,22.799999237060547
11.597322463989258,8.399999618530273
24.565366744995117,26.799999237060547
12.754868507385254,9.800000190734863
12.940174102783203,18.200000762939453
12.803276062011719,12.300000190734863
13.444962501525879,11.600000381469727
11.180231094360352,6.5
13.840198516845703,10.699999809265137
16.292858123779297,16.100000381469727
16.20340919494629,13.199999809265137
12.86353874206543,12.399999618530273
17.480321884155273,16.100000381469727
12.74380874633789,13.600000381469727
12.718809127807617,15.100000381469727
14.419246673583984,12.0
11.60902214050293,13.100000381469727
17.867328643798828,10.5
17.8829345703125,15.300000190734863
23.073184967041016,27.200000762939453
27.411170959472656,23.899999618530273
13.229853630065918,12.399999618530273
13.404534339904785,9.699999809265137
15.204315185546875,13.899999618530273
29.58600616455078,20.299999237060547
14.508977890014648,12.800000190734863
13.744558334350586,11.899999618530273
12.241355895996094,22.0
18.27405548095703,24.899999618530273
13.129762649536133,11.300000190734863
12.465110778808594,10.699999809265137
12.833440780639648,9.699999809265137
13.420815467834473,11.100000381469727
16.24761199951172,18.899999618530273
13.762772560119629,12.699999809265137
12.35344123840332,11.0
18.4398193359375,18.700000762939453
31.462818145751953,18.5
27.404075622558594,16.399999618530273
14.656895637512207,12.0
20.417118072509766,16.299999237060547
32.11820983886719,24.399999618530273
16.25746726989746,7.699999809265137
25.15872573852539,29.899999618530273
34.072662353515625,28.200000762939453
20.65569305419922,13.699999809265137
15.38415813446045,13.800000190734863
13.441276550292969,7.800000190734863
27.062543869018555,14.699999809265137
17.864978790283203,11.100000381469727
53.38379669189453,43.70000076293945
25.477144241333008,18.799999237060547
43.68210983276367,38.599998474121094
11.952840805053711,13.300000190734863
22.117881774902344,27.399999618530273
31.1383113861084,43.29999923706055
18.670799255371094,16.299999237060547
13.179776191711426,10.199999809265137
18.292388916015625,15.199999809265137
47.09269714355469,69.19999694824219
35.12236785888672,37.0
29.405597686767578,18.899999618530273
19.11096954345703,15.0
23.893352508544922,23.899999618530273
17.01833724975586,11.800000190734863
18.797739028930664,27.200000762939453
13.373373031616211,9.399999618530273
19.165874481201172,16.299999237060547
18.786945343017578,16.700000762939453
14.339776992797852,18.899999618530273
34.65622329711914,41.5
12.941485404968262,10.699999809265137
11.753694534301758,6.599999904632568
10.830316543579102,8.899999618530273
12.61370849609375,13.600000381469727
14.205371856689453,10.5
25.591487884521484,18.100000381469727
13.28059196472168,14.699999809265137
12.771018981933594,13.5
19.701007843017578,17.299999237060547
24.995433807373047,16.200000762939453
33.19854736328125,38.29999923706055
19.723041534423828,15.899999618530273
24.913259506225586,15.699999809265137
14.865689277648926,10.100000381469727
32.81037902832031,18.700000762939453
14.03293228149414,9.100000381469727
11.391765594482422,8.699999809265137
27.96996307373047,30.600000381469727
12.206472396850586,5.900000095367432
