y_true,y_pred,proba__PIAAT,proba__PIALE,proba__PIARA,proba__PIATE,proba__PIAVE
PIAAT,PIAAT,0.99701375,0.0012339171,0.0006624179,0.0009373882,0.0001524238
PIAAT,PIAAT,0.9985352,0.0004291715,0.00015120111,0.00066881184,0.00021559172
PIAAT,PIAAT,0.9912365,0.00070465077,0.0004639421,0.0054912046,0.0021036952
PIAAT,PIAAT,0.99959105,0.00030141976,4.1063788e-05,3.687519e-05,2.9549112e-05
PIAAT,PIAAT,0.99855673,0.0008783456,0.00021991681,0.0002855237,5.9469403e-05
PIAAT,PIAAT,0.9606916,0.002195852,0.0027837346,0.0274265,0.006902377
PIAAT,PIAAT,0.996346,0.0020251176,0.00081117643,0.0006465549,0.0001712019
PIAAT,PIAAT,0.98745745,0.0046556983,0.003764627,0.0032271587,0.000894994
PIAAT,PIAAT,0.99980855,5.7007044e-05,2.9131448e-05,7.1663315e-05,3.3697765e-05
PIAAT,PIAAT,0.99965477,2.4877349e-05,2.5096822e-05,0.0001472714,0.00014798035
PIAAT,PIAAT,0.99601936,0.0010629002,0.0004956082,0.0019652073,0.00045686314
PIAAT,PIAAT,0.9978119,0.0005022424,0.00014185336,0.0009856406,0.00055839407
PIAAT,PIAAT,0.9393931,0.024736226,0.012022299,0.021123137,0.002725278
PIAAT,PIAAT,0.9576452,0.022053167,0.0091738785,0.009795602,0.0013321124
PIAAT,PIAAT,0.9886592,0.003991093,0.0025799565,0.0039677573,0.0008020647
PIAAT,PIAAT,0.96905625,0.009899861,0.006420176,0.012700981,0.0019227549
PIAAT,PIAAT,0.87158984,0.0027802235,0.0034422367,0.081977405,0.04021039
PIAAT,PIAAT,0.9717667,0.0014514168,0.0012221171,0.015662149,0.009897604
PIAAT,PIAAT,0.99728525,0.0006620008,0.00066199,0.0012222393,0.0001685416
PIAAT,PIAAT,0.8868009,0.001653157,0.0024706179,0.07345179,0.03562353
PIAAT,PIAAT,0.98137045,0.0039030458,0.0068690768,0.0071901786,0.00066729146
PIAAT,PIAVE,0.06368767,0.023594916,0.11338714,0.05404979,0.7452805
PIAAT,PIAAT,0.9262668,0.00235843,0.0035444726,0.020959979,0.04687034
PIAAT,PIAVE,0.2644222,0.00062685146,0.003304792,0.037017394,0.6946287
PIAAT,PIAVE,0.22618434,0.0003706884,0.0029396075,0.008601776,0.7619036
PIAAT,PIAAT,0.9816845,0.0006906926,0.0005172682,0.010657891,0.006449655
PIAAT,PIAAT,0.99673414,0.0008778038,0.00050277694,0.0012404781,0.00064480957
PIAAT,PIAAT,0.9979215,0.0013184319,0.0004659785,0.00025132118,4.2761956e-05
PIAAT,PIAAT,0.5000832,0.14248012,0.052834027,0.24876532,0.055837326
PIAAT,PIAAT,0.9991692,0.00017591022,0.000113878894,0.00036195357,0.0001790624
PIAAT,PIAAT,0.85229397,0.00042191206,0.00041914938,0.13273624,0.014128649
PIAAT,PIAAT,0.78840816,0.0010512065,0.0009266479,0.20225668,0.0073572905
PIAAT,PIAAT,0.97932893,0.00037930708,0.00030397976,0.017889593,0.0020981494
PIAAT,PIAAT,0.9763418,0.00034324967,0.00028760458,0.016733143,0.006294231
PIAAT,PIAAT,0.98052126,0.00030547148,0.00022623799,0.01758152,0.0013655011
PIAAT,PIAAT,0.79391503,8.086325e-05,6.2745494e-05,0.015088412,0.19085288
PIAAT,PIAAT,0.78134954,0.0035094018,0.0017151807,0.20606688,0.0073589263
PIAAT,PIAAT,0.9731712,0.00018936649,0.00016054168,0.020384112,0.0060947915
PIAAT,PIAAT,0.97624546,0.00021033922,0.00018651503,0.016675668,0.0066820425
PIAAT,PIAAT,0.92065,0.0010157927,0.00080580986,0.06698319,0.010545178
PIAAT,PIAAT,0.8909839,0.00030853332,0.00032209133,0.10451453,0.0038710013
PIAAT,PIAAT,0.99998385,1.9012622e-06,2.5331224e-07,6.652424e-06,7.349484e-06
PIAAT,PIAAT,0.998376,5.1640316e-05,6.7946676e-05,0.0006251222,0.0008792884
PIAAT,PIAAT,0.99944997,1.6445234e-05,9.376331e-06,0.00020627459,0.00031792137
PIAAT,PIAAT,0.9999497,1.6079415e-05,5.845872e-06,1.9652332e-05,8.726678e-06
PIAAT,PIAAT,0.90751034,0.0006603789,0.00028924455,0.09108488,0.00045516877
PIAAT,PIAAT,0.88145405,0.0012291146,0.00044920115,0.11627127,0.0005964262
PIAAT,PIATE,0.26929975,0.000132951,0.00012913177,0.72971755,0.0007205986
PIAAT,PIAAT,0.7234338,9.0642185e-05,0.00011366542,0.27594426,0.00041764483
PIAAT,PIATE,0.0212981,0.00045247632,0.000759696,0.976462,0.0010277068
PIAAT,PIAAT,0.78697324,0.0024900392,0.0011560718,0.20705283,0.002327754
PIAAT,PIAAT,0.95352507,0.00018340563,0.00014917852,0.04593188,0.00021048229
PIAAT,PIAAT,0.99986696,3.9242743e-05,6.602483e-06,7.273962e-05,1.4470885e-05
PIAAT,PIAAT,0.9223429,0.00011710334,0.00012358333,0.07709488,0.00032150547
PIAAT,PIAAT,0.9988863,7.6048796e-06,1.1041646e-05,0.0006871712,0.00040789283
PIAAT,PIAAT,0.9985951,3.6474557e-05,3.7086094e-05,0.0009422861,0.00038905552
PIAAT,PIAAT,0.8445431,0.0005087884,0.00044061313,0.12361207,0.030895442
PIAAT,PIAAT,0.9801147,0.00014336132,0.00012553687,0.0136111155,0.0060052844
PIAAT,PIAAT,0.99748045,2.2643586e-05,3.0697825e-05,0.00047056127,0.0019956795
PIAAT,PIAAT,0.96484303,0.00028527126,0.00022919862,0.02496975,0.009672766
PIAAT,PIAAT,0.7929081,0.0006347643,0.0006186298,0.20092687,0.004911646
PIAAT,PIAAT,0.99238884,9.593837e-05,8.171922e-05,0.006870208,0.00056324067
PIAAT,PIAAT,0.99992603,5.4763664e-06,2.365419e-06,3.366641e-05,3.2379234e-05
PIAAT,PIAAT,0.9994839,2.0128678e-05,1.2087021e-05,0.00042429144,5.9585724e-05
PIAAT,PIAAT,0.8483782,0.0009815426,0.0013360989,0.14780705,0.0014970758
PIAAT,PIAAT,0.90794414,0.00052983145,0.0002539452,0.09091964,0.0003524905
PIAAT,PIATE,0.42582098,0.00030480145,0.00030399318,0.5725628,0.0010074974
PIAAT,PIAAT,0.5289922,0.001080055,0.00047736242,0.46824732,0.0012030654
PIAAT,PIAAT,0.69375306,3.899638e-05,8.649422e-05,0.30581585,0.0003056751
PIAAT,PIATE,0.10391081,0.0016187741,0.0019742912,0.8905241,0.0019720267
PIAAT,PIAAT,0.99798244,0.00027669428,0.0010816868,7.805843e-05,0.00058102637
PIAAT,PIAAT,0.99928343,4.3439577e-05,0.00014575392,3.2645305e-05,0.000494673
PIAAT,PIAAT,0.9889692,0.0009398811,0.0055229045,0.00055898016,0.004008952
PIAAT,PIAAT,0.9965135,0.00060848804,0.0028196974,2.5266672e-05,3.3043376e-05
PIAAT,PIAAT,0.99933565,0.00033347387,0.00021507374,2.679272e-05,8.904236e-05
PIAAT,PIAAT,0.9995434,0.00030427007,0.000111917216,1.035443e-05,3.0031797e-05
PIAAT,PIAAT,0.9998388,0.00010194333,3.9649312e-05,4.168763e-06,1.5410218e-05
PIAAT,PIAAT,0.99993277,4.981451e-05,9.023723e-06,1.8938482e-06,6.4780925e-06
PIAAT,PIAAT,0.9998304,7.821546e-05,7.7598525e-05,6.773223e-06,6.9711286e-06
PIAAT,PIAAT,0.9993577,0.0002891112,0.00022490557,2.841023e-05,9.9887264e-05
PIAAT,PIAAT,0.9972142,0.00037151176,0.0012217843,0.000106138454,0.001086351
PIAAT,PIAAT,0.95145184,0.0003830674,0.0009928001,0.00047934824,0.046692945
PIAAT,PIAAT,0.99993664,1.9678806e-05,1.4379534e-05,2.6286193e-06,2.6679278e-05
PIAAT,PIAAT,0.9974293,0.00046259526,0.00047969128,0.0002269681,0.0014014718
PIAAT,PIAAT,0.9997949,4.2015392e-05,4.375956e-05,2.1219346e-05,9.809814e-05
PIAAT,PIAAT,0.99997365,1.1852428e-05,3.7794025e-06,1.9844692e-06,8.789496e-06
PIAAT,PIAAT,0.99957407,8.6426124e-05,7.4695046e-05,4.4038105e-05,0.00022076849
PIAAT,PIAAT,0.9994785,0.0001567299,9.234457e-05,2.6956626e-05,0.000245519
PIAAT,PIAAT,0.99693817,0.0006620851,0.00066522375,0.0002630054,0.0014715663
PIAAT,PIAAT,0.96891063,0.0016594287,0.012208271,0.0011853172,0.016036341
PIAAT,PIAAT,0.972521,9.1767506e-05,0.00011157848,0.0021865466,0.025089137
PIAAT,PIAAT,0.99889314,0.00058478134,0.00023042268,4.194324e-05,0.0002496349
PIAAT,PIAAT,0.9955168,0.0007969561,0.0010243751,0.00032840355,0.0023334483
PIAAT,PIAAT,0.98617905,0.00088029495,0.0018724705,0.00082865666,0.010239482
PIAAT,PIAAT,0.99817646,0.0002706114,0.00039295133,0.00011821091,0.0010417453
PIAAT,PIAAT,0.99809176,0.00024255367,0.00032941817,0.00014204216,0.0011942955
PIAAT,PIAAT,0.99908227,0.00020765088,0.00052385253,6.924668e-05,0.00011696122
PIAAT,PIAAT,0.99851257,0.00016427484,0.00022878578,9.7946344e-05,0.0009964802
PIAAT,PIAAT,0.9986904,9.012175e-05,0.00012920707,6.3535634e-05,0.0010266787
PIAAT,PIAAT,0.98373574,0.0007930588,0.0015996536,0.0008816514,0.012989827
PIAAT,PIAAT,0.690915,0.008727061,0.28493768,0.008920415,0.0064998195
PIAAT,PIAAT,0.99957985,0.00013526833,0.0001540144,2.058917e-05,0.00011033565
PIAAT,PIAAT,0.9998626,3.2145257e-05,6.391324e-05,1.0928751e-05,3.0481378e-05
PIAAT,PIAAT,0.85182524,0.00078886753,0.005020562,0.007974063,0.13439128
PIAAT,PIAAT,0.9980334,8.653225e-05,0.00028634066,5.1611743e-05,0.0015420469
PIAAT,PIAAT,0.9965192,0.00047012407,0.0007807829,0.00021354287,0.0020163667
PIAAT,PIAAT,0.99934065,0.00012498458,0.00014857617,5.0207298e-05,0.00033556984
PIAAT,PIAAT,0.9990597,0.00026568855,0.00022346858,6.202317e-05,0.0003891111
PIAAT,PIAAT,0.77507555,0.005077071,0.2182881,0.0006873427,0.00087184313
PIAAT,PIAAT,0.99877775,0.00031366354,0.0002723852,9.8103585e-05,0.00053811265
PIAAT,PIAAT,0.9919938,0.000632543,0.0001135504,0.007190327,6.979267e-05
PIAAT,PIAAT,0.5221663,0.0055619567,0.0016672704,0.46844423,0.002160308
PIAAT,PIATE,0.33373007,0.021931674,0.0050582844,0.6279143,0.011365653
PIAAT,PIATE,0.46626365,0.0036001648,0.0009960613,0.5267987,0.0023414153
PIAAT,PIATE,0.44439122,0.018867943,0.0018301886,0.53253883,0.002371839
PIAAT,PIATE,0.34827557,0.061996475,0.0024759842,0.5825525,0.0046994775
PIAAT,PIAAT,0.6290269,0.032451108,0.002100683,0.33510065,0.0013207125
PIAAT,PIAAT,0.9999262,1.3732173e-05,2.1241758e-06,5.5139277e-05,2.7732049e-06
PIAAT,PIAAT,0.99939,8.468438e-05,1.6679718e-05,0.0005006565,7.96944e-06
PIAAT,PIATE,0.3432777,0.014109188,0.0038140593,0.6286336,0.010165459
PIAAT,PIAAT,0.99934745,0.00025443852,1.41950395e-05,0.00037106304,1.29168175e-05
PIAAT,PIAAT,0.9999243,3.243119e-05,3.5712576e-06,3.5596953e-05,4.1107614e-06
PIAAT,PIAAT,0.99987346,8.739762e-05,2.471919e-06,3.339833e-05,3.3523038e-06
PIAAT,PIAAT,0.9987832,0.0002875155,2.9514023e-05,0.00087757374,2.2226392e-05
PIAAT,PIAAT,0.99929833,0.00037048172,1.2354588e-05,0.00030842208,1.0412006e-05
PIAAT,PIAAT,0.7410298,0.0026973875,0.0005536312,0.25520277,0.00051637035
PIAAT,PIATE,0.47400162,0.0015029726,0.00082201604,0.5222101,0.0014633047
PIAAT,PIATE,0.43069035,0.0014743786,0.00087163993,0.56482947,0.0021341755
PIAAT,PIAAT,0.9182158,0.00042734313,0.00016367776,0.08078501,0.00040821687
PIAAT,PIAAT,0.83893824,0.00038609852,0.00024993482,0.15979409,0.00063165
PIAAT,PIAAT,0.9918084,0.00022915384,6.149807e-05,0.0077887736,0.00011211166
PIAAT,PIAAT,0.9979361,0.00015180843,3.36872e-05,0.0018241275,5.427885e-05
PIAAT,PIAAT,0.9855884,0.00020691357,5.6530866e-05,0.014044104,0.00010412556
PIAAT,PIAAT,0.99906796,0.00010847357,1.4421191e-05,0.000791001,1.814652e-05
PIAAT,PIAAT,0.54712397,0.0044823643,0.0015939334,0.443398,0.0034017535
PIAAT,PIAAT,0.93344235,0.00094977807,0.00024070083,0.065002486,0.0003646806
PIAAT,PIAAT,0.99998426,6.008444e-06,8.745801e-07,6.3116013e-06,2.5361821e-06
PIAAT,PIAAT,0.9754095,0.00041391212,0.00014001755,0.023891803,0.00014478585
PIAAT,PIAAT,0.56073534,0.0047604823,0.0012385383,0.4314795,0.0017862004
PIAAT,PIAAT,0.5800652,0.0025824883,0.00092317816,0.4151083,0.0013208592
PIAAT,PIAAT,0.9351347,0.0012563266,0.00033022327,0.06297836,0.00030030587
PIAAT,PIAAT,0.8600175,0.0020075368,0.0005265829,0.13665338,0.00079499104
PIAAT,PIAAT,0.726123,0.0038730442,0.0012880841,0.26747406,0.0012418687
PIAAT,PIAAT,0.880613,0.0017859591,0.0004116409,0.116704166,0.00048521213
PIAAT,PIAAT,0.75359815,0.0055596856,0.0013399307,0.2383468,0.0011554592
PIAAT,PIAAT,0.78275806,0.002934249,0.00078626664,0.21271479,0.0008065127
PIAAT,PIAAT,0.99986684,0.000108550375,2.537195e-06,1.553796e-05,6.5364497e-06
PIAAT,PIAAT,0.99989665,2.9326773e-05,6.3222124e-06,5.891652e-05,8.813126e-06
PIAAT,PIAAT,0.9999652,1.9616373e-05,1.167298e-06,1.0054175e-05,3.9199213e-06
PIAAT,PIAAT,0.9677338,0.00038507246,0.00018411678,0.031535715,0.00016128033
PIAAT,PIAAT,0.9999021,5.2025025e-05,4.9839205e-06,3.2828877e-05,8.044012e-06
PIAAT,PIAAT,0.99977845,0.00011010259,1.1549377e-05,7.976996e-05,2.0150615e-05
PIAAT,PIAAT,0.9999064,1.8525994e-05,3.864891e-06,6.549014e-05,5.6676067e-06
PIAAT,PIAAT,0.55917764,0.027907735,0.0012777728,0.41035944,0.00127743
PIAAT,PIATE,0.42729983,0.01406443,0.0017494874,0.55448955,0.0023967598
PIAAT,PIATE,0.44129512,0.0038077575,0.0015685916,0.54988086,0.0034476016
PIAAT,PIAAT,0.99996066,3.1552376e-05,9.0626565e-07,5.5065366e-06,1.4569596e-06
PIAAT,PIAAT,0.99954844,0.00017717903,2.2286478e-05,0.00023574136,1.6328173e-05
PIAAT,PIAAT,0.99913704,0.00034292293,2.17243e-05,0.0004843666,1.3996244e-05
PIAAT,PIAAT,0.99795705,0.0002478572,2.9386476e-05,0.0017426527,2.307823e-05
PIAAT,PIATE,0.34062734,0.0018075721,0.09732375,0.4875203,0.07272108
PIAAT,PIAAT,0.57117236,0.0038535767,0.13760051,0.26401478,0.023358751
PIAAT,PIAAT,0.4250846,0.0019631928,0.0565806,0.39868617,0.117685415
PIAAT,PIAVE,0.20443626,0.0019173007,0.116542265,0.15995045,0.5171537
PIAAT,PIATE,0.25611147,0.00079738506,0.01926523,0.5541617,0.16966411
PIAAT,PIAVE,0.0192313,0.0002578638,0.035400335,0.26114947,0.68396103
PIAAT,PIAVE,0.0318457,0.00028460106,0.044739358,0.25308064,0.67004967
PIAAT,PIATE,0.1694217,0.00086409214,0.042430233,0.48815373,0.2991303
PIAAT,PIATE,0.2130011,0.0008040046,0.012559544,0.54139423,0.23224115
PIAAT,PIATE,0.0885272,0.00029469372,0.005420628,0.6371552,0.26860237
PIAAT,PIAAT,0.9955438,0.00153135,0.00088693266,0.0017686447,0.0002693049
PIAAT,PIAAT,0.99995637,1.260973e-05,1.767249e-05,7.5555e-06,5.7896764e-06
PIAAT,PIAAT,0.9952524,0.0015391929,0.0011629069,0.0016877075,0.00035788183
PIAAT,PIAAT,0.9974687,0.00094884576,0.00067717384,0.0006149239,0.00029031944
PIAAT,PIAAT,0.99998516,8.356158e-06,3.5801306e-06,1.570365e-06,1.3782135e-06
PIAAT,PIAAT,0.9999752,1.1034963e-05,4.9941978e-06,6.1738724e-06,2.5079128e-06
PIAAT,PIAAT,0.99994576,2.0291583e-05,4.8304337e-06,2.4973775e-05,4.202313e-06
PIAAT,PIAAT,0.9999862,6.1877868e-06,2.0640691e-06,3.4543043e-06,2.091377e-06
PIAAT,PIAAT,0.999959,7.295062e-06,1.09073035e-05,1.798766e-05,4.8185134e-06
PIAAT,PIAAT,0.99315244,0.0026237066,0.001246368,0.0026034857,0.0003739999
PIAAT,PIAAT,0.9944724,0.003210723,0.001467194,0.0005053055,0.00034442608
PIAAT,PIAAT,0.9922388,0.0043892595,0.0024960688,0.00048667574,0.00038916687
PIAAT,PIAAT,0.9938209,0.0029490269,0.0022578002,0.0006549193,0.00031735783
PIAAT,PIAAT,0.9857142,0.00901867,0.0033634347,0.001190812,0.0007128661
PIAAT,PIAAT,0.9825744,0.010472265,0.005146983,0.0012267241,0.000579645
PIAAT,PIAAT,0.99657357,0.00071621046,0.0015702698,0.000977679,0.00016221924
PIAAT,PIAAT,0.9997427,0.00015867666,6.687487e-05,2.3444332e-05,8.336074e-06
PIAAT,PIAAT,0.9947955,0.0025383623,0.0014096022,0.00082668004,0.00042986454
PIAAT,PIAAT,0.99915004,0.0004427264,0.0003209165,6.327287e-05,2.3054949e-05
PIAAT,PIAAT,0.99647975,0.0013918286,0.0007811618,0.0010389732,0.000308298
PIAAT,PIATE,0.25686777,0.0010334337,0.006432745,0.6826186,0.05304747
PIAAT,PIARA,0.06570195,0.00052743487,0.49401373,0.2896381,0.15011883
PIAAT,PIAAT,0.75267625,0.00045378864,0.0058740415,0.1613066,0.079689346
PIAAT,PIATE,0.28794017,0.0013615382,0.005697313,0.6889358,0.016065173
PIAAT,PIATE,0.2937919,0.00037056895,0.06535631,0.32234734,0.31813392
PIAAT,PIATE,0.14829488,0.0005280421,0.041148264,0.4574272,0.35260165
PIAAT,PIATE,0.24545163,0.0019314646,0.011678866,0.7247364,0.016201612
PIAAT,PIATE,0.25520533,0.0012879749,0.0050298874,0.7354012,0.0030756372
PIAAT,PIATE,0.28312662,0.00040314335,0.009329553,0.66958165,0.03755909
PIAAT,PIATE,0.4072513,0.001384187,0.005814816,0.5770356,0.00851407
PIAAT,PIAAT,0.51362807,0.0010628846,0.015615429,0.4063766,0.06331712
PIAAT,PIATE,0.3203268,0.00039844558,0.0015401575,0.6704092,0.007325408
PIAAT,PIAAT,0.66798663,0.00024071019,0.0013024262,0.30666438,0.023805879
PIAAT,PIAAT,0.8131591,0.0017282146,0.002732968,0.177064,0.0053156554
PIAAT,PIATE,0.30021882,0.00024775235,0.11596901,0.30504152,0.27852294
PIAAT,PIATE,0.39977366,0.00041317532,0.006877322,0.5725348,0.020401059
PIAAT,PIATE,0.38435578,0.0009716032,0.008108476,0.5975774,0.00898675
PIAAT,PIAAT,0.66382104,0.00031351665,0.00071118306,0.33264744,0.002506815
PIAAT,PIAAT,0.6403679,0.00017864014,0.0008849569,0.33631566,0.02225284
PIAAT,PIAAT,0.7113214,0.00025519019,0.0028339943,0.2654386,0.02015086
PIALE,PIALE,6.2402285e-07,0.9908444,0.009136878,1.4192403e-05,3.9280126e-06
PIALE,PIALE,1.9810855e-06,0.9934057,0.006548999,3.4613757e-05,8.674949e-06
PIALE,PIALE,4.1017444e-08,0.9999931,6.8151935e-06,1.2273321e-08,7.060872e-08
PIALE,PIALE,8.776017e-07,0.9956286,0.004358196,7.1755076e-06,5.1607612e-06
PIALE,PIALE,3.9547928e-08,0.9999907,9.20235e-06,1.3696304e-08,8.757754e-08
PIALE,PIALE,1.1960336e-07,0.99987185,0.0001270616,3.885798e-07,4.899371e-07
PIALE,PIALE,9.043559e-06,0.9317796,0.067795195,0.0003639316,5.2119707e-05
PIALE,PIALE,1.15800525e-07,0.999987,1.2670094e-05,1.7493946e-08,1.4746283e-07
PIALE,PIALE,1.0191752e-08,0.9999994,6.3394265e-07,6.055635e-09,3.6064577e-08
PIALE,PIALE,0.00022160295,0.87748307,0.121783175,0.00044029756,7.186155e-05
PIALE,PIALE,3.183576e-08,0.99998593,1.3895745e-05,2.604526e-08,5.9706856e-08
PIALE,PIALE,1.7143185e-07,0.9996264,0.0003723928,4.7125752e-07,5.2373616e-07
PIALE,PIALE,2.103426e-07,0.9999801,1.9170926e-05,1.1288361e-07,4.0230162e-07
PIALE,PIALE,1.7968026e-07,0.9994677,0.00053098355,3.936324e-07,7.697797e-07
PIALE,PIALE,1.6542839e-06,0.99108493,0.00887629,2.9666458e-05,7.4886175e-06
PIALE,PIALE,7.080338e-07,0.9997401,0.0002572866,2.790078e-07,1.5798214e-06
PIALE,PIALE,7.6917377e-07,0.99821675,0.0017781237,1.8829624e-06,2.3949005e-06
PIALE,PIALE,1.627311e-07,0.9998894,0.00010979491,2.5363912e-07,4.1634308e-07
PIALE,PIALE,1.16496096e-07,0.9998054,0.00019424927,8.8713506e-08,1.8927756e-07
PIALE,PIALE,6.948893e-08,0.9999891,1.059211e-05,5.15563e-08,1.3600642e-07
PIALE,PIALE,4.0670293e-06,0.9672501,0.03273277,1.0913862e-05,2.133405e-06
PIALE,PIALE,4.4031047e-08,0.999974,2.5843941e-05,2.8686063e-08,8.203766e-08
PIALE,PIALE,7.038639e-07,0.98940706,0.010581858,8.659489e-06,1.7472705e-06
PIALE,PIALE,8.4371925e-07,0.9990331,0.00095489767,6.4112915e-06,4.7648628e-06
PIALE,PIALE,2.5549063e-08,0.99999946,4.802661e-07,1.6724304e-08,6.216965e-08
PIALE,PIALE,0.0005154834,0.9656791,0.024576638,0.008910155,0.00031862623
PIALE,PIALE,1.2286167e-06,0.9795115,0.02047701,7.7217055e-06,2.551999e-06
PIALE,PIALE,8.52048e-08,0.99999624,3.4738646e-06,3.8439513e-08,1.764774e-07
PIALE,PIALE,2.1654087e-07,0.999977,2.2184915e-05,1.3084396e-07,5.1940884e-07
PIALE,PIALE,8.0530896e-08,0.9999945,5.1724323e-06,4.571108e-08,1.3032128e-07
PIALE,PIALE,7.5494413e-06,0.95021707,0.0497662,6.4352034e-06,2.7543244e-06
PIALE,PIALE,3.0869352e-05,0.7685849,0.23125927,0.000114854076,1.0098984e-05
PIALE,PIALE,0.00012194102,0.63780046,0.36188644,0.00017395245,1.7216425e-05
PIALE,PIALE,5.0742947e-05,0.9978662,0.0020615172,5.383015e-06,1.6198326e-05
PIALE,PIALE,3.1373576e-05,0.9061727,0.093534306,0.00022430187,3.7387963e-05
PIALE,PIALE,8.973788e-08,0.999992,7.656647e-06,3.2284145e-08,1.2657662e-07
PIALE,PIALE,3.288114e-07,0.99991107,8.76403e-05,2.8667782e-07,6.107342e-07
PIALE,PIALE,1.1786084e-05,0.94783443,0.051944166,0.00018262779,2.6922826e-05
PIALE,PIALE,9.707818e-07,0.998512,0.0014763867,6.559124e-06,4.06262e-06
PIALE,PIALE,2.3285926e-05,0.88203335,0.11776207,0.00015774507,2.3522436e-05
PIALE,PIALE,5.2534126e-08,0.9999962,3.593347e-06,3.2192812e-08,1.1192478e-07
PIALE,PIALE,2.106875e-07,0.99968696,0.00030983775,1.7626276e-06,1.1829278e-06
PIALE,PIALE,9.075354e-09,0.9999999,9.9264305e-08,3.282673e-09,4.505752e-08
PIALE,PIALE,1.1873304e-06,0.99898624,0.0010027572,5.9999975e-06,3.7786306e-06
PIALE,PIALE,9.458196e-07,0.9954036,0.004584231,9.068436e-06,2.1739647e-06
PIALE,PIALE,2.4342402e-08,0.99999946,4.814291e-07,8.0669205e-09,4.5637016e-08
PIALE,PIALE,4.48365e-08,0.99999213,7.663809e-06,1.8017346e-08,6.925963e-08
PIALE,PIALE,7.342362e-07,0.9978968,0.002096806,2.4439319e-06,3.2628213e-06
PIALE,PIALE,1.4667104e-09,0.99999994,5.4596327e-08,6.02587e-09,2.7552677e-08
PIALE,PIALE,1.3647525e-06,0.9643386,0.035647776,9.437386e-06,2.8363525e-06
PIALE,PIALE,7.9787074e-05,0.5944031,0.40540433,0.00010170774,1.1144493e-05
PIALE,PIALE,3.9039325e-05,0.9750153,0.024770435,0.00016446147,1.0790769e-05
PIALE,PIALE,1.4357293e-05,0.94018525,0.059717547,7.659191e-05,6.2560284e-06
PIALE,PIALE,9.507041e-05,0.64946777,0.34995532,0.00046573853,1.6076341e-05
PIALE,PIARA,4.285567e-05,0.40761232,0.5907455,0.0015738229,2.557622e-05
PIALE,PIARA,6.286092e-05,0.12171468,0.87629545,0.0018975491,2.9502766e-05
PIALE,PIALE,6.279845e-05,0.7640288,0.23569667,0.000198277,1.3374864e-05
PIALE,PIARA,0.00019700828,0.47635403,0.5227581,0.000657566,3.324173e-05
PIALE,PIARA,7.35437e-05,0.44452295,0.5552964,9.556519e-05,1.1570334e-05
PIALE,PIALE,4.693805e-05,0.61874896,0.38112798,6.854922e-05,7.628922e-06
PIALE,PIALE,0.0033895145,0.5047336,0.45752048,0.033746935,0.00060938357
PIALE,PIALE,0.007724915,0.5055112,0.4692938,0.016757743,0.0007123437
PIALE,PIALE,0.0003425545,0.80274457,0.19659585,0.00027606593,4.0951832e-05
PIALE,PIALE,0.002034559,0.67913836,0.31163967,0.006908986,0.00027846574
PIALE,PIARA,0.00081481953,0.48247764,0.5112661,0.005271899,0.00016947326
PIALE,PIARA,0.0021352917,0.33013093,0.6655213,0.002056414,0.00015606076
PIALE,PIARA,0.0018027829,0.19530779,0.75187033,0.05078164,0.00023745265
PIALE,PIALE,0.00026310398,0.8825121,0.11686155,0.00032601212,3.72024e-05
PIALE,PIALE,0.0029937774,0.8803244,0.107136734,0.009203788,0.00034128584
PIALE,PIALE,0.01441941,0.7067551,0.23976919,0.037403874,0.0016524057
PIALE,PIALE,2.7683065e-05,0.96189487,0.037948765,0.00012141106,7.247717e-06
PIALE,PIALE,1.1949952e-05,0.9920959,0.00778723,9.861233e-05,6.3742086e-06
PIALE,PIALE,2.903587e-05,0.9712348,0.027720174,0.0009972147,1.8821947e-05
PIALE,PIALE,2.4661378e-05,0.9897232,0.010192778,5.1133196e-05,8.210253e-06
PIALE,PIALE,3.4620807e-05,0.98824275,0.011583505,0.00012522,1.3885561e-05
PIALE,PIALE,1.257987e-06,0.99946177,0.00051740516,1.7804596e-05,1.6997782e-06
PIALE,PIALE,6.333729e-06,0.9906271,0.009318341,4.452344e-05,3.7249886e-06
PIALE,PIALE,0.00013079448,0.9815072,0.017535603,0.00073676294,8.958999e-05
PIALE,PIALE,1.684071e-05,0.99683297,0.0021190438,0.0009990581,3.2058462e-05
PIALE,PIALE,2.3015771e-05,0.9609237,0.03868461,0.00035950413,9.2542905e-06
PIALE,PIALE,2.09894e-07,0.99999857,9.5091303e-07,1.3036014e-07,6.7180075e-08
PIALE,PIALE,4.8174873e-09,1.0,2.9160299e-09,5.9193273e-09,1.7402973e-08
PIALE,PIALE,2.6721125e-08,0.9999965,3.2252847e-06,1.6382968e-07,7.083954e-08
PIALE,PIALE,3.807646e-10,1.0,1.2674273e-09,3.864823e-09,2.0335813e-08
PIALE,PIALE,2.3597436e-06,0.99945503,0.00047654155,6.357652e-05,2.449032e-06
PIALE,PIALE,9.1320686e-08,0.9999974,1.6074983e-06,7.0666994e-07,1.8570856e-07
PIALE,PIALE,4.187045e-09,1.0,5.34101e-09,5.873769e-09,2.9596343e-08
PIALE,PIALE,2.7820167e-07,0.9999975,1.3989644e-06,5.7962285e-07,2.2236517e-07
PIALE,PIALE,1.06002375e-07,0.9999987,6.487859e-07,4.380038e-07,1.3790336e-07
PIALE,PIALE,6.7470445e-08,0.9999994,2.7424784e-07,1.20259e-07,7.891649e-08
PIALE,PIALE,3.388218e-07,0.99997985,1.9507748e-05,1.3758877e-07,1.789806e-07
PIALE,PIALE,8.180204e-09,1.0,3.3994991e-09,4.2604786e-09,2.5044548e-08
PIALE,PIALE,1.1265358e-07,0.99999964,1.9838953e-07,2.4300624e-08,6.3837845e-08
PIALE,PIALE,3.178104e-07,0.99998814,1.0986659e-05,3.5216266e-07,2.3320759e-07
PIALE,PIALE,3.0302342e-08,0.9999995,3.6421156e-07,2.3894513e-08,5.5012578e-08
PIALE,PIALE,2.7003717e-09,1.0,3.3212597e-09,5.439942e-09,3.0160763e-08
PIALE,PIALE,8.0092075e-09,1.0,1.0914406e-08,1.7194204e-09,1.793459e-08
PIALE,PIALE,3.5563357e-09,1.0,2.2557987e-09,2.1574527e-09,1.4958218e-08
PIALE,PIALE,3.2436994e-08,0.9999999,3.4669696e-08,5.444866e-09,4.6038288e-08
PIALE,PIALE,6.0412866e-08,0.99999917,6.322072e-07,1.3608383e-08,6.056772e-08
PIALE,PIALE,5.4571974e-05,0.99993336,6.068928e-06,1.2541611e-06,4.723624e-06
PIALE,PIALE,8.19543e-06,0.9999897,7.128358e-07,2.1838406e-07,1.2013439e-06
PIALE,PIALE,0.00020839943,0.99974704,2.1847709e-05,7.2911603e-06,1.541781e-05
PIALE,PIALE,3.8661776e-07,0.99999934,6.730213e-08,3.390136e-08,1.5841462e-07
PIALE,PIALE,1.7866087e-07,0.99999964,3.6489546e-08,1.1911508e-08,1.2486214e-07
PIALE,PIALE,2.2872808e-07,0.99999964,2.9778597e-08,1.2245049e-08,1.4717064e-07
PIALE,PIALE,1.1916019e-06,0.999998,2.2478474e-07,9.9526396e-08,4.6831585e-07
PIALE,PIALE,2.4407253e-05,0.9999501,2.003619e-05,9.913875e-07,4.495679e-06
PIALE,PIALE,2.0252874e-05,0.9999365,3.7243783e-05,1.6265891e-06,4.348575e-06
PIALE,PIALE,1.9800973e-05,0.9999737,2.6359178e-06,6.269624e-07,3.2315822e-06
PIALE,PIALE,5.0206977e-06,0.9999931,5.221222e-07,1.3453982e-07,1.3074442e-06
PIALE,PIALE,5.920499e-08,0.99999976,7.391563e-09,1.2697146e-08,1.9224125e-07
PIALE,PIALE,0.00019657877,0.9996326,0.00010915515,2.4224884e-05,3.7485206e-05
PIALE,PIALE,5.1057245e-06,0.9999925,8.5858903e-07,1.5036102e-07,1.3389653e-06
PIALE,PIALE,1.4584396e-07,0.9999997,3.0467422e-08,1.8292669e-08,1.4543812e-07
PIALE,PIALE,1.3690922e-06,0.9999981,9.422785e-08,5.3071922e-08,3.5902033e-07
PIALE,PIALE,7.896656e-06,0.99998856,6.1262534e-07,3.9952778e-07,2.5698778e-06
PIALE,PIALE,1.160876e-07,0.99999964,1.3494437e-08,2.357246e-08,2.4210732e-07
PIALE,PIALE,4.931801e-07,0.99999917,4.813624e-08,4.1261952e-08,2.5269276e-07
PIALE,PIALE,3.8239872e-07,0.9999993,1.3358841e-07,7.6147096e-08,2.0051975e-07
PIALE,PIALE,0.12360932,0.87159854,0.00214967,0.0016649239,0.0009775576
PIALE,PIALE,0.053145673,0.9442061,0.0011890117,0.0009474181,0.0005118692
PIALE,PIALE,0.0021614935,0.99684656,0.0007086369,0.0001857938,9.751815e-05
PIALE,PIALE,0.019634064,0.9775906,0.0021341725,0.0004399908,0.00020120836
PIALE,PIALE,0.0040946486,0.9947036,0.0009727125,0.00014930707,7.976281e-05
PIALE,PIALE,0.035992555,0.96116364,0.0015727051,0.0009120375,0.0003590793
PIALE,PIALE,0.110024825,0.8855711,0.0015177577,0.0016987443,0.0011875645
PIALE,PIALE,0.009761592,0.9887876,0.0006757615,0.0004872956,0.00028784564
PIALE,PIALE,0.08219527,0.9154992,0.0010579865,0.0007145737,0.00053290365
PIALE,PIALE,0.08266307,0.9141916,0.0019114846,0.0007039043,0.00052995683
PIALE,PIALE,2.0051512e-07,0.99999666,2.9508556e-06,5.2599063e-08,1.6496266e-07
PIALE,PIALE,2.041042e-07,0.9999982,1.370805e-06,4.618557e-08,1.8343631e-07
PIALE,PIALE,7.294453e-06,0.99997884,2.4715687e-06,4.7162857e-06,6.7349984e-06
PIALE,PIALE,1.065341e-08,0.9999998,5.8710306e-08,2.1867374e-08,1.08564414e-07
PIALE,PIALE,2.6925754e-08,0.99999994,1.3425935e-08,8.460995e-09,6.9545536e-08
PIALE,PIALE,4.201934e-07,0.99999714,1.592729e-06,2.2286505e-07,6.060415e-07
PIALE,PIALE,2.2707627e-07,0.9999993,2.990484e-07,2.8530888e-08,1.86715e-07
PIALE,PIALE,5.193818e-07,0.99999726,1.8941846e-06,1.4430475e-07,2.341497e-07
PIALE,PIALE,2.3979285e-07,0.9999993,4.377289e-08,1.7404052e-07,2.2460085e-07
PIALE,PIALE,3.940026e-08,0.9999999,1.200949e-08,2.2741887e-08,7.1770565e-08
PIALE,PIALE,4.269414e-05,0.9994254,9.952356e-05,0.0004188901,1.3477652e-05
PIALE,PIALE,0.00087189564,0.84546673,0.15060547,0.0028226883,0.00023313808
PIALE,PIALE,0.0022603387,0.9761868,0.0020136244,0.01905174,0.0004874913
PIALE,PIALE,0.0049877306,0.9817235,0.006015249,0.006642889,0.0006306842
PIALE,PIALE,0.012429112,0.9480055,0.016493047,0.021632373,0.0014400027
PIALE,PIALE,0.00091692107,0.9972342,0.00016527707,0.0014580198,0.00022556474
PIALE,PIALE,0.0019550992,0.99658245,0.00048099796,0.0007929575,0.0001884952
PIALE,PIALE,0.060270343,0.9290319,0.0032824476,0.005370332,0.0020450156
PIALE,PIALE,5.6343844e-05,0.9987699,0.0011386327,2.9136789e-05,5.9980207e-06
PIALE,PIALE,9.747889e-05,0.99933344,7.971911e-05,0.00046644776,2.2961753e-05
PIALE,PIALE,1.4028245e-08,0.99999726,2.7736103e-06,5.017412e-09,2.7600038e-08
PIALE,PIALE,1.3193173e-06,0.98748225,0.01251349,1.5492678e-06,1.428163e-06
PIALE,PIALE,1.7562849e-07,0.9999981,1.6710284e-06,9.853325e-09,6.405175e-08
PIALE,PIALE,4.5478174e-07,0.99999833,9.89345e-07,2.4740672e-08,1.4302472e-07
PIALE,PIALE,1.3229223e-07,0.9999125,8.700005e-05,1.7793788e-07,1.7057565e-07
PIALE,PIALE,6.1289165e-07,0.99922204,0.00077599386,7.4907075e-07,6.0690843e-07
PIALE,PIALE,1.5497053e-08,1.0,2.3485766e-08,3.542394e-09,3.5419042e-08
PIALE,PIALE,4.9649895e-08,0.99999833,1.5768547e-06,1.0635777e-08,4.7177082e-08
PIALE,PIALE,1.5064053e-08,0.9999989,9.4006646e-07,2.9202035e-08,6.356774e-08
PIALE,PIALE,2.055226e-07,0.99999315,6.5686886e-06,2.8291316e-08,9.4286044e-08
PIALE,PIALE,1.0954366e-06,0.9992472,0.00074540696,5.259284e-06,1.067548e-06
PIALE,PIALE,5.6483027e-09,0.9999987,1.2831385e-06,1.0664947e-08,2.2357577e-08
PIALE,PIALE,1.7199427e-07,0.9999857,1.394016e-05,3.3759985e-08,7.53928e-08
PIALE,PIALE,1.744952e-07,0.9999121,8.750901e-05,1.3825262e-07,1.325192e-07
PIALE,PIALE,5.404792e-09,0.99999994,1.0000753e-07,7.404906e-09,4.7446733e-08
PIALE,PIALE,5.9141785e-09,0.9999999,1.3429177e-07,5.2388875e-09,2.1195605e-08
PIALE,PIALE,1.1546678e-09,1.0,1.4507366e-09,1.3754382e-09,1.519733e-08
PIALE,PIALE,7.620304e-07,0.9999274,6.462355e-05,6.5237914e-06,7.2627216e-07
PIALE,PIALE,1.4631046e-06,0.9993427,0.0006480216,6.5575646e-06,1.2878287e-06
PIALE,PIALE,4.545184e-09,0.9999995,4.8797745e-07,7.997509e-09,2.1037394e-08
PIALE,PIALE,5.817268e-08,0.99998283,1.7001246e-05,3.960058e-08,5.9151755e-08
PIALE,PIALE,7.2413536e-10,1.0,5.6035254e-10,1.3653563e-09,1.8750763e-08
PIALE,PIALE,9.056764e-08,0.9999996,1.5269991e-07,8.935976e-09,6.159604e-08
PIALE,PIALE,2.404762e-07,0.9999995,1.0330974e-07,1.6693809e-08,1.3436501e-07
PIALE,PIALE,4.772863e-09,0.9999999,1.17419006e-07,3.6887675e-09,3.1119477e-08
PIALE,PIALE,2.544764e-06,0.9930877,0.0069003114,7.506401e-06,1.9125032e-06
PIALE,PIALE,2.0971067e-08,0.9999988,1.1228889e-06,7.50819e-09,4.6623878e-08
PIALE,PIALE,2.3053765e-07,0.99989134,0.00010818202,6.483335e-08,1.6212569e-07
PIALE,PIALE,8.551266e-07,0.9993992,0.0005989907,4.425929e-07,5.903545e-07
PIALE,PIALE,2.1204738e-08,0.9999997,2.8344766e-07,1.2778649e-08,4.533136e-08
PIALE,PIALE,6.151363e-07,0.999737,0.00026151512,3.5404136e-07,5.193768e-07
PIALE,PIALE,1.7401976e-06,0.97367483,0.026313912,7.888514e-06,1.6901741e-06
PIALE,PIALE,0.033272173,0.88239187,0.059021126,0.023538044,0.0017768338
PIALE,PIALE,9.8351634e-08,0.9999957,4.072592e-06,4.9509204e-08,7.423132e-08
PIALE,PIALE,1.009981e-06,0.9964241,0.003565165,8.07096e-06,1.6271777e-06
PIALE,PIALE,1.5526726e-06,0.9999921,4.978978e-06,9.004488e-07,5.051182e-07
PIALE,PIALE,1.9186982e-07,0.9996667,0.0003325288,3.6840316e-07,2.3692473e-07
PIALE,PIALE,4.6866486e-08,0.99999774,2.135193e-06,2.639555e-08,4.3726033e-08
PIALE,PIALE,1.7364082e-06,0.9488582,0.051132053,6.221736e-06,1.8332271e-06
PIALE,PIALE,1.2680595e-06,0.98430705,0.015684154,6.0927205e-06,1.4818561e-06
PIALE,PIALE,7.2161124e-06,0.9999557,3.0323987e-05,2.571575e-06,4.167826e-06
PIALE,PIALE,0.00010133198,0.9970509,0.0024924336,0.00030512392,5.024616e-05
PIALE,PIALE,5.403332e-05,0.99969256,0.00023351368,1.0529623e-05,9.299842e-06
PIALE,PIALE,4.454818e-05,0.9993149,0.0005898379,3.218411e-05,1.8577874e-05
PIALE,PIALE,6.8773893e-06,0.9998398,0.00014673035,4.205272e-06,2.3828688e-06
PIALE,PIALE,9.470255e-05,0.9982412,0.0016088272,3.2279157e-05,2.2942852e-05
PIALE,PIALE,3.530034e-05,0.9997743,0.00017097505,9.980059e-06,9.558961e-06
PIALE,PIALE,4.9225173e-06,0.99995464,3.3586653e-05,3.562687e-06,3.2764615e-06
PIALE,PIALE,7.077946e-06,0.999941,4.600259e-05,2.3793875e-06,3.559369e-06
PIALE,PIALE,3.756699e-05,0.99961156,0.00032013323,1.7086777e-05,1.3663795e-05
PIALE,PIALE,2.2375709e-05,0.9999063,4.1802603e-05,9.824527e-06,1.9709187e-05
PIALE,PIALE,3.6700287e-05,0.99984884,5.8536614e-05,2.3473456e-05,3.2483917e-05
PIALE,PIALE,1.0358302e-05,0.99995625,2.4422758e-05,3.4804173e-06,5.504555e-06
PIALE,PIALE,1.08154645e-05,0.99995315,1.8100462e-05,7.638735e-06,1.0328942e-05
PIALE,PIALE,7.721104e-06,0.9999733,1.2729139e-05,2.423978e-06,3.7955665e-06
PIALE,PIALE,1.1820975e-05,0.9999489,2.6711246e-05,5.591786e-06,6.996876e-06
PIALE,PIALE,1.7807733e-05,0.99992263,4.273434e-05,5.330218e-06,1.1503945e-05
PIALE,PIALE,3.054463e-05,0.9998638,7.584526e-05,1.0607473e-05,1.9245785e-05
PIALE,PIALE,0.0001405582,0.9993655,0.00041679933,4.6306464e-05,3.0832398e-05
PIALE,PIALE,2.9311135e-05,0.9994091,0.0005251545,2.5287693e-05,1.11756e-05
PIALE,PIALE,0.0001104459,0.9986635,0.0011139677,7.7788296e-05,3.432566e-05
PIALE,PIALE,6.1101586e-05,0.99860173,0.0012474932,6.351645e-05,2.6182395e-05
PIALE,PIALE,6.988173e-05,0.9988136,0.0009902366,9.867164e-05,2.7641378e-05
PIALE,PIALE,7.266404e-05,0.99936527,0.0004972185,3.4129378e-05,3.067517e-05
PIALE,PIALE,5.5596764e-05,0.999495,0.00036799762,5.3636955e-05,2.7688428e-05
PIALE,PIALE,3.9588755e-05,0.99959,0.000316014,3.104504e-05,2.3362354e-05
PIALE,PIALE,4.1376068e-05,0.9995129,0.0003817435,3.713692e-05,2.679536e-05
PIALE,PIALE,2.8529205e-06,0.99998,1.4678709e-05,7.311363e-07,1.8023593e-06
PIALE,PIALE,1.39543035e-05,0.9998467,0.00012254673,8.413883e-06,8.399322e-06
PIALE,PIALE,5.1749663e-07,0.9999962,2.2773195e-06,2.93458e-07,6.5729637e-07
PIALE,PIALE,1.4594642e-05,0.9998092,0.00013727805,2.8181623e-05,1.0722466e-05
PIALE,PIALE,6.560408e-05,0.9895477,0.010096204,0.00025477324,3.5743415e-05
PIALE,PIALE,0.00010215235,0.9269217,0.06984583,0.003012028,0.00011826283
PIALE,PIALE,6.72192e-05,0.9995677,0.00027904013,4.6522346e-05,3.941197e-05
PIALE,PIALE,0.0003164617,0.99632293,0.0031018085,0.00018480304,7.401121e-05
PIALE,PIALE,0.00034619166,0.99683434,0.0024119497,0.00024718756,0.00016035538
PIALE,PIALE,0.00016721786,0.9992104,0.00045816606,8.6076616e-05,7.813244e-05
PIALE,PIALE,2.115558e-05,0.9998353,0.00012555506,7.5905714e-06,1.0410632e-05
PIALE,PIALE,5.3077542e-06,0.9998942,7.82555e-05,1.6071355e-05,6.1472742e-06
PIALE,PIALE,5.135221e-05,0.9988274,0.0009685466,0.00012265718,3.0007395e-05
PIALE,PIALE,3.26857e-06,0.9983358,0.0016387242,1.8393945e-05,3.8610356e-06
PIALE,PIALE,1.4853573e-05,0.9799202,0.019955395,9.307482e-05,1.6501937e-05
PIALE,PIALE,2.246563e-05,0.9818325,0.017798265,0.0003293486,1.7434591e-05
PIALE,PIALE,1.5546757e-05,0.943106,0.056761824,0.000104335486,1.2353138e-05
PIALE,PIALE,2.6928128e-05,0.9836741,0.015964838,0.00031551335,1.8620287e-05
PIALE,PIALE,7.181608e-05,0.9830602,0.016215596,0.0006114923,4.0930317e-05
PIALE,PIALE,4.05476e-05,0.9615267,0.03706842,0.0013265425,3.779087e-05
PIALE,PIALE,3.7972093e-06,0.9996166,0.00036368443,1.3315332e-05,2.6024547e-06
PIALE,PIALE,2.2335994e-06,0.9996843,0.00030743956,3.9658635e-06,2.091292e-06
PIALE,PIALE,6.476457e-06,0.99701643,0.0029358054,3.319264e-05,8.060545e-06
PIALE,PIALE,0.0057873954,0.5533963,0.027085295,0.4114379,0.0022931914
PIALE,PIALE,0.003331895,0.8870187,0.010185085,0.09770246,0.0017619021
PIALE,PIALE,0.0034306508,0.8882858,0.00916495,0.09617864,0.0029399795
PIALE,PIALE,0.0013680414,0.95363593,0.0056640655,0.03824979,0.0010822017
PIALE,PIALE,0.0005806437,0.9864866,0.0016040505,0.010865337,0.0004633326
PIALE,PIALE,0.004144975,0.882325,0.003229106,0.106345214,0.0039557274
PIALE,PIALE,0.0041916687,0.8747469,0.0046948874,0.11090627,0.0054603172
PIALE,PIALE,0.00033326243,0.9903914,0.0013855749,0.0076694963,0.00022029843
PIALE,PIALE,0.0019182472,0.9409864,0.011984581,0.044156305,0.0009544896
PIALE,PIALE,0.0008381016,0.97676784,0.0027298154,0.019216197,0.00044801048
PIALE,PIALE,0.00333631,0.92105424,0.0028980845,0.06912126,0.0035900981
PIALE,PIALE,0.0010446362,0.98207337,0.0049774935,0.011287589,0.0006169379
PIALE,PIALE,0.00055038475,0.99134135,0.001992441,0.0057390886,0.0003767021
PIALE,PIALE,0.0018489485,0.9492216,0.0029260628,0.04447785,0.0015255203
PIALE,PIALE,0.0038375068,0.70434123,0.046196964,0.24388489,0.0017393605
PIALE,PIATE,0.009402131,0.068804786,0.04593895,0.664564,0.21129015
PIALE,PIATE,0.016817722,0.05556104,0.19404954,0.49877682,0.23479486
PIALE,PIALE,0.0017919643,0.7783951,0.007842643,0.2109811,0.0009892267
PIALE,PIALE,0.0023622299,0.91660804,0.0068664784,0.072611585,0.0015517198
PIALE,PIATE,0.007351313,0.25785476,0.04223085,0.688287,0.0042760074
PIALE,PIALE,0.002620169,0.8951366,0.005136191,0.09551836,0.0015887115
PIALE,PIALE,0.0037858966,0.80943793,0.013685862,0.17112839,0.0019619244
PIALE,PIALE,0.00010532212,0.9989348,0.0002207546,0.00067328627,6.578211e-05
PIALE,PIALE,0.00064102444,0.9904145,0.00084918423,0.0077004805,0.0003947504
PIALE,PIALE,0.0011291734,0.9423164,0.007139962,0.048484735,0.0009297392
PIALE,PIALE,0.00087682257,0.98876286,0.00084750133,0.008835406,0.0006774295
PIALE,PIATE,0.010860203,0.07017517,0.22094244,0.67525995,0.022762239
PIALE,PIATE,0.009786917,0.23273723,0.08446898,0.64232665,0.030680249
PIALE,PIATE,0.017761499,0.024850044,0.40311715,0.5239721,0.030299183
PIALE,PIARA,0.008695364,0.056613658,0.71210027,0.22100289,0.0015878751
PIALE,PIALE,0.0017228522,0.92157775,0.003979138,0.07161623,0.0011040318
PIALE,PIALE,0.003319403,0.73087007,0.0044249617,0.2578641,0.0035215267
PIALE,PIALE,0.0004995344,0.98418444,0.00043834146,0.014409189,0.00046851838
PIALE,PIALE,0.0013225048,0.9135781,0.0014107589,0.082790874,0.0008977322
PIALE,PIALE,0.0020927947,0.965786,0.001523502,0.028804354,0.0017933691
PIALE,PIALE,0.0013035013,0.9836826,0.0012167979,0.0121201165,0.0016770412
PIALE,PIALE,0.0037515773,0.9224359,0.0037933635,0.06045474,0.009564439
PIALE,PIALE,0.0008925501,0.9247004,0.0019296837,0.072014555,0.00046272698
PIALE,PIALE,0.00207657,0.8712328,0.011402869,0.114445664,0.0008421367
PIALE,PIATE,0.0155804,0.024566727,0.4098822,0.52231055,0.027660133
PIALE,PIALE,0.0022985323,0.96716094,0.0015947651,0.024434997,0.0045107473
PIALE,PIALE,0.008095303,0.5420877,0.0047146557,0.41741043,0.02769193
PIALE,PIALE,0.0018960021,0.8952658,0.002732704,0.09499507,0.005110439
PIALE,PIATE,0.009922114,0.41718334,0.009155986,0.5276248,0.036113687
PIALE,PIALE,0.009001818,0.6466793,0.00456546,0.3202011,0.019552391
PIALE,PIALE,0.0047097607,0.7825801,0.0036623657,0.19767123,0.011376575
PIALE,PIALE,0.0014244671,0.98209614,0.0020508093,0.013287108,0.0011414435
PIALE,PIALE,0.0031145024,0.93801534,0.00547459,0.042466827,0.010928737
PIALE,PIALE,0.0029055108,0.9503285,0.010320574,0.034905042,0.0015402448
PIALE,PIALE,0.01027923,0.6202298,0.009383234,0.33453995,0.025567718
PIALE,PIALE,7.579638e-06,0.99997973,6.3503157e-06,2.2374022e-06,4.0841423e-06
PIALE,PIALE,6.049397e-06,0.99998564,4.096553e-06,1.5013596e-06,2.7486312e-06
PIALE,PIALE,1.6818615e-06,0.9999964,5.47246e-07,3.387955e-07,1.0462185e-06
PIALE,PIALE,2.4500941e-06,0.9999941,1.8547767e-06,3.6188226e-07,1.2750693e-06
PIALE,PIALE,1.2250386e-07,0.9999996,2.649365e-08,3.279509e-08,2.3543788e-07
PIALE,PIALE,6.896616e-08,0.9999999,1.5750722e-08,1.14929115e-08,9.209648e-08
PIALE,PIALE,1.8891488e-06,0.9999895,6.3497387e-06,5.490471e-07,1.6683678e-06
PIALE,PIALE,1.1135526e-06,0.99999094,7.0199503e-06,2.4435548e-07,6.7129366e-07
PIALE,PIALE,8.380411e-06,0.9991892,0.0007914054,4.540933e-06,6.4432747e-06
PIALE,PIALE,4.010677e-06,0.99989724,9.412728e-05,1.968005e-06,2.7337333e-06
PIALE,PIALE,1.48018735e-05,0.9998962,8.1213235e-05,2.1924882e-06,5.5311802e-06
PIALE,PIALE,2.5405186e-06,0.99959326,0.0003978786,3.4166028e-06,2.9527096e-06
PIALE,PIALE,4.5224474e-06,0.9999347,5.8537844e-05,5.581072e-07,1.7015112e-06
PIALE,PIALE,1.2103878e-05,0.9998556,0.00012399703,3.054331e-06,5.2817913e-06
PIALE,PIALE,3.3283806e-05,0.99967957,0.0002626335,1.02240365e-05,1.4319861e-05
PIALE,PIALE,1.5994492e-05,0.9998865,8.752672e-05,3.1925535e-06,6.766439e-06
PIALE,PIALE,4.6519176e-06,0.999777,0.00021267221,2.3569733e-06,3.2539454e-06
PIALE,PIALE,5.0420335e-06,0.999815,0.00017438161,2.4145206e-06,3.041306e-06
PIALE,PIALE,1.211402e-05,0.99980927,0.00016946315,3.041755e-06,6.1559144e-06
PIALE,PIALE,1.5785334e-05,0.999647,0.0003235976,6.171185e-06,7.3522287e-06
PIALE,PIALE,8.0267256e-08,0.99999255,7.2998932e-06,2.1144798e-08,1.01259324e-07
PIALE,PIALE,3.1998528e-07,0.9999846,1.4790777e-05,7.201191e-08,2.65333e-07
PIALE,PIALE,1.1078025e-07,0.9999903,9.486235e-06,2.2989022e-08,1.0644145e-07
PIALE,PIALE,4.5824986e-08,0.99999815,1.775517e-06,8.4304315e-09,5.711801e-08
PIALE,PIALE,5.6134104e-07,0.9997339,0.00026494532,1.14652735e-07,4.558936e-07
PIALE,PIALE,1.825942e-08,0.9999999,1.0552986e-07,4.021535e-09,4.153327e-08
PIALE,PIALE,1.5389261e-06,0.993235,0.0067577814,3.8444105e-06,1.9015131e-06
PIALE,PIALE,1.5229492e-05,0.999838,0.00013387269,5.1513234e-06,7.76143e-06
PIALE,PIALE,8.853676e-07,0.9999841,1.4109324e-05,2.646606e-07,6.5386604e-07
PIALE,PIALE,1.4619874e-06,0.9999786,1.9057321e-05,1.3426131e-07,6.6763295e-07
PIALE,PIALE,2.4218318e-06,0.71772414,0.28226864,2.5263982e-06,2.3402492e-06
PIALE,PIALE,2.2226377e-06,0.5751773,0.42481527,2.9683686e-06,2.294187e-06
PIALE,PIALE,2.1707547e-06,0.8258127,0.17418191,2.1499964e-06,1.1268685e-06
PIALE,PIALE,1.1438428e-06,0.6850292,0.3149661,2.112386e-06,1.4825144e-06
PIALE,PIALE,1.2463264e-06,0.82640487,0.17359178,1.0888642e-06,1.0114127e-06
PIALE,PIALE,5.6813496e-07,0.7998729,0.20012459,1.0466225e-06,8.159416e-07
PIALE,PIALE,7.5146204e-07,0.89288193,0.107115515,8.582849e-07,9.248131e-07
PIALE,PIALE,1.4454719e-06,0.63554233,0.36444986,5.021174e-06,1.3660119e-06
PIALE,PIALE,1.5795921e-06,0.77816486,0.22183006,1.972629e-06,1.4486823e-06
PIALE,PIALE,1.6744433e-06,0.7070222,0.29296973,4.796992e-06,1.6390783e-06
PIALE,PIALE,5.4685273e-07,0.9971209,0.0028779279,1.8153274e-07,3.8878574e-07
PIALE,PIALE,4.6833728e-07,0.9997988,0.00020021503,1.1200616e-07,4.3047442e-07
PIALE,PIALE,3.1594087e-07,0.9990271,0.00097231887,1.0103706e-07,2.2417468e-07
PIALE,PIALE,1.8560133e-08,0.99999976,2.2418213e-07,4.844967e-09,4.1551765e-08
PIALE,PIALE,9.688731e-07,0.95745146,0.042544354,1.9319818e-06,1.3370377e-06
PIALE,PIALE,9.502494e-07,0.9998049,0.00019301902,4.2493878e-07,6.8905774e-07
PIALE,PIALE,2.8358644e-07,0.9995359,0.0004635588,7.171214e-08,2.139655e-07
PIALE,PIALE,7.61785e-08,0.99997073,2.9189561e-05,1.467161e-08,5.5037283e-08
PIALE,PIALE,4.918837e-07,0.9995272,0.00047191256,9.567903e-08,2.530481e-07
PIALE,PIALE,1.7566193e-06,0.9998103,0.00018589698,5.517574e-07,1.5468232e-06
PIALE,PIALE,2.3145327e-05,0.86988884,0.13005255,1.7250015e-05,1.824855e-05
PIALE,PIALE,1.6079603e-05,0.94992894,0.050023496,1.45667145e-05,1.6887128e-05
PIALE,PIALE,3.2005853e-05,0.99781674,0.002136052,2.9081366e-06,1.2291852e-05
PIALE,PIALE,1.2779444e-05,0.99910337,0.00087849156,9.457064e-07,4.413046e-06
PIALE,PIALE,5.7241483e-05,0.9865406,0.013346209,1.4717289e-05,4.125523e-05
PIALE,PIALE,3.7711674e-05,0.9975246,0.0024165807,5.1686166e-06,1.590079e-05
PIALE,PIALE,4.0407118e-05,0.94952095,0.050396252,1.5378104e-05,2.6993455e-05
PIALE,PIALE,3.5662873e-05,0.99916244,0.0007814034,5.1325183e-06,1.5382546e-05
PIALE,PIALE,1.959934e-05,0.9444046,0.05554502,1.1784416e-05,1.90058e-05
PIALE,PIALE,3.8219383e-05,0.901524,0.09839103,2.5988471e-05,2.0795896e-05
PIALE,PIARA,0.001752517,0.4728008,0.5169635,0.007822721,0.0006604938
PIALE,PIARA,0.0018753805,0.29359958,0.6873612,0.0165085,0.00065539184
PIALE,PIARA,0.0009298005,0.23486759,0.7545816,0.009383386,0.00023770976
PIALE,PIALE,0.00014030222,0.5197712,0.47731724,0.00273149,3.9756538e-05
PIALE,PIARA,0.00026113642,0.162018,0.8213335,0.01633624,5.1061972e-05
PIALE,PIARA,8.918721e-05,0.029099895,0.969736,0.0010511824,2.3779166e-05
PIALE,PIARA,9.436262e-05,0.0027226289,0.9920763,0.005083976,2.275815e-05
PIALE,PIARA,4.1616175e-05,0.0005778928,0.9979824,0.0013879103,1.0223761e-05
PIALE,PIARA,8.065867e-05,0.025411354,0.9728481,0.0016359343,2.3943196e-05
PIALE,PIARA,7.047701e-05,0.019997569,0.97910756,0.0008050706,1.936523e-05
PIALE,PIARA,0.0005024549,0.119974986,0.87233764,0.007059334,0.00012562086
PIALE,PIARA,0.00055291964,0.10003013,0.88938344,0.009907509,0.00012608814
PIALE,PIARA,0.000392235,0.09542996,0.8990761,0.0050341925,6.7486166e-05
PIALE,PIARA,0.0051399516,0.096406266,0.6775054,0.21873447,0.0022139624
PIALE,PIARA,0.00015900553,0.044473615,0.95124114,0.0040842607,4.190847e-05
PIALE,PIARA,0.000108916945,0.13577685,0.8573527,0.0067313933,3.022409e-05
PIALE,PIARA,0.00011303323,0.016089194,0.98138607,0.0023828468,2.8867938e-05
PIALE,PIALE,0.0016778514,0.39965385,0.25967845,0.33861142,0.00037851272
PIALE,PIARA,0.0073387716,0.14471592,0.56371146,0.2817896,0.0024443143
PIALE,PIARA,0.0011853793,0.019282902,0.8223286,0.15691318,0.00028992022
PIALE,PIARA,0.00013086565,0.022706268,0.97606117,0.0010655229,3.6109817e-05
PIALE,PIARA,2.9083792e-05,0.009221772,0.99057794,0.00016071774,1.0500863e-05
PIALE,PIARA,7.407776e-05,0.30664366,0.6923131,0.0009414356,2.7694156e-05
PIALE,PIARA,3.974703e-06,7.4843574e-06,0.99995685,3.0238329e-05,1.4802584e-06
PIALE,PIARA,4.1980322e-05,0.019034022,0.9807789,0.00012910103,1.605294e-05
PIALE,PIARA,9.011338e-06,6.7112436e-05,0.9998312,8.9144516e-05,3.4653951e-06
PIALE,PIARA,0.00017669162,0.16948941,0.8292567,0.0010333107,4.388172e-05
PIALE,PIARA,4.2293686e-05,0.001962027,0.99768263,0.00030236182,1.0671994e-05
PIALE,PIARA,1.7204724e-05,0.00014982455,0.99966186,0.00016536962,5.798446e-06
PIALE,PIARA,0.00073522056,0.18112683,0.813714,0.004260272,0.00016372932
PIALE,PIALE,9.222264e-06,0.99978024,0.00020471273,1.10811e-06,4.616643e-06
PIALE,PIALE,1.1435026e-05,0.9994237,0.00055701914,2.1052206e-06,5.831206e-06
PIALE,PIALE,1.994117e-05,0.99944836,0.00051800197,3.1326817e-06,1.0522484e-05
PIALE,PIALE,7.245568e-05,0.9929264,0.006947683,2.1165206e-05,3.224874e-05
PIALE,PIALE,2.7214235e-05,0.9994652,0.00049424265,3.989543e-06,9.29032e-06
PIALE,PIALE,1.02668455e-05,0.9965196,0.003461383,3.4992277e-06,5.2756714e-06
PIALE,PIALE,2.7690947e-05,0.97948784,0.020454975,1.3220115e-05,1.6297508e-05
PIALE,PIALE,9.400545e-06,0.99836147,0.0016200669,1.6450258e-06,7.3824403e-06
PIALE,PIALE,1.9457004e-06,0.99968094,0.00031534513,2.6072888e-07,1.4980474e-06
PIALE,PIALE,2.6974441e-05,0.9896859,0.010259181,8.274602e-06,1.9590867e-05
PIALE,PIALE,4.7605905e-08,0.9999999,2.3433346e-08,8.804852e-09,4.9878317e-08
PIALE,PIALE,8.7082697e-07,0.99999774,1.063831e-06,8.73147e-08,2.90033e-07
PIALE,PIALE,7.509451e-08,0.9999999,9.247794e-09,1.177953e-08,6.823328e-08
PIALE,PIALE,7.225855e-07,0.9999989,7.743028e-08,5.579293e-08,2.1586428e-07
PIALE,PIALE,2.848661e-07,0.9999995,8.7300606e-08,2.8648213e-08,1.1912688e-07
PIALE,PIALE,1.7899879e-07,0.9999997,6.908964e-08,1.5773328e-08,7.739634e-08
PIALE,PIALE,4.206743e-08,0.9999999,8.705882e-09,9.94496e-09,6.6204315e-08
PIALE,PIALE,2.8666737e-08,1.0,4.344495e-09,6.664056e-09,5.7297807e-08
PIALE,PIALE,5.4942556e-10,1.0,3.0452965e-10,1.2193393e-09,1.296435e-08
PIALE,PIALE,3.749874e-09,1.0,1.0013277e-09,3.453534e-09,2.5215446e-08
PIALE,PIALE,3.3692843e-06,0.9999954,2.7979223e-07,1.9547537e-07,6.816546e-07
PIALE,PIALE,5.1269847e-08,0.9999999,5.4726113e-09,1.3292641e-08,7.516843e-08
PIALE,PIALE,6.866607e-07,0.99999905,7.221998e-08,4.711168e-08,1.7130147e-07
PIALE,PIALE,1.9174502e-06,0.9999973,2.6456644e-07,1.4211993e-07,4.397491e-07
PIALE,PIALE,2.897715e-06,0.9999937,2.4771782e-06,2.3022328e-07,6.925029e-07
PIALE,PIALE,6.495187e-07,0.99999905,6.698674e-08,6.708082e-08,1.7724979e-07
PIALE,PIALE,3.3849045e-07,0.9999993,1.05831695e-07,3.8087276e-08,1.2971954e-07
PIALE,PIALE,7.4497996e-07,0.9999984,4.9617347e-07,1.4740384e-07,3.0361744e-07
PIALE,PIALE,2.8767513e-06,0.999996,2.6499453e-07,1.951616e-07,7.438166e-07
PIALE,PIALE,5.8989958e-08,0.9999999,6.0321885e-09,1.6103494e-08,8.3499266e-08
PIALE,PIALE,5.5263496e-07,0.9999992,9.356208e-08,2.7083642e-08,1.4448958e-07
PIALE,PIALE,5.0281947e-08,0.9999999,3.819796e-09,4.4455106e-09,4.687721e-08
PIALE,PIALE,4.312125e-06,0.9999541,4.0576284e-05,3.039038e-07,7.300906e-07
PIALE,PIALE,3.082195e-07,0.9999995,5.1767156e-08,2.2282066e-08,1.2660031e-07
PIALE,PIALE,3.141298e-07,0.9999996,2.7508152e-08,1.1287696e-08,7.8650594e-08
PIALE,PIALE,5.079935e-06,0.9999909,3.3221545e-06,1.3622488e-07,6.2300467e-07
PIALE,PIALE,2.468349e-06,0.9999969,2.2885247e-07,8.5186116e-08,3.534121e-07
PIALE,PIALE,3.982943e-07,0.9999989,3.6917208e-07,3.4277505e-08,1.8067762e-07
PIALE,PIALE,5.8349053e-07,0.99999774,1.3884307e-06,3.2859166e-08,1.8536008e-07
PIALE,PIALE,1.3430722e-05,0.9996451,0.00033918803,8.2065003e-07,1.4855774e-06
PIALE,PIALE,6.1103146e-06,0.9999532,3.9026014e-05,4.6076525e-07,1.086312e-06
PIALE,PIALE,3.802039e-05,0.9970838,0.002854011,1.1671626e-05,1.2497455e-05
PIALE,PIALE,5.1059405e-06,0.9999172,7.548251e-05,7.8949205e-07,1.4757347e-06
PIALE,PIALE,1.9857382e-06,0.999995,2.6516632e-06,8.90608e-08,3.6401798e-07
PIALE,PIALE,1.461475e-05,0.9930483,0.0069292355,4.306147e-06,3.5810647e-06
PIALE,PIALE,9.806743e-06,0.99654317,0.0034415855,2.5115141e-06,2.9256232e-06
PIALE,PIALE,5.594594e-05,0.9894508,0.0104761375,9.063559e-06,8.051401e-06
PIALE,PIALE,3.831677e-08,0.99999976,1.2029024e-07,2.2548816e-08,8.9834174e-08
PIALE,PIALE,5.6558484e-08,0.99999976,1.0400574e-07,1.6292619e-08,8.609299e-08
PIALE,PIARA,7.944567e-05,0.43114606,0.5686019,0.00015354302,1.9048879e-05
PIALE,PIARA,1.9933477e-06,0.0006979142,0.99929065,7.97272e-06,1.4309426e-06
PIALE,PIALE,6.8438145e-05,0.94458526,0.055307247,2.1693311e-05,1.7362212e-05
PIALE,PIALE,6.8374524e-05,0.571582,0.42829305,3.9085848e-05,1.7405418e-05
PIALE,PIALE,8.599232e-05,0.6049141,0.39489838,7.5275144e-05,2.6174923e-05
PIALE,PIARA,9.962264e-05,0.20708448,0.7927273,6.3666026e-05,2.4999346e-05
PIALE,PIARA,5.073923e-05,0.12644395,0.8734092,7.274963e-05,2.3358038e-05
PIALE,PIARA,1.6532826e-05,0.1211946,0.8787389,3.579393e-05,1.4097637e-05
PIALE,PIARA,7.80717e-06,0.01128609,0.9886805,1.7885714e-05,7.7224895e-06
PIALE,PIARA,8.004565e-06,0.105721004,0.89423835,2.396033e-05,8.619897e-06
PIALE,PIARA,5.458179e-06,0.07952014,0.92045206,1.7467035e-05,4.871613e-06
PIALE,PIARA,0.05089242,0.040213946,0.9020721,0.00607358,0.00074803224
PIALE,PIARA,0.0011683275,0.020949828,0.9751364,0.0026715477,7.391287e-05
PIALE,PIARA,0.0036847978,0.13159367,0.86420715,0.00036798394,0.00014639017
PIALE,PIARA,0.0053624366,0.30411592,0.6898419,0.00048338558,0.00019636103
PIALE,PIARA,0.0037259096,0.03788443,0.9580087,0.00026811747,0.00011281255
PIALE,PIARA,0.000111331145,0.06108003,0.9387435,4.639838e-05,1.8810842e-05
PIALE,PIARA,0.003406823,0.20099674,0.79450923,0.00095493416,0.00013233777
PIALE,PIARA,0.0011769617,0.026575845,0.9718709,0.0003377246,3.8571518e-05
PIALE,PIARA,0.025902595,0.11280477,0.8571572,0.0035551637,0.0005802992
PIALE,PIARA,0.0049526095,0.05916702,0.9351113,0.0006112964,0.00015779883
PIALE,PIARA,1.2984664e-05,0.45387158,0.54609203,1.7289656e-05,6.1188475e-06
PIALE,PIALE,1.2478836e-07,0.9972,0.0027988616,4.7150652e-07,5.947326e-07
PIALE,PIALE,4.1501562e-07,0.98804617,0.011951772,8.3574173e-07,8.33044e-07
PIALE,PIALE,4.9136383e-07,0.9664301,0.033564832,2.583325e-06,2.0366472e-06
PIALE,PIARA,1.3218345e-06,0.087809354,0.91217184,1.3145684e-05,4.3509426e-06
PIALE,PIARA,2.3352826e-05,0.35162103,0.6482432,6.654847e-05,4.591231e-05
PIALE,PIALE,8.546733e-08,0.9998878,0.000111312154,2.385775e-07,4.8477386e-07
PIALE,PIALE,1.1911392e-06,0.7630342,0.236944,1.6094256e-05,4.4832673e-06
PIALE,PIALE,1.7196113e-06,0.99831885,0.001672434,3.7366906e-06,3.2655548e-06
PIALE,PIALE,1.4056141e-06,0.9575088,0.042482175,4.328985e-06,3.2139806e-06
PIALE,PIALE,4.5012463e-08,0.9974737,0.0025259263,1.07491516e-07,1.8128905e-07
PIALE,PIALE,4.974078e-09,0.9999888,1.1121076e-05,1.282113e-08,5.6562328e-08
PIALE,PIALE,6.408208e-07,0.72648025,0.2735148,2.4778892e-06,1.7952642e-06
PIALE,PIALE,2.5058364e-07,0.71318424,0.28681338,1.0536296e-06,1.1559272e-06
PIALE,PIALE,1.0079846e-06,0.8832278,0.11676536,3.1128811e-06,2.6984314e-06
PIALE,PIALE,2.0624693e-08,0.9995927,0.00040717778,3.9924167e-08,8.79083e-08
PIALE,PIALE,3.1293536e-07,0.9426371,0.05736033,1.1438541e-06,1.1345236e-06
PIALE,PIALE,3.6434407e-08,0.9999503,4.9492694e-05,3.9685983e-08,1.2231953e-07
PIALE,PIALE,1.0034437e-05,0.67122036,0.32863957,0.00012462394,5.456336e-06
PIALE,PIALE,5.6147766e-08,0.99969363,0.000306074,1.3393219e-07,1.2892379e-07
PIALE,PIARA,0.000409133,0.004556453,0.9948177,0.00015273115,6.402587e-05
PIALE,PIARA,0.0034905984,0.036718182,0.95894665,0.00056063314,0.00028394608
PIALE,PIARA,0.0002509955,0.04702253,0.952518,0.00013588411,7.258123e-05
PIALE,PIARA,5.251786e-06,0.00030585178,0.99967694,9.275701e-06,2.69404e-06
PIALE,PIARA,0.00019758518,0.36232072,0.6373411,9.181668e-05,4.8810136e-05
PIALE,PIARA,0.000101353355,0.055865355,0.94393176,7.008411e-05,3.1377553e-05
PIALE,PIARA,3.6399408e-05,0.006301071,0.9936136,3.4042616e-05,1.4935158e-05
PIALE,PIARA,0.0011781038,0.054721933,0.9433685,0.00051846064,0.00021300915
PIALE,PIARA,0.00054508983,0.17312461,0.8257748,0.000472581,8.2932616e-05
PIALE,PIARA,9.332605e-06,0.008896502,0.99107224,1.6486527e-05,5.474565e-06
PIALE,PIARA,0.14105257,0.026873456,0.8301975,0.00180657,6.989874e-05
PIALE,PIARA,0.094768755,0.0027322462,0.8843048,0.017770031,0.0004240682
PIALE,PIARA,0.29737216,0.067794286,0.6331611,0.0015489726,0.00012349333
PIALE,PIARA,0.43011463,0.04129196,0.5240929,0.004274877,0.00022562213
PIALE,PIAAT,0.6815975,0.011946613,0.29217312,0.014128799,0.00015400986
PIALE,PIARA,0.3677402,0.16057517,0.44130632,0.029958,0.00042036
PIALE,PIAAT,0.6134406,0.078425445,0.27921212,0.02838821,0.0005336042
PIALE,PIAAT,0.556968,0.021359192,0.41079858,0.01030203,0.00057227124
PIALE,PIARA,0.20770828,0.05736959,0.7251561,0.009376175,0.00038986368
PIALE,PIARA,0.19790302,0.29542887,0.5054661,0.0010908165,0.000111123874
PIALE,PIALE,4.2677763e-07,0.9445691,0.05542864,6.882742e-07,1.1336386e-06
PIALE,PIALE,1.5772239e-06,0.807004,0.19297889,1.3608017e-05,2.0464277e-06
PIALE,PIALE,2.5204716e-07,0.9958639,0.0041348035,2.2961588e-07,8.5059446e-07
PIALE,PIALE,1.0650763e-07,0.9999325,6.704176e-05,3.7054456e-08,1.8219602e-07
PIALE,PIALE,2.8958024e-07,0.9638973,0.03610147,3.5336407e-07,6.0299476e-07
PIALE,PIALE,1.50198e-07,0.99953175,0.0004676152,9.823144e-08,3.2975825e-07
PIALE,PIALE,9.0079527e-07,0.780127,0.21986851,1.9905797e-06,1.5897938e-06
PIALE,PIALE,4.0136854e-07,0.9064723,0.09352499,1.1108995e-06,1.1143113e-06
PIALE,PIALE,2.990385e-07,0.9754634,0.024534158,1.0140235e-06,1.1049613e-06
PIALE,PIALE,5.7954327e-07,0.8993735,0.100622185,1.7582976e-06,1.9990955e-06
PIALE,PIALE,8.598708e-07,0.7935401,0.20645428,2.83539e-06,1.960609e-06
PIALE,PIALE,1.8996025e-07,0.96864784,0.031350788,4.3919408e-07,7.551461e-07
PIALE,PIALE,7.1045287e-07,0.74018806,0.2598055,3.8247435e-06,1.948228e-06
PIALE,PIALE,1.2291471e-06,0.84649765,0.15348908,9.3631525e-06,2.712682e-06
PIALE,PIALE,4.1205277e-07,0.93620765,0.063785054,5.4816956e-06,1.3804365e-06
PIALE,PIALE,3.6292334e-07,0.96538424,0.034612786,1.2861105e-06,1.2942794e-06
PIALE,PIALE,6.4365844e-07,0.989756,0.010240777,1.3701072e-06,1.2058238e-06
PIALE,PIALE,5.515225e-07,0.99062586,0.0093706995,1.3095969e-06,1.5892016e-06
PIALE,PIALE,2.4880782e-07,0.88788927,0.11210886,7.598765e-07,7.83812e-07
PIALE,PIALE,7.5631664e-07,0.9869946,0.013000783,1.8310348e-06,2.0243256e-06
PIALE,PIALE,6.876725e-07,0.9999659,3.2225213e-05,1.0119724e-07,1.057589e-06
PIALE,PIALE,1.16289684e-07,0.99995935,4.0278304e-05,2.6497665e-08,2.5483803e-07
PIALE,PIALE,7.779986e-07,0.9995189,0.00047850216,2.4217735e-07,1.6429858e-06
PIALE,PIALE,5.7899975e-08,0.99997985,1.9907471e-05,6.506501e-08,9.465022e-08
PIALE,PIALE,1.4397766e-07,0.9998997,9.979798e-05,3.6778e-08,3.025376e-07
PIALE,PIALE,1.2703829e-07,0.9952864,0.004712088,6.156346e-07,7.9174026e-07
PIALE,PIALE,7.8141795e-07,0.9791005,0.020892374,2.0017314e-06,4.300797e-06
PIALE,PIALE,7.083962e-08,0.99987394,0.00012577904,7.511909e-08,1.7880083e-07
PIALE,PIALE,2.2451306e-06,0.99784523,0.002143414,2.0465905e-06,7.0613182e-06
PIALE,PIALE,5.5507115e-08,0.99998665,1.3088658e-05,5.1142017e-08,1.5187028e-07
PIALE,PIALE,0.07907611,0.64221066,0.27795625,0.0005378946,0.00021916434
PIALE,PIARA,0.3161687,0.20579788,0.47698247,0.00060930784,0.00044169382
PIALE,PIARA,0.29505926,0.05050687,0.6493879,0.0048339516,0.00021209067
PIALE,PIALE,0.09918154,0.77078784,0.12952249,0.0003449107,0.00016321363
PIALE,PIALE,0.07995838,0.8546533,0.064583555,0.00041813662,0.00038667317
PIALE,PIALE,0.22690678,0.6214045,0.15082428,0.0005413197,0.0003230814
PIALE,PIALE,0.090162374,0.61204255,0.29718333,0.0004456849,0.00016611777
PIALE,PIARA,0.096854456,0.0049328106,0.8971984,0.0009357071,7.8640005e-05
PIALE,PIARA,0.07768786,0.24383865,0.6783197,9.8199474e-05,5.553762e-05
PIALE,PIARA,0.18196723,0.26077577,0.5566726,0.0004245279,0.00015998402
PIALE,PIALE,4.2154967e-05,0.99500984,0.0047051664,0.000150535,9.228843e-05
PIALE,PIALE,0.00065607857,0.92179704,0.07491103,0.0020526028,0.0005832556
PIALE,PIALE,3.5954263e-06,0.9809226,0.019053867,1.345347e-05,6.482681e-06
PIALE,PIALE,8.827594e-07,0.9941529,0.00584269,1.1740282e-06,2.3670998e-06
PIALE,PIALE,4.1486913e-07,0.9993393,0.00065902877,3.5019175e-07,9.253216e-07
PIALE,PIARA,0.00030069728,0.31617266,0.6816417,0.0017957361,8.92093e-05
PIALE,PIALE,1.4603895e-05,0.99583364,0.004115338,1.0532355e-05,2.5900326e-05
PIALE,PIALE,0.003440731,0.90457785,0.07135168,0.018442562,0.0021871652
PIALE,PIALE,4.3840355e-06,0.99954164,0.00044450848,2.2184659e-06,7.2696075e-06
PIALE,PIALE,1.7812675e-06,0.99960417,0.00039028257,1.1466267e-06,2.6023124e-06
PIALE,PIALE,2.273268e-05,0.974654,0.025215326,5.2481875e-05,5.5498553e-05
PIALE,PIALE,2.1202468e-06,0.9994209,0.00057305093,1.723102e-06,2.2448946e-06
PIALE,PIALE,3.344468e-07,0.9999934,5.9148106e-06,8.341675e-08,2.6867576e-07
PIALE,PIALE,7.930892e-06,0.99935114,0.0006251587,4.003079e-06,1.1785005e-05
PIALE,PIALE,8.614613e-07,0.99995655,4.1148072e-05,3.4981562e-07,1.1059096e-06
PIALE,PIALE,8.082601e-07,0.9999906,7.929675e-06,1.9106585e-07,4.5823816e-07
PIALE,PIALE,1.5594289e-07,0.99999887,3.4804546e-07,1.0554152e-07,4.2076442e-07
PIALE,PIALE,2.186309e-06,0.9992909,0.00069559226,4.364196e-06,6.9811585e-06
PIALE,PIALE,3.70637e-06,0.99940675,0.00058041833,2.6716211e-06,6.4435303e-06
PIALE,PIALE,2.6217474e-06,0.9995005,0.000489821,2.1171345e-06,4.8337906e-06
PIALE,PIALE,2.1924842e-07,0.99999917,4.8324574e-07,4.8865292e-08,1.1423624e-07
PIALE,PIALE,3.679726e-08,0.99999976,6.7144406e-08,1.43107295e-08,1.0827688e-07
PIALE,PIALE,1.1263291e-07,0.9999996,1.8247458e-07,1.4492931e-08,1.4862422e-07
PIALE,PIALE,6.690877e-07,0.99999696,1.9571999e-06,9.310805e-08,3.3642334e-07
PIALE,PIALE,7.335553e-07,0.9994939,0.00050416036,1.898129e-07,1.1005884e-06
PIALE,PIALE,1.4496392e-07,0.9999984,1.3016557e-06,2.7245164e-08,1.8295933e-07
PIALE,PIALE,1.5408546e-07,0.99999833,1.1643127e-06,4.523127e-08,1.8009024e-07
PIALE,PIALE,4.6408934e-07,0.9999763,2.2782024e-05,8.346444e-08,3.9628674e-07
PIALE,PIALE,3.35724e-07,0.99995756,4.1595034e-05,1.596121e-07,3.396518e-07
PIALE,PIALE,3.8488474e-07,0.99998146,1.7677718e-05,1.0052049e-07,3.8692005e-07
PIALE,PIALE,1.877805e-05,0.99641556,0.003524361,1.33365465e-05,2.793343e-05
PIALE,PIALE,3.9543343e-07,0.99999,9.158375e-06,2.0817991e-07,2.8363954e-07
PIALE,PIALE,5.9515365e-08,0.99999976,7.0350595e-08,2.97662e-08,1.5336221e-07
PIALE,PIALE,1.0403231e-07,0.99999857,1.1618283e-06,4.7051294e-08,1.4913094e-07
PIALE,PIALE,1.5108994e-06,0.9998693,0.00012718479,3.7559212e-07,1.6368092e-06
PIALE,PIALE,1.5036182e-05,0.9916572,0.0082898475,9.625242e-06,2.8319542e-05
PIALE,PIALE,1.6550382e-06,0.9999558,4.089639e-05,4.5269275e-07,1.2258909e-06
PIALE,PIALE,4.694038e-06,0.99934846,0.0006383269,3.800744e-06,4.7535664e-06
PIALE,PIALE,8.581424e-06,0.9997391,0.00024155522,3.8540966e-06,6.9032008e-06
PIALE,PIALE,5.8494123e-07,0.99998224,1.6482258e-05,2.866126e-07,4.1437355e-07
PIALE,PIARA,0.00016643545,0.48071945,0.51889545,0.00012555954,9.301945e-05
PIALE,PIALE,2.2306844e-05,0.65088737,0.3490303,2.6563623e-05,3.351109e-05
PIALE,PIALE,8.71406e-06,0.64629185,0.35367364,1.40327265e-05,1.18553e-05
PIALE,PIALE,9.696812e-07,0.999528,0.00046900526,5.6202197e-07,1.5149808e-06
PIALE,PIALE,2.7909377e-07,0.99999315,6.113322e-06,8.343265e-08,3.0924073e-07
PIALE,PIALE,1.2453438e-06,0.9999037,9.4461626e-05,1.96967e-07,4.2164012e-07
PIALE,PIALE,4.9465797e-07,0.9999847,1.4504939e-05,8.8174055e-08,2.747057e-07
PIALE,PIALE,9.7819075e-06,0.97610974,0.023858093,8.095422e-06,1.4349873e-05
PIALE,PIALE,5.345099e-06,0.84487575,0.1550972,1.0637056e-05,1.1108583e-05
PIALE,PIARA,8.4387815e-05,0.19009443,0.8096669,0.00010150299,5.2706593e-05
PIALE,PIALE,6.081216e-08,0.9999991,6.154303e-07,1.0338659e-07,7.192939e-08
PIALE,PIALE,6.7390516e-08,0.9999991,6.6884564e-07,5.1888442e-08,1.1051884e-07
PIALE,PIALE,3.5108428e-08,0.9999994,3.9007148e-07,7.3757455e-08,8.156947e-08
PIALE,PIALE,2.7936712e-06,0.99990255,8.5833075e-05,6.3114517e-06,2.5127388e-06
PIALE,PIALE,2.561539e-07,0.99944717,0.00055111584,8.0783366e-07,6.520046e-07
PIALE,PIALE,0.00044286565,0.995206,0.0038375703,0.00019536522,0.00031812137
PIALE,PIALE,1.08826885e-08,0.9999974,2.6246994e-06,3.4185133e-09,2.3571765e-08
PIALE,PIALE,7.4338966e-09,0.99999934,6.46717e-07,1.17430785e-08,2.294443e-08
PIALE,PIALE,3.2505373e-05,0.7331283,0.26538625,0.0014166111,3.6371206e-05
PIALE,PIALE,1.2586789e-09,1.0,3.0830844e-08,8.35803e-09,1.7491914e-08
PIALE,PIALE,0.0016613755,0.9335907,0.04824272,0.0150317745,0.0014734514
PIALE,PIALE,0.0020187383,0.9295028,0.050726607,0.016121123,0.0016307677
PIALE,PIALE,0.0010155523,0.958712,0.03245623,0.007133042,0.00068317715
PIALE,PIALE,0.00022092651,0.9683216,0.028545024,0.0027051491,0.00020725631
PIALE,PIALE,4.188968e-05,0.8603533,0.13918608,0.00036691906,5.1831837e-05
PIALE,PIALE,2.819181e-06,0.99934024,0.00064406893,9.305888e-06,3.5714934e-06
PIALE,PIALE,8.891035e-06,0.9969599,0.0029463416,6.77696e-05,1.7047121e-05
PIALE,PIALE,0.00014793444,0.9694563,0.029034562,0.0011887858,0.00017236095
PIALE,PIALE,0.0006574313,0.9188674,0.07343564,0.006510857,0.00052865973
PIALE,PIALE,0.0013971516,0.9581358,0.028311772,0.010847809,0.0013074818
PIALE,PIALE,5.738766e-09,0.99999994,3.3022058e-08,2.646901e-08,3.800904e-08
PIALE,PIALE,3.5885986e-07,0.9999584,4.064036e-05,3.712632e-07,2.8252072e-07
PIALE,PIALE,2.9890512e-07,0.99997985,1.8746598e-05,6.9593847e-07,3.4207514e-07
PIALE,PIALE,1.2665016e-06,0.999718,0.00027789536,1.6687272e-06,1.2135873e-06
PIALE,PIALE,2.4004734e-08,0.99999976,1.3217868e-07,8.839356e-08,6.7002375e-08
PIALE,PIALE,3.583434e-08,0.99999946,2.8549525e-07,8.8886736e-08,1.03932905e-07
PIALE,PIALE,1.583803e-07,0.99996966,2.9538302e-05,2.1125166e-07,3.3998046e-07
PIALE,PIALE,7.7187705e-09,0.9999999,8.082864e-08,1.1708711e-08,5.5755066e-08
PIALE,PIALE,3.6306936e-08,0.999999,7.275035e-07,1.00505815e-07,8.2025764e-08
PIALE,PIALE,2.87255e-09,0.9999999,6.565397e-08,4.345503e-08,3.0072137e-08
PIALE,PIALE,5.9860705e-10,1.0,8.861657e-09,5.2962474e-09,2.4623835e-08
PIALE,PIALE,1.8463833e-08,0.99999833,1.5075227e-06,7.777614e-08,8.997516e-08
PIALE,PIALE,2.1909901e-07,0.9999734,2.532015e-05,5.8093366e-07,3.6308495e-07
PIALE,PIALE,1.3628629e-07,0.9999808,1.8710463e-05,1.3564383e-07,2.3161832e-07
PIALE,PIALE,1.8466031e-07,0.9999758,2.3267536e-05,5.098828e-07,2.5673262e-07
PIALE,PIALE,3.629963e-08,0.9999994,1.8669775e-07,6.225087e-08,3.5703476e-07
PIALE,PIALE,1.2752562e-08,0.99999815,1.6593121e-06,1.3622932e-07,8.4338e-08
PIALE,PIALE,8.264654e-06,0.9624062,0.03728153,0.00029277164,1.1190643e-05
PIALE,PIALE,6.29657e-07,0.9999436,5.2261745e-05,1.951455e-06,1.451549e-06
PIALE,PIALE,4.8956757e-08,0.99998593,1.3739775e-05,1.15876304e-07,1.3832839e-07
PIALE,PIALE,2.9315203e-08,0.99999714,2.4981903e-06,8.603973e-08,3.050475e-07
PIALE,PIALE,9.204145e-07,0.99943435,0.0005602579,1.8274403e-06,2.679446e-06
PIALE,PIALE,1.4457884e-06,0.99956244,0.0004321772,1.7334313e-06,2.2124366e-06
PIALE,PIALE,3.333558e-06,0.9984073,0.0015784856,5.015768e-06,5.8446035e-06
PIALE,PIALE,1.4031235e-06,0.99947226,0.00052131596,1.9122408e-06,3.1488937e-06
PIALE,PIALE,8.487974e-07,0.99902356,0.0009699672,4.5115594e-06,1.1639611e-06
PIALE,PIALE,4.0594523e-06,0.99931973,0.0006650196,3.990703e-06,7.2440566e-06
PIALE,PIALE,1.9563997e-08,0.99999803,1.8698278e-06,4.439024e-08,8.114281e-08
PIALE,PIALE,3.1851737e-08,0.9999942,5.429123e-06,1.04443615e-07,1.2220033e-07
PIALE,PIALE,1.5603244e-07,0.99997777,2.1158405e-05,5.869897e-07,2.621604e-07
PIALE,PIALE,0.0015900001,0.96540254,0.02286799,0.009141875,0.0009976462
PIALE,PIALE,4.949892e-09,0.99999964,2.728902e-07,2.1929912e-08,9.371677e-08
PIALE,PIALE,3.6289405e-10,1.0,7.9524454e-10,2.004953e-09,3.456627e-08
PIALE,PIALE,1.7907417e-10,1.0,7.415324e-10,4.7360618e-09,3.642077e-08
PIALE,PIALE,5.6076677e-09,0.9999998,3.5399058e-08,1.1164459e-08,6.612031e-08
PIALE,PIALE,5.2003135e-10,1.0,1.5020218e-09,2.7125302e-09,3.0301205e-08
PIALE,PIALE,6.3292737e-07,0.99998474,1.3287507e-05,3.97043e-07,9.1393423e-07
PIALE,PIALE,1.0226594e-08,0.9999999,4.1576616e-08,9.757965e-09,1.0141206e-07
PIALE,PIALE,7.989122e-09,0.9999999,3.9360735e-08,1.5905918e-08,7.4405115e-08
PIALE,PIALE,3.3462482e-09,1.0,7.633911e-09,3.4750545e-09,4.41046e-08
PIALE,PIALE,3.9426556e-07,0.9999974,1.6594513e-06,1.3783635e-07,4.7364816e-07
PIALE,PIALE,6.604557e-09,0.99999994,1.027545e-08,7.032333e-09,8.2720575e-08
PIALE,PIALE,6.853263e-08,0.9999993,2.4813505e-07,7.236197e-08,3.5587757e-07
PIALE,PIALE,6.3528325e-09,0.9999999,2.27578e-08,1.8973237e-08,1.3633282e-07
PIALE,PIALE,2.650623e-09,0.99999994,5.011969e-09,5.3684195e-09,6.442533e-08
PIALE,PIALE,5.3073537e-09,0.9999998,1.3431385e-07,2.8328447e-08,6.206753e-08
PIALE,PIALE,1.4344852e-08,0.9999999,4.4743892e-08,8.715572e-09,7.637601e-08
PIALE,PIALE,8.5056207e-10,1.0,1.8091356e-09,2.3224824e-09,2.841492e-08
PIALE,PIALE,0.0002798748,0.9886489,0.009827359,0.0010099402,0.00023393653
PIALE,PIALE,2.7195481e-09,1.0,9.94701e-09,6.512964e-09,4.699727e-08
PIALE,PIALE,4.820974e-06,0.99986464,0.00012035305,5.73172e-06,4.478763e-06
PIALE,PIALE,0.00019635425,0.9967176,0.0026941623,0.00029691713,9.496468e-05
PIALE,PIALE,1.635072e-05,0.99982464,0.00011252173,2.2996197e-05,2.3527436e-05
PIALE,PIALE,0.00018989072,0.9979375,0.0015745508,0.00022451536,7.3530384e-05
PIALE,PIALE,0.0003338248,0.99732536,0.0019180166,0.0003063259,0.00011647361
PIALE,PIALE,2.6176025e-05,0.9997189,0.00020186897,3.1986267e-05,2.1082682e-05
PIALE,PIALE,0.00014322632,0.9986683,0.0009127679,0.00020039585,7.533629e-05
PIALE,PIALE,0.0001032583,0.9990252,0.0007548555,7.502798e-05,4.1651416e-05
PIALE,PIALE,6.988469e-06,0.9998827,9.159607e-05,1.0366048e-05,8.373958e-06
PIALE,PIALE,1.408569e-05,0.99944985,0.00049537845,2.975961e-05,1.0956456e-05
PIALE,PIALE,1.0906472e-06,0.9999876,6.026913e-06,1.624992e-06,3.6404208e-06
PIALE,PIALE,1.7462221e-06,0.9999885,5.359656e-06,8.2707334e-07,3.5863072e-06
PIALE,PIALE,2.6893872e-06,0.9999849,5.326021e-06,1.5300835e-06,5.5552646e-06
PIALE,PIALE,1.2679436e-06,0.99998987,5.2474247e-06,7.6001413e-07,2.867361e-06
PIALE,PIALE,6.2463478e-06,0.99993455,4.548808e-05,4.611525e-06,9.141254e-06
PIALE,PIALE,2.058855e-05,0.9996966,0.00024579006,1.785051e-05,1.9201385e-05
PIALE,PIALE,0.00019102066,0.9976535,0.0019775,9.4407435e-05,8.358541e-05
PIALE,PIALE,2.2361066e-05,0.9997071,0.00022817282,2.025186e-05,2.213915e-05
PIALE,PIALE,2.77447e-06,0.99995977,2.7452003e-05,4.07485e-06,5.841712e-06
PIALE,PIALE,7.727424e-07,0.9999924,4.7719705e-06,3.8217698e-07,1.731214e-06
PIALE,PIALE,0.0012956843,0.9650564,0.03139515,0.0018237279,0.0004290428
PIALE,PIALE,0.0028455574,0.9581799,0.033623327,0.0045223925,0.0008287658
PIALE,PIALE,0.011956298,0.8989707,0.07330695,0.013809224,0.0019568533
PIALE,PIALE,0.0067833364,0.9208436,0.061786484,0.009231987,0.0013546329
PIALE,PIALE,0.007707107,0.8630485,0.11453991,0.013260384,0.0014440956
PIALE,PIALE,0.016800094,0.80942106,0.12833405,0.042419363,0.003025418
PIALE,PIALE,0.0076725064,0.8930893,0.08237887,0.015352926,0.001506437
PIALE,PIALE,0.006455502,0.931952,0.05122208,0.009247429,0.0011230359
PIALE,PIALE,0.011571815,0.8789768,0.09100138,0.016649814,0.0018001767
PIALE,PIALE,0.009159581,0.8225995,0.14878911,0.01834007,0.001111799
PIARA,PIARA,0.00016873321,8.936777e-05,0.98322827,0.016378822,0.00013482208
PIARA,PIARA,7.645757e-06,1.7438671e-05,0.9981815,0.0017874057,5.9796994e-06
PIARA,PIARA,4.3420336e-05,4.506474e-05,0.9543328,0.04554141,3.727608e-05
PIARA,PIARA,0.00011130393,0.0001417542,0.98005426,0.01967555,1.7101584e-05
PIARA,PIARA,0.00017658304,8.118597e-05,0.968269,0.031417295,5.5915378e-05
PIARA,PIARA,1.1016632e-05,1.540329e-05,0.9974594,0.0025095653,4.557004e-06
PIARA,PIARA,3.3656488e-05,6.570623e-05,0.99433225,0.00556159,6.777125e-06
PIARA,PIARA,5.5065157e-06,1.4887019e-05,0.9996949,0.00028260885,2.1379003e-06
PIARA,PIARA,1.7359745e-05,2.1470732e-05,0.9998157,0.00014211882,3.3860636e-06
PIARA,PIARA,6.4204933e-06,8.45593e-06,0.9997977,0.00018548111,1.8545587e-06
PIARA,PIARA,1.7944032e-05,2.381968e-05,0.9984877,0.0014639639,6.5313247e-06
PIARA,PIARA,1.0022442e-05,8.075197e-06,0.99982345,0.00015652226,1.8666103e-06
PIARA,PIARA,9.751652e-05,4.6146262e-05,0.9995188,0.00032965085,7.8837975e-06
PIARA,PIARA,1.3716637e-05,6.7334204e-06,0.9998671,0.00011045305,2.0049474e-06
PIARA,PIARA,1.3713053e-05,1.7155207e-05,0.9997036,0.00026324767,2.2173288e-06
PIARA,PIARA,5.042257e-05,5.581633e-05,0.9994169,0.00047248774,4.40904e-06
PIARA,PIARA,0.00012518378,4.8224025e-05,0.987881,0.011932258,1.3348891e-05
PIARA,PIARA,0.00017150994,9.436475e-05,0.9802644,0.019447712,2.2012346e-05
PIARA,PIARA,4.3802935e-05,3.9539813e-05,0.9982823,0.0016284273,5.9419895e-06
PIARA,PIARA,0.0005835841,0.00030157116,0.83752275,0.1615283,6.387873e-05
PIARA,PIARA,6.3111092e-06,2.0947034e-05,0.9996971,0.0002721089,3.5911476e-06
PIARA,PIARA,4.3109844e-07,1.1718328e-06,0.99999267,5.538439e-06,1.9696003e-07
PIARA,PIARA,2.3474886e-06,4.9120727e-06,0.9999335,5.7855646e-05,1.4174668e-06
PIARA,PIARA,1.6391083e-06,2.3182959e-06,0.99997556,1.9959203e-05,5.501885e-07
PIARA,PIARA,7.772508e-07,2.4385765e-06,0.99997866,1.7634517e-05,5.2087364e-07
PIARA,PIARA,2.6595173e-06,1.497971e-05,0.9999417,3.9759878e-05,9.4281563e-07
PIARA,PIARA,1.3538505e-06,1.6959093e-05,0.9999791,2.1584017e-06,4.790707e-07
PIARA,PIARA,7.214346e-06,2.1527907e-05,0.9999056,6.3688305e-05,1.9497618e-06
PIARA,PIARA,3.6998565e-06,5.8653673e-06,0.99996835,2.1056889e-05,1.0551944e-06
PIARA,PIARA,8.661521e-06,9.9984545e-06,0.99974936,0.00022635268,5.6256586e-06
PIARA,PIARA,1.0016395e-05,2.4834806e-05,0.99682474,0.0031385724,1.7487016e-06
PIARA,PIARA,2.3761459e-07,5.3708055e-07,0.99999726,1.9335898e-06,5.8547297e-08
PIARA,PIARA,9.410137e-08,1.3171183e-07,0.9999989,8.0913344e-07,2.696046e-08
PIARA,PIARA,3.7634902e-06,3.354294e-05,0.9999373,2.3610599e-05,1.746142e-06
PIARA,PIARA,1.0084519e-06,2.1804348e-05,0.999952,2.4399793e-05,7.594868e-07
PIARA,PIARA,1.6409103e-06,6.213344e-06,0.9999567,3.485292e-05,5.660284e-07
PIARA,PIARA,1.8770877e-05,2.3436656e-05,0.97889405,0.021056142,7.655287e-06
PIARA,PIARA,2.86492e-06,2.2904238e-05,0.9999232,4.9609414e-05,1.4289179e-06
PIARA,PIARA,7.4677055e-06,2.409101e-05,0.9994616,0.0005022572,4.6773844e-06
PIARA,PIARA,1.406545e-06,9.315216e-06,0.9999712,1.751904e-05,5.5582075e-07
PIARA,PIARA,6.8021853e-07,2.8945715e-06,0.99998677,9.276954e-06,3.340097e-07
PIARA,PIARA,2.0977295e-07,6.496728e-07,0.999996,3.116588e-06,5.3965447e-08
PIARA,PIARA,7.4033205e-06,2.8181386e-05,0.9997081,0.00024998453,6.3536386e-06
PIARA,PIARA,2.5155412e-06,5.4215157e-06,0.99994075,4.9990602e-05,1.3125791e-06
PIARA,PIARA,4.6583713e-07,5.010702e-07,0.99998546,1.3414723e-05,1.647653e-07
PIARA,PIARA,3.664641e-05,2.4734909e-05,0.9631632,0.036762185,1.3259033e-05
PIARA,PIARA,8.7561575e-06,3.0654614e-05,0.99920946,0.0007470218,4.1386097e-06
PIARA,PIARA,1.8266256e-06,5.096725e-06,0.9998461,0.00014609347,9.080697e-07
PIARA,PIARA,3.6160957e-06,6.9799985e-06,0.99976736,0.00021950148,2.5250504e-06
PIARA,PIARA,2.2110176e-05,1.6745375e-05,0.97771573,0.022232862,1.2544792e-05
PIARA,PIALE,0.00015692136,0.8954898,0.10403651,0.00023472687,8.203968e-05
PIARA,PIALE,0.0002083748,0.94701916,0.052375298,0.00023708868,0.00016006174
PIARA,PIALE,7.527224e-05,0.966306,0.033456713,9.342632e-05,6.863146e-05
PIARA,PIALE,0.00013269366,0.93477124,0.06485191,0.00015438793,8.983802e-05
PIARA,PIALE,0.00017901402,0.86261153,0.1369226,0.00018251789,0.00010440897
PIARA,PIALE,9.90104e-05,0.8939499,0.1057706,0.00011677678,6.3739855e-05
PIARA,PIALE,0.00024439525,0.9361621,0.06311549,0.00027864575,0.00019935836
PIARA,PIALE,0.00011806328,0.9210413,0.07867237,8.822108e-05,8.006404e-05
PIARA,PIALE,5.5165496e-05,0.98687273,0.01293514,7.6110904e-05,6.080152e-05
PIARA,PIALE,5.2927713e-05,0.99157757,0.0079113925,0.00038058285,7.754752e-05
PIARA,PIARA,7.097458e-05,0.018788232,0.98108625,4.090756e-05,1.3647521e-05
PIARA,PIARA,4.1433505e-05,0.09321901,0.9066968,3.272704e-05,1.0014385e-05
PIARA,PIARA,4.8227652e-05,0.18462107,0.81529844,2.1809437e-05,1.04166265e-05
PIARA,PIARA,4.5053666e-06,0.0044717947,0.995512,8.501483e-06,3.1011214e-06
PIARA,PIARA,4.3196615e-05,0.23174608,0.7681278,6.308222e-05,1.990511e-05
PIARA,PIARA,4.1185325e-05,0.005951747,0.9939799,1.9259318e-05,7.917896e-06
PIARA,PIARA,5.8571048e-05,0.0025507717,0.99735576,2.4553257e-05,1.02663635e-05
PIARA,PIARA,4.255168e-05,0.040358584,0.959576,1.4907919e-05,7.97255e-06
PIARA,PIARA,4.7895337e-05,0.10820544,0.8917189,1.9133899e-05,8.633751e-06
PIARA,PIARA,2.1738995e-05,0.18901137,0.81094885,1.2538855e-05,5.5239534e-06
PIARA,PIARA,0.00036512883,0.26680762,0.73245025,0.0002450412,0.00013202296
PIARA,PIARA,0.0001444378,0.13870022,0.8609635,0.00012457736,6.7317626e-05
PIARA,PIARA,0.00010689559,0.04460769,0.9551561,8.514562e-05,4.420437e-05
PIARA,PIARA,5.313125e-05,0.44546008,0.5543944,6.480393e-05,2.7598646e-05
PIARA,PIARA,0.00018980699,0.32606295,0.6735347,0.00013723648,7.5364434e-05
PIARA,PIALE,7.685266e-05,0.7075507,0.29226518,7.56404e-05,3.1700358e-05
PIARA,PIARA,0.00028173183,0.44764143,0.5518073,0.00016490475,0.00010462648
PIARA,PIARA,4.458815e-05,0.046891592,0.95299125,4.8532103e-05,2.3968729e-05
PIARA,PIALE,0.00016309303,0.7042571,0.29533193,0.00014786191,0.00010009645
PIARA,PIARA,0.00014708894,0.35702658,0.64258105,0.00016058731,8.4779254e-05
PIARA,PIALE,8.1332405e-07,0.9995949,0.00040322065,1.9884584e-07,8.624746e-07
PIARA,PIALE,7.186269e-07,0.9974915,0.002506609,4.6757884e-07,6.9863694e-07
PIARA,PIALE,1.9874079e-07,0.9997754,0.00022407029,1.03956836e-07,2.4973852e-07
PIARA,PIALE,1.5906113e-06,0.998951,0.0010449218,5.2567134e-07,1.9281683e-06
PIARA,PIALE,4.9374216e-07,0.9998977,0.00010139128,1.179344e-07,3.4905366e-07
PIARA,PIALE,7.948403e-06,0.972868,0.027106969,1.0324276e-05,6.810012e-06
PIARA,PIALE,4.1285563e-07,0.9999969,2.4486183e-06,3.1062147e-08,1.2001193e-07
PIARA,PIALE,1.0135138e-06,0.9999556,4.292246e-05,1.2320479e-07,3.6453358e-07
PIARA,PIALE,1.6687584e-06,0.9998551,0.0001422859,3.2370272e-07,6.8502965e-07
PIARA,PIALE,1.5633277e-05,0.99280936,0.0071524545,8.127328e-06,1.4466419e-05
PIARA,PIARA,4.4173314e-05,0.07179022,0.9280993,4.8135385e-05,1.8173316e-05
PIARA,PIARA,2.5261208e-05,0.17772149,0.82220936,2.9819272e-05,1.4102811e-05
PIARA,PIARA,0.00016384957,0.1084252,0.89124095,0.00011529707,5.470667e-05
PIARA,PIARA,0.00019451638,0.23426634,0.76540214,9.09206e-05,4.6157504e-05
PIARA,PIARA,7.379312e-05,0.0655025,0.9343504,4.8826074e-05,2.4517154e-05
PIARA,PIARA,0.00018799627,0.26242322,0.7372413,9.2557464e-05,5.4880227e-05
PIARA,PIALE,0.00023979337,0.7345757,0.2649743,0.00013325023,7.699907e-05
PIARA,PIALE,4.833557e-05,0.79967713,0.2002155,3.3749584e-05,2.5274003e-05
PIARA,PIALE,8.217658e-05,0.69179076,0.30800253,7.0613365e-05,5.3879918e-05
PIARA,PIALE,5.3310785e-05,0.7740726,0.22581176,3.761286e-05,2.4799252e-05
PIARA,PIARA,5.303324e-06,3.3953427e-05,0.99966204,0.00029370838,4.99499e-06
PIARA,PIARA,3.92848e-05,0.00017344578,0.99771434,0.0020544874,1.8425064e-05
PIARA,PIARA,7.469574e-05,0.000114420356,0.997777,0.001991277,4.2614596e-05
PIARA,PIARA,0.00014353573,0.00020534615,0.9913323,0.008256336,6.253924e-05
PIARA,PIARA,0.00020580103,0.00027283398,0.99007714,0.0093341265,0.000110124194
PIARA,PIARA,0.00031821238,0.0009973827,0.9918454,0.0067994315,3.9576207e-05
PIARA,PIARA,0.0003853105,0.0020667457,0.98944235,0.008055659,4.986199e-05
PIARA,PIARA,0.00020310555,0.0007389254,0.9888075,0.010204009,4.6439378e-05
PIARA,PIARA,0.00012197445,0.00069704466,0.9949474,0.004185732,4.786983e-05
PIARA,PIARA,0.00026485027,0.0008190656,0.9713093,0.027540036,6.6785826e-05
PIARA,PIARA,2.9331036e-06,0.00019901949,0.99977016,2.5664394e-05,2.2522486e-06
PIARA,PIARA,1.0173362e-05,0.00014598112,0.99951977,0.00031819966,5.850986e-06
PIARA,PIARA,6.4639094e-06,8.67659e-05,0.9997847,0.00011904324,3.06313e-06
PIARA,PIARA,0.00010454148,0.00014206846,0.98752105,0.012178601,5.3738935e-05
PIARA,PIARA,9.031578e-06,0.00019469988,0.999607,0.0001855176,3.7750672e-06
PIARA,PIARA,9.905993e-05,0.004303871,0.9935225,0.0020424176,3.209812e-05
PIARA,PIARA,8.884753e-05,0.003399633,0.9920672,0.004418813,2.5514586e-05
PIARA,PIARA,0.000114353024,0.002347348,0.99101233,0.006483719,4.223257e-05
PIARA,PIARA,2.8653696e-05,0.00012261592,0.9974805,0.002355056,1.31577335e-05
PIARA,PIARA,8.5393374e-05,0.0009970479,0.9912152,0.007686926,1.5442985e-05
PIARA,PIARA,4.179769e-05,8.5638494e-05,0.99829817,0.0015498329,2.4606654e-05
PIARA,PIARA,8.391593e-06,1.9846184e-05,0.9977119,0.002255595,4.208128e-06
PIARA,PIARA,1.771642e-05,2.7294722e-05,0.99652964,0.0034176488,7.677473e-06
PIARA,PIARA,0.0011946108,0.00049194536,0.77572465,0.11780264,0.10478619
PIARA,PIARA,0.0002575254,0.00058631704,0.99054843,0.008522315,8.5428845e-05
PIARA,PIARA,1.8236946e-05,7.94418e-05,0.99937165,0.00052324776,7.389992e-06
PIARA,PIARA,2.4704887e-05,6.413758e-05,0.9909169,0.008950363,4.3876917e-05
PIARA,PIARA,6.5710888e-06,0.00030899537,0.9996371,4.4552202e-05,2.8151874e-06
PIARA,PIARA,1.4366926e-05,0.00010413836,0.99964225,0.00023191526,7.3596384e-06
PIARA,PIARA,6.4103397e-06,0.00038729553,0.9995199,8.188244e-05,4.5038523e-06
PIARA,PIARA,5.8151927e-05,0.0038179508,0.9955415,0.0005574007,2.5028654e-05
PIARA,PIARA,6.712999e-06,0.00024890807,0.99970883,3.1709536e-05,3.805822e-06
PIARA,PIARA,6.5413496e-06,9.579905e-05,0.9998356,5.7334953e-05,4.7629032e-06
PIARA,PIARA,8.652881e-06,0.000134024,0.9997496,0.000102723054,5.017018e-06
PIARA,PIARA,1.7934008e-06,4.8504535e-05,0.9999371,1.1645599e-05,9.654199e-07
PIARA,PIARA,3.683575e-06,1.7679233e-05,0.9998289,0.00014587959,3.954623e-06
PIARA,PIARA,9.369116e-06,0.00017952186,0.9993037,0.0004992245,8.186032e-06
PIARA,PIARA,2.4253573e-05,0.00013326094,0.99880815,0.001018615,1.564557e-05
PIARA,PIARA,3.19111e-05,0.00014271656,0.9993917,0.00042350215,1.023598e-05
PIARA,PIARA,4.5645917e-05,0.00016407327,0.99842894,0.0013178968,4.3422857e-05
PIARA,PIARA,1.8299223e-06,4.7040015e-05,0.9998855,6.444954e-05,1.2057571e-06
PIARA,PIARA,2.1749822e-06,1.1813435e-05,0.99972236,0.00026274793,8.88313e-07
PIARA,PIARA,1.2213559e-06,2.5354668e-05,0.9999417,3.0850817e-05,8.464448e-07
PIARA,PIARA,6.7394296e-07,1.9451712e-05,0.9999697,9.714631e-06,4.451085e-07
PIARA,PIARA,9.433101e-06,0.0017606026,0.9981115,0.000112897345,5.5980054e-06
PIARA,PIARA,4.282241e-05,0.0013955035,0.9982012,0.00034525027,1.5239545e-05
PIARA,PIARA,9.2627524e-05,0.0011636806,0.9876387,0.011057167,4.7892205e-05
PIARA,PIARA,1.534979e-06,6.6510525e-05,0.99991286,1.7959082e-05,1.1384661e-06
PIARA,PIARA,2.4126457e-05,0.0019084607,0.99772555,0.0003313952,1.04764495e-05
PIARA,PIARA,4.102563e-07,2.1184822e-05,0.99997383,4.3108826e-06,2.8867188e-07
PIARA,PIALE,0.00035535297,0.99341595,0.0058166175,0.00017467063,0.00023744533
PIARA,PIALE,0.00030535215,0.86400133,0.1329571,0.002275912,0.0004603488
PIARA,PIALE,0.00013191543,0.99884516,0.0008598168,6.582211e-05,9.7311364e-05
PIARA,PIALE,0.0021353003,0.98508817,0.010558695,0.0008962967,0.0013216245
PIARA,PIALE,0.004422294,0.9750434,0.018728226,0.0005951751,0.0012109154
PIARA,PIALE,0.003324266,0.8734697,0.10476028,0.012374624,0.00607108
PIARA,PIALE,1.7186492e-05,0.9997516,0.00020153621,1.0644288e-05,1.8987128e-05
PIARA,PIALE,0.008828218,0.5072954,0.33794808,0.09885211,0.04707614
PIARA,PIALE,8.762232e-05,0.9985224,0.0012895457,4.2813685e-05,5.7637437e-05
PIARA,PIALE,0.0004162464,0.99541426,0.0034685545,0.00043683316,0.00026414517
PIARA,PIALE,0.004314673,0.5755795,0.39663184,0.01633997,0.0071340036
PIARA,PIALE,0.0025084664,0.5613091,0.43121278,0.0034099733,0.0015596657
PIARA,PIALE,0.0025464224,0.95208585,0.04049238,0.001600376,0.0032749744
PIARA,PIALE,0.002084996,0.9462706,0.04372395,0.0031614038,0.0047591
PIARA,PIALE,0.003848902,0.76874745,0.20397118,0.014567298,0.008865185
PIARA,PIALE,0.0020934606,0.93437433,0.057618994,0.00275881,0.0031544792
PIARA,PIALE,0.0047507593,0.9245073,0.064960875,0.0022785636,0.0035023787
PIARA,PIALE,0.005004276,0.98739964,0.006719875,0.00028139702,0.0005948068
PIARA,PIALE,0.006723992,0.5141261,0.37906966,0.042658273,0.057422
PIARA,PIALE,0.0023359922,0.79279876,0.1960612,0.0049265358,0.00387751
PIARA,PIALE,0.0006604494,0.98847204,0.010728812,7.2853814e-05,6.582688e-05
PIARA,PIALE,0.0030096755,0.95637476,0.040333096,0.0001941511,8.836712e-05
PIARA,PIALE,0.001908039,0.63444984,0.36335707,0.00023089247,5.4126984e-05
PIARA,PIALE,0.001511622,0.9767297,0.02160891,7.2090836e-05,7.771125e-05
PIARA,PIALE,1.7967373e-06,0.9999086,8.862723e-05,1.7764405e-07,7.454671e-07
PIARA,PIALE,6.3816384e-05,0.9991368,0.0007887361,3.318437e-06,7.252922e-06
PIARA,PIALE,0.055698425,0.77629554,0.15763955,0.009488909,0.0008776033
PIARA,PIALE,0.028968476,0.7312375,0.2362204,0.0031901058,0.0003836005
PIARA,PIARA,0.10674565,0.3930441,0.4353062,0.061736602,0.0031674993
PIARA,PIALE,0.00018951234,0.9993871,0.00039799823,7.4407535e-06,1.7971302e-05
PIARA,PIALE,0.031565428,0.5440558,0.3874219,0.024839958,0.012116905
PIARA,PIALE,0.006246131,0.89891505,0.09266549,0.0010834376,0.0010899242
PIARA,PIALE,0.001662026,0.56884193,0.42006648,0.007893433,0.0015361165
PIARA,PIALE,0.0013937022,0.790551,0.20417164,0.0025866826,0.0012969878
PIARA,PIARA,0.004983763,0.40988716,0.5598651,0.015732825,0.00953112
PIARA,PIARA,0.0014735481,0.44329357,0.5482303,0.0062901024,0.00071248895
PIARA,PIALE,0.0033283364,0.93872964,0.05228182,0.0031293964,0.0025308153
PIARA,PIALE,0.02671593,0.6075468,0.2936551,0.021123536,0.05095867
PIARA,PIALE,0.0039192466,0.7882061,0.16625865,0.021487951,0.020128064
PIARA,PIALE,0.011780345,0.4047848,0.3723808,0.059380293,0.15167381
PIARA,PIALE,0.016556546,0.7628878,0.20233342,0.008087099,0.0101351915
PIARA,PIARA,0.030598579,0.32129833,0.50913334,0.12429976,0.014670013
PIARA,PIALE,0.017755266,0.7023831,0.25824755,0.016492274,0.0051218844
PIARA,PIALE,0.0043373206,0.96910083,0.016286362,0.0014837367,0.008791755
PIARA,PIARA,0.008704771,0.10139429,0.87372077,0.00910503,0.0070751356
PIARA,PIALE,0.015573976,0.78434163,0.17601459,0.008942809,0.015126944
PIARA,PIARA,0.02397273,0.10981647,0.7914798,0.04121915,0.033511847
PIARA,PIARA,0.012218509,0.026678216,0.7929533,0.041157976,0.126992
PIARA,PIARA,0.078478634,0.33217645,0.39545313,0.145002,0.0488898
PIARA,PIALE,0.0094760945,0.929965,0.04503147,0.009457324,0.0060700797
PIARA,PIARA,1.5439598e-06,4.4468416e-06,0.9999398,4.8553225e-05,5.6544914e-06
PIARA,PIARA,2.4574638e-06,2.8355082e-05,0.99992883,3.7127505e-05,3.2049168e-06
PIARA,PIARA,1.5737836e-06,1.2392726e-05,0.9999488,3.473331e-05,2.4851372e-06
PIARA,PIARA,2.1286123e-06,1.1781531e-05,0.99996483,1.985873e-05,1.4370085e-06
PIARA,PIATE,0.002405263,0.008145576,0.42230174,0.5668999,0.00024749286
PIARA,PIARA,1.720951e-07,9.543186e-07,0.9999918,6.768013e-06,3.029594e-07
PIARA,PIARA,1.4112782e-05,6.9930116e-05,0.99979174,0.00011281421,1.1431711e-05
PIARA,PIARA,6.026429e-07,1.0648129e-05,0.99997735,1.0279013e-05,1.1118437e-06
PIARA,PIARA,2.6119653e-06,0.0008020605,0.99915314,3.8703878e-05,3.4951436e-06
PIARA,PIARA,1.6554579e-06,5.5786688e-05,0.99986666,7.448307e-05,1.3720838e-06
PIARA,PIARA,7.1154983e-07,1.1468551e-05,0.999941,4.582301e-05,1.016884e-06
PIARA,PIARA,7.180342e-07,5.6113754e-06,0.99997306,1.8518342e-05,2.0267762e-06
PIARA,PIARA,2.456129e-06,9.1363436e-05,0.9998627,3.99895e-05,3.5202233e-06
PIARA,PIARA,1.884405e-06,0.0002225571,0.9997256,4.7381098e-05,2.618422e-06
PIARA,PIARA,1.4004884e-06,0.0007738691,0.9992038,1.954475e-05,1.3675385e-06
PIARA,PIARA,4.544285e-06,8.1321006e-05,0.9998696,3.8121718e-05,6.399485e-06
PIARA,PIARA,9.828485e-08,3.3238125e-06,0.9999948,1.6392817e-06,1.1521623e-07
PIARA,PIARA,5.5406394e-07,9.4311115e-05,0.999895,8.878339e-06,1.1945169e-06
PIARA,PIARA,5.7501217e-07,9.461542e-06,0.99997705,1.1614138e-05,1.3166406e-06
PIARA,PIARA,4.4294734e-07,0.00020577278,0.9997829,9.767022e-06,1.1140355e-06
PIARA,PIARA,0.0002831848,0.23015971,0.76952446,1.6904636e-05,1.5618205e-05
PIARA,PIARA,2.901487e-05,0.0002015092,0.9997567,9.514499e-06,3.2583434e-06
PIARA,PIARA,9.164695e-05,0.00017927693,0.9997107,1.5585649e-05,2.839426e-06
PIARA,PIARA,0.042434275,0.056472924,0.8946312,0.00610566,0.00035595475
PIARA,PIARA,0.016192688,0.05362034,0.91808665,0.01150698,0.00059332437
PIARA,PIARA,0.0025045963,0.0035208683,0.99211943,0.0017334458,0.00012164284
PIARA,PIARA,0.0005618118,0.0071183806,0.99227905,3.234317e-05,8.421425e-06
PIARA,PIARA,1.6583714e-06,6.9005066e-05,0.99992466,4.0361488e-06,5.7537875e-07
PIARA,PIARA,0.00014563378,0.00019183167,0.9996455,1.3380665e-05,3.7308857e-06
PIARA,PIARA,3.8691123e-05,0.0009229315,0.99900556,2.9190664e-05,3.6267807e-06
PIARA,PIARA,3.5619956e-07,0.00019018311,0.99979013,1.7761984e-05,1.5769123e-06
PIARA,PIARA,3.7807814e-07,1.705962e-05,0.9999635,1.7488452e-05,1.5415162e-06
PIARA,PIARA,1.0731375e-06,3.745348e-05,0.9999255,3.343913e-05,2.590559e-06
PIARA,PIARA,1.2115171e-06,2.2576145e-05,0.99995106,2.301215e-05,2.1604883e-06
PIARA,PIARA,4.6634335e-07,0.000271667,0.99972194,5.448373e-06,4.7001018e-07
PIARA,PIARA,9.428577e-07,0.0013540285,0.9986384,5.941551e-06,7.0632444e-07
PIARA,PIARA,5.950544e-06,0.0005095761,0.9994397,4.2752647e-05,2.032182e-06
PIARA,PIARA,1.2355537e-06,0.00061652064,0.99936724,1.4081296e-05,9.4600017e-07
PIARA,PIARA,9.1810585e-07,1.0174786e-05,0.999969,1.9016225e-05,8.8074586e-07
PIARA,PIARA,1.613619e-06,3.9964736e-05,0.99988866,6.632173e-05,3.3848648e-06
PIARA,PIARA,1.2695893e-06,0.0006105679,0.9993541,3.1759962e-05,2.2397976e-06
PIARA,PIARA,8.992073e-06,0.003356264,0.9961719,0.00045445946,8.286804e-06
PIARA,PIARA,1.40342945e-05,0.025949515,0.9738477,0.00017600624,1.2758018e-05
PIARA,PIARA,1.7469473e-06,0.0028188792,0.99713624,3.975653e-05,3.3833073e-06
PIARA,PIARA,1.1374528e-05,0.00077239657,0.99887085,0.00033875575,6.6617554e-06
PIARA,PIARA,1.1148337e-06,6.963388e-05,0.9998997,2.7430491e-05,2.125973e-06
PIARA,PIARA,0.0010244395,0.1565063,0.8302702,0.012028898,0.00017026474
PIARA,PIARA,5.2889013e-06,0.03438487,0.96515584,0.00044880158,5.2218766e-06
PIARA,PIARA,4.6923806e-06,0.013828603,0.9861211,3.8523325e-05,7.082226e-06
PIARA,PIARA,2.3950624e-06,0.0018135405,0.9981422,3.762873e-05,4.3209116e-06
PIARA,PIARA,3.6778263e-06,0.00022726507,0.99958795,0.00017763671,3.4746445e-06
PIARA,PIARA,1.2051561e-06,5.425345e-05,0.999927,1.6043547e-05,1.5384811e-06
PIARA,PIARA,7.150581e-06,0.004084489,0.9956289,0.00027237195,7.067039e-06
PIARA,PIARA,0.00016733343,0.10608784,0.88743126,0.006252887,6.0709346e-05
PIARA,PIARA,3.3385477e-06,0.0014168075,0.9985214,5.6045257e-05,2.4376843e-06
PIARA,PIARA,1.8037335e-06,0.015101696,0.9848778,1.7154505e-05,1.4731187e-06
PIARA,PIARA,4.9594894e-07,0.000119416894,0.9998735,6.1023156e-06,4.7366555e-07
PIARA,PIARA,1.7587563e-05,0.013484918,0.98602754,0.00045844345,1.1535611e-05
PIARA,PIARA,4.5740144e-06,0.1439537,0.85601854,1.900434e-05,4.188293e-06
PIARA,PIARA,6.5523156e-05,0.0024326078,0.993469,0.004007502,2.5293333e-05
PIARA,PIARA,2.413598e-05,0.07432754,0.9253793,0.00025820252,1.0867221e-05
PIARA,PIARA,6.069241e-06,0.148466,0.85141486,0.00010742034,5.636591e-06
PIARA,PIARA,5.0984218e-06,0.06843469,0.9315031,5.3209274e-05,3.8578055e-06
PIARA,PIARA,4.288984e-06,0.20318958,0.7967678,3.488592e-05,3.511636e-06
PIARA,PIARA,4.25205e-06,0.012786119,0.9871692,3.6821042e-05,3.5870567e-06
PIARA,PIALE,2.305013e-06,0.52342725,0.47654325,2.3865243e-05,3.3224333e-06
PIARA,PIARA,0.00016305193,0.18546878,0.81320983,0.0011341637,2.4202347e-05
PIARA,PIALE,3.0950825e-06,0.82704663,0.17293446,1.244036e-05,3.4253358e-06
PIARA,PIARA,1.89416e-06,0.1803165,0.81966656,1.2814661e-05,2.2573447e-06
PIARA,PIARA,1.0462296e-05,0.4537312,0.5462129,3.8794366e-05,6.6142893e-06
PIARA,PIALE,1.8857854e-06,0.98233956,0.017655797,1.0818006e-06,1.6707859e-06
PIARA,PIALE,3.5086523e-06,0.6780788,0.32190925,5.47279e-06,2.9818148e-06
PIARA,PIALE,1.7765986e-07,0.99960107,0.00039820088,2.2459041e-07,2.712938e-07
PIARA,PIARA,8.926636e-06,0.036568426,0.9634043,1.555684e-05,2.817792e-06
PIARA,PIARA,7.924675e-06,0.4813004,0.51868206,6.1658584e-06,3.4768857e-06
PIARA,PIARA,1.113809e-05,0.44944382,0.55053324,8.008755e-06,3.756425e-06
PIARA,PIALE,9.347112e-07,0.99667346,0.003324035,7.342025e-07,8.510116e-07
PIARA,PIALE,1.8135423e-06,0.9955219,0.004472719,2.1271958e-06,1.4363675e-06
PIARA,PIALE,0.00046966583,0.8954679,0.10403443,1.530608e-05,1.2710632e-05
PIARA,PIALE,0.00015571363,0.513947,0.48587295,1.6393726e-05,7.9371075e-06
PIARA,PIALE,2.4510284e-08,0.9999862,1.36961635e-05,4.439407e-08,8.031199e-08
PIARA,PIALE,1.7284121e-07,0.9952495,0.004746984,2.9214584e-06,3.811281e-07
PIARA,PIALE,2.8542873e-08,0.99991786,8.2003135e-05,7.489338e-08,7.661184e-08
PIARA,PIALE,6.405007e-07,0.9942044,0.0057895784,3.8883622e-06,1.5018659e-06
PIARA,PIARA,1.975505e-06,0.056519512,0.9434486,2.6896223e-05,3.0697731e-06
PIARA,PIALE,6.531166e-06,0.52288926,0.47706288,3.5054665e-05,6.244622e-06
PIARA,PIALE,3.3689874e-05,0.7372364,0.26244405,0.00026548235,2.0412077e-05
PIARA,PIARA,8.088701e-07,0.0030229106,0.9969707,5.026687e-06,5.276177e-07
PIARA,PIARA,3.7842065e-06,0.05219427,0.94776905,2.782493e-05,5.071574e-06
PIARA,PIALE,2.2553472e-06,0.9699981,0.02998834,5.7143875e-06,5.483724e-06
PIARA,PIALE,0.0010923741,0.70269746,0.29600662,0.00017688057,2.6656842e-05
PIARA,PIARA,2.394986e-05,0.0025360703,0.9974053,2.9006278e-05,5.640208e-06
PIARA,PIALE,0.00040211037,0.56929326,0.43022087,6.5876266e-05,1.7914583e-05
PIARA,PIALE,4.5278903e-05,0.66875815,0.3310753,0.000114918534,6.2857675e-06
PIARA,PIALE,1.6103962e-06,0.799598,0.20038797,9.892462e-06,2.5864745e-06
PIARA,PIARA,2.9935612e-05,0.1306687,0.86925435,3.5800243e-05,1.12019625e-05
PIARA,PIARA,5.7423444e-05,0.06889985,0.9291309,0.0018872134,2.4595094e-05
PIARA,PIALE,2.111875e-06,0.7263441,0.27362657,2.3889874e-05,3.320675e-06
PIARA,PIARA,1.0249537e-06,0.00248416,0.9974972,1.5055904e-05,2.5948314e-06
PIARA,PIARA,1.8868564e-05,0.20493858,0.7949519,8.091223e-05,9.7551265e-06
PIARA,PIARA,0.009177118,0.10327115,0.83734226,0.049540944,0.000668517
PIARA,PIARA,0.013231755,0.078780524,0.89765465,0.0097026,0.0006304227
PIARA,PIARA,0.019218424,0.05547451,0.8634575,0.06110779,0.00074177835
PIARA,PIARA,0.018969331,0.03934916,0.89185977,0.04898491,0.0008368305
PIARA,PIARA,0.027060525,0.07906983,0.8338497,0.058607794,0.0014120957
PIARA,PIARA,0.021811426,0.087941065,0.8190932,0.06977863,0.0013756999
PIARA,PIARA,0.015633358,0.10891039,0.8312757,0.043584734,0.0005958383
PIARA,PIARA,0.007083535,0.051268525,0.87414855,0.06708674,0.00041265346
PIARA,PIARA,0.010343637,0.11964789,0.82487947,0.044376493,0.000752542
PIARA,PIARA,0.0265406,0.10117839,0.79196334,0.07882679,0.0014909272
PIARA,PIARA,0.0013768314,0.24626352,0.7507721,0.0014881485,9.944885e-05
PIARA,PIARA,0.005208459,0.004401279,0.98691344,0.003204771,0.00027204643
PIARA,PIARA,0.0003724957,0.0017647138,0.99761444,0.00022979177,1.8608942e-05
PIARA,PIARA,4.04494e-05,0.0003380689,0.9994103,0.00020218971,9.078194e-06
PIARA,PIARA,0.0019366586,0.05576041,0.94152963,0.0007105162,6.2824656e-05
PIARA,PIARA,0.021645648,0.063605115,0.9102357,0.004318408,0.00019513893
PIARA,PIARA,0.0005026661,0.051746055,0.94723487,0.00046191536,5.4471e-05
PIARA,PIARA,0.0041491124,0.02627509,0.96638715,0.0030591364,0.00012952831
PIARA,PIARA,0.003399093,0.14743079,0.84557265,0.00344041,0.00015694782
PIARA,PIARA,0.014898872,0.018925969,0.7622758,0.20229962,0.0015996508
PIARA,PIARA,0.02401828,0.023647953,0.8531667,0.09775507,0.0014119415
PIARA,PIARA,0.007943427,0.009204869,0.9792526,0.003421076,0.0001780438
PIARA,PIARA,0.005176308,0.020137714,0.97182184,0.0027170412,0.00014712151
PIARA,PIARA,3.9746075e-05,5.746035e-05,0.9998512,4.5536923e-05,6.0067086e-06
PIARA,PIARA,0.00021115148,0.00087020395,0.99873185,0.00016966062,1.716404e-05
PIARA,PIARA,8.16901e-05,0.00014611268,0.9995492,0.00021084152,1.2182861e-05
PIARA,PIARA,0.00020348866,0.0033973523,0.9963062,7.401425e-05,1.8919505e-05
PIARA,PIARA,9.768977e-06,0.00030382676,0.9996571,2.5981803e-05,3.3606004e-06
PIARA,PIARA,5.6848017e-05,0.00012239881,0.9996889,0.00011569677,1.6176371e-05
PIARA,PIARA,0.0038662096,0.0071685975,0.97801983,0.01073804,0.00020736731
PIARA,PIARA,0.0011838253,0.015687957,0.962796,0.019965637,0.00036653882
PIARA,PIARA,0.00054355594,0.0019266262,0.9807838,0.016554594,0.00019140051
PIARA,PIARA,0.000105851206,0.00026883843,0.9989675,0.00060415606,5.3598364e-05
PIARA,PIARA,0.001307471,0.005850957,0.9724872,0.01990948,0.00044487175
PIARA,PIARA,0.0003112502,0.00530821,0.9807418,0.013571949,6.6814464e-05
PIARA,PIARA,0.00011679895,0.00028312803,0.9938823,0.0056489194,6.887859e-05
PIARA,PIARA,1.9796369e-05,0.00013971223,0.9993942,0.00043080526,1.554445e-05
PIARA,PIARA,0.0007464433,0.00232915,0.9942447,0.0023093193,0.0003704223
PIARA,PIARA,0.0012045209,0.026021697,0.87666196,0.09549464,0.00061720423
PIARA,PIARA,2.6308644e-05,0.00012230613,0.99910146,0.00071447325,3.545804e-05
PIARA,PIARA,3.4750636e-05,5.8178983e-05,0.9998511,5.22103e-05,3.7756581e-06
PIARA,PIARA,4.106193e-06,0.0001745291,0.9997729,4.415872e-05,4.307088e-06
PIARA,PIARA,2.5927354e-06,2.2703813e-05,0.9999324,3.8600694e-05,3.6919778e-06
PIARA,PIARA,1.962669e-05,0.0005758776,0.99926454,0.00013177897,8.143824e-06
PIARA,PIARA,8.034839e-06,1.9275785e-05,0.99992335,4.7326692e-05,2.0540806e-06
PIARA,PIARA,0.0003943798,0.00064239476,0.9988833,7.2496594e-05,7.466456e-06
PIARA,PIARA,2.0157875e-05,0.00015441045,0.99980223,2.1824411e-05,1.3588303e-06
PIARA,PIARA,1.3060773e-05,0.00011016494,0.9997878,8.539392e-05,3.5885505e-06
PIARA,PIARA,4.1039916e-06,0.0001111145,0.99981177,6.968928e-05,3.352887e-06
PIARA,PIARA,4.4718632e-05,6.680716e-05,0.9997965,8.445403e-05,7.5653834e-06
PIARA,PIARA,0.0004008995,0.025922649,0.97244745,0.0009781241,0.00025090188
PIARA,PIARA,6.174508e-05,0.017044721,0.98234075,0.000508736,4.402231e-05
PIARA,PIARA,0.00018421555,0.005703695,0.99292755,0.0010627469,0.00012177482
PIARA,PIARA,0.0070839385,0.3216449,0.65208966,0.016553758,0.0026277397
PIARA,PIARA,0.00051909167,0.16113168,0.8345459,0.0033530714,0.00045027243
PIARA,PIARA,4.0866915e-05,0.0033379348,0.9961167,0.00047921584,2.5285357e-05
PIARA,PIARA,7.323175e-05,0.4674801,0.52894413,0.0034422192,6.0297003e-05
PIARA,PIARA,1.1917867e-05,0.4210933,0.57869,0.00019609819,8.722871e-06
PIARA,PIARA,0.000100314785,0.061382774,0.9370874,0.0013863809,4.3153344e-05
PIARA,PIARA,0.0038480316,0.48185816,0.5024338,0.010004769,0.0018552504
PIARA,PIARA,0.009856246,0.42075935,0.5490517,0.015946882,0.004385881
PIARA,PIALE,0.0012865979,0.77908593,0.21093316,0.007752556,0.00094174745
PIARA,PIARA,0.008670159,0.39877898,0.5538962,0.03527895,0.0033757596
PIARA,PIALE,0.0010712731,0.7885548,0.20390853,0.0055491677,0.00091622164
PIARA,PIALE,0.004325791,0.65658545,0.325627,0.0116719045,0.0017897948
PIARA,PIALE,0.0018703251,0.7248912,0.26409227,0.008129202,0.0010171093
PIARA,PIARA,0.0048687286,0.40155673,0.5817375,0.010233002,0.0016040182
PIARA,PIARA,0.00050740136,0.18996288,0.8068138,0.0023602576,0.00035569383
PIARA,PIARA,0.0057919696,0.39373684,0.5834232,0.0149705615,0.0020774556
PIARA,PIALE,0.00077264314,0.50687873,0.4878283,0.0039170454,0.0006032902
PIARA,PIARA,3.159594e-05,0.0030940315,0.99674416,0.000113052185,1.7204138e-05
PIARA,PIARA,4.2367596e-05,0.23044164,0.76921684,0.00026938747,2.9748486e-05
PIARA,PIARA,0.0001359916,0.033092413,0.9661808,0.0005371909,5.3619562e-05
PIARA,PIARA,5.7793666e-05,0.24435507,0.75512844,0.00039699758,6.1717525e-05
PIARA,PIARA,0.00015405145,0.048291635,0.9512515,0.00025695126,4.5785884e-05
PIARA,PIARA,0.00018500851,0.014388009,0.9841336,0.0011764244,0.00011697214
PIARA,PIALE,0.000338415,0.5733123,0.42458907,0.0016088043,0.00015146416
PIARA,PIARA,0.0007575361,0.26266232,0.7344117,0.0019334353,0.0002350339
PIARA,PIALE,1.0387469e-05,0.9587044,0.04119999,6.962245e-05,1.5669748e-05
PIARA,PIARA,1.8489556e-05,0.017897168,0.9819354,0.00013452093,1.4450496e-05
PIARA,PIARA,0.00073213264,0.47399294,0.5228421,0.001863851,0.0005689599
PIARA,PIARA,0.0040742126,0.34198293,0.6470073,0.004063446,0.0028721495
PIARA,PIARA,0.0016696057,0.20142068,0.7940239,0.0021742366,0.0007115798
PIARA,PIARA,0.00032546528,0.03492844,0.96371293,0.0007819971,0.00025118457
PIARA,PIARA,0.0015904729,0.08402821,0.91176534,0.00187003,0.0007459954
PIARA,PIARA,0.0004979484,0.0091077285,0.989522,0.0006411784,0.0002311905
PIARA,PIARA,0.0009958153,0.3419089,0.6564483,0.00052754,0.00011944491
PIARA,PIARA,0.0006809158,0.008181854,0.9899489,0.00088666496,0.00030160943
PIARA,PIARA,0.0011895688,0.020802401,0.9759661,0.0016097131,0.00043227102
PIARA,PIARA,0.0011678274,0.122730024,0.87463796,0.0011016808,0.00036255454
PIARA,PIALE,0.009556788,0.86168444,0.07427245,0.049418602,0.0050677755
PIARA,PIARA,0.0075979754,0.48007545,0.49337977,0.016186696,0.0027601086
PIARA,PIARA,0.00062325463,0.08659523,0.90963185,0.0027824042,0.00036718353
PIARA,PIARA,0.0033993504,0.47888094,0.5056891,0.009941889,0.0020886783
PIARA,PIARA,0.00074545684,0.19920993,0.7963432,0.0030476672,0.0006538202
PIARA,PIARA,0.0007837293,0.19968101,0.7937932,0.0051147253,0.0006273117
PIARA,PIALE,0.0010776498,0.55958533,0.4365273,0.0019496505,0.0008600507
PIARA,PIARA,0.0024198063,0.3359443,0.65585184,0.0041555376,0.0016285242
PIARA,PIARA,0.0015708363,0.3960245,0.5976572,0.0037441466,0.0010033385
PIARA,PIALE,0.0026019965,0.68869233,0.30128178,0.006177134,0.0012468136
PIARA,PIALE,0.00031654374,0.8476251,0.15056415,0.0013101496,0.0001839934
PIARA,PIALE,0.00095656107,0.9331638,0.06092068,0.00421783,0.000741199
PIARA,PIALE,0.00015241426,0.7730934,0.22591378,0.0007653801,7.501445e-05
PIARA,PIALE,0.0006151842,0.9282074,0.06666556,0.004029099,0.00048281995
PIARA,PIALE,0.00039990983,0.59528327,0.40138218,0.0028118915,0.00012277042
PIARA,PIALE,0.011534004,0.57548124,0.24002253,0.16690853,0.006053664
PIARA,PIALE,0.00060439925,0.7597243,0.2357341,0.0036935182,0.00024367482
PIARA,PIALE,0.0010453468,0.85577947,0.13299315,0.009650613,0.000531447
PIARA,PIALE,0.0012435789,0.57929677,0.40939397,0.009662749,0.0004029549
PIARA,PIALE,0.00054564665,0.9202875,0.07623514,0.002633252,0.00029844386
PIARA,PIARA,0.0002824607,0.020795409,0.9737432,0.0051028156,7.613043e-05
PIARA,PIARA,0.00030283365,0.06765507,0.92955357,0.0023875416,0.00010100503
PIARA,PIARA,0.00016398114,0.10793732,0.8903639,0.0014743692,6.046633e-05
PIARA,PIARA,0.00037943738,0.007281521,0.98516536,0.007056167,0.000117469484
PIARA,PIARA,9.497766e-05,0.016869934,0.98100305,0.0020074458,2.462504e-05
PIARA,PIARA,0.0007915023,0.16848944,0.7950108,0.035513118,0.00019514386
PIARA,PIARA,0.00010260806,0.0010523101,0.9941003,0.004721966,2.2910173e-05
PIARA,PIARA,0.0005986235,0.23190337,0.719557,0.04778484,0.00015621295
PIARA,PIARA,0.0003828324,0.11506075,0.8158683,0.06859325,9.484086e-05
PIARA,PIARA,0.0008278212,0.19342609,0.8009833,0.004619835,0.00014294869
PIARA,PIARA,0.0016073402,0.09402168,0.898071,0.0059797014,0.000320264
PIARA,PIARA,0.00160748,0.39314908,0.6006057,0.0041491943,0.00048851257
PIARA,PIARA,0.0038085314,0.43948168,0.5444968,0.010971546,0.0012414248
PIARA,PIARA,0.011977857,0.25225908,0.6701337,0.061399784,0.004229496
PIARA,PIARA,0.0076982584,0.16191614,0.7669377,0.06097043,0.0024775015
PIARA,PIARA,0.0036311056,0.34940073,0.6351491,0.010990906,0.00082810735
PIARA,PIARA,0.0021339266,0.43343982,0.5580906,0.0057451134,0.0005905707
PIARA,PIARA,0.0031953393,0.33648807,0.64861083,0.010857822,0.00084790715
PIARA,PIARA,0.0017276246,0.3843693,0.60946894,0.0039205276,0.0005135701
PIARA,PIARA,0.0008605269,0.19143823,0.8036781,0.0037798935,0.00024323158
PIARA,PIARA,0.0017792621,0.46068624,0.5307069,0.0064464943,0.00038113064
PIARA,PIARA,0.001715579,0.07238614,0.89371604,0.03177734,0.00040487119
PIARA,PIARA,0.001298163,0.13257352,0.84115845,0.02466983,0.00030007772
PIARA,PIALE,0.0026060217,0.62747705,0.35608554,0.013096142,0.0007352659
PIARA,PIARA,0.0021939122,0.2785496,0.67924345,0.039444797,0.00056829693
PIARA,PIARA,0.0026017006,0.066034876,0.8959724,0.0348723,0.0005187004
PIARA,PIARA,0.001449596,0.050156016,0.9282007,0.01979368,0.00040003043
PIARA,PIARA,0.0025881415,0.4163332,0.5580363,0.022303184,0.0007392427
PIARA,PIARA,0.00079395453,0.005361134,0.97434866,0.019290466,0.00020579838
PIARA,PIARA,0.001886944,0.018083936,0.92657423,0.052939884,0.000514997
PIARA,PIARA,0.002048411,0.12577432,0.858076,0.013635802,0.00046553012
PIARA,PIARA,0.003306117,0.32307187,0.6527792,0.019897684,0.00094504457
PIARA,PIALE,0.0016750086,0.8109516,0.17829677,0.008275636,0.0008010069
PIARA,PIALE,1.9728475e-05,0.99499744,0.004860272,9.285136e-05,2.9660825e-05
PIARA,PIALE,0.0021861997,0.8072253,0.18086053,0.008893899,0.0008341255
PIARA,PIALE,0.0012011101,0.7849287,0.20861587,0.004695071,0.00055935525
PIARA,PIALE,0.0004720632,0.8690672,0.12835142,0.0017826956,0.000326615
PIARA,PIALE,0.00091283186,0.90617824,0.08860611,0.0037613064,0.00054150686
PIARA,PIALE,6.317785e-05,0.8258435,0.17368276,0.00037046956,4.0108174e-05
PIARA,PIALE,0.004864022,0.73345727,0.24110065,0.018539779,0.0020383142
PIARA,PIARA,7.9521396e-07,0.29619938,0.70377153,2.4944828e-05,3.3154222e-06
PIARA,PIARA,1.6889106e-05,0.055793114,0.9308078,0.013367267,1.4911804e-05
PIARA,PIARA,2.4074607e-06,0.004045458,0.9958078,0.00013907973,5.2376918e-06
PIARA,PIARA,8.752316e-07,0.0027515527,0.9972022,4.3464803e-05,1.9310658e-06
PIARA,PIARA,1.8481018e-05,0.0193858,0.9590045,0.021574272,1.6983975e-05
PIARA,PIARA,1.5528565e-06,0.008060594,0.9918237,0.00011182229,2.358884e-06
PIARA,PIARA,7.453841e-07,0.015505673,0.98446757,2.3215334e-05,2.7808414e-06
PIARA,PIARA,3.8082467e-06,0.07745259,0.92237204,0.0001669519,4.588389e-06
PIARA,PIALE,1.6996338e-06,0.6982363,0.3015527,0.0002055965,3.7374843e-06
PIARA,PIALE,8.728817e-07,0.54710424,0.4527809,0.000112778405,1.2415666e-06
PIARA,PIALE,8.648506e-06,0.8646703,0.13526323,5.0672472e-05,7.1346467e-06
PIARA,PIALE,7.395207e-06,0.9967855,0.0031406586,5.9720776e-05,6.734562e-06
PIARA,PIALE,6.2162405e-07,0.99960625,0.00038844926,3.960122e-06,7.492706e-07
PIARA,PIALE,4.2519366e-07,0.7819776,0.21800394,1.654134e-05,1.5032703e-06
PIARA,PIALE,1.8513684e-06,0.68892497,0.3105324,0.000538578,2.2047584e-06
PIARA,PIALE,4.0777235e-07,0.5541028,0.44587982,1.5826014e-05,1.0887242e-06
PIARA,PIALE,4.8187408e-06,0.8888631,0.11108334,4.15748e-05,7.1712284e-06
PIARA,PIALE,1.7827411e-05,0.96530235,0.03456922,8.4603715e-05,2.60757e-05
PIARA,PIALE,1.9431955e-06,0.99718404,0.0027938238,1.614841e-05,4.0343434e-06
PIARA,PIALE,1.1719129e-06,0.99856263,0.0014246064,8.982396e-06,2.5441404e-06
PIARA,PIALE,9.4918665e-05,0.5978881,0.40155587,0.0003776152,8.355722e-05
PIARA,PIALE,3.904476e-05,0.95982474,0.03985407,0.00024298897,3.9148243e-05
PIARA,PIALE,5.9904705e-05,0.78989774,0.20963055,0.0003684046,4.3392552e-05
PIARA,PIARA,2.1423986e-05,0.41092938,0.5886748,0.00035689544,1.7509194e-05
PIARA,PIARA,7.6109654e-06,0.34189427,0.65774167,0.00034530167,1.1228868e-05
PIARA,PIALE,4.0707997e-05,0.61945397,0.38023168,0.00024576674,2.791928e-05
PIARA,PIALE,0.00011853772,0.8441986,0.15512958,0.0004222141,0.00013099861
PIARA,PIALE,1.671687e-05,0.9012404,0.09868119,4.0879753e-05,2.0875124e-05
PIARA,PIALE,5.56149e-05,0.58008075,0.41897088,0.0007783193,0.000114445655
PIARA,PIALE,7.5277267e-06,0.97621226,0.023742778,2.53806e-05,1.2066184e-05
PIARA,PIALE,2.930455e-06,0.96491843,0.03505822,1.335073e-05,7.098532e-06
PIARA,PIALE,5.7069287e-06,0.6183106,0.3815193,0.00015759602,6.8293507e-06
PIARA,PIALE,4.2754178e-05,0.54315484,0.45504212,0.0016974618,6.280455e-05
PIARA,PIARA,5.084724e-06,0.0004017565,0.9968364,0.0027497157,6.974139e-06
PIARA,PIARA,4.9112527e-06,0.018774394,0.98082143,0.00039498636,4.341155e-06
PIARA,PIARA,4.9667124e-06,0.0012670581,0.99806845,0.0006537312,5.805118e-06
PIARA,PIARA,5.0886515e-06,0.4275609,0.57231516,0.00011497941,3.8252806e-06
PIARA,PIARA,5.00306e-06,0.3142011,0.68567306,0.000110862384,9.981793e-06
PIARA,PIALE,1.070551e-06,0.69771206,0.30226403,1.871331e-05,4.11742e-06
PIARA,PIALE,1.23190985e-05,0.96093154,0.038996004,4.6865243e-05,1.3308678e-05
PIARA,PIALE,2.4266244e-06,0.9536304,0.046351768,1.2219238e-05,3.21084e-06
PIARA,PIALE,4.9289256e-06,0.6541004,0.3458684,2.1803082e-05,4.409631e-06
PIARA,PIALE,1.05331516e-07,0.99996114,3.8505546e-05,4.301622e-08,2.1024613e-07
PIARA,PIALE,6.0643305e-07,0.99743474,0.0025621718,7.6682244e-07,1.7338509e-06
PIARA,PIALE,7.243214e-07,0.7701485,0.22984283,4.871011e-06,3.051562e-06
PIARA,PIALE,1.6048538e-06,0.5412352,0.4587522,8.033968e-06,2.8893985e-06
PIARA,PIARA,2.658787e-06,0.368225,0.631751,1.6653303e-05,4.7616254e-06
PIARA,PIARA,2.1460296e-07,0.06627282,0.93372464,1.6250303e-06,7.124804e-07
PIARA,PIALE,2.6350276e-06,0.7926273,0.20736234,4.8579886e-06,2.9122664e-06
PIARA,PIALE,1.1261178e-06,0.96597844,0.034015384,3.50683e-06,1.5643825e-06
PIARA,PIALE,0.00013247992,0.94267046,0.056886032,0.00025138143,5.967756e-05
PIARA,PIALE,0.00018337487,0.78894764,0.20877494,0.0020240347,7.002827e-05
PIARA,PIALE,0.00023354968,0.8987229,0.099223465,0.0017424899,7.769351e-05
PIARA,PIALE,0.0029812714,0.6358092,0.3376691,0.022531752,0.0010087579
PIARA,PIALE,4.2923355e-05,0.99115723,0.0078885965,0.0008540452,5.7109435e-05
PIARA,PIALE,0.0004546201,0.73386645,0.25953636,0.005945269,0.00019734252
PIARA,PIALE,6.932332e-06,0.9947999,0.0050417916,0.00013272447,1.8655937e-05
PIARA,PIALE,0.00060329237,0.89972353,0.05029001,0.047305167,0.002077976
PIARA,PIALE,4.617699e-05,0.9823255,0.015644176,0.0018479496,0.0001362159
PIARA,PIALE,3.0820634e-06,0.9983616,0.0016123655,1.7479824e-05,5.5365085e-06
PIARA,PIARA,2.1734097e-05,0.16265124,0.8361122,0.001208741,6.110331e-06
PIARA,PIALE,5.0086815e-05,0.7138753,0.28463063,0.0014242746,1.9715722e-05
PIARA,PIARA,5.2285097e-05,0.07545792,0.92296267,0.0015121315,1.5004637e-05
PIARA,PIALE,4.1646173e-05,0.5961254,0.40121704,0.0025988147,1.7035525e-05
PIARA,PIARA,5.8960777e-05,0.40457144,0.5936065,0.0017398676,2.331836e-05
PIARA,PIALE,7.911523e-05,0.6702812,0.3271598,0.0024139932,6.5960936e-05
PIARA,PIARA,5.8649508e-05,0.205438,0.7700968,0.02436814,3.839461e-05
PIARA,PIALE,4.6530797e-05,0.68253326,0.31375405,0.0036527854,1.3389007e-05
PIARA,PIARA,0.00016533768,0.3680181,0.6162364,0.01554757,3.259767e-05
PIARA,PIARA,0.00046006864,0.014416406,0.8761863,0.108839914,9.729687e-05
PIARA,PIALE,8.628128e-06,0.9891202,0.009778331,0.0010653144,2.7529652e-05
PIARA,PIALE,2.132989e-05,0.97059023,0.02623275,0.0031249337,3.078799e-05
PIARA,PIALE,8.090663e-05,0.5275316,0.45655394,0.015766997,6.6583125e-05
PIARA,PIARA,4.072345e-05,0.22096601,0.76479495,0.0141794905,1.8869565e-05
PIARA,PIALE,3.2492328e-05,0.569322,0.4255585,0.0050713634,1.5671108e-05
PIARA,PIARA,6.075661e-06,0.31693894,0.6828107,0.00023933509,4.938456e-06
PIARA,PIARA,4.0655847e-05,0.23741055,0.760267,0.0022695856,1.2217806e-05
PIARA,PIALE,1.7695304e-05,0.91642153,0.08102168,0.0025260793,1.3017181e-05
PIARA,PIARA,2.4127432e-05,0.2617637,0.73586553,0.0023358061,1.086583e-05
PIARA,PIARA,0.00016119255,0.3721191,0.6199899,0.0076941857,3.5675446e-05
PIARA,PIARA,4.847128e-05,0.383685,0.615531,0.0006977576,3.781754e-05
PIARA,PIALE,5.0355156e-06,0.99863815,0.0012858948,6.1200444e-05,9.707759e-06
PIARA,PIALE,8.254331e-06,0.9964593,0.0033963986,0.00012409085,1.1980779e-05
PIARA,PIALE,5.891963e-06,0.98984545,0.01009901,4.273511e-05,6.9422986e-06
PIARA,PIARA,4.5773722e-06,0.38371888,0.6161871,8.57201e-05,3.7116456e-06
PIARA,PIALE,1.2422566e-05,0.5124641,0.48713228,0.0003826372,8.607783e-06
PIARA,PIALE,2.5714307e-06,0.9984999,0.0014680208,2.6162732e-05,3.424641e-06
PIARA,PIALE,5.078436e-06,0.9706911,0.029166257,0.00013265137,4.8615875e-06
PIARA,PIALE,1.863552e-05,0.9410918,0.0587259,0.00014577068,1.7936272e-05
PIARA,PIARA,3.868312e-06,0.2518279,0.7479665,0.00019875645,2.884542e-06
PIARA,PIALE,2.5139577e-06,0.99893904,0.0010086695,4.591413e-05,3.8561648e-06
PIARA,PIALE,6.196168e-07,0.99901736,0.0009649145,1.609145e-05,9.93807e-07
PIARA,PIALE,6.318514e-06,0.850835,0.1490782,7.4616415e-05,5.851133e-06
PIARA,PIALE,1.2330841e-05,0.7012122,0.29859436,0.00016301357,1.8105895e-05
PIARA,PIARA,1.9183673e-05,0.47622445,0.52353823,0.00020139826,1.6745153e-05
PIARA,PIALE,2.862461e-06,0.9332078,0.066760086,2.579191e-05,3.3686622e-06
PIARA,PIALE,4.9002756e-06,0.7975967,0.20226751,0.00012706821,3.7602915e-06
PIARA,PIALE,5.8077158e-06,0.7698657,0.23002324,9.880759e-05,6.4710284e-06
PIARA,PIALE,7.478341e-06,0.5055693,0.49435028,6.342338e-05,9.575244e-06
PIARA,PIALE,2.0522564e-05,0.6734251,0.32628575,0.00024486284,2.3845685e-05
PIATE,PIARA,0.020168474,0.09920942,0.8036647,0.07431938,0.002638049
PIATE,PIARA,0.01332503,0.036273908,0.9161707,0.030306276,0.0039240937
PIATE,PIARA,0.021969315,0.08134181,0.71872705,0.16880143,0.009160424
PIATE,PIARA,0.03752676,0.061348982,0.49279714,0.3972115,0.011115596
PIATE,PIAVE,0.044766743,0.010915785,0.35663372,0.22460745,0.36307633
PIATE,PIARA,0.023306038,0.011781853,0.6743336,0.28170362,0.008874871
PIATE,PIARA,0.014683353,0.017137209,0.8013327,0.15297806,0.01386869
PIATE,PIARA,0.0055300584,0.005998537,0.92244834,0.064870246,0.0011528508
PIATE,PIARA,0.0097538205,0.004247259,0.80344653,0.17859103,0.0039614313
PIATE,PIARA,0.02237712,0.027112754,0.79870886,0.06906062,0.08274067
PIATE,PIARA,0.0060041,0.0029767505,0.9688102,0.021381428,0.0008275034
PIATE,PIARA,0.009064515,0.0043155476,0.5225665,0.46264744,0.0014060574
PIATE,PIARA,0.0030983584,0.0036264763,0.98110104,0.011904737,0.00026941308
PIATE,PIARA,0.014347597,0.008011673,0.8240431,0.15102321,0.0025744336
PIATE,PIARA,0.0072738733,0.0058206646,0.9389476,0.046441987,0.0015158535
PIATE,PIARA,0.009071573,0.0027838573,0.82847625,0.15712729,0.0025410682
PIATE,PIARA,0.013380323,0.007878663,0.80567586,0.16916002,0.0039050095
PIATE,PIARA,0.010822753,0.0027779297,0.57209665,0.40351644,0.010786255
PIATE,PIARA,0.0015519229,0.0012333657,0.9912476,0.0058365767,0.00013054878
PIATE,PIARA,0.0090433275,0.0046097143,0.8608459,0.12329628,0.002204784
PIATE,PIATE,0.014674655,0.007043734,0.06995969,0.89977145,0.008550514
PIATE,PIATE,0.01033288,0.0043530664,0.019099416,0.9590588,0.00715581
PIATE,PIATE,0.016251465,0.029853033,0.17991005,0.766317,0.00766845
PIATE,PIATE,0.025658717,0.039312944,0.074561365,0.85039634,0.010070644
PIATE,PIARA,0.034050025,0.08006085,0.66009164,0.20522735,0.020570101
PIATE,PIARA,0.024409039,0.047704738,0.6677291,0.24260165,0.017555524
PIATE,PIATE,0.027098626,0.028679647,0.13650578,0.7927133,0.015002718
PIATE,PIARA,0.046211403,0.13020031,0.53726196,0.2666027,0.019723622
PIATE,PIARA,0.085624956,0.18051589,0.3703699,0.32195935,0.041529953
PIATE,PIATE,0.05469234,0.05759994,0.3151054,0.5563233,0.016279068
PIATE,PIATE,0.013848361,0.0047128005,0.2482769,0.7231722,0.009989781
PIATE,PIATE,0.017553087,0.003158817,0.21079864,0.7576827,0.010806793
PIATE,PIATE,0.02855653,0.0078441845,0.37972775,0.5731475,0.010724106
PIATE,PIATE,0.024307841,0.0055957437,0.044277184,0.9177919,0.008027359
PIATE,PIATE,0.05600972,0.05067053,0.38720334,0.5025328,0.003583561
PIATE,PIATE,0.018192425,0.0030559178,0.02234221,0.9509212,0.0054883277
PIATE,PIATE,0.017971309,0.027399153,0.12180022,0.81366104,0.019168304
PIATE,PIATE,0.20017424,0.013395937,0.026522133,0.7513614,0.008546293
PIATE,PIARA,0.058115486,0.015894588,0.560859,0.31866214,0.04646879
PIATE,PIALE,0.0021254478,0.9601406,0.035027105,0.0008034392,0.001903487
PIATE,PIATE,0.10196233,0.11658525,0.28076884,0.37801594,0.1226677
PIATE,PIATE,0.06988161,0.08499192,0.35563236,0.42139065,0.068103425
PIATE,PIARA,0.0678875,0.05366105,0.67267454,0.18943185,0.016344983
PIATE,PIATE,0.07392462,0.083291724,0.32084382,0.4938763,0.028063558
PIATE,PIATE,0.032671303,0.010967068,0.3636225,0.56930894,0.023430232
PIATE,PIARA,0.055622015,0.06270024,0.5281433,0.3167565,0.036778044
PIATE,PIARA,0.042924095,0.012183232,0.5279968,0.3853699,0.031525917
PIATE,PIARA,0.053495295,0.020033933,0.53419894,0.36703038,0.025241463
PIATE,PIARA,0.04816916,0.02310224,0.7688717,0.12987272,0.02998415
PIATE,PIARA,0.09313434,0.05586308,0.41852766,0.3904289,0.04204599
PIATE,PIATE,1.2219433e-05,3.8045546e-05,2.7036489e-05,0.9999126,1.0086121e-05
PIATE,PIATE,3.0211542e-05,0.00016274185,0.00017965776,0.99961483,1.2549442e-05
PIATE,PIATE,4.5100096e-05,0.0002606871,0.00039810876,0.99927187,2.4297708e-05
PIATE,PIATE,0.0012810865,0.049741507,0.09964159,0.8490827,0.00025307585
PIATE,PIATE,9.2989256e-05,0.00084847247,0.0002388761,0.9987867,3.2955966e-05
PIATE,PIATE,5.5247205e-05,0.00046808796,0.0001367757,0.9993212,1.8615301e-05
PIATE,PIATE,1.3127159e-06,2.0231047e-07,1.084697e-07,0.9999975,8.830817e-07
PIATE,PIATE,3.908519e-06,9.677358e-07,1.2390246e-05,0.9999785,4.2499105e-06
PIATE,PIATE,6.276751e-05,7.21202e-05,0.00029655782,0.99954563,2.2929515e-05
PIATE,PIATE,1.857637e-05,3.439489e-05,5.398583e-05,0.99985373,3.935771e-05
PIATE,PIATE,6.4377484e-05,0.001913268,0.0014840506,0.9964848,5.348843e-05
PIATE,PIATE,1.21175635e-05,4.1006835e-05,3.3772947e-05,0.9998954,1.7722088e-05
PIATE,PIATE,3.4065622e-05,0.00013287386,2.7242742e-05,0.9997741,3.1705404e-05
PIATE,PIATE,0.00011085721,0.0015424265,0.0017366791,0.99653655,7.348762e-05
PIATE,PIATE,8.870811e-05,0.0020876494,0.00080172165,0.99697816,4.3785632e-05
PIATE,PIATE,0.0015478279,0.0036906006,0.06452881,0.9300209,0.00021189073
PIATE,PIATE,9.444233e-06,1.2220648e-05,2.8189725e-05,0.9999409,9.357386e-06
PIATE,PIATE,3.9619677e-05,0.00025444492,0.00016992727,0.9995136,2.2414633e-05
PIATE,PIATE,5.8189693e-05,0.0021295673,0.00063491456,0.99713874,3.8517912e-05
PIATE,PIATE,5.900553e-05,0.00016456764,9.626697e-05,0.9996135,6.6676395e-05
PIATE,PIATE,7.189679e-05,0.00046409748,0.0010132565,0.9984253,2.5422685e-05
PIATE,PIATE,0.002174723,0.10874361,0.02654072,0.86215454,0.00038642442
PIATE,PIATE,2.298234e-05,9.211893e-05,4.437745e-05,0.9998111,2.9409677e-05
PIATE,PIATE,0.00018260251,0.0008664938,0.0053812475,0.9934696,0.00010008389
PIATE,PIATE,6.6767905e-05,0.00045997667,0.0016161136,0.99778163,7.553828e-05
PIATE,PIATE,0.0018815225,0.017958056,0.101239026,0.87860596,0.0003154451
PIATE,PIATE,4.4150343e-06,1.4626635e-06,1.5067087e-06,0.99997705,1.553568e-05
PIATE,PIATE,1.544119e-05,0.00010988835,1.6694185e-05,0.9998338,2.4169442e-05
PIATE,PIATE,4.668658e-06,1.3688285e-06,1.3451213e-06,0.99998695,5.6416143e-06
PIATE,PIATE,3.1764983e-05,0.00014335375,7.69057e-05,0.9997163,3.173503e-05
PIATE,PIATE,0.00036744238,0.005326137,0.0007525791,0.993471,8.2803075e-05
PIATE,PIATE,4.072832e-05,0.00032743125,0.00026817867,0.99933267,3.1025287e-05
PIATE,PIATE,0.0003381259,0.10160717,0.018831113,0.87898946,0.00023418177
PIATE,PIATE,0.0010054671,0.023207024,0.10537673,0.8701654,0.0002454005
PIATE,PIATE,0.00033957028,0.0040762294,0.047829077,0.9476204,0.00013473636
PIATE,PIATE,0.00024400659,0.0111738965,0.017007213,0.9714675,0.000107417975
PIATE,PIATE,1.2751192e-05,5.413199e-05,0.00035456658,0.9995631,1.5496531e-05
PIATE,PIATE,0.0007557525,0.010209983,0.0055142883,0.9833672,0.00015275672
PIATE,PIATE,2.5715868e-05,6.9071335e-05,0.00019270166,0.9996888,2.3699524e-05
PIATE,PIATE,0.00026153342,0.0013417602,0.00087207113,0.99742794,9.6659656e-05
PIATE,PIATE,7.41699e-05,3.550542e-07,9.5019295e-06,0.9885741,0.011341881
PIATE,PIATE,6.6645216e-06,5.3973867e-08,9.185564e-07,0.99969107,0.00030130448
PIATE,PIATE,1.6827893e-05,1.2160153e-07,2.8927257e-06,0.9962042,0.0037759617
PIATE,PIATE,2.7636444e-05,2.3963585e-07,6.943183e-06,0.99540013,0.00456507
PIATE,PIATE,4.2204556e-06,3.268363e-08,1.6255262e-07,0.99963295,0.00036265337
PIATE,PIATE,3.469052e-06,3.496486e-08,6.7386736e-08,0.99988157,0.000114877505
PIATE,PIATE,1.6560078e-06,5.415212e-08,2.0376312e-07,0.9999944,3.6883296e-06
PIATE,PIATE,4.6968457e-06,8.094878e-08,2.8847066e-06,0.99983513,0.0001571897
PIATE,PIATE,1.9629704e-06,3.0278358e-08,7.0213865e-08,0.999903,9.489084e-05
PIATE,PIATE,1.9458048e-06,3.9446807e-08,3.955629e-08,0.99996763,3.036003e-05
PIATE,PIATE,5.1475836e-06,5.4447288e-08,3.827379e-07,0.99959797,0.00039643885
PIATE,PIATE,1.8861859e-06,3.355866e-08,5.3430244e-07,0.99993396,6.358289e-05
PIATE,PIATE,8.1988e-06,1.1648158e-07,1.7377108e-07,0.99972767,0.00026385288
PIATE,PIATE,2.9304001e-06,2.952041e-08,1.4466556e-07,0.99989825,9.86749e-05
PIATE,PIATE,1.7319777e-06,2.4965372e-08,6.278978e-08,0.99987495,0.0001231512
PIATE,PIATE,1.9793758e-06,2.9386523e-08,1.6550199e-07,0.9999232,7.4618896e-05
PIATE,PIATE,4.2592746e-06,6.177912e-08,1.13953085e-07,0.9998492,0.00014639366
PIATE,PIATE,1.0422005e-05,7.855344e-07,1.0163334e-06,0.99996066,2.7122851e-05
PIATE,PIATE,5.814857e-06,7.199095e-08,3.4150096e-07,0.99957806,0.0004157709
PIATE,PIATE,7.4720388e-06,2.9253857e-07,6.247428e-05,0.99980277,0.00012699037
PIATE,PIATE,3.249659e-06,4.595291e-08,9.480498e-08,0.99937564,0.0006210174
PIATE,PIATE,3.7923127e-07,6.2715e-09,1.141965e-08,0.999998,1.6060828e-06
PIATE,PIATE,2.1984233e-07,1.8661465e-08,7.1022024e-09,0.9999996,1.5007552e-07
PIATE,PIATE,3.2836869e-07,4.001929e-08,8.549686e-08,0.99999934,2.1794958e-07
PIATE,PIATE,3.0930235e-07,1.7977184e-08,2.4978994e-09,0.99999917,4.7641976e-07
PIATE,PIATE,1.1956541e-07,9.266834e-09,3.2421518e-10,0.9999994,4.5666386e-07
PIATE,PIATE,2.815691e-07,1.083153e-08,1.869265e-08,0.9999991,5.6833346e-07
PIATE,PIATE,2.3675618e-07,1.7845009e-08,9.870346e-09,0.9999993,4.9984084e-07
PIATE,PIATE,3.7266264e-07,2.1412195e-08,8.510711e-08,0.9999989,6.1709636e-07
PIATE,PIATE,1.7870028e-07,6.0380496e-09,5.2428195e-09,0.9999994,4.1181642e-07
PIATE,PIATE,3.9470274e-07,6.655629e-08,1.5593115e-07,0.9999986,7.651438e-07
PIATE,PIATE,3.9604777e-07,2.1863173e-08,3.4429297e-07,0.99999654,2.6930402e-06
PIATE,PIATE,1.0310936e-06,5.814507e-08,1.2439371e-07,0.99999374,5.0500216e-06
PIATE,PIATE,8.395086e-06,8.985275e-08,1.5059734e-06,0.9997381,0.00025189508
PIATE,PIATE,3.6417734e-06,7.8135834e-08,4.939684e-07,0.999926,6.98133e-05
PIATE,PIATE,1.5450606e-06,1.2290305e-07,1.3718255e-07,0.9999941,4.104999e-06
PIATE,PIATE,7.841138e-07,6.5201e-08,4.7117956e-06,0.99998844,6.0133334e-06
PIATE,PIATE,8.228797e-07,2.6236865e-08,6.383858e-08,0.9999847,1.4430882e-05
PIATE,PIATE,3.600968e-07,1.0035901e-08,2.2725201e-08,0.9999983,1.300673e-06
PIATE,PIATE,4.4502035e-06,8.5815365e-08,7.756749e-07,0.99984133,0.00015334095
PIATE,PIATE,3.4953232e-06,2.935722e-07,2.9180824e-06,0.99996614,2.7130107e-05
PIATE,PIATE,8.433234e-07,2.9077945e-08,7.226735e-07,0.99997854,1.9824036e-05
PIATE,PIATE,9.817714e-07,3.6907696e-08,2.8277242e-07,0.9999793,1.940112e-05
PIATE,PIATE,8.907275e-07,2.7338322e-08,1.5901453e-08,0.99998593,1.3127219e-05
PIATE,PIATE,1.4378234e-06,2.1617307e-08,5.2127902e-08,0.9998591,0.00013941918
PIATE,PIATE,4.77336e-07,2.3224684e-08,1.5723586e-08,0.9999979,1.5943014e-06
PIATE,PIATE,6.322923e-07,1.7309432e-08,1.940207e-08,0.9999908,8.541862e-06
PIATE,PIATE,2.0872855e-07,1.0030522e-08,2.6580238e-09,0.99999845,1.3417838e-06
PIATE,PIATE,4.3493193e-07,2.9281928e-08,6.869414e-08,0.9999984,1.0735275e-06
PIATE,PIATE,4.241334e-07,2.1582201e-08,3.850417e-08,0.999998,1.5777163e-06
PIATE,PIATE,2.3489818e-05,5.5987165e-08,1.0141647e-06,0.9996616,0.00031379424
PIATE,PIATE,1.697807e-05,7.73137e-08,1.5838418e-06,0.9841657,0.015815664
PIATE,PIATE,9.776918e-05,2.8211076e-07,3.3361591e-06,0.9998485,5.0147064e-05
PIATE,PIATE,0.00070692156,9.283205e-07,1.8920124e-05,0.997961,0.0013122417
PIATE,PIATE,0.00021649565,2.7965459e-07,5.2375085e-06,0.9994675,0.0003105206
PIATE,PIATE,7.772725e-05,1.9227626e-07,2.3683028e-06,0.99968255,0.00023720087
PIATE,PIATE,0.00028540142,2.5549713e-07,2.9180096e-06,0.9973634,0.0023480696
PIATE,PIATE,1.2408201e-05,5.0355276e-08,2.9011082e-07,0.99998164,5.5867126e-06
PIATE,PIATE,0.00022645059,3.562069e-07,6.105539e-06,0.99967104,9.6058255e-05
PIATE,PIATE,3.0157888e-05,1.4928082e-07,1.454289e-06,0.9999608,7.5016005e-06
PIATE,PIATE,0.00017155794,1.1311803e-07,2.0543214e-06,0.99809706,0.0017291952
PIATE,PIATE,1.8140647e-05,5.6219783e-08,5.383898e-07,0.99995923,2.2004624e-05
PIATE,PIATE,6.248229e-06,5.0205074e-08,7.568901e-08,0.99999154,2.0674504e-06
PIATE,PIATE,0.00012428383,1.6469212e-07,1.6035717e-06,0.99984455,2.9379189e-05
PIATE,PIATE,0.00018056926,2.209064e-07,1.7770813e-06,0.9997893,2.8143337e-05
PIATE,PIATE,7.2423045e-06,2.1805334e-08,1.8720613e-07,0.9999427,4.9805774e-05
PIATE,PIATE,0.00013053424,1.1056689e-07,2.269175e-06,0.9989834,0.00088373385
PIATE,PIATE,6.7076064e-05,6.583868e-08,1.0194503e-06,0.9993247,0.00060713163
PIATE,PIATE,6.0656163e-05,1.2244077e-07,1.0494376e-06,0.9999183,1.9908879e-05
PIATE,PIATE,6.985069e-07,4.778675e-08,8.7633204e-08,0.9999986,5.413218e-07
PIATE,PIATE,1.0293894e-05,3.2596258e-08,2.765787e-07,0.9998537,0.00013575655
PIATE,PIATE,4.7092286e-05,8.769732e-08,2.6374169e-06,0.999087,0.000863166
PIATE,PIATE,5.500605e-06,5.202556e-08,7.2993274e-08,0.99999124,3.1981144e-06
PIATE,PIATE,2.2245893e-05,4.9922793e-08,1.0089427e-06,0.99682015,0.003156533
PIATE,PIATE,0.00012873372,1.04052006e-07,1.9368858e-06,0.99219835,0.0076709227
PIATE,PIATE,0.0003198083,2.8471993e-07,4.105462e-06,0.963681,0.035994835
PIATE,PIATE,2.7885773e-05,4.5174605e-08,1.7423603e-06,0.9987638,0.0012065455
PIATE,PIATE,1.8630617e-05,3.9505125e-08,8.2243076e-07,0.9996445,0.00033597648
PIATE,PIATE,6.416515e-05,7.246447e-08,1.23149e-06,0.9992433,0.000691261
PIATE,PIATE,4.4657205e-05,5.2597144e-08,6.0215217e-07,0.99985915,9.552229e-05
PIATE,PIATE,4.41843e-06,2.7437455e-08,1.9569416e-07,0.99993384,6.152653e-05
PIATE,PIATE,2.5329715e-05,1.1050645e-07,2.0484333e-06,0.9776342,0.02233833
PIATE,PIATE,1.2074754e-05,3.329978e-08,2.299239e-07,0.9999724,1.5272384e-05
PIATE,PIATE,1.7400978e-05,3.48356e-08,1.0544696e-06,0.99382323,0.0061583077
PIATE,PIATE,2.1049901e-07,4.6450683e-09,3.2492178e-09,0.9999995,2.102748e-07
PIATE,PIATE,3.7760205e-06,3.5391434e-08,3.1506357e-07,0.99999535,5.477371e-07
PIATE,PIATE,5.9885992e-06,2.2968788e-08,1.6997839e-07,0.9998588,0.00013502459
PIATE,PIATE,1.0594208e-06,3.284776e-08,8.881855e-09,0.9999982,7.0641715e-07
PIATE,PIATE,6.1525876e-05,5.2829723e-08,7.118075e-07,0.999641,0.0002966976
PIATE,PIATE,1.7182867e-05,4.8130737e-08,7.7615596e-07,0.99939084,0.0005911539
PIATE,PIATE,0.0005847879,0.00083670305,0.0017063551,0.9967593,0.000112833426
PIATE,PIATE,0.00051258533,0.00041549245,0.0011801977,0.9977453,0.00014643128
PIATE,PIATE,0.0007918373,0.00019285467,0.0010137002,0.99792075,8.090865e-05
PIATE,PIATE,0.007997734,0.10096674,0.09126781,0.7986474,0.0011203145
PIATE,PIATE,0.0034482365,0.012532584,0.019477617,0.96437216,0.0001694376
PIATE,PIATE,0.0029704312,0.01789613,0.011789424,0.96695024,0.00039373004
PIATE,PIATE,0.0058987895,0.014743446,0.013156967,0.9649309,0.0012699596
PIATE,PIATE,0.0051219543,0.026409276,0.029460477,0.9379532,0.0010551275
PIATE,PIATE,0.0117764985,0.07166937,0.050603192,0.8619178,0.004033175
PIATE,PIATE,0.0011386118,0.002398622,0.0016803865,0.9943838,0.00039855478
PIATE,PIATE,0.021507634,0.021642905,0.17524546,0.7515891,0.030014958
PIATE,PIATE,0.02000391,0.011294833,0.021403441,0.90993476,0.03736301
PIATE,PIATE,0.007586986,0.009229417,0.011961629,0.9613317,0.009890241
PIATE,PIATE,0.016104277,0.0070882826,0.060852483,0.89908314,0.01687187
PIATE,PIATE,0.0074076056,0.0072180596,0.018413417,0.9617871,0.0051738466
PIATE,PIATE,0.009563954,0.0144696785,0.053591676,0.91865015,0.003724561
PIATE,PIATE,0.0028776221,0.0006487771,0.0017357272,0.9936141,0.001123727
PIATE,PIATE,0.0052630194,0.008385393,0.025781624,0.95943326,0.0011367394
PIATE,PIATE,0.010357145,0.009737294,0.023239428,0.9519954,0.0046707657
PIATE,PIATE,0.0030097074,0.0067509185,0.0059665535,0.98390806,0.00036475356
PIATE,PIATE,0.007251611,0.022350172,0.04923815,0.92019826,0.00096183113
PIATE,PIATE,0.0034913833,0.0030247706,0.008182529,0.9843834,0.0009178984
PIATE,PIATE,0.00815609,0.02121202,0.031659454,0.93696547,0.0020069154
PIATE,PIATE,0.020770518,0.09028529,0.022177022,0.85625565,0.010511517
PIATE,PIATE,0.0026707142,0.0021548374,0.0028249964,0.98995626,0.00239322
PIATE,PIATE,0.0126928,0.012621016,0.033597287,0.9341081,0.0069808625
PIATE,PIATE,0.008584342,0.010791127,0.015768288,0.9541525,0.010703735
PIATE,PIATE,0.014759632,0.011262454,0.05135473,0.9013518,0.02127139
PIATE,PIATE,0.004601702,0.029019382,0.017451042,0.9466702,0.002257734
PIATE,PIATE,0.00351007,0.024057342,0.010679614,0.96108305,0.00066984
PIATE,PIATE,0.018043987,0.10803164,0.33741468,0.52941644,0.0070932265
PIATE,PIATE,0.011770169,0.016477218,0.05898582,0.90792024,0.0048465887
PIATE,PIATE,0.011735126,0.08500418,0.11698397,0.78332055,0.0029562202
PIATE,PIATE,0.0130625125,0.1635328,0.03914608,0.77627605,0.007982535
PIATE,PIATE,0.0062944135,0.42613336,0.06293371,0.50023,0.0044084345
PIATE,PIARA,0.007361313,0.015640983,0.67438596,0.30103722,0.0015745923
PIATE,PIATE,0.027593987,0.16320565,0.2660131,0.53610015,0.0070870984
PIATE,PIATE,0.012102295,0.05015125,0.058512814,0.8758571,0.003376564
PIATE,PIATE,0.013504709,0.32087535,0.26203495,0.40146858,0.0021165176
PIATE,PIATE,0.014542216,0.1767798,0.12047505,0.68025875,0.007944205
PIATE,PIATE,0.0011700034,0.0018859694,0.0015667359,0.9949354,0.0004419371
PIATE,PIATE,0.0011379027,0.0045788456,0.0027083803,0.9909683,0.0006066112
PIATE,PIATE,0.007347427,0.010521518,0.00945988,0.96472424,0.007946903
PIATE,PIATE,0.008138457,0.0032439916,0.008707247,0.96831155,0.011598741
PIATE,PIATE,0.01670033,0.15202864,0.055158,0.7328862,0.043226913
PIATE,PIATE,0.0037932368,0.008231119,0.0071583367,0.97902685,0.0017904534
PIATE,PIATE,0.009014597,0.0141658215,0.04239542,0.93326074,0.0011634557
PIATE,PIATE,0.0065311408,0.010689778,0.11231447,0.8682153,0.0022492788
PIATE,PIATE,0.0044674426,0.029144168,0.042531647,0.92346126,0.00039549623
PIATE,PIATE,0.0032544835,0.01166591,0.009400614,0.9738826,0.0017963834
PIATE,PIATE,4.5192664e-05,5.5201112e-06,2.591788e-05,0.99989706,2.63083e-05
PIATE,PIATE,0.00023729706,4.9352304e-05,0.00023253876,0.9993581,0.00012266768
PIATE,PIATE,0.0032664654,0.00247919,0.0023322778,0.9912008,0.000721298
PIATE,PIATE,3.0418112e-05,7.909398e-06,2.0541993e-05,0.99990016,4.0926152e-05
PIATE,PIATE,0.03934274,0.024964249,0.006350057,0.92417747,0.0051655094
PIATE,PIATE,9.570988e-05,1.7600196e-05,0.000109774555,0.99972415,5.2741427e-05
PIATE,PIATE,0.0021758704,0.00043753732,0.0021473398,0.9948882,0.00035105814
PIATE,PIATE,2.4501856e-05,1.1002933e-05,0.00012493836,0.99982697,1.2604041e-05
PIATE,PIATE,6.4740474e-05,1.6248956e-05,7.871738e-05,0.9997847,5.5590906e-05
PIATE,PIATE,0.0017255148,0.00052116584,0.0021372132,0.9954173,0.0001987869
PIATE,PIATE,0.00021255156,3.425536e-05,0.00010122008,0.9994619,0.00019010008
PIATE,PIATE,0.000626063,0.00010021785,0.00031232194,0.99836063,0.00060075615
PIATE,PIATE,0.00017276156,2.2374503e-05,7.436443e-05,0.9996306,9.9958386e-05
PIATE,PIATE,0.00024563549,4.627684e-05,0.00011563412,0.999293,0.00029943002
PIATE,PIATE,0.00017497917,3.4610955e-05,0.00013588699,0.99951136,0.0001431936
PIATE,PIATE,0.0010855317,0.00037182207,0.0010229282,0.9969453,0.00057438144
PIATE,PIATE,6.2799045e-05,8.982739e-06,2.6105088e-05,0.9998051,9.706398e-05
PIATE,PIATE,0.0005763767,6.316184e-05,0.00021574287,0.9986265,0.0005182737
PIATE,PIATE,0.0016035613,0.00024706553,0.00063800695,0.9970367,0.0004747179
PIATE,PIATE,8.839584e-05,8.0225345e-06,3.4298097e-05,0.99964553,0.00022373794
PIATE,PIATE,0.0017890094,0.0006138814,0.0015078669,0.9955981,0.00049118605
PIATE,PIATE,0.00045954826,9.2478935e-05,0.0004912319,0.99863875,0.00031802588
PIATE,PIATE,8.7262786e-05,9.441579e-06,2.294191e-05,0.99966234,0.000218059
PIATE,PIATE,0.0037423633,0.0017247974,0.0014035568,0.9921273,0.0010019082
PIATE,PIATE,0.003237984,0.0011779024,0.0015104734,0.9929124,0.0011612419
PIATE,PIATE,0.015673384,0.0026762777,0.0017750906,0.97936255,0.0005127423
PIATE,PIATE,0.00017934656,3.95925e-05,0.00028530593,0.99943185,6.3906926e-05
PIATE,PIATE,0.0005768641,0.000106390464,0.0010507796,0.9981582,0.000107775515
PIATE,PIATE,0.006711767,0.0014370738,0.024223074,0.9672151,0.00041294322
PIATE,PIATE,0.0029030766,0.0013718453,0.0028837298,0.99248046,0.00036092912
PIATE,PIATE,0.0001492642,1.6248177e-05,0.0001578445,0.9995552,0.00012149163
PIATE,PIATE,0.0009855479,0.00010221872,0.0006612403,0.9980412,0.00020978
PIATE,PIATE,0.011019325,0.0021363222,0.020205757,0.96615124,0.00048732397
PIATE,PIATE,0.0013589188,0.00013924771,0.000442583,0.9977491,0.00031019948
PIATE,PIATE,0.0006489708,0.00011029493,0.00028032798,0.99839056,0.00056990655
PIATE,PIATE,0.11778685,0.0019932853,0.38253012,0.4971883,0.0005014837
PIATE,PIATE,0.0021067632,0.00022746997,0.0011540211,0.996285,0.0002267383
PIATE,PIATE,0.11170749,0.011526972,0.04529219,0.82958055,0.0018927847
PIATE,PIATE,0.022030229,0.0029350382,0.00605722,0.96824837,0.0007290844
PIATE,PIATE,0.004008916,0.0010477626,0.0025430392,0.9918159,0.00058440765
PIATE,PIATE,0.0007976964,0.0001981619,0.0005100793,0.99808955,0.0004045426
PIATE,PIATE,0.0026618103,0.0009569035,0.0016785302,0.99337584,0.0013269453
PIATE,PIATE,0.0020353126,0.0005530536,0.0015500794,0.99522674,0.000634848
PIATE,PIATE,0.00010917269,1.9028163e-05,7.80133e-05,0.9996904,0.000103401246
PIATE,PIATE,0.00023540508,4.4366116e-05,0.000122010446,0.99941957,0.00017865741
PIATE,PIATE,0.00043343182,0.00010723274,0.00042642298,0.99877405,0.00025885293
PIATE,PIATE,0.0010894135,0.00036085778,0.0010387372,0.9973545,0.00015646887
PIATE,PIATE,0.00048129767,9.687736e-05,0.00035693226,0.99871695,0.00034796481
PIATE,PIATE,0.0019641966,0.0002616228,0.002216411,0.9953664,0.00019137093
PIATE,PIATE,0.00045980804,9.446184e-05,0.0006542605,0.9986589,0.0001325591
PIATE,PIATE,0.00018256005,6.7573353e-07,6.4602445e-06,0.973416,0.02639435
PIATE,PIATE,0.00015460423,3.7425027e-06,1.0088007e-05,0.99841946,0.0014120664
PIATE,PIATE,4.1407067e-05,2.3493385e-07,1.1808438e-06,0.99516654,0.004790671
PIATE,PIATE,6.6176384e-05,9.064413e-07,2.867943e-06,0.9970668,0.0028632502
PIATE,PIATE,1.6092807e-05,9.171794e-08,2.7811632e-07,0.9981051,0.0018784265
PIATE,PIATE,0.0028890257,2.1346617e-05,0.00014961783,0.9287715,0.06816856
PIATE,PIATE,5.8012265e-05,1.6146987e-07,1.531271e-06,0.9903523,0.009587951
PIATE,PIATE,0.00023913896,7.965201e-07,1.2528531e-05,0.9954691,0.0042784186
PIATE,PIATE,0.00017017827,6.503631e-07,6.859606e-06,0.9932053,0.006617018
PIATE,PIATE,6.219616e-05,1.7747311e-07,2.2236507e-06,0.99698937,0.002945967
PIATE,PIATE,0.0015417049,9.807414e-06,0.0001075943,0.92828214,0.07005874
PIATE,PIATE,4.373871e-05,2.741002e-07,1.3107517e-06,0.99901694,0.0009377454
PIATE,PIATE,1.47029905e-05,8.0543295e-08,2.7150988e-06,0.9991737,0.00080879795
PIATE,PIATE,7.3614824e-06,5.0035492e-08,2.2288636e-07,0.99889845,0.0010939507
PIATE,PIATE,2.2587446e-06,2.6483596e-08,4.9280715e-08,0.99994147,5.620912e-05
PIATE,PIATE,0.0001383411,4.984246e-07,3.512823e-05,0.99822557,0.0016004299
PIATE,PIATE,1.5133365e-05,1.8277541e-07,1.1587007e-05,0.9985742,0.0013989018
PIATE,PIATE,0.00011426493,8.004117e-07,0.00010273361,0.9924242,0.0073579974
PIATE,PIATE,0.013718775,0.00018067328,0.05438639,0.73571235,0.19600181
PIATE,PIATE,5.5837216e-05,2.0377986e-07,8.758444e-06,0.97279054,0.027144691
PIATE,PIATE,0.00010093134,4.99885e-07,3.6733725e-06,0.9960634,0.003831499
PIATE,PIATE,0.00019174835,9.4995096e-07,3.44401e-06,0.9915667,0.008237071
PIATE,PIATE,0.0007570876,1.055383e-05,0.00045889456,0.9954207,0.003352758
PIATE,PIATE,0.0133515345,4.0237526e-05,0.00021355366,0.95035475,0.036039967
PIATE,PIAVE,0.0056472914,9.352027e-05,0.024721837,0.33896744,0.63056993
PIATE,PIATE,0.0001098675,1.1456553e-06,2.4583465e-05,0.9897396,0.010124791
PIATE,PIATE,2.794086e-05,2.2291194e-07,1.5372741e-06,0.9978723,0.0020980344
PIATE,PIATE,4.652427e-05,9.213991e-07,3.8472053e-06,0.9973583,0.002590374
PIATE,PIATE,6.249857e-05,9.074822e-07,4.2387733e-06,0.9989302,0.0010021493
PIATE,PIATE,0.00010673694,2.330735e-06,8.084643e-06,0.9981076,0.0017752785
PIATE,PIATE,0.0005552954,3.533205e-06,1.666088e-05,0.97534716,0.02407734
PIATE,PIATE,0.001026323,1.7299451e-05,7.158056e-05,0.9882124,0.010672392
PIATE,PIATE,0.0005156338,5.947426e-06,7.361492e-05,0.98887455,0.010530277
PIATE,PIATE,0.0035299892,0.00011815899,0.00024617926,0.9791572,0.016948454
PIATE,PIATE,0.00075618504,1.0352079e-05,7.773129e-05,0.9916571,0.0074986694
PIATE,PIATE,0.0021821219,2.0257625e-05,0.00011591725,0.9804564,0.017225266
PIATE,PIATE,0.0005434915,3.6327538e-06,6.149346e-05,0.98986983,0.009521567
PIATE,PIATE,0.001086977,1.0230241e-05,7.175298e-05,0.9892248,0.009606252
PIATE,PIATE,0.001437712,7.563675e-06,4.020827e-05,0.9918624,0.006652099
PIATE,PIATE,0.0008067079,5.8410615e-06,2.7490794e-05,0.98939836,0.009761607
PIATE,PIATE,0.0017494666,0.0021734794,0.017890876,0.97757363,0.00061257486
PIATE,PIATE,0.0019896405,0.0012180557,0.00915181,0.9873507,0.0002898
PIATE,PIATE,0.0006997657,0.0007628772,0.0078071104,0.9905588,0.00017146837
PIATE,PIATE,0.00052058545,0.00017442727,0.0016694725,0.9973676,0.00026793938
PIATE,PIATE,0.001655509,0.0010393332,0.004892056,0.9915652,0.0008478729
PIATE,PIATE,0.0009515457,0.00046713694,0.0023527488,0.99584305,0.000385506
PIATE,PIATE,0.000875971,0.00044666624,0.0023029537,0.9959391,0.00043536807
PIATE,PIATE,0.0046914453,0.007721722,0.040250137,0.94563276,0.0017039576
PIATE,PIATE,0.00121408,0.0013332616,0.011274061,0.98562264,0.0005559329
PIATE,PIATE,0.0013400279,0.0010574642,0.0102545405,0.98659754,0.0007504549
PIATE,PIATE,0.0006117199,7.418411e-05,0.0007458994,0.99784094,0.00072725135
PIATE,PIATE,3.7672962e-05,1.9220474e-06,1.8073184e-05,0.99992216,2.0166935e-05
PIATE,PIATE,0.0004175513,0.0005663859,0.0043887733,0.99443877,0.00018853172
PIATE,PIATE,0.00016268517,1.2204317e-05,0.00014836024,0.9996143,6.242032e-05
PIATE,PIATE,0.00015045867,2.505127e-05,0.00027350525,0.9994338,0.00011721133
PIATE,PIATE,0.00010801038,1.6946564e-05,0.00019258176,0.9996258,5.6707424e-05
PIATE,PIATE,0.00015896506,2.8044156e-05,0.00031223404,0.99944097,5.9784536e-05
PIATE,PIATE,9.1972266e-05,1.1470167e-05,0.00026739616,0.9995694,5.9718368e-05
PIATE,PIATE,0.0008592113,0.00023666615,0.001928499,0.9964921,0.00048347673
PIATE,PIATE,0.0010901935,0.00035635545,0.0029197398,0.994951,0.0006827038
PIATE,PIATE,0.0007201956,0.00021267617,0.001985226,0.9967013,0.00038063404
PIATE,PIATE,0.0051391115,0.004659781,0.006205289,0.979711,0.0042847986
PIATE,PIATE,0.011155931,0.024851922,0.022259517,0.93406355,0.0076690763
PIATE,PIATE,0.0008056064,0.00021894257,0.0018052337,0.99650085,0.0006694052
PIATE,PIATE,0.00033996458,0.00010494269,0.0010145967,0.99824303,0.00029749118
PIATE,PIATE,0.00017842281,6.236046e-05,0.0011263945,0.9984615,0.00017133958
PIATE,PIATE,0.00016240122,7.573172e-05,0.0007792462,0.99884105,0.00014153191
PIATE,PIATE,0.00013114345,8.318529e-05,0.00081253,0.99889404,7.911117e-05
PIATE,PIATE,0.0003871538,0.00014377933,0.0015619501,0.99756193,0.000345189
PIATE,PIATE,0.00033609665,0.00123974,0.0017236685,0.99657434,0.00012612276
PIATE,PIATE,0.0004477877,0.00014687725,0.0035993834,0.99533856,0.00046743767
PIATE,PIATE,0.000114577786,4.1930103e-05,0.0009892508,0.99876624,8.802262e-05
PIATE,PIATE,0.00033035938,0.00017304388,0.0062715993,0.9929519,0.00027300304
PIATE,PIATE,0.00018303013,0.00010830734,0.0017550403,0.9978245,0.00012912879
PIATE,PIATE,0.00031953974,0.0001458112,0.0027335626,0.99655217,0.00024892762
PIATE,PIATE,5.7532052e-05,2.8418895e-05,0.00046031844,0.99938685,6.690133e-05
PIATE,PIATE,0.00010292702,5.603958e-05,0.0007213328,0.999048,7.169497e-05
PIATE,PIATE,0.00024915786,0.0006220837,0.0071399794,0.9918603,0.00012851649
PIATE,PIATE,0.00021861677,0.00023571943,0.0021659562,0.997244,0.00013569747
PIATE,PIATE,0.00033804035,0.0002556172,0.0043864907,0.99482936,0.00019047469
PIATE,PIATE,0.0035432056,0.0063491957,0.05238884,0.9367234,0.0009953529
PIATE,PIATE,0.0015999855,0.003197707,0.051844653,0.94286567,0.0004919576
PIATE,PIATE,0.0029426783,0.0071063223,0.06525564,0.9239957,0.0006996813
PIATE,PIATE,0.00088975165,0.0015373628,0.030118149,0.9671599,0.00029482806
PIATE,PIATE,0.0016827304,0.001957352,0.02983793,0.9659818,0.00054017105
PIATE,PIATE,0.0018712791,0.0042509916,0.015169246,0.97810006,0.00060838583
PIATE,PIATE,0.0011322214,0.0017895007,0.023659704,0.97306395,0.00035463378
PIATE,PIATE,0.0024426014,0.0077522513,0.025871502,0.9629402,0.0009934066
PIATE,PIATE,0.0034352741,0.036665346,0.13240966,0.82648116,0.0010085497
PIATE,PIATE,0.006481309,0.0515976,0.13754407,0.80257946,0.001797639
PIATE,PIATE,0.002980661,0.00369091,0.025088336,0.96706635,0.0011737878
PIATE,PIATE,0.0002348103,5.4374843e-05,0.0017257255,0.9977909,0.00019424365
PIATE,PIATE,0.0040964927,0.005969852,0.04178528,0.9466883,0.0014600944
PIATE,PIATE,0.0031784435,0.005388234,0.017661618,0.9724021,0.0013696466
PIATE,PIATE,0.0030860456,0.004750428,0.016861057,0.9739545,0.0013479729
PIATE,PIATE,0.0011757786,0.00092414964,0.011958114,0.98541653,0.0005254143
PIATE,PIATE,0.0009982232,0.00046187686,0.009368816,0.9887986,0.00037250423
PIATE,PIATE,0.0010902002,0.002056642,0.023413764,0.9730772,0.0003621889
PIATE,PIATE,0.0006131473,0.0008115869,0.0052538905,0.99307805,0.00024328081
PIATE,PIATE,0.0017703274,0.003731666,0.029941179,0.9639846,0.00057217997
PIATE,PIATE,0.0059154266,0.013866416,0.10015837,0.87856895,0.0014908076
PIATE,PIATE,0.003213238,0.006395656,0.03542547,0.95398146,0.000984182
PIATE,PIATE,0.0018031531,0.0042580976,0.027738877,0.96556723,0.00063267036
PIATE,PIATE,0.0032581342,0.006069585,0.027444728,0.9619736,0.0012539588
PIATE,PIATE,0.003979654,0.007820952,0.0725301,0.9142885,0.0013808224
PIATE,PIATE,0.0006476118,0.0005164157,0.015202758,0.9834192,0.00021404283
PIATE,PIATE,0.00044602505,0.00043599866,0.004048051,0.9948485,0.00022148668
PIATE,PIATE,0.0005869162,0.00041586312,0.0023894424,0.9962646,0.00034322895
PIATE,PIATE,0.0023418637,0.004944598,0.010496441,0.98115647,0.001060602
PIATE,PIATE,0.0011533268,0.0013075636,0.008718623,0.988339,0.00048150856
PIATE,PIATE,7.551217e-05,7.2647344e-05,0.0005656501,0.9992535,3.2683405e-05
PIATE,PIATE,4.909665e-05,5.6746183e-05,0.0005043976,0.9993686,2.1144377e-05
PIATE,PIATE,0.0014528809,0.0022070142,0.020672077,0.9753133,0.00035471475
PIATE,PIATE,1.1891416e-05,3.184657e-06,1.8528448e-05,0.9999585,7.86899e-06
PIATE,PIATE,4.0931485e-05,3.6295005e-05,0.0005527434,0.99934894,2.1128972e-05
PIATE,PIATE,0.00027435223,0.00042546412,0.0028523987,0.9963439,0.000103897095
PIATE,PIATE,0.000105293126,0.00011472943,0.002227166,0.99750423,4.856371e-05
PIATE,PIATE,6.138312e-05,5.6180503e-05,0.0014006993,0.99845594,2.5833227e-05
PIATE,PIATE,3.9730792e-05,5.9297206e-05,0.0006894292,0.9991932,1.8375727e-05
PIATE,PIATE,0.0008126436,0.0024431748,0.016896043,0.97962403,0.00022416687
PIATE,PIATE,0.000121975594,0.0001613861,0.0033736322,0.9962828,6.0206934e-05
PIATE,PIATE,0.00022717909,0.00020506722,0.0059200455,0.9935728,7.493984e-05
PIATE,PIATE,0.00014606015,0.00015543003,0.0012967476,0.9983547,4.7105143e-05
PIATE,PIATE,7.7988574e-05,7.238917e-05,0.00088976906,0.99892527,3.460075e-05
PIATE,PIATE,8.966702e-05,1.7610388e-05,0.015149406,0.984697,4.632055e-05
PIATE,PIATE,0.0039865263,0.019115001,0.052822057,0.9229482,0.0011282524
PIATE,PIATE,0.0050767837,0.0135892,0.06985733,0.90994346,0.0015331906
PIATE,PIATE,0.0049976185,0.03464232,0.023819601,0.9349357,0.0016048034
PIATE,PIATE,0.0010884067,0.0043225563,0.009238981,0.9849309,0.00041918684
PIATE,PIATE,0.0016924689,0.0042094258,0.03222892,0.9613407,0.0005285007
PIATE,PIATE,0.0014150311,5.6549732e-05,0.0013241819,0.9971243,7.994811e-05
PIATE,PIATE,3.4787307e-05,3.4237968e-07,1.0015329e-05,0.99994594,8.912111e-06
PIATE,PIATE,2.3675837e-05,1.0365721e-06,0.00046845936,0.998726,0.0007808374
PIATE,PIATE,0.00028865633,5.73951e-06,0.0002681097,0.9993829,5.4598495e-05
PIATE,PIATE,1.6644608e-05,8.5634994e-08,2.8344512e-06,0.9991072,0.00087331445
PIATE,PIATE,0.00012070871,1.9994193e-06,0.0019905025,0.98965204,0.008234784
PIATE,PIATE,0.00095487514,4.3649034e-06,0.00019317202,0.9042737,0.09457392
PIATE,PIATE,0.0049253833,6.75366e-05,0.024583407,0.9652351,0.0051886113
PIATE,PIATE,0.015305009,0.00039597898,0.13046274,0.8429982,0.0108380895
PIATE,PIATE,0.004539738,4.5023593e-05,0.06295047,0.7155602,0.21690458
PIATE,PIATE,0.0011383232,6.0398772e-05,0.03935364,0.95713764,0.0023099661
PIATE,PIATE,0.014075252,0.00017047537,0.10253609,0.8523484,0.030869806
PIATE,PIATE,0.01574051,0.00040393337,0.22765976,0.74382275,0.012373004
PIATE,PIATE,0.0048824497,2.5115885e-05,0.0089112045,0.978318,0.007863303
PIATE,PIATE,0.0012899417,2.2536397e-05,0.018404903,0.9107726,0.06950999
PIATE,PIATE,1.5503841e-05,3.974693e-07,0.00044458348,0.9984535,0.0010860409
PIATE,PIATE,0.00064599916,4.6411136e-05,0.008457592,0.990751,9.893138e-05
PIATE,PIATE,7.969967e-06,4.7594195e-08,1.7930486e-07,0.99998313,8.662177e-06
PIATE,PIATE,0.030192506,0.00038595145,0.031645052,0.92967075,0.00810577
PIATE,PIATE,0.004237313,1.8185443e-05,0.0017228024,0.9885257,0.005495998
PIATE,PIATE,0.11568705,0.0077442355,0.39707646,0.47877964,0.0007126088
PIATE,PIATE,0.0035275624,0.00018677129,0.046125345,0.9476606,0.0024997275
PIATE,PIARA,0.06583738,0.0032384943,0.58182555,0.34885445,0.00024413815
PIATE,PIATE,0.030618401,0.0037184192,0.42025554,0.5447777,0.00062986533
PIATE,PIATE,0.0002932438,9.605513e-07,1.4307082e-05,0.997079,0.0026124497
PIATE,PIATE,0.00020624242,2.159662e-06,0.0001482733,0.9990315,0.0006118669
PIATE,PIATE,0.0003789118,8.8533017e-07,2.9384286e-05,0.9988534,0.0007374526
PIATE,PIATE,0.0047894595,0.000104753206,0.080945745,0.9073787,0.0067813853
PIATE,PIATE,0.0011121816,5.0443473e-06,0.00010188061,0.98139924,0.017381692
PIATE,PIARA,0.057457514,0.0017150538,0.60101753,0.33580953,0.0040003965
PIATE,PIATE,0.017548619,0.00013752784,0.0021437888,0.97919077,0.0009793371
PIATE,PIATE,0.003031484,1.1661324e-05,0.00040263886,0.9949503,0.0016039106
PIATE,PIATE,0.010000154,0.00020226293,0.0033227268,0.9844341,0.0020407347
PIATE,PIATE,0.0010518077,5.7312777e-06,0.0007575906,0.99611145,0.0020734284
PIATE,PIATE,0.004793384,1.680218e-05,0.00024112592,0.98699313,0.007955611
PIATE,PIATE,0.0029306596,1.20667955e-05,0.00040817837,0.99283093,0.0038181578
PIATE,PIATE,0.0428627,0.00055923796,0.033041675,0.90669614,0.016840195
PIATE,PIATE,0.0023769632,3.7733723e-06,0.001201877,0.99608004,0.00033738362
PIATE,PIATE,0.0050879396,8.353112e-06,0.00019788415,0.9943596,0.00034618741
PIATE,PIATE,0.0004540218,8.140628e-07,1.0474786e-05,0.9990618,0.0004728861
PIATE,PIATE,0.0032250113,0.00040920998,0.011923814,0.98409516,0.00034676207
PIATE,PIATE,0.0014658067,0.00037055058,0.45182145,0.54604393,0.0002982031
PIATE,PIATE,0.025647022,0.0049115075,0.08780053,0.87679374,0.004847215
PIATE,PIATE,5.677807e-06,2.5898953e-07,0.00031711455,0.99922013,0.00045685456
PIATE,PIATE,1.8264694e-06,1.4915615e-07,0.000149021,0.9998185,3.05404e-05
PIATE,PIATE,6.65491e-06,1.1433544e-07,1.8797725e-06,0.9908272,0.009164134
PIATE,PIATE,1.7747836e-05,8.486163e-07,0.0013117325,0.9961712,0.0024985112
PIATE,PIATE,6.7844007e-06,2.6290985e-08,2.5680094e-07,0.9368843,0.0631086
PIATE,PIATE,3.2763792e-06,1.3367975e-07,0.00026805463,0.9988942,0.00083435007
PIATE,PIATE,0.00020849274,1.3027952e-05,0.031784758,0.96784455,0.00014919727
PIATE,PIATE,0.0013374231,2.8480265e-05,0.0029225913,0.9956422,6.930443e-05
PIATE,PIATE,3.4873043e-05,7.0564573e-07,5.5186778e-05,0.9998847,2.4515892e-05
PIATE,PIARA,0.10677585,0.005885136,0.5908511,0.2939399,0.0025479933
PIATE,PIARA,0.10901775,0.009294815,0.63335127,0.24717994,0.0011562986
PIATE,PIARA,0.0023198277,0.00036229775,0.5780649,0.4189878,0.00026517856
PIATE,PIATE,4.5130305e-06,1.15569215e-07,4.6945534e-06,0.99988294,0.000107745975
PIATE,PIATE,6.487195e-05,2.1098137e-06,0.0003832377,0.99832016,0.0012296453
PIATE,PIATE,1.9284276e-05,6.2327064e-07,0.0006349027,0.9979778,0.0013674023
PIATE,PIATE,3.3489167e-05,4.46144e-06,0.00020925877,0.9997268,2.6051956e-05
PIATE,PIATE,1.1173934e-06,2.3144764e-08,1.3568612e-07,0.9999371,6.1604114e-05
PIATE,PIATE,1.5086944e-05,3.90725e-07,6.7695373e-06,0.9805954,0.019382369
PIATE,PIATE,0.0028053015,4.2904194e-06,8.350421e-05,0.9858601,0.011246825
PIATE,PIATE,5.3762647e-06,1.3573406e-07,2.9096702e-07,0.9999925,1.7144908e-06
PIATE,PIATE,1.1547436e-05,4.854615e-07,9.057471e-06,0.99997425,4.6148393e-06
PIATE,PIATE,0.0016858894,3.444475e-05,0.10904861,0.8495835,0.03964747
PIATE,PIATE,7.884716e-06,3.217037e-07,0.00044866532,0.99950266,4.0499795e-05
PIATE,PIATE,0.0032181393,0.00088558963,0.4870824,0.5081154,0.0006985091
PIATE,PIATE,0.0008066817,1.4363593e-05,0.1601745,0.828349,0.01065544
PIATE,PIATE,2.5337073e-05,2.2131243e-07,2.0319292e-05,0.9697583,0.030195866
PIATE,PIATE,0.00086898106,7.844833e-05,0.0051108925,0.99351656,0.00042507623
PIATE,PIATE,0.0060228943,1.339181e-05,0.0012396768,0.8906365,0.10208759
PIATE,PIATE,0.0026198719,1.4051747e-05,0.00074875355,0.77999765,0.2166197
PIATE,PIATE,0.0010181816,3.7953273e-06,0.0004979445,0.91585267,0.08262742
PIATE,PIATE,0.00014784532,4.223682e-07,1.0703665e-05,0.9861415,0.0136995595
PIATE,PIATE,5.590601e-05,3.824558e-07,6.1694354e-06,0.92777866,0.0721589
PIATE,PIATE,4.31153e-05,4.3451536e-07,0.00011456336,0.9932735,0.0065683713
PIATE,PIATE,0.00015388348,4.897524e-06,0.0011871033,0.8194815,0.17917266
PIATE,PIATE,7.784774e-05,1.0237443e-06,3.854353e-05,0.5725919,0.42729068
PIATE,PIATE,0.00022666252,4.1153817e-06,0.0007451622,0.7565162,0.24250787
PIATE,PIATE,5.673332e-05,1.0685836e-06,0.0011219806,0.9822367,0.016583592
PIATE,PIATE,0.0027724153,0.00010728888,0.09258961,0.737709,0.16682169
PIATE,PIATE,0.00014887797,1.2124095e-06,0.0006095681,0.8941927,0.10504766
PIATE,PIATE,0.00017712737,1.2269395e-06,0.0004163056,0.8919879,0.107417434
PIATE,PIATE,4.0893727e-05,5.3962674e-07,0.0002658359,0.9902306,0.009462149
PIATE,PIATE,1.2731779e-05,2.1971431e-07,0.00033516073,0.73649853,0.26315337
PIATE,PIATE,5.6497556e-05,6.2755026e-07,0.0007833189,0.9616304,0.03752916
PIATE,PIATE,1.1461295e-05,1.9396961e-07,0.0001514409,0.9986996,0.0011373429
PIATE,PIATE,6.6691155e-06,2.681144e-07,0.00025366622,0.9988383,0.0009011231
PIATE,PIATE,1.3167884e-06,1.5292233e-08,5.134545e-07,0.9994668,0.00053135015
PIATE,PIATE,1.1888633e-05,1.6695842e-07,1.492023e-05,0.98790133,0.012071695
PIATE,PIAAT,0.63270855,0.058818687,0.19760942,0.086237594,0.024625717
PIATE,PIAVE,0.26484513,0.02214565,0.19045065,0.18584003,0.33671853
PIATE,PIARA,0.25391123,0.024307467,0.4662252,0.21555114,0.04000497
PIATE,PIATE,0.27737218,0.015905041,0.18882208,0.47394317,0.043957535
PIATE,PIAAT,0.47226822,0.17451018,0.20291133,0.12034319,0.029967071
PIATE,PIAAT,0.5404825,0.0678513,0.17832224,0.16868658,0.04465732
PIATE,PIAAT,0.39239997,0.045202296,0.15226941,0.39077052,0.019357795
PIATE,PIARA,0.09646316,0.3140659,0.54365796,0.038848773,0.0069641476
PIATE,PIALE,0.21325313,0.30589902,0.18980365,0.25543913,0.035605103
PIATE,PIAAT,0.5377925,0.05612652,0.35753217,0.038201723,0.010347041
PIATE,PIALE,0.13678382,0.5097946,0.35162488,0.0013997378,0.00039705264
PIATE,PIAAT,0.43911618,0.018649004,0.42527646,0.115608856,0.001349501
PIATE,PIAAT,0.47642374,0.10637451,0.36977842,0.044788823,0.002634558
PIATE,PIAAT,0.39665568,0.306982,0.26784146,0.025329318,0.0031915535
PIATE,PIARA,0.22772104,0.3634795,0.37529546,0.029205235,0.004298779
PIATE,PIAAT,0.49949563,0.026566058,0.14096889,0.32788226,0.0050871354
PIATE,PIAAT,0.3558136,0.17777877,0.11638062,0.33889988,0.011127158
PIATE,PIALE,0.24888018,0.3871179,0.056818053,0.3027041,0.004479776
PIATE,PIALE,0.13429916,0.53462166,0.3204374,0.009723334,0.0009185118
PIATE,PIARA,0.1455425,0.10796964,0.7337853,0.012002727,0.00069995626
PIATE,PIAAT,0.5224542,0.27313796,0.1549728,0.04664328,0.0027917835
PIATE,PIARA,0.015487702,0.020048494,0.6415471,0.32212612,0.00079068256
PIATE,PIARA,0.24149972,0.1612289,0.5395361,0.05549383,0.0022414278
PIATE,PIATE,0.32007948,0.020205412,0.27107918,0.38639033,0.0022456006
PIATE,PIAAT,0.34616956,0.07943877,0.3316787,0.2339093,0.008803769
PIATE,PIATE,0.26337585,0.0047375965,0.040944315,0.64841324,0.042529054
PIATE,PIATE,0.3003843,0.005383304,0.024326056,0.66860336,0.0013029145
PIATE,PIARA,0.1305788,0.1360591,0.6303572,0.10176977,0.0012352039
PIATE,PIATE,0.19739395,0.09894404,0.11436613,0.5866233,0.0026725563
PIATE,PIARA,0.07505855,0.09019594,0.644371,0.18769401,0.0026805259
PIATE,PIARA,0.08637163,0.09592927,0.74317336,0.068066575,0.0064591453
PIATE,PIARA,0.024732374,0.36396194,0.50753087,0.09158805,0.012186783
PIATE,PIARA,0.06792145,0.28828523,0.5811882,0.05640036,0.0062047774
PIATE,PIALE,0.013662338,0.6963908,0.2646265,0.0159089,0.009411439
PIATE,PIARA,0.006627201,0.18960033,0.7939013,0.008517784,0.0013534033
PIATE,PIARA,0.001867628,0.43203858,0.56367546,0.002088444,0.0003298945
PIATE,PIALE,0.024895616,0.6029229,0.17632823,0.18806891,0.0077843196
PIATE,PIARA,0.069290265,0.11045709,0.5840895,0.18090385,0.055259287
PIATE,PIARA,0.008240132,0.4178251,0.5677883,0.005390049,0.00075635227
PIATE,PIALE,0.014614711,0.54818225,0.22000204,0.20663726,0.010563704
PIATE,PIALE,0.019765288,0.5452335,0.40986264,0.021364372,0.0037741244
PIATE,PIALE,0.006589988,0.904141,0.06871712,0.018262092,0.0022898107
PIATE,PIARA,0.025488596,0.22841915,0.6164846,0.03732721,0.09228047
PIATE,PIALE,0.0011802317,0.9600743,0.03668125,0.0015755384,0.00048873137
PIATE,PIALE,0.0030288496,0.8904178,0.09927508,0.006449706,0.0008285761
PIATE,PIALE,0.048922744,0.38105035,0.33289155,0.21479873,0.022336576
PIATE,PIARA,0.025289774,0.40458184,0.5116212,0.055824142,0.002682991
PIATE,PIARA,0.15321445,0.2796409,0.2841088,0.27244633,0.010589556
PIATE,PIALE,0.046957422,0.45569515,0.2718523,0.15977262,0.065722525
PIATE,PIALE,0.027936075,0.48907366,0.420775,0.05116006,0.0110552395
PIATE,PIATE,0.0025079832,0.00045693823,0.0041493424,0.9911983,0.0016874542
PIATE,PIATE,0.00097084313,0.00022030382,0.0009953667,0.99722826,0.00058514887
PIATE,PIATE,0.00043797115,5.213096e-05,0.00063436554,0.9980047,0.00087090256
PIATE,PIATE,0.0009180189,0.0002278063,0.001067691,0.9968656,0.0009208899
PIATE,PIATE,0.00037120836,5.750267e-05,0.0005357584,0.99864495,0.00039063647
PIATE,PIATE,0.00072419766,0.00011514536,0.0010015157,0.99711096,0.0010481885
PIATE,PIATE,0.00077775086,0.00012633739,0.0008468311,0.9970237,0.0012253999
PIATE,PIATE,0.0008100708,0.000118148964,0.001070448,0.99728894,0.00071242417
PIATE,PIATE,0.0002551985,3.1605556e-05,0.0008158955,0.9983475,0.00054977887
PIATE,PIATE,0.0023257313,0.00027184756,0.0014818985,0.99243,0.003490596
PIATE,PIATE,0.00021208014,0.0017674459,0.061483026,0.9364482,8.9269735e-05
PIATE,PIATE,5.3813157e-05,5.1688727e-05,0.0052375635,0.9946317,2.5206054e-05
PIATE,PIATE,8.3665516e-05,0.00014998767,0.0051658694,0.9945678,3.2646763e-05
PIATE,PIATE,0.00014299105,0.0003438974,0.13985746,0.8595759,7.973909e-05
PIATE,PIATE,0.00023935977,3.929436e-05,0.013934047,0.98565775,0.00012946822
PIATE,PIATE,0.00026125574,0.0043188604,0.04604948,0.94930315,6.7238754e-05
PIATE,PIATE,0.0001033939,0.0018099756,0.039001517,0.9590523,3.282571e-05
PIATE,PIATE,7.65488e-05,0.0030251394,0.08664633,0.9101977,5.428432e-05
PIATE,PIATE,0.00051676255,0.024045607,0.18567142,0.78943807,0.00032812823
PIATE,PIATE,0.0001111241,1.2854977e-05,0.004041607,0.9958088,2.5680709e-05
PIATE,PIATE,2.2093705e-05,3.0183157e-05,0.0013723887,0.99856734,8.002606e-06
PIATE,PIATE,8.00205e-06,8.134958e-06,0.0002771788,0.9997028,3.889058e-06
PIATE,PIATE,4.049124e-05,9.25109e-05,0.00079586566,0.99905545,1.5677615e-05
PIATE,PIATE,1.3926367e-06,5.1621316e-07,7.444268e-06,0.99999034,3.1714234e-07
PIATE,PIATE,1.6976062e-06,2.6825603e-07,4.0140267e-06,0.99999374,2.880684e-07
PIATE,PIATE,1.8181839e-06,9.5046215e-07,1.4955777e-05,0.99998164,6.3217584e-07
PIATE,PIATE,3.3887227e-06,1.602453e-05,0.00018781166,0.9997895,3.3123274e-06
PIATE,PIATE,9.718771e-07,3.5051664e-07,2.2613987e-05,0.9999757,3.0344336e-07
PIATE,PIATE,3.9958004e-06,1.6880069e-06,2.9493836e-05,0.9999629,1.9464444e-06
PIATE,PIATE,1.5195342e-06,3.0793646e-07,1.3162205e-05,0.9999847,3.7518157e-07
PIATE,PIATE,0.0031167185,0.00019051752,0.0025699737,0.95936227,0.034760565
PIATE,PIATE,9.0382986e-05,7.702919e-06,8.8787274e-05,0.99972934,8.3807296e-05
PIATE,PIATE,0.00042913022,0.00017308802,0.00942422,0.9896233,0.0003502815
PIATE,PIATE,0.00047616527,1.8782759e-05,0.0003470014,0.9940226,0.005135456
PIATE,PIATE,0.00029310805,1.8872151e-05,0.00037534084,0.99622893,0.0030837357
PIATE,PIATE,0.0011204844,4.358669e-05,0.00030709465,0.9809049,0.017623963
PIATE,PIATE,0.0004123081,2.302105e-05,0.00025698388,0.99723774,0.0020699305
PIATE,PIATE,0.0012454217,6.494153e-05,0.00046428485,0.9839799,0.014245454
PIATE,PIATE,0.0009837451,7.019195e-05,0.00052662054,0.98250395,0.015915507
PIATE,PIATE,0.00092002866,4.044244e-05,0.00011723174,0.9930532,0.005869111
PIATE,PIATE,0.00019436309,0.00012051314,0.0049476395,0.99459326,0.0001442295
PIATE,PIATE,2.7075132e-05,1.3888832e-06,3.780041e-05,0.99991876,1.4994353e-05
PIATE,PIATE,4.7629685e-05,5.455083e-06,0.00037738486,0.9994932,7.635172e-05
PIATE,PIATE,0.000648231,5.2040454e-05,0.0013238405,0.99531674,0.0026591762
PIATE,PIATE,0.00025314614,0.00016228022,0.006399531,0.99291635,0.00026871773
PIATE,PIATE,0.0006865966,5.8466358e-05,0.0008688708,0.9957912,0.0025948647
PIATE,PIATE,2.152825e-05,1.6144343e-06,7.628055e-05,0.9998556,4.5020577e-05
PIATE,PIATE,1.1618921e-05,2.6879843e-06,3.311128e-05,0.9999418,1.0743403e-05
PIATE,PIATE,0.0006521584,3.8993086e-05,0.00042371918,0.99493575,0.003949409
PIATE,PIATE,0.00040854694,2.852446e-05,0.0006597616,0.99707913,0.0018240574
PIATE,PIATE,0.01196327,0.0054628076,0.28503907,0.6938892,0.0036456217
PIATE,PIATE,0.060934495,0.001373718,0.005785291,0.9316398,0.00026675692
PIATE,PIATE,0.00067903707,8.398333e-06,0.00016618105,0.9991296,1.6792073e-05
PIATE,PIATE,0.013294944,0.0019972564,0.06973886,0.9142399,0.00072906277
PIATE,PIATE,0.009028321,0.0006507957,0.0063148616,0.9836128,0.00039321656
PIATE,PIATE,6.683932e-05,2.178808e-06,2.7458662e-05,0.9999007,2.8243587e-06
PIATE,PIATE,0.00051004026,3.0395902e-05,0.0019862754,0.99743354,3.973325e-05
PIATE,PIATE,0.005044091,0.00037648345,0.0072245183,0.9868168,0.00053811737
PIATE,PIATE,0.009730222,0.0009683029,0.022896478,0.96611345,0.00029153877
PIATE,PIATE,0.0007509986,8.6175874e-05,0.031467903,0.96767163,2.3334698e-05
PIATE,PIATE,0.000120244986,2.4717126e-06,3.931401e-05,0.9997776,6.0351795e-05
PIATE,PIATE,0.00051831576,2.3956625e-05,0.00025038427,0.9990556,0.00015165364
PIATE,PIATE,0.0004972312,1.7869728e-05,0.00086281716,0.99838483,0.00023722934
PIATE,PIATE,0.00034252903,9.260262e-06,7.243395e-05,0.99938136,0.0001944071
PIATE,PIATE,0.00040373672,5.8657286e-05,0.002126754,0.9971944,0.00021640974
PIATE,PIATE,0.0004611028,1.5556257e-05,0.00031667555,0.9989008,0.0003058784
PIATE,PIATE,4.053212e-05,3.7221337e-06,2.704051e-05,0.99990964,1.9117571e-05
PIATE,PIATE,6.632169e-05,1.0507659e-05,0.00017993091,0.9997103,3.2846783e-05
PIATE,PIATE,6.0336934e-05,1.0454877e-05,0.00011671351,0.9997759,3.6612415e-05
PIATE,PIATE,0.00010391125,1.1207645e-05,0.00017843756,0.9996314,7.5090014e-05
PIATE,PIATE,0.00012890423,0.00023288335,0.2349787,0.7646399,1.9596755e-05
PIATE,PIATE,6.86937e-05,0.0002033511,0.37853968,0.62116617,2.2097112e-05
PIATE,PIATE,0.00014331924,0.00012586617,0.4574227,0.54229176,1.6368476e-05
PIATE,PIATE,6.756787e-05,3.2528687e-06,0.014044041,0.98587054,1.4591425e-05
PIATE,PIARA,0.00044119076,0.0001033853,0.86819685,0.13125211,6.472004e-06
PIATE,PIATE,0.005265394,6.150342e-05,0.108140565,0.88645285,7.971485e-05
PIATE,PIATE,0.0024400945,0.00079622684,0.44639114,0.55033565,3.689156e-05
PIATE,PIATE,9.8948316e-05,4.7591162e-05,0.13463388,0.865206,1.3601035e-05
PIATE,PIATE,2.2068527e-05,6.0599832e-05,0.2494081,0.75049406,1.5215965e-05
PIATE,PIARA,0.00012330966,9.0052534e-05,0.99846584,0.001316818,3.958816e-06
PIATE,PIATE,0.090440385,0.029008001,0.03899913,0.8396399,0.0019126133
PIATE,PIATE,0.0039158007,0.0088639455,0.005970573,0.9810533,0.00019639464
PIATE,PIATE,0.00033486914,6.3492116e-06,7.8689896e-05,0.9995746,5.494597e-06
PIATE,PIATE,0.010782338,0.000845907,0.007329768,0.9809167,0.00012532831
PIATE,PIATE,0.0120875025,0.004523595,0.0121666705,0.97067887,0.00054337754
PIATE,PIATE,0.0007236509,3.6471276e-05,0.00031793228,0.9988718,5.0155664e-05
PIATE,PIATE,0.011840345,0.0005905136,0.01125806,0.9762026,0.00010849222
PIATE,PIATE,0.016706344,0.00028739843,0.0018763475,0.98095787,0.00017207606
PIATE,PIATE,0.00071934203,2.4730818e-05,0.00056740525,0.99866045,2.8101407e-05
PIATE,PIATE,0.0004453782,0.00020647224,0.00075022934,0.9985721,2.5791433e-05
PIATE,PIATE,0.005008474,0.00025001602,0.0024964523,0.9905349,0.0017101879
PIATE,PIATE,0.0060876366,0.00095292635,0.004537229,0.9866798,0.0017424177
PIATE,PIATE,0.0011920361,0.0003312826,0.0017848683,0.99662614,6.5658125e-05
PIATE,PIATE,0.00041708178,9.557228e-05,0.0005421935,0.9989225,2.262839e-05
PIATE,PIATE,0.0058335243,0.000386174,0.0045285113,0.9891603,9.1518086e-05
PIATE,PIATE,0.002913873,0.00011702129,0.001495874,0.99532354,0.0001496351
PIATE,PIATE,0.0067972713,9.0889516e-05,0.0032765178,0.98953164,0.0003037025
PIATE,PIATE,0.005010857,0.0012531315,0.02415312,0.9692817,0.0003012398
PIATE,PIATE,0.00492232,0.00029104497,0.00139941,0.993219,0.0001682213
PIATE,PIATE,0.00029797936,3.313948e-05,0.0002477036,0.9994047,1.6429678e-05
PIAVE,PIATE,0.00430015,0.0006284034,0.004275829,0.98828983,0.0025057495
PIAVE,PIATE,0.006457733,0.0013315328,0.004933338,0.98297447,0.0043029324
PIAVE,PIATE,0.0024960274,0.00032020913,0.0019415217,0.9943905,0.00085177785
PIAVE,PIATE,0.0068429084,0.0014733685,0.004595544,0.98450255,0.002585665
PIAVE,PIATE,0.010310345,0.001913838,0.0078017833,0.9748249,0.005149144
PIAVE,PIATE,0.013198511,0.0025778017,0.008217651,0.96785295,0.008153133
PIAVE,PIATE,0.010126331,0.0018734614,0.008489311,0.9762113,0.00329961
PIAVE,PIATE,0.0089075845,0.0014815353,0.005861999,0.9778458,0.005903093
PIAVE,PIATE,0.010068707,0.0015604316,0.007879043,0.96858066,0.011911131
PIAVE,PIATE,0.0071318215,0.00075086567,0.0051160874,0.9736044,0.013396884
PIAVE,PIATE,0.00013079555,2.3316028e-05,5.0173465e-05,0.99974996,4.5778506e-05
PIAVE,PIATE,0.00012829503,3.3155593e-05,5.370298e-05,0.9997144,7.046973e-05
PIAVE,PIATE,0.00015171253,7.197163e-05,9.031658e-05,0.9996072,7.88344e-05
PIAVE,PIATE,0.00014030946,1.6758231e-05,3.320731e-05,0.9997852,2.457759e-05
PIAVE,PIATE,0.0002322013,1.6453783e-05,2.9554003e-05,0.9995557,0.00016603695
PIAVE,PIATE,0.00030096585,4.375647e-05,7.712856e-05,0.9993881,0.00019007707
PIAVE,PIATE,0.00035165632,5.100635e-05,9.4167655e-05,0.99933416,0.00016901678
PIAVE,PIATE,0.00033465936,1.8409002e-05,4.3685402e-05,0.9994247,0.00017860404
PIAVE,PIATE,0.000824646,6.377672e-05,0.0001345868,0.9987509,0.00022609689
PIAVE,PIATE,0.00020267318,7.94475e-06,1.8227433e-05,0.9996592,0.00011201897
PIAVE,PIATE,0.0038527925,0.0010286133,0.002354791,0.9923609,0.00040291768
PIAVE,PIATE,6.1701125e-05,7.4316695e-06,1.5611384e-05,0.999897,1.8241071e-05
PIAVE,PIATE,0.0007232149,3.6636426e-05,9.032249e-05,0.99908555,6.430322e-05
PIAVE,PIATE,0.0002108026,2.6056634e-05,4.2571803e-05,0.9996662,5.4404343e-05
PIAVE,PIATE,0.00084186,5.8219528e-05,0.0006041844,0.9984236,7.2194816e-05
PIAVE,PIATE,0.00035332193,8.5881715e-05,0.0001354043,0.9993415,8.3946004e-05
PIAVE,PIATE,0.006291594,0.0011950531,0.0015300937,0.9901806,0.0008026831
PIAVE,PIATE,0.008487555,0.002015323,0.0029205033,0.98576856,0.00080810627
PIAVE,PIATE,0.0075135063,0.0006824839,0.0015799073,0.9896509,0.00057322736
PIAVE,PIATE,0.010812903,0.0005862908,0.0023013512,0.985759,0.00054042053
PIAVE,PIATE,0.0028735006,0.0005024812,0.0009004358,0.9947042,0.0010194278
PIAVE,PIATE,0.00020896365,4.038978e-05,5.2606603e-05,0.9995114,0.0001866328
PIAVE,PIATE,0.00055165956,0.0001435208,0.00019815665,0.99857885,0.00052784244
PIAVE,PIATE,0.00082409004,9.877738e-05,0.00016059722,0.99852467,0.00039184117
PIAVE,PIATE,0.0014314685,0.0001709618,0.00046530407,0.9973154,0.00061679236
PIAVE,PIATE,0.0014914104,0.0002911893,0.0004771442,0.99736303,0.00037726792
PIAVE,PIATE,0.0035870597,0.00068009173,0.0025293361,0.99192125,0.0012823103
PIAVE,PIATE,0.0055155004,0.0010822826,0.0038622308,0.98710996,0.002430027
PIAVE,PIATE,0.004160234,0.00080403866,0.0028982249,0.9913792,0.00075829745
PIAVE,PIATE,0.0036774077,0.00082419737,0.0037909423,0.9906855,0.0010218675
PIAVE,PIATE,0.0013604957,5.614153e-05,0.00021014136,0.99772453,0.00064872036
PIAVE,PIATE,0.0018676587,8.198694e-05,0.00035118443,0.99594605,0.0017530821
PIAVE,PIATE,0.001552311,0.0002486311,0.00050264265,0.99649704,0.0011993465
PIAVE,PIATE,0.0017762103,9.092464e-05,0.00020577952,0.99755335,0.00037373515
PIAVE,PIATE,0.002403001,0.00028782015,0.0007784529,0.9943502,0.0021805393
PIAVE,PIATE,0.007814433,0.0012641925,0.004283227,0.98208416,0.004553985
PIAVE,PIATE,0.012374512,0.0026766472,0.0064223995,0.97418404,0.004342321
PIAVE,PIATE,0.010888122,0.0010208058,0.0053819963,0.97920525,0.0035038446
PIAVE,PIATE,0.0070995935,0.0010123475,0.0038755112,0.9816846,0.006327941
PIAVE,PIATE,0.009737984,0.0019432281,0.0050817896,0.9809368,0.002300089
PIAVE,PIATE,0.012862665,4.3618154e-05,8.94789e-05,0.6448285,0.34217572
PIAVE,PIATE,0.0033741845,2.1293252e-05,4.782577e-05,0.51725024,0.47930646
PIAVE,PIAVE,0.0046628453,1.3729976e-05,1.3848113e-05,0.44813767,0.5471719
PIAVE,PIATE,0.0010877867,3.9922443e-06,1.6467266e-05,0.9649749,0.033916913
PIAVE,PIATE,0.0026645805,9.316158e-06,8.820034e-05,0.9833044,0.013933543
PIAVE,PIAVE,0.00013009389,2.239608e-06,3.824088e-07,0.020146454,0.97972083
PIAVE,PIAVE,0.0020596173,1.4386409e-05,1.1961079e-05,0.18759966,0.8103144
PIAVE,PIATE,0.0026105694,5.0725257e-06,1.1483756e-05,0.8585826,0.13879026
PIAVE,PIATE,0.0011790477,2.8698457e-06,4.031558e-06,0.63567346,0.36314058
PIAVE,PIATE,0.007087277,1.2249132e-05,2.3011846e-05,0.7774335,0.21544397
PIAVE,PIAVE,0.0010822184,1.7265053e-05,5.4967633e-05,0.071209215,0.9276363
PIAVE,PIAVE,0.0011840239,3.4960246e-06,1.7209042e-06,0.18318515,0.8156256
PIAVE,PIAAT,0.38640833,0.018465785,0.227056,0.23805003,0.13001993
PIAVE,PIAVE,0.0013230052,1.9041445e-05,5.188188e-05,0.033623878,0.9649822
PIAVE,PIAVE,0.0010766323,1.498711e-06,4.5125938e-07,0.32182992,0.67709154
PIAVE,PIAVE,0.0024438445,1.2528589e-05,1.27487765e-05,0.0029588118,0.99457204
PIAVE,PIAVE,0.0011409882,2.5691047e-06,2.6288598e-07,0.017205222,0.98165095
PIAVE,PIAVE,0.000802862,4.8082875e-06,1.0769669e-06,0.056117006,0.9430742
PIAVE,PIAVE,0.009297477,2.7299247e-05,8.409777e-05,0.4545514,0.53603977
PIAVE,PIAVE,0.00044890304,9.0684216e-07,2.381991e-07,0.071154535,0.9283954
PIAVE,PIAVE,0.00010875323,2.416102e-07,9.749368e-08,0.030512607,0.9693783
PIAVE,PIAVE,0.00038933253,8.3629055e-07,8.1147397e-07,0.40399826,0.5956108
PIAVE,PIATE,0.0016016951,3.707646e-06,6.795883e-06,0.5483224,0.45006543
PIAVE,PIAVE,0.006273729,3.864169e-06,2.1756941e-06,0.4026103,0.59110993
PIAVE,PIAVE,0.0006662218,1.3570537e-06,1.188628e-06,0.21462363,0.78470767
PIAVE,PIAVE,0.0029446462,9.8855235e-06,4.2925694e-06,0.16611922,0.830922
PIAVE,PIAVE,0.00056464405,2.4116941e-06,4.0153265e-07,0.0314975,0.9679351
PIAVE,PIAVE,0.00030248408,2.836661e-07,7.258338e-08,0.03134587,0.9683513
PIAVE,PIAVE,0.00016888251,2.853473e-07,9.298907e-08,0.10448956,0.89534116
PIAVE,PIAVE,8.042233e-05,2.1528868e-07,2.6296794e-07,0.4142384,0.58568066
PIAVE,PIATE,0.001782674,1.7097395e-06,1.9728998e-06,0.96371025,0.034503423
PIAVE,PIAVE,0.0035333787,5.625741e-05,4.8006048e-05,0.08811914,0.90824324
PIAVE,PIATE,0.0031959051,3.055391e-06,7.714258e-06,0.9658218,0.030971505
PIAVE,PIAVE,0.006089066,6.392873e-06,7.9508245e-06,0.49567515,0.49822146
PIAVE,PIAVE,0.00024248754,7.0692965e-07,3.6092806e-07,0.45039985,0.5493566
PIAVE,PIAVE,9.1969865e-05,1.872195e-06,1.2823843e-06,0.008574892,0.99132997
PIAVE,PIAVE,0.003831106,0.0001647476,0.0033130662,0.02717296,0.9655181
PIAVE,PIAVE,0.00033938562,1.1608053e-06,4.0379444e-08,0.0070033674,0.99265605
PIAVE,PIAVE,5.0221042e-05,4.582274e-07,2.9460617e-08,0.01537922,0.9845701
PIAVE,PIAVE,0.00024975455,1.7441614e-06,4.2145768e-07,0.09083966,0.9089084
PIAVE,PIATE,0.068750694,0.031633474,0.025047854,0.8655024,0.009065561
PIAVE,PIATE,0.0719104,0.010964736,0.010866095,0.8985747,0.007684074
PIAVE,PIATE,0.18630758,0.038695198,0.024355013,0.73847604,0.0121661555
PIAVE,PIATE,0.20256063,0.15413769,0.038705822,0.5866798,0.01791603
PIAVE,PIATE,0.1865758,0.14205489,0.0521025,0.55569804,0.06356878
PIAVE,PIATE,0.18568718,0.07709091,0.03380147,0.6645509,0.038869582
PIAVE,PIATE,0.07079121,0.038904656,0.020135475,0.84209794,0.02807074
PIAVE,PIATE,0.06764009,0.1050466,0.038741633,0.7621628,0.026408844
PIAVE,PIATE,0.05023299,0.07780036,0.024542186,0.8316617,0.015762828
PIAVE,PIATE,0.25898522,0.024409613,0.026502809,0.679461,0.010641336
PIAVE,PIATE,0.2197487,0.21881726,0.066568196,0.4192078,0.07565802
PIAVE,PIATE,0.3726057,0.110397615,0.031458497,0.45112628,0.034411956
PIAVE,PIATE,0.014590199,0.008132546,0.00398689,0.9710615,0.0022288726
PIAVE,PIATE,0.2592315,0.11543219,0.040944546,0.5442005,0.040191285
PIAVE,PIATE,0.19549207,0.22985366,0.07195669,0.41972417,0.08297345
PIAVE,PIATE,0.18184815,0.23506437,0.072749905,0.42921633,0.08112129
PIAVE,PIATE,0.07548118,0.031003233,0.013045447,0.86485946,0.015610724
PIAVE,PIATE,0.3682781,0.086170554,0.030956266,0.49500823,0.019586876
PIAVE,PIATE,0.4279092,0.0645189,0.025960442,0.46195865,0.019652821
PIAVE,PIATE,0.046396967,0.024671454,0.018793786,0.9011445,0.008993208
PIAVE,PIATE,0.39295524,0.021385152,0.029531527,0.5291295,0.026998553
PIAVE,PIATE,0.37539014,0.022353306,0.01756831,0.5637335,0.02095473
PIAVE,PIATE,0.31448618,0.059805043,0.032310907,0.56708825,0.026309593
PIAVE,PIATE,0.12111779,0.050118733,0.023000894,0.7952093,0.010553202
PIAVE,PIATE,0.24557772,0.11337757,0.039725173,0.5520074,0.049312122
PIAVE,PIATE,0.22110471,0.11995597,0.04446965,0.5624214,0.052048326
PIAVE,PIATE,0.04237347,0.004611714,0.003835479,0.9359193,0.013260042
PIAVE,PIATE,0.12340511,0.041642625,0.019434623,0.7922016,0.023316085
PIAVE,PIATE,0.1805325,0.012246676,0.011062686,0.7893143,0.006843878
PIAVE,PIAAT,0.46791685,0.04663994,0.025380032,0.44430566,0.01575757
PIAVE,PIATE,0.07929165,0.0066784574,0.015112632,0.8923731,0.006544194
PIAVE,PIATE,0.14857885,0.073920555,0.027314695,0.71619695,0.03398898
PIAVE,PIATE,0.0057324264,0.0039953548,0.003956748,0.98470724,0.001608223
PIAVE,PIATE,0.1769887,0.17941554,0.04756226,0.5474417,0.048591726
PIAVE,PIATE,0.122144595,0.07922304,0.030146396,0.74083954,0.027646396
PIAVE,PIATE,0.070286445,0.00033161187,0.001105289,0.9162123,0.01206432
PIAVE,PIATE,0.036989953,0.0008322541,0.0023249576,0.95418227,0.0056704897
PIAVE,PIATE,0.02784878,0.0021880646,0.0026552249,0.9629489,0.0043590283
PIAVE,PIATE,0.06996584,0.0004023225,0.00073026627,0.9272413,0.001660286
PIAVE,PIATE,0.25820196,0.0027038343,0.003940597,0.72740215,0.007751517
