dataset,candidate_model,prep,delta_value
ALPINE_C_424_KS,CNN_reg,MSC,0.0381736917401032
ALPINE_C_424_KS,LGBM_reg,MSC,0.0552483766354815
ALPINE_C_424_KS,PLS_reg,MSC,0.0023091710591783
ALPINE_C_424_KS,CNN_reg,MSC_RNV,0.03302122278071741
ALPINE_C_424_KS,LGBM_reg,MSC_RNV,0.06260224983065
ALPINE_C_424_KS,PLS_reg,MSC_RNV,0.0024357963403522087
ALPINE_C_424_KS,CNN_reg,MSC_SNV,0.028247176338023303
ALPINE_C_424_KS,LGBM_reg,MSC_SNV,0.060382631332485504
ALPINE_C_424_KS,PLS_reg,MSC_SNV,0.0022955212756462923
ALPINE_C_424_KS,CNN_reg,MSC_gaussian,0.10174348658622061
ALPINE_C_424_KS,LGBM_reg,MSC_gaussian,0.027416036863216406
ALPINE_C_424_KS,Ridge_reg,MSC_gaussian,0.0701099871760076
ALPINE_C_424_KS,CNN_reg,MSC_haar,0.009811348054978408
ALPINE_C_424_KS,LGBM_reg,MSC_haar,0.007986790203337604
ALPINE_C_424_KS,Ridge_reg,MSC_haar,0.006380898748681696
ALPINE_C_424_KS,CNN_reg,MSC_normalize,0.036987419391270704
ALPINE_C_424_KS,LGBM_reg,MSC_normalize,0.06040350076885971
ALPINE_C_424_KS,PLS_reg,MSC_normalize,0.0023163907120204996
ALPINE_C_424_KS,CNN_reg,MSC_savgol,0.03830013752123039
ALPINE_C_424_KS,LGBM_reg,MSC_savgol,0.06635936363346699
ALPINE_C_424_KS,PLS_reg,MSC_savgol,0.001518676902828503
ALPINE_C_424_KS,CNN_reg,MSC_simplescale,0.045263562030258206
ALPINE_C_424_KS,LGBM_reg,MSC_simplescale,0.059576185000528706
ALPINE_C_424_KS,PLS_reg,MSC_simplescale,0.0025650427598681996
ALPINE_C_424_KS,CNN_reg,RNV,0.03234354036947401
ALPINE_C_424_KS,LGBM_reg,RNV,0.05706948621841461
ALPINE_C_424_KS,PLS_reg,RNV,0.0024357963410397976
ALPINE_C_424_KS,CNN_reg,RNV_SNV,0.01695317646379639
ALPINE_C_424_KS,LGBM_reg,RNV_SNV,0.057686251389526697
ALPINE_C_424_KS,PLS_reg,RNV_SNV,0.0022955212755285948
ALPINE_C_424_KS,CNN_reg,RNV_gaussian,0.0662773579271915
ALPINE_C_424_KS,LGBM_reg,RNV_gaussian,0.017164339084268704
ALPINE_C_424_KS,Ridge_reg,RNV_gaussian,0.012557513859828992
ALPINE_C_424_KS,CNN_reg,RNV_haar,0.008700812744694197
ALPINE_C_424_KS,LGBM_reg,RNV_haar,0.001982005390431793
ALPINE_C_424_KS,Ridge_reg,RNV_haar,0.0055577897045401975
ALPINE_C_424_KS,CNN_reg,RNV_savgol,0.05117745460136289
ALPINE_C_424_KS,LGBM_reg,RNV_savgol,0.06149085780503441
ALPINE_C_424_KS,PLS_reg,RNV_savgol,0.0010059267449985948
ALPINE_C_424_KS,CNN_reg,RNV_simplescale,0.03545956969646301
ALPINE_C_424_KS,LGBM_reg,RNV_simplescale,0.056724141061799016
ALPINE_C_424_KS,PLS_reg,RNV_simplescale,0.002565042759872807
ALPINE_C_424_KS,CNN_reg,SNV,0.023809653989454505
ALPINE_C_424_KS,LGBM_reg,SNV,0.0568607755713028
ALPINE_C_424_KS,PLS_reg,SNV,0.00229552127611031
ALPINE_C_424_KS,CNN_reg,SNV_gaussian,0.025131294044873298
ALPINE_C_424_KS,LGBM_reg,SNV_gaussian,0.017625994360595906
ALPINE_C_424_KS,Ridge_reg,SNV_gaussian,0.014396204884274497
ALPINE_C_424_KS,CNN_reg,SNV_haar,0.012094740241538504
ALPINE_C_424_KS,LGBM_reg,SNV_haar,0.010428121718189493
ALPINE_C_424_KS,Ridge_reg,SNV_haar,0.004511314213566292
ALPINE_C_424_KS,CNN_reg,baseline,0.0446871164368462
ALPINE_C_424_KS,LGBM_reg,baseline,0.053130656317883884
ALPINE_C_424_KS,PLS_reg,baseline,0.0011868034394804938
ALPINE_C_424_KS,CNN_reg,baseline_MSC,0.03795365522776249
ALPINE_C_424_KS,LGBM_reg,baseline_MSC,0.05908145699526249
ALPINE_C_424_KS,PLS_reg,baseline_MSC,0.0023091710602118898
ALPINE_C_424_KS,CNN_reg,baseline_RNV,0.0391828061951726
ALPINE_C_424_KS,LGBM_reg,baseline_RNV,0.064947839365066
ALPINE_C_424_KS,PLS_reg,baseline_RNV,0.0024357963404441907
ALPINE_C_424_KS,CNN_reg,baseline_SNV,0.020528218808543205
ALPINE_C_424_KS,LGBM_reg,baseline_SNV,0.0568607755714135
ALPINE_C_424_KS,PLS_reg,baseline_SNV,0.0022955212762204025
ALPINE_C_424_KS,CNN_reg,baseline_derivate,0.008647121821502207
ALPINE_C_424_KS,LGBM_reg,baseline_derivate,0.0351363779554148
ALPINE_C_424_KS,Ridge_reg,baseline_derivate,0.0008465409712991867
ALPINE_C_424_KS,CNN_reg,baseline_detrend,0.0337181265403189
ALPINE_C_424_KS,LGBM_reg,baseline_detrend,0.04336878420740499
ALPINE_C_424_KS,PLS_reg,baseline_detrend,0.00014323283735100112
ALPINE_C_424_KS,CNN_reg,baseline_gaussian,0.1028646196571826
ALPINE_C_424_KS,LGBM_reg,baseline_gaussian,0.021548923353490096
ALPINE_C_424_KS,Ridge_reg,baseline_gaussian,0.06901605297647109
ALPINE_C_424_KS,CNN_reg,baseline_haar,0.011069599481804401
ALPINE_C_424_KS,LGBM_reg,baseline_haar,0.004142834666041706
ALPINE_C_424_KS,Ridge_reg,baseline_haar,0.004457838370102607
ALPINE_C_424_KS,CNN_reg,baseline_normalize,0.025772162288969003
ALPINE_C_424_KS,LGBM_reg,baseline_normalize,0.05832595266421921
ALPINE_C_424_KS,PLS_reg,baseline_normalize,0.0023163907119818916
ALPINE_C_424_KS,CNN_reg,baseline_savgol,0.05733077884779611
ALPINE_C_424_KS,LGBM_reg,baseline_savgol,0.06665598102209
ALPINE_C_424_KS,PLS_reg,baseline_savgol,0.0013121033957539108
ALPINE_C_424_KS,CNN_reg,baseline_simplescale,0.03856283293344
ALPINE_C_424_KS,LGBM_reg,baseline_simplescale,0.06584039133720601
ALPINE_C_424_KS,PLS_reg,baseline_simplescale,0.002565042759451394
ALPINE_C_424_KS,CNN_reg,derivate,0.035756029036892095
ALPINE_C_424_KS,LGBM_reg,derivate,0.031898687060447684
ALPINE_C_424_KS,Ridge_reg,derivate,0.0008465409712991867
ALPINE_C_424_KS,CNN_reg,derivate_MSC,0.0027110377236923833
ALPINE_C_424_KS,LGBM_reg,derivate_MSC,0.03145899218802578
ALPINE_C_424_KS,Ridge_reg,derivate_MSC,0.0007258564029719028
ALPINE_C_424_KS,CNN_reg,derivate_RNV,0.011329795400163906
ALPINE_C_424_KS,LGBM_reg,derivate_RNV,0.03446177432574621
ALPINE_C_424_KS,PLS_reg,derivate_RNV,0.00203896927415001
ALPINE_C_424_KS,CNN_reg,derivate_SNV,0.0030324025300251245
ALPINE_C_424_KS,LGBM_reg,derivate_SNV,0.03575420370318891
ALPINE_C_424_KS,PLS_reg,derivate_SNV,0.004029430530764405
ALPINE_C_424_KS,CNN_reg,derivate_detrend,0.0012352795890906987
ALPINE_C_424_KS,LGBM_reg,derivate_detrend,0.01013472267177401
ALPINE_C_424_KS,Ridge_reg,derivate_detrend,0.0021566212770398052
ALPINE_C_424_KS,LGBM_reg,derivate_gaussian,0.0356086083644202
ALPINE_C_424_KS,PLS_reg,derivate_gaussian,0.023896633758239305
ALPINE_C_424_KS,Ridge_reg,derivate_gaussian,0.0010511689159164173
ALPINE_C_424_KS,LGBM_reg,derivate_haar,0.01872786237843091
ALPINE_C_424_KS,PLS_reg,derivate_haar,0.0011256108731833026
ALPINE_C_424_KS,Ridge_reg,derivate_haar,2.13198706758011e-05
ALPINE_C_424_KS,CNN_reg,derivate_normalize,0.00844552692131878
ALPINE_C_424_KS,LGBM_reg,derivate_normalize,0.030921842266662197
ALPINE_C_424_KS,Ridge_reg,derivate_normalize,0.0007242855082375821
ALPINE_C_424_KS,CNN_reg,derivate_savgol,0.003514741953887318
ALPINE_C_424_KS,LGBM_reg,derivate_savgol,0.034410058495530804
ALPINE_C_424_KS,Ridge_reg,derivate_savgol,0.0008467124829885098
ALPINE_C_424_KS,CNN_reg,derivate_simplescale,0.004200986302788895
ALPINE_C_424_KS,LGBM_reg,derivate_simplescale,0.03830895970329398
ALPINE_C_424_KS,PLS_reg,derivate_simplescale,0.00032411062980269856
ALPINE_C_424_KS,CNN_reg,detrend,0.022334258271477406
ALPINE_C_424_KS,LGBM_reg,detrend,0.043907054562943595
ALPINE_C_424_KS,Ridge_reg,detrend,0.0006925111720945121
ALPINE_C_424_KS,CNN_reg,detrend_MSC,0.1005570919611893
ALPINE_C_424_KS,LGBM_reg,detrend_MSC,0.04574528143508051
ALPINE_C_424_KS,Ridge_reg,detrend_MSC,0.10065575917840709
ALPINE_C_424_KS,CNN_reg,detrend_RNV,0.0259433057966256
ALPINE_C_424_KS,LGBM_reg,detrend_RNV,0.049846341693014704
ALPINE_C_424_KS,PLS_reg,detrend_RNV,0.00015554708265480555
ALPINE_C_424_KS,CNN_reg,detrend_SNV,0.031668525358303
ALPINE_C_424_KS,LGBM_reg,detrend_SNV,0.0505760878585164
ALPINE_C_424_KS,PLS_reg,detrend_SNV,0.0005191276320407057
ALPINE_C_424_KS,CNN_reg,detrend_gaussian,0.0980860324831865
ALPINE_C_424_KS,LGBM_reg,detrend_gaussian,0.027019581148105695
ALPINE_C_424_KS,Ridge_reg,detrend_gaussian,0.0642526643847086
ALPINE_C_424_KS,LGBM_reg,detrend_haar,0.006181196025084296
ALPINE_C_424_KS,PLS_reg,detrend_haar,0.005441958341637895
ALPINE_C_424_KS,Ridge_reg,detrend_haar,0.0006252366821161981
ALPINE_C_424_KS,CNN_reg,detrend_normalize,0.033961706662615096
ALPINE_C_424_KS,LGBM_reg,detrend_normalize,0.049398005223705896
ALPINE_C_424_KS,Ridge_reg,detrend_normalize,7.266036746279847e-05
ALPINE_C_424_KS,CNN_reg,detrend_savgol,0.03706764962569249
ALPINE_C_424_KS,LGBM_reg,detrend_savgol,0.054066915091976
ALPINE_C_424_KS,PLS_reg,detrend_savgol,0.003175276689617701
ALPINE_C_424_KS,CNN_reg,detrend_simplescale,0.03933700827494431
ALPINE_C_424_KS,LGBM_reg,detrend_simplescale,0.046743961416051596
ALPINE_C_424_KS,PLS_reg,detrend_simplescale,0.0005652037583744052
ALPINE_C_424_KS,CNN_reg,gaussian,0.10316196521663878
ALPINE_C_424_KS,LGBM_reg,gaussian,0.018285441856591894
ALPINE_C_424_KS,Ridge_reg,gaussian,0.06901605297646371
ALPINE_C_424_KS,CNN_reg,haar,0.0034035334592038002
ALPINE_C_424_KS,LGBM_reg,haar,0.001627220668891094
ALPINE_C_424_KS,Ridge_reg,haar,0.004457838370101899
ALPINE_C_424_KS,CNN_reg,haar_gaussian,0.029703728299298793
ALPINE_C_424_KS,PLS_reg,haar_gaussian,0.0047929051739920014
ALPINE_C_424_KS,Ridge_reg,haar_gaussian,0.02611760000507829
ALPINE_C_424_KS,CNN_reg,id,0.038702519900325194
ALPINE_C_424_KS,LGBM_reg,id,0.0631487784730253
ALPINE_C_424_KS,PLS_reg,id,0.001186803439530093
ALPINE_C_424_KS,CNN_reg,normalize,0.04368981520005001
ALPINE_C_424_KS,LGBM_reg,normalize,0.05731041837187349
ALPINE_C_424_KS,PLS_reg,normalize,0.00041684977978989624
ALPINE_C_424_KS,CNN_reg,normalize_RNV,0.017022431276744493
ALPINE_C_424_KS,LGBM_reg,normalize_RNV,0.06659653877465138
ALPINE_C_424_KS,PLS_reg,normalize_RNV,0.0024357963413068895
ALPINE_C_424_KS,CNN_reg,normalize_SNV,0.0373484334724188
ALPINE_C_424_KS,LGBM_reg,normalize_SNV,0.0603826313323651
ALPINE_C_424_KS,PLS_reg,normalize_SNV,0.0022955212755258886
ALPINE_C_424_KS,CNN_reg,normalize_gaussian,0.09888188812963121
ALPINE_C_424_KS,LGBM_reg,normalize_gaussian,0.01787290347336211
ALPINE_C_424_KS,Ridge_reg,normalize_gaussian,0.0865688983228534
ALPINE_C_424_KS,CNN_reg,normalize_haar,0.09739690942277698
ALPINE_C_424_KS,PLS_reg,normalize_haar,0.0183805394458621
ALPINE_C_424_KS,Ridge_reg,normalize_haar,0.04671872551389039
ALPINE_C_424_KS,CNN_reg,normalize_savgol,0.0671716834213308
ALPINE_C_424_KS,LGBM_reg,normalize_savgol,0.0661010455047313
ALPINE_C_424_KS,Ridge_reg,normalize_savgol,0.004938271897081403
ALPINE_C_424_KS,CNN_reg,normalize_simplescale,0.05127701186381281
ALPINE_C_424_KS,LGBM_reg,normalize_simplescale,0.059576185000144305
ALPINE_C_424_KS,PLS_reg,normalize_simplescale,0.0025650427594835906
ALPINE_C_424_KS,CNN_reg,savgol,0.05169121252977529
ALPINE_C_424_KS,LGBM_reg,savgol,0.0678717806749427
ALPINE_C_424_KS,PLS_reg,savgol,0.001312103396206396
ALPINE_C_424_KS,CNN_reg,savgol_SNV,0.034438440213372
ALPINE_C_424_KS,LGBM_reg,savgol_SNV,0.05958293690962671
ALPINE_C_424_KS,PLS_reg,savgol_SNV,0.0008308337446072955
ALPINE_C_424_KS,CNN_reg,savgol_gaussian,0.09953560799096708
ALPINE_C_424_KS,LGBM_reg,savgol_gaussian,0.0222615595554536
ALPINE_C_424_KS,Ridge_reg,savgol_gaussian,0.052821482068836495
ALPINE_C_424_KS,CNN_reg,savgol_haar,0.0094879975453709
ALPINE_C_424_KS,LGBM_reg,savgol_haar,0.005416025715759706
ALPINE_C_424_KS,Ridge_reg,savgol_haar,0.0022356333235434983
ALPINE_C_424_KS,CNN_reg,savgol_simplescale,0.0610611959786173
ALPINE_C_424_KS,LGBM_reg,savgol_simplescale,0.06684838804422448
ALPINE_C_424_KS,PLS_reg,savgol_simplescale,0.0011045744432958
ALPINE_C_424_KS,CNN_reg,simplescale,0.0358097489894057
ALPINE_C_424_KS,LGBM_reg,simplescale,0.057383617033551396
ALPINE_C_424_KS,PLS_reg,simplescale,0.0025650427605075077
ALPINE_C_424_KS,CNN_reg,simplescale_SNV,0.032565294189245295
ALPINE_C_424_KS,LGBM_reg,simplescale_SNV,0.058305083228386206
ALPINE_C_424_KS,PLS_reg,simplescale_SNV,0.002295521276148599
ALPINE_C_424_KS,CNN_reg,simplescale_gaussian,0.10141845021853829
ALPINE_C_424_KS,LGBM_reg,simplescale_gaussian,0.0194147666720072
ALPINE_C_424_KS,Ridge_reg,simplescale_gaussian,0.050981040913024106
ALPINE_C_424_KS,CNN_reg,simplescale_haar,0.004735349836670094
ALPINE_C_424_KS,LGBM_reg,simplescale_haar,0.004538890265505996
ALPINE_C_424_KS,PLS_reg,simplescale_haar,0.004624360525113905
ALPINE_N_552_KS,CNN_reg,MSC,0.035607480589301105
ALPINE_N_552_KS,LGBM_reg,MSC,0.07053196440672552
ALPINE_N_552_KS,PLS_reg,MSC,0.0009684068781236066
ALPINE_N_552_KS,CNN_reg,MSC_RNV,0.031037743962415307
ALPINE_N_552_KS,LGBM_reg,MSC_RNV,0.07940724301074639
ALPINE_N_552_KS,PLS_reg,MSC_RNV,0.0013827288062533
ALPINE_N_552_KS,CNN_reg,MSC_SNV,0.022778437460701212
ALPINE_N_552_KS,LGBM_reg,MSC_SNV,0.07102154342882372
ALPINE_N_552_KS,PLS_reg,MSC_SNV,0.0012557846083438018
ALPINE_N_552_KS,CNN_reg,MSC_gaussian,0.1509222944835309
ALPINE_N_552_KS,LGBM_reg,MSC_gaussian,0.006451931258142599
ALPINE_N_552_KS,Ridge_reg,MSC_gaussian,0.0946789663261985
ALPINE_N_552_KS,CNN_reg,MSC_haar,0.015501279077827002
ALPINE_N_552_KS,PLS_reg,MSC_haar,0.0216137120476544
ALPINE_N_552_KS,Ridge_reg,MSC_haar,0.018757410104264696
ALPINE_N_552_KS,CNN_reg,MSC_normalize,0.039603991665377605
ALPINE_N_552_KS,LGBM_reg,MSC_normalize,0.07608054033837451
ALPINE_N_552_KS,PLS_reg,MSC_normalize,0.0012446922931557969
ALPINE_N_552_KS,CNN_reg,MSC_savgol,0.032696263438013504
ALPINE_N_552_KS,LGBM_reg,MSC_savgol,0.0757428492455953
ALPINE_N_552_KS,PLS_reg,MSC_savgol,0.0009224641346798068
ALPINE_N_552_KS,CNN_reg,MSC_simplescale,0.0306053722828937
ALPINE_N_552_KS,LGBM_reg,MSC_simplescale,0.0800431286191081
ALPINE_N_552_KS,PLS_reg,MSC_simplescale,0.0009634768613629024
ALPINE_N_552_KS,CNN_reg,RNV,0.021347045978193507
ALPINE_N_552_KS,LGBM_reg,RNV,0.06992723506182509
ALPINE_N_552_KS,PLS_reg,RNV,0.0014861824303719073
ALPINE_N_552_KS,CNN_reg,RNV_SNV,0.0313808499933662
ALPINE_N_552_KS,LGBM_reg,RNV_SNV,0.0710465779191204
ALPINE_N_552_KS,PLS_reg,RNV_SNV,0.0012557846084011032
ALPINE_N_552_KS,CNN_reg,RNV_gaussian,0.012485034113858207
ALPINE_N_552_KS,LGBM_reg,RNV_gaussian,0.0094825449538877
ALPINE_N_552_KS,PLS_reg,RNV_gaussian,0.005225655207512003
ALPINE_N_552_KS,CNN_reg,RNV_haar,0.010092410739980406
ALPINE_N_552_KS,LGBM_reg,RNV_haar,0.009782157979410608
ALPINE_N_552_KS,PLS_reg,RNV_haar,0.0025083957168876014
ALPINE_N_552_KS,CNN_reg,RNV_savgol,0.0354285540535552
ALPINE_N_552_KS,LGBM_reg,RNV_savgol,0.07734895338372919
ALPINE_N_552_KS,PLS_reg,RNV_savgol,0.0010269165417664955
ALPINE_N_552_KS,CNN_reg,RNV_simplescale,0.0268093791670716
ALPINE_N_552_KS,LGBM_reg,RNV_simplescale,0.0796063077181867
ALPINE_N_552_KS,PLS_reg,RNV_simplescale,0.0009634768613390049
ALPINE_N_552_KS,CNN_reg,SNV,0.036496351265154506
ALPINE_N_552_KS,LGBM_reg,SNV,0.07115928977630122
ALPINE_N_552_KS,PLS_reg,SNV,0.001359238232434709
ALPINE_N_552_KS,LGBM_reg,SNV_gaussian,0.00941553139122879
ALPINE_N_552_KS,PLS_reg,SNV_gaussian,0.005903297935347496
ALPINE_N_552_KS,Ridge_reg,SNV_gaussian,0.007788158835778894
ALPINE_N_552_KS,CNN_reg,SNV_haar,0.015573440099557898
ALPINE_N_552_KS,LGBM_reg,SNV_haar,0.006716177725744607
ALPINE_N_552_KS,PLS_reg,SNV_haar,0.0032978069621774075
ALPINE_N_552_KS,CNN_reg,baseline,0.027566717331195298
ALPINE_N_552_KS,LGBM_reg,baseline,0.07216488870247759
ALPINE_N_552_KS,PLS_reg,baseline,0.0006436746133148957
ALPINE_N_552_KS,CNN_reg,baseline_MSC,0.0318374815181125
ALPINE_N_552_KS,LGBM_reg,baseline_MSC,0.0685003417863938
ALPINE_N_552_KS,PLS_reg,baseline_MSC,0.0010718605021069055
ALPINE_N_552_KS,CNN_reg,baseline_RNV,0.0249276005251947
ALPINE_N_552_KS,LGBM_reg,baseline_RNV,0.07985529624612699
ALPINE_N_552_KS,PLS_reg,baseline_RNV,0.0014861824304018
ALPINE_N_552_KS,CNN_reg,baseline_SNV,0.03325385727060309
ALPINE_N_552_KS,LGBM_reg,baseline_SNV,0.0743337824177677
ALPINE_N_552_KS,PLS_reg,baseline_SNV,0.0013592382324189994
ALPINE_N_552_KS,LGBM_reg,baseline_derivate,0.014512428350020201
ALPINE_N_552_KS,PLS_reg,baseline_derivate,0.001547883288165297
ALPINE_N_552_KS,Ridge_reg,baseline_derivate,0.0013137282392919891
ALPINE_N_552_KS,CNN_reg,baseline_detrend,0.022630090885791806
ALPINE_N_552_KS,LGBM_reg,baseline_detrend,0.03885324773213021
ALPINE_N_552_KS,Ridge_reg,baseline_detrend,0.0015099629256213054
ALPINE_N_552_KS,CNN_reg,baseline_gaussian,0.0009262632736762033
ALPINE_N_552_KS,LGBM_reg,baseline_gaussian,0.004737692747601802
ALPINE_N_552_KS,Ridge_reg,baseline_gaussian,0.08258495320800639
ALPINE_N_552_KS,CNN_reg,baseline_haar,0.015108468675561607
ALPINE_N_552_KS,LGBM_reg,baseline_haar,0.006041969676974707
ALPINE_N_552_KS,Ridge_reg,baseline_haar,0.007954491230050903
ALPINE_N_552_KS,CNN_reg,baseline_normalize,0.0406584461349901
ALPINE_N_552_KS,LGBM_reg,baseline_normalize,0.07311927939225811
ALPINE_N_552_KS,PLS_reg,baseline_normalize,0.001348145917202101
ALPINE_N_552_KS,CNN_reg,baseline_savgol,0.035619499994089504
ALPINE_N_552_KS,LGBM_reg,baseline_savgol,0.07760023901073519
ALPINE_N_552_KS,PLS_reg,baseline_savgol,0.0009821301067006044
ALPINE_N_552_KS,CNN_reg,baseline_simplescale,0.0386717343852466
ALPINE_N_552_KS,LGBM_reg,baseline_simplescale,0.0747636320251935
ALPINE_N_552_KS,PLS_reg,baseline_simplescale,0.001066930485359302
ALPINE_N_552_KS,CNN_reg,derivate,0.00029815968150428973
ALPINE_N_552_KS,LGBM_reg,derivate,0.0175307369739644
ALPINE_N_552_KS,PLS_reg,derivate,0.00023415504887339122
ALPINE_N_552_KS,LGBM_reg,derivate_MSC,0.017163848813678606
ALPINE_N_552_KS,PLS_reg,derivate_MSC,0.0013498097464711978
ALPINE_N_552_KS,Ridge_reg,derivate_MSC,0.0009477533841867891
ALPINE_N_552_KS,LGBM_reg,derivate_RNV,0.0235918022234623
ALPINE_N_552_KS,PLS_reg,derivate_RNV,0.0016320915693076032
ALPINE_N_552_KS,Ridge_reg,derivate_RNV,0.0006215198454949111
ALPINE_N_552_KS,CNN_reg,derivate_SNV,0.0011305314069773864
ALPINE_N_552_KS,LGBM_reg,derivate_SNV,0.016910696042985007
ALPINE_N_552_KS,PLS_reg,derivate_SNV,0.0009329308619762944
ALPINE_N_552_KS,LGBM_reg,derivate_detrend,0.010219400419751418
ALPINE_N_552_KS,PLS_reg,derivate_detrend,0.0008525891505037075
ALPINE_N_552_KS,Ridge_reg,derivate_detrend,0.0011393310505703191
ALPINE_N_552_KS,LGBM_reg,derivate_gaussian,0.0018465912307309984
ALPINE_N_552_KS,PLS_reg,derivate_gaussian,0.002085242230330908
ALPINE_N_552_KS,Ridge_reg,derivate_gaussian,0.00011751386810901487
ALPINE_N_552_KS,CNN_reg,derivate_haar,0.0012461095681486067
ALPINE_N_552_KS,LGBM_reg,derivate_haar,0.02704436824246012
ALPINE_N_552_KS,Ridge_reg,derivate_haar,0.0019670906273077104
ALPINE_N_552_KS,LGBM_reg,derivate_normalize,0.015120788742806202
ALPINE_N_552_KS,PLS_reg,derivate_normalize,0.002347693949189711
ALPINE_N_552_KS,Ridge_reg,derivate_normalize,0.0019954086794023995
ALPINE_N_552_KS,LGBM_reg,derivate_savgol,0.010060701116653109
ALPINE_N_552_KS,PLS_reg,derivate_savgol,0.0018741818563547952
ALPINE_N_552_KS,Ridge_reg,derivate_savgol,0.0016407451099101078
ALPINE_N_552_KS,LGBM_reg,derivate_simplescale,0.01221879751057911
ALPINE_N_552_KS,PLS_reg,derivate_simplescale,0.0013603731118292106
ALPINE_N_552_KS,Ridge_reg,derivate_simplescale,0.0011010146342687044
ALPINE_N_552_KS,CNN_reg,detrend,0.0148729867819129
ALPINE_N_552_KS,LGBM_reg,detrend,0.0394791026880628
ALPINE_N_552_KS,Ridge_reg,detrend,0.0015099629256437042
ALPINE_N_552_KS,CNN_reg,detrend_MSC,0.1697995900213111
ALPINE_N_552_KS,LGBM_reg,detrend_MSC,0.0408645011432874
ALPINE_N_552_KS,Ridge_reg,detrend_MSC,0.1704945416049612
ALPINE_N_552_KS,CNN_reg,detrend_RNV,0.023084676732787295
ALPINE_N_552_KS,LGBM_reg,detrend_RNV,0.0342090548087756
ALPINE_N_552_KS,Ridge_reg,detrend_RNV,0.0014747703614786042
ALPINE_N_552_KS,CNN_reg,detrend_SNV,0.022985766709288695
ALPINE_N_552_KS,LGBM_reg,detrend_SNV,0.0440096676329654
ALPINE_N_552_KS,Ridge_reg,detrend_SNV,0.0015749270732463919
ALPINE_N_552_KS,CNN_reg,detrend_gaussian,0.1489290078457451
ALPINE_N_552_KS,LGBM_reg,detrend_gaussian,0.0012705154897217075
ALPINE_N_552_KS,Ridge_reg,detrend_gaussian,0.08251764492048332
ALPINE_N_552_KS,CNN_reg,detrend_haar,0.0036360832263215015
ALPINE_N_552_KS,LGBM_reg,detrend_haar,0.0020222408473243997
ALPINE_N_552_KS,Ridge_reg,detrend_haar,0.006199714454853705
ALPINE_N_552_KS,CNN_reg,detrend_normalize,0.03100491363039149
ALPINE_N_552_KS,LGBM_reg,detrend_normalize,0.040561075434109396
ALPINE_N_552_KS,Ridge_reg,detrend_normalize,0.0026613595484622984
ALPINE_N_552_KS,CNN_reg,detrend_savgol,0.022481310608880797
ALPINE_N_552_KS,LGBM_reg,detrend_savgol,0.04180619828053089
ALPINE_N_552_KS,Ridge_reg,detrend_savgol,0.001873651526374795
ALPINE_N_552_KS,CNN_reg,detrend_simplescale,0.020363707299086597
ALPINE_N_552_KS,LGBM_reg,detrend_simplescale,0.043233744685439
ALPINE_N_552_KS,Ridge_reg,detrend_simplescale,0.002064325433588407
ALPINE_N_552_KS,CNN_reg,gaussian,0.14940043752957438
ALPINE_N_552_KS,LGBM_reg,gaussian,0.006693215042927095
ALPINE_N_552_KS,Ridge_reg,gaussian,0.0825849532080082
ALPINE_N_552_KS,CNN_reg,haar,0.004713966540262099
ALPINE_N_552_KS,LGBM_reg,haar,0.005251667721972997
ALPINE_N_552_KS,Ridge_reg,haar,0.007954491230051
ALPINE_N_552_KS,CNN_reg,haar_gaussian,0.07875355421517621
ALPINE_N_552_KS,LGBM_reg,haar_gaussian,0.0366256207349214
ALPINE_N_552_KS,Ridge_reg,haar_gaussian,0.0874812693696024
ALPINE_N_552_KS,CNN_reg,id,0.03616024681362981
ALPINE_N_552_KS,LGBM_reg,id,0.0777649123487214
ALPINE_N_552_KS,PLS_reg,id,0.000540220989310905
ALPINE_N_552_KS,CNN_reg,normalize,0.034963553770822095
ALPINE_N_552_KS,LGBM_reg,normalize,0.0733765607010615
ALPINE_N_552_KS,PLS_reg,normalize,0.0017671101757373991
ALPINE_N_552_KS,CNN_reg,normalize_RNV,0.024447365002919108
ALPINE_N_552_KS,LGBM_reg,normalize_RNV,0.08011422057590581
ALPINE_N_552_KS,PLS_reg,normalize_RNV,0.0013827288062820131
ALPINE_N_552_KS,CNN_reg,normalize_SNV,0.025614059060279804
ALPINE_N_552_KS,LGBM_reg,normalize_SNV,0.0715032949589043
ALPINE_N_552_KS,PLS_reg,normalize_SNV,0.0012557846083762064
ALPINE_N_552_KS,CNN_reg,normalize_gaussian,0.1516703046044699
ALPINE_N_552_KS,LGBM_reg,normalize_gaussian,0.007590935063041801
ALPINE_N_552_KS,Ridge_reg,normalize_gaussian,0.1411731694611955
ALPINE_N_552_KS,CNN_reg,normalize_haar,0.16383430262614462
ALPINE_N_552_KS,LGBM_reg,normalize_haar,0.0007962317578911055
ALPINE_N_552_KS,Ridge_reg,normalize_haar,0.062588848774651
ALPINE_N_552_KS,CNN_reg,normalize_savgol,0.039975759925580195
ALPINE_N_552_KS,LGBM_reg,normalize_savgol,0.076875190901916
ALPINE_N_552_KS,PLS_reg,normalize_savgol,0.00044151739799269674
ALPINE_N_552_KS,CNN_reg,normalize_simplescale,0.029080427608790496
ALPINE_N_552_KS,LGBM_reg,normalize_simplescale,0.08006824766642939
ALPINE_N_552_KS,PLS_reg,normalize_simplescale,0.0009634768613749067
ALPINE_N_552_KS,CNN_reg,savgol,0.06002877625229269
ALPINE_N_552_KS,LGBM_reg,savgol,0.071368370287137
ALPINE_N_552_KS,PLS_reg,savgol,0.0009821301066760962
ALPINE_N_552_KS,CNN_reg,savgol_SNV,0.022657263537216893
ALPINE_N_552_KS,LGBM_reg,savgol_SNV,0.08060809292102579
ALPINE_N_552_KS,PLS_reg,savgol_SNV,0.0010176928204067986
ALPINE_N_552_KS,CNN_reg,savgol_gaussian,0.1546895645787622
ALPINE_N_552_KS,LGBM_reg,savgol_gaussian,0.0011899706163233104
ALPINE_N_552_KS,Ridge_reg,savgol_gaussian,0.0850037784627446
ALPINE_N_552_KS,CNN_reg,savgol_haar,0.004830860485007693
ALPINE_N_552_KS,LGBM_reg,savgol_haar,0.005591902416977199
ALPINE_N_552_KS,Ridge_reg,savgol_haar,0.004011218034469605
ALPINE_N_552_KS,CNN_reg,savgol_simplescale,0.023305839402702103
ALPINE_N_552_KS,LGBM_reg,savgol_simplescale,0.07299747631236882
ALPINE_N_552_KS,PLS_reg,savgol_simplescale,0.0009569290973323041
ALPINE_N_552_KS,CNN_reg,simplescale,0.0330118087302957
ALPINE_N_552_KS,LGBM_reg,simplescale,0.07314383235374579
ALPINE_N_552_KS,PLS_reg,simplescale,0.0010669304853379996
ALPINE_N_552_KS,CNN_reg,simplescale_SNV,0.03227055706956601
ALPINE_N_552_KS,LGBM_reg,simplescale_SNV,0.07474272672154551
ALPINE_N_552_KS,PLS_reg,simplescale_SNV,0.0012557846083563057
ALPINE_N_552_KS,CNN_reg,simplescale_gaussian,0.1517042153768169
ALPINE_N_552_KS,LGBM_reg,simplescale_gaussian,0.0046872726965132006
ALPINE_N_552_KS,Ridge_reg,simplescale_gaussian,0.0661777121908655
ALPINE_N_552_KS,CNN_reg,simplescale_haar,0.013692563098690602
ALPINE_N_552_KS,LGBM_reg,simplescale_haar,0.002413463873086996
ALPINE_N_552_KS,PLS_reg,simplescale_haar,0.0001453523765417991
ALPINE_P_291_KS,CNN_reg,MSC,0.0361635937939426
ALPINE_P_291_KS,LGBM_reg,MSC,0.08674702436255069
ALPINE_P_291_KS,PLS_reg,MSC,0.009671736073199988
ALPINE_P_291_KS,CNN_reg,MSC_RNV,0.03783421523207241
ALPINE_P_291_KS,LGBM_reg,MSC_RNV,0.07985168485955339
ALPINE_P_291_KS,PLS_reg,MSC_RNV,0.010894987593711006
ALPINE_P_291_KS,CNN_reg,MSC_SNV,0.0374052997064111
ALPINE_P_291_KS,LGBM_reg,MSC_SNV,0.0878057685776342
ALPINE_P_291_KS,PLS_reg,MSC_SNV,0.010723267479071708
ALPINE_P_291_KS,CNN_reg,MSC_gaussian,0.0883129099950232
ALPINE_P_291_KS,PLS_reg,MSC_gaussian,0.017432273668302994
ALPINE_P_291_KS,Ridge_reg,MSC_gaussian,0.08242791232766469
ALPINE_P_291_KS,CNN_reg,MSC_haar,0.01679593764291129
ALPINE_P_291_KS,PLS_reg,MSC_haar,0.008774774815629993
ALPINE_P_291_KS,Ridge_reg,MSC_haar,0.025568412081146713
ALPINE_P_291_KS,CNN_reg,MSC_normalize,0.041234965744319396
ALPINE_P_291_KS,LGBM_reg,MSC_normalize,0.0881894228885434
ALPINE_P_291_KS,PLS_reg,MSC_normalize,0.011106921789982405
ALPINE_P_291_KS,CNN_reg,MSC_savgol,0.0185054684456291
ALPINE_P_291_KS,LGBM_reg,MSC_savgol,0.08561840311424611
ALPINE_P_291_KS,PLS_reg,MSC_savgol,0.006031091554080201
ALPINE_P_291_KS,CNN_reg,MSC_simplescale,0.06692078136296489
ALPINE_P_291_KS,LGBM_reg,MSC_simplescale,0.0771131130409044
ALPINE_P_291_KS,PLS_reg,MSC_simplescale,0.010441927415150001
ALPINE_P_291_KS,CNN_reg,RNV,0.030100912018038883
ALPINE_P_291_KS,LGBM_reg,RNV,0.0797759392927127
ALPINE_P_291_KS,PLS_reg,RNV,0.010120871346323501
ALPINE_P_291_KS,CNN_reg,RNV_SNV,0.04342004280345789
ALPINE_P_291_KS,LGBM_reg,RNV_SNV,0.08027097359758621
ALPINE_P_291_KS,PLS_reg,RNV_SNV,0.010723267478949305
ALPINE_P_291_KS,CNN_reg,RNV_gaussian,0.03181133701849789
ALPINE_P_291_KS,LGBM_reg,RNV_gaussian,0.004550996398619195
ALPINE_P_291_KS,Ridge_reg,RNV_gaussian,0.03856761605626138
ALPINE_P_291_KS,CNN_reg,RNV_haar,0.029082745919959102
ALPINE_P_291_KS,PLS_reg,RNV_haar,0.004786861544450405
ALPINE_P_291_KS,Ridge_reg,RNV_haar,0.015726187440818495
ALPINE_P_291_KS,CNN_reg,RNV_savgol,0.04731519083560079
ALPINE_P_291_KS,LGBM_reg,RNV_savgol,0.0770564130369899
ALPINE_P_291_KS,PLS_reg,RNV_savgol,0.006678570731669595
ALPINE_P_291_KS,CNN_reg,RNV_simplescale,0.08631320499343721
ALPINE_P_291_KS,LGBM_reg,RNV_simplescale,0.07764379021890101
ALPINE_P_291_KS,PLS_reg,RNV_simplescale,0.010441927415160299
ALPINE_P_291_KS,CNN_reg,SNV,0.03446402162426991
ALPINE_P_291_KS,LGBM_reg,SNV,0.08779074326540419
ALPINE_P_291_KS,PLS_reg,SNV,0.010723267479172807
ALPINE_P_291_KS,CNN_reg,SNV_gaussian,0.049516818254795716
ALPINE_P_291_KS,PLS_reg,SNV_gaussian,0.02202071013892269
ALPINE_P_291_KS,Ridge_reg,SNV_gaussian,0.06792560614341751
ALPINE_P_291_KS,CNN_reg,SNV_haar,0.020667563139533496
ALPINE_P_291_KS,PLS_reg,SNV_haar,0.003763794497187209
ALPINE_P_291_KS,Ridge_reg,SNV_haar,0.01674785200478701
ALPINE_P_291_KS,CNN_reg,baseline,0.029579121816651094
ALPINE_P_291_KS,LGBM_reg,baseline,0.0864999136755534
ALPINE_P_291_KS,PLS_reg,baseline,0.008942030474339807
ALPINE_P_291_KS,CNN_reg,baseline_MSC,0.04971836070656119
ALPINE_P_291_KS,LGBM_reg,baseline_MSC,0.08576122394665539
ALPINE_P_291_KS,PLS_reg,baseline_MSC,0.009671736073178602
ALPINE_P_291_KS,CNN_reg,baseline_RNV,0.02736557537507782
ALPINE_P_291_KS,LGBM_reg,baseline_RNV,0.0789472924771218
ALPINE_P_291_KS,PLS_reg,baseline_RNV,0.010894987593619301
ALPINE_P_291_KS,CNN_reg,baseline_SNV,0.032656047993338114
ALPINE_P_291_KS,LGBM_reg,baseline_SNV,0.08779074326528459
ALPINE_P_291_KS,PLS_reg,baseline_SNV,0.010723267479053306
ALPINE_P_291_KS,LGBM_reg,baseline_derivate,0.033246410025133594
ALPINE_P_291_KS,PLS_reg,baseline_derivate,0.0016589711387554051
ALPINE_P_291_KS,Ridge_reg,baseline_derivate,0.0007561558877312025
ALPINE_P_291_KS,CNN_reg,baseline_detrend,0.02993689114954519
ALPINE_P_291_KS,LGBM_reg,baseline_detrend,0.05694213447674769
ALPINE_P_291_KS,PLS_reg,baseline_detrend,0.00322224235004219
ALPINE_P_291_KS,CNN_reg,baseline_gaussian,0.03631281735071759
ALPINE_P_291_KS,PLS_reg,baseline_gaussian,0.014497644482926703
ALPINE_P_291_KS,Ridge_reg,baseline_gaussian,0.08194278260438909
ALPINE_P_291_KS,CNN_reg,baseline_haar,0.014078999331225195
ALPINE_P_291_KS,LGBM_reg,baseline_haar,0.0003417691846521048
ALPINE_P_291_KS,Ridge_reg,baseline_haar,0.027525044522658998
ALPINE_P_291_KS,CNN_reg,baseline_normalize,0.041162234341288795
ALPINE_P_291_KS,LGBM_reg,baseline_normalize,0.08817439757619239
ALPINE_P_291_KS,PLS_reg,baseline_normalize,0.011106921789960505
ALPINE_P_291_KS,CNN_reg,baseline_savgol,0.04827487931022749
ALPINE_P_291_KS,LGBM_reg,baseline_savgol,0.0869856936976998
ALPINE_P_291_KS,PLS_reg,baseline_savgol,0.006815691426709694
ALPINE_P_291_KS,CNN_reg,baseline_simplescale,0.0776318593567308
ALPINE_P_291_KS,LGBM_reg,baseline_simplescale,0.07794422059661661
ALPINE_P_291_KS,PLS_reg,baseline_simplescale,0.009667811167758902
ALPINE_P_291_KS,CNN_reg,derivate,0.0015037153146159055
ALPINE_P_291_KS,LGBM_reg,derivate,0.03449033742819951
ALPINE_P_291_KS,PLS_reg,derivate,0.0008073666623211184
ALPINE_P_291_KS,LGBM_reg,derivate_MSC,0.03356421915493962
ALPINE_P_291_KS,PLS_reg,derivate_MSC,0.005348674181535812
ALPINE_P_291_KS,Ridge_reg,derivate_MSC,0.004738285756477001
ALPINE_P_291_KS,LGBM_reg,derivate_RNV,0.02927337454005749
ALPINE_P_291_KS,PLS_reg,derivate_RNV,0.0015017150888567976
ALPINE_P_291_KS,Ridge_reg,derivate_RNV,0.0007982841336383051
ALPINE_P_291_KS,CNN_reg,derivate_SNV,0.010782452327452702
ALPINE_P_291_KS,LGBM_reg,derivate_SNV,0.02768836429094909
ALPINE_P_291_KS,PLS_reg,derivate_SNV,0.00030091287024469615
ALPINE_P_291_KS,CNN_reg,derivate_detrend,0.006277201602133492
ALPINE_P_291_KS,LGBM_reg,derivate_detrend,0.05612234342606179
ALPINE_P_291_KS,PLS_reg,derivate_detrend,0.0007371699241224827
ALPINE_P_291_KS,CNN_reg,derivate_gaussian,0.0004767982540306859
ALPINE_P_291_KS,LGBM_reg,derivate_gaussian,0.0336881503112344
ALPINE_P_291_KS,PLS_reg,derivate_gaussian,0.0196242422708445
ALPINE_P_291_KS,CNN_reg,derivate_haar,0.0007399717274139128
ALPINE_P_291_KS,LGBM_reg,derivate_haar,0.0334399126247068
ALPINE_P_291_KS,PLS_reg,derivate_haar,0.006486623624148591
ALPINE_P_291_KS,CNN_reg,derivate_normalize,0.00933075277608389
ALPINE_P_291_KS,LGBM_reg,derivate_normalize,0.025700376634838207
ALPINE_P_291_KS,PLS_reg,derivate_normalize,0.0005385802488444003
ALPINE_P_291_KS,CNN_reg,derivate_savgol,0.007694793326301519
ALPINE_P_291_KS,LGBM_reg,derivate_savgol,0.0316790790554958
ALPINE_P_291_KS,PLS_reg,derivate_savgol,0.0009023736590349218
ALPINE_P_291_KS,LGBM_reg,derivate_simplescale,0.045817713599912296
ALPINE_P_291_KS,PLS_reg,derivate_simplescale,0.011255985430312504
ALPINE_P_291_KS,Ridge_reg,derivate_simplescale,0.009534175435129105
ALPINE_P_291_KS,CNN_reg,detrend,0.0302625650465059
ALPINE_P_291_KS,LGBM_reg,detrend,0.058441407209049195
ALPINE_P_291_KS,PLS_reg,detrend,0.0032222423500249953
ALPINE_P_291_KS,CNN_reg,detrend_MSC,0.0827331298718574
ALPINE_P_291_KS,LGBM_reg,detrend_MSC,0.05193140259034311
ALPINE_P_291_KS,Ridge_reg,detrend_MSC,0.08201898554972899
ALPINE_P_291_KS,CNN_reg,detrend_RNV,0.04036427672153729
ALPINE_P_291_KS,LGBM_reg,detrend_RNV,0.05749537160068931
ALPINE_P_291_KS,PLS_reg,detrend_RNV,0.010319749501705
ALPINE_P_291_KS,CNN_reg,detrend_SNV,0.03387172678473249
ALPINE_P_291_KS,LGBM_reg,detrend_SNV,0.063138773731657
ALPINE_P_291_KS,PLS_reg,detrend_SNV,0.014175020635931998
ALPINE_P_291_KS,CNN_reg,detrend_gaussian,0.0824685532291255
ALPINE_P_291_KS,PLS_reg,detrend_gaussian,0.005940846536611408
ALPINE_P_291_KS,Ridge_reg,detrend_gaussian,0.0783922877669555
ALPINE_P_291_KS,CNN_reg,detrend_haar,0.013059229701745098
ALPINE_P_291_KS,LGBM_reg,detrend_haar,0.0014866091871833936
ALPINE_P_291_KS,Ridge_reg,detrend_haar,0.028438353548302694
ALPINE_P_291_KS,CNN_reg,detrend_normalize,0.0401946780700464
ALPINE_P_291_KS,LGBM_reg,detrend_normalize,0.06740664714112471
ALPINE_P_291_KS,PLS_reg,detrend_normalize,0.012452181958326994
ALPINE_P_291_KS,CNN_reg,detrend_savgol,0.022777652258354902
ALPINE_P_291_KS,LGBM_reg,detrend_savgol,0.04790047982971299
ALPINE_P_291_KS,Ridge_reg,detrend_savgol,0.0010541397336003983
ALPINE_P_291_KS,CNN_reg,detrend_simplescale,0.031235933309179995
ALPINE_P_291_KS,LGBM_reg,detrend_simplescale,0.061589490662407695
ALPINE_P_291_KS,PLS_reg,detrend_simplescale,0.00914587703388571
ALPINE_P_291_KS,CNN_reg,gaussian,0.06924661453707989
ALPINE_P_291_KS,PLS_reg,gaussian,0.008983928035048494
ALPINE_P_291_KS,Ridge_reg,gaussian,0.0764290661565141
ALPINE_P_291_KS,CNN_reg,haar,0.020349968852626507
ALPINE_P_291_KS,PLS_reg,haar,0.004317330187354709
ALPINE_P_291_KS,Ridge_reg,haar,0.03184237471001282
ALPINE_P_291_KS,CNN_reg,haar_gaussian,0.014822432988205708
ALPINE_P_291_KS,PLS_reg,haar_gaussian,0.011204019337822113
ALPINE_P_291_KS,Ridge_reg,haar_gaussian,0.022290087795071994
ALPINE_P_291_KS,CNN_reg,id,0.038012362529832006
ALPINE_P_291_KS,LGBM_reg,id,0.0706424349750212
ALPINE_P_291_KS,PLS_reg,id,0.009716146721925695
ALPINE_P_291_KS,CNN_reg,normalize,0.0853706357491452
ALPINE_P_291_KS,LGBM_reg,normalize,0.0915349929952282
ALPINE_P_291_KS,PLS_reg,normalize,0.0119918317433884
ALPINE_P_291_KS,CNN_reg,normalize_RNV,0.03752198826716509
ALPINE_P_291_KS,LGBM_reg,normalize_RNV,0.0788142819253191
ALPINE_P_291_KS,PLS_reg,normalize_RNV,0.010894987593657701
ALPINE_P_291_KS,CNN_reg,normalize_SNV,0.031906301232293405
ALPINE_P_291_KS,LGBM_reg,normalize_SNV,0.08027097359766511
ALPINE_P_291_KS,PLS_reg,normalize_SNV,0.010723267479029103
ALPINE_P_291_KS,CNN_reg,normalize_gaussian,0.0752076013231916
ALPINE_P_291_KS,PLS_reg,normalize_gaussian,0.0026667872116768188
ALPINE_P_291_KS,Ridge_reg,normalize_gaussian,0.07603579401765961
ALPINE_P_291_KS,LGBM_reg,normalize_haar,0.008318887979353595
ALPINE_P_291_KS,PLS_reg,normalize_haar,0.0035535314377774935
ALPINE_P_291_KS,Ridge_reg,normalize_haar,0.041797953568757595
ALPINE_P_291_KS,CNN_reg,normalize_savgol,0.10209911523263299
ALPINE_P_291_KS,LGBM_reg,normalize_savgol,0.0874592209989846
ALPINE_P_291_KS,PLS_reg,normalize_savgol,0.005888261211418597
ALPINE_P_291_KS,CNN_reg,normalize_simplescale,0.09680391334395828
ALPINE_P_291_KS,LGBM_reg,normalize_simplescale,0.0776437902190719
ALPINE_P_291_KS,PLS_reg,normalize_simplescale,0.010441927415331398
ALPINE_P_291_KS,CNN_reg,savgol,0.0632756206838655
ALPINE_P_291_KS,LGBM_reg,savgol,0.0907991851193237
ALPINE_P_291_KS,PLS_reg,savgol,0.006815691426642206
ALPINE_P_291_KS,CNN_reg,savgol_SNV,0.030725422523028192
ALPINE_P_291_KS,LGBM_reg,savgol_SNV,0.08745799944884859
ALPINE_P_291_KS,PLS_reg,savgol_SNV,0.007049401516049089
ALPINE_P_291_KS,CNN_reg,savgol_gaussian,0.10130176082262389
ALPINE_P_291_KS,PLS_reg,savgol_gaussian,0.020813452239580504
ALPINE_P_291_KS,Ridge_reg,savgol_gaussian,0.08917387610591031
ALPINE_P_291_KS,CNN_reg,savgol_haar,0.014097183333730709
ALPINE_P_291_KS,PLS_reg,savgol_haar,0.00036150353812930414
ALPINE_P_291_KS,Ridge_reg,savgol_haar,0.021083488944115603
ALPINE_P_291_KS,CNN_reg,savgol_simplescale,0.07968446311627919
ALPINE_P_291_KS,LGBM_reg,savgol_simplescale,0.07340609838425718
ALPINE_P_291_KS,PLS_reg,savgol_simplescale,0.007117250181196494
ALPINE_P_291_KS,CNN_reg,simplescale,0.0991587437362484
ALPINE_P_291_KS,LGBM_reg,simplescale,0.08519454511569279
ALPINE_P_291_KS,PLS_reg,simplescale,0.009667811167585
ALPINE_P_291_KS,CNN_reg,simplescale_SNV,0.031315920388718596
ALPINE_P_291_KS,LGBM_reg,simplescale_SNV,0.08027097359757161
ALPINE_P_291_KS,PLS_reg,simplescale_SNV,0.010723267478936108
ALPINE_P_291_KS,CNN_reg,simplescale_gaussian,0.05865821946805601
ALPINE_P_291_KS,PLS_reg,simplescale_gaussian,0.014437047479616202
ALPINE_P_291_KS,Ridge_reg,simplescale_gaussian,0.079135734632323
ALPINE_P_291_KS,CNN_reg,simplescale_haar,0.02237289660657671
ALPINE_P_291_KS,LGBM_reg,simplescale_haar,0.0006400600073443036
ALPINE_P_291_KS,Ridge_reg,simplescale_haar,0.01026909388585251
BeerOriginalExtract,CNN_reg,MSC,0.14583555854263391
BeerOriginalExtract,LGBM_reg,MSC,0.09141476779307721
BeerOriginalExtract,Ridge_reg,MSC,0.1955594260186786
BeerOriginalExtract,CNN_reg,MSC_RNV,0.029288618494867205
BeerOriginalExtract,LGBM_reg,MSC_RNV,0.06429104539524609
BeerOriginalExtract,PLS_reg,MSC_RNV,0.0186883044153296
BeerOriginalExtract,CNN_reg,MSC_SNV,0.037344106666904596
BeerOriginalExtract,LGBM_reg,MSC_SNV,0.0879182274381658
BeerOriginalExtract,PLS_reg,MSC_SNV,1.68508850900001e-06
BeerOriginalExtract,CNN_reg,MSC_gaussian,0.06317443443055731
BeerOriginalExtract,LGBM_reg,MSC_gaussian,0.09357380316213498
BeerOriginalExtract,Ridge_reg,MSC_gaussian,0.009376340061068411
BeerOriginalExtract,CNN_reg,MSC_haar,0.04602924945637818
BeerOriginalExtract,PLS_reg,MSC_haar,0.0576409518114869
BeerOriginalExtract,Ridge_reg,MSC_haar,0.05633028802914189
BeerOriginalExtract,CNN_reg,MSC_normalize,0.03671616560506239
BeerOriginalExtract,LGBM_reg,MSC_normalize,0.08681767408831009
BeerOriginalExtract,PLS_reg,MSC_normalize,1.612249108495778e-06
BeerOriginalExtract,CNN_reg,MSC_savgol,0.10450064550607459
BeerOriginalExtract,LGBM_reg,MSC_savgol,0.0635059016196263
BeerOriginalExtract,Ridge_reg,MSC_savgol,0.1390759244045916
BeerOriginalExtract,CNN_reg,MSC_simplescale,0.0896270485299698
BeerOriginalExtract,LGBM_reg,MSC_simplescale,0.08122078871109831
BeerOriginalExtract,Ridge_reg,MSC_simplescale,0.013171305430454701
BeerOriginalExtract,CNN_reg,RNV,0.0610260945765132
BeerOriginalExtract,LGBM_reg,RNV,0.06093371343253301
BeerOriginalExtract,PLS_reg,RNV,0.0186866254976976
BeerOriginalExtract,CNN_reg,RNV_SNV,0.0422423386078074
BeerOriginalExtract,LGBM_reg,RNV_SNV,0.09178720169707541
BeerOriginalExtract,PLS_reg,RNV_SNV,1.68508850900001e-06
BeerOriginalExtract,CNN_reg,RNV_gaussian,0.161676926435672
BeerOriginalExtract,LGBM_reg,RNV_gaussian,0.037974547578084904
BeerOriginalExtract,Ridge_reg,RNV_gaussian,0.155202654270087
BeerOriginalExtract,CNN_reg,RNV_haar,0.1507073031648809
BeerOriginalExtract,LGBM_reg,RNV_haar,0.010711466925988997
BeerOriginalExtract,Ridge_reg,RNV_haar,0.1503585283768054
BeerOriginalExtract,CNN_reg,RNV_savgol,0.0228040101702056
BeerOriginalExtract,LGBM_reg,RNV_savgol,0.064614557584983
BeerOriginalExtract,PLS_reg,RNV_savgol,0.016993190355014502
BeerOriginalExtract,CNN_reg,RNV_simplescale,0.0757243096947612
BeerOriginalExtract,LGBM_reg,RNV_simplescale,0.0818687044640736
BeerOriginalExtract,Ridge_reg,RNV_simplescale,0.0131713054304545
BeerOriginalExtract,CNN_reg,SNV,0.026219659299089197
BeerOriginalExtract,LGBM_reg,SNV,0.08620875765392849
BeerOriginalExtract,PLS_reg,SNV,6.170876698519123e-09
BeerOriginalExtract,CNN_reg,SNV_gaussian,0.11654460488229379
BeerOriginalExtract,LGBM_reg,SNV_gaussian,0.0004723464292051005
BeerOriginalExtract,Ridge_reg,SNV_gaussian,0.1153109981822279
BeerOriginalExtract,CNN_reg,SNV_haar,0.1064177912447364
BeerOriginalExtract,PLS_reg,SNV_haar,0.0421705404703447
BeerOriginalExtract,Ridge_reg,SNV_haar,0.14068874733367082
BeerOriginalExtract,CNN_reg,baseline,0.006395904111105001
BeerOriginalExtract,LGBM_reg,baseline,0.0875118588021504
BeerOriginalExtract,Ridge_reg,baseline,0.011902591528399398
BeerOriginalExtract,CNN_reg,baseline_MSC,0.10244813781514889
BeerOriginalExtract,LGBM_reg,baseline_MSC,0.0852819477485719
BeerOriginalExtract,Ridge_reg,baseline_MSC,0.195559426018669
BeerOriginalExtract,CNN_reg,baseline_RNV,0.0610100280019538
BeerOriginalExtract,LGBM_reg,baseline_RNV,0.06165822888049131
BeerOriginalExtract,PLS_reg,baseline_RNV,0.0186883044153296
BeerOriginalExtract,CNN_reg,baseline_SNV,0.0533676723062601
BeerOriginalExtract,LGBM_reg,baseline_SNV,0.0862087576539286
BeerOriginalExtract,PLS_reg,baseline_SNV,1.6850885091040935e-06
BeerOriginalExtract,CNN_reg,baseline_derivate,0.004964598276093302
BeerOriginalExtract,LGBM_reg,baseline_derivate,0.028973869510189293
BeerOriginalExtract,Ridge_reg,baseline_derivate,0.005143237117294197
BeerOriginalExtract,CNN_reg,baseline_detrend,0.0235714421313152
BeerOriginalExtract,LGBM_reg,baseline_detrend,0.0500470669981909
BeerOriginalExtract,Ridge_reg,baseline_detrend,0.043252908280482706
BeerOriginalExtract,CNN_reg,baseline_gaussian,0.1655741543177241
BeerOriginalExtract,LGBM_reg,baseline_gaussian,0.0146528542232617
BeerOriginalExtract,Ridge_reg,baseline_gaussian,0.1652295428548018
BeerOriginalExtract,CNN_reg,baseline_haar,0.1557018283791002
BeerOriginalExtract,LGBM_reg,baseline_haar,0.009468690705116203
BeerOriginalExtract,Ridge_reg,baseline_haar,0.1771128419203493
BeerOriginalExtract,CNN_reg,baseline_normalize,0.029678807321216603
BeerOriginalExtract,LGBM_reg,baseline_normalize,0.0862086848145279
BeerOriginalExtract,PLS_reg,baseline_normalize,1.6122491083986334e-06
BeerOriginalExtract,CNN_reg,baseline_savgol,0.011669301198180701
BeerOriginalExtract,LGBM_reg,baseline_savgol,0.1058252986552845
BeerOriginalExtract,PLS_reg,baseline_savgol,0.008803129120671702
BeerOriginalExtract,CNN_reg,baseline_simplescale,0.0750540346929757
BeerOriginalExtract,LGBM_reg,baseline_simplescale,0.08317081266366261
BeerOriginalExtract,Ridge_reg,baseline_simplescale,0.013171305430454805
BeerOriginalExtract,LGBM_reg,derivate,0.0362835956953462
BeerOriginalExtract,PLS_reg,derivate,0.0989223509165929
BeerOriginalExtract,Ridge_reg,derivate,0.005688738322201514
BeerOriginalExtract,CNN_reg,derivate_MSC,0.09471499554267171
BeerOriginalExtract,LGBM_reg,derivate_MSC,0.03042500977822929
BeerOriginalExtract,Ridge_reg,derivate_MSC,0.0753263459175923
BeerOriginalExtract,CNN_reg,derivate_RNV,0.01496668980807761
BeerOriginalExtract,LGBM_reg,derivate_RNV,0.0349468190066437
BeerOriginalExtract,PLS_reg,derivate_RNV,0.0027903593651724123
BeerOriginalExtract,LGBM_reg,derivate_SNV,0.036745216553698695
BeerOriginalExtract,PLS_reg,derivate_SNV,0.007145766327952413
BeerOriginalExtract,Ridge_reg,derivate_SNV,0.00944389852944802
BeerOriginalExtract,CNN_reg,derivate_detrend,0.014194367657461404
BeerOriginalExtract,LGBM_reg,derivate_detrend,0.1674540563916203
BeerOriginalExtract,PLS_reg,derivate_detrend,0.018246538487710795
BeerOriginalExtract,CNN_reg,derivate_gaussian,0.03745732173899208
BeerOriginalExtract,PLS_reg,derivate_gaussian,0.014833522244827979
BeerOriginalExtract,Ridge_reg,derivate_gaussian,0.04186365715483678
BeerOriginalExtract,CNN_reg,derivate_haar,0.017052598726065515
BeerOriginalExtract,LGBM_reg,derivate_haar,0.06290546208921732
BeerOriginalExtract,Ridge_reg,derivate_haar,0.019357231802689612
BeerOriginalExtract,CNN_reg,derivate_normalize,0.018390695424516185
BeerOriginalExtract,LGBM_reg,derivate_normalize,0.028197324292634884
BeerOriginalExtract,Ridge_reg,derivate_normalize,0.00354874535555319
BeerOriginalExtract,CNN_reg,derivate_savgol,0.0011909148651677859
BeerOriginalExtract,PLS_reg,derivate_savgol,0.021439301928868087
BeerOriginalExtract,Ridge_reg,derivate_savgol,0.010584946677059698
BeerOriginalExtract,LGBM_reg,derivate_simplescale,0.07810329871348207
BeerOriginalExtract,PLS_reg,derivate_simplescale,0.014485538144679594
BeerOriginalExtract,Ridge_reg,derivate_simplescale,0.01637884393828129
BeerOriginalExtract,CNN_reg,detrend,0.140349815336303
BeerOriginalExtract,LGBM_reg,detrend,0.035556741236560205
BeerOriginalExtract,Ridge_reg,detrend,0.0432324770410011
BeerOriginalExtract,CNN_reg,detrend_MSC,0.1858142624506135
BeerOriginalExtract,LGBM_reg,detrend_MSC,0.034439166041221
BeerOriginalExtract,Ridge_reg,detrend_MSC,0.1854056946638427
BeerOriginalExtract,CNN_reg,detrend_RNV,0.0223485770422137
BeerOriginalExtract,LGBM_reg,detrend_RNV,0.0689372664797775
BeerOriginalExtract,PLS_reg,detrend_RNV,0.005471229003739702
BeerOriginalExtract,CNN_reg,detrend_SNV,0.020120919166815895
BeerOriginalExtract,LGBM_reg,detrend_SNV,0.0535286210390866
BeerOriginalExtract,Ridge_reg,detrend_SNV,0.0019582607254527984
BeerOriginalExtract,CNN_reg,detrend_gaussian,0.1663719938538167
BeerOriginalExtract,LGBM_reg,detrend_gaussian,0.018330966839947498
BeerOriginalExtract,Ridge_reg,detrend_gaussian,0.1658405418909378
BeerOriginalExtract,CNN_reg,detrend_haar,0.1615297523840221
BeerOriginalExtract,PLS_reg,detrend_haar,0.005031525296769902
BeerOriginalExtract,Ridge_reg,detrend_haar,0.1831863754597643
BeerOriginalExtract,CNN_reg,detrend_normalize,0.0063831534044917
BeerOriginalExtract,LGBM_reg,detrend_normalize,0.020581543260376096
BeerOriginalExtract,Ridge_reg,detrend_normalize,0.0017359056726618007
BeerOriginalExtract,CNN_reg,detrend_savgol,0.020116871907333002
BeerOriginalExtract,LGBM_reg,detrend_savgol,0.0356347066524192
BeerOriginalExtract,Ridge_reg,detrend_savgol,0.0009418781783975989
BeerOriginalExtract,CNN_reg,detrend_simplescale,0.053221250385893704
BeerOriginalExtract,LGBM_reg,detrend_simplescale,0.045264758004947406
BeerOriginalExtract,Ridge_reg,detrend_simplescale,0.009227802715400798
BeerOriginalExtract,CNN_reg,gaussian,0.16556855659489628
BeerOriginalExtract,LGBM_reg,gaussian,0.011738713659476402
BeerOriginalExtract,Ridge_reg,gaussian,0.1652294779559248
BeerOriginalExtract,CNN_reg,haar,0.1636275257158914
BeerOriginalExtract,PLS_reg,haar,0.008082147613278502
BeerOriginalExtract,Ridge_reg,haar,0.18519498953362848
BeerOriginalExtract,CNN_reg,haar_gaussian,0.05410277758767221
BeerOriginalExtract,LGBM_reg,haar_gaussian,0.0051194170032257125
BeerOriginalExtract,Ridge_reg,haar_gaussian,0.05369768109411671
BeerOriginalExtract,CNN_reg,id,0.2017529599779698
BeerOriginalExtract,LGBM_reg,id,0.032638609265212594
BeerOriginalExtract,Ridge_reg,id,0.011902591528396803
BeerOriginalExtract,CNN_reg,normalize,0.174179323371073
BeerOriginalExtract,LGBM_reg,normalize,0.0574162506360525
BeerOriginalExtract,PLS_reg,normalize,0.013886838199001099
BeerOriginalExtract,CNN_reg,normalize_RNV,0.038058388520523796
BeerOriginalExtract,LGBM_reg,normalize_RNV,0.0660415405178355
BeerOriginalExtract,PLS_reg,normalize_RNV,0.0186883044153301
BeerOriginalExtract,CNN_reg,normalize_SNV,0.054049829886262
BeerOriginalExtract,LGBM_reg,normalize_SNV,0.0884452585496054
BeerOriginalExtract,PLS_reg,normalize_SNV,1.6850885091040935e-06
BeerOriginalExtract,CNN_reg,normalize_gaussian,0.1578833838287061
BeerOriginalExtract,LGBM_reg,normalize_gaussian,0.056289849092819304
BeerOriginalExtract,Ridge_reg,normalize_gaussian,0.1574157816993948
BeerOriginalExtract,CNN_reg,normalize_haar,0.1580684948711923
BeerOriginalExtract,PLS_reg,normalize_haar,0.005182602890334995
BeerOriginalExtract,Ridge_reg,normalize_haar,0.1836449726559023
BeerOriginalExtract,CNN_reg,normalize_savgol,0.1856231962251686
BeerOriginalExtract,LGBM_reg,normalize_savgol,0.063484987114436
BeerOriginalExtract,PLS_reg,normalize_savgol,0.013887205556251201
BeerOriginalExtract,CNN_reg,normalize_simplescale,0.1310896698488321
BeerOriginalExtract,LGBM_reg,normalize_simplescale,0.081253623135289
BeerOriginalExtract,Ridge_reg,normalize_simplescale,0.013171305430454597
BeerOriginalExtract,CNN_reg,savgol,0.0149446795928555
BeerOriginalExtract,LGBM_reg,savgol,0.0629585151678206
BeerOriginalExtract,PLS_reg,savgol,0.008803129120672801
BeerOriginalExtract,CNN_reg,savgol_SNV,0.0343639784458266
BeerOriginalExtract,LGBM_reg,savgol_SNV,0.07055871778105201
BeerOriginalExtract,PLS_reg,savgol_SNV,1.9416770367999825e-05
BeerOriginalExtract,CNN_reg,savgol_gaussian,0.18878941703089
BeerOriginalExtract,LGBM_reg,savgol_gaussian,0.0167872053983328
BeerOriginalExtract,Ridge_reg,savgol_gaussian,0.1994294578293029
BeerOriginalExtract,CNN_reg,savgol_haar,0.04735409601313761
BeerOriginalExtract,LGBM_reg,savgol_haar,0.0283915100076683
BeerOriginalExtract,Ridge_reg,savgol_haar,0.1672814403374833
BeerOriginalExtract,CNN_reg,savgol_simplescale,0.057955905598428406
BeerOriginalExtract,LGBM_reg,savgol_simplescale,0.0815751163496321
BeerOriginalExtract,Ridge_reg,savgol_simplescale,0.0108655123567152
BeerOriginalExtract,CNN_reg,simplescale,0.1045810064535844
BeerOriginalExtract,LGBM_reg,simplescale,0.0831724915812949
BeerOriginalExtract,Ridge_reg,simplescale,0.0131729843480871
BeerOriginalExtract,CNN_reg,simplescale_SNV,0.0345425400932603
BeerOriginalExtract,LGBM_reg,simplescale_SNV,0.0847121134756387
BeerOriginalExtract,PLS_reg,simplescale_SNV,1.68508850900001e-06
BeerOriginalExtract,CNN_reg,simplescale_gaussian,0.1486441958710926
BeerOriginalExtract,PLS_reg,simplescale_gaussian,0.0122760386231782
BeerOriginalExtract,Ridge_reg,simplescale_gaussian,0.1448371062775208
BeerOriginalExtract,CNN_reg,simplescale_haar,0.10786112417548901
BeerOriginalExtract,LGBM_reg,simplescale_haar,0.10433867413085829
BeerOriginalExtract,Ridge_reg,simplescale_haar,0.11212739951491602
Biscuit_Fat_40_RandomSplit,CNN_reg,MSC,0.024335726463037888
Biscuit_Fat_40_RandomSplit,LGBM_reg,MSC,0.160212875782762
Biscuit_Fat_40_RandomSplit,PLS_reg,MSC,0.0067246051476679
Biscuit_Fat_40_RandomSplit,CNN_reg,MSC_RNV,0.03165694754608729
Biscuit_Fat_40_RandomSplit,LGBM_reg,MSC_RNV,0.1655278707472671
Biscuit_Fat_40_RandomSplit,PLS_reg,MSC_RNV,0.020009618752712788
Biscuit_Fat_40_RandomSplit,CNN_reg,MSC_SNV,0.025568865825993395
Biscuit_Fat_40_RandomSplit,LGBM_reg,MSC_SNV,0.17253113281773508
Biscuit_Fat_40_RandomSplit,PLS_reg,MSC_SNV,0.020082325480455188
Biscuit_Fat_40_RandomSplit,CNN_reg,MSC_gaussian,0.2047419653263238
Biscuit_Fat_40_RandomSplit,LGBM_reg,MSC_gaussian,0.15096819535468428
Biscuit_Fat_40_RandomSplit,Ridge_reg,MSC_gaussian,0.17752228589381278
Biscuit_Fat_40_RandomSplit,LGBM_reg,MSC_haar,0.031080090122535903
Biscuit_Fat_40_RandomSplit,PLS_reg,MSC_haar,0.015713319252195296
Biscuit_Fat_40_RandomSplit,Ridge_reg,MSC_haar,0.05325577517186758
Biscuit_Fat_40_RandomSplit,CNN_reg,MSC_normalize,0.0368770806276186
Biscuit_Fat_40_RandomSplit,LGBM_reg,MSC_normalize,0.17328428003644858
Biscuit_Fat_40_RandomSplit,PLS_reg,MSC_normalize,0.02054451039129651
Biscuit_Fat_40_RandomSplit,CNN_reg,MSC_savgol,0.0241469552120661
Biscuit_Fat_40_RandomSplit,LGBM_reg,MSC_savgol,0.16186397320734452
Biscuit_Fat_40_RandomSplit,PLS_reg,MSC_savgol,0.015304856456638496
Biscuit_Fat_40_RandomSplit,CNN_reg,MSC_simplescale,0.08971489389621179
Biscuit_Fat_40_RandomSplit,LGBM_reg,MSC_simplescale,0.16793385760037718
Biscuit_Fat_40_RandomSplit,PLS_reg,MSC_simplescale,0.01797053066507409
Biscuit_Fat_40_RandomSplit,CNN_reg,RNV,0.0234520591225634
Biscuit_Fat_40_RandomSplit,LGBM_reg,RNV,0.1693661136603012
Biscuit_Fat_40_RandomSplit,PLS_reg,RNV,0.020009618752540398
Biscuit_Fat_40_RandomSplit,CNN_reg,RNV_SNV,0.02872552536103029
Biscuit_Fat_40_RandomSplit,LGBM_reg,RNV_SNV,0.17333029940984251
Biscuit_Fat_40_RandomSplit,PLS_reg,RNV_SNV,0.020082325481070196
Biscuit_Fat_40_RandomSplit,CNN_reg,RNV_gaussian,0.018743327002269092
Biscuit_Fat_40_RandomSplit,LGBM_reg,RNV_gaussian,0.11452284730580051
Biscuit_Fat_40_RandomSplit,Ridge_reg,RNV_gaussian,0.05382261638807451
Biscuit_Fat_40_RandomSplit,CNN_reg,RNV_haar,0.0567170532550548
Biscuit_Fat_40_RandomSplit,LGBM_reg,RNV_haar,0.0858107689815234
Biscuit_Fat_40_RandomSplit,Ridge_reg,RNV_haar,0.042085258095713896
Biscuit_Fat_40_RandomSplit,CNN_reg,RNV_savgol,0.03723848532398999
Biscuit_Fat_40_RandomSplit,LGBM_reg,RNV_savgol,0.14968636903016097
Biscuit_Fat_40_RandomSplit,PLS_reg,RNV_savgol,0.022329745446871302
Biscuit_Fat_40_RandomSplit,CNN_reg,RNV_simplescale,0.06641678459489131
Biscuit_Fat_40_RandomSplit,LGBM_reg,RNV_simplescale,0.166847146990457
Biscuit_Fat_40_RandomSplit,PLS_reg,RNV_simplescale,0.01797053066583701
Biscuit_Fat_40_RandomSplit,CNN_reg,SNV,0.021575246280836305
Biscuit_Fat_40_RandomSplit,LGBM_reg,SNV,0.17245643280380152
Biscuit_Fat_40_RandomSplit,PLS_reg,SNV,0.020082325480762706
Biscuit_Fat_40_RandomSplit,LGBM_reg,SNV_gaussian,0.0396786941794976
Biscuit_Fat_40_RandomSplit,PLS_reg,SNV_gaussian,0.09898106991275019
Biscuit_Fat_40_RandomSplit,Ridge_reg,SNV_gaussian,0.15681086708112263
Biscuit_Fat_40_RandomSplit,LGBM_reg,SNV_haar,0.02203389789754029
Biscuit_Fat_40_RandomSplit,PLS_reg,SNV_haar,0.3043065508845375
Biscuit_Fat_40_RandomSplit,Ridge_reg,SNV_haar,0.2811259488243445
Biscuit_Fat_40_RandomSplit,CNN_reg,baseline,0.08260091628094669
Biscuit_Fat_40_RandomSplit,LGBM_reg,baseline,0.1761181873781324
Biscuit_Fat_40_RandomSplit,PLS_reg,baseline,0.0238559243541248
Biscuit_Fat_40_RandomSplit,CNN_reg,baseline_MSC,0.0205025832169745
Biscuit_Fat_40_RandomSplit,LGBM_reg,baseline_MSC,0.1595092145841387
Biscuit_Fat_40_RandomSplit,PLS_reg,baseline_MSC,0.0067246051467931
Biscuit_Fat_40_RandomSplit,CNN_reg,baseline_RNV,0.033117703860291406
Biscuit_Fat_40_RandomSplit,LGBM_reg,baseline_RNV,0.16605352617098018
Biscuit_Fat_40_RandomSplit,PLS_reg,baseline_RNV,0.0200096187524009
Biscuit_Fat_40_RandomSplit,CNN_reg,baseline_SNV,0.0333600320457426
Biscuit_Fat_40_RandomSplit,LGBM_reg,baseline_SNV,0.17275548256988119
Biscuit_Fat_40_RandomSplit,PLS_reg,baseline_SNV,0.020082325480683394
Biscuit_Fat_40_RandomSplit,LGBM_reg,baseline_derivate,0.08499598872118391
Biscuit_Fat_40_RandomSplit,PLS_reg,baseline_derivate,0.02744623301877991
Biscuit_Fat_40_RandomSplit,Ridge_reg,baseline_derivate,0.0159112328111905
Biscuit_Fat_40_RandomSplit,CNN_reg,baseline_detrend,0.067573927424007
Biscuit_Fat_40_RandomSplit,LGBM_reg,baseline_detrend,0.11243391711890739
Biscuit_Fat_40_RandomSplit,PLS_reg,baseline_detrend,0.017938843675783606
Biscuit_Fat_40_RandomSplit,CNN_reg,baseline_gaussian,0.1737474804822974
Biscuit_Fat_40_RandomSplit,LGBM_reg,baseline_gaussian,0.029100890924027206
Biscuit_Fat_40_RandomSplit,Ridge_reg,baseline_gaussian,0.0998101836678377
Biscuit_Fat_40_RandomSplit,CNN_reg,baseline_haar,0.014284615951996399
Biscuit_Fat_40_RandomSplit,LGBM_reg,baseline_haar,0.018527990647684803
Biscuit_Fat_40_RandomSplit,Ridge_reg,baseline_haar,0.031247326013991508
Biscuit_Fat_40_RandomSplit,CNN_reg,baseline_normalize,0.013573705526565394
Biscuit_Fat_40_RandomSplit,LGBM_reg,baseline_normalize,0.17286193298265867
Biscuit_Fat_40_RandomSplit,PLS_reg,baseline_normalize,0.020544510391872106
Biscuit_Fat_40_RandomSplit,CNN_reg,baseline_savgol,0.05497222141255689
Biscuit_Fat_40_RandomSplit,LGBM_reg,baseline_savgol,0.18165081112203657
Biscuit_Fat_40_RandomSplit,PLS_reg,baseline_savgol,0.032554585663603794
Biscuit_Fat_40_RandomSplit,CNN_reg,baseline_simplescale,0.08696555047098499
Biscuit_Fat_40_RandomSplit,LGBM_reg,baseline_simplescale,0.1671982704558132
Biscuit_Fat_40_RandomSplit,PLS_reg,baseline_simplescale,0.017970530666405193
Biscuit_Fat_40_RandomSplit,LGBM_reg,derivate,0.09246784558474269
Biscuit_Fat_40_RandomSplit,PLS_reg,derivate,0.03300423474249847
Biscuit_Fat_40_RandomSplit,Ridge_reg,derivate,0.021469234534909065
Biscuit_Fat_40_RandomSplit,LGBM_reg,derivate_MSC,0.11803302331595311
Biscuit_Fat_40_RandomSplit,PLS_reg,derivate_MSC,0.049242348389506196
Biscuit_Fat_40_RandomSplit,Ridge_reg,derivate_MSC,0.02335557133148214
Biscuit_Fat_40_RandomSplit,LGBM_reg,derivate_RNV,0.11487715101467516
Biscuit_Fat_40_RandomSplit,PLS_reg,derivate_RNV,0.04827644149464
Biscuit_Fat_40_RandomSplit,Ridge_reg,derivate_RNV,0.020861037612462163
Biscuit_Fat_40_RandomSplit,LGBM_reg,derivate_SNV,0.10592175774991819
Biscuit_Fat_40_RandomSplit,PLS_reg,derivate_SNV,0.027545211023638272
Biscuit_Fat_40_RandomSplit,Ridge_reg,derivate_SNV,0.009975613238468684
Biscuit_Fat_40_RandomSplit,CNN_reg,derivate_detrend,0.039765735678723324
Biscuit_Fat_40_RandomSplit,LGBM_reg,derivate_detrend,0.0834402322699273
Biscuit_Fat_40_RandomSplit,PLS_reg,derivate_detrend,0.04137415785364229
Biscuit_Fat_40_RandomSplit,CNN_reg,derivate_gaussian,0.009482327787568967
Biscuit_Fat_40_RandomSplit,LGBM_reg,derivate_gaussian,0.04540934132229807
Biscuit_Fat_40_RandomSplit,PLS_reg,derivate_gaussian,0.0010444006914319681
Biscuit_Fat_40_RandomSplit,CNN_reg,derivate_haar,0.024057249307781692
Biscuit_Fat_40_RandomSplit,LGBM_reg,derivate_haar,0.0243714287587794
Biscuit_Fat_40_RandomSplit,PLS_reg,derivate_haar,0.06716613649629233
Biscuit_Fat_40_RandomSplit,LGBM_reg,derivate_normalize,0.09430924023542792
Biscuit_Fat_40_RandomSplit,PLS_reg,derivate_normalize,0.04591310502749579
Biscuit_Fat_40_RandomSplit,Ridge_reg,derivate_normalize,0.02277582320289473
Biscuit_Fat_40_RandomSplit,LGBM_reg,derivate_savgol,0.0966671282976071
Biscuit_Fat_40_RandomSplit,PLS_reg,derivate_savgol,0.05280093163739319
Biscuit_Fat_40_RandomSplit,Ridge_reg,derivate_savgol,0.03154459676029231
Biscuit_Fat_40_RandomSplit,CNN_reg,derivate_simplescale,0.0015972490899875957
Biscuit_Fat_40_RandomSplit,LGBM_reg,derivate_simplescale,0.095327592759897
Biscuit_Fat_40_RandomSplit,PLS_reg,derivate_simplescale,0.01742369754960732
Biscuit_Fat_40_RandomSplit,CNN_reg,detrend,0.040298147040850794
Biscuit_Fat_40_RandomSplit,LGBM_reg,detrend,0.1243384792210678
Biscuit_Fat_40_RandomSplit,PLS_reg,detrend,0.017938843675882603
Biscuit_Fat_40_RandomSplit,CNN_reg,detrend_MSC,0.22393323343407684
Biscuit_Fat_40_RandomSplit,LGBM_reg,detrend_MSC,0.1494974806622127
Biscuit_Fat_40_RandomSplit,Ridge_reg,detrend_MSC,0.22421935188016062
Biscuit_Fat_40_RandomSplit,CNN_reg,detrend_RNV,0.0240848710585684
Biscuit_Fat_40_RandomSplit,LGBM_reg,detrend_RNV,0.1171727297396751
Biscuit_Fat_40_RandomSplit,PLS_reg,detrend_RNV,0.006568488516849207
Biscuit_Fat_40_RandomSplit,CNN_reg,detrend_SNV,0.0568735215401564
Biscuit_Fat_40_RandomSplit,LGBM_reg,detrend_SNV,0.09489464152669551
Biscuit_Fat_40_RandomSplit,Ridge_reg,detrend_SNV,0.0019789600451222134
Biscuit_Fat_40_RandomSplit,CNN_reg,detrend_gaussian,0.1713449363101191
Biscuit_Fat_40_RandomSplit,LGBM_reg,detrend_gaussian,0.04388168331321579
Biscuit_Fat_40_RandomSplit,Ridge_reg,detrend_gaussian,0.0994416723516208
Biscuit_Fat_40_RandomSplit,CNN_reg,detrend_haar,0.023011753269557206
Biscuit_Fat_40_RandomSplit,LGBM_reg,detrend_haar,0.03597130793390531
Biscuit_Fat_40_RandomSplit,Ridge_reg,detrend_haar,0.039240718723266704
Biscuit_Fat_40_RandomSplit,CNN_reg,detrend_normalize,0.011151597407560998
Biscuit_Fat_40_RandomSplit,LGBM_reg,detrend_normalize,0.10510639217126769
Biscuit_Fat_40_RandomSplit,Ridge_reg,detrend_normalize,0.005289429255982803
Biscuit_Fat_40_RandomSplit,CNN_reg,detrend_savgol,0.05127692439240131
Biscuit_Fat_40_RandomSplit,LGBM_reg,detrend_savgol,0.12532818276569752
Biscuit_Fat_40_RandomSplit,PLS_reg,detrend_savgol,0.013599112044916303
Biscuit_Fat_40_RandomSplit,CNN_reg,detrend_simplescale,0.0399369977655217
Biscuit_Fat_40_RandomSplit,LGBM_reg,detrend_simplescale,0.1270518767054592
Biscuit_Fat_40_RandomSplit,PLS_reg,detrend_simplescale,0.0012609785596412043
Biscuit_Fat_40_RandomSplit,CNN_reg,gaussian,0.16546264350673887
Biscuit_Fat_40_RandomSplit,LGBM_reg,gaussian,0.03625439489471549
Biscuit_Fat_40_RandomSplit,Ridge_reg,gaussian,0.09148511646378368
Biscuit_Fat_40_RandomSplit,CNN_reg,haar,0.029004491729195794
Biscuit_Fat_40_RandomSplit,LGBM_reg,haar,0.026934394155321797
Biscuit_Fat_40_RandomSplit,Ridge_reg,haar,0.031247326014009202
Biscuit_Fat_40_RandomSplit,CNN_reg,haar_gaussian,0.08263197936625771
Biscuit_Fat_40_RandomSplit,LGBM_reg,haar_gaussian,0.0212525540338451
Biscuit_Fat_40_RandomSplit,Ridge_reg,haar_gaussian,0.08137625488533201
Biscuit_Fat_40_RandomSplit,CNN_reg,id,0.0882534937683353
Biscuit_Fat_40_RandomSplit,LGBM_reg,id,0.1937398937196503
Biscuit_Fat_40_RandomSplit,PLS_reg,id,0.010270774598305596
Biscuit_Fat_40_RandomSplit,CNN_reg,normalize,0.049124430741864705
Biscuit_Fat_40_RandomSplit,LGBM_reg,normalize,0.23511643730579218
Biscuit_Fat_40_RandomSplit,PLS_reg,normalize,0.0646678767725823
Biscuit_Fat_40_RandomSplit,CNN_reg,normalize_RNV,0.040559581630393304
Biscuit_Fat_40_RandomSplit,LGBM_reg,normalize_RNV,0.1715188716705161
Biscuit_Fat_40_RandomSplit,PLS_reg,normalize_RNV,0.0200096187526584
Biscuit_Fat_40_RandomSplit,CNN_reg,normalize_SNV,0.03417749800153211
Biscuit_Fat_40_RandomSplit,LGBM_reg,normalize_SNV,0.1736277239490454
Biscuit_Fat_40_RandomSplit,PLS_reg,normalize_SNV,0.0200823254814219
Biscuit_Fat_40_RandomSplit,CNN_reg,normalize_gaussian,0.14887400041096607
Biscuit_Fat_40_RandomSplit,LGBM_reg,normalize_gaussian,0.016098681941271203
Biscuit_Fat_40_RandomSplit,Ridge_reg,normalize_gaussian,0.1438991107772574
Biscuit_Fat_40_RandomSplit,CNN_reg,normalize_haar,0.2279972255114454
Biscuit_Fat_40_RandomSplit,LGBM_reg,normalize_haar,0.0479780000783314
Biscuit_Fat_40_RandomSplit,Ridge_reg,normalize_haar,0.1760354612420966
Biscuit_Fat_40_RandomSplit,CNN_reg,normalize_savgol,0.2030340857610457
Biscuit_Fat_40_RandomSplit,LGBM_reg,normalize_savgol,0.2205101861342298
Biscuit_Fat_40_RandomSplit,PLS_reg,normalize_savgol,0.0707667161332568
Biscuit_Fat_40_RandomSplit,CNN_reg,normalize_simplescale,0.074522288469941
Biscuit_Fat_40_RandomSplit,LGBM_reg,normalize_simplescale,0.1674536703595976
Biscuit_Fat_40_RandomSplit,PLS_reg,normalize_simplescale,0.017970530665645704
Biscuit_Fat_40_RandomSplit,CNN_reg,savgol,0.20511087124098962
Biscuit_Fat_40_RandomSplit,LGBM_reg,savgol,0.1832053701786758
Biscuit_Fat_40_RandomSplit,PLS_reg,savgol,0.03255458566497291
Biscuit_Fat_40_RandomSplit,CNN_reg,savgol_SNV,0.0419288762120867
Biscuit_Fat_40_RandomSplit,LGBM_reg,savgol_SNV,0.1691203007737781
Biscuit_Fat_40_RandomSplit,PLS_reg,savgol_SNV,0.0219433810719898
Biscuit_Fat_40_RandomSplit,CNN_reg,savgol_gaussian,0.1934807732044368
Biscuit_Fat_40_RandomSplit,LGBM_reg,savgol_gaussian,0.047149978904719794
Biscuit_Fat_40_RandomSplit,Ridge_reg,savgol_gaussian,0.12328446857984611
Biscuit_Fat_40_RandomSplit,CNN_reg,savgol_haar,0.014707968860870196
Biscuit_Fat_40_RandomSplit,LGBM_reg,savgol_haar,0.022653298847054595
Biscuit_Fat_40_RandomSplit,Ridge_reg,savgol_haar,0.0238330506567795
Biscuit_Fat_40_RandomSplit,CNN_reg,savgol_simplescale,0.077563837705797
Biscuit_Fat_40_RandomSplit,LGBM_reg,savgol_simplescale,0.1678508458494076
Biscuit_Fat_40_RandomSplit,PLS_reg,savgol_simplescale,0.020478334015519406
Biscuit_Fat_40_RandomSplit,CNN_reg,simplescale,0.06984268933399361
Biscuit_Fat_40_RandomSplit,LGBM_reg,simplescale,0.1666618754286534
Biscuit_Fat_40_RandomSplit,PLS_reg,simplescale,0.017970530666405193
Biscuit_Fat_40_RandomSplit,CNN_reg,simplescale_SNV,0.0359832023191104
Biscuit_Fat_40_RandomSplit,LGBM_reg,simplescale_SNV,0.17229560127303378
Biscuit_Fat_40_RandomSplit,PLS_reg,simplescale_SNV,0.02008232548090129
Biscuit_Fat_40_RandomSplit,CNN_reg,simplescale_gaussian,0.20426551821885114
Biscuit_Fat_40_RandomSplit,LGBM_reg,simplescale_gaussian,0.08181528004958129
Biscuit_Fat_40_RandomSplit,Ridge_reg,simplescale_gaussian,0.037163068559457405
Biscuit_Fat_40_RandomSplit,CNN_reg,simplescale_haar,0.1933356858360209
Biscuit_Fat_40_RandomSplit,LGBM_reg,simplescale_haar,0.06232755026088621
Biscuit_Fat_40_RandomSplit,PLS_reg,simplescale_haar,0.024169642317160497
Biscuit_Flour_40_RandomSplit,CNN_reg,MSC,0.0396976413449613
Biscuit_Flour_40_RandomSplit,LGBM_reg,MSC,0.1404128188304637
Biscuit_Flour_40_RandomSplit,PLS_reg,MSC,0.0020187199129928085
Biscuit_Flour_40_RandomSplit,CNN_reg,MSC_RNV,0.0536395038188371
Biscuit_Flour_40_RandomSplit,LGBM_reg,MSC_RNV,0.1790401861279251
Biscuit_Flour_40_RandomSplit,PLS_reg,MSC_RNV,0.011800687063106899
Biscuit_Flour_40_RandomSplit,CNN_reg,MSC_SNV,0.0320346367081053
Biscuit_Flour_40_RandomSplit,LGBM_reg,MSC_SNV,0.14524051065575228
Biscuit_Flour_40_RandomSplit,PLS_reg,MSC_SNV,0.0017149086597103014
Biscuit_Flour_40_RandomSplit,CNN_reg,MSC_gaussian,0.0781673657753317
Biscuit_Flour_40_RandomSplit,LGBM_reg,MSC_gaussian,0.025458106080455206
Biscuit_Flour_40_RandomSplit,Ridge_reg,MSC_gaussian,0.03913681953077511
Biscuit_Flour_40_RandomSplit,CNN_reg,MSC_haar,0.10054918171499849
Biscuit_Flour_40_RandomSplit,LGBM_reg,MSC_haar,0.02802550510499649
Biscuit_Flour_40_RandomSplit,PLS_reg,MSC_haar,0.0011665603105333044
Biscuit_Flour_40_RandomSplit,LGBM_reg,MSC_normalize,0.1483557413946581
Biscuit_Flour_40_RandomSplit,PLS_reg,MSC_normalize,0.0053200205099466075
Biscuit_Flour_40_RandomSplit,Ridge_reg,MSC_normalize,0.0038496311296336017
Biscuit_Flour_40_RandomSplit,CNN_reg,MSC_savgol,0.0753939656641453
Biscuit_Flour_40_RandomSplit,LGBM_reg,MSC_savgol,0.1491662023823225
Biscuit_Flour_40_RandomSplit,PLS_reg,MSC_savgol,0.0022855315081760086
Biscuit_Flour_40_RandomSplit,CNN_reg,MSC_simplescale,0.0481730531141729
Biscuit_Flour_40_RandomSplit,LGBM_reg,MSC_simplescale,0.1869353097562606
Biscuit_Flour_40_RandomSplit,PLS_reg,MSC_simplescale,0.0025315371990295987
Biscuit_Flour_40_RandomSplit,CNN_reg,RNV,0.03902018752378471
Biscuit_Flour_40_RandomSplit,LGBM_reg,RNV,0.1804416056902522
Biscuit_Flour_40_RandomSplit,PLS_reg,RNV,0.011800687063122609
Biscuit_Flour_40_RandomSplit,CNN_reg,RNV_SNV,0.0478311042801538
Biscuit_Flour_40_RandomSplit,LGBM_reg,RNV_SNV,0.1457128116477972
Biscuit_Flour_40_RandomSplit,PLS_reg,RNV_SNV,0.0017149086597143953
Biscuit_Flour_40_RandomSplit,LGBM_reg,RNV_gaussian,0.038065276361606296
Biscuit_Flour_40_RandomSplit,PLS_reg,RNV_gaussian,0.013911807919961702
Biscuit_Flour_40_RandomSplit,Ridge_reg,RNV_gaussian,0.0347110670012202
Biscuit_Flour_40_RandomSplit,CNN_reg,RNV_haar,0.010637928579756997
Biscuit_Flour_40_RandomSplit,PLS_reg,RNV_haar,0.0007939252900203975
Biscuit_Flour_40_RandomSplit,Ridge_reg,RNV_haar,0.00991613628608301
Biscuit_Flour_40_RandomSplit,CNN_reg,RNV_savgol,0.0345428087933512
Biscuit_Flour_40_RandomSplit,LGBM_reg,RNV_savgol,0.163603457385953
Biscuit_Flour_40_RandomSplit,PLS_reg,RNV_savgol,0.0119843816897513
Biscuit_Flour_40_RandomSplit,CNN_reg,RNV_simplescale,0.0180276296774
Biscuit_Flour_40_RandomSplit,LGBM_reg,RNV_simplescale,0.17785395930077813
Biscuit_Flour_40_RandomSplit,PLS_reg,RNV_simplescale,0.0025315371990221047
Biscuit_Flour_40_RandomSplit,CNN_reg,SNV,0.020288361087372295
Biscuit_Flour_40_RandomSplit,LGBM_reg,SNV,0.1418099740170045
Biscuit_Flour_40_RandomSplit,PLS_reg,SNV,0.0017149086597152002
Biscuit_Flour_40_RandomSplit,CNN_reg,SNV_gaussian,0.07439440720610291
Biscuit_Flour_40_RandomSplit,PLS_reg,SNV_gaussian,0.02686594036746709
Biscuit_Flour_40_RandomSplit,Ridge_reg,SNV_gaussian,0.1326884971590708
Biscuit_Flour_40_RandomSplit,LGBM_reg,SNV_haar,0.02116738193704132
Biscuit_Flour_40_RandomSplit,PLS_reg,SNV_haar,0.0507105134771805
Biscuit_Flour_40_RandomSplit,Ridge_reg,SNV_haar,0.17857972047674842
Biscuit_Flour_40_RandomSplit,CNN_reg,baseline,0.0742153683815968
Biscuit_Flour_40_RandomSplit,LGBM_reg,baseline,0.1405440640139824
Biscuit_Flour_40_RandomSplit,Ridge_reg,baseline,0.00061269769296661
Biscuit_Flour_40_RandomSplit,CNN_reg,baseline_MSC,0.07839216151620099
Biscuit_Flour_40_RandomSplit,LGBM_reg,baseline_MSC,0.1443031923388127
Biscuit_Flour_40_RandomSplit,PLS_reg,baseline_MSC,0.0020187199129878958
Biscuit_Flour_40_RandomSplit,CNN_reg,baseline_RNV,0.034236006302268404
Biscuit_Flour_40_RandomSplit,LGBM_reg,baseline_RNV,0.1744674506118183
Biscuit_Flour_40_RandomSplit,PLS_reg,baseline_RNV,0.0118006870630777
Biscuit_Flour_40_RandomSplit,CNN_reg,baseline_SNV,0.009432435892781893
Biscuit_Flour_40_RandomSplit,LGBM_reg,baseline_SNV,0.1440413566021711
Biscuit_Flour_40_RandomSplit,PLS_reg,baseline_SNV,0.0017149086597307989
Biscuit_Flour_40_RandomSplit,CNN_reg,baseline_derivate,0.008076895636027509
Biscuit_Flour_40_RandomSplit,LGBM_reg,baseline_derivate,0.08052546706925942
Biscuit_Flour_40_RandomSplit,Ridge_reg,baseline_derivate,0.0035728381807965115
Biscuit_Flour_40_RandomSplit,CNN_reg,baseline_detrend,0.01753250405628151
Biscuit_Flour_40_RandomSplit,LGBM_reg,baseline_detrend,0.0934351501780348
Biscuit_Flour_40_RandomSplit,Ridge_reg,baseline_detrend,0.012990590380963105
Biscuit_Flour_40_RandomSplit,LGBM_reg,baseline_gaussian,0.0187952693696318
Biscuit_Flour_40_RandomSplit,PLS_reg,baseline_gaussian,0.022224050896843497
Biscuit_Flour_40_RandomSplit,Ridge_reg,baseline_gaussian,0.042040793199121906
Biscuit_Flour_40_RandomSplit,CNN_reg,baseline_haar,0.0176719202076224
Biscuit_Flour_40_RandomSplit,PLS_reg,baseline_haar,0.00866201321349401
Biscuit_Flour_40_RandomSplit,Ridge_reg,baseline_haar,0.0194637883684851
Biscuit_Flour_40_RandomSplit,CNN_reg,baseline_normalize,0.0524373660149416
Biscuit_Flour_40_RandomSplit,LGBM_reg,baseline_normalize,0.1387597841178992
Biscuit_Flour_40_RandomSplit,PLS_reg,baseline_normalize,0.001470389380312409
Biscuit_Flour_40_RandomSplit,CNN_reg,baseline_savgol,0.053049281881945895
Biscuit_Flour_40_RandomSplit,LGBM_reg,baseline_savgol,0.1465878318468979
Biscuit_Flour_40_RandomSplit,Ridge_reg,baseline_savgol,0.0005342449601262039
Biscuit_Flour_40_RandomSplit,CNN_reg,baseline_simplescale,0.023937835390403506
Biscuit_Flour_40_RandomSplit,LGBM_reg,baseline_simplescale,0.18619785557588447
Biscuit_Flour_40_RandomSplit,PLS_reg,baseline_simplescale,0.002531537199024006
Biscuit_Flour_40_RandomSplit,CNN_reg,derivate,0.006312131971908802
Biscuit_Flour_40_RandomSplit,LGBM_reg,derivate,0.06949156933752978
Biscuit_Flour_40_RandomSplit,Ridge_reg,derivate,0.0035728381807965115
Biscuit_Flour_40_RandomSplit,CNN_reg,derivate_MSC,0.0048962820733114976
Biscuit_Flour_40_RandomSplit,LGBM_reg,derivate_MSC,0.06340926868925281
Biscuit_Flour_40_RandomSplit,Ridge_reg,derivate_MSC,0.0033651908063273006
Biscuit_Flour_40_RandomSplit,CNN_reg,derivate_RNV,0.0044504510099762085
Biscuit_Flour_40_RandomSplit,LGBM_reg,derivate_RNV,0.06834964608571062
Biscuit_Flour_40_RandomSplit,Ridge_reg,derivate_RNV,0.017187508738970597
Biscuit_Flour_40_RandomSplit,CNN_reg,derivate_SNV,0.007120421236465002
Biscuit_Flour_40_RandomSplit,LGBM_reg,derivate_SNV,0.057760611636835685
Biscuit_Flour_40_RandomSplit,Ridge_reg,derivate_SNV,0.021593533736257636
Biscuit_Flour_40_RandomSplit,LGBM_reg,derivate_detrend,0.013281451691138091
Biscuit_Flour_40_RandomSplit,PLS_reg,derivate_detrend,0.0005434696759643032
Biscuit_Flour_40_RandomSplit,Ridge_reg,derivate_detrend,0.0014131597732026935
Biscuit_Flour_40_RandomSplit,CNN_reg,derivate_gaussian,0.0016855205271875118
Biscuit_Flour_40_RandomSplit,LGBM_reg,derivate_gaussian,0.029649391580340412
Biscuit_Flour_40_RandomSplit,PLS_reg,derivate_gaussian,0.01391413003367209
Biscuit_Flour_40_RandomSplit,CNN_reg,derivate_haar,0.004449928048606111
Biscuit_Flour_40_RandomSplit,LGBM_reg,derivate_haar,0.0510764626092029
Biscuit_Flour_40_RandomSplit,PLS_reg,derivate_haar,0.017350624429391892
Biscuit_Flour_40_RandomSplit,CNN_reg,derivate_normalize,0.012044323325716505
Biscuit_Flour_40_RandomSplit,LGBM_reg,derivate_normalize,0.08023908226747231
Biscuit_Flour_40_RandomSplit,PLS_reg,derivate_normalize,0.00047323869133220064
Biscuit_Flour_40_RandomSplit,CNN_reg,derivate_savgol,0.002831290417674881
Biscuit_Flour_40_RandomSplit,LGBM_reg,derivate_savgol,0.0608381759977355
Biscuit_Flour_40_RandomSplit,Ridge_reg,derivate_savgol,0.0035727992668394826
Biscuit_Flour_40_RandomSplit,CNN_reg,derivate_simplescale,0.0053039640831301915
Biscuit_Flour_40_RandomSplit,LGBM_reg,derivate_simplescale,0.05028355631491371
Biscuit_Flour_40_RandomSplit,PLS_reg,derivate_simplescale,0.00047513719222178064
Biscuit_Flour_40_RandomSplit,CNN_reg,detrend,0.0368072217908916
Biscuit_Flour_40_RandomSplit,LGBM_reg,detrend,0.1198794665484845
Biscuit_Flour_40_RandomSplit,Ridge_reg,detrend,0.012990590380962508
Biscuit_Flour_40_RandomSplit,CNN_reg,detrend_MSC,0.1746109046188195
Biscuit_Flour_40_RandomSplit,LGBM_reg,detrend_MSC,0.0851732489128156
Biscuit_Flour_40_RandomSplit,Ridge_reg,detrend_MSC,0.17253959380663142
Biscuit_Flour_40_RandomSplit,CNN_reg,detrend_RNV,0.060469025345318714
Biscuit_Flour_40_RandomSplit,LGBM_reg,detrend_RNV,0.119337948838682
Biscuit_Flour_40_RandomSplit,Ridge_reg,detrend_RNV,0.0451049411855616
Biscuit_Flour_40_RandomSplit,CNN_reg,detrend_SNV,0.06552634276468329
Biscuit_Flour_40_RandomSplit,LGBM_reg,detrend_SNV,0.09336918770914819
Biscuit_Flour_40_RandomSplit,Ridge_reg,detrend_SNV,0.0027868566682218016
Biscuit_Flour_40_RandomSplit,CNN_reg,detrend_gaussian,0.1616057128954426
Biscuit_Flour_40_RandomSplit,PLS_reg,detrend_gaussian,0.009219208028947198
Biscuit_Flour_40_RandomSplit,Ridge_reg,detrend_gaussian,0.0298884715131834
Biscuit_Flour_40_RandomSplit,LGBM_reg,detrend_haar,0.053390717895131605
Biscuit_Flour_40_RandomSplit,PLS_reg,detrend_haar,0.0300336591454402
Biscuit_Flour_40_RandomSplit,Ridge_reg,detrend_haar,0.033430915385942804
Biscuit_Flour_40_RandomSplit,CNN_reg,detrend_normalize,0.0268039385189342
Biscuit_Flour_40_RandomSplit,LGBM_reg,detrend_normalize,0.11580705263812481
Biscuit_Flour_40_RandomSplit,Ridge_reg,detrend_normalize,0.0003249692517088981
Biscuit_Flour_40_RandomSplit,CNN_reg,detrend_savgol,0.029218204106641596
Biscuit_Flour_40_RandomSplit,LGBM_reg,detrend_savgol,0.1032614619750775
Biscuit_Flour_40_RandomSplit,Ridge_reg,detrend_savgol,0.013007667634408193
Biscuit_Flour_40_RandomSplit,CNN_reg,detrend_simplescale,0.056561376399538094
Biscuit_Flour_40_RandomSplit,LGBM_reg,detrend_simplescale,0.0839034250648282
Biscuit_Flour_40_RandomSplit,Ridge_reg,detrend_simplescale,0.0239840094269934
Biscuit_Flour_40_RandomSplit,CNN_reg,gaussian,0.16316611120548752
Biscuit_Flour_40_RandomSplit,PLS_reg,gaussian,0.010991668830261092
Biscuit_Flour_40_RandomSplit,Ridge_reg,gaussian,0.030808411132537794
Biscuit_Flour_40_RandomSplit,LGBM_reg,haar,0.018312011740194103
Biscuit_Flour_40_RandomSplit,PLS_reg,haar,0.016808997197813702
Biscuit_Flour_40_RandomSplit,Ridge_reg,haar,0.0276107723528055
Biscuit_Flour_40_RandomSplit,CNN_reg,haar_gaussian,0.14196166949197758
Biscuit_Flour_40_RandomSplit,LGBM_reg,haar_gaussian,0.0066050092993099885
Biscuit_Flour_40_RandomSplit,Ridge_reg,haar_gaussian,0.1107684715916745
Biscuit_Flour_40_RandomSplit,CNN_reg,id,0.0392384248782021
Biscuit_Flour_40_RandomSplit,LGBM_reg,id,0.17737232851284568
Biscuit_Flour_40_RandomSplit,Ridge_reg,id,0.0006126976929543976
Biscuit_Flour_40_RandomSplit,CNN_reg,normalize,0.023242604395128805
Biscuit_Flour_40_RandomSplit,LGBM_reg,normalize,0.18074420047181688
Biscuit_Flour_40_RandomSplit,Ridge_reg,normalize,0.005980534602357396
Biscuit_Flour_40_RandomSplit,CNN_reg,normalize_RNV,0.006866504505162199
Biscuit_Flour_40_RandomSplit,LGBM_reg,normalize_RNV,0.1768390026069478
Biscuit_Flour_40_RandomSplit,PLS_reg,normalize_RNV,0.011800687063067708
Biscuit_Flour_40_RandomSplit,CNN_reg,normalize_SNV,0.02415196544998631
Biscuit_Flour_40_RandomSplit,LGBM_reg,normalize_SNV,0.1435343467553914
Biscuit_Flour_40_RandomSplit,PLS_reg,normalize_SNV,0.0017149086597187113
Biscuit_Flour_40_RandomSplit,CNN_reg,normalize_gaussian,0.1487308616596903
Biscuit_Flour_40_RandomSplit,LGBM_reg,normalize_gaussian,0.0022751801376502956
Biscuit_Flour_40_RandomSplit,Ridge_reg,normalize_gaussian,0.13478152997440118
Biscuit_Flour_40_RandomSplit,CNN_reg,normalize_haar,0.0076401092150154976
Biscuit_Flour_40_RandomSplit,LGBM_reg,normalize_haar,0.004159361327512601
Biscuit_Flour_40_RandomSplit,Ridge_reg,normalize_haar,0.1014672420711341
Biscuit_Flour_40_RandomSplit,CNN_reg,normalize_savgol,0.0036187491776868003
Biscuit_Flour_40_RandomSplit,LGBM_reg,normalize_savgol,0.1751889473422443
Biscuit_Flour_40_RandomSplit,Ridge_reg,normalize_savgol,0.005874274201082802
Biscuit_Flour_40_RandomSplit,CNN_reg,normalize_simplescale,0.034762456712029294
Biscuit_Flour_40_RandomSplit,LGBM_reg,normalize_simplescale,0.18578203489062722
Biscuit_Flour_40_RandomSplit,PLS_reg,normalize_simplescale,0.002531537199011294
Biscuit_Flour_40_RandomSplit,CNN_reg,savgol,0.028753797403822307
Biscuit_Flour_40_RandomSplit,LGBM_reg,savgol,0.17267074106012092
Biscuit_Flour_40_RandomSplit,Ridge_reg,savgol,0.0005342449601141996
Biscuit_Flour_40_RandomSplit,CNN_reg,savgol_SNV,0.032083967947492006
Biscuit_Flour_40_RandomSplit,LGBM_reg,savgol_SNV,0.15626913458473982
Biscuit_Flour_40_RandomSplit,PLS_reg,savgol_SNV,0.0018618766170993978
Biscuit_Flour_40_RandomSplit,LGBM_reg,savgol_gaussian,0.0322580208812151
Biscuit_Flour_40_RandomSplit,PLS_reg,savgol_gaussian,0.0031396074204844
Biscuit_Flour_40_RandomSplit,Ridge_reg,savgol_gaussian,0.0297763042212688
Biscuit_Flour_40_RandomSplit,LGBM_reg,savgol_haar,0.011523537652283304
Biscuit_Flour_40_RandomSplit,PLS_reg,savgol_haar,0.017309584436466095
Biscuit_Flour_40_RandomSplit,Ridge_reg,savgol_haar,0.0256993310246069
Biscuit_Flour_40_RandomSplit,CNN_reg,savgol_simplescale,0.0029072925920309994
Biscuit_Flour_40_RandomSplit,LGBM_reg,savgol_simplescale,0.18190650240006978
Biscuit_Flour_40_RandomSplit,PLS_reg,savgol_simplescale,0.002665992637541595
Biscuit_Flour_40_RandomSplit,CNN_reg,simplescale,0.027864614837278395
Biscuit_Flour_40_RandomSplit,LGBM_reg,simplescale,0.1750570902859624
Biscuit_Flour_40_RandomSplit,PLS_reg,simplescale,0.002531537199024006
Biscuit_Flour_40_RandomSplit,CNN_reg,simplescale_SNV,0.018164827501437497
Biscuit_Flour_40_RandomSplit,LGBM_reg,simplescale_SNV,0.14519717736437082
Biscuit_Flour_40_RandomSplit,PLS_reg,simplescale_SNV,0.0017149086597320895
Biscuit_Flour_40_RandomSplit,CNN_reg,simplescale_gaussian,0.00901741933958529
Biscuit_Flour_40_RandomSplit,PLS_reg,simplescale_gaussian,0.008673534770821098
Biscuit_Flour_40_RandomSplit,Ridge_reg,simplescale_gaussian,0.010596430216029892
Biscuit_Flour_40_RandomSplit,CNN_reg,simplescale_haar,0.0595754583077612
Biscuit_Flour_40_RandomSplit,LGBM_reg,simplescale_haar,0.0465238861677289
Biscuit_Flour_40_RandomSplit,PLS_reg,simplescale_haar,0.0095855583958349
Biscuit_Sucrose_40_RandomSplit,CNN_reg,MSC,0.022773665274115305
Biscuit_Sucrose_40_RandomSplit,LGBM_reg,MSC,0.29595054608403387
Biscuit_Sucrose_40_RandomSplit,PLS_reg,MSC,0.06326859838428411
Biscuit_Sucrose_40_RandomSplit,CNN_reg,MSC_RNV,0.10939246467671349
Biscuit_Sucrose_40_RandomSplit,LGBM_reg,MSC_RNV,0.2858782584848879
Biscuit_Sucrose_40_RandomSplit,PLS_reg,MSC_RNV,0.0644840561919516
Biscuit_Sucrose_40_RandomSplit,CNN_reg,MSC_SNV,0.0602504466286278
Biscuit_Sucrose_40_RandomSplit,LGBM_reg,MSC_SNV,0.29636616970626095
Biscuit_Sucrose_40_RandomSplit,PLS_reg,MSC_SNV,0.0634959936639872
Biscuit_Sucrose_40_RandomSplit,CNN_reg,MSC_gaussian,0.03199092964999131
Biscuit_Sucrose_40_RandomSplit,LGBM_reg,MSC_gaussian,0.006967303693818316
Biscuit_Sucrose_40_RandomSplit,Ridge_reg,MSC_gaussian,0.06671749055154
Biscuit_Sucrose_40_RandomSplit,CNN_reg,MSC_haar,0.05659687478888559
Biscuit_Sucrose_40_RandomSplit,LGBM_reg,MSC_haar,0.014047976793831407
Biscuit_Sucrose_40_RandomSplit,PLS_reg,MSC_haar,0.007617983898880687
Biscuit_Sucrose_40_RandomSplit,CNN_reg,MSC_normalize,0.044978441452003
Biscuit_Sucrose_40_RandomSplit,LGBM_reg,MSC_normalize,0.2963579660983514
Biscuit_Sucrose_40_RandomSplit,PLS_reg,MSC_normalize,0.0634877900560781
Biscuit_Sucrose_40_RandomSplit,CNN_reg,MSC_savgol,0.036280166957042295
Biscuit_Sucrose_40_RandomSplit,LGBM_reg,MSC_savgol,0.2815172551191693
Biscuit_Sucrose_40_RandomSplit,PLS_reg,MSC_savgol,0.0634280880533329
Biscuit_Sucrose_40_RandomSplit,CNN_reg,MSC_simplescale,0.013852875482145394
Biscuit_Sucrose_40_RandomSplit,LGBM_reg,MSC_simplescale,0.29761406836596493
Biscuit_Sucrose_40_RandomSplit,PLS_reg,MSC_simplescale,0.0624946904033674
Biscuit_Sucrose_40_RandomSplit,CNN_reg,RNV,0.04277546704953901
Biscuit_Sucrose_40_RandomSplit,LGBM_reg,RNV,0.2864941765083914
Biscuit_Sucrose_40_RandomSplit,PLS_reg,RNV,0.0644840561919541
Biscuit_Sucrose_40_RandomSplit,CNN_reg,RNV_SNV,0.07820520110348039
Biscuit_Sucrose_40_RandomSplit,LGBM_reg,RNV_SNV,0.2796425972603247
Biscuit_Sucrose_40_RandomSplit,PLS_reg,RNV_SNV,0.0634959936639872
Biscuit_Sucrose_40_RandomSplit,LGBM_reg,RNV_gaussian,0.0706377188854668
Biscuit_Sucrose_40_RandomSplit,PLS_reg,RNV_gaussian,0.024136201031018392
Biscuit_Sucrose_40_RandomSplit,Ridge_reg,RNV_gaussian,0.03132379450416779
Biscuit_Sucrose_40_RandomSplit,CNN_reg,RNV_haar,0.08905629828996131
Biscuit_Sucrose_40_RandomSplit,LGBM_reg,RNV_haar,0.027865569176154903
Biscuit_Sucrose_40_RandomSplit,Ridge_reg,RNV_haar,0.0004902287516238002
Biscuit_Sucrose_40_RandomSplit,CNN_reg,RNV_savgol,0.026290271171384202
Biscuit_Sucrose_40_RandomSplit,LGBM_reg,RNV_savgol,0.25621739194190196
Biscuit_Sucrose_40_RandomSplit,PLS_reg,RNV_savgol,0.06455129401463021
Biscuit_Sucrose_40_RandomSplit,CNN_reg,RNV_simplescale,0.052239664890871305
Biscuit_Sucrose_40_RandomSplit,LGBM_reg,RNV_simplescale,0.29466415414227626
Biscuit_Sucrose_40_RandomSplit,PLS_reg,RNV_simplescale,0.062494690403366006
Biscuit_Sucrose_40_RandomSplit,CNN_reg,SNV,0.041773315709105495
Biscuit_Sucrose_40_RandomSplit,LGBM_reg,SNV,0.2807116197510882
Biscuit_Sucrose_40_RandomSplit,PLS_reg,SNV,0.06349599366398759
Biscuit_Sucrose_40_RandomSplit,CNN_reg,SNV_gaussian,0.006022898010148409
Biscuit_Sucrose_40_RandomSplit,PLS_reg,SNV_gaussian,0.02025178548527709
Biscuit_Sucrose_40_RandomSplit,Ridge_reg,SNV_gaussian,0.1003380370288808
Biscuit_Sucrose_40_RandomSplit,LGBM_reg,SNV_haar,0.053831599017470796
Biscuit_Sucrose_40_RandomSplit,PLS_reg,SNV_haar,0.06398517854906431
Biscuit_Sucrose_40_RandomSplit,Ridge_reg,SNV_haar,0.1538270046794627
Biscuit_Sucrose_40_RandomSplit,CNN_reg,baseline,0.029151972629272202
Biscuit_Sucrose_40_RandomSplit,LGBM_reg,baseline,0.278114561920951
Biscuit_Sucrose_40_RandomSplit,PLS_reg,baseline,0.060898935833850504
Biscuit_Sucrose_40_RandomSplit,CNN_reg,baseline_MSC,0.05299216048726679
Biscuit_Sucrose_40_RandomSplit,LGBM_reg,baseline_MSC,0.28012783083501447
Biscuit_Sucrose_40_RandomSplit,PLS_reg,baseline_MSC,0.0632685983842823
Biscuit_Sucrose_40_RandomSplit,CNN_reg,baseline_RNV,0.0507848619112433
Biscuit_Sucrose_40_RandomSplit,LGBM_reg,baseline_RNV,0.286287706414261
Biscuit_Sucrose_40_RandomSplit,PLS_reg,baseline_RNV,0.06448405619195291
Biscuit_Sucrose_40_RandomSplit,CNN_reg,baseline_SNV,0.06718149067745322
Biscuit_Sucrose_40_RandomSplit,LGBM_reg,baseline_SNV,0.2807116197510891
Biscuit_Sucrose_40_RandomSplit,PLS_reg,baseline_SNV,0.06349599366398812
Biscuit_Sucrose_40_RandomSplit,LGBM_reg,baseline_derivate,0.1380589578166057
Biscuit_Sucrose_40_RandomSplit,PLS_reg,baseline_derivate,0.013978116108386507
Biscuit_Sucrose_40_RandomSplit,Ridge_reg,baseline_derivate,0.013299826710714502
Biscuit_Sucrose_40_RandomSplit,CNN_reg,baseline_detrend,0.0517591560907668
Biscuit_Sucrose_40_RandomSplit,LGBM_reg,baseline_detrend,0.1801143440594699
Biscuit_Sucrose_40_RandomSplit,Ridge_reg,baseline_detrend,0.0070561628267450105
Biscuit_Sucrose_40_RandomSplit,CNN_reg,baseline_gaussian,0.004127380011407902
Biscuit_Sucrose_40_RandomSplit,LGBM_reg,baseline_gaussian,0.031199134731974415
Biscuit_Sucrose_40_RandomSplit,Ridge_reg,baseline_gaussian,0.06105194012000942
Biscuit_Sucrose_40_RandomSplit,LGBM_reg,baseline_haar,0.07341671848229779
Biscuit_Sucrose_40_RandomSplit,PLS_reg,baseline_haar,0.029319099251573194
Biscuit_Sucrose_40_RandomSplit,Ridge_reg,baseline_haar,0.0335110010378496
Biscuit_Sucrose_40_RandomSplit,CNN_reg,baseline_normalize,0.08298964887394361
Biscuit_Sucrose_40_RandomSplit,LGBM_reg,baseline_normalize,0.2812464276777193
Biscuit_Sucrose_40_RandomSplit,PLS_reg,baseline_normalize,0.06348779005607699
Biscuit_Sucrose_40_RandomSplit,CNN_reg,baseline_savgol,0.064749805431543
Biscuit_Sucrose_40_RandomSplit,LGBM_reg,baseline_savgol,0.2790565428661236
Biscuit_Sucrose_40_RandomSplit,PLS_reg,baseline_savgol,0.0608949639238512
Biscuit_Sucrose_40_RandomSplit,CNN_reg,baseline_simplescale,0.023540498654298005
Biscuit_Sucrose_40_RandomSplit,LGBM_reg,baseline_simplescale,0.29146303045176297
Biscuit_Sucrose_40_RandomSplit,PLS_reg,baseline_simplescale,0.06249469040337179
Biscuit_Sucrose_40_RandomSplit,LGBM_reg,derivate,0.12175053318844536
Biscuit_Sucrose_40_RandomSplit,PLS_reg,derivate,0.0011669537352136938
Biscuit_Sucrose_40_RandomSplit,Ridge_reg,derivate,0.0004886643375416888
Biscuit_Sucrose_40_RandomSplit,LGBM_reg,derivate_MSC,0.03357334823019098
Biscuit_Sucrose_40_RandomSplit,PLS_reg,derivate_MSC,0.0046219604931485025
Biscuit_Sucrose_40_RandomSplit,Ridge_reg,derivate_MSC,0.004187536360357513
Biscuit_Sucrose_40_RandomSplit,CNN_reg,derivate_RNV,0.004646010887645491
Biscuit_Sucrose_40_RandomSplit,LGBM_reg,derivate_RNV,0.09144507950660968
Biscuit_Sucrose_40_RandomSplit,Ridge_reg,derivate_RNV,0.014748960600961092
Biscuit_Sucrose_40_RandomSplit,CNN_reg,derivate_SNV,0.006684329699787883
Biscuit_Sucrose_40_RandomSplit,LGBM_reg,derivate_SNV,0.03205367782367968
Biscuit_Sucrose_40_RandomSplit,Ridge_reg,derivate_SNV,0.267418228571986
Biscuit_Sucrose_40_RandomSplit,CNN_reg,derivate_detrend,0.011607630157221605
Biscuit_Sucrose_40_RandomSplit,PLS_reg,derivate_detrend,0.08168261993362641
Biscuit_Sucrose_40_RandomSplit,Ridge_reg,derivate_detrend,0.07421125467356499
Biscuit_Sucrose_40_RandomSplit,CNN_reg,derivate_gaussian,0.005462883180785527
Biscuit_Sucrose_40_RandomSplit,LGBM_reg,derivate_gaussian,0.0067270903141575245
Biscuit_Sucrose_40_RandomSplit,PLS_reg,derivate_gaussian,0.009817065732699914
Biscuit_Sucrose_40_RandomSplit,CNN_reg,derivate_haar,0.002257711956701991
Biscuit_Sucrose_40_RandomSplit,LGBM_reg,derivate_haar,0.060173909029786976
Biscuit_Sucrose_40_RandomSplit,PLS_reg,derivate_haar,0.08868661447653486
Biscuit_Sucrose_40_RandomSplit,LGBM_reg,derivate_normalize,0.12687022497353911
Biscuit_Sucrose_40_RandomSplit,PLS_reg,derivate_normalize,0.005698095857215091
Biscuit_Sucrose_40_RandomSplit,Ridge_reg,derivate_normalize,0.00586114455525838
Biscuit_Sucrose_40_RandomSplit,CNN_reg,derivate_savgol,0.002740707056436531
Biscuit_Sucrose_40_RandomSplit,LGBM_reg,derivate_savgol,0.05406704689963043
Biscuit_Sucrose_40_RandomSplit,PLS_reg,derivate_savgol,0.0006781022393919089
Biscuit_Sucrose_40_RandomSplit,LGBM_reg,derivate_simplescale,0.04531106451861677
Biscuit_Sucrose_40_RandomSplit,PLS_reg,derivate_simplescale,0.008583728799624102
Biscuit_Sucrose_40_RandomSplit,Ridge_reg,derivate_simplescale,0.009887566015146287
Biscuit_Sucrose_40_RandomSplit,CNN_reg,detrend,0.06830233945937302
Biscuit_Sucrose_40_RandomSplit,LGBM_reg,detrend,0.1778653363723215
Biscuit_Sucrose_40_RandomSplit,Ridge_reg,detrend,0.007056162826746898
Biscuit_Sucrose_40_RandomSplit,CNN_reg,detrend_MSC,0.2223116984315287
Biscuit_Sucrose_40_RandomSplit,LGBM_reg,detrend_MSC,0.1882893163296322
Biscuit_Sucrose_40_RandomSplit,Ridge_reg,detrend_MSC,0.2198196028958318
Biscuit_Sucrose_40_RandomSplit,CNN_reg,detrend_RNV,0.017451009523070604
Biscuit_Sucrose_40_RandomSplit,LGBM_reg,detrend_RNV,0.15922408989185433
Biscuit_Sucrose_40_RandomSplit,Ridge_reg,detrend_RNV,0.041808094069714405
Biscuit_Sucrose_40_RandomSplit,CNN_reg,detrend_SNV,0.05691958990372141
Biscuit_Sucrose_40_RandomSplit,LGBM_reg,detrend_SNV,0.18889466313986997
Biscuit_Sucrose_40_RandomSplit,PLS_reg,detrend_SNV,0.008972097373638604
Biscuit_Sucrose_40_RandomSplit,LGBM_reg,detrend_gaussian,0.0344035549545669
Biscuit_Sucrose_40_RandomSplit,PLS_reg,detrend_gaussian,0.017250465795641393
Biscuit_Sucrose_40_RandomSplit,Ridge_reg,detrend_gaussian,0.07732946315447299
Biscuit_Sucrose_40_RandomSplit,LGBM_reg,detrend_haar,0.06786395217702701
Biscuit_Sucrose_40_RandomSplit,PLS_reg,detrend_haar,0.015638340626134797
Biscuit_Sucrose_40_RandomSplit,Ridge_reg,detrend_haar,0.022234368492753703
Biscuit_Sucrose_40_RandomSplit,CNN_reg,detrend_normalize,0.0302217094664054
Biscuit_Sucrose_40_RandomSplit,LGBM_reg,detrend_normalize,0.1763776567351688
Biscuit_Sucrose_40_RandomSplit,Ridge_reg,detrend_normalize,0.012287322715451007
Biscuit_Sucrose_40_RandomSplit,CNN_reg,detrend_savgol,0.044077820459110295
Biscuit_Sucrose_40_RandomSplit,LGBM_reg,detrend_savgol,0.1752631680697341
Biscuit_Sucrose_40_RandomSplit,Ridge_reg,detrend_savgol,0.007100999204813094
Biscuit_Sucrose_40_RandomSplit,CNN_reg,detrend_simplescale,0.061750785988533105
Biscuit_Sucrose_40_RandomSplit,LGBM_reg,detrend_simplescale,0.16670110992642667
Biscuit_Sucrose_40_RandomSplit,Ridge_reg,detrend_simplescale,0.005146911676805796
Biscuit_Sucrose_40_RandomSplit,CNN_reg,gaussian,0.000745941430139202
Biscuit_Sucrose_40_RandomSplit,LGBM_reg,gaussian,0.0228819071216579
Biscuit_Sucrose_40_RandomSplit,Ridge_reg,gaussian,0.0610519401200109
Biscuit_Sucrose_40_RandomSplit,LGBM_reg,haar,0.044541546151336195
Biscuit_Sucrose_40_RandomSplit,PLS_reg,haar,0.022170438079669508
Biscuit_Sucrose_40_RandomSplit,Ridge_reg,haar,0.026362339865948103
Biscuit_Sucrose_40_RandomSplit,CNN_reg,haar_gaussian,0.14816777011321458
Biscuit_Sucrose_40_RandomSplit,LGBM_reg,haar_gaussian,0.025227174839172695
Biscuit_Sucrose_40_RandomSplit,Ridge_reg,haar_gaussian,0.1185767817711667
Biscuit_Sucrose_40_RandomSplit,CNN_reg,id,0.021008096728566197
Biscuit_Sucrose_40_RandomSplit,LGBM_reg,id,0.27164204511222845
Biscuit_Sucrose_40_RandomSplit,PLS_reg,id,0.0608989358338526
Biscuit_Sucrose_40_RandomSplit,CNN_reg,normalize,0.0304826794170385
Biscuit_Sucrose_40_RandomSplit,LGBM_reg,normalize,0.2533340765197384
Biscuit_Sucrose_40_RandomSplit,PLS_reg,normalize,0.0454934701452125
Biscuit_Sucrose_40_RandomSplit,CNN_reg,normalize_RNV,0.0274289671163225
Biscuit_Sucrose_40_RandomSplit,LGBM_reg,normalize_RNV,0.2878155114035432
Biscuit_Sucrose_40_RandomSplit,PLS_reg,normalize_RNV,0.06448405619194991
Biscuit_Sucrose_40_RandomSplit,CNN_reg,normalize_SNV,0.0609813627051408
Biscuit_Sucrose_40_RandomSplit,LGBM_reg,normalize_SNV,0.2805748744397831
Biscuit_Sucrose_40_RandomSplit,PLS_reg,normalize_SNV,0.0634959936639882
Biscuit_Sucrose_40_RandomSplit,LGBM_reg,normalize_gaussian,0.03480406911789749
Biscuit_Sucrose_40_RandomSplit,PLS_reg,normalize_gaussian,0.000787350134172693
Biscuit_Sucrose_40_RandomSplit,Ridge_reg,normalize_gaussian,0.19225522097258838
Biscuit_Sucrose_40_RandomSplit,LGBM_reg,normalize_haar,0.0410901540635886
Biscuit_Sucrose_40_RandomSplit,PLS_reg,normalize_haar,0.0450323292248253
Biscuit_Sucrose_40_RandomSplit,Ridge_reg,normalize_haar,0.17289220074675382
Biscuit_Sucrose_40_RandomSplit,LGBM_reg,normalize_savgol,0.2728330135334617
Biscuit_Sucrose_40_RandomSplit,PLS_reg,normalize_savgol,0.05320567802434589
Biscuit_Sucrose_40_RandomSplit,Ridge_reg,normalize_savgol,0.007645083073632902
Biscuit_Sucrose_40_RandomSplit,CNN_reg,normalize_simplescale,0.040631533399843
Biscuit_Sucrose_40_RandomSplit,LGBM_reg,normalize_simplescale,0.2970316492003851
Biscuit_Sucrose_40_RandomSplit,PLS_reg,normalize_simplescale,0.062494690403362196
Biscuit_Sucrose_40_RandomSplit,CNN_reg,savgol,0.0355382019107842
Biscuit_Sucrose_40_RandomSplit,LGBM_reg,savgol,0.2777601206318563
Biscuit_Sucrose_40_RandomSplit,PLS_reg,savgol,0.060894963923855405
Biscuit_Sucrose_40_RandomSplit,CNN_reg,savgol_SNV,0.07160175722736489
Biscuit_Sucrose_40_RandomSplit,LGBM_reg,savgol_SNV,0.2981429766289625
Biscuit_Sucrose_40_RandomSplit,PLS_reg,savgol_SNV,0.06354975917307949
Biscuit_Sucrose_40_RandomSplit,LGBM_reg,savgol_gaussian,0.0050965739234169055
Biscuit_Sucrose_40_RandomSplit,PLS_reg,savgol_gaussian,0.0026886615927067953
Biscuit_Sucrose_40_RandomSplit,Ridge_reg,savgol_gaussian,0.07177605268717349
Biscuit_Sucrose_40_RandomSplit,LGBM_reg,savgol_haar,0.020259883869725492
Biscuit_Sucrose_40_RandomSplit,PLS_reg,savgol_haar,0.000858298570080393
Biscuit_Sucrose_40_RandomSplit,Ridge_reg,savgol_haar,0.0021614878444296964
Biscuit_Sucrose_40_RandomSplit,CNN_reg,savgol_simplescale,0.018411553607152596
Biscuit_Sucrose_40_RandomSplit,LGBM_reg,savgol_simplescale,0.3011152480216872
Biscuit_Sucrose_40_RandomSplit,PLS_reg,savgol_simplescale,0.06252679974492958
Biscuit_Sucrose_40_RandomSplit,CNN_reg,simplescale,0.0423893849790837
Biscuit_Sucrose_40_RandomSplit,LGBM_reg,simplescale,0.29146303045176297
Biscuit_Sucrose_40_RandomSplit,PLS_reg,simplescale,0.06249469040337179
Biscuit_Sucrose_40_RandomSplit,CNN_reg,simplescale_SNV,0.059956991119542
Biscuit_Sucrose_40_RandomSplit,LGBM_reg,simplescale_SNV,0.2807999662448003
Biscuit_Sucrose_40_RandomSplit,PLS_reg,simplescale_SNV,0.0634959936639883
Biscuit_Sucrose_40_RandomSplit,LGBM_reg,simplescale_gaussian,0.03048282047407419
Biscuit_Sucrose_40_RandomSplit,PLS_reg,simplescale_gaussian,0.03206688788912371
Biscuit_Sucrose_40_RandomSplit,Ridge_reg,simplescale_gaussian,0.030028019592723998
Biscuit_Sucrose_40_RandomSplit,LGBM_reg,simplescale_haar,0.13407469259894889
Biscuit_Sucrose_40_RandomSplit,PLS_reg,simplescale_haar,0.0011412224640001967
Biscuit_Sucrose_40_RandomSplit,Ridge_reg,simplescale_haar,0.009948576374702395
Biscuit_Water_40_RandomSplit,CNN_reg,MSC,0.0490137769513937
Biscuit_Water_40_RandomSplit,LGBM_reg,MSC,0.1565286660035993
Biscuit_Water_40_RandomSplit,PLS_reg,MSC,0.03435198417407959
Biscuit_Water_40_RandomSplit,CNN_reg,MSC_RNV,0.0853266325100723
Biscuit_Water_40_RandomSplit,LGBM_reg,MSC_RNV,0.1399773376485965
Biscuit_Water_40_RandomSplit,PLS_reg,MSC_RNV,0.040341243308268895
Biscuit_Water_40_RandomSplit,CNN_reg,MSC_SNV,0.0670642994059234
Biscuit_Water_40_RandomSplit,LGBM_reg,MSC_SNV,0.1582821333977248
Biscuit_Water_40_RandomSplit,PLS_reg,MSC_SNV,0.0359500323999272
Biscuit_Water_40_RandomSplit,CNN_reg,MSC_gaussian,0.0310428635745178
Biscuit_Water_40_RandomSplit,LGBM_reg,MSC_gaussian,0.024864646371893978
Biscuit_Water_40_RandomSplit,Ridge_reg,MSC_gaussian,0.02185525930188989
Biscuit_Water_40_RandomSplit,CNN_reg,MSC_haar,0.07081673866455099
Biscuit_Water_40_RandomSplit,PLS_reg,MSC_haar,0.02443450102515929
Biscuit_Water_40_RandomSplit,Ridge_reg,MSC_haar,0.0361049541452598
Biscuit_Water_40_RandomSplit,CNN_reg,MSC_normalize,0.061022499931815306
Biscuit_Water_40_RandomSplit,LGBM_reg,MSC_normalize,0.1579785464275604
Biscuit_Water_40_RandomSplit,PLS_reg,MSC_normalize,0.0356464454297628
Biscuit_Water_40_RandomSplit,CNN_reg,MSC_savgol,0.05723434883300169
Biscuit_Water_40_RandomSplit,LGBM_reg,MSC_savgol,0.1478200857196549
Biscuit_Water_40_RandomSplit,PLS_reg,MSC_savgol,0.03457971907304539
Biscuit_Water_40_RandomSplit,CNN_reg,MSC_simplescale,0.058243886913532904
Biscuit_Water_40_RandomSplit,LGBM_reg,MSC_simplescale,0.15769331048805899
Biscuit_Water_40_RandomSplit,PLS_reg,MSC_simplescale,0.037172930552349596
Biscuit_Water_40_RandomSplit,CNN_reg,RNV,0.08654910181033068
Biscuit_Water_40_RandomSplit,LGBM_reg,RNV,0.18649256744822348
Biscuit_Water_40_RandomSplit,PLS_reg,RNV,0.04034124330827019
Biscuit_Water_40_RandomSplit,CNN_reg,RNV_SNV,0.054157456653612004
Biscuit_Water_40_RandomSplit,LGBM_reg,RNV_SNV,0.15836792507787062
Biscuit_Water_40_RandomSplit,PLS_reg,RNV_SNV,0.0359500323999309
Biscuit_Water_40_RandomSplit,CNN_reg,RNV_gaussian,0.1228215468496808
Biscuit_Water_40_RandomSplit,LGBM_reg,RNV_gaussian,0.047190429342360694
Biscuit_Water_40_RandomSplit,Ridge_reg,RNV_gaussian,0.07406408054585711
Biscuit_Water_40_RandomSplit,CNN_reg,RNV_haar,0.014713215006800798
Biscuit_Water_40_RandomSplit,LGBM_reg,RNV_haar,0.04545449314924109
Biscuit_Water_40_RandomSplit,Ridge_reg,RNV_haar,0.04232809680333549
Biscuit_Water_40_RandomSplit,CNN_reg,RNV_savgol,0.1156514492977461
Biscuit_Water_40_RandomSplit,LGBM_reg,RNV_savgol,0.1396020121070735
Biscuit_Water_40_RandomSplit,PLS_reg,RNV_savgol,0.0420779468992985
Biscuit_Water_40_RandomSplit,CNN_reg,RNV_simplescale,0.0584119775297368
Biscuit_Water_40_RandomSplit,LGBM_reg,RNV_simplescale,0.15721447040902492
Biscuit_Water_40_RandomSplit,PLS_reg,RNV_simplescale,0.037172930552352296
Biscuit_Water_40_RandomSplit,CNN_reg,SNV,0.07325501408034191
Biscuit_Water_40_RandomSplit,LGBM_reg,SNV,0.1583288694529027
Biscuit_Water_40_RandomSplit,PLS_reg,SNV,0.03595003239993771
Biscuit_Water_40_RandomSplit,CNN_reg,SNV_gaussian,0.03560409097639361
Biscuit_Water_40_RandomSplit,PLS_reg,SNV_gaussian,0.00043360033025890976
Biscuit_Water_40_RandomSplit,Ridge_reg,SNV_gaussian,0.0931421561829705
Biscuit_Water_40_RandomSplit,CNN_reg,SNV_haar,0.06978516806202281
Biscuit_Water_40_RandomSplit,PLS_reg,SNV_haar,0.17815675360062702
Biscuit_Water_40_RandomSplit,Ridge_reg,SNV_haar,0.25173887273176876
Biscuit_Water_40_RandomSplit,CNN_reg,baseline,0.0384071905368105
Biscuit_Water_40_RandomSplit,LGBM_reg,baseline,0.1531269980435244
Biscuit_Water_40_RandomSplit,PLS_reg,baseline,0.03149349979323
Biscuit_Water_40_RandomSplit,CNN_reg,baseline_MSC,0.033852412023585
Biscuit_Water_40_RandomSplit,LGBM_reg,baseline_MSC,0.1569146093334796
Biscuit_Water_40_RandomSplit,PLS_reg,baseline_MSC,0.0343519841740705
Biscuit_Water_40_RandomSplit,CNN_reg,baseline_RNV,0.08349477402881539
Biscuit_Water_40_RandomSplit,LGBM_reg,baseline_RNV,0.1864201210160275
Biscuit_Water_40_RandomSplit,PLS_reg,baseline_RNV,0.040341243308266994
Biscuit_Water_40_RandomSplit,CNN_reg,baseline_SNV,0.0547725789635461
Biscuit_Water_40_RandomSplit,LGBM_reg,baseline_SNV,0.15863365398450338
Biscuit_Water_40_RandomSplit,PLS_reg,baseline_SNV,0.0359500323999361
Biscuit_Water_40_RandomSplit,CNN_reg,baseline_derivate,0.043090989259291806
Biscuit_Water_40_RandomSplit,LGBM_reg,baseline_derivate,0.09227494570127201
Biscuit_Water_40_RandomSplit,PLS_reg,baseline_derivate,0.014513368553145195
Biscuit_Water_40_RandomSplit,CNN_reg,baseline_detrend,0.0179080427302004
Biscuit_Water_40_RandomSplit,LGBM_reg,baseline_detrend,0.017611677201450904
Biscuit_Water_40_RandomSplit,Ridge_reg,baseline_detrend,0.002283864695941204
Biscuit_Water_40_RandomSplit,CNN_reg,baseline_gaussian,0.1634059818193792
Biscuit_Water_40_RandomSplit,LGBM_reg,baseline_gaussian,0.022284054528762108
Biscuit_Water_40_RandomSplit,Ridge_reg,baseline_gaussian,0.0364357023447841
Biscuit_Water_40_RandomSplit,CNN_reg,baseline_haar,0.005053649715676498
Biscuit_Water_40_RandomSplit,LGBM_reg,baseline_haar,0.015064642572353099
Biscuit_Water_40_RandomSplit,Ridge_reg,baseline_haar,0.025541369156601892
Biscuit_Water_40_RandomSplit,CNN_reg,baseline_normalize,0.018190272935875197
Biscuit_Water_40_RandomSplit,LGBM_reg,baseline_normalize,0.15833006701433788
Biscuit_Water_40_RandomSplit,PLS_reg,baseline_normalize,0.0356464454297711
Biscuit_Water_40_RandomSplit,CNN_reg,baseline_savgol,0.0359944343376526
Biscuit_Water_40_RandomSplit,LGBM_reg,baseline_savgol,0.14260872403928182
Biscuit_Water_40_RandomSplit,PLS_reg,baseline_savgol,0.031509535772283805
Biscuit_Water_40_RandomSplit,CNN_reg,baseline_simplescale,0.0691118578831997
Biscuit_Water_40_RandomSplit,LGBM_reg,baseline_simplescale,0.1565507368318527
Biscuit_Water_40_RandomSplit,PLS_reg,baseline_simplescale,0.037172930552348195
Biscuit_Water_40_RandomSplit,CNN_reg,derivate,0.035767020044759096
Biscuit_Water_40_RandomSplit,LGBM_reg,derivate,0.0946301047736142
Biscuit_Water_40_RandomSplit,PLS_reg,derivate,0.014513368553145195
Biscuit_Water_40_RandomSplit,CNN_reg,derivate_MSC,0.0266724582666156
Biscuit_Water_40_RandomSplit,LGBM_reg,derivate_MSC,0.1098468140163614
Biscuit_Water_40_RandomSplit,PLS_reg,derivate_MSC,0.015517734602957994
Biscuit_Water_40_RandomSplit,CNN_reg,derivate_RNV,0.0096972921102573
Biscuit_Water_40_RandomSplit,LGBM_reg,derivate_RNV,0.06233295271498218
Biscuit_Water_40_RandomSplit,PLS_reg,derivate_RNV,0.006576216148366287
Biscuit_Water_40_RandomSplit,CNN_reg,derivate_SNV,0.005568402188919186
Biscuit_Water_40_RandomSplit,LGBM_reg,derivate_SNV,0.09672218148429487
Biscuit_Water_40_RandomSplit,PLS_reg,derivate_SNV,0.004622795230560001
Biscuit_Water_40_RandomSplit,CNN_reg,derivate_detrend,0.018924755144537314
Biscuit_Water_40_RandomSplit,LGBM_reg,derivate_detrend,0.060838150229087395
Biscuit_Water_40_RandomSplit,PLS_reg,derivate_detrend,0.016044085686141518
Biscuit_Water_40_RandomSplit,CNN_reg,derivate_gaussian,0.003538268285926016
Biscuit_Water_40_RandomSplit,LGBM_reg,derivate_gaussian,0.06033722233616973
Biscuit_Water_40_RandomSplit,PLS_reg,derivate_gaussian,0.021013810597750315
Biscuit_Water_40_RandomSplit,CNN_reg,derivate_haar,0.0056392938270934945
Biscuit_Water_40_RandomSplit,LGBM_reg,derivate_haar,0.05207030153582609
Biscuit_Water_40_RandomSplit,PLS_reg,derivate_haar,0.008848813668389799
Biscuit_Water_40_RandomSplit,CNN_reg,derivate_normalize,0.0721717419530516
Biscuit_Water_40_RandomSplit,LGBM_reg,derivate_normalize,0.09161146330899778
Biscuit_Water_40_RandomSplit,PLS_reg,derivate_normalize,0.014213173382163602
Biscuit_Water_40_RandomSplit,CNN_reg,derivate_savgol,0.03261905856743
Biscuit_Water_40_RandomSplit,LGBM_reg,derivate_savgol,0.07684092304923218
Biscuit_Water_40_RandomSplit,PLS_reg,derivate_savgol,0.014490015054370309
Biscuit_Water_40_RandomSplit,CNN_reg,derivate_simplescale,0.03903796849761609
Biscuit_Water_40_RandomSplit,LGBM_reg,derivate_simplescale,0.05716327460724541
Biscuit_Water_40_RandomSplit,PLS_reg,derivate_simplescale,0.015546056586374202
Biscuit_Water_40_RandomSplit,CNN_reg,detrend,0.011717236969383399
Biscuit_Water_40_RandomSplit,LGBM_reg,detrend,0.037489382034745805
Biscuit_Water_40_RandomSplit,Ridge_reg,detrend,0.002283864695941107
Biscuit_Water_40_RandomSplit,CNN_reg,detrend_MSC,0.1554514065470041
Biscuit_Water_40_RandomSplit,LGBM_reg,detrend_MSC,0.02771516654863171
Biscuit_Water_40_RandomSplit,Ridge_reg,detrend_MSC,0.15087954881053212
Biscuit_Water_40_RandomSplit,CNN_reg,detrend_RNV,0.018418114710618202
Biscuit_Water_40_RandomSplit,LGBM_reg,detrend_RNV,0.0647199507173578
Biscuit_Water_40_RandomSplit,PLS_reg,detrend_RNV,0.009288125334721994
Biscuit_Water_40_RandomSplit,CNN_reg,detrend_SNV,0.010478646704108793
Biscuit_Water_40_RandomSplit,LGBM_reg,detrend_SNV,0.020183443007875904
Biscuit_Water_40_RandomSplit,PLS_reg,detrend_SNV,0.0022497895633741966
Biscuit_Water_40_RandomSplit,CNN_reg,detrend_gaussian,0.1637095525650561
Biscuit_Water_40_RandomSplit,LGBM_reg,detrend_gaussian,0.019449443983837994
Biscuit_Water_40_RandomSplit,Ridge_reg,detrend_gaussian,0.03781941144223119
Biscuit_Water_40_RandomSplit,LGBM_reg,detrend_haar,0.025594907575118703
Biscuit_Water_40_RandomSplit,PLS_reg,detrend_haar,0.010590870620738296
Biscuit_Water_40_RandomSplit,Ridge_reg,detrend_haar,0.009891859612363094
Biscuit_Water_40_RandomSplit,CNN_reg,detrend_normalize,0.002249652083114409
Biscuit_Water_40_RandomSplit,LGBM_reg,detrend_normalize,0.0333815271304963
Biscuit_Water_40_RandomSplit,Ridge_reg,detrend_normalize,0.0328402141814092
Biscuit_Water_40_RandomSplit,LGBM_reg,detrend_savgol,0.0429851202929709
Biscuit_Water_40_RandomSplit,PLS_reg,detrend_savgol,0.0021085391168105955
Biscuit_Water_40_RandomSplit,Ridge_reg,detrend_savgol,0.004301068411134895
Biscuit_Water_40_RandomSplit,CNN_reg,detrend_simplescale,0.012552313048612304
Biscuit_Water_40_RandomSplit,LGBM_reg,detrend_simplescale,0.0499851019639497
Biscuit_Water_40_RandomSplit,Ridge_reg,detrend_simplescale,0.0023562307491891976
Biscuit_Water_40_RandomSplit,CNN_reg,gaussian,0.16471042968191368
Biscuit_Water_40_RandomSplit,LGBM_reg,gaussian,0.024928184964139496
Biscuit_Water_40_RandomSplit,Ridge_reg,gaussian,0.036435702344784604
Biscuit_Water_40_RandomSplit,CNN_reg,haar,0.010258999752040095
Biscuit_Water_40_RandomSplit,LGBM_reg,haar,0.032755406409111294
Biscuit_Water_40_RandomSplit,Ridge_reg,haar,0.025541369156603495
Biscuit_Water_40_RandomSplit,CNN_reg,haar_gaussian,0.1293828310094957
Biscuit_Water_40_RandomSplit,LGBM_reg,haar_gaussian,0.017308898940146297
Biscuit_Water_40_RandomSplit,Ridge_reg,haar_gaussian,0.09869988888632451
Biscuit_Water_40_RandomSplit,CNN_reg,id,0.04712764012550451
Biscuit_Water_40_RandomSplit,LGBM_reg,id,0.17339048148254188
Biscuit_Water_40_RandomSplit,PLS_reg,id,0.0314934997932229
Biscuit_Water_40_RandomSplit,CNN_reg,normalize,0.040434919884008505
Biscuit_Water_40_RandomSplit,LGBM_reg,normalize,0.18083850957366893
Biscuit_Water_40_RandomSplit,PLS_reg,normalize,0.0383845836706035
Biscuit_Water_40_RandomSplit,CNN_reg,normalize_RNV,0.08661461714669219
Biscuit_Water_40_RandomSplit,LGBM_reg,normalize_RNV,0.1865818462805034
Biscuit_Water_40_RandomSplit,PLS_reg,normalize_RNV,0.040341243308265495
Biscuit_Water_40_RandomSplit,CNN_reg,normalize_SNV,0.069711589363152
Biscuit_Water_40_RandomSplit,LGBM_reg,normalize_SNV,0.1582821333977274
Biscuit_Water_40_RandomSplit,PLS_reg,normalize_SNV,0.0359500323999298
Biscuit_Water_40_RandomSplit,CNN_reg,normalize_gaussian,0.16139836282718262
Biscuit_Water_40_RandomSplit,LGBM_reg,normalize_gaussian,0.0197810614648381
Biscuit_Water_40_RandomSplit,Ridge_reg,normalize_gaussian,0.1439211743089686
Biscuit_Water_40_RandomSplit,CNN_reg,normalize_haar,0.005145189551438001
Biscuit_Water_40_RandomSplit,LGBM_reg,normalize_haar,0.017490978241189697
Biscuit_Water_40_RandomSplit,Ridge_reg,normalize_haar,0.0867848620565036
Biscuit_Water_40_RandomSplit,CNN_reg,normalize_savgol,0.0297924291568593
Biscuit_Water_40_RandomSplit,LGBM_reg,normalize_savgol,0.1708086144800077
Biscuit_Water_40_RandomSplit,PLS_reg,normalize_savgol,0.0384142750574888
Biscuit_Water_40_RandomSplit,CNN_reg,normalize_simplescale,0.0285016679462783
Biscuit_Water_40_RandomSplit,LGBM_reg,normalize_simplescale,0.1577500206405863
Biscuit_Water_40_RandomSplit,PLS_reg,normalize_simplescale,0.0371729305523467
Biscuit_Water_40_RandomSplit,CNN_reg,savgol,0.0158509730175279
Biscuit_Water_40_RandomSplit,LGBM_reg,savgol,0.16446336224549568
Biscuit_Water_40_RandomSplit,PLS_reg,savgol,0.031509535772287295
Biscuit_Water_40_RandomSplit,CNN_reg,savgol_SNV,0.0685968986270363
Biscuit_Water_40_RandomSplit,LGBM_reg,savgol_SNV,0.14708060470575718
Biscuit_Water_40_RandomSplit,PLS_reg,savgol_SNV,0.0360710474282989
Biscuit_Water_40_RandomSplit,CNN_reg,savgol_gaussian,0.1735939053746494
Biscuit_Water_40_RandomSplit,LGBM_reg,savgol_gaussian,0.0256801246775413
Biscuit_Water_40_RandomSplit,Ridge_reg,savgol_gaussian,0.042556002366159196
Biscuit_Water_40_RandomSplit,CNN_reg,savgol_haar,0.0037614982030683003
Biscuit_Water_40_RandomSplit,LGBM_reg,savgol_haar,0.00022275737897990006
Biscuit_Water_40_RandomSplit,Ridge_reg,savgol_haar,0.005443890526727002
Biscuit_Water_40_RandomSplit,CNN_reg,savgol_simplescale,0.05015756619779339
Biscuit_Water_40_RandomSplit,LGBM_reg,savgol_simplescale,0.15352950649539548
Biscuit_Water_40_RandomSplit,PLS_reg,savgol_simplescale,0.0372566948708188
Biscuit_Water_40_RandomSplit,CNN_reg,simplescale,0.056162167863621
Biscuit_Water_40_RandomSplit,LGBM_reg,simplescale,0.1554956966953252
Biscuit_Water_40_RandomSplit,PLS_reg,simplescale,0.037172930552348195
Biscuit_Water_40_RandomSplit,CNN_reg,simplescale_SNV,0.07432794639137771
Biscuit_Water_40_RandomSplit,LGBM_reg,simplescale_SNV,0.1595302823538307
Biscuit_Water_40_RandomSplit,PLS_reg,simplescale_SNV,0.035950032399931
Biscuit_Water_40_RandomSplit,CNN_reg,simplescale_gaussian,0.1721836566160037
Biscuit_Water_40_RandomSplit,LGBM_reg,simplescale_gaussian,0.057643026775286
Biscuit_Water_40_RandomSplit,Ridge_reg,simplescale_gaussian,0.0455573903917222
Biscuit_Water_40_RandomSplit,CNN_reg,simplescale_haar,0.0616035666450831
Biscuit_Water_40_RandomSplit,LGBM_reg,simplescale_haar,0.0860306279936095
Biscuit_Water_40_RandomSplit,PLS_reg,simplescale_haar,0.07118109580355969
Digest_0.8,CNN_reg,MSC,3.566124467833067
Digest_0.8,LGBM_reg,MSC,2.1825751387372083
Digest_0.8,PLS_reg,MSC,0.045959834941667665
Digest_0.8,CNN_reg,MSC_RNV,3.0387939486865694
Digest_0.8,LGBM_reg,MSC_RNV,2.460138474715574
Digest_0.8,PLS_reg,MSC_RNV,0.13474809909193652
Digest_0.8,CNN_reg,MSC_SNV,2.8694168558146753
Digest_0.8,LGBM_reg,MSC_SNV,2.3358076353615065
Digest_0.8,PLS_reg,MSC_SNV,0.11892280073117334
Digest_0.8,CNN_reg,MSC_gaussian,1.189760815121149
Digest_0.8,LGBM_reg,MSC_gaussian,0.18935691936930432
Digest_0.8,PLS_reg,MSC_gaussian,0.44208954748907026
Digest_0.8,CNN_reg,MSC_haar,0.4271092984768998
Digest_0.8,PLS_reg,MSC_haar,0.5338497561624642
Digest_0.8,Ridge_reg,MSC_haar,0.21333939049288908
Digest_0.8,CNN_reg,MSC_normalize,4.041968396013319
Digest_0.8,LGBM_reg,MSC_normalize,2.3335491742963015
Digest_0.8,PLS_reg,MSC_normalize,0.1159321693980111
Digest_0.8,CNN_reg,MSC_savgol,2.9298973058768922
Digest_0.8,LGBM_reg,MSC_savgol,1.9202595679794499
Digest_0.8,PLS_reg,MSC_savgol,0.3505437764938648
Digest_0.8,CNN_reg,MSC_simplescale,2.7128923760518866
Digest_0.8,LGBM_reg,MSC_simplescale,2.849962052253616
Digest_0.8,PLS_reg,MSC_simplescale,0.15790560799166897
Digest_0.8,CNN_reg,RNV,4.404992386064171
Digest_0.8,LGBM_reg,RNV,2.432461346171406
Digest_0.8,PLS_reg,RNV,0.13474809911301477
Digest_0.8,CNN_reg,RNV_SNV,3.4953871581232487
Digest_0.8,LGBM_reg,RNV_SNV,2.3388238737000755
Digest_0.8,PLS_reg,RNV_SNV,0.11892280071656103
Digest_0.8,CNN_reg,RNV_gaussian,0.8736965021499756
Digest_0.8,PLS_reg,RNV_gaussian,0.6135622314949156
Digest_0.8,Ridge_reg,RNV_gaussian,0.31199555972272464
Digest_0.8,CNN_reg,RNV_haar,1.6302891242100213
Digest_0.8,LGBM_reg,RNV_haar,0.054636332032181656
Digest_0.8,PLS_reg,RNV_haar,0.23851044576686142
Digest_0.8,CNN_reg,RNV_savgol,4.442501776471266
Digest_0.8,LGBM_reg,RNV_savgol,2.1871482685303114
Digest_0.8,PLS_reg,RNV_savgol,0.35048363704269825
Digest_0.8,CNN_reg,RNV_simplescale,3.956157730579976
Digest_0.8,LGBM_reg,RNV_simplescale,2.829449550758044
Digest_0.8,PLS_reg,RNV_simplescale,0.1579056080070682
Digest_0.8,CNN_reg,SNV,3.8747702895721634
Digest_0.8,LGBM_reg,SNV,2.2593622803544875
Digest_0.8,PLS_reg,SNV,0.11892280070979133
Digest_0.8,CNN_reg,SNV_gaussian,0.69044913232994
Digest_0.8,PLS_reg,SNV_gaussian,0.780993368585472
Digest_0.8,Ridge_reg,SNV_gaussian,0.07098613499997342
Digest_0.8,CNN_reg,SNV_haar,2.1031095734571164
Digest_0.8,PLS_reg,SNV_haar,0.8386674675341173
Digest_0.8,Ridge_reg,SNV_haar,0.4676873206930203
Digest_0.8,CNN_reg,baseline,3.700275034123182
Digest_0.8,LGBM_reg,baseline,2.284389923785694
Digest_0.8,PLS_reg,baseline,0.0893357181887442
Digest_0.8,CNN_reg,baseline_MSC,3.716745821271129
Digest_0.8,LGBM_reg,baseline_MSC,2.2635260482181643
Digest_0.8,PLS_reg,baseline_MSC,0.045959834959708346
Digest_0.8,CNN_reg,baseline_RNV,3.4600323758218536
Digest_0.8,LGBM_reg,baseline_RNV,2.471295393762402
Digest_0.8,PLS_reg,baseline_RNV,0.13474809910209018
Digest_0.8,CNN_reg,baseline_SNV,3.41830219771121
Digest_0.8,LGBM_reg,baseline_SNV,2.3389017310598117
Digest_0.8,PLS_reg,baseline_SNV,0.11892280071401906
Digest_0.8,CNN_reg,baseline_derivate,0.029365929246063516
Digest_0.8,LGBM_reg,baseline_derivate,2.102792527135863
Digest_0.8,Ridge_reg,baseline_derivate,0.003969992274546641
Digest_0.8,CNN_reg,baseline_detrend,5.713148622460237
Digest_0.8,LGBM_reg,baseline_detrend,1.570696022012191
Digest_0.8,PLS_reg,baseline_detrend,0.5950693104650124
Digest_0.8,CNN_reg,baseline_gaussian,1.3873094949187283
Digest_0.8,PLS_reg,baseline_gaussian,0.027993431494872212
Digest_0.8,Ridge_reg,baseline_gaussian,0.011996235980433312
Digest_0.8,CNN_reg,baseline_haar,3.536182346941887
Digest_0.8,LGBM_reg,baseline_haar,0.3119128681229064
Digest_0.8,Ridge_reg,baseline_haar,0.00022244605662358197
Digest_0.8,CNN_reg,baseline_normalize,4.244205076180586
Digest_0.8,LGBM_reg,baseline_normalize,2.3328170040226066
Digest_0.8,PLS_reg,baseline_normalize,0.11593216939230544
Digest_0.8,CNN_reg,baseline_savgol,2.7317289234002953
Digest_0.8,LGBM_reg,baseline_savgol,2.1573261607268677
Digest_0.8,PLS_reg,baseline_savgol,0.4072771603664176
Digest_0.8,CNN_reg,baseline_simplescale,2.4548897040013475
Digest_0.8,LGBM_reg,baseline_simplescale,2.84967262450364
Digest_0.8,PLS_reg,baseline_simplescale,0.1579056080189254
Digest_0.8,CNN_reg,derivate,0.3898925057695575
Digest_0.8,LGBM_reg,derivate,2.024674411488549
Digest_0.8,Ridge_reg,derivate,0.003969992274546641
Digest_0.8,CNN_reg,derivate_MSC,0.4759444743790624
Digest_0.8,LGBM_reg,derivate_MSC,2.513651996735442
Digest_0.8,Ridge_reg,derivate_MSC,0.003112264845757551
Digest_0.8,CNN_reg,derivate_RNV,0.008652008397699973
Digest_0.8,LGBM_reg,derivate_RNV,1.8409339396545814
Digest_0.8,Ridge_reg,derivate_RNV,0.01907814004711561
Digest_0.8,LGBM_reg,derivate_SNV,2.0170346732380153
Digest_0.8,PLS_reg,derivate_SNV,0.030585155606578596
Digest_0.8,Ridge_reg,derivate_SNV,0.04539793202693332
Digest_0.8,CNN_reg,derivate_detrend,0.13514042245776992
Digest_0.8,LGBM_reg,derivate_detrend,0.5657634558167519
Digest_0.8,Ridge_reg,derivate_detrend,0.004627745372111747
Digest_0.8,CNN_reg,derivate_gaussian,0.0173662401361927
Digest_0.8,LGBM_reg,derivate_gaussian,0.5533257209628957
Digest_0.8,PLS_reg,derivate_gaussian,0.5900788443320888
Digest_0.8,CNN_reg,derivate_haar,9.086343284891996e-05
Digest_0.8,LGBM_reg,derivate_haar,0.8683757800218785
Digest_0.8,PLS_reg,derivate_haar,0.17494725130998212
Digest_0.8,CNN_reg,derivate_normalize,0.02826479611907118
Digest_0.8,LGBM_reg,derivate_normalize,1.9802791193553606
Digest_0.8,Ridge_reg,derivate_normalize,0.003385517846302477
Digest_0.8,CNN_reg,derivate_savgol,0.014653018597348577
Digest_0.8,LGBM_reg,derivate_savgol,2.0955217399674666
Digest_0.8,Ridge_reg,derivate_savgol,0.003963386687216186
Digest_0.8,CNN_reg,derivate_simplescale,0.034731666150999985
Digest_0.8,LGBM_reg,derivate_simplescale,2.289292013229984
Digest_0.8,Ridge_reg,derivate_simplescale,0.005173175588190304
Digest_0.8,CNN_reg,detrend,1.2372744584068265
Digest_0.8,LGBM_reg,detrend,1.2598073015093068
Digest_0.8,PLS_reg,detrend,0.595069310465119
Digest_0.8,CNN_reg,detrend_MSC,1.2932674550570393
Digest_0.8,LGBM_reg,detrend_MSC,0.4490558613150011
Digest_0.8,Ridge_reg,detrend_MSC,1.2761981478127034
Digest_0.8,CNN_reg,detrend_RNV,4.748222796398565
Digest_0.8,LGBM_reg,detrend_RNV,1.5939348636253268
Digest_0.8,PLS_reg,detrend_RNV,0.2629247946120685
Digest_0.8,CNN_reg,detrend_SNV,3.9887979496342183
Digest_0.8,LGBM_reg,detrend_SNV,1.259104841643019
Digest_0.8,PLS_reg,detrend_SNV,0.2868696249605236
Digest_0.8,CNN_reg,detrend_gaussian,1.6860253269445717
Digest_0.8,PLS_reg,detrend_gaussian,0.3431673080081996
Digest_0.8,Ridge_reg,detrend_gaussian,0.32633494181825107
Digest_0.8,CNN_reg,detrend_haar,0.14972568808680542
Digest_0.8,LGBM_reg,detrend_haar,0.4919664157218371
Digest_0.8,PLS_reg,detrend_haar,0.023250821413185463
Digest_0.8,CNN_reg,detrend_normalize,2.3758293542914792
Digest_0.8,LGBM_reg,detrend_normalize,0.8889633725844668
Digest_0.8,PLS_reg,detrend_normalize,0.19829536294196437
Digest_0.8,CNN_reg,detrend_savgol,2.5343558386176657
Digest_0.8,LGBM_reg,detrend_savgol,1.3135199208645574
Digest_0.8,PLS_reg,detrend_savgol,0.25238405399345254
Digest_0.8,CNN_reg,detrend_simplescale,3.2745540494802565
Digest_0.8,LGBM_reg,detrend_simplescale,1.0376205441195268
Digest_0.8,PLS_reg,detrend_simplescale,0.2581343438023378
Digest_0.8,CNN_reg,gaussian,1.3752293884109683
Digest_0.8,LGBM_reg,gaussian,0.2325725706824997
Digest_0.8,PLS_reg,gaussian,0.015997195514392715
Digest_0.8,CNN_reg,haar,0.9951675571481164
Digest_0.8,LGBM_reg,haar,0.21948754446878027
Digest_0.8,Ridge_reg,haar,0.0002224460566093711
Digest_0.8,CNN_reg,haar_gaussian,0.3006530291735334
Digest_0.8,LGBM_reg,haar_gaussian,0.13321788617713537
Digest_0.8,PLS_reg,haar_gaussian,0.534926239072508
Digest_0.8,CNN_reg,id,0.377926020753824
Digest_0.8,LGBM_reg,id,2.552096233871392
Digest_0.8,PLS_reg,id,0.08933571823442854
Digest_0.8,CNN_reg,normalize,1.7219117554202104
Digest_0.8,LGBM_reg,normalize,2.382957364869954
Digest_0.8,Ridge_reg,normalize,0.22444540393797752
Digest_0.8,CNN_reg,normalize_RNV,2.1613394214147075
Digest_0.8,LGBM_reg,normalize_RNV,2.443682171926927
Digest_0.8,PLS_reg,normalize_RNV,0.13474809910647956
Digest_0.8,CNN_reg,normalize_SNV,3.491580394975184
Digest_0.8,LGBM_reg,normalize_SNV,2.3396143834968193
Digest_0.8,PLS_reg,normalize_SNV,0.11892280070476602
Digest_0.8,CNN_reg,normalize_gaussian,1.0427044555554055
Digest_0.8,PLS_reg,normalize_gaussian,0.21989683650255465
Digest_0.8,Ridge_reg,normalize_gaussian,0.9476530229220828
Digest_0.8,CNN_reg,normalize_haar,1.083872626856225
Digest_0.8,LGBM_reg,normalize_haar,0.3742427272747797
Digest_0.8,Ridge_reg,normalize_haar,0.697938880118782
Digest_0.8,CNN_reg,normalize_savgol,0.8790079478905248
Digest_0.8,LGBM_reg,normalize_savgol,1.9177494198933989
Digest_0.8,PLS_reg,normalize_savgol,0.18510802783829305
Digest_0.8,CNN_reg,normalize_simplescale,3.344842409031326
Digest_0.8,LGBM_reg,normalize_simplescale,2.825662773583293
Digest_0.8,PLS_reg,normalize_simplescale,0.15790560799419673
Digest_0.8,CNN_reg,savgol,1.4614143429591788
Digest_0.8,LGBM_reg,savgol,2.24820747883928
Digest_0.8,PLS_reg,savgol,0.4072771603058918
Digest_0.8,CNN_reg,savgol_SNV,3.641984978316378
Digest_0.8,LGBM_reg,savgol_SNV,2.22892009137742
Digest_0.8,PLS_reg,savgol_SNV,0.370835856334109
Digest_0.8,CNN_reg,savgol_gaussian,1.3085776338882606
Digest_0.8,LGBM_reg,savgol_gaussian,0.13428837720116782
Digest_0.8,PLS_reg,savgol_gaussian,0.06129098511579478
Digest_0.8,CNN_reg,savgol_haar,1.8649977727277598
Digest_0.8,LGBM_reg,savgol_haar,0.065953403599595
Digest_0.8,PLS_reg,savgol_haar,0.9084863919384922
Digest_0.8,CNN_reg,savgol_simplescale,2.3338917466805977
Digest_0.8,LGBM_reg,savgol_simplescale,2.2913584803041935
Digest_0.8,PLS_reg,savgol_simplescale,0.3804196747847346
Digest_0.8,CNN_reg,simplescale,3.9377665562461566
Digest_0.8,LGBM_reg,simplescale,2.8450275495814417
Digest_0.8,PLS_reg,simplescale,0.1579056080189254
Digest_0.8,CNN_reg,simplescale_SNV,2.7952831939455223
Digest_0.8,LGBM_reg,simplescale_SNV,2.332871097764185
Digest_0.8,PLS_reg,simplescale_SNV,0.11892280071190875
Digest_0.8,CNN_reg,simplescale_gaussian,1.5037042989906322
Digest_0.8,PLS_reg,simplescale_gaussian,0.08744461124227598
Digest_0.8,Ridge_reg,simplescale_gaussian,0.1817007902550749
Digest_0.8,CNN_reg,simplescale_haar,1.434014056877995
Digest_0.8,LGBM_reg,simplescale_haar,0.20343387420097514
Digest_0.8,Ridge_reg,simplescale_haar,0.3303914685136089
LUCAS_SOC_all_26650_NocitaKS,LGBM_reg,MSC,1.0489191895114214
LUCAS_SOC_all_26650_NocitaKS,PLS_reg,MSC,9.531531969465625
LUCAS_SOC_all_26650_NocitaKS,Ridge_reg,MSC,7.3618712123859105
LUCAS_SOC_all_26650_NocitaKS,LGBM_reg,MSC_RNV,0.7357457776648566
LUCAS_SOC_all_26650_NocitaKS,PLS_reg,MSC_RNV,9.309617212876978
LUCAS_SOC_all_26650_NocitaKS,Ridge_reg,MSC_RNV,5.090082973473937
LUCAS_SOC_all_26650_NocitaKS,LGBM_reg,MSC_SNV,1.145309206908756
LUCAS_SOC_all_26650_NocitaKS,PLS_reg,MSC_SNV,9.738009011212661
LUCAS_SOC_all_26650_NocitaKS,Ridge_reg,MSC_SNV,5.3871041896236935
LUCAS_SOC_all_26650_NocitaKS,CNN_reg,MSC_gaussian,2.8141039456238772
LUCAS_SOC_all_26650_NocitaKS,PLS_reg,MSC_gaussian,8.597505681372462
LUCAS_SOC_all_26650_NocitaKS,Ridge_reg,MSC_gaussian,20.104574558364426
LUCAS_SOC_all_26650_NocitaKS,LGBM_reg,MSC_haar,0.7993389493085008
LUCAS_SOC_all_26650_NocitaKS,PLS_reg,MSC_haar,41.079571300874036
LUCAS_SOC_all_26650_NocitaKS,Ridge_reg,MSC_haar,40.16410387988466
LUCAS_SOC_all_26650_NocitaKS,CNN_reg,MSC_normalize,2.2681902450656377
LUCAS_SOC_all_26650_NocitaKS,PLS_reg,MSC_normalize,8.482807551039398
LUCAS_SOC_all_26650_NocitaKS,Ridge_reg,MSC_normalize,8.023158044946298
LUCAS_SOC_all_26650_NocitaKS,CNN_reg,MSC_savgol,1.0362286636570772
LUCAS_SOC_all_26650_NocitaKS,PLS_reg,MSC_savgol,8.449757489370768
LUCAS_SOC_all_26650_NocitaKS,Ridge_reg,MSC_savgol,6.286942750458991
LUCAS_SOC_all_26650_NocitaKS,CNN_reg,MSC_simplescale,1.8015714580325586
LUCAS_SOC_all_26650_NocitaKS,PLS_reg,MSC_simplescale,8.517008388202877
LUCAS_SOC_all_26650_NocitaKS,Ridge_reg,MSC_simplescale,6.411602295812722
LUCAS_SOC_all_26650_NocitaKS,LGBM_reg,RNV,0.9850010233899109
LUCAS_SOC_all_26650_NocitaKS,PLS_reg,RNV,9.537239470739252
LUCAS_SOC_all_26650_NocitaKS,Ridge_reg,RNV,5.317705409608237
LUCAS_SOC_all_26650_NocitaKS,LGBM_reg,RNV_SNV,1.1766738587305667
LUCAS_SOC_all_26650_NocitaKS,PLS_reg,RNV_SNV,9.742285441034282
LUCAS_SOC_all_26650_NocitaKS,Ridge_reg,RNV_SNV,5.3913802080667015
LUCAS_SOC_all_26650_NocitaKS,CNN_reg,RNV_gaussian,0.19950610259448265
LUCAS_SOC_all_26650_NocitaKS,PLS_reg,RNV_gaussian,7.834039369034176
LUCAS_SOC_all_26650_NocitaKS,Ridge_reg,RNV_gaussian,12.71821892996844
LUCAS_SOC_all_26650_NocitaKS,CNN_reg,RNV_haar,0.5720991337718511
LUCAS_SOC_all_26650_NocitaKS,PLS_reg,RNV_haar,11.488640441240538
LUCAS_SOC_all_26650_NocitaKS,Ridge_reg,RNV_haar,10.08892222549887
LUCAS_SOC_all_26650_NocitaKS,LGBM_reg,RNV_savgol,0.7226734993088826
LUCAS_SOC_all_26650_NocitaKS,PLS_reg,RNV_savgol,9.23198528821372
LUCAS_SOC_all_26650_NocitaKS,Ridge_reg,RNV_savgol,5.08136445519845
LUCAS_SOC_all_26650_NocitaKS,LGBM_reg,RNV_simplescale,0.8231994524150039
LUCAS_SOC_all_26650_NocitaKS,PLS_reg,RNV_simplescale,9.365378759361057
LUCAS_SOC_all_26650_NocitaKS,Ridge_reg,RNV_simplescale,7.259972668044082
LUCAS_SOC_all_26650_NocitaKS,LGBM_reg,SNV,0.9505875731527738
LUCAS_SOC_all_26650_NocitaKS,PLS_reg,SNV,9.431845420340768
LUCAS_SOC_all_26650_NocitaKS,Ridge_reg,SNV,5.080940550830979
LUCAS_SOC_all_26650_NocitaKS,CNN_reg,SNV_gaussian,5.045434709955708
LUCAS_SOC_all_26650_NocitaKS,PLS_reg,SNV_gaussian,8.362210289668099
LUCAS_SOC_all_26650_NocitaKS,Ridge_reg,SNV_gaussian,12.513051645685454
LUCAS_SOC_all_26650_NocitaKS,LGBM_reg,SNV_haar,0.31037648551123276
LUCAS_SOC_all_26650_NocitaKS,PLS_reg,SNV_haar,9.914987802476901
LUCAS_SOC_all_26650_NocitaKS,Ridge_reg,SNV_haar,7.060771016747349
LUCAS_SOC_all_26650_NocitaKS,CNN_reg,baseline,0.04172350778364553
LUCAS_SOC_all_26650_NocitaKS,PLS_reg,baseline,8.544316009380799
LUCAS_SOC_all_26650_NocitaKS,Ridge_reg,baseline,6.403699906291179
LUCAS_SOC_all_26650_NocitaKS,LGBM_reg,baseline_MSC,0.40428128927503515
LUCAS_SOC_all_26650_NocitaKS,PLS_reg,baseline_MSC,8.926490281899236
LUCAS_SOC_all_26650_NocitaKS,Ridge_reg,baseline_MSC,6.7568295221618
LUCAS_SOC_all_26650_NocitaKS,LGBM_reg,baseline_RNV,0.7516422064611561
LUCAS_SOC_all_26650_NocitaKS,PLS_reg,baseline_RNV,9.303880653809445
LUCAS_SOC_all_26650_NocitaKS,Ridge_reg,baseline_RNV,5.084346458513945
LUCAS_SOC_all_26650_NocitaKS,LGBM_reg,baseline_SNV,1.967772455820005
LUCAS_SOC_all_26650_NocitaKS,PLS_reg,baseline_SNV,10.449024254886467
LUCAS_SOC_all_26650_NocitaKS,Ridge_reg,baseline_SNV,6.098119151510251
LUCAS_SOC_all_26650_NocitaKS,LGBM_reg,baseline_derivate,1.0314984455389293
LUCAS_SOC_all_26650_NocitaKS,PLS_reg,baseline_derivate,12.81089865434496
LUCAS_SOC_all_26650_NocitaKS,Ridge_reg,baseline_derivate,12.816318412720484
LUCAS_SOC_all_26650_NocitaKS,LGBM_reg,baseline_detrend,1.0053283555018009
LUCAS_SOC_all_26650_NocitaKS,PLS_reg,baseline_detrend,6.698970472926128
LUCAS_SOC_all_26650_NocitaKS,Ridge_reg,baseline_detrend,5.715641405880824
LUCAS_SOC_all_26650_NocitaKS,CNN_reg,baseline_gaussian,10.758903165125822
LUCAS_SOC_all_26650_NocitaKS,PLS_reg,baseline_gaussian,8.676423583816671
LUCAS_SOC_all_26650_NocitaKS,Ridge_reg,baseline_gaussian,21.496914888181312
LUCAS_SOC_all_26650_NocitaKS,CNN_reg,baseline_haar,1.405320217311366
LUCAS_SOC_all_26650_NocitaKS,PLS_reg,baseline_haar,8.157185812634477
LUCAS_SOC_all_26650_NocitaKS,Ridge_reg,baseline_haar,7.1255665500698315
LUCAS_SOC_all_26650_NocitaKS,LGBM_reg,baseline_normalize,0.3032984682872826
LUCAS_SOC_all_26650_NocitaKS,PLS_reg,baseline_normalize,8.784548071421952
LUCAS_SOC_all_26650_NocitaKS,Ridge_reg,baseline_normalize,8.324898565338145
LUCAS_SOC_all_26650_NocitaKS,LGBM_reg,baseline_savgol,1.0162366222973098
LUCAS_SOC_all_26650_NocitaKS,PLS_reg,baseline_savgol,9.588212294840345
LUCAS_SOC_all_26650_NocitaKS,Ridge_reg,baseline_savgol,7.45701362648183
LUCAS_SOC_all_26650_NocitaKS,CNN_reg,baseline_simplescale,0.1505210812310107
LUCAS_SOC_all_26650_NocitaKS,PLS_reg,baseline_simplescale,8.547000922274577
LUCAS_SOC_all_26650_NocitaKS,Ridge_reg,baseline_simplescale,6.441594829940005
LUCAS_SOC_all_26650_NocitaKS,LGBM_reg,derivate,8.62047577527148
LUCAS_SOC_all_26650_NocitaKS,PLS_reg,derivate,21.40697378163739
LUCAS_SOC_all_26650_NocitaKS,Ridge_reg,derivate,21.41239354001292
LUCAS_SOC_all_26650_NocitaKS,LGBM_reg,derivate_MSC,10.010578576574297
LUCAS_SOC_all_26650_NocitaKS,PLS_reg,derivate_MSC,22.28765247638224
LUCAS_SOC_all_26650_NocitaKS,Ridge_reg,derivate_MSC,22.293677589943456
LUCAS_SOC_all_26650_NocitaKS,LGBM_reg,derivate_RNV,5.444910408223144
LUCAS_SOC_all_26650_NocitaKS,PLS_reg,derivate_RNV,16.928787535460955
LUCAS_SOC_all_26650_NocitaKS,Ridge_reg,derivate_RNV,16.990130150395238
LUCAS_SOC_all_26650_NocitaKS,LGBM_reg,derivate_SNV,4.917043098671858
LUCAS_SOC_all_26650_NocitaKS,PLS_reg,derivate_SNV,17.61721495214326
LUCAS_SOC_all_26650_NocitaKS,Ridge_reg,derivate_SNV,17.68341586202334
LUCAS_SOC_all_26650_NocitaKS,CNN_reg,derivate_detrend,7.0241937158960255
LUCAS_SOC_all_26650_NocitaKS,PLS_reg,derivate_detrend,15.136092652053208
LUCAS_SOC_all_26650_NocitaKS,Ridge_reg,derivate_detrend,15.137492775514005
LUCAS_SOC_all_26650_NocitaKS,LGBM_reg,derivate_gaussian,2.2492162632515686
LUCAS_SOC_all_26650_NocitaKS,PLS_reg,derivate_gaussian,20.74355300216265
LUCAS_SOC_all_26650_NocitaKS,Ridge_reg,derivate_gaussian,20.733271978006385
LUCAS_SOC_all_26650_NocitaKS,LGBM_reg,derivate_haar,8.904516444459947
LUCAS_SOC_all_26650_NocitaKS,PLS_reg,derivate_haar,28.243149034544135
LUCAS_SOC_all_26650_NocitaKS,Ridge_reg,derivate_haar,28.234397854430025
LUCAS_SOC_all_26650_NocitaKS,LGBM_reg,derivate_normalize,4.785692433670402
LUCAS_SOC_all_26650_NocitaKS,PLS_reg,derivate_normalize,17.782605137777598
LUCAS_SOC_all_26650_NocitaKS,Ridge_reg,derivate_normalize,17.781349486881506
LUCAS_SOC_all_26650_NocitaKS,LGBM_reg,derivate_savgol,7.362486423657952
LUCAS_SOC_all_26650_NocitaKS,PLS_reg,derivate_savgol,18.89372888821544
LUCAS_SOC_all_26650_NocitaKS,Ridge_reg,derivate_savgol,18.899148628364305
LUCAS_SOC_all_26650_NocitaKS,LGBM_reg,derivate_simplescale,6.977130099900588
LUCAS_SOC_all_26650_NocitaKS,PLS_reg,derivate_simplescale,18.999417124792597
LUCAS_SOC_all_26650_NocitaKS,Ridge_reg,derivate_simplescale,19.00774070527741
LUCAS_SOC_all_26650_NocitaKS,LGBM_reg,detrend,0.3563211396513548
LUCAS_SOC_all_26650_NocitaKS,PLS_reg,detrend,6.07717185803946
LUCAS_SOC_all_26650_NocitaKS,Ridge_reg,detrend,5.0938427910849935
LUCAS_SOC_all_26650_NocitaKS,CNN_reg,detrend_MSC,32.766317109797086
LUCAS_SOC_all_26650_NocitaKS,PLS_reg,detrend_MSC,5.875395446024703
LUCAS_SOC_all_26650_NocitaKS,Ridge_reg,detrend_MSC,34.73667299484287
LUCAS_SOC_all_26650_NocitaKS,LGBM_reg,detrend_RNV,1.422795869608164
LUCAS_SOC_all_26650_NocitaKS,PLS_reg,detrend_RNV,7.1156451559040175
LUCAS_SOC_all_26650_NocitaKS,Ridge_reg,detrend_RNV,4.814440894660212
LUCAS_SOC_all_26650_NocitaKS,LGBM_reg,detrend_SNV,1.3834584927370983
LUCAS_SOC_all_26650_NocitaKS,PLS_reg,detrend_SNV,7.090280611452451
LUCAS_SOC_all_26650_NocitaKS,Ridge_reg,detrend_SNV,4.844031600259489
LUCAS_SOC_all_26650_NocitaKS,CNN_reg,detrend_gaussian,0.5636966371548819
LUCAS_SOC_all_26650_NocitaKS,PLS_reg,detrend_gaussian,6.9417285993166065
LUCAS_SOC_all_26650_NocitaKS,Ridge_reg,detrend_gaussian,15.441705529103167
LUCAS_SOC_all_26650_NocitaKS,CNN_reg,detrend_haar,2.07574658632739
LUCAS_SOC_all_26650_NocitaKS,PLS_reg,detrend_haar,8.19293450159686
LUCAS_SOC_all_26650_NocitaKS,Ridge_reg,detrend_haar,7.924231519640219
LUCAS_SOC_all_26650_NocitaKS,CNN_reg,detrend_normalize,0.776364011814092
LUCAS_SOC_all_26650_NocitaKS,PLS_reg,detrend_normalize,5.675461313880936
LUCAS_SOC_all_26650_NocitaKS,Ridge_reg,detrend_normalize,5.180974936866379
LUCAS_SOC_all_26650_NocitaKS,LGBM_reg,detrend_savgol,0.38567595742253324
LUCAS_SOC_all_26650_NocitaKS,PLS_reg,detrend_savgol,6.111338760283488
LUCAS_SOC_all_26650_NocitaKS,Ridge_reg,detrend_savgol,5.13984679433675
LUCAS_SOC_all_26650_NocitaKS,CNN_reg,detrend_simplescale,3.3394752209714866
LUCAS_SOC_all_26650_NocitaKS,PLS_reg,detrend_simplescale,5.805270122623767
LUCAS_SOC_all_26650_NocitaKS,Ridge_reg,detrend_simplescale,4.238061420518868
LUCAS_SOC_all_26650_NocitaKS,CNN_reg,gaussian,7.493200445029951
LUCAS_SOC_all_26650_NocitaKS,PLS_reg,gaussian,8.789376675650473
LUCAS_SOC_all_26650_NocitaKS,Ridge_reg,gaussian,21.60986798001642
LUCAS_SOC_all_26650_NocitaKS,CNN_reg,haar,0.41339670958656516
LUCAS_SOC_all_26650_NocitaKS,PLS_reg,haar,8.126710167892728
LUCAS_SOC_all_26650_NocitaKS,Ridge_reg,haar,7.095090905326598
LUCAS_SOC_all_26650_NocitaKS,CNN_reg,haar_gaussian,33.838578965011905
LUCAS_SOC_all_26650_NocitaKS,PLS_reg,haar_gaussian,9.674211165617168
LUCAS_SOC_all_26650_NocitaKS,Ridge_reg,haar_gaussian,37.30026495060869
LUCAS_SOC_all_26650_NocitaKS,CNN_reg,id,1.6204563880988818
LUCAS_SOC_all_26650_NocitaKS,PLS_reg,id,8.466717857137377
LUCAS_SOC_all_26650_NocitaKS,Ridge_reg,id,6.326101754781034
LUCAS_SOC_all_26650_NocitaKS,CNN_reg,normalize,9.708383681481653
LUCAS_SOC_all_26650_NocitaKS,PLS_reg,normalize,8.505507272116262
LUCAS_SOC_all_26650_NocitaKS,Ridge_reg,normalize,9.833951673917781
LUCAS_SOC_all_26650_NocitaKS,LGBM_reg,normalize_RNV,0.148843201284393
LUCAS_SOC_all_26650_NocitaKS,PLS_reg,normalize_RNV,8.630947760263888
LUCAS_SOC_all_26650_NocitaKS,Ridge_reg,normalize_RNV,4.4114135673773625
LUCAS_SOC_all_26650_NocitaKS,LGBM_reg,normalize_SNV,1.4555911431009108
LUCAS_SOC_all_26650_NocitaKS,PLS_reg,normalize_SNV,9.96807275862926
LUCAS_SOC_all_26650_NocitaKS,Ridge_reg,normalize_SNV,5.6171678007785
LUCAS_SOC_all_26650_NocitaKS,CNN_reg,normalize_gaussian,4.166892491732163
LUCAS_SOC_all_26650_NocitaKS,PLS_reg,normalize_gaussian,8.378424371136598
LUCAS_SOC_all_26650_NocitaKS,Ridge_reg,normalize_gaussian,36.13153376840309
LUCAS_SOC_all_26650_NocitaKS,CNN_reg,normalize_haar,5.553733245600332
LUCAS_SOC_all_26650_NocitaKS,PLS_reg,normalize_haar,10.203220346152813
LUCAS_SOC_all_26650_NocitaKS,Ridge_reg,normalize_haar,26.96711130223015
LUCAS_SOC_all_26650_NocitaKS,CNN_reg,normalize_savgol,9.356232927503743
LUCAS_SOC_all_26650_NocitaKS,PLS_reg,normalize_savgol,8.553730484334842
LUCAS_SOC_all_26650_NocitaKS,Ridge_reg,normalize_savgol,9.882316456748995
LUCAS_SOC_all_26650_NocitaKS,CNN_reg,normalize_simplescale,0.434504632093752
LUCAS_SOC_all_26650_NocitaKS,PLS_reg,normalize_simplescale,8.546509188491326
LUCAS_SOC_all_26650_NocitaKS,Ridge_reg,normalize_simplescale,6.441103095646133
LUCAS_SOC_all_26650_NocitaKS,LGBM_reg,savgol,1.525689511377827
LUCAS_SOC_all_26650_NocitaKS,PLS_reg,savgol,9.975267722436017
LUCAS_SOC_all_26650_NocitaKS,Ridge_reg,savgol,7.84406905396642
LUCAS_SOC_all_26650_NocitaKS,CNN_reg,savgol_SNV,0.5199751575193012
LUCAS_SOC_all_26650_NocitaKS,PLS_reg,savgol_SNV,8.505860675387417
LUCAS_SOC_all_26650_NocitaKS,Ridge_reg,savgol_SNV,4.2466638921799085
LUCAS_SOC_all_26650_NocitaKS,CNN_reg,savgol_gaussian,2.5641552039142264
LUCAS_SOC_all_26650_NocitaKS,PLS_reg,savgol_gaussian,9.709676626521315
LUCAS_SOC_all_26650_NocitaKS,Ridge_reg,savgol_gaussian,21.579682289998576
LUCAS_SOC_all_26650_NocitaKS,CNN_reg,savgol_haar,0.32288350157324075
LUCAS_SOC_all_26650_NocitaKS,PLS_reg,savgol_haar,8.16444726791051
LUCAS_SOC_all_26650_NocitaKS,Ridge_reg,savgol_haar,7.136903550292378
LUCAS_SOC_all_26650_NocitaKS,CNN_reg,savgol_simplescale,1.1407195695396695
LUCAS_SOC_all_26650_NocitaKS,PLS_reg,savgol_simplescale,8.523900870725589
LUCAS_SOC_all_26650_NocitaKS,Ridge_reg,savgol_simplescale,6.425510007468228
LUCAS_SOC_all_26650_NocitaKS,CNN_reg,simplescale,0.6364769780231292
LUCAS_SOC_all_26650_NocitaKS,PLS_reg,simplescale,8.590833408956462
LUCAS_SOC_all_26650_NocitaKS,Ridge_reg,simplescale,6.48542731764841
LUCAS_SOC_all_26650_NocitaKS,LGBM_reg,simplescale_SNV,1.1081198205794731
LUCAS_SOC_all_26650_NocitaKS,PLS_reg,simplescale_SNV,9.610877182189322
LUCAS_SOC_all_26650_NocitaKS,Ridge_reg,simplescale_SNV,5.259971987161652
LUCAS_SOC_all_26650_NocitaKS,CNN_reg,simplescale_gaussian,2.995842239164938
LUCAS_SOC_all_26650_NocitaKS,PLS_reg,simplescale_gaussian,8.453382232689536
LUCAS_SOC_all_26650_NocitaKS,Ridge_reg,simplescale_gaussian,20.412185200332047
LUCAS_SOC_all_26650_NocitaKS,CNN_reg,simplescale_haar,0.10537278598045319
LUCAS_SOC_all_26650_NocitaKS,PLS_reg,simplescale_haar,10.68893232480846
LUCAS_SOC_all_26650_NocitaKS,Ridge_reg,simplescale_haar,10.95475185644097
Milk_Fat_1224_KS,CNN_reg,MSC,0.015684453362713804
Milk_Fat_1224_KS,LGBM_reg,MSC,0.050085829612741696
Milk_Fat_1224_KS,PLS_reg,MSC,0.0012953210860226008
Milk_Fat_1224_KS,CNN_reg,MSC_RNV,0.011970085430699301
Milk_Fat_1224_KS,LGBM_reg,MSC_RNV,0.0501714677046409
Milk_Fat_1224_KS,PLS_reg,MSC_RNV,0.0010288542597227009
Milk_Fat_1224_KS,CNN_reg,MSC_SNV,0.012997642108538498
Milk_Fat_1224_KS,LGBM_reg,MSC_SNV,0.0495243257297463
Milk_Fat_1224_KS,PLS_reg,MSC_SNV,0.001119002648389298
Milk_Fat_1224_KS,CNN_reg,MSC_gaussian,0.1393697646102124
Milk_Fat_1224_KS,LGBM_reg,MSC_gaussian,0.0583507598343454
Milk_Fat_1224_KS,Ridge_reg,MSC_gaussian,0.0610411330925229
Milk_Fat_1224_KS,CNN_reg,MSC_haar,0.14112267713524018
Milk_Fat_1224_KS,PLS_reg,MSC_haar,0.06451384827346891
Milk_Fat_1224_KS,Ridge_reg,MSC_haar,0.0690820434430673
Milk_Fat_1224_KS,CNN_reg,MSC_normalize,0.011346185108235103
Milk_Fat_1224_KS,LGBM_reg,MSC_normalize,0.0499781732305709
Milk_Fat_1224_KS,Ridge_reg,MSC_normalize,0.001120370368566801
Milk_Fat_1224_KS,CNN_reg,MSC_savgol,0.002106746585121798
Milk_Fat_1224_KS,LGBM_reg,MSC_savgol,0.054162643855370805
Milk_Fat_1224_KS,PLS_reg,MSC_savgol,0.0020762991084796976
Milk_Fat_1224_KS,CNN_reg,MSC_simplescale,0.0089404745537594
Milk_Fat_1224_KS,LGBM_reg,MSC_simplescale,0.05048782028356889
Milk_Fat_1224_KS,PLS_reg,MSC_simplescale,0.0012100894096305007
Milk_Fat_1224_KS,CNN_reg,RNV,0.008643372404299299
Milk_Fat_1224_KS,LGBM_reg,RNV,0.05043676468288599
Milk_Fat_1224_KS,PLS_reg,RNV,0.0010288542596889015
Milk_Fat_1224_KS,CNN_reg,RNV_SNV,0.0164175391884251
Milk_Fat_1224_KS,LGBM_reg,RNV_SNV,0.0504366464720732
Milk_Fat_1224_KS,PLS_reg,RNV_SNV,0.001119002648408498
Milk_Fat_1224_KS,CNN_reg,RNV_gaussian,0.032945499593547
Milk_Fat_1224_KS,LGBM_reg,RNV_gaussian,0.010535673706394702
Milk_Fat_1224_KS,Ridge_reg,RNV_gaussian,2.9066447230999964e-05
Milk_Fat_1224_KS,CNN_reg,RNV_haar,0.0275627132331468
Milk_Fat_1224_KS,LGBM_reg,RNV_haar,0.017278181483812997
Milk_Fat_1224_KS,PLS_reg,RNV_haar,0.0005732597384553971
Milk_Fat_1224_KS,CNN_reg,RNV_savgol,0.0050986645699482025
Milk_Fat_1224_KS,LGBM_reg,RNV_savgol,0.055017159007602005
Milk_Fat_1224_KS,PLS_reg,RNV_savgol,0.002039062871863801
Milk_Fat_1224_KS,CNN_reg,RNV_simplescale,0.0448763016853667
Milk_Fat_1224_KS,LGBM_reg,RNV_simplescale,0.05128928392366261
Milk_Fat_1224_KS,PLS_reg,RNV_simplescale,0.0012100894096424009
Milk_Fat_1224_KS,CNN_reg,SNV,0.010048227459769299
Milk_Fat_1224_KS,LGBM_reg,SNV,0.050272926295700494
Milk_Fat_1224_KS,PLS_reg,SNV,0.0011190026483239024
Milk_Fat_1224_KS,CNN_reg,SNV_gaussian,0.03873277927324291
Milk_Fat_1224_KS,LGBM_reg,SNV_gaussian,0.059405555691662504
Milk_Fat_1224_KS,Ridge_reg,SNV_gaussian,0.0142916555344812
Milk_Fat_1224_KS,CNN_reg,SNV_haar,0.03464852489268759
Milk_Fat_1224_KS,PLS_reg,SNV_haar,0.04750874052373781
Milk_Fat_1224_KS,Ridge_reg,SNV_haar,0.04201638459586311
Milk_Fat_1224_KS,CNN_reg,baseline,0.002165184798698601
Milk_Fat_1224_KS,LGBM_reg,baseline,0.0540042276412825
Milk_Fat_1224_KS,PLS_reg,baseline,0.004081713662717101
Milk_Fat_1224_KS,CNN_reg,baseline_MSC,0.014150427578541704
Milk_Fat_1224_KS,LGBM_reg,baseline_MSC,0.05012264086184931
Milk_Fat_1224_KS,PLS_reg,baseline_MSC,0.0009943943543482998
Milk_Fat_1224_KS,CNN_reg,baseline_RNV,0.009006837290116497
Milk_Fat_1224_KS,LGBM_reg,baseline_RNV,0.051280553488245895
Milk_Fat_1224_KS,PLS_reg,baseline_RNV,0.0010288542596966002
Milk_Fat_1224_KS,CNN_reg,baseline_SNV,0.013793874408562199
Milk_Fat_1224_KS,LGBM_reg,baseline_SNV,0.049784994496882506
Milk_Fat_1224_KS,PLS_reg,baseline_SNV,0.0011190026483383006
Milk_Fat_1224_KS,CNN_reg,baseline_derivate,0.014829234439699995
Milk_Fat_1224_KS,LGBM_reg,baseline_derivate,0.03431571557751911
Milk_Fat_1224_KS,PLS_reg,baseline_derivate,0.006604946849576798
Milk_Fat_1224_KS,CNN_reg,baseline_detrend,0.004545821087930401
Milk_Fat_1224_KS,LGBM_reg,baseline_detrend,0.0365736500944763
Milk_Fat_1224_KS,PLS_reg,baseline_detrend,0.0021246561032424
Milk_Fat_1224_KS,LGBM_reg,baseline_gaussian,0.005151546690845898
Milk_Fat_1224_KS,PLS_reg,baseline_gaussian,0.004204308662369698
Milk_Fat_1224_KS,Ridge_reg,baseline_gaussian,0.00030069934810569854
Milk_Fat_1224_KS,CNN_reg,baseline_haar,0.004034822549485902
Milk_Fat_1224_KS,LGBM_reg,baseline_haar,0.0135088904874033
Milk_Fat_1224_KS,PLS_reg,baseline_haar,0.001852707898390201
Milk_Fat_1224_KS,CNN_reg,baseline_normalize,0.0159586551485522
Milk_Fat_1224_KS,LGBM_reg,baseline_normalize,0.0505649479109704
Milk_Fat_1224_KS,Ridge_reg,baseline_normalize,0.0011203703686125978
Milk_Fat_1224_KS,CNN_reg,baseline_savgol,0.005288174114454099
Milk_Fat_1224_KS,LGBM_reg,baseline_savgol,0.0547033539304286
Milk_Fat_1224_KS,PLS_reg,baseline_savgol,0.0035511296860799013
Milk_Fat_1224_KS,CNN_reg,baseline_simplescale,0.006137562705203901
Milk_Fat_1224_KS,LGBM_reg,baseline_simplescale,0.0516986733311781
Milk_Fat_1224_KS,PLS_reg,baseline_simplescale,0.001210089409781203
Milk_Fat_1224_KS,CNN_reg,derivate,0.018663991221334914
Milk_Fat_1224_KS,LGBM_reg,derivate,0.029775256667817412
Milk_Fat_1224_KS,PLS_reg,derivate,0.008366226941668692
Milk_Fat_1224_KS,CNN_reg,derivate_MSC,0.0267148430457681
Milk_Fat_1224_KS,LGBM_reg,derivate_MSC,0.0352153666745561
Milk_Fat_1224_KS,PLS_reg,derivate_MSC,0.006767297206935585
Milk_Fat_1224_KS,CNN_reg,derivate_RNV,0.0018847548170203843
Milk_Fat_1224_KS,LGBM_reg,derivate_RNV,0.032837635396333886
Milk_Fat_1224_KS,Ridge_reg,derivate_RNV,0.0005111915058169936
Milk_Fat_1224_KS,CNN_reg,derivate_SNV,0.0048249904417812794
Milk_Fat_1224_KS,LGBM_reg,derivate_SNV,0.039516712519511804
Milk_Fat_1224_KS,Ridge_reg,derivate_SNV,0.00017766590767959167
Milk_Fat_1224_KS,CNN_reg,derivate_detrend,0.008524579673821614
Milk_Fat_1224_KS,LGBM_reg,derivate_detrend,0.0335328039067091
Milk_Fat_1224_KS,Ridge_reg,derivate_detrend,0.0007214594382998207
Milk_Fat_1224_KS,CNN_reg,derivate_gaussian,0.017508943136598204
Milk_Fat_1224_KS,LGBM_reg,derivate_gaussian,0.0123116085424064
Milk_Fat_1224_KS,PLS_reg,derivate_gaussian,0.0002251247692658942
Milk_Fat_1224_KS,CNN_reg,derivate_haar,0.02204910616536601
Milk_Fat_1224_KS,LGBM_reg,derivate_haar,0.010355653369622186
Milk_Fat_1224_KS,Ridge_reg,derivate_haar,0.0007917821871830932
Milk_Fat_1224_KS,CNN_reg,derivate_normalize,0.01643846012450348
Milk_Fat_1224_KS,LGBM_reg,derivate_normalize,0.03423859578191976
Milk_Fat_1224_KS,Ridge_reg,derivate_normalize,0.0002688348845777955
Milk_Fat_1224_KS,CNN_reg,derivate_savgol,0.0168648543922352
Milk_Fat_1224_KS,LGBM_reg,derivate_savgol,0.03296224718072302
Milk_Fat_1224_KS,Ridge_reg,derivate_savgol,0.0005016174118619987
Milk_Fat_1224_KS,CNN_reg,derivate_simplescale,0.020731169279107703
Milk_Fat_1224_KS,LGBM_reg,derivate_simplescale,0.034032654227886205
Milk_Fat_1224_KS,Ridge_reg,derivate_simplescale,0.0006490703021966027
Milk_Fat_1224_KS,CNN_reg,detrend,0.0010897674123425995
Milk_Fat_1224_KS,LGBM_reg,detrend,0.036972750055794604
Milk_Fat_1224_KS,PLS_reg,detrend,0.0006092873948444003
Milk_Fat_1224_KS,CNN_reg,detrend_MSC,0.2160833831282764
Milk_Fat_1224_KS,LGBM_reg,detrend_MSC,0.03362161838872921
Milk_Fat_1224_KS,Ridge_reg,detrend_MSC,0.1968589183806367
Milk_Fat_1224_KS,CNN_reg,detrend_RNV,0.004336397270841702
Milk_Fat_1224_KS,LGBM_reg,detrend_RNV,0.0359947430984191
Milk_Fat_1224_KS,PLS_reg,detrend_RNV,0.0006272180467668011
Milk_Fat_1224_KS,CNN_reg,detrend_SNV,0.004644478540848502
Milk_Fat_1224_KS,LGBM_reg,detrend_SNV,0.035794137401161205
Milk_Fat_1224_KS,PLS_reg,detrend_SNV,0.0006062787216258997
Milk_Fat_1224_KS,CNN_reg,detrend_gaussian,0.0004439065430581028
Milk_Fat_1224_KS,LGBM_reg,detrend_gaussian,0.0043297635944625
Milk_Fat_1224_KS,PLS_reg,detrend_gaussian,0.002759931614834201
Milk_Fat_1224_KS,CNN_reg,detrend_haar,0.0009227103608671003
Milk_Fat_1224_KS,LGBM_reg,detrend_haar,0.016646308498799698
Milk_Fat_1224_KS,PLS_reg,detrend_haar,0.0007340463595988007
Milk_Fat_1224_KS,CNN_reg,detrend_normalize,0.008817512584887902
Milk_Fat_1224_KS,LGBM_reg,detrend_normalize,0.03419617562648471
Milk_Fat_1224_KS,Ridge_reg,detrend_normalize,0.0028805662392123003
Milk_Fat_1224_KS,CNN_reg,detrend_savgol,0.0031112180302976
Milk_Fat_1224_KS,LGBM_reg,detrend_savgol,0.037087481744210005
Milk_Fat_1224_KS,PLS_reg,detrend_savgol,0.0008413757990816985
Milk_Fat_1224_KS,CNN_reg,detrend_simplescale,0.004457408184619798
Milk_Fat_1224_KS,LGBM_reg,detrend_simplescale,0.0338813241810599
Milk_Fat_1224_KS,PLS_reg,detrend_simplescale,0.0006053871128014997
Milk_Fat_1224_KS,CNN_reg,gaussian,0.0015204155222691002
Milk_Fat_1224_KS,LGBM_reg,gaussian,0.004881961499184101
Milk_Fat_1224_KS,PLS_reg,gaussian,0.0039036093142638013
Milk_Fat_1224_KS,CNN_reg,haar,0.0023573477044919987
Milk_Fat_1224_KS,LGBM_reg,haar,0.013917244852035902
Milk_Fat_1224_KS,PLS_reg,haar,0.0018527078983899999
Milk_Fat_1224_KS,LGBM_reg,haar_gaussian,0.006141709598661501
Milk_Fat_1224_KS,PLS_reg,haar_gaussian,0.0009711709210441996
Milk_Fat_1224_KS,Ridge_reg,haar_gaussian,0.015330340473452702
Milk_Fat_1224_KS,CNN_reg,id,0.004336025664531302
Milk_Fat_1224_KS,LGBM_reg,id,0.053398086591970095
Milk_Fat_1224_KS,PLS_reg,id,0.0038320553778290016
Milk_Fat_1224_KS,CNN_reg,normalize,0.038875431405431704
Milk_Fat_1224_KS,LGBM_reg,normalize,0.04976313512683111
Milk_Fat_1224_KS,Ridge_reg,normalize,0.027377484386549703
Milk_Fat_1224_KS,CNN_reg,normalize_RNV,0.0099745854613091
Milk_Fat_1224_KS,LGBM_reg,normalize_RNV,0.0514258279455877
Milk_Fat_1224_KS,PLS_reg,normalize_RNV,0.0010288542597132015
Milk_Fat_1224_KS,CNN_reg,normalize_SNV,0.012646594897091
Milk_Fat_1224_KS,LGBM_reg,normalize_SNV,0.05122589246219761
Milk_Fat_1224_KS,PLS_reg,normalize_SNV,0.0014199293800037996
Milk_Fat_1224_KS,CNN_reg,normalize_gaussian,0.03832197073562629
Milk_Fat_1224_KS,LGBM_reg,normalize_gaussian,0.0013725147000615973
Milk_Fat_1224_KS,Ridge_reg,normalize_gaussian,0.11641261031062139
Milk_Fat_1224_KS,CNN_reg,normalize_haar,0.04972407345964419
Milk_Fat_1224_KS,LGBM_reg,normalize_haar,0.0068406634034835
Milk_Fat_1224_KS,Ridge_reg,normalize_haar,0.0915330454192847
Milk_Fat_1224_KS,CNN_reg,normalize_savgol,0.0620417604488228
Milk_Fat_1224_KS,LGBM_reg,normalize_savgol,0.05065477692079
Milk_Fat_1224_KS,Ridge_reg,normalize_savgol,0.026298522932208197
Milk_Fat_1224_KS,CNN_reg,normalize_simplescale,0.005159755498377501
Milk_Fat_1224_KS,LGBM_reg,normalize_simplescale,0.051120129333796005
Milk_Fat_1224_KS,PLS_reg,normalize_simplescale,0.001511016141403601
Milk_Fat_1224_KS,CNN_reg,savgol,0.005831541836406398
Milk_Fat_1224_KS,LGBM_reg,savgol,0.05629933809232399
Milk_Fat_1224_KS,PLS_reg,savgol,0.003551129685848798
Milk_Fat_1224_KS,CNN_reg,savgol_SNV,0.003853415188040398
Milk_Fat_1224_KS,LGBM_reg,savgol_SNV,0.0539092699766243
Milk_Fat_1224_KS,PLS_reg,savgol_SNV,0.0019463620703231987
Milk_Fat_1224_KS,LGBM_reg,savgol_gaussian,0.007877004659833202
Milk_Fat_1224_KS,PLS_reg,savgol_gaussian,0.0033702526313918006
Milk_Fat_1224_KS,Ridge_reg,savgol_gaussian,0.0029473814985901993
Milk_Fat_1224_KS,CNN_reg,savgol_haar,0.002579089700199797
Milk_Fat_1224_KS,LGBM_reg,savgol_haar,0.012931105860795399
Milk_Fat_1224_KS,PLS_reg,savgol_haar,0.0006489869736547998
Milk_Fat_1224_KS,CNN_reg,savgol_simplescale,0.004916988450301602
Milk_Fat_1224_KS,LGBM_reg,savgol_simplescale,0.0551832099338949
Milk_Fat_1224_KS,PLS_reg,savgol_simplescale,0.0022567911314598024
Milk_Fat_1224_KS,CNN_reg,simplescale,0.0065855738393466
Milk_Fat_1224_KS,LGBM_reg,simplescale,0.0500257763568325
Milk_Fat_1224_KS,PLS_reg,simplescale,0.0012100894097217992
Milk_Fat_1224_KS,CNN_reg,simplescale_SNV,0.0108110567994202
Milk_Fat_1224_KS,LGBM_reg,simplescale_SNV,0.0512258924621692
Milk_Fat_1224_KS,PLS_reg,simplescale_SNV,0.0011190026483243985
Milk_Fat_1224_KS,CNN_reg,simplescale_gaussian,0.0358587548032955
Milk_Fat_1224_KS,LGBM_reg,simplescale_gaussian,0.026777004065555998
Milk_Fat_1224_KS,Ridge_reg,simplescale_gaussian,0.023261842240256
Milk_Fat_1224_KS,CNN_reg,simplescale_haar,0.0602224213207453
Milk_Fat_1224_KS,LGBM_reg,simplescale_haar,0.026485990739778996
Milk_Fat_1224_KS,Ridge_reg,simplescale_haar,0.023958325187879097
Milk_Lactose_1224_KS,CNN_reg,MSC,0.10221895516425769
Milk_Lactose_1224_KS,LGBM_reg,MSC,0.10117018684756729
Milk_Lactose_1224_KS,Ridge_reg,MSC,0.013758379241468499
Milk_Lactose_1224_KS,CNN_reg,MSC_RNV,0.09084622088177191
Milk_Lactose_1224_KS,LGBM_reg,MSC_RNV,0.09645793647847711
Milk_Lactose_1224_KS,Ridge_reg,MSC_RNV,0.0003788551359443018
Milk_Lactose_1224_KS,CNN_reg,MSC_SNV,0.095308273634047
Milk_Lactose_1224_KS,LGBM_reg,MSC_SNV,0.1001149537100456
Milk_Lactose_1224_KS,PLS_reg,MSC_SNV,0.0019044017935216997
Milk_Lactose_1224_KS,CNN_reg,MSC_gaussian,0.09789460731972868
Milk_Lactose_1224_KS,LGBM_reg,MSC_gaussian,0.060671940981887995
Milk_Lactose_1224_KS,Ridge_reg,MSC_gaussian,0.0852649057237975
Milk_Lactose_1224_KS,CNN_reg,MSC_haar,0.0389558550495378
Milk_Lactose_1224_KS,LGBM_reg,MSC_haar,0.0158700467562162
Milk_Lactose_1224_KS,Ridge_reg,MSC_haar,0.014372342342014205
Milk_Lactose_1224_KS,CNN_reg,MSC_normalize,0.0957137337739409
Milk_Lactose_1224_KS,LGBM_reg,MSC_normalize,0.09417769999992612
Milk_Lactose_1224_KS,Ridge_reg,MSC_normalize,0.0540330447805751
Milk_Lactose_1224_KS,CNN_reg,MSC_savgol,0.0972575832783601
Milk_Lactose_1224_KS,LGBM_reg,MSC_savgol,0.10796598121206519
Milk_Lactose_1224_KS,Ridge_reg,MSC_savgol,0.011303123559180298
Milk_Lactose_1224_KS,CNN_reg,MSC_simplescale,0.09150937553875291
Milk_Lactose_1224_KS,LGBM_reg,MSC_simplescale,0.09545824573918732
Milk_Lactose_1224_KS,Ridge_reg,MSC_simplescale,0.020028168986472895
Milk_Lactose_1224_KS,CNN_reg,RNV,0.0953482270780682
Milk_Lactose_1224_KS,LGBM_reg,RNV,0.0989847101174487
Milk_Lactose_1224_KS,Ridge_reg,RNV,0.004780816725410704
Milk_Lactose_1224_KS,CNN_reg,RNV_SNV,0.0937003441859128
Milk_Lactose_1224_KS,LGBM_reg,RNV_SNV,0.0987036528731729
Milk_Lactose_1224_KS,PLS_reg,RNV_SNV,0.0007365035162527067
Milk_Lactose_1224_KS,CNN_reg,RNV_gaussian,0.09712332059844679
Milk_Lactose_1224_KS,LGBM_reg,RNV_gaussian,0.07067825264664991
Milk_Lactose_1224_KS,Ridge_reg,RNV_gaussian,0.0687673844529368
Milk_Lactose_1224_KS,CNN_reg,RNV_haar,0.03930238538663269
Milk_Lactose_1224_KS,LGBM_reg,RNV_haar,0.0223767737353964
Milk_Lactose_1224_KS,Ridge_reg,RNV_haar,0.004528385988047584
Milk_Lactose_1224_KS,CNN_reg,RNV_savgol,0.10212741359269721
Milk_Lactose_1224_KS,LGBM_reg,RNV_savgol,0.10643847423450721
Milk_Lactose_1224_KS,Ridge_reg,RNV_savgol,0.0024247310548869
Milk_Lactose_1224_KS,CNN_reg,RNV_simplescale,0.09006440380338421
Milk_Lactose_1224_KS,LGBM_reg,RNV_simplescale,0.09832322725189749
Milk_Lactose_1224_KS,Ridge_reg,RNV_simplescale,0.0211960672158611
Milk_Lactose_1224_KS,CNN_reg,SNV,0.09662151293251789
Milk_Lactose_1224_KS,LGBM_reg,SNV,0.09916092920350558
Milk_Lactose_1224_KS,Ridge_reg,SNV,0.0021360939357211034
Milk_Lactose_1224_KS,CNN_reg,SNV_gaussian,0.09829765443376129
Milk_Lactose_1224_KS,LGBM_reg,SNV_gaussian,0.06163975967590449
Milk_Lactose_1224_KS,Ridge_reg,SNV_gaussian,0.06227908193794798
Milk_Lactose_1224_KS,CNN_reg,SNV_haar,0.04005085243404899
Milk_Lactose_1224_KS,LGBM_reg,SNV_haar,0.018419079844912506
Milk_Lactose_1224_KS,Ridge_reg,SNV_haar,0.002773428921047094
Milk_Lactose_1224_KS,CNN_reg,baseline,0.07683593352115789
Milk_Lactose_1224_KS,LGBM_reg,baseline,0.0993951921842475
Milk_Lactose_1224_KS,Ridge_reg,baseline,0.004974847110026201
Milk_Lactose_1224_KS,CNN_reg,baseline_MSC,0.09685527298299261
Milk_Lactose_1224_KS,LGBM_reg,baseline_MSC,0.1004348327101559
Milk_Lactose_1224_KS,Ridge_reg,baseline_MSC,0.0138387923890501
Milk_Lactose_1224_KS,CNN_reg,baseline_RNV,0.0944918551086476
Milk_Lactose_1224_KS,LGBM_reg,baseline_RNV,0.0992988055885281
Milk_Lactose_1224_KS,Ridge_reg,baseline_RNV,0.0044193508265123055
Milk_Lactose_1224_KS,CNN_reg,baseline_SNV,0.09806936580291051
Milk_Lactose_1224_KS,LGBM_reg,baseline_SNV,0.100269065636658
Milk_Lactose_1224_KS,Ridge_reg,baseline_SNV,0.002136093926740301
Milk_Lactose_1224_KS,CNN_reg,baseline_derivate,0.0037392679241461946
Milk_Lactose_1224_KS,LGBM_reg,baseline_derivate,0.01821595720283109
Milk_Lactose_1224_KS,PLS_reg,baseline_derivate,0.017517680246397604
Milk_Lactose_1224_KS,CNN_reg,baseline_detrend,0.0886974094039467
Milk_Lactose_1224_KS,LGBM_reg,baseline_detrend,0.1011558229251414
Milk_Lactose_1224_KS,Ridge_reg,baseline_detrend,0.002392857637439197
Milk_Lactose_1224_KS,CNN_reg,baseline_gaussian,0.0408332432983184
Milk_Lactose_1224_KS,LGBM_reg,baseline_gaussian,0.082751240475866
Milk_Lactose_1224_KS,Ridge_reg,baseline_gaussian,0.0739008801211923
Milk_Lactose_1224_KS,CNN_reg,baseline_haar,0.013185583169875517
Milk_Lactose_1224_KS,LGBM_reg,baseline_haar,0.02940103754767591
Milk_Lactose_1224_KS,Ridge_reg,baseline_haar,0.008789968593913497
Milk_Lactose_1224_KS,CNN_reg,baseline_normalize,0.0975567803486401
Milk_Lactose_1224_KS,LGBM_reg,baseline_normalize,0.10073636534662722
Milk_Lactose_1224_KS,Ridge_reg,baseline_normalize,0.0581360844038225
Milk_Lactose_1224_KS,CNN_reg,baseline_savgol,0.0787411248810071
Milk_Lactose_1224_KS,LGBM_reg,baseline_savgol,0.1071228488256529
Milk_Lactose_1224_KS,Ridge_reg,baseline_savgol,0.004901136178032707
Milk_Lactose_1224_KS,CNN_reg,baseline_simplescale,0.09380462554128119
Milk_Lactose_1224_KS,LGBM_reg,baseline_simplescale,0.1016165292129359
Milk_Lactose_1224_KS,Ridge_reg,baseline_simplescale,0.024068664689614196
Milk_Lactose_1224_KS,CNN_reg,derivate,0.003457481444626098
Milk_Lactose_1224_KS,LGBM_reg,derivate,0.019836683447604114
Milk_Lactose_1224_KS,PLS_reg,derivate,0.017517680246397493
Milk_Lactose_1224_KS,CNN_reg,derivate_MSC,0.0018266325817384022
Milk_Lactose_1224_KS,LGBM_reg,derivate_MSC,0.01890161270766591
Milk_Lactose_1224_KS,PLS_reg,derivate_MSC,0.01753414162133371
Milk_Lactose_1224_KS,CNN_reg,derivate_RNV,0.0014028508213721202
Milk_Lactose_1224_KS,LGBM_reg,derivate_RNV,0.018967952032647617
Milk_Lactose_1224_KS,PLS_reg,derivate_RNV,0.017560981192333514
Milk_Lactose_1224_KS,CNN_reg,derivate_SNV,0.0009810394562838054
Milk_Lactose_1224_KS,LGBM_reg,derivate_SNV,0.017339043263977005
Milk_Lactose_1224_KS,PLS_reg,derivate_SNV,0.017686136565064098
Milk_Lactose_1224_KS,CNN_reg,derivate_detrend,0.0011246681193891883
Milk_Lactose_1224_KS,LGBM_reg,derivate_detrend,0.0182754823280164
Milk_Lactose_1224_KS,PLS_reg,derivate_detrend,0.023666531681374198
Milk_Lactose_1224_KS,CNN_reg,derivate_gaussian,0.00017757555034800254
Milk_Lactose_1224_KS,LGBM_reg,derivate_gaussian,0.009219396548516612
Milk_Lactose_1224_KS,PLS_reg,derivate_gaussian,0.024700773737684117
Milk_Lactose_1224_KS,CNN_reg,derivate_haar,2.1707024577405365e-05
Milk_Lactose_1224_KS,LGBM_reg,derivate_haar,0.012742479282788821
Milk_Lactose_1224_KS,PLS_reg,derivate_haar,0.014429321486926716
Milk_Lactose_1224_KS,CNN_reg,derivate_normalize,0.00017445369632490548
Milk_Lactose_1224_KS,LGBM_reg,derivate_normalize,0.0185495045763788
Milk_Lactose_1224_KS,PLS_reg,derivate_normalize,0.01755833522041192
Milk_Lactose_1224_KS,CNN_reg,derivate_savgol,0.003613392371517199
Milk_Lactose_1224_KS,LGBM_reg,derivate_savgol,0.02167689325661551
Milk_Lactose_1224_KS,PLS_reg,derivate_savgol,0.01137461393799602
Milk_Lactose_1224_KS,CNN_reg,derivate_simplescale,0.000760369389091492
Milk_Lactose_1224_KS,LGBM_reg,derivate_simplescale,0.019376624987424984
Milk_Lactose_1224_KS,PLS_reg,derivate_simplescale,0.0177054784643694
Milk_Lactose_1224_KS,CNN_reg,detrend,0.09649209669934888
Milk_Lactose_1224_KS,LGBM_reg,detrend,0.10272303972437638
Milk_Lactose_1224_KS,Ridge_reg,detrend,0.002392857637489698
Milk_Lactose_1224_KS,CNN_reg,detrend_MSC,0.1058220796789722
Milk_Lactose_1224_KS,LGBM_reg,detrend_MSC,0.10346370922148498
Milk_Lactose_1224_KS,Ridge_reg,detrend_MSC,0.10538554639252429
Milk_Lactose_1224_KS,CNN_reg,detrend_RNV,0.08354632056850181
Milk_Lactose_1224_KS,LGBM_reg,detrend_RNV,0.10762247899818389
Milk_Lactose_1224_KS,PLS_reg,detrend_RNV,0.004593403266352804
Milk_Lactose_1224_KS,CNN_reg,detrend_SNV,0.09127151709358079
Milk_Lactose_1224_KS,LGBM_reg,detrend_SNV,0.10736723137746639
Milk_Lactose_1224_KS,PLS_reg,detrend_SNV,0.0018182171784305937
Milk_Lactose_1224_KS,CNN_reg,detrend_gaussian,0.0882277267158902
Milk_Lactose_1224_KS,LGBM_reg,detrend_gaussian,0.078879904958971
Milk_Lactose_1224_KS,Ridge_reg,detrend_gaussian,0.07317593104493052
Milk_Lactose_1224_KS,CNN_reg,detrend_haar,0.03090732284473069
Milk_Lactose_1224_KS,LGBM_reg,detrend_haar,0.0375656543178062
Milk_Lactose_1224_KS,Ridge_reg,detrend_haar,0.009062221874878706
Milk_Lactose_1224_KS,CNN_reg,detrend_normalize,0.09733185840665931
Milk_Lactose_1224_KS,LGBM_reg,detrend_normalize,0.1018473579498356
Milk_Lactose_1224_KS,Ridge_reg,detrend_normalize,0.0757602951535267
Milk_Lactose_1224_KS,CNN_reg,detrend_savgol,0.0986277523380519
Milk_Lactose_1224_KS,LGBM_reg,detrend_savgol,0.108974641598227
Milk_Lactose_1224_KS,Ridge_reg,detrend_savgol,0.009211335266038498
Milk_Lactose_1224_KS,CNN_reg,detrend_simplescale,0.09720567821085732
Milk_Lactose_1224_KS,LGBM_reg,detrend_simplescale,0.1037101162848289
Milk_Lactose_1224_KS,PLS_reg,detrend_simplescale,0.0021489812771742015
Milk_Lactose_1224_KS,CNN_reg,gaussian,0.0810333498475444
Milk_Lactose_1224_KS,LGBM_reg,gaussian,0.0811097933890646
Milk_Lactose_1224_KS,Ridge_reg,gaussian,0.07390088012115362
Milk_Lactose_1224_KS,CNN_reg,haar,0.031519197227601686
Milk_Lactose_1224_KS,LGBM_reg,haar,0.03278194502009549
Milk_Lactose_1224_KS,Ridge_reg,haar,0.008789968593910402
Milk_Lactose_1224_KS,CNN_reg,haar_gaussian,0.021888795034206196
Milk_Lactose_1224_KS,LGBM_reg,haar_gaussian,0.025906535250391508
Milk_Lactose_1224_KS,Ridge_reg,haar_gaussian,0.030999832069435615
Milk_Lactose_1224_KS,CNN_reg,id,0.0985933054208492
Milk_Lactose_1224_KS,LGBM_reg,id,0.10229099810342339
Milk_Lactose_1224_KS,Ridge_reg,id,0.005336312992661699
Milk_Lactose_1224_KS,CNN_reg,normalize,0.0968712668492756
Milk_Lactose_1224_KS,LGBM_reg,normalize,0.1012605702390528
Milk_Lactose_1224_KS,Ridge_reg,normalize,0.0809471770711136
Milk_Lactose_1224_KS,CNN_reg,normalize_RNV,0.09114161359959239
Milk_Lactose_1224_KS,LGBM_reg,normalize_RNV,0.0961793704384267
Milk_Lactose_1224_KS,Ridge_reg,normalize_RNV,3.887737707090194e-05
Milk_Lactose_1224_KS,CNN_reg,normalize_SNV,0.0935585599504562
Milk_Lactose_1224_KS,LGBM_reg,normalize_SNV,0.0963444915554999
Milk_Lactose_1224_KS,PLS_reg,normalize_SNV,0.000902871502198796
Milk_Lactose_1224_KS,CNN_reg,normalize_gaussian,0.09146199651226448
Milk_Lactose_1224_KS,LGBM_reg,normalize_gaussian,0.0698046761580526
Milk_Lactose_1224_KS,Ridge_reg,normalize_gaussian,0.08929533651738929
Milk_Lactose_1224_KS,CNN_reg,normalize_haar,0.034604922361289314
Milk_Lactose_1224_KS,LGBM_reg,normalize_haar,0.02562446353420561
Milk_Lactose_1224_KS,Ridge_reg,normalize_haar,0.0348718138238861
Milk_Lactose_1224_KS,CNN_reg,normalize_savgol,0.08947756852058031
Milk_Lactose_1224_KS,LGBM_reg,normalize_savgol,0.1082406977253427
Milk_Lactose_1224_KS,Ridge_reg,normalize_savgol,0.0795379340849024
Milk_Lactose_1224_KS,CNN_reg,normalize_simplescale,0.0892523833218368
Milk_Lactose_1224_KS,LGBM_reg,normalize_simplescale,0.095163197344
Milk_Lactose_1224_KS,Ridge_reg,normalize_simplescale,0.019688191227967194
Milk_Lactose_1224_KS,CNN_reg,savgol,0.09628300452550662
Milk_Lactose_1224_KS,LGBM_reg,savgol,0.1081039042148294
Milk_Lactose_1224_KS,Ridge_reg,savgol,0.004901136158605608
Milk_Lactose_1224_KS,CNN_reg,savgol_SNV,0.09455491452115661
Milk_Lactose_1224_KS,LGBM_reg,savgol_SNV,0.1068195828504595
Milk_Lactose_1224_KS,Ridge_reg,savgol_SNV,0.0007644977690982047
Milk_Lactose_1224_KS,CNN_reg,savgol_gaussian,0.0943033119783616
Milk_Lactose_1224_KS,LGBM_reg,savgol_gaussian,0.08163853307276141
Milk_Lactose_1224_KS,Ridge_reg,savgol_gaussian,0.0814866028114004
Milk_Lactose_1224_KS,CNN_reg,savgol_haar,0.09093416902307419
Milk_Lactose_1224_KS,LGBM_reg,savgol_haar,0.08730066281087748
Milk_Lactose_1224_KS,Ridge_reg,savgol_haar,0.0608077278212289
Milk_Lactose_1224_KS,CNN_reg,savgol_simplescale,0.09429885215320791
Milk_Lactose_1224_KS,LGBM_reg,savgol_simplescale,0.1053463391372457
Milk_Lactose_1224_KS,Ridge_reg,savgol_simplescale,0.0214962567366771
Milk_Lactose_1224_KS,CNN_reg,simplescale,0.0929427730994947
Milk_Lactose_1224_KS,LGBM_reg,simplescale,0.1029746009155875
Milk_Lactose_1224_KS,Ridge_reg,simplescale,0.024430130568502503
Milk_Lactose_1224_KS,CNN_reg,simplescale_SNV,0.0934011256044249
Milk_Lactose_1224_KS,LGBM_reg,simplescale_SNV,0.097258122509397
Milk_Lactose_1224_KS,PLS_reg,simplescale_SNV,0.0007365035267856007
Milk_Lactose_1224_KS,CNN_reg,simplescale_gaussian,0.09459859863309719
Milk_Lactose_1224_KS,LGBM_reg,simplescale_gaussian,0.06635674747704709
Milk_Lactose_1224_KS,Ridge_reg,simplescale_gaussian,0.09227963224882649
Milk_Lactose_1224_KS,CNN_reg,simplescale_haar,0.03893942916894759
Milk_Lactose_1224_KS,LGBM_reg,simplescale_haar,0.025502470804339886
Milk_Lactose_1224_KS,Ridge_reg,simplescale_haar,0.024926709508293107
Milk_Protein_1224_KS,CNN_reg,MSC,0.12929022901674
Milk_Protein_1224_KS,LGBM_reg,MSC,0.1300335930681922
Milk_Protein_1224_KS,Ridge_reg,MSC,0.011494617122870802
Milk_Protein_1224_KS,CNN_reg,MSC_RNV,0.1228959494134135
Milk_Protein_1224_KS,LGBM_reg,MSC_RNV,0.1298439652186939
Milk_Protein_1224_KS,Ridge_reg,MSC_RNV,0.0016413199881415014
Milk_Protein_1224_KS,CNN_reg,MSC_SNV,0.12122665644266961
Milk_Protein_1224_KS,LGBM_reg,MSC_SNV,0.1297496780178572
Milk_Protein_1224_KS,Ridge_reg,MSC_SNV,0.0008695230885449948
Milk_Protein_1224_KS,CNN_reg,MSC_gaussian,0.1617848916548456
Milk_Protein_1224_KS,LGBM_reg,MSC_gaussian,0.06408277031710699
Milk_Protein_1224_KS,Ridge_reg,MSC_gaussian,0.10683717671265461
Milk_Protein_1224_KS,CNN_reg,MSC_haar,0.09045314947122199
Milk_Protein_1224_KS,LGBM_reg,MSC_haar,0.02801904253379839
Milk_Protein_1224_KS,Ridge_reg,MSC_haar,0.026086714898130997
Milk_Protein_1224_KS,CNN_reg,MSC_normalize,0.11978031177906079
Milk_Protein_1224_KS,LGBM_reg,MSC_normalize,0.1275067313648402
Milk_Protein_1224_KS,Ridge_reg,MSC_normalize,0.0785168525386246
Milk_Protein_1224_KS,CNN_reg,MSC_savgol,0.0912363266260162
Milk_Protein_1224_KS,LGBM_reg,MSC_savgol,0.12777848365978872
Milk_Protein_1224_KS,Ridge_reg,MSC_savgol,0.010985476394871505
Milk_Protein_1224_KS,CNN_reg,MSC_simplescale,0.10755630929814959
Milk_Protein_1224_KS,LGBM_reg,MSC_simplescale,0.1272792933160216
Milk_Protein_1224_KS,Ridge_reg,MSC_simplescale,0.020293598615536805
Milk_Protein_1224_KS,CNN_reg,RNV,0.1236462465973496
Milk_Protein_1224_KS,LGBM_reg,RNV,0.13093185625945128
Milk_Protein_1224_KS,Ridge_reg,RNV,0.002948581639059998
Milk_Protein_1224_KS,CNN_reg,RNV_SNV,0.1163356796289883
Milk_Protein_1224_KS,LGBM_reg,RNV_SNV,0.1295109291386625
Milk_Protein_1224_KS,Ridge_reg,RNV_SNV,0.0003794198476253993
Milk_Protein_1224_KS,CNN_reg,RNV_gaussian,0.1363771734739957
Milk_Protein_1224_KS,LGBM_reg,RNV_gaussian,0.0740120742567584
Milk_Protein_1224_KS,Ridge_reg,RNV_gaussian,0.07435038669276581
Milk_Protein_1224_KS,CNN_reg,RNV_haar,0.1085088034701297
Milk_Protein_1224_KS,LGBM_reg,RNV_haar,0.06919048564887939
Milk_Protein_1224_KS,Ridge_reg,RNV_haar,0.006897551400598695
Milk_Protein_1224_KS,CNN_reg,RNV_savgol,0.0714299150748153
Milk_Protein_1224_KS,LGBM_reg,RNV_savgol,0.1328776592475237
Milk_Protein_1224_KS,Ridge_reg,RNV_savgol,0.0037152373793288007
Milk_Protein_1224_KS,CNN_reg,RNV_simplescale,0.1166733956931557
Milk_Protein_1224_KS,LGBM_reg,RNV_simplescale,0.12721769161857233
Milk_Protein_1224_KS,Ridge_reg,RNV_simplescale,0.020892448873671303
Milk_Protein_1224_KS,CNN_reg,SNV,0.11482086655178439
Milk_Protein_1224_KS,LGBM_reg,SNV,0.13001220924746498
Milk_Protein_1224_KS,Ridge_reg,SNV,0.0011684555662914015
Milk_Protein_1224_KS,CNN_reg,SNV_gaussian,0.09410826070507451
Milk_Protein_1224_KS,LGBM_reg,SNV_gaussian,0.0651853602557844
Milk_Protein_1224_KS,Ridge_reg,SNV_gaussian,0.0600331721508969
Milk_Protein_1224_KS,CNN_reg,SNV_haar,0.11236159712148171
Milk_Protein_1224_KS,LGBM_reg,SNV_haar,0.053096473922342416
Milk_Protein_1224_KS,Ridge_reg,SNV_haar,0.0022544736263633014
Milk_Protein_1224_KS,CNN_reg,baseline,0.03468767971603339
Milk_Protein_1224_KS,LGBM_reg,baseline,0.1318716947988731
Milk_Protein_1224_KS,Ridge_reg,baseline,0.0035034280636128956
Milk_Protein_1224_KS,CNN_reg,baseline_MSC,0.119720359618875
Milk_Protein_1224_KS,LGBM_reg,baseline_MSC,0.129953509550565
Milk_Protein_1224_KS,Ridge_reg,baseline_MSC,0.0115686353476869
Milk_Protein_1224_KS,CNN_reg,baseline_RNV,0.12258822582947479
Milk_Protein_1224_KS,LGBM_reg,baseline_RNV,0.1317791796324183
Milk_Protein_1224_KS,Ridge_reg,baseline_RNV,0.0030292059693025966
Milk_Protein_1224_KS,CNN_reg,baseline_SNV,0.1199356165236687
Milk_Protein_1224_KS,LGBM_reg,baseline_SNV,0.13003016753839453
Milk_Protein_1224_KS,Ridge_reg,baseline_SNV,0.0011684556083949998
Milk_Protein_1224_KS,CNN_reg,baseline_derivate,6.541723228520313e-05
Milk_Protein_1224_KS,LGBM_reg,baseline_derivate,0.026226169869554505
Milk_Protein_1224_KS,PLS_reg,baseline_derivate,0.03002621204805181
Milk_Protein_1224_KS,CNN_reg,baseline_detrend,0.028631160805236602
Milk_Protein_1224_KS,LGBM_reg,baseline_detrend,0.1239173182869317
Milk_Protein_1224_KS,Ridge_reg,baseline_detrend,0.0014773699116093983
Milk_Protein_1224_KS,CNN_reg,baseline_gaussian,0.014369075469664302
Milk_Protein_1224_KS,LGBM_reg,baseline_gaussian,0.0673125256025874
Milk_Protein_1224_KS,Ridge_reg,baseline_gaussian,0.0879529242245728
Milk_Protein_1224_KS,CNN_reg,baseline_haar,0.0033399786661009873
Milk_Protein_1224_KS,LGBM_reg,baseline_haar,0.0642072565773328
Milk_Protein_1224_KS,Ridge_reg,baseline_haar,0.011128832129599489
Milk_Protein_1224_KS,CNN_reg,baseline_normalize,0.1270334712372076
Milk_Protein_1224_KS,LGBM_reg,baseline_normalize,0.1300122092474644
Milk_Protein_1224_KS,Ridge_reg,baseline_normalize,0.081058731668878
Milk_Protein_1224_KS,CNN_reg,baseline_savgol,0.048322960369543005
Milk_Protein_1224_KS,LGBM_reg,baseline_savgol,0.1337511460121144
Milk_Protein_1224_KS,Ridge_reg,baseline_savgol,0.004574406343669804
Milk_Protein_1224_KS,CNN_reg,baseline_simplescale,0.1219525244986666
Milk_Protein_1224_KS,LGBM_reg,baseline_simplescale,0.12735168601927288
Milk_Protein_1224_KS,Ridge_reg,baseline_simplescale,0.0216814845980969
Milk_Protein_1224_KS,CNN_reg,derivate,0.0005179946324838924
Milk_Protein_1224_KS,LGBM_reg,derivate,0.028060153244982483
Milk_Protein_1224_KS,PLS_reg,derivate,0.03005572033764889
Milk_Protein_1224_KS,CNN_reg,derivate_MSC,9.808303215760872e-05
Milk_Protein_1224_KS,LGBM_reg,derivate_MSC,0.025153825743936403
Milk_Protein_1224_KS,PLS_reg,derivate_MSC,0.0299508684311377
Milk_Protein_1224_KS,CNN_reg,derivate_RNV,5.291282923369778e-05
Milk_Protein_1224_KS,LGBM_reg,derivate_RNV,0.027803736674374524
Milk_Protein_1224_KS,PLS_reg,derivate_RNV,0.0298854284764474
Milk_Protein_1224_KS,LGBM_reg,derivate_SNV,0.025285478369358294
Milk_Protein_1224_KS,PLS_reg,derivate_SNV,0.024812359740389894
Milk_Protein_1224_KS,Ridge_reg,derivate_SNV,0.0007271363874303827
Milk_Protein_1224_KS,LGBM_reg,derivate_detrend,0.03648551462226232
Milk_Protein_1224_KS,PLS_reg,derivate_detrend,0.045144358935410106
Milk_Protein_1224_KS,Ridge_reg,derivate_detrend,0.00015383573513841342
Milk_Protein_1224_KS,CNN_reg,derivate_gaussian,0.00029137258132608257
Milk_Protein_1224_KS,LGBM_reg,derivate_gaussian,0.01820744531764129
Milk_Protein_1224_KS,PLS_reg,derivate_gaussian,0.042319089871958704
Milk_Protein_1224_KS,CNN_reg,derivate_haar,0.0008828410231001005
Milk_Protein_1224_KS,LGBM_reg,derivate_haar,0.019184876307049986
Milk_Protein_1224_KS,PLS_reg,derivate_haar,0.016958345493877702
Milk_Protein_1224_KS,CNN_reg,derivate_normalize,0.0003012105633579121
Milk_Protein_1224_KS,LGBM_reg,derivate_normalize,0.02689479972537659
Milk_Protein_1224_KS,PLS_reg,derivate_normalize,0.030029513298154398
Milk_Protein_1224_KS,LGBM_reg,derivate_savgol,0.021991652621701885
Milk_Protein_1224_KS,PLS_reg,derivate_savgol,0.025214613750066894
Milk_Protein_1224_KS,Ridge_reg,derivate_savgol,3.052821117438542e-05
Milk_Protein_1224_KS,CNN_reg,derivate_simplescale,0.0006077332413030045
Milk_Protein_1224_KS,LGBM_reg,derivate_simplescale,0.02936435924701672
Milk_Protein_1224_KS,PLS_reg,derivate_simplescale,0.027487330173253693
Milk_Protein_1224_KS,CNN_reg,detrend,0.030554795012556993
Milk_Protein_1224_KS,LGBM_reg,detrend,0.1256343871809317
Milk_Protein_1224_KS,Ridge_reg,detrend,0.0014537007931213
Milk_Protein_1224_KS,CNN_reg,detrend_MSC,0.1648578145358187
Milk_Protein_1224_KS,LGBM_reg,detrend_MSC,0.11979580758118119
Milk_Protein_1224_KS,Ridge_reg,detrend_MSC,0.1633226384624171
Milk_Protein_1224_KS,CNN_reg,detrend_RNV,0.031786942477997196
Milk_Protein_1224_KS,LGBM_reg,detrend_RNV,0.124599509785441
Milk_Protein_1224_KS,PLS_reg,detrend_RNV,0.0019380468144669996
Milk_Protein_1224_KS,CNN_reg,detrend_SNV,0.0255021931789442
Milk_Protein_1224_KS,LGBM_reg,detrend_SNV,0.1256406029809507
Milk_Protein_1224_KS,PLS_reg,detrend_SNV,0.0013387180326688009
Milk_Protein_1224_KS,CNN_reg,detrend_gaussian,0.07829873376187069
Milk_Protein_1224_KS,LGBM_reg,detrend_gaussian,0.0673161456207026
Milk_Protein_1224_KS,Ridge_reg,detrend_gaussian,0.0866637421955935
Milk_Protein_1224_KS,CNN_reg,detrend_haar,0.0932444745811485
Milk_Protein_1224_KS,LGBM_reg,detrend_haar,0.0713998399471429
Milk_Protein_1224_KS,Ridge_reg,detrend_haar,0.011071808671466898
Milk_Protein_1224_KS,CNN_reg,detrend_normalize,0.142949766898285
Milk_Protein_1224_KS,LGBM_reg,detrend_normalize,0.12175730291701992
Milk_Protein_1224_KS,Ridge_reg,detrend_normalize,0.06882754096206409
Milk_Protein_1224_KS,CNN_reg,detrend_savgol,0.1270921145210439
Milk_Protein_1224_KS,LGBM_reg,detrend_savgol,0.1246799062925675
Milk_Protein_1224_KS,Ridge_reg,detrend_savgol,0.005315023811066799
Milk_Protein_1224_KS,CNN_reg,detrend_simplescale,0.037631399631550495
Milk_Protein_1224_KS,LGBM_reg,detrend_simplescale,0.1240799463268582
Milk_Protein_1224_KS,PLS_reg,detrend_simplescale,0.0009171777518695995
Milk_Protein_1224_KS,CNN_reg,gaussian,0.054550888907072104
Milk_Protein_1224_KS,LGBM_reg,gaussian,0.0711001650087836
Milk_Protein_1224_KS,Ridge_reg,gaussian,0.0879529242245696
Milk_Protein_1224_KS,CNN_reg,haar,0.07966156768794441
Milk_Protein_1224_KS,LGBM_reg,haar,0.061932488485156395
Milk_Protein_1224_KS,Ridge_reg,haar,0.011128832129598601
Milk_Protein_1224_KS,CNN_reg,haar_gaussian,0.06262554038181131
Milk_Protein_1224_KS,LGBM_reg,haar_gaussian,0.0681051223721971
Milk_Protein_1224_KS,Ridge_reg,haar_gaussian,0.0729729958407139
Milk_Protein_1224_KS,CNN_reg,id,0.0676200108797903
Milk_Protein_1224_KS,LGBM_reg,id,0.128754199905712
Milk_Protein_1224_KS,Ridge_reg,id,0.003588421947743503
Milk_Protein_1224_KS,CNN_reg,normalize,0.1274790551988916
Milk_Protein_1224_KS,LGBM_reg,normalize,0.13142060194381608
Milk_Protein_1224_KS,Ridge_reg,normalize,0.1114959229323762
Milk_Protein_1224_KS,CNN_reg,normalize_RNV,0.11260012315841049
Milk_Protein_1224_KS,LGBM_reg,normalize_RNV,0.1306245264313498
Milk_Protein_1224_KS,Ridge_reg,normalize_RNV,0.001641319985710099
Milk_Protein_1224_KS,CNN_reg,normalize_SNV,0.10532678715270531
Milk_Protein_1224_KS,LGBM_reg,normalize_SNV,0.12892058257057198
Milk_Protein_1224_KS,PLS_reg,normalize_SNV,1.1881495595895963e-05
Milk_Protein_1224_KS,CNN_reg,normalize_gaussian,0.1492671384293048
Milk_Protein_1224_KS,LGBM_reg,normalize_gaussian,0.0798227881408694
Milk_Protein_1224_KS,Ridge_reg,normalize_gaussian,0.146075708162029
Milk_Protein_1224_KS,CNN_reg,normalize_haar,0.0997677671956216
Milk_Protein_1224_KS,LGBM_reg,normalize_haar,0.0822514733970942
Milk_Protein_1224_KS,Ridge_reg,normalize_haar,0.10118755477296269
Milk_Protein_1224_KS,CNN_reg,normalize_savgol,0.1235208116538328
Milk_Protein_1224_KS,LGBM_reg,normalize_savgol,0.1260399842389342
Milk_Protein_1224_KS,Ridge_reg,normalize_savgol,0.11017473395622471
Milk_Protein_1224_KS,CNN_reg,normalize_simplescale,0.11165151498383089
Milk_Protein_1224_KS,LGBM_reg,normalize_simplescale,0.1265999176567769
Milk_Protein_1224_KS,Ridge_reg,normalize_simplescale,0.020293598616475998
Milk_Protein_1224_KS,CNN_reg,savgol,0.1311035823627009
Milk_Protein_1224_KS,LGBM_reg,savgol,0.135076201787029
Milk_Protein_1224_KS,Ridge_reg,savgol,0.004574406338690502
Milk_Protein_1224_KS,CNN_reg,savgol_SNV,0.0596759493767829
Milk_Protein_1224_KS,LGBM_reg,savgol_SNV,0.1337647611579024
Milk_Protein_1224_KS,Ridge_reg,savgol_SNV,0.0017063521477670013
Milk_Protein_1224_KS,CNN_reg,savgol_gaussian,0.058064174230989606
Milk_Protein_1224_KS,LGBM_reg,savgol_gaussian,0.0637019598930054
Milk_Protein_1224_KS,Ridge_reg,savgol_gaussian,0.09301473625970419
Milk_Protein_1224_KS,CNN_reg,savgol_haar,0.0569192662671064
Milk_Protein_1224_KS,LGBM_reg,savgol_haar,0.0908630220056135
Milk_Protein_1224_KS,Ridge_reg,savgol_haar,0.0374952380878046
Milk_Protein_1224_KS,CNN_reg,savgol_simplescale,0.08402951487286689
Milk_Protein_1224_KS,LGBM_reg,savgol_simplescale,0.1304078354615747
Milk_Protein_1224_KS,Ridge_reg,savgol_simplescale,0.0201951513759034
Milk_Protein_1224_KS,CNN_reg,simplescale,0.12394331328561871
Milk_Protein_1224_KS,LGBM_reg,simplescale,0.1275001513698638
Milk_Protein_1224_KS,Ridge_reg,simplescale,0.0216008602536265
Milk_Protein_1224_KS,CNN_reg,simplescale_SNV,0.1111709971169127
Milk_Protein_1224_KS,LGBM_reg,simplescale_SNV,0.1289433654886997
Milk_Protein_1224_KS,PLS_reg,simplescale_SNV,0.00022811947211969635
Milk_Protein_1224_KS,CNN_reg,simplescale_gaussian,0.13570544376996502
Milk_Protein_1224_KS,LGBM_reg,simplescale_gaussian,0.062212226263299406
Milk_Protein_1224_KS,Ridge_reg,simplescale_gaussian,0.1134361675652467
Milk_Protein_1224_KS,CNN_reg,simplescale_haar,0.10850366539091319
Milk_Protein_1224_KS,LGBM_reg,simplescale_haar,0.0629888852494371
Milk_Protein_1224_KS,Ridge_reg,simplescale_haar,0.0575284380053476
Milk_SCC_1224_KS,LGBM_reg,MSC,0.0014556042779736017
Milk_SCC_1224_KS,PLS_reg,MSC,0.0047822917069800935
Milk_SCC_1224_KS,Ridge_reg,MSC,0.00021789240566379153
Milk_SCC_1224_KS,CNN_reg,MSC_RNV,0.0029588303225142054
Milk_SCC_1224_KS,LGBM_reg,MSC_RNV,0.0020478822830993088
Milk_SCC_1224_KS,PLS_reg,MSC_RNV,0.0032799160761513985
Milk_SCC_1224_KS,CNN_reg,MSC_SNV,0.0018312767412222014
Milk_SCC_1224_KS,LGBM_reg,MSC_SNV,0.0010219694221981074
Milk_SCC_1224_KS,PLS_reg,MSC_SNV,0.003324500726615498
Milk_SCC_1224_KS,LGBM_reg,MSC_gaussian,0.0009298813661488964
Milk_SCC_1224_KS,PLS_reg,MSC_gaussian,0.00038272343806609876
Milk_SCC_1224_KS,Ridge_reg,MSC_gaussian,7.722636686489925e-05
Milk_SCC_1224_KS,CNN_reg,MSC_haar,0.005820823658356691
Milk_SCC_1224_KS,PLS_reg,MSC_haar,0.0030015317132785907
Milk_SCC_1224_KS,Ridge_reg,MSC_haar,0.0037910341407206005
Milk_SCC_1224_KS,CNN_reg,MSC_normalize,0.0018856774167246015
Milk_SCC_1224_KS,LGBM_reg,MSC_normalize,0.0006241992243630062
Milk_SCC_1224_KS,PLS_reg,MSC_normalize,0.003312514126435795
Milk_SCC_1224_KS,CNN_reg,MSC_savgol,0.004242215001343794
Milk_SCC_1224_KS,PLS_reg,MSC_savgol,0.0006060882050940991
Milk_SCC_1224_KS,Ridge_reg,MSC_savgol,0.002869655935501994
Milk_SCC_1224_KS,CNN_reg,MSC_simplescale,0.0022504162565651076
Milk_SCC_1224_KS,LGBM_reg,MSC_simplescale,0.0023343072494493022
Milk_SCC_1224_KS,PLS_reg,MSC_simplescale,0.0031370194147228997
Milk_SCC_1224_KS,CNN_reg,RNV,0.001757358097767503
Milk_SCC_1224_KS,LGBM_reg,RNV,0.0012833152725112984
Milk_SCC_1224_KS,PLS_reg,RNV,0.0032799160761514956
Milk_SCC_1224_KS,CNN_reg,RNV_SNV,0.00021539167386860902
Milk_SCC_1224_KS,LGBM_reg,RNV_SNV,0.0015645708230194039
Milk_SCC_1224_KS,PLS_reg,RNV_SNV,0.003324500726615401
Milk_SCC_1224_KS,CNN_reg,RNV_gaussian,0.00021802924065959794
Milk_SCC_1224_KS,LGBM_reg,RNV_gaussian,0.0025838869232265027
Milk_SCC_1224_KS,PLS_reg,RNV_gaussian,0.0029523315187151983
Milk_SCC_1224_KS,CNN_reg,RNV_haar,0.0036295005484877074
Milk_SCC_1224_KS,PLS_reg,RNV_haar,0.0016472590142016102
Milk_SCC_1224_KS,Ridge_reg,RNV_haar,0.0038121447084534105
Milk_SCC_1224_KS,CNN_reg,RNV_savgol,0.0014823910069133028
Milk_SCC_1224_KS,LGBM_reg,RNV_savgol,0.0012690265383639016
Milk_SCC_1224_KS,Ridge_reg,RNV_savgol,0.0022537877255146
Milk_SCC_1224_KS,CNN_reg,RNV_simplescale,0.0019512433745960955
Milk_SCC_1224_KS,LGBM_reg,RNV_simplescale,0.002772645770571805
Milk_SCC_1224_KS,PLS_reg,RNV_simplescale,0.003137019414723094
Milk_SCC_1224_KS,CNN_reg,SNV,0.001655202298216904
Milk_SCC_1224_KS,LGBM_reg,SNV,0.0016254555948615051
Milk_SCC_1224_KS,Ridge_reg,SNV,0.0004938045901173027
Milk_SCC_1224_KS,LGBM_reg,SNV_gaussian,0.0037481356098265084
Milk_SCC_1224_KS,PLS_reg,SNV_gaussian,0.0008887102630081994
Milk_SCC_1224_KS,Ridge_reg,SNV_gaussian,0.0005353626721276011
Milk_SCC_1224_KS,CNN_reg,SNV_haar,0.005691837215438908
Milk_SCC_1224_KS,PLS_reg,SNV_haar,0.0014036151873114966
Milk_SCC_1224_KS,Ridge_reg,SNV_haar,0.0041054353174082014
Milk_SCC_1224_KS,CNN_reg,baseline,0.001251683121545194
Milk_SCC_1224_KS,LGBM_reg,baseline,0.0008466378216210879
Milk_SCC_1224_KS,PLS_reg,baseline,0.00433506130507029
Milk_SCC_1224_KS,CNN_reg,baseline_MSC,0.003440644339227805
Milk_SCC_1224_KS,LGBM_reg,baseline_MSC,0.002199595155949599
Milk_SCC_1224_KS,Ridge_reg,baseline_MSC,0.00064914912306821
Milk_SCC_1224_KS,CNN_reg,baseline_RNV,0.00045381875633780655
Milk_SCC_1224_KS,LGBM_reg,baseline_RNV,0.0014639935833336004
Milk_SCC_1224_KS,PLS_reg,baseline_RNV,0.0009544112763031076
Milk_SCC_1224_KS,CNN_reg,baseline_SNV,0.0009455083726954
Milk_SCC_1224_KS,LGBM_reg,baseline_SNV,0.0018868607383602104
Milk_SCC_1224_KS,Ridge_reg,baseline_SNV,0.0006148253231215012
Milk_SCC_1224_KS,CNN_reg,baseline_derivate,0.0012472303131522006
Milk_SCC_1224_KS,LGBM_reg,baseline_derivate,0.00562963959112929
Milk_SCC_1224_KS,Ridge_reg,baseline_derivate,4.093097653400102e-05
Milk_SCC_1224_KS,CNN_reg,baseline_detrend,0.002201796897928196
Milk_SCC_1224_KS,LGBM_reg,baseline_detrend,0.003132198774376302
Milk_SCC_1224_KS,PLS_reg,baseline_detrend,0.0010516428243625975
Milk_SCC_1224_KS,CNN_reg,baseline_gaussian,0.0002837127587817928
Milk_SCC_1224_KS,LGBM_reg,baseline_gaussian,0.003938850135685096
Milk_SCC_1224_KS,Ridge_reg,baseline_gaussian,0.0005956701473268933
Milk_SCC_1224_KS,LGBM_reg,baseline_haar,0.0015662787465341027
Milk_SCC_1224_KS,PLS_reg,baseline_haar,0.0025929784383620924
Milk_SCC_1224_KS,Ridge_reg,baseline_haar,0.00044440793154440494
Milk_SCC_1224_KS,CNN_reg,baseline_normalize,0.004184407845672811
Milk_SCC_1224_KS,LGBM_reg,baseline_normalize,0.0019208111260616
Milk_SCC_1224_KS,Ridge_reg,baseline_normalize,0.0006268119233012043
Milk_SCC_1224_KS,CNN_reg,baseline_savgol,0.0010694011265185988
Milk_SCC_1224_KS,LGBM_reg,baseline_savgol,0.003217637949253699
Milk_SCC_1224_KS,PLS_reg,baseline_savgol,0.002614657285174904
Milk_SCC_1224_KS,CNN_reg,baseline_simplescale,0.0019356909931620009
Milk_SCC_1224_KS,LGBM_reg,baseline_simplescale,0.0026134045090609043
Milk_SCC_1224_KS,PLS_reg,baseline_simplescale,0.0008115146148748031
Milk_SCC_1224_KS,CNN_reg,derivate,0.0005843132358201997
Milk_SCC_1224_KS,LGBM_reg,derivate,0.0072757417824202975
Milk_SCC_1224_KS,PLS_reg,derivate,0.002963249848098093
Milk_SCC_1224_KS,CNN_reg,derivate_MSC,0.0013219828305379017
Milk_SCC_1224_KS,LGBM_reg,derivate_MSC,0.0073856961773730995
Milk_SCC_1224_KS,Ridge_reg,derivate_MSC,0.0003389150870748009
Milk_SCC_1224_KS,CNN_reg,derivate_RNV,0.0008683643388702061
Milk_SCC_1224_KS,LGBM_reg,derivate_RNV,0.007017219554834697
Milk_SCC_1224_KS,Ridge_reg,derivate_RNV,0.0005700762029043072
Milk_SCC_1224_KS,CNN_reg,derivate_SNV,0.0007151768525145014
Milk_SCC_1224_KS,LGBM_reg,derivate_SNV,0.005754131840659801
Milk_SCC_1224_KS,Ridge_reg,derivate_SNV,0.0004922699294574034
Milk_SCC_1224_KS,CNN_reg,derivate_detrend,0.0011479814553383982
Milk_SCC_1224_KS,LGBM_reg,derivate_detrend,0.00739930326886809
Milk_SCC_1224_KS,Ridge_reg,derivate_detrend,7.197881541499973e-05
Milk_SCC_1224_KS,CNN_reg,derivate_gaussian,0.0005012852613105884
Milk_SCC_1224_KS,LGBM_reg,derivate_gaussian,0.004055585997902192
Milk_SCC_1224_KS,PLS_reg,derivate_gaussian,0.00010113545403518664
Milk_SCC_1224_KS,CNN_reg,derivate_haar,0.00032786109245409867
Milk_SCC_1224_KS,LGBM_reg,derivate_haar,0.004791777382944895
Milk_SCC_1224_KS,PLS_reg,derivate_haar,0.00010870300419128787
Milk_SCC_1224_KS,CNN_reg,derivate_normalize,0.0022372616002642037
Milk_SCC_1224_KS,LGBM_reg,derivate_normalize,0.006622388128626797
Milk_SCC_1224_KS,Ridge_reg,derivate_normalize,0.0004991367464336066
Milk_SCC_1224_KS,CNN_reg,derivate_savgol,0.0004843584372691001
Milk_SCC_1224_KS,LGBM_reg,derivate_savgol,0.006468218311529397
Milk_SCC_1224_KS,PLS_reg,derivate_savgol,6.58452419816935e-05
Milk_SCC_1224_KS,CNN_reg,derivate_simplescale,0.001323356787484506
Milk_SCC_1224_KS,LGBM_reg,derivate_simplescale,0.007375166388347995
Milk_SCC_1224_KS,Ridge_reg,derivate_simplescale,0.0005795009601368972
Milk_SCC_1224_KS,CNN_reg,detrend,0.0008575214694695049
Milk_SCC_1224_KS,LGBM_reg,detrend,0.0024394786953634007
Milk_SCC_1224_KS,PLS_reg,detrend,0.006939153805183104
Milk_SCC_1224_KS,CNN_reg,detrend_MSC,0.0014304410782005894
Milk_SCC_1224_KS,PLS_reg,detrend_MSC,0.0013975704818696977
Milk_SCC_1224_KS,Ridge_reg,detrend_MSC,0.0010426276271740947
Milk_SCC_1224_KS,CNN_reg,detrend_RNV,0.000332500398711702
Milk_SCC_1224_KS,LGBM_reg,detrend_RNV,0.002787234349061307
Milk_SCC_1224_KS,PLS_reg,detrend_RNV,0.000702369349216303
Milk_SCC_1224_KS,LGBM_reg,detrend_SNV,0.0059297919126758
Milk_SCC_1224_KS,PLS_reg,detrend_SNV,0.0034961970923176877
Milk_SCC_1224_KS,Ridge_reg,detrend_SNV,0.00282408374821079
Milk_SCC_1224_KS,CNN_reg,detrend_gaussian,0.0008210356232848104
Milk_SCC_1224_KS,LGBM_reg,detrend_gaussian,0.003169540218703304
Milk_SCC_1224_KS,Ridge_reg,detrend_gaussian,0.0007000611833647002
Milk_SCC_1224_KS,CNN_reg,detrend_haar,0.0005800128078663064
Milk_SCC_1224_KS,PLS_reg,detrend_haar,0.0021400636278876006
Milk_SCC_1224_KS,Ridge_reg,detrend_haar,0.0007927657970280971
Milk_SCC_1224_KS,CNN_reg,detrend_normalize,0.0014049326288150948
Milk_SCC_1224_KS,LGBM_reg,detrend_normalize,0.001243019426077796
Milk_SCC_1224_KS,PLS_reg,detrend_normalize,0.0013402428688132906
Milk_SCC_1224_KS,CNN_reg,detrend_savgol,0.000947686325401001
Milk_SCC_1224_KS,LGBM_reg,detrend_savgol,0.0019429742796053112
Milk_SCC_1224_KS,PLS_reg,detrend_savgol,0.00040411438690880763
Milk_SCC_1224_KS,LGBM_reg,detrend_simplescale,0.006932389560353899
Milk_SCC_1224_KS,PLS_reg,detrend_simplescale,0.005490915610950289
Milk_SCC_1224_KS,Ridge_reg,detrend_simplescale,0.004808994837815994
Milk_SCC_1224_KS,LGBM_reg,gaussian,0.005273805084381911
Milk_SCC_1224_KS,PLS_reg,gaussian,0.0018045881730821
Milk_SCC_1224_KS,Ridge_reg,gaussian,0.00023876961143300124
Milk_SCC_1224_KS,LGBM_reg,haar,0.0014838734805725923
Milk_SCC_1224_KS,PLS_reg,haar,0.0021287822878206936
Milk_SCC_1224_KS,Ridge_reg,haar,0.0003688648536794986
Milk_SCC_1224_KS,CNN_reg,haar_gaussian,2.528397078589706e-05
Milk_SCC_1224_KS,LGBM_reg,haar_gaussian,0.0021635054108137958
Milk_SCC_1224_KS,Ridge_reg,haar_gaussian,0.00027507615181560086
Milk_SCC_1224_KS,CNN_reg,id,0.0009810516295719884
Milk_SCC_1224_KS,LGBM_reg,id,0.0031676839300136955
Milk_SCC_1224_KS,PLS_reg,id,0.004872128268810394
Milk_SCC_1224_KS,LGBM_reg,normalize,0.0020694435356373025
Milk_SCC_1224_KS,PLS_reg,normalize,0.002847356866402695
Milk_SCC_1224_KS,Ridge_reg,normalize,0.0001624361248800943
Milk_SCC_1224_KS,CNN_reg,normalize_RNV,0.0018649898873978055
Milk_SCC_1224_KS,LGBM_reg,normalize_RNV,0.0012813937891894972
Milk_SCC_1224_KS,PLS_reg,normalize_RNV,0.0032799160761513985
Milk_SCC_1224_KS,CNN_reg,normalize_SNV,0.0031096264988199063
Milk_SCC_1224_KS,LGBM_reg,normalize_SNV,0.0010219694221981074
Milk_SCC_1224_KS,PLS_reg,normalize_SNV,0.003324500726615498
Milk_SCC_1224_KS,CNN_reg,normalize_gaussian,0.0003289839238881931
Milk_SCC_1224_KS,LGBM_reg,normalize_gaussian,0.0016739391823304
Milk_SCC_1224_KS,PLS_reg,normalize_gaussian,5.252013929230026e-05
Milk_SCC_1224_KS,CNN_reg,normalize_haar,0.0011140937547201024
Milk_SCC_1224_KS,PLS_reg,normalize_haar,0.0014704392290984941
Milk_SCC_1224_KS,Ridge_reg,normalize_haar,0.0005369210628430043
Milk_SCC_1224_KS,CNN_reg,normalize_savgol,0.0009010331974792923
Milk_SCC_1224_KS,LGBM_reg,normalize_savgol,0.0005243259671584011
Milk_SCC_1224_KS,Ridge_reg,normalize_savgol,0.00016449016497599445
Milk_SCC_1224_KS,CNN_reg,normalize_simplescale,0.0023590102920974937
Milk_SCC_1224_KS,LGBM_reg,normalize_simplescale,0.002600944517864398
Milk_SCC_1224_KS,PLS_reg,normalize_simplescale,0.0031370194147227887
Milk_SCC_1224_KS,CNN_reg,savgol,0.0014735146283804956
Milk_SCC_1224_KS,LGBM_reg,savgol,0.004667950780734301
Milk_SCC_1224_KS,PLS_reg,savgol,0.0014410173926639042
Milk_SCC_1224_KS,CNN_reg,savgol_SNV,0.0013288590945289003
Milk_SCC_1224_KS,LGBM_reg,savgol_SNV,0.003601707469907206
Milk_SCC_1224_KS,Ridge_reg,savgol_SNV,0.0004009607166416962
Milk_SCC_1224_KS,CNN_reg,savgol_gaussian,0.0036068237093941913
Milk_SCC_1224_KS,PLS_reg,savgol_gaussian,0.005643588225246493
Milk_SCC_1224_KS,Ridge_reg,savgol_gaussian,0.0026329653833801897
Milk_SCC_1224_KS,CNN_reg,savgol_haar,0.0016292850264217895
Milk_SCC_1224_KS,PLS_reg,savgol_haar,0.0038456733516616937
Milk_SCC_1224_KS,Ridge_reg,savgol_haar,0.0011648138570791028
Milk_SCC_1224_KS,CNN_reg,savgol_simplescale,0.0032482382074058985
Milk_SCC_1224_KS,LGBM_reg,savgol_simplescale,0.0024679590771415905
Milk_SCC_1224_KS,PLS_reg,savgol_simplescale,0.0001643445488617029
Milk_SCC_1224_KS,CNN_reg,simplescale,0.003356221915708904
Milk_SCC_1224_KS,LGBM_reg,simplescale,0.0011977405156245041
Milk_SCC_1224_KS,PLS_reg,simplescale,0.003137019414722997
Milk_SCC_1224_KS,CNN_reg,simplescale_SNV,0.0002128274356091031
Milk_SCC_1224_KS,LGBM_reg,simplescale_SNV,0.0010219694221981074
Milk_SCC_1224_KS,PLS_reg,simplescale_SNV,0.003324500726615498
Milk_SCC_1224_KS,CNN_reg,simplescale_gaussian,0.0017062824647495062
Milk_SCC_1224_KS,PLS_reg,simplescale_gaussian,0.001205416390598707
Milk_SCC_1224_KS,Ridge_reg,simplescale_gaussian,0.00033137836084830286
Milk_SCC_1224_KS,CNN_reg,simplescale_haar,0.00015718312668479284
Milk_SCC_1224_KS,PLS_reg,simplescale_haar,0.0013991679830235026
Milk_SCC_1224_KS,Ridge_reg,simplescale_haar,0.000816037855715504
Milk_Urea_1224_KS,CNN_reg,MSC,0.012352863485219995
Milk_Urea_1224_KS,LGBM_reg,MSC,0.010243794438837883
Milk_Urea_1224_KS,PLS_reg,MSC,0.0068709953173241856
Milk_Urea_1224_KS,CNN_reg,MSC_RNV,0.014902248448867617
Milk_Urea_1224_KS,LGBM_reg,MSC_RNV,0.011376257911744098
Milk_Urea_1224_KS,PLS_reg,MSC_RNV,0.005830042216183107
Milk_Urea_1224_KS,CNN_reg,MSC_SNV,0.012013752222827412
Milk_Urea_1224_KS,LGBM_reg,MSC_SNV,0.011014867295176506
Milk_Urea_1224_KS,PLS_reg,MSC_SNV,0.007418578249676511
Milk_Urea_1224_KS,CNN_reg,MSC_gaussian,0.014206098001902312
Milk_Urea_1224_KS,PLS_reg,MSC_gaussian,0.00020741175702448933
Milk_Urea_1224_KS,Ridge_reg,MSC_gaussian,0.003191975170441702
Milk_Urea_1224_KS,CNN_reg,MSC_haar,0.023578609654107907
Milk_Urea_1224_KS,LGBM_reg,MSC_haar,0.008472990334931013
Milk_Urea_1224_KS,PLS_reg,MSC_haar,0.0014709429845231048
Milk_Urea_1224_KS,CNN_reg,MSC_normalize,0.0115047733111375
Milk_Urea_1224_KS,LGBM_reg,MSC_normalize,0.00505516138478701
Milk_Urea_1224_KS,Ridge_reg,MSC_normalize,0.008227643450205102
Milk_Urea_1224_KS,CNN_reg,MSC_savgol,0.0158618473127779
Milk_Urea_1224_KS,LGBM_reg,MSC_savgol,0.018451318539089906
Milk_Urea_1224_KS,Ridge_reg,MSC_savgol,0.0007199744466188929
Milk_Urea_1224_KS,CNN_reg,MSC_simplescale,0.003642816613058597
Milk_Urea_1224_KS,LGBM_reg,MSC_simplescale,0.0042724968288569976
Milk_Urea_1224_KS,Ridge_reg,MSC_simplescale,0.0069432545215425134
Milk_Urea_1224_KS,CNN_reg,RNV,0.01291994540469471
Milk_Urea_1224_KS,LGBM_reg,RNV,0.010774413209475003
Milk_Urea_1224_KS,PLS_reg,RNV,0.007016923640358719
Milk_Urea_1224_KS,CNN_reg,RNV_SNV,0.014259199927356109
Milk_Urea_1224_KS,LGBM_reg,RNV_SNV,0.011281896625980309
Milk_Urea_1224_KS,PLS_reg,RNV_SNV,0.005637792631537325
Milk_Urea_1224_KS,CNN_reg,RNV_gaussian,0.017235408190478918
Milk_Urea_1224_KS,LGBM_reg,RNV_gaussian,0.0037198509871154972
Milk_Urea_1224_KS,PLS_reg,RNV_gaussian,0.008087840788307904
Milk_Urea_1224_KS,CNN_reg,RNV_haar,0.027174157871748317
Milk_Urea_1224_KS,LGBM_reg,RNV_haar,0.007794292522356222
Milk_Urea_1224_KS,PLS_reg,RNV_haar,0.004062278358250904
Milk_Urea_1224_KS,CNN_reg,RNV_savgol,0.016868494114216703
Milk_Urea_1224_KS,LGBM_reg,RNV_savgol,0.02223591316487908
Milk_Urea_1224_KS,PLS_reg,RNV_savgol,0.0017962450968369847
Milk_Urea_1224_KS,CNN_reg,RNV_simplescale,0.012525929400212105
Milk_Urea_1224_KS,LGBM_reg,RNV_simplescale,0.004693747743121313
Milk_Urea_1224_KS,Ridge_reg,RNV_simplescale,0.007315031682180118
Milk_Urea_1224_KS,CNN_reg,SNV,0.0126330937081785
Milk_Urea_1224_KS,LGBM_reg,SNV,0.010766462191958787
Milk_Urea_1224_KS,PLS_reg,SNV,0.004520563397701599
Milk_Urea_1224_KS,CNN_reg,SNV_gaussian,0.020972484273424713
Milk_Urea_1224_KS,LGBM_reg,SNV_gaussian,0.004943355959006995
Milk_Urea_1224_KS,PLS_reg,SNV_gaussian,0.004749375135456396
Milk_Urea_1224_KS,CNN_reg,SNV_haar,0.023898663681634486
Milk_Urea_1224_KS,LGBM_reg,SNV_haar,0.008030619423072982
Milk_Urea_1224_KS,PLS_reg,SNV_haar,0.003956947928536181
Milk_Urea_1224_KS,CNN_reg,baseline,0.021511388947502402
Milk_Urea_1224_KS,LGBM_reg,baseline,0.018138316003003196
Milk_Urea_1224_KS,PLS_reg,baseline,0.012524124385514201
Milk_Urea_1224_KS,CNN_reg,baseline_MSC,0.018376068074998503
Milk_Urea_1224_KS,LGBM_reg,baseline_MSC,0.010270939956504715
Milk_Urea_1224_KS,PLS_reg,baseline_MSC,0.004198178749564019
Milk_Urea_1224_KS,CNN_reg,baseline_RNV,0.010889395013360809
Milk_Urea_1224_KS,LGBM_reg,baseline_RNV,0.0100528480868462
Milk_Urea_1224_KS,PLS_reg,baseline_RNV,0.004341035847270608
Milk_Urea_1224_KS,CNN_reg,baseline_SNV,0.013354296919466685
Milk_Urea_1224_KS,LGBM_reg,baseline_SNV,0.011138240385369785
Milk_Urea_1224_KS,PLS_reg,baseline_SNV,0.0045205634094555025
Milk_Urea_1224_KS,CNN_reg,baseline_derivate,0.0027422846286538904
Milk_Urea_1224_KS,LGBM_reg,baseline_derivate,0.01806307785035699
Milk_Urea_1224_KS,PLS_reg,baseline_derivate,0.011482184774196602
Milk_Urea_1224_KS,CNN_reg,baseline_detrend,0.011219490478139818
Milk_Urea_1224_KS,LGBM_reg,baseline_detrend,0.026540718324675902
Milk_Urea_1224_KS,PLS_reg,baseline_detrend,0.010424501389890303
Milk_Urea_1224_KS,CNN_reg,baseline_gaussian,2.5890909801928874e-06
Milk_Urea_1224_KS,LGBM_reg,baseline_gaussian,0.0050212883108202155
Milk_Urea_1224_KS,PLS_reg,baseline_gaussian,0.005840281069995595
Milk_Urea_1224_KS,CNN_reg,baseline_haar,0.00658444052877491
Milk_Urea_1224_KS,LGBM_reg,baseline_haar,0.009946379441193393
Milk_Urea_1224_KS,PLS_reg,baseline_haar,0.005514411898655508
Milk_Urea_1224_KS,CNN_reg,baseline_normalize,0.007489538772773807
Milk_Urea_1224_KS,LGBM_reg,baseline_normalize,0.0056159854662783115
Milk_Urea_1224_KS,Ridge_reg,baseline_normalize,0.009716649796256
Milk_Urea_1224_KS,CNN_reg,baseline_savgol,0.020709005384259488
Milk_Urea_1224_KS,LGBM_reg,baseline_savgol,0.026679351610393198
Milk_Urea_1224_KS,PLS_reg,baseline_savgol,0.008865683042788203
Milk_Urea_1224_KS,CNN_reg,baseline_simplescale,0.013029485562902593
Milk_Urea_1224_KS,LGBM_reg,baseline_simplescale,0.006189633258604388
Milk_Urea_1224_KS,Ridge_reg,baseline_simplescale,0.008432260867583391
Milk_Urea_1224_KS,CNN_reg,derivate,0.0012641547398167807
Milk_Urea_1224_KS,LGBM_reg,derivate,0.018122654119155784
Milk_Urea_1224_KS,PLS_reg,derivate,0.012604485372318508
Milk_Urea_1224_KS,CNN_reg,derivate_MSC,0.003725890765671286
Milk_Urea_1224_KS,LGBM_reg,derivate_MSC,0.014994878054702676
Milk_Urea_1224_KS,PLS_reg,derivate_MSC,0.011239863684526785
Milk_Urea_1224_KS,CNN_reg,derivate_RNV,0.0010587652952805948
Milk_Urea_1224_KS,LGBM_reg,derivate_RNV,0.0168457866906441
Milk_Urea_1224_KS,PLS_reg,derivate_RNV,0.01066796905147721
Milk_Urea_1224_KS,CNN_reg,derivate_SNV,0.008693877004232492
Milk_Urea_1224_KS,LGBM_reg,derivate_SNV,0.014702831588314785
Milk_Urea_1224_KS,PLS_reg,derivate_SNV,0.010577485422112481
Milk_Urea_1224_KS,CNN_reg,derivate_detrend,0.0014120639626652998
Milk_Urea_1224_KS,LGBM_reg,derivate_detrend,0.0028687329019216057
Milk_Urea_1224_KS,PLS_reg,derivate_detrend,0.0329439573069866
Milk_Urea_1224_KS,CNN_reg,derivate_gaussian,0.0011775589828947053
Milk_Urea_1224_KS,LGBM_reg,derivate_gaussian,0.012627847413656107
Milk_Urea_1224_KS,PLS_reg,derivate_gaussian,0.022337611659431683
Milk_Urea_1224_KS,CNN_reg,derivate_haar,0.0015728858815817204
Milk_Urea_1224_KS,LGBM_reg,derivate_haar,0.0037262740167390007
Milk_Urea_1224_KS,PLS_reg,derivate_haar,0.010110161470446716
Milk_Urea_1224_KS,CNN_reg,derivate_normalize,0.0012364658720561972
Milk_Urea_1224_KS,LGBM_reg,derivate_normalize,0.018521547463971194
Milk_Urea_1224_KS,PLS_reg,derivate_normalize,0.011243525996297188
Milk_Urea_1224_KS,CNN_reg,derivate_savgol,0.0030369981467809892
Milk_Urea_1224_KS,LGBM_reg,derivate_savgol,0.007415287148369004
Milk_Urea_1224_KS,PLS_reg,derivate_savgol,0.011205608759064206
Milk_Urea_1224_KS,CNN_reg,derivate_simplescale,0.0018917870336351006
Milk_Urea_1224_KS,LGBM_reg,derivate_simplescale,0.015484724217532386
Milk_Urea_1224_KS,PLS_reg,derivate_simplescale,0.010875083254819479
Milk_Urea_1224_KS,CNN_reg,detrend,0.02853713441404479
Milk_Urea_1224_KS,LGBM_reg,detrend,0.027666612002135216
Milk_Urea_1224_KS,PLS_reg,detrend,0.010915338518983297
Milk_Urea_1224_KS,CNN_reg,detrend_MSC,0.02244923778565991
Milk_Urea_1224_KS,LGBM_reg,detrend_MSC,0.018117142201528907
Milk_Urea_1224_KS,Ridge_reg,detrend_MSC,0.021186909777438617
Milk_Urea_1224_KS,CNN_reg,detrend_RNV,0.00928017594458519
Milk_Urea_1224_KS,LGBM_reg,detrend_RNV,0.0264404850241515
Milk_Urea_1224_KS,PLS_reg,detrend_RNV,0.009304331096407686
Milk_Urea_1224_KS,CNN_reg,detrend_SNV,0.008772848733405794
Milk_Urea_1224_KS,LGBM_reg,detrend_SNV,0.025325547834024312
Milk_Urea_1224_KS,PLS_reg,detrend_SNV,0.006087285022730496
Milk_Urea_1224_KS,CNN_reg,detrend_gaussian,0.0005409240652048952
Milk_Urea_1224_KS,LGBM_reg,detrend_gaussian,0.0061517330705062045
Milk_Urea_1224_KS,PLS_reg,detrend_gaussian,0.005638083077784406
Milk_Urea_1224_KS,CNN_reg,detrend_haar,0.006485329619344088
Milk_Urea_1224_KS,LGBM_reg,detrend_haar,0.0109507461305145
Milk_Urea_1224_KS,PLS_reg,detrend_haar,0.0044886804668042846
Milk_Urea_1224_KS,CNN_reg,detrend_normalize,0.0237300369664456
Milk_Urea_1224_KS,LGBM_reg,detrend_normalize,0.021148103146487213
Milk_Urea_1224_KS,PLS_reg,detrend_normalize,0.0026792805011132126
Milk_Urea_1224_KS,CNN_reg,detrend_savgol,0.029156097731118394
Milk_Urea_1224_KS,LGBM_reg,detrend_savgol,0.02877929134235281
Milk_Urea_1224_KS,PLS_reg,detrend_savgol,0.0024905464074514994
Milk_Urea_1224_KS,CNN_reg,detrend_simplescale,0.021520768779013807
Milk_Urea_1224_KS,LGBM_reg,detrend_simplescale,0.027291163883567712
Milk_Urea_1224_KS,PLS_reg,detrend_simplescale,0.006446754557128301
Milk_Urea_1224_KS,CNN_reg,gaussian,0.0004539057139152092
Milk_Urea_1224_KS,LGBM_reg,gaussian,0.00872019188940551
Milk_Urea_1224_KS,PLS_reg,gaussian,0.005840281070029096
Milk_Urea_1224_KS,CNN_reg,haar,0.010595494141231093
Milk_Urea_1224_KS,LGBM_reg,haar,0.009455336126685199
Milk_Urea_1224_KS,PLS_reg,haar,0.005514411898654897
Milk_Urea_1224_KS,CNN_reg,haar_gaussian,0.0013507547179313073
Milk_Urea_1224_KS,LGBM_reg,haar_gaussian,0.006221243997329706
Milk_Urea_1224_KS,Ridge_reg,haar_gaussian,0.004331264754869613
Milk_Urea_1224_KS,CNN_reg,id,0.030021741935415194
Milk_Urea_1224_KS,LGBM_reg,id,0.017557934688943885
Milk_Urea_1224_KS,PLS_reg,id,0.013331992273831098
Milk_Urea_1224_KS,CNN_reg,normalize,0.016874705750209024
Milk_Urea_1224_KS,LGBM_reg,normalize,0.005806998391483215
Milk_Urea_1224_KS,Ridge_reg,normalize,0.009944993798700424
Milk_Urea_1224_KS,CNN_reg,normalize_RNV,0.013269743919669313
Milk_Urea_1224_KS,LGBM_reg,normalize_RNV,0.011376257921274002
Milk_Urea_1224_KS,PLS_reg,normalize_RNV,0.005830042225712012
Milk_Urea_1224_KS,CNN_reg,normalize_SNV,0.013569685945980875
Milk_Urea_1224_KS,LGBM_reg,normalize_SNV,0.01101486726588538
Milk_Urea_1224_KS,PLS_reg,normalize_SNV,0.007418578220381999
Milk_Urea_1224_KS,CNN_reg,normalize_gaussian,0.014096838913917803
Milk_Urea_1224_KS,LGBM_reg,normalize_gaussian,0.004247727029291409
Milk_Urea_1224_KS,Ridge_reg,normalize_gaussian,0.01299970486765592
Milk_Urea_1224_KS,CNN_reg,normalize_haar,0.018822864980265197
Milk_Urea_1224_KS,LGBM_reg,normalize_haar,0.004937342215758811
Milk_Urea_1224_KS,Ridge_reg,normalize_haar,0.01747402205106871
Milk_Urea_1224_KS,CNN_reg,normalize_savgol,0.027717718106828187
Milk_Urea_1224_KS,LGBM_reg,normalize_savgol,0.01856576993416259
Milk_Urea_1224_KS,Ridge_reg,normalize_savgol,0.015562832064250992
Milk_Urea_1224_KS,CNN_reg,normalize_simplescale,0.01781205353158552
Milk_Urea_1224_KS,LGBM_reg,normalize_simplescale,0.0028634883519493004
Milk_Urea_1224_KS,Ridge_reg,normalize_simplescale,0.005534246044634511
Milk_Urea_1224_KS,CNN_reg,savgol,0.03153312501070139
Milk_Urea_1224_KS,LGBM_reg,savgol,0.02623833224376111
Milk_Urea_1224_KS,PLS_reg,savgol,0.008865683047670894
Milk_Urea_1224_KS,CNN_reg,savgol_SNV,0.013703634576793106
Milk_Urea_1224_KS,LGBM_reg,savgol_SNV,0.020329959109780915
Milk_Urea_1224_KS,PLS_reg,savgol_SNV,0.0035766210490066064
Milk_Urea_1224_KS,CNN_reg,savgol_gaussian,0.0170284745896305
Milk_Urea_1224_KS,PLS_reg,savgol_gaussian,0.0012707044072012008
Milk_Urea_1224_KS,Ridge_reg,savgol_gaussian,0.003576906746467684
Milk_Urea_1224_KS,CNN_reg,savgol_haar,0.024973155337845193
Milk_Urea_1224_KS,LGBM_reg,savgol_haar,0.013310479967335587
Milk_Urea_1224_KS,PLS_reg,savgol_haar,0.006735477435946602
Milk_Urea_1224_KS,CNN_reg,savgol_simplescale,0.020745320878282902
Milk_Urea_1224_KS,LGBM_reg,savgol_simplescale,0.019924909467378404
Milk_Urea_1224_KS,Ridge_reg,savgol_simplescale,0.014198478246946589
Milk_Urea_1224_KS,CNN_reg,simplescale,0.01369549449637908
Milk_Urea_1224_KS,LGBM_reg,simplescale,0.0056604379247016945
Milk_Urea_1224_KS,Ridge_reg,simplescale,0.008432260867580782
Milk_Urea_1224_KS,CNN_reg,simplescale_SNV,0.011957601932427397
Milk_Urea_1224_KS,LGBM_reg,simplescale_SNV,0.010350889530399282
Milk_Urea_1224_KS,PLS_reg,simplescale_SNV,0.005637792591818097
Milk_Urea_1224_KS,CNN_reg,simplescale_gaussian,0.016493846050031874
Milk_Urea_1224_KS,PLS_reg,simplescale_gaussian,0.0011713608052938973
Milk_Urea_1224_KS,Ridge_reg,simplescale_gaussian,0.0071786920707314905
Milk_Urea_1224_KS,CNN_reg,simplescale_haar,0.021175023629007278
Milk_Urea_1224_KS,LGBM_reg,simplescale_haar,0.004672841057584282
Milk_Urea_1224_KS,Ridge_reg,simplescale_haar,0.004344042775328488
Rice_Amylose_313_YbasedSplit,CNN_reg,MSC,2.003487556140889
Rice_Amylose_313_YbasedSplit,LGBM_reg,MSC,1.8280534344876673
Rice_Amylose_313_YbasedSplit,Ridge_reg,MSC,0.13054469365990373
Rice_Amylose_313_YbasedSplit,CNN_reg,MSC_RNV,2.0116315506255935
Rice_Amylose_313_YbasedSplit,LGBM_reg,MSC_RNV,1.672907315367329
Rice_Amylose_313_YbasedSplit,PLS_reg,MSC_RNV,0.13028076371493214
Rice_Amylose_313_YbasedSplit,CNN_reg,MSC_SNV,1.958102729578163
Rice_Amylose_313_YbasedSplit,LGBM_reg,MSC_SNV,1.850257018094355
Rice_Amylose_313_YbasedSplit,Ridge_reg,MSC_SNV,0.008057147072511928
Rice_Amylose_313_YbasedSplit,CNN_reg,MSC_gaussian,1.9324950864677932
Rice_Amylose_313_YbasedSplit,LGBM_reg,MSC_gaussian,0.18844187671415957
Rice_Amylose_313_YbasedSplit,Ridge_reg,MSC_gaussian,1.797341351199023
Rice_Amylose_313_YbasedSplit,CNN_reg,MSC_haar,1.6813133039894987
Rice_Amylose_313_YbasedSplit,PLS_reg,MSC_haar,0.3642247179778919
Rice_Amylose_313_YbasedSplit,Ridge_reg,MSC_haar,1.3415088891136984
Rice_Amylose_313_YbasedSplit,CNN_reg,MSC_normalize,1.947003955830743
Rice_Amylose_313_YbasedSplit,LGBM_reg,MSC_normalize,1.8342580220147973
Rice_Amylose_313_YbasedSplit,PLS_reg,MSC_normalize,0.0021395052449002527
Rice_Amylose_313_YbasedSplit,CNN_reg,MSC_savgol,2.225340287260932
Rice_Amylose_313_YbasedSplit,LGBM_reg,MSC_savgol,2.067216927045988
Rice_Amylose_313_YbasedSplit,Ridge_reg,MSC_savgol,0.09878601954528898
Rice_Amylose_313_YbasedSplit,CNN_reg,MSC_simplescale,1.5956199509601543
Rice_Amylose_313_YbasedSplit,LGBM_reg,MSC_simplescale,1.7148987993293119
Rice_Amylose_313_YbasedSplit,PLS_reg,MSC_simplescale,0.0752648005212011
Rice_Amylose_313_YbasedSplit,CNN_reg,RNV,2.0950390155763423
Rice_Amylose_313_YbasedSplit,LGBM_reg,RNV,1.717711258270517
Rice_Amylose_313_YbasedSplit,PLS_reg,RNV,0.13028076371608766
Rice_Amylose_313_YbasedSplit,CNN_reg,RNV_SNV,1.7223355556449458
Rice_Amylose_313_YbasedSplit,LGBM_reg,RNV_SNV,1.7990080542081537
Rice_Amylose_313_YbasedSplit,Ridge_reg,RNV_SNV,0.008057147072537685
Rice_Amylose_313_YbasedSplit,CNN_reg,RNV_gaussian,1.4735123741057636
Rice_Amylose_313_YbasedSplit,LGBM_reg,RNV_gaussian,0.23609859416698153
Rice_Amylose_313_YbasedSplit,Ridge_reg,RNV_gaussian,1.201735588204082
Rice_Amylose_313_YbasedSplit,CNN_reg,RNV_haar,1.5742064165459175
Rice_Amylose_313_YbasedSplit,LGBM_reg,RNV_haar,0.06602318897627901
Rice_Amylose_313_YbasedSplit,Ridge_reg,RNV_haar,1.3162500436258733
Rice_Amylose_313_YbasedSplit,CNN_reg,RNV_savgol,2.2372776429981642
Rice_Amylose_313_YbasedSplit,LGBM_reg,RNV_savgol,1.9966055835007404
Rice_Amylose_313_YbasedSplit,PLS_reg,RNV_savgol,0.2762994899532445
Rice_Amylose_313_YbasedSplit,CNN_reg,RNV_simplescale,1.2231569840240621
Rice_Amylose_313_YbasedSplit,LGBM_reg,RNV_simplescale,1.7325597283873697
Rice_Amylose_313_YbasedSplit,PLS_reg,RNV_simplescale,0.0752648005224188
Rice_Amylose_313_YbasedSplit,CNN_reg,SNV,1.8050700076342405
Rice_Amylose_313_YbasedSplit,LGBM_reg,SNV,1.8314880535471252
Rice_Amylose_313_YbasedSplit,Ridge_reg,SNV,0.008057147072088267
Rice_Amylose_313_YbasedSplit,CNN_reg,SNV_gaussian,1.8124949356305713
Rice_Amylose_313_YbasedSplit,LGBM_reg,SNV_gaussian,0.42628601156813595
Rice_Amylose_313_YbasedSplit,Ridge_reg,SNV_gaussian,1.9141240928367962
Rice_Amylose_313_YbasedSplit,CNN_reg,SNV_haar,1.5015019317730824
Rice_Amylose_313_YbasedSplit,PLS_reg,SNV_haar,0.4876986300299735
Rice_Amylose_313_YbasedSplit,Ridge_reg,SNV_haar,1.6039332204140115
Rice_Amylose_313_YbasedSplit,CNN_reg,baseline,2.616269520314672
Rice_Amylose_313_YbasedSplit,LGBM_reg,baseline,2.7473070257282712
Rice_Amylose_313_YbasedSplit,PLS_reg,baseline,0.8760015598343762
Rice_Amylose_313_YbasedSplit,CNN_reg,baseline_MSC,2.094877356185658
Rice_Amylose_313_YbasedSplit,LGBM_reg,baseline_MSC,1.7572661321592964
Rice_Amylose_313_YbasedSplit,Ridge_reg,baseline_MSC,0.1305446936608523
Rice_Amylose_313_YbasedSplit,CNN_reg,baseline_RNV,1.8334635274309612
Rice_Amylose_313_YbasedSplit,LGBM_reg,baseline_RNV,1.6863908546423794
Rice_Amylose_313_YbasedSplit,PLS_reg,baseline_RNV,0.13028076371475006
Rice_Amylose_313_YbasedSplit,CNN_reg,baseline_SNV,2.004206781456944
Rice_Amylose_313_YbasedSplit,LGBM_reg,baseline_SNV,1.8444947263275462
Rice_Amylose_313_YbasedSplit,Ridge_reg,baseline_SNV,0.008057147072301873
Rice_Amylose_313_YbasedSplit,CNN_reg,baseline_derivate,0.15393417366872253
Rice_Amylose_313_YbasedSplit,LGBM_reg,baseline_derivate,0.9790277142804333
Rice_Amylose_313_YbasedSplit,Ridge_reg,baseline_derivate,0.0005605844345568656
Rice_Amylose_313_YbasedSplit,CNN_reg,baseline_detrend,2.643263168151796
Rice_Amylose_313_YbasedSplit,LGBM_reg,baseline_detrend,2.7058529192892142
Rice_Amylose_313_YbasedSplit,Ridge_reg,baseline_detrend,0.3498052961704161
Rice_Amylose_313_YbasedSplit,CNN_reg,baseline_gaussian,1.4085537108720527
Rice_Amylose_313_YbasedSplit,LGBM_reg,baseline_gaussian,0.4429473454866044
Rice_Amylose_313_YbasedSplit,Ridge_reg,baseline_gaussian,1.2945950407242761
Rice_Amylose_313_YbasedSplit,CNN_reg,baseline_haar,1.6580741544113438
Rice_Amylose_313_YbasedSplit,LGBM_reg,baseline_haar,0.20905428240021395
Rice_Amylose_313_YbasedSplit,Ridge_reg,baseline_haar,1.0402062517377453
Rice_Amylose_313_YbasedSplit,CNN_reg,baseline_normalize,1.9386859949336555
Rice_Amylose_313_YbasedSplit,LGBM_reg,baseline_normalize,1.8318335429532868
Rice_Amylose_313_YbasedSplit,PLS_reg,baseline_normalize,0.0021395052454469266
Rice_Amylose_313_YbasedSplit,CNN_reg,baseline_savgol,2.5421747643338244
Rice_Amylose_313_YbasedSplit,LGBM_reg,baseline_savgol,2.777579611357964
Rice_Amylose_313_YbasedSplit,PLS_reg,baseline_savgol,1.0045044463758788
Rice_Amylose_313_YbasedSplit,CNN_reg,baseline_simplescale,1.704582656761509
Rice_Amylose_313_YbasedSplit,LGBM_reg,baseline_simplescale,1.709849288978448
Rice_Amylose_313_YbasedSplit,PLS_reg,baseline_simplescale,0.07526480052252316
Rice_Amylose_313_YbasedSplit,CNN_reg,derivate,0.17332420553257144
Rice_Amylose_313_YbasedSplit,LGBM_reg,derivate,1.0338661521257055
Rice_Amylose_313_YbasedSplit,Ridge_reg,derivate,0.0005605844345568656
Rice_Amylose_313_YbasedSplit,CNN_reg,derivate_MSC,0.4516025517286524
Rice_Amylose_313_YbasedSplit,LGBM_reg,derivate_MSC,1.0047337846707558
Rice_Amylose_313_YbasedSplit,PLS_reg,derivate_MSC,0.012537482283079271
Rice_Amylose_313_YbasedSplit,CNN_reg,derivate_RNV,0.21312234833929633
Rice_Amylose_313_YbasedSplit,LGBM_reg,derivate_RNV,0.9002049362903426
Rice_Amylose_313_YbasedSplit,Ridge_reg,derivate_RNV,0.13688300326106173
Rice_Amylose_313_YbasedSplit,CNN_reg,derivate_SNV,0.17522230218359613
Rice_Amylose_313_YbasedSplit,LGBM_reg,derivate_SNV,0.9912873302244334
Rice_Amylose_313_YbasedSplit,Ridge_reg,derivate_SNV,0.12676238969828635
Rice_Amylose_313_YbasedSplit,LGBM_reg,derivate_detrend,0.8646534077678254
Rice_Amylose_313_YbasedSplit,PLS_reg,derivate_detrend,0.006866444705387664
Rice_Amylose_313_YbasedSplit,Ridge_reg,derivate_detrend,0.014396218578122344
Rice_Amylose_313_YbasedSplit,LGBM_reg,derivate_gaussian,0.43285049564709954
Rice_Amylose_313_YbasedSplit,PLS_reg,derivate_gaussian,0.11035648506194828
Rice_Amylose_313_YbasedSplit,Ridge_reg,derivate_gaussian,0.06990546894409366
Rice_Amylose_313_YbasedSplit,LGBM_reg,derivate_haar,0.48234657132609726
Rice_Amylose_313_YbasedSplit,PLS_reg,derivate_haar,0.06228128278003986
Rice_Amylose_313_YbasedSplit,Ridge_reg,derivate_haar,0.04864250246211199
Rice_Amylose_313_YbasedSplit,CNN_reg,derivate_normalize,0.3670761059222789
Rice_Amylose_313_YbasedSplit,LGBM_reg,derivate_normalize,0.9820083132631989
Rice_Amylose_313_YbasedSplit,Ridge_reg,derivate_normalize,0.0031326184688529324
Rice_Amylose_313_YbasedSplit,CNN_reg,derivate_savgol,0.05644855804812554
Rice_Amylose_313_YbasedSplit,LGBM_reg,derivate_savgol,0.9040561888093901
Rice_Amylose_313_YbasedSplit,Ridge_reg,derivate_savgol,0.0006551434896477915
Rice_Amylose_313_YbasedSplit,CNN_reg,derivate_simplescale,0.18155329752461302
Rice_Amylose_313_YbasedSplit,LGBM_reg,derivate_simplescale,1.0682018254392442
Rice_Amylose_313_YbasedSplit,Ridge_reg,derivate_simplescale,0.007966510125802628
Rice_Amylose_313_YbasedSplit,CNN_reg,detrend,2.589247885118144
Rice_Amylose_313_YbasedSplit,LGBM_reg,detrend,2.8122126064796666
Rice_Amylose_313_YbasedSplit,Ridge_reg,detrend,0.3498052961692326
Rice_Amylose_313_YbasedSplit,CNN_reg,detrend_MSC,2.6399202086370432
Rice_Amylose_313_YbasedSplit,LGBM_reg,detrend_MSC,2.7982248918312655
Rice_Amylose_313_YbasedSplit,Ridge_reg,detrend_MSC,2.665891839246609
Rice_Amylose_313_YbasedSplit,CNN_reg,detrend_RNV,2.1442456157652434
Rice_Amylose_313_YbasedSplit,LGBM_reg,detrend_RNV,2.971394677242334
Rice_Amylose_313_YbasedSplit,PLS_reg,detrend_RNV,0.16434319120093477
Rice_Amylose_313_YbasedSplit,CNN_reg,detrend_SNV,2.6019333667449356
Rice_Amylose_313_YbasedSplit,LGBM_reg,detrend_SNV,2.9780812494966646
Rice_Amylose_313_YbasedSplit,PLS_reg,detrend_SNV,0.19433338476209627
Rice_Amylose_313_YbasedSplit,CNN_reg,detrend_gaussian,1.407861715456351
Rice_Amylose_313_YbasedSplit,LGBM_reg,detrend_gaussian,0.08998452807068658
Rice_Amylose_313_YbasedSplit,Ridge_reg,detrend_gaussian,1.2933614614177809
Rice_Amylose_313_YbasedSplit,CNN_reg,detrend_haar,1.6231827102334466
Rice_Amylose_313_YbasedSplit,LGBM_reg,detrend_haar,0.3516009960156117
Rice_Amylose_313_YbasedSplit,Ridge_reg,detrend_haar,1.0162595363906006
Rice_Amylose_313_YbasedSplit,CNN_reg,detrend_normalize,3.7187987998940057
Rice_Amylose_313_YbasedSplit,LGBM_reg,detrend_normalize,3.1142532070358007
Rice_Amylose_313_YbasedSplit,PLS_reg,detrend_normalize,0.28410722715740144
Rice_Amylose_313_YbasedSplit,CNN_reg,detrend_savgol,3.0591458535039946
Rice_Amylose_313_YbasedSplit,LGBM_reg,detrend_savgol,3.2878512947959146
Rice_Amylose_313_YbasedSplit,Ridge_reg,detrend_savgol,0.5963540260468023
Rice_Amylose_313_YbasedSplit,CNN_reg,detrend_simplescale,2.597000769602329
Rice_Amylose_313_YbasedSplit,LGBM_reg,detrend_simplescale,3.174691326527622
Rice_Amylose_313_YbasedSplit,PLS_reg,detrend_simplescale,0.19751024672676776
Rice_Amylose_313_YbasedSplit,CNN_reg,gaussian,1.4198565192609687
Rice_Amylose_313_YbasedSplit,LGBM_reg,gaussian,0.5246885184386221
Rice_Amylose_313_YbasedSplit,Ridge_reg,gaussian,1.2945950407242233
Rice_Amylose_313_YbasedSplit,CNN_reg,haar,1.6582008693077763
Rice_Amylose_313_YbasedSplit,LGBM_reg,haar,0.20821556808182384
Rice_Amylose_313_YbasedSplit,Ridge_reg,haar,1.0402062517377924
Rice_Amylose_313_YbasedSplit,CNN_reg,haar_gaussian,1.0386413592787545
Rice_Amylose_313_YbasedSplit,PLS_reg,haar_gaussian,0.8603628075517156
Rice_Amylose_313_YbasedSplit,Ridge_reg,haar_gaussian,1.063655660081853
Rice_Amylose_313_YbasedSplit,CNN_reg,id,2.1058550325120082
Rice_Amylose_313_YbasedSplit,LGBM_reg,id,2.6826107800215366
Rice_Amylose_313_YbasedSplit,PLS_reg,id,0.876001559841284
Rice_Amylose_313_YbasedSplit,CNN_reg,normalize,1.457714694195885
Rice_Amylose_313_YbasedSplit,LGBM_reg,normalize,1.7978445688423053
Rice_Amylose_313_YbasedSplit,Ridge_reg,normalize,0.22371406441557262
Rice_Amylose_313_YbasedSplit,CNN_reg,normalize_RNV,2.082280178234759
Rice_Amylose_313_YbasedSplit,LGBM_reg,normalize_RNV,1.6299637247580425
Rice_Amylose_313_YbasedSplit,PLS_reg,normalize_RNV,0.1302807637149752
Rice_Amylose_313_YbasedSplit,CNN_reg,normalize_SNV,1.467919883333963
Rice_Amylose_313_YbasedSplit,LGBM_reg,normalize_SNV,1.7572023714697536
Rice_Amylose_313_YbasedSplit,Ridge_reg,normalize_SNV,0.008057147072484838
Rice_Amylose_313_YbasedSplit,CNN_reg,normalize_gaussian,1.3612783829751205
Rice_Amylose_313_YbasedSplit,PLS_reg,normalize_gaussian,0.08188213598705607
Rice_Amylose_313_YbasedSplit,Ridge_reg,normalize_gaussian,1.3117070625759553
Rice_Amylose_313_YbasedSplit,CNN_reg,normalize_haar,1.7572328281681373
Rice_Amylose_313_YbasedSplit,PLS_reg,normalize_haar,0.24206982276977218
Rice_Amylose_313_YbasedSplit,Ridge_reg,normalize_haar,1.6409828042200822
Rice_Amylose_313_YbasedSplit,CNN_reg,normalize_savgol,1.4768858370802174
Rice_Amylose_313_YbasedSplit,LGBM_reg,normalize_savgol,1.7914791261152883
Rice_Amylose_313_YbasedSplit,Ridge_reg,normalize_savgol,0.2865603355462203
Rice_Amylose_313_YbasedSplit,CNN_reg,normalize_simplescale,1.453877832596448
Rice_Amylose_313_YbasedSplit,LGBM_reg,normalize_simplescale,1.7284734610540733
Rice_Amylose_313_YbasedSplit,PLS_reg,normalize_simplescale,0.07526480052138984
Rice_Amylose_313_YbasedSplit,CNN_reg,savgol,2.488118414326378
Rice_Amylose_313_YbasedSplit,LGBM_reg,savgol,2.9238733109683364
Rice_Amylose_313_YbasedSplit,PLS_reg,savgol,1.00450444636724
Rice_Amylose_313_YbasedSplit,CNN_reg,savgol_SNV,1.8535412809246545
Rice_Amylose_313_YbasedSplit,LGBM_reg,savgol_SNV,1.8355252648197058
Rice_Amylose_313_YbasedSplit,PLS_reg,savgol_SNV,0.06777895601127559
Rice_Amylose_313_YbasedSplit,CNN_reg,savgol_gaussian,2.01567269240472
Rice_Amylose_313_YbasedSplit,PLS_reg,savgol_gaussian,0.6072311145300868
Rice_Amylose_313_YbasedSplit,Ridge_reg,savgol_gaussian,1.9950115617131883
Rice_Amylose_313_YbasedSplit,CNN_reg,savgol_haar,1.7628616252168698
Rice_Amylose_313_YbasedSplit,LGBM_reg,savgol_haar,0.23744496601153608
Rice_Amylose_313_YbasedSplit,Ridge_reg,savgol_haar,1.2669602866692151
Rice_Amylose_313_YbasedSplit,CNN_reg,savgol_simplescale,1.7212054515247512
Rice_Amylose_313_YbasedSplit,LGBM_reg,savgol_simplescale,1.9310823168131748
Rice_Amylose_313_YbasedSplit,PLS_reg,savgol_simplescale,0.14129389160625472
Rice_Amylose_313_YbasedSplit,CNN_reg,simplescale,1.6059027581661707
Rice_Amylose_313_YbasedSplit,LGBM_reg,simplescale,1.7247325004880039
Rice_Amylose_313_YbasedSplit,PLS_reg,simplescale,0.07526480052252316
Rice_Amylose_313_YbasedSplit,CNN_reg,simplescale_SNV,2.0639357923728077
Rice_Amylose_313_YbasedSplit,LGBM_reg,simplescale_SNV,1.7572023714697314
Rice_Amylose_313_YbasedSplit,Ridge_reg,simplescale_SNV,0.008057147072771276
Rice_Amylose_313_YbasedSplit,CNN_reg,simplescale_gaussian,1.387010868666164
Rice_Amylose_313_YbasedSplit,LGBM_reg,simplescale_gaussian,0.06765783574355044
Rice_Amylose_313_YbasedSplit,Ridge_reg,simplescale_gaussian,1.5295703078236
Rice_Amylose_313_YbasedSplit,CNN_reg,simplescale_haar,0.8548168987855793
Rice_Amylose_313_YbasedSplit,PLS_reg,simplescale_haar,0.11516836564161936
Rice_Amylose_313_YbasedSplit,Ridge_reg,simplescale_haar,1.1279090849702738
YamProtein,CNN_reg,MSC,1.2386759982171913
YamProtein,LGBM_reg,MSC,1.0948089918045847
YamProtein,PLS_reg,MSC,0.14244150964867158
YamProtein,CNN_reg,MSC_RNV,1.0259086589821846
YamProtein,LGBM_reg,MSC_RNV,0.9532424718899034
YamProtein,PLS_reg,MSC_RNV,0.04207024260465442
YamProtein,CNN_reg,MSC_SNV,0.9576447922305298
YamProtein,LGBM_reg,MSC_SNV,0.9944419038381558
YamProtein,PLS_reg,MSC_SNV,0.026383545924313467
YamProtein,LGBM_reg,MSC_gaussian,0.06094941698996337
YamProtein,PLS_reg,MSC_gaussian,0.2353466044262542
YamProtein,Ridge_reg,MSC_gaussian,0.45517842190601976
YamProtein,CNN_reg,MSC_haar,0.41537821541751596
YamProtein,LGBM_reg,MSC_haar,0.19735112268618782
YamProtein,Ridge_reg,MSC_haar,0.38303366513979553
YamProtein,CNN_reg,MSC_normalize,1.0947924597471101
YamProtein,LGBM_reg,MSC_normalize,1.122745772337311
YamProtein,PLS_reg,MSC_normalize,0.135397921493972
YamProtein,CNN_reg,MSC_savgol,1.2159123819036612
YamProtein,LGBM_reg,MSC_savgol,1.0638313269971311
YamProtein,PLS_reg,MSC_savgol,0.11647565324015302
YamProtein,CNN_reg,MSC_simplescale,0.6772549961561194
YamProtein,LGBM_reg,MSC_simplescale,1.0239845116972697
YamProtein,PLS_reg,MSC_simplescale,0.055971997588689204
YamProtein,CNN_reg,RNV,1.1202150010268592
YamProtein,LGBM_reg,RNV,0.9764520676979673
YamProtein,PLS_reg,RNV,0.017572350952414717
YamProtein,CNN_reg,RNV_SNV,0.5978364035872041
YamProtein,LGBM_reg,RNV_SNV,0.9995032056723905
YamProtein,PLS_reg,RNV_SNV,0.026383546178187833
YamProtein,CNN_reg,RNV_gaussian,0.423204111922709
YamProtein,LGBM_reg,RNV_gaussian,0.4884644336513204
YamProtein,PLS_reg,RNV_gaussian,0.6741415839988572
YamProtein,CNN_reg,RNV_haar,0.4546523293654289
YamProtein,LGBM_reg,RNV_haar,0.2980374756541476
YamProtein,PLS_reg,RNV_haar,0.10711019146572631
YamProtein,CNN_reg,RNV_savgol,1.037613367870403
YamProtein,LGBM_reg,RNV_savgol,1.0041564602442543
YamProtein,PLS_reg,RNV_savgol,0.019143005716672268
YamProtein,CNN_reg,RNV_simplescale,0.5661373812260189
YamProtein,LGBM_reg,RNV_simplescale,1.079126986321106
YamProtein,PLS_reg,RNV_simplescale,0.05597199771620731
YamProtein,CNN_reg,SNV,1.0902730508448482
YamProtein,LGBM_reg,SNV,1.0098525882220573
YamProtein,PLS_reg,SNV,0.1130344970202335
YamProtein,CNN_reg,SNV_gaussian,0.27623353872402034
YamProtein,LGBM_reg,SNV_gaussian,0.3661401212162564
YamProtein,PLS_reg,SNV_gaussian,0.5153511283916933
YamProtein,CNN_reg,SNV_haar,0.5181041053638877
YamProtein,LGBM_reg,SNV_haar,0.35970177376373713
YamProtein,PLS_reg,SNV_haar,0.011802222899047754
YamProtein,CNN_reg,baseline,1.065861298177339
YamProtein,LGBM_reg,baseline,1.037854830809808
YamProtein,PLS_reg,baseline,0.1517476297663427
YamProtein,CNN_reg,baseline_MSC,1.2626139876128901
YamProtein,LGBM_reg,baseline_MSC,1.0814523166967702
YamProtein,PLS_reg,baseline_MSC,0.11794361861413905
YamProtein,CNN_reg,baseline_RNV,0.8514833370474117
YamProtein,LGBM_reg,baseline_RNV,1.0222091523437469
YamProtein,PLS_reg,baseline_RNV,0.01757235221176645
YamProtein,CNN_reg,baseline_SNV,0.8881433265642094
YamProtein,LGBM_reg,baseline_SNV,1.0058400636649079
YamProtein,PLS_reg,baseline_SNV,0.11303449679663735
YamProtein,CNN_reg,baseline_derivate,0.09433518900331928
YamProtein,PLS_reg,baseline_derivate,0.009147517141812944
YamProtein,Ridge_reg,baseline_derivate,0.008670547675259765
YamProtein,CNN_reg,baseline_detrend,0.9132268557163562
YamProtein,LGBM_reg,baseline_detrend,0.9137247868477493
YamProtein,Ridge_reg,baseline_detrend,0.045074530627416176
YamProtein,CNN_reg,baseline_gaussian,0.8887321332202713
YamProtein,PLS_reg,baseline_gaussian,0.15817309785013767
YamProtein,Ridge_reg,baseline_gaussian,0.6472323444878199
YamProtein,CNN_reg,baseline_haar,0.6552891145219534
YamProtein,LGBM_reg,baseline_haar,0.2805750420975247
YamProtein,Ridge_reg,baseline_haar,0.49791780774343153
YamProtein,CNN_reg,baseline_normalize,1.240267756372584
YamProtein,LGBM_reg,baseline_normalize,1.0943690732852036
YamProtein,PLS_reg,baseline_normalize,0.11090003048804398
YamProtein,CNN_reg,baseline_savgol,1.0971559092259466
YamProtein,LGBM_reg,baseline_savgol,1.0405915524152236
YamProtein,PLS_reg,baseline_savgol,0.06695817819243377
YamProtein,CNN_reg,baseline_simplescale,0.8371284901315614
YamProtein,LGBM_reg,baseline_simplescale,1.0319268372131116
YamProtein,PLS_reg,baseline_simplescale,0.05597199718965995
YamProtein,CNN_reg,derivate,0.14121806957673422
YamProtein,PLS_reg,derivate,0.011934726773870752
YamProtein,Ridge_reg,derivate,0.011457757307317573
YamProtein,LGBM_reg,derivate_MSC,0.0882753346896401
YamProtein,PLS_reg,derivate_MSC,0.08369270932356287
YamProtein,Ridge_reg,derivate_MSC,0.08318155296498686
YamProtein,CNN_reg,derivate_RNV,0.19591806339124607
YamProtein,PLS_reg,derivate_RNV,0.015087025071148785
YamProtein,Ridge_reg,derivate_RNV,0.01671541062990345
YamProtein,CNN_reg,derivate_SNV,0.10798569935848534
YamProtein,LGBM_reg,derivate_SNV,0.00823211375564914
YamProtein,PLS_reg,derivate_SNV,0.00037736788473585747
YamProtein,CNN_reg,derivate_detrend,0.10264938440643934
YamProtein,PLS_reg,derivate_detrend,0.015437507642210191
YamProtein,Ridge_reg,derivate_detrend,0.015654239682041604
YamProtein,CNN_reg,derivate_gaussian,0.19507775144288386
YamProtein,PLS_reg,derivate_gaussian,0.246480020221038
YamProtein,Ridge_reg,derivate_gaussian,0.23842684017567772
YamProtein,CNN_reg,derivate_haar,0.0938226810742655
YamProtein,PLS_reg,derivate_haar,0.1384894731006281
YamProtein,Ridge_reg,derivate_haar,0.1377129129840775
YamProtein,CNN_reg,derivate_normalize,0.003279407127719125
YamProtein,PLS_reg,derivate_normalize,0.006819410509800061
YamProtein,Ridge_reg,derivate_normalize,0.006764203478322406
YamProtein,CNN_reg,derivate_savgol,0.18807862838338707
YamProtein,PLS_reg,derivate_savgol,0.03230755226971316
YamProtein,Ridge_reg,derivate_savgol,0.03183048934060406
YamProtein,CNN_reg,derivate_simplescale,0.030468613380330467
YamProtein,PLS_reg,derivate_simplescale,0.06409590081363081
YamProtein,Ridge_reg,derivate_simplescale,0.06369017918524111
YamProtein,CNN_reg,detrend,1.078157745559146
YamProtein,LGBM_reg,detrend,0.9377389144509869
YamProtein,Ridge_reg,detrend,0.04507453062050559
YamProtein,CNN_reg,detrend_MSC,1.276887649185039
YamProtein,LGBM_reg,detrend_MSC,0.9258365854700905
YamProtein,Ridge_reg,detrend_MSC,1.3208459387453122
YamProtein,CNN_reg,detrend_RNV,0.7370470478850459
YamProtein,LGBM_reg,detrend_RNV,0.9819899608874201
YamProtein,PLS_reg,detrend_RNV,0.04961221491911316
YamProtein,CNN_reg,detrend_SNV,0.6845349922106173
YamProtein,LGBM_reg,detrend_SNV,0.9633786404001293
YamProtein,PLS_reg,detrend_SNV,0.05453171177725047
YamProtein,CNN_reg,detrend_gaussian,0.944018524296224
YamProtein,PLS_reg,detrend_gaussian,0.24523711020199124
YamProtein,Ridge_reg,detrend_gaussian,0.6985969352656634
YamProtein,CNN_reg,detrend_haar,1.0163570165955684
YamProtein,LGBM_reg,detrend_haar,0.29616113496195706
YamProtein,Ridge_reg,detrend_haar,0.5485844132046398
YamProtein,CNN_reg,detrend_normalize,1.0973288563169106
YamProtein,LGBM_reg,detrend_normalize,0.9527514104122357
YamProtein,PLS_reg,detrend_normalize,0.07134737334223218
YamProtein,CNN_reg,detrend_savgol,0.896476082281271
YamProtein,LGBM_reg,detrend_savgol,0.8970580467240379
YamProtein,Ridge_reg,detrend_savgol,0.032386654886710664
YamProtein,CNN_reg,detrend_simplescale,0.5650111781075899
YamProtein,LGBM_reg,detrend_simplescale,0.9831578055321766
YamProtein,PLS_reg,detrend_simplescale,0.01865035037791163
YamProtein,CNN_reg,gaussian,0.8880750916045823
YamProtein,PLS_reg,gaussian,0.15797539145975303
YamProtein,Ridge_reg,gaussian,0.6470346380967655
YamProtein,CNN_reg,haar,1.1134010659240334
YamProtein,LGBM_reg,haar,0.20649787519746066
YamProtein,Ridge_reg,haar,0.4979178077434655
YamProtein,CNN_reg,haar_gaussian,0.8238118465120097
YamProtein,LGBM_reg,haar_gaussian,0.2379614823966547
YamProtein,Ridge_reg,haar_gaussian,0.8162506185585257
YamProtein,CNN_reg,id,1.1735087799242199
YamProtein,LGBM_reg,id,1.022229141198316
YamProtein,PLS_reg,id,0.08959456916822428
YamProtein,CNN_reg,normalize,1.0475788714714218
YamProtein,LGBM_reg,normalize,0.966228788224062
YamProtein,Ridge_reg,normalize,0.3438895187280069
YamProtein,CNN_reg,normalize_RNV,0.9719441785640235
YamProtein,LGBM_reg,normalize_RNV,0.9407475110053578
YamProtein,PLS_reg,normalize_RNV,0.017572352350404108
YamProtein,CNN_reg,normalize_SNV,0.985091925139389
YamProtein,LGBM_reg,normalize_SNV,0.9943880772842995
YamProtein,PLS_reg,normalize_SNV,0.02638354580078417
YamProtein,CNN_reg,normalize_gaussian,0.9501496356223168
YamProtein,PLS_reg,normalize_gaussian,0.20466023655294097
YamProtein,Ridge_reg,normalize_gaussian,0.8911804473486092
YamProtein,CNN_reg,normalize_haar,1.2394657248467873
YamProtein,LGBM_reg,normalize_haar,0.24203387943333998
YamProtein,Ridge_reg,normalize_haar,1.019854193371508
YamProtein,CNN_reg,normalize_savgol,1.0572400744746768
YamProtein,LGBM_reg,normalize_savgol,0.9903026394704325
YamProtein,Ridge_reg,normalize_savgol,0.34714008892393944
YamProtein,CNN_reg,normalize_simplescale,0.5812844194485742
YamProtein,LGBM_reg,normalize_simplescale,1.0486484542259626
YamProtein,PLS_reg,normalize_simplescale,0.05597199710628853
YamProtein,CNN_reg,savgol,0.9328363194382825
YamProtein,LGBM_reg,savgol,1.0505843380322493
YamProtein,PLS_reg,savgol,0.14325836449714757
YamProtein,CNN_reg,savgol_SNV,0.7121319909562059
YamProtein,LGBM_reg,savgol_SNV,1.0233998045011568
YamProtein,PLS_reg,savgol_SNV,0.0408164671942266
YamProtein,CNN_reg,savgol_gaussian,1.057494555366329
YamProtein,PLS_reg,savgol_gaussian,0.486707179645246
YamProtein,Ridge_reg,savgol_gaussian,0.8071720615731766
YamProtein,CNN_reg,savgol_haar,1.2598230204698708
YamProtein,LGBM_reg,savgol_haar,0.4218338535634616
YamProtein,Ridge_reg,savgol_haar,0.6414916471568108
YamProtein,CNN_reg,savgol_simplescale,0.6541186104478901
YamProtein,LGBM_reg,savgol_simplescale,1.0760265735052754
YamProtein,PLS_reg,savgol_simplescale,0.06132152512189171
YamProtein,CNN_reg,simplescale,0.6421822423161545
YamProtein,LGBM_reg,simplescale,1.0803741558439954
YamProtein,PLS_reg,simplescale,0.05597199799092334
YamProtein,CNN_reg,simplescale_SNV,0.7394554949840731
YamProtein,LGBM_reg,simplescale_SNV,1.0382292869352523
YamProtein,PLS_reg,simplescale_SNV,0.026383545074257886
YamProtein,CNN_reg,simplescale_gaussian,0.9599984569180081
YamProtein,LGBM_reg,simplescale_gaussian,0.03526891981927216
YamProtein,PLS_reg,simplescale_gaussian,0.35039789609945815
YamProtein,CNN_reg,simplescale_haar,0.3993335971576689
YamProtein,LGBM_reg,simplescale_haar,0.29529480185100776
YamProtein,PLS_reg,simplescale_haar,0.01950860195375037
grapevine_chloride_260_KS,CNN_reg,MSC,0.04778319384619781
grapevine_chloride_260_KS,LGBM_reg,MSC,0.0535128957560089
grapevine_chloride_260_KS,PLS_reg,MSC,0.008347348864953696
grapevine_chloride_260_KS,CNN_reg,MSC_RNV,0.019549702311894485
grapevine_chloride_260_KS,LGBM_reg,MSC_RNV,0.05003374324160917
grapevine_chloride_260_KS,PLS_reg,MSC_RNV,0.005326869893929886
grapevine_chloride_260_KS,CNN_reg,MSC_SNV,0.017995270757897613
grapevine_chloride_260_KS,LGBM_reg,MSC_SNV,0.051001641033009
grapevine_chloride_260_KS,PLS_reg,MSC_SNV,0.0073259996723950005
grapevine_chloride_260_KS,CNN_reg,MSC_gaussian,0.05082209062205231
grapevine_chloride_260_KS,LGBM_reg,MSC_gaussian,0.0314014633406173
grapevine_chloride_260_KS,PLS_reg,MSC_gaussian,0.0026405051981732985
grapevine_chloride_260_KS,CNN_reg,MSC_haar,0.0012033804985532026
grapevine_chloride_260_KS,LGBM_reg,MSC_haar,0.039535669274606305
grapevine_chloride_260_KS,Ridge_reg,MSC_haar,0.0011786719820572056
grapevine_chloride_260_KS,CNN_reg,MSC_normalize,0.056406964176031776
grapevine_chloride_260_KS,LGBM_reg,MSC_normalize,0.06141544774715382
grapevine_chloride_260_KS,PLS_reg,MSC_normalize,0.007478971318817196
grapevine_chloride_260_KS,CNN_reg,MSC_savgol,0.02423450380684511
grapevine_chloride_260_KS,LGBM_reg,MSC_savgol,0.04926809960581657
grapevine_chloride_260_KS,PLS_reg,MSC_savgol,0.007853701755075798
grapevine_chloride_260_KS,CNN_reg,MSC_simplescale,0.049743832575818825
grapevine_chloride_260_KS,LGBM_reg,MSC_simplescale,0.05459767898720069
grapevine_chloride_260_KS,PLS_reg,MSC_simplescale,0.006910305323867605
grapevine_chloride_260_KS,CNN_reg,RNV,0.039916806021308926
grapevine_chloride_260_KS,LGBM_reg,RNV,0.05081707133138663
grapevine_chloride_260_KS,PLS_reg,RNV,0.0053268698939579195
grapevine_chloride_260_KS,CNN_reg,RNV_SNV,0.034483745056613585
grapevine_chloride_260_KS,LGBM_reg,RNV_SNV,0.06011327460769558
grapevine_chloride_260_KS,PLS_reg,RNV_SNV,0.007325999672364802
grapevine_chloride_260_KS,CNN_reg,RNV_gaussian,0.06650688419520931
grapevine_chloride_260_KS,LGBM_reg,RNV_gaussian,0.040580762427969125
grapevine_chloride_260_KS,PLS_reg,RNV_gaussian,0.0018108329513865096
grapevine_chloride_260_KS,LGBM_reg,RNV_haar,0.039588037820797395
grapevine_chloride_260_KS,PLS_reg,RNV_haar,0.00015661637731079203
grapevine_chloride_260_KS,Ridge_reg,RNV_haar,0.00034038406381720065
grapevine_chloride_260_KS,CNN_reg,RNV_savgol,0.0521875773809356
grapevine_chloride_260_KS,LGBM_reg,RNV_savgol,0.061662931553439104
grapevine_chloride_260_KS,PLS_reg,RNV_savgol,0.007249979201136597
grapevine_chloride_260_KS,CNN_reg,RNV_simplescale,0.018613986285617612
grapevine_chloride_260_KS,LGBM_reg,RNV_simplescale,0.054676190345782694
grapevine_chloride_260_KS,PLS_reg,RNV_simplescale,0.006910305323800603
grapevine_chloride_260_KS,CNN_reg,SNV,0.01933521873293953
grapevine_chloride_260_KS,LGBM_reg,SNV,0.052957071846323533
grapevine_chloride_260_KS,PLS_reg,SNV,0.007325999672454703
grapevine_chloride_260_KS,CNN_reg,SNV_gaussian,0.042744557914117604
grapevine_chloride_260_KS,LGBM_reg,SNV_gaussian,0.023127844978281326
grapevine_chloride_260_KS,Ridge_reg,SNV_gaussian,0.0009075176578084987
grapevine_chloride_260_KS,CNN_reg,SNV_haar,0.006460138142234811
grapevine_chloride_260_KS,LGBM_reg,SNV_haar,0.07987231104387979
grapevine_chloride_260_KS,Ridge_reg,SNV_haar,0.004682845969976673
grapevine_chloride_260_KS,CNN_reg,baseline,0.039473961950046293
grapevine_chloride_260_KS,LGBM_reg,baseline,0.05936952912355589
grapevine_chloride_260_KS,PLS_reg,baseline,0.005174035931965415
grapevine_chloride_260_KS,CNN_reg,baseline_MSC,0.04126102550768909
grapevine_chloride_260_KS,LGBM_reg,baseline_MSC,0.05364146770983161
grapevine_chloride_260_KS,PLS_reg,baseline_MSC,0.008347348864832904
grapevine_chloride_260_KS,CNN_reg,baseline_RNV,0.0569576001384009
grapevine_chloride_260_KS,LGBM_reg,baseline_RNV,0.05308811076606451
grapevine_chloride_260_KS,PLS_reg,baseline_RNV,0.0053268698939579195
grapevine_chloride_260_KS,CNN_reg,baseline_SNV,0.036112844159968904
grapevine_chloride_260_KS,LGBM_reg,baseline_SNV,0.0577443334730226
grapevine_chloride_260_KS,PLS_reg,baseline_SNV,0.007325999672395195
grapevine_chloride_260_KS,LGBM_reg,baseline_derivate,0.04512012306189167
grapevine_chloride_260_KS,PLS_reg,baseline_derivate,0.003037659077028465
grapevine_chloride_260_KS,Ridge_reg,baseline_derivate,0.0018068643011465713
grapevine_chloride_260_KS,CNN_reg,baseline_detrend,0.007740779841073103
grapevine_chloride_260_KS,LGBM_reg,baseline_detrend,0.0257494092045448
grapevine_chloride_260_KS,PLS_reg,baseline_detrend,0.0010121825595459932
grapevine_chloride_260_KS,CNN_reg,baseline_gaussian,0.0656936723003125
grapevine_chloride_260_KS,LGBM_reg,baseline_gaussian,0.022710828519923704
grapevine_chloride_260_KS,PLS_reg,baseline_gaussian,0.00694387246185682
grapevine_chloride_260_KS,CNN_reg,baseline_haar,0.0015466052544533815
grapevine_chloride_260_KS,LGBM_reg,baseline_haar,0.05370762000307572
grapevine_chloride_260_KS,Ridge_reg,baseline_haar,0.001277715770737986
grapevine_chloride_260_KS,CNN_reg,baseline_normalize,0.030853211010330284
grapevine_chloride_260_KS,LGBM_reg,baseline_normalize,0.0567751859798013
grapevine_chloride_260_KS,PLS_reg,baseline_normalize,0.007478971318788219
grapevine_chloride_260_KS,CNN_reg,baseline_savgol,0.05578374941695402
grapevine_chloride_260_KS,LGBM_reg,baseline_savgol,0.05202816246061759
grapevine_chloride_260_KS,PLS_reg,baseline_savgol,0.007018082139005205
grapevine_chloride_260_KS,CNN_reg,baseline_simplescale,0.11832252242329491
grapevine_chloride_260_KS,LGBM_reg,baseline_simplescale,0.05708077351304111
grapevine_chloride_260_KS,PLS_reg,baseline_simplescale,0.006910305323818394
grapevine_chloride_260_KS,LGBM_reg,derivate,0.046667124785745806
grapevine_chloride_260_KS,PLS_reg,derivate,0.006921292318464112
grapevine_chloride_260_KS,Ridge_reg,derivate,0.005690497542582218
grapevine_chloride_260_KS,LGBM_reg,derivate_MSC,0.045567773646356224
grapevine_chloride_260_KS,PLS_reg,derivate_MSC,0.005493233152022492
grapevine_chloride_260_KS,Ridge_reg,derivate_MSC,0.003728787263856004
grapevine_chloride_260_KS,LGBM_reg,derivate_RNV,0.02704388779334388
grapevine_chloride_260_KS,PLS_reg,derivate_RNV,0.001869409929820487
grapevine_chloride_260_KS,Ridge_reg,derivate_RNV,0.0008595289946137785
grapevine_chloride_260_KS,CNN_reg,derivate_SNV,0.0020866985157153572
grapevine_chloride_260_KS,LGBM_reg,derivate_SNV,0.041657952122766295
grapevine_chloride_260_KS,PLS_reg,derivate_SNV,0.0014045845954803737
grapevine_chloride_260_KS,CNN_reg,derivate_detrend,0.02653404893845418
grapevine_chloride_260_KS,LGBM_reg,derivate_detrend,0.007775275980681506
grapevine_chloride_260_KS,PLS_reg,derivate_detrend,0.0005357473825843839
grapevine_chloride_260_KS,LGBM_reg,derivate_gaussian,0.028476924076992594
grapevine_chloride_260_KS,PLS_reg,derivate_gaussian,0.010824714012003689
grapevine_chloride_260_KS,Ridge_reg,derivate_gaussian,0.003683983966373372
grapevine_chloride_260_KS,CNN_reg,derivate_haar,0.001766324491544291
grapevine_chloride_260_KS,LGBM_reg,derivate_haar,0.0149263489551128
grapevine_chloride_260_KS,Ridge_reg,derivate_haar,0.0033041066776043904
grapevine_chloride_260_KS,LGBM_reg,derivate_normalize,0.04698195867744259
grapevine_chloride_260_KS,PLS_reg,derivate_normalize,0.00679641564106509
grapevine_chloride_260_KS,Ridge_reg,derivate_normalize,0.005367366182682409
grapevine_chloride_260_KS,LGBM_reg,derivate_savgol,0.0322384658770114
grapevine_chloride_260_KS,PLS_reg,derivate_savgol,0.001938942168908886
grapevine_chloride_260_KS,Ridge_reg,derivate_savgol,0.0008557148308127038
grapevine_chloride_260_KS,CNN_reg,derivate_simplescale,0.05158111682107619
grapevine_chloride_260_KS,LGBM_reg,derivate_simplescale,0.0347505678619866
grapevine_chloride_260_KS,PLS_reg,derivate_simplescale,0.0016063350007018973
grapevine_chloride_260_KS,CNN_reg,detrend,0.004291795882988697
grapevine_chloride_260_KS,LGBM_reg,detrend,0.03126558522693931
grapevine_chloride_260_KS,PLS_reg,detrend,0.001012182559548297
grapevine_chloride_260_KS,CNN_reg,detrend_MSC,0.01066841683121536
grapevine_chloride_260_KS,LGBM_reg,detrend_MSC,0.009468398572148512
grapevine_chloride_260_KS,Ridge_reg,detrend_MSC,0.015886818360109384
grapevine_chloride_260_KS,CNN_reg,detrend_RNV,0.019442059893754998
grapevine_chloride_260_KS,LGBM_reg,detrend_RNV,0.03038066396048747
grapevine_chloride_260_KS,Ridge_reg,detrend_RNV,0.00026309049073008905
grapevine_chloride_260_KS,LGBM_reg,detrend_SNV,0.027700250388462022
grapevine_chloride_260_KS,PLS_reg,detrend_SNV,0.0026207457759359065
grapevine_chloride_260_KS,Ridge_reg,detrend_SNV,0.003915444792986222
grapevine_chloride_260_KS,CNN_reg,detrend_gaussian,0.011056352806751074
grapevine_chloride_260_KS,LGBM_reg,detrend_gaussian,0.01570892803383231
grapevine_chloride_260_KS,PLS_reg,detrend_gaussian,0.006976229994073407
grapevine_chloride_260_KS,CNN_reg,detrend_haar,0.002555914507899104
grapevine_chloride_260_KS,LGBM_reg,detrend_haar,0.059170794992917775
grapevine_chloride_260_KS,PLS_reg,detrend_haar,0.0067152469501114975
grapevine_chloride_260_KS,CNN_reg,detrend_normalize,0.0019785347240759976
grapevine_chloride_260_KS,LGBM_reg,detrend_normalize,0.029767335117917876
grapevine_chloride_260_KS,Ridge_reg,detrend_normalize,0.0065807392065130865
grapevine_chloride_260_KS,LGBM_reg,detrend_savgol,0.03947360648962009
grapevine_chloride_260_KS,PLS_reg,detrend_savgol,0.010845810610021711
grapevine_chloride_260_KS,Ridge_reg,detrend_savgol,0.002808770263624999
grapevine_chloride_260_KS,LGBM_reg,detrend_simplescale,0.04053656992515062
grapevine_chloride_260_KS,PLS_reg,detrend_simplescale,0.0084533012578408
grapevine_chloride_260_KS,Ridge_reg,detrend_simplescale,0.008596849126178696
grapevine_chloride_260_KS,CNN_reg,gaussian,0.011243436825758624
grapevine_chloride_260_KS,LGBM_reg,gaussian,0.017326268409696588
grapevine_chloride_260_KS,PLS_reg,gaussian,0.006943872461857209
grapevine_chloride_260_KS,CNN_reg,haar,0.00944721778417007
grapevine_chloride_260_KS,LGBM_reg,haar,0.051858303290818974
grapevine_chloride_260_KS,Ridge_reg,haar,0.001277715770737986
grapevine_chloride_260_KS,CNN_reg,haar_gaussian,0.0005461088651578794
grapevine_chloride_260_KS,LGBM_reg,haar_gaussian,0.02900108533649287
grapevine_chloride_260_KS,PLS_reg,haar_gaussian,0.0016821258956759566
grapevine_chloride_260_KS,CNN_reg,id,0.011930185754909617
grapevine_chloride_260_KS,LGBM_reg,id,0.0798100559384439
grapevine_chloride_260_KS,Ridge_reg,id,0.0058215089582839
grapevine_chloride_260_KS,CNN_reg,normalize,0.015279115165691692
grapevine_chloride_260_KS,LGBM_reg,normalize,0.07557597232978092
grapevine_chloride_260_KS,PLS_reg,normalize,0.0068548522127700184
grapevine_chloride_260_KS,CNN_reg,normalize_RNV,0.052394271730841796
grapevine_chloride_260_KS,LGBM_reg,normalize_RNV,0.0499503331475801
grapevine_chloride_260_KS,PLS_reg,normalize_RNV,0.005326869893951119
grapevine_chloride_260_KS,CNN_reg,normalize_SNV,0.008496509038907196
grapevine_chloride_260_KS,LGBM_reg,normalize_SNV,0.051001641033090794
grapevine_chloride_260_KS,PLS_reg,normalize_SNV,0.007325999672476796
grapevine_chloride_260_KS,CNN_reg,normalize_gaussian,0.006681848140495578
grapevine_chloride_260_KS,LGBM_reg,normalize_gaussian,0.02422517008679051
grapevine_chloride_260_KS,Ridge_reg,normalize_gaussian,0.005732658888819103
grapevine_chloride_260_KS,CNN_reg,normalize_haar,0.005828852460508321
grapevine_chloride_260_KS,LGBM_reg,normalize_haar,0.031241066258962086
grapevine_chloride_260_KS,PLS_reg,normalize_haar,0.011888212043672214
grapevine_chloride_260_KS,CNN_reg,normalize_savgol,0.012244077997608405
grapevine_chloride_260_KS,LGBM_reg,normalize_savgol,0.07214948231876667
grapevine_chloride_260_KS,PLS_reg,normalize_savgol,0.005567642777912191
grapevine_chloride_260_KS,CNN_reg,normalize_simplescale,0.06249119980153331
grapevine_chloride_260_KS,LGBM_reg,normalize_simplescale,0.0545976789871194
grapevine_chloride_260_KS,PLS_reg,normalize_simplescale,0.006910305323786697
grapevine_chloride_260_KS,CNN_reg,savgol,0.013360607897139387
grapevine_chloride_260_KS,LGBM_reg,savgol,0.06796634797933171
grapevine_chloride_260_KS,PLS_reg,savgol,0.007018082139086695
grapevine_chloride_260_KS,CNN_reg,savgol_SNV,0.053459559023069786
grapevine_chloride_260_KS,LGBM_reg,savgol_SNV,0.05261224214371099
grapevine_chloride_260_KS,PLS_reg,savgol_SNV,0.007451208774122808
grapevine_chloride_260_KS,CNN_reg,savgol_gaussian,0.012932267352875088
grapevine_chloride_260_KS,LGBM_reg,savgol_gaussian,0.0005634153864275959
grapevine_chloride_260_KS,PLS_reg,savgol_gaussian,0.0051564611630563195
grapevine_chloride_260_KS,CNN_reg,savgol_haar,0.014869896794294485
grapevine_chloride_260_KS,LGBM_reg,savgol_haar,0.01241962524850379
grapevine_chloride_260_KS,PLS_reg,savgol_haar,0.008941677143203486
grapevine_chloride_260_KS,CNN_reg,savgol_simplescale,0.05412366325539439
grapevine_chloride_260_KS,LGBM_reg,savgol_simplescale,0.0700596706004635
grapevine_chloride_260_KS,PLS_reg,savgol_simplescale,0.0072273486991988045
grapevine_chloride_260_KS,CNN_reg,simplescale,0.027618376314725218
grapevine_chloride_260_KS,LGBM_reg,simplescale,0.057142414590879514
grapevine_chloride_260_KS,PLS_reg,simplescale,0.006910305323818394
grapevine_chloride_260_KS,CNN_reg,simplescale_SNV,0.027112474785903423
grapevine_chloride_260_KS,LGBM_reg,simplescale_SNV,0.050276256527191615
grapevine_chloride_260_KS,PLS_reg,simplescale_SNV,0.007325999672428002
grapevine_chloride_260_KS,CNN_reg,simplescale_gaussian,0.02912786299516068
grapevine_chloride_260_KS,PLS_reg,simplescale_gaussian,0.0014352384632727866
grapevine_chloride_260_KS,Ridge_reg,simplescale_gaussian,0.0030881338866290964
grapevine_chloride_260_KS,CNN_reg,simplescale_haar,0.011427597185403399
grapevine_chloride_260_KS,LGBM_reg,simplescale_haar,0.03219104373449802
grapevine_chloride_260_KS,Ridge_reg,simplescale_haar,0.002391676618482108
grapevine_chloride_556_KS,CNN_reg,MSC,0.018323808475965597
grapevine_chloride_556_KS,LGBM_reg,MSC,0.0564163287038181
grapevine_chloride_556_KS,PLS_reg,MSC,0.008897386890590497
grapevine_chloride_556_KS,CNN_reg,MSC_RNV,0.021910855758804304
grapevine_chloride_556_KS,LGBM_reg,MSC_RNV,0.06594947560993339
grapevine_chloride_556_KS,PLS_reg,MSC_RNV,0.014572695217587806
grapevine_chloride_556_KS,CNN_reg,MSC_SNV,0.0248529290913925
grapevine_chloride_556_KS,LGBM_reg,MSC_SNV,0.06168832017146211
grapevine_chloride_556_KS,PLS_reg,MSC_SNV,0.01497333929108391
grapevine_chloride_556_KS,CNN_reg,MSC_gaussian,0.03312477607210981
grapevine_chloride_556_KS,LGBM_reg,MSC_gaussian,0.0122955731497629
grapevine_chloride_556_KS,Ridge_reg,MSC_gaussian,0.060188902714790216
grapevine_chloride_556_KS,CNN_reg,MSC_haar,0.03896733248484591
grapevine_chloride_556_KS,LGBM_reg,MSC_haar,0.04997707547177979
grapevine_chloride_556_KS,Ridge_reg,MSC_haar,0.03114758394384301
grapevine_chloride_556_KS,CNN_reg,MSC_normalize,0.0324124225622677
grapevine_chloride_556_KS,LGBM_reg,MSC_normalize,0.06014705432629269
grapevine_chloride_556_KS,PLS_reg,MSC_normalize,0.01466527112641039
grapevine_chloride_556_KS,CNN_reg,MSC_savgol,0.028656265260454505
grapevine_chloride_556_KS,LGBM_reg,MSC_savgol,0.07346340717862451
grapevine_chloride_556_KS,PLS_reg,MSC_savgol,0.0008700888397528972
grapevine_chloride_556_KS,CNN_reg,MSC_simplescale,0.04699581403805031
grapevine_chloride_556_KS,LGBM_reg,MSC_simplescale,0.06183304441214152
grapevine_chloride_556_KS,PLS_reg,MSC_simplescale,0.01605539986642701
grapevine_chloride_556_KS,CNN_reg,RNV,0.009655777670519089
grapevine_chloride_556_KS,LGBM_reg,RNV,0.05844664012845707
grapevine_chloride_556_KS,PLS_reg,RNV,0.014572695217588
grapevine_chloride_556_KS,CNN_reg,RNV_SNV,0.029797690247835212
grapevine_chloride_556_KS,LGBM_reg,RNV_SNV,0.06656614315517301
grapevine_chloride_556_KS,PLS_reg,RNV_SNV,0.014973339291085713
grapevine_chloride_556_KS,CNN_reg,RNV_gaussian,0.0462192985675457
grapevine_chloride_556_KS,LGBM_reg,RNV_gaussian,0.01218852349076499
grapevine_chloride_556_KS,Ridge_reg,RNV_gaussian,0.05562822487803992
grapevine_chloride_556_KS,CNN_reg,RNV_haar,0.04339342532004478
grapevine_chloride_556_KS,LGBM_reg,RNV_haar,0.03586873295641149
grapevine_chloride_556_KS,Ridge_reg,RNV_haar,0.023692694512780305
grapevine_chloride_556_KS,CNN_reg,RNV_savgol,0.044436945931318
grapevine_chloride_556_KS,LGBM_reg,RNV_savgol,0.07385759776532541
grapevine_chloride_556_KS,PLS_reg,RNV_savgol,0.008649117699181696
grapevine_chloride_556_KS,CNN_reg,RNV_simplescale,0.041216935645511404
grapevine_chloride_556_KS,LGBM_reg,RNV_simplescale,0.0634004606630072
grapevine_chloride_556_KS,PLS_reg,RNV_simplescale,0.016055399866427594
grapevine_chloride_556_KS,CNN_reg,SNV,0.03788585577246009
grapevine_chloride_556_KS,LGBM_reg,SNV,0.06180021366393551
grapevine_chloride_556_KS,PLS_reg,SNV,0.014973339291080606
grapevine_chloride_556_KS,CNN_reg,SNV_gaussian,0.033699443645009514
grapevine_chloride_556_KS,LGBM_reg,SNV_gaussian,0.015217167941981607
grapevine_chloride_556_KS,Ridge_reg,SNV_gaussian,0.057354763766580386
grapevine_chloride_556_KS,CNN_reg,SNV_haar,0.0319214417925163
grapevine_chloride_556_KS,LGBM_reg,SNV_haar,0.029422114777596098
grapevine_chloride_556_KS,Ridge_reg,SNV_haar,0.02388635925846838
grapevine_chloride_556_KS,CNN_reg,baseline,0.018035449636677275
grapevine_chloride_556_KS,LGBM_reg,baseline,0.08014873071453629
grapevine_chloride_556_KS,PLS_reg,baseline,0.02613985921011569
grapevine_chloride_556_KS,CNN_reg,baseline_MSC,0.029363453455554606
grapevine_chloride_556_KS,LGBM_reg,baseline_MSC,0.05819814560257938
grapevine_chloride_556_KS,PLS_reg,baseline_MSC,0.008897386890580505
grapevine_chloride_556_KS,CNN_reg,baseline_RNV,0.032560660355447996
grapevine_chloride_556_KS,LGBM_reg,baseline_RNV,0.05853618631175392
grapevine_chloride_556_KS,PLS_reg,baseline_RNV,0.014572695217587806
grapevine_chloride_556_KS,CNN_reg,baseline_SNV,0.021755872484398003
grapevine_chloride_556_KS,LGBM_reg,baseline_SNV,0.05775039252649852
grapevine_chloride_556_KS,PLS_reg,baseline_SNV,0.014973339291086407
grapevine_chloride_556_KS,CNN_reg,baseline_derivate,0.004629530821789463
grapevine_chloride_556_KS,LGBM_reg,baseline_derivate,0.020728697449178768
grapevine_chloride_556_KS,Ridge_reg,baseline_derivate,0.007296509982363364
grapevine_chloride_556_KS,CNN_reg,baseline_detrend,0.010376705706502787
grapevine_chloride_556_KS,LGBM_reg,baseline_detrend,0.06229375974961418
grapevine_chloride_556_KS,PLS_reg,baseline_detrend,0.007306815821361695
grapevine_chloride_556_KS,CNN_reg,baseline_gaussian,0.016074118039798302
grapevine_chloride_556_KS,LGBM_reg,baseline_gaussian,0.007936441245121717
grapevine_chloride_556_KS,Ridge_reg,baseline_gaussian,0.051194424433728125
grapevine_chloride_556_KS,CNN_reg,baseline_haar,0.0252358239961592
grapevine_chloride_556_KS,LGBM_reg,baseline_haar,0.02713544804516621
grapevine_chloride_556_KS,Ridge_reg,baseline_haar,0.01427584205782051
grapevine_chloride_556_KS,CNN_reg,baseline_normalize,0.01709260547442179
grapevine_chloride_556_KS,LGBM_reg,baseline_normalize,0.06529429840201731
grapevine_chloride_556_KS,PLS_reg,baseline_normalize,0.014665271126411306
grapevine_chloride_556_KS,CNN_reg,baseline_savgol,0.04248074189266568
grapevine_chloride_556_KS,LGBM_reg,baseline_savgol,0.08074546325718218
grapevine_chloride_556_KS,PLS_reg,baseline_savgol,0.012286880023556102
grapevine_chloride_556_KS,CNN_reg,baseline_simplescale,0.04640700711020029
grapevine_chloride_556_KS,LGBM_reg,baseline_simplescale,0.06229267556417181
grapevine_chloride_556_KS,PLS_reg,baseline_simplescale,0.016055399866431008
grapevine_chloride_556_KS,CNN_reg,derivate,0.0010844324003626005
grapevine_chloride_556_KS,LGBM_reg,derivate,0.02691590931835469
grapevine_chloride_556_KS,Ridge_reg,derivate,0.007296509982363086
grapevine_chloride_556_KS,CNN_reg,derivate_MSC,0.0012268004023565093
grapevine_chloride_556_KS,LGBM_reg,derivate_MSC,0.022944154274513295
grapevine_chloride_556_KS,Ridge_reg,derivate_MSC,0.026875354005074015
grapevine_chloride_556_KS,LGBM_reg,derivate_RNV,0.02979705550850048
grapevine_chloride_556_KS,PLS_reg,derivate_RNV,0.0002601897569184941
grapevine_chloride_556_KS,Ridge_reg,derivate_RNV,0.00664976852877297
grapevine_chloride_556_KS,LGBM_reg,derivate_SNV,0.022381491675822818
grapevine_chloride_556_KS,PLS_reg,derivate_SNV,0.0016265443914030286
grapevine_chloride_556_KS,Ridge_reg,derivate_SNV,0.010665839210996009
grapevine_chloride_556_KS,CNN_reg,derivate_detrend,0.002097974190195695
grapevine_chloride_556_KS,LGBM_reg,derivate_detrend,0.012250151937281295
grapevine_chloride_556_KS,Ridge_reg,derivate_detrend,0.005962217977379225
grapevine_chloride_556_KS,CNN_reg,derivate_gaussian,0.004447103852914913
grapevine_chloride_556_KS,LGBM_reg,derivate_gaussian,0.002508355382166594
grapevine_chloride_556_KS,PLS_reg,derivate_gaussian,0.007512108595888578
grapevine_chloride_556_KS,LGBM_reg,derivate_haar,0.010253881730771408
grapevine_chloride_556_KS,PLS_reg,derivate_haar,0.0070742835522871195
grapevine_chloride_556_KS,Ridge_reg,derivate_haar,0.007116645497949381
grapevine_chloride_556_KS,LGBM_reg,derivate_normalize,0.021521558019426512
grapevine_chloride_556_KS,PLS_reg,derivate_normalize,0.0010113904307180177
grapevine_chloride_556_KS,Ridge_reg,derivate_normalize,0.0010321618681524147
grapevine_chloride_556_KS,LGBM_reg,derivate_savgol,0.019859225370402134
grapevine_chloride_556_KS,PLS_reg,derivate_savgol,0.0001576857695768097
grapevine_chloride_556_KS,Ridge_reg,derivate_savgol,0.0019128422489909092
grapevine_chloride_556_KS,LGBM_reg,derivate_simplescale,0.033251268098763054
grapevine_chloride_556_KS,PLS_reg,derivate_simplescale,0.002220665906199737
grapevine_chloride_556_KS,Ridge_reg,derivate_simplescale,0.0033409232747045325
grapevine_chloride_556_KS,CNN_reg,detrend,0.07341660595919422
grapevine_chloride_556_KS,LGBM_reg,detrend,0.0650853628556626
grapevine_chloride_556_KS,PLS_reg,detrend,0.007306815821360113
grapevine_chloride_556_KS,CNN_reg,detrend_MSC,0.08357993154259938
grapevine_chloride_556_KS,LGBM_reg,detrend_MSC,0.0584977096796063
grapevine_chloride_556_KS,Ridge_reg,detrend_MSC,0.08314219555672062
grapevine_chloride_556_KS,CNN_reg,detrend_RNV,0.0019325572128167934
grapevine_chloride_556_KS,LGBM_reg,detrend_RNV,0.0650144738861928
grapevine_chloride_556_KS,PLS_reg,detrend_RNV,0.009811118342624409
grapevine_chloride_556_KS,LGBM_reg,detrend_SNV,0.07897021037598209
grapevine_chloride_556_KS,PLS_reg,detrend_SNV,0.02150088632404462
grapevine_chloride_556_KS,Ridge_reg,detrend_SNV,0.009750590475216925
grapevine_chloride_556_KS,CNN_reg,detrend_gaussian,0.03943657608963841
grapevine_chloride_556_KS,LGBM_reg,detrend_gaussian,0.009350670160426622
grapevine_chloride_556_KS,Ridge_reg,detrend_gaussian,0.051239987582523794
grapevine_chloride_556_KS,CNN_reg,detrend_haar,0.06037019409211569
grapevine_chloride_556_KS,LGBM_reg,detrend_haar,0.03473585702394599
grapevine_chloride_556_KS,Ridge_reg,detrend_haar,0.014315295619492602
grapevine_chloride_556_KS,CNN_reg,detrend_normalize,0.0405473390786846
grapevine_chloride_556_KS,LGBM_reg,detrend_normalize,0.0698834825812267
grapevine_chloride_556_KS,PLS_reg,detrend_normalize,0.015337379269168616
grapevine_chloride_556_KS,CNN_reg,detrend_savgol,0.07968103383602307
grapevine_chloride_556_KS,LGBM_reg,detrend_savgol,0.06606644647008028
grapevine_chloride_556_KS,Ridge_reg,detrend_savgol,0.002347324975809889
grapevine_chloride_556_KS,CNN_reg,detrend_simplescale,0.013161869330777703
grapevine_chloride_556_KS,LGBM_reg,detrend_simplescale,0.07054085288796999
grapevine_chloride_556_KS,PLS_reg,detrend_simplescale,0.011884116566342917
grapevine_chloride_556_KS,CNN_reg,gaussian,0.037332839655492084
grapevine_chloride_556_KS,LGBM_reg,gaussian,0.006216606861035284
grapevine_chloride_556_KS,Ridge_reg,gaussian,0.05119442443372857
grapevine_chloride_556_KS,CNN_reg,haar,0.056374277406616685
grapevine_chloride_556_KS,LGBM_reg,haar,0.029693161418731406
grapevine_chloride_556_KS,Ridge_reg,haar,0.014275842057821897
grapevine_chloride_556_KS,LGBM_reg,haar_gaussian,0.001475160805346598
grapevine_chloride_556_KS,PLS_reg,haar_gaussian,0.0025595354162086803
grapevine_chloride_556_KS,Ridge_reg,haar_gaussian,0.018178192797569576
grapevine_chloride_556_KS,CNN_reg,id,0.05980535790649569
grapevine_chloride_556_KS,LGBM_reg,id,0.07927950106457421
grapevine_chloride_556_KS,PLS_reg,id,0.027149614746161094
grapevine_chloride_556_KS,CNN_reg,normalize,0.0360825678010927
grapevine_chloride_556_KS,LGBM_reg,normalize,0.049826288557774906
grapevine_chloride_556_KS,PLS_reg,normalize,0.005308808974218815
grapevine_chloride_556_KS,CNN_reg,normalize_RNV,0.01026515107200629
grapevine_chloride_556_KS,LGBM_reg,normalize_RNV,0.059654640270534215
grapevine_chloride_556_KS,PLS_reg,normalize_RNV,0.014572695217589804
grapevine_chloride_556_KS,CNN_reg,normalize_SNV,0.04903743179249889
grapevine_chloride_556_KS,LGBM_reg,normalize_SNV,0.05844354167721949
grapevine_chloride_556_KS,PLS_reg,normalize_SNV,0.014973339291084603
grapevine_chloride_556_KS,CNN_reg,normalize_gaussian,0.07307553504528319
grapevine_chloride_556_KS,LGBM_reg,normalize_gaussian,0.01593627726269481
grapevine_chloride_556_KS,Ridge_reg,normalize_gaussian,0.07289619405953202
grapevine_chloride_556_KS,CNN_reg,normalize_haar,0.07996977708781461
grapevine_chloride_556_KS,LGBM_reg,normalize_haar,0.03847634830139321
grapevine_chloride_556_KS,Ridge_reg,normalize_haar,0.04597811946297389
grapevine_chloride_556_KS,CNN_reg,normalize_savgol,0.0675158504572127
grapevine_chloride_556_KS,LGBM_reg,normalize_savgol,0.06802981406152087
grapevine_chloride_556_KS,Ridge_reg,normalize_savgol,0.0058659577282008935
grapevine_chloride_556_KS,CNN_reg,normalize_simplescale,0.023748106447807588
grapevine_chloride_556_KS,LGBM_reg,normalize_simplescale,0.06190596898180359
grapevine_chloride_556_KS,PLS_reg,normalize_simplescale,0.016055399866424902
grapevine_chloride_556_KS,CNN_reg,savgol,0.07563310573405241
grapevine_chloride_556_KS,LGBM_reg,savgol,0.07973388021789507
grapevine_chloride_556_KS,PLS_reg,savgol,0.012286880023548191
grapevine_chloride_556_KS,CNN_reg,savgol_SNV,0.04320588453170551
grapevine_chloride_556_KS,LGBM_reg,savgol_SNV,0.07621536324427408
grapevine_chloride_556_KS,PLS_reg,savgol_SNV,0.0057084508771668985
grapevine_chloride_556_KS,CNN_reg,savgol_gaussian,0.027320246396995818
grapevine_chloride_556_KS,LGBM_reg,savgol_gaussian,0.007190654683818104
grapevine_chloride_556_KS,Ridge_reg,savgol_gaussian,0.013516096519385207
grapevine_chloride_556_KS,CNN_reg,savgol_haar,0.04149064417487519
grapevine_chloride_556_KS,LGBM_reg,savgol_haar,0.02748158908131751
grapevine_chloride_556_KS,PLS_reg,savgol_haar,0.0025004174177609972
grapevine_chloride_556_KS,CNN_reg,savgol_simplescale,0.041771280439060976
grapevine_chloride_556_KS,LGBM_reg,savgol_simplescale,0.06871842917844087
grapevine_chloride_556_KS,PLS_reg,savgol_simplescale,0.007069096753333698
grapevine_chloride_556_KS,CNN_reg,simplescale,0.03908639482380319
grapevine_chloride_556_KS,LGBM_reg,simplescale,0.06188623030435347
grapevine_chloride_556_KS,PLS_reg,simplescale,0.016055399866429093
grapevine_chloride_556_KS,CNN_reg,simplescale_SNV,0.03130063412528619
grapevine_chloride_556_KS,LGBM_reg,simplescale_SNV,0.05959177901965301
grapevine_chloride_556_KS,PLS_reg,simplescale_SNV,0.014973339291083604
grapevine_chloride_556_KS,CNN_reg,simplescale_gaussian,0.06192371565404789
grapevine_chloride_556_KS,LGBM_reg,simplescale_gaussian,0.00505205557872021
grapevine_chloride_556_KS,Ridge_reg,simplescale_gaussian,0.058725455403523336
grapevine_chloride_556_KS,CNN_reg,simplescale_haar,0.05194411111929151
grapevine_chloride_556_KS,LGBM_reg,simplescale_haar,0.029511754960374698
grapevine_chloride_556_KS,Ridge_reg,simplescale_haar,0.024177277980552497
