y_true;y_pred
12.54;10.917417933913612
12.41;17.501033475563418
25.81;16.946177541774887
24.13;14.122526027341337
17.12;14.899782700041214
13.54;22.048748701166005
21.8;19.57436769587912
20.9;18.810038150679247
21.87;14.885964894247081
20.16;30.85319162083215
22.64;13.510644902030435
20.22;16.305635451268245
21.28;17.034416394388245
19.61;15.505619884664156
30.23;25.479937105776116
31.44;22.507154509994507
16.43;4.231167822660609
13.23;19.88850829868079
35.78;26.348383910963094
32.51;25.37662727213592
12.95;13.709057219762144
14.11;18.345199128075365
27.88;15.255696835889466
29.07;25.639749140000276
14.55;11.889426742523028
16.5;17.004166215667283
26.0;14.97081107906888
23.26;15.908362117816068
15.92;13.033931940756702
14.7;12.894880802333319
27.9;18.05144739766729
30.75;22.063906784098435
34.5;19.209701113739357
10.54;15.138421386595837
23.49;14.126119606460634
32.3;-21.708617232847246
28.42;27.02623339915408
33.21;23.930543204673086
24.13;26.074480974448306
24.06;3.0851338429911266
44.58;37.38564801582652
44.46;35.351472452102826
30.51;27.639637293343185
31.63;8.888792387600915
30.67;21.735394820965666
30.68;27.284819067323042
42.98;34.250543888656466
41.9;2.6841544149701804
35.71;32.29287936426226
22.96;21.186194432042612
20.83;17.870328741903904
23.05;18.331624638681205
26.94;20.3752788308866
30.23;20.880792755089715
45.59;32.77403638720898
42.53;31.668968977270197
23.97;20.756042239701856
23.89;16.44156536279661
55.09;32.515935771947625
51.42;35.65936338959182
27.35;23.72289984046256
31.42;25.46508267630452
38.41;22.850257909611173
41.39;26.717069139458545
24.91;21.21792953468139
23.65;18.65142597821432
42.11;37.863276234182194
43.11;31.957531939196997
23.1;20.210850368648607
21.61;20.2369545106867
50.76;32.4209612392242
25.5;34.23271858560656
26.41;20.89918657647104
27.97;21.794004749748638
49.75;30.653690829023617
52.85;30.186025215627524
32.39;25.441381662103595
33.8;36.90796305385993
50.37;37.66004974144198
47.74;3.292158701688095
28.41;28.905811071903372
27.7;32.47300789334804
40.54;25.91954869286019
45.72;39.01391553031317
35.95;35.26126989544173
36.32;31.25773475490314
52.56;33.91841546780233
54.11;39.55469595998329
36.81;23.589620660774017
32.77;24.949590261048797
51.58;35.10105964939976
51.5;34.35914876978313
29.23;34.09891878750386
30.02;28.521697960351958
50.45;33.73220918917832
50.42;8.0460729083552
40.54;31.498782536613362
40.24;36.415425348239296
61.88;35.30889946696152
56.94;12.94917130181966
23.85;25.18348465832787
21.56;15.150667107243862
26.63;21.834134315593474
25.59;18.761664597483104
11.72;13.334061589484008
13.91;14.32569024739405
20.26;22.187089665856547
21.63;17.12683643461969
14.86;13.896393504560365
13.98;12.892725846601934
21.15;14.717584573277236
20.16;13.629243363657224
11.19;16.60142252271089
12.46;-2.119454323995342
21.18;15.796012376528779
21.55;16.31557042946406
8.33;4.599644916960642
7.72;10.681291130996215
8.41;3.887792445616469
9.99;4.80684983766605
11.1;14.245956055920942
10.17;13.647470890310615
7.08;-19.998624946002565
7.01;-16.158492121223162
14.77;13.770360135315968
17.43;17.760871130852138
9.3;18.5039785992185
9.66;12.953438947238283
12.16;14.356605252827649
13.02;13.592390947667809
5.45;-14.274100951566652
4.37;-18.367418926042774
11.69;15.93333467814864
13.19;16.356824522356874
16.81;13.671760043972427
14.48;13.995254087071771
7.78;2.1796937671451815
9.54;7.45879226330635
73.28;41.65325642975404
76.15;39.81658509468434
35.57;26.363261176136803
35.36;28.062582714492237
87.52;7.81939770754434
91.42;6.6617206826649635
74.21;36.98236036357957
82.58;44.11029281326228
30.2;21.81091475246467
26.97;19.692143507401852
26.15;21.99684537884059
24.25;21.214587397358628
21.03;18.445447337739097
20.94;21.13499431749551
30.01;19.497497589547493
31.62;20.56708920940764
84.34;47.41099893365208
79.85;44.67191622103019
83.32;44.917228410713506
81.15;42.64182881719353
103.54;47.97111071025756
101.65;49.507553157071015
106.72;42.11497649069679
105.09;41.41376581501572
92.36;46.684473996823726
92.75;44.59867472096266
25.19;17.413233225825024
38.55;33.10924355433417
53.3;39.46622716436286
27.56;26.456959334011117
24.37;19.80085637541015
48.08;47.65659736757061
63.54;42.939696606448706
16.97;11.728539270625333
20.15;11.831332669286894
34.02;27.449956417092835
78.8;22.593804070927945
7.9;-35.34281190517959
7.95;7.018735219417977
1.14;8.268429780596307
0.87;-25.232497228703323
61.48;29.58072965999054
70.48;30.565772414609455
11.62;19.60071807650729
11.44;-0.47688713903426105
1.17;-34.59737692277122
0.78;-50.563095687219175
41.17;25.58842506981273
45.13;26.82682909568939
31.94;23.76205497540468
32.44;29.80233092702656
16.29;18.87636918220869
16.97;15.29415711828824
65.01;49.06437215949882
74.15;51.52472697677331
37.01;20.885087131393448
38.32;23.102712104899183
5.44;-0.7946633495521382
4.34;-8.121456462256901
34.92;37.00497943048504
33.74;34.83861212846932
47.18;52.29875146647646
39.63;44.09693142180731
20.47;23.513116952542987
21.35;19.19887534987538
21.01;21.24363816778896
20.66;24.055626107774515
18.62;17.75624755456556
19.05;18.898751589515086
41.69;31.457272458168518
36.01;18.519299185876662
61.99;43.85991482328427
52.94;28.895481292334807
36.64;36.05276197735111
30.62;28.73756094661985
72.81;60.705198840254525
24.37;15.50595768030962
51.86;33.23605663107628
42.86;29.53114211330285
35.6;29.89274547084824
22.89;22.604053924346772
70.07;60.29401522006265
62.75;49.68957420076367
38.66;6.5714185851811635
33.2;4.138945251017503
17.16;13.650880701184178
19.02;12.892448359332093
13.02;13.447927276122755
14.76;13.773309366144758
73.6;38.86959943218426
58.72;40.26436667219423
60.19;40.44171931134224
31.39;20.840151164726194
54.32;14.3350666598908
47.5;-56.37152900611727
52.69;43.13462648527093
19.87;12.460344242564133
50.33;31.121226069119075
56.05;35.95287826557069
57.14;52.34829442670343
61.15;51.22160341145991
51.58;43.41277454213741
1.75;19.83832985698882
55.23;45.73698190884352
54.6;44.64394248282224
54.55;45.44223977255206
46.59;45.95025515814814
66.23;52.698641246528496
52.37;46.59327674821725
36.89;23.304423593495812
27.97;23.02244317523764
1.33;7.716747599394694
10.23;14.529473092653461
37.62;31.186074667546563
26.98;24.686062737068823
0.92;17.138887908399738
45.59;38.649903096427806
29.43;29.509362671307827
1.29;-19.299835271878692
1.56;-52.85462592542899
26.96;-52.656488254858004
38.58;31.140150457375057
31.48;27.99813831953543
23.05;20.843856679750388
15.16;16.107834146808273
21.31;12.98231512545226
62.93;41.99707545912133
55.67;36.822656826132516
43.9;33.272704461970534
43.8;33.215745255658476
2.36;8.692670014894247
87.6;63.34453230143299
37.11;25.892980901523515
36.46;27.88600127058362
27.28;20.614755051103202
46.29;30.121878586398452
32.08;19.901202457366708
29.22;18.383268728679468
24.39361514;36.55888578682425
25.78314468;41.88116242104775
25.32767952;49.60465138740528
21.63125221;3.764084727059526
21.43567386;0.9566934164922714
20.48553237;6.26193070119848
20.68714185;10.205306468843673
19.5273081;17.887171635524282
19.80060134;45.764542957676895
13.61299965;31.440016486880268
13.45318359;30.177254371982826
14.17707817;6.14665985088709
13.4381323;24.627883550302613
16.32886452;-69.06055409933538
16.65014149;-6.29748708142597
16.07767952;-13.442328004576666
17.53967103;16.961282032475538
17.32856385;32.30859026360304
16.98719491;-2.7698724973186017
16.48703573;42.21388998162092
14.79557835;34.30016531702495
16.19106827;32.044636133106906
14.76915458;11.16754603348636
13.80113194;-23.377326084965716
16.71844712;0.06404497108360374
16.5554121;-19.940497313974447
34.07281571;57.335585289039955
47.11264591;55.04981185892393
43.98842412;55.60755118459019
31.77660064;43.934456002089064
32.2643792;49.12001745649832
39.38862752;52.53538213936463
27.34465865;28.944312281781322
24.69936328;32.91557481696691
14.34529537;25.9989809282215
18.25518217;35.92825131176414
18.05030952;32.93058050979562
21.81193845;36.66842950812338
24.98655819;41.931064244671006
24.18172975;38.29356631515293
27.10845419;7.459454854040132
31.37852848;39.198983691224385
24.85132649;35.971799204691024
25.56671383;43.551402343021664
24.19074991;34.03301347622801
24.65907322;18.854506826515035
19.4408914;25.580253792712938
26.82957198;42.18125950464946
24.61703219;47.4943684767004
38.97458437;59.53419549203977
43.89640962;49.30811037462445
41.941422;16.28135146679233
31.38089848;10.382160658436987
44.85431553;13.161881310208628
40.05364344;38.00878427071257
36.84082066;51.26933006089075
37.04957552;33.430178395747134
46.2747966;26.813530040400337
28.43330386;58.94323551280468
42.66717368;55.57736978633966
34.25434206;65.22544288964946
25.63471878;48.76392645816418
30.28096923;48.249292463204256
38.71508666;10.512831147830184
38.83199505;5.283387138478474
42.58371065;35.91820311532251
31.87523877;48.62656637368673
27.01804033;44.95628138576194
24.3494694;-2.9863761800359043
24.738318;45.961201756284936
34.91685532;54.0782841803848
35.75909091;46.3198108869783
32.51867704;32.47165139383378
22.8521047;42.65382539750044
25.16825256;22.13259624839975
30.437867;38.09740928165593
49.50245844;43.76613933833323
48.44119208;49.16010050139084
56.80779094;48.4916727384134
42.52398302;47.71514354813735
41.1315352;54.268888045121685
55.30233463;48.46569525443374
42.86427308;47.89761243711291
41.93570923;56.57094940354182
47.53751326;55.36396512556712
47.37138309;61.19088953942173
47.99474708;53.9819960843397
48.00437743;57.598425087186115
54.23921118;53.876229091494
51.2451185;46.25347504734418
59.31018748;53.94024741140788
26.30155642;47.167309710263
43.22196675;49.08498588206021
35.23178281;-42.06847286690095
47.89004245;48.84326928832638
40.2844358;58.21994822170291
49.07705164;-22.264562060300477
42.62628228;54.07766285852472
53.46078882;43.28407456159948
42.89189954;50.54981061438684
35.59416342;7.630408114776628
36.46391935;36.93508650591957
30.49299611;33.82476296026471
50.68793774;55.2668274413129
45.32373541;51.56142883346661
49.1790856;3.804986814734775
56.5312699;46.391513452590516
46.1201804;48.597250053326206
45.35298903;57.40581240578217
43.14322603;47.16777782063764
40.32996109;47.15049254767837
36.00610187;12.520665151922003
48.49428723;-15.326733235757956
53.31298196;62.654112253057974
49.81738592;-26.48356053142993
52.95866643;55.419802117841755
52.20481075;66.29422775568514
51.3651751;56.456285155137266
48.87529183;12.039586602951431
47.07780333;39.33788066719899
53.29310223;38.86088165467481
43.1184648;60.767428582515095
45.76146091;-35.596818592999625
39.95282985;54.90773784499379
38.5765122;43.453276921924044
40.01936682;-22.705729037844094
40.69434029;58.15227200300342
40.49685179;-0.5742226788315747
40.76850018;47.46926693840487
31.35397948;6.011780603147827
46.23687655;-5.183541309135762
31.57232048;54.31838975073697
49.43447117;62.24990550923326
39.30183941;62.35184260306596
33.79389813;51.61938582337643
48.36386629;54.66054571001041
40.61590025;-4.374024183405709
48.40320127;-36.764758569015385
48.10535904;8.633818798232141
44.96473293;-12.303904763540004
42.83445348;57.71408392257217
43.31884507;54.39705070563923
33.1002653;-45.29607289732735
39.889052;8.968530344659712
38.14365051;53.58545833391145
57.82370004;53.987973298035286
42.41156703;-43.90376577624011
41.9405023;61.74447460498959
33.29945172;-5.596331560490171
36.40035373;62.06516709551852
37.03623099;-10.186122772707677
37.75953307;-6.624725836509015
39.26779271;-12.560284298715487
42.32658295;61.91852009899708
40.56328263;32.739452588041104
40.24513619;-34.46369730540391
35.81885391;-36.14084575627999
50.85159179;-81.1966273958842
53.65387336;7.498219757178958
47.04046693;53.67530711190125
34.57792713;15.155579855358155
48.39027237;-14.463533659990162
45.79281924;54.851147733939115
36.91995048;57.558207642143316
43.4594977;-143.2055941278104
33.44027237;-146.62189141195336
47.32115317;43.349347026726946
59.46144323;60.29120461468756
52.1139901;30.33839772246847
45.88252565;60.975646804190774
42.14285462;-29.24374739268569
48.21412274;40.17019218403789
35.44304917;52.01425832016048
40.14029006;65.84324993569135
49.46894234;-19.33359712301626
50.5393173;54.160995127828755
51.76177927;-64.69234891375595
42.07210824;62.6021419849078
41.97767952;52.610956444465046
27.19784224;57.57552701085865
42.24463212;31.414204095064633
51.36211532;62.7648099348944
48.24244782;-155.51673663685688
40.63394057;-124.99859375199867
34.07392996;29.673620124329318
31.17943049;-165.61549737807104
47.09541917;-19.231292111324365
31.78098691;61.78164885879892
38.99504775;59.98243080614907
31.59653343;-58.6372361845406
34.8361514;62.500122107491734
33.37110011;-26.253673630779303
27.38309162;62.152500041849635
37.36977361;47.394260509065134
45.84044924;26.90071829239082
28.06338875;61.037706465414885
34.91659002;36.33209185135843
43.34241245;-46.11968379434711
36.24787761;-92.04717326705554
30.34791298;-141.30274171201813
44.68498408;52.4472025857815
46.38263177;62.73961974500435
52.89573753;60.767889309032626
48.31726212;-28.098484332994076
58.02868765;-41.07404962452779
52.99052883;-33.34307311523662
43.8908914;-151.95498373301302
39.54883268;65.96585910474369
47.7470994;-155.8863315567778
51.28949416;20.864360496639392
35.88489565;21.780874731833364
30.32943049;-36.46823250723605
44.79964627;-70.29194045867257
39.91680226;23.062310489708807
38.69869119;57.51639448184892
32.91234524;37.13835917849883
31.69754156;65.28098461289028
34.51565264;16.6406099769938
56.8229572;50.03926140004387
59.9379908;16.559997189211572
47.96469756;12.597823133491147
44.16107181;-68.33453419299803
48.72058719;35.069343505473626
40.76349487;-41.288490710315045
34.47408914;56.970715963542716
38.73027945;56.086837891692085
41.12382384;54.98801783801446
51.58441811;14.92893802832532
45.08006721;-69.97737414208746
57.3862752;52.715734017442855
44.61119561;10.035178685478968
39.63243721;-71.75175503268906
39.38254333;52.228879431294445
29.88194199;27.139738276845492
26.5747966;35.64947291997942
32.29140432;-14.593719843213876
18.2005306;41.06457532771242
34.40008843;-57.43457330713932
35.21738592;58.19311420070062
24.01720906;-81.91356323913169
52.40682703;-9.045618066943234
30.87072869;35.23141136769027
30.15767598;-182.0647471721586
29.63751326;-11.658539089600481
17.10360807;-224.9161697769432
41.76250442;48.85003134058388
38.72629996;-107.06133008716347
25.6583127;63.13596023735772
43.94306686;57.8564833912078
48.02987266;69.88499956734358
45.60338698;-10.371098443080655
47.24517156;27.433208317622302
47.49188185;-16.715995058013277
45.96699682;-75.35008616614755
37.87888221;54.52041112107622
37.57327556;66.12628636771933
41.97729041;64.04472388872364
45.19354439;42.51850743513478
35.82881146;-70.93468606847523
29.05595154;62.32098299498739
29.53431199;49.268348320780206
30.21100106;57.72179648529891
24.23473647;6.630807135873511
34.88542625;-10.811782295961848
39.26340644;40.07819198852576
23.34099752;59.378827832735624
44.37021578;19.45760940070363
33.06975593;-36.18966554454596
40.48292359;-0.6422850155149717
31.32354086;48.74071899970568
31.96204457;58.25883874517808
25.91393704;-132.60117211483157
26.12773258;66.52925306274028
23.25887867;12.408598732064092
39.75447471;-2.1598185137606833
36.02886452;60.65051186667006
46.69040502;5.578206234264144
40.94338521;-114.3932029550615
32.79283693;1.589828994708114
39.45191015;22.217637106691654
29.25042448;-215.06736364745848
15.96452069;-152.39768044613993
25.22785638;-6.641180735664193
21.68231341;-119.54072554116101
8.040997524;16.979317549222287
24.38871595;41.264976391590835
16.33160594;60.10813379760202
28.83471878;-126.5760123459338
25.98178281;-159.33683397630193
46.29833746;13.876007279870691
29.2692607;-6.2776486645116165
31.6752034;-126.62538690868018
30.78010258;-8.899528260972147
35.23666431;-1.7493942167684509
33.75270605;-94.01204711655282
30.06639547;-169.86795304429506
25.28979484;47.533168419593494
26.55001769;-5.42794164269344
26.65965688;-53.4795444385461
36.44785992;34.119099167094646
34.38109303;-17.902784949796114
31.71989742;50.024236716360974
36.29368589;-49.93507385872999
33.53900778;31.15401879710862
32.44856739;-182.1954744568684
35.07297489;-156.03074937431666
28.12069331;-182.53741217767765
34.48961797;-49.58131463906534
23.17292183;-50.45760427693858
30.010948;62.56192404146623
20.33606296;60.837082757951976
11.28814998;66.80771149905468
30.9381942;14.808953754732102
23.82270959;-36.56152237313199
25.15185709;-84.22987862887294
25.88148214;-17.830008357665974
19.4300849;57.67674972519944
28.98004952;60.3147202743412
19.79787761;51.40210783322891
14.37274496;53.644564556796695
19.17725504;68.36722315673887
27.26302618;65.86472997671285
20.8282278;57.59984680152684
19.97980191;58.02418453766131
19.34561372;15.730819438252183
42.34994694;69.35996862678621
44.11597099;48.102517141373255
32.4824549;31.31191675433115
20.93065087;29.28798003958127
20.39441104;58.42183987514636
25.15500973;67.56017693033846
17.60060134;-67.35487238049336
31.58609834;-6.043927121697379
29.27536258;-1.3794523568876684
17.00539441;-118.68514082051206
21.84299611;9.695014215961237
19.01954369;-30.609120979083855
20.75208702;-97.23605574981502
19.06581181;-55.159139269228945
12.90863106;-76.55711689135
17.41246905;-96.33405450960981
20.50921472;42.1112269864343
5.733003184;-126.41151169052773
28.68526707;-123.23884238593814
24.28705341;-19.00150351400748
13.58705341;46.90137669186424
20.07964273;-76.1884401759362
31.45256456;47.88827138972306
25.46469756;24.828167830384928
7.335054828;47.63801915952081
10.81605943;12.262394059577673
17.75258224;36.279797092981426
15.7236116;51.829947018392886
21.29099752;-18.399243897685665
23.02332862;-94.501627682459
23.71363636;22.02433699960625
19.23222497;17.928660759004742
17.54371242;27.602505082589232
19.50049522;44.85447350015147
30.62780333;4.035047744923986
14.639052;56.1664775558811
7.824319066;-141.53178436685425
10.70045985;42.12228426374986
14.70986912;47.40095870201367
8.087106473;1.5229732734560457
3.912079943;-12.34541516999866
6.035470463;0.5444235108470821
21.67932437;-29.870648279558736
11.08190661;-105.16847372385291
4.877591086;-145.72938042127316
19.2419526;-85.77395323739074
2.627944818;-23.914253753967387
4.890767598;-29.552154264564706
1.429837283;-582.9051386223462
12.75116732;1.925819750903429
12.05761408;-73.9925054428295
13.29179342;-226.7273039671618
16.42759109;-119.54402017224106
3.974266006;-113.39710539445127
23.40999293;-100.91429820288045
27.61881854;-38.36175975904257
32.84264238;-204.40787739848815
12.16795189;-26.855309178524294
18.61536965;21.173374762713138
20.37979307;42.81431714641917
22.57629996;41.16169895927783
22.20286523;-42.882557410961454
23.15661479;31.333896806521125
9.251574107;-0.13897959427777096
18.80044216;55.28856673802875
3.983675274;-853.3338047821696
8.997488504;49.70447473018339
15.69342059;46.73347082024634
19.63440042;-1.567741024709676
15.34915104;-214.23514168039947
9.961036434;-30.047427047595193
14.82483198;-97.84517932008748
6.436593562;-130.00349816377275
8.542889989;-92.93638493007165
13.68123452;39.525952392139516
8.548001415;-54.82706225954098
10.19246551;-99.05352577408485
10.32946586;-134.0643573144407
15.79207641;-7.711034010161711
15.75357269;35.45720097241065
6.629501238;-37.04647212451982
5.920268836;-149.42867359559477
10.14359745;-113.24462358455457
11.67460205;-118.08818225734103
16.30219314;-122.16855303535976
14.48770782;-52.70128483219287
12.03659356;10.480774161521367
15.65459851;-36.31754809409995
14.02690131;-17.661048952823876
13.8783693;39.02042112536765
15.20022993;-80.74357540570122
16.09846127;-34.079509692283864
16.43809692;-29.642822604997264
14.01452069;-69.8631363223667
15.01759816;-71.51242096748592
17.47113548;17.919066921147532
19.52958967;13.522213792090042
26.610948;-27.3385814340636
22.65511143;44.65653717040459
23.48206579;-2.027608509144329
19.89480014;33.84943411804875
18.37226742;28.711738754800535
19.47587549;38.53562190496018
20.4312699;42.13536497606151
18.1229572;46.7185257468318
21.59909798;48.7415142713819
13.74851433;-61.59320647571167
14.40426247;-14.882502735909839
14.49060842;12.472208759030082
17.08004952;-61.87891298870181
26.47897064;47.001181580845696
27.57058719;56.30682488157072
20.16957906;23.00479426808215
25.19830209;51.863471675354276
21.79430492;51.82454277960824
20.77311638;43.70704369771852
22.84678104;48.57908996002084
34.63109303;-20.740174470096463
37.48095154;20.513600947620944
36.47419526;-72.51394404596158
35.19320835;-25.85592930866369
29.78853909;48.02288388713532
25.83763707;27.00970266203808
16.18990096;-27.97303925722281
29.69929254;59.44133227585462
36.5427485;62.686249895064066
42.47688362;53.47020589171643
31.35152105;56.265684804058765
42.6506544;35.102467487223294
32.10328971;38.21283710435364
33.51376017;63.340952992809434
22.79156349;49.949274393336054
17.14311992;17.752861073424356
18.1490803;-18.964868586394914
35.11360099;-43.499607852367035
25.83661125;-54.22479864138495
19.39020163;52.09644972055594
28.23111072;-81.41614570409092
16.10254687;46.76576704684453
12.96006367;-7.025747250843779
35.26135479;65.42975455137662
35.30512911;63.225672708411366
29.68533781;54.3402223167534
25.86388398;11.621705252540778
35.64524231;43.077462198384865
25.83938804;45.946108032141865
10.2560665;55.51617371032921
40.11512204;54.94906249381984
43.75532366;55.6454103311562
30.34108596;66.95375096952102
35.36391935;26.218017840202492
38.90758755;26.473928647241337
35.41160241;5.113998285309208
26.26818182;-7.896250372127724
29.62301026;-37.942595024482216
36.16593562;48.31442120940392
42.75160948;68.7880726969006
31.11149629;49.85757381538315
38.94725858;15.234789653159169
30.29202335;48.0206941737988
29.54741776;50.07003166015875
31.91335338;52.255548089372496
45.66257517;21.603774851342678
42.36837637;-71.84341218439295
47.48882207;-17.590169461471305
43.46223912;23.05360999421282
46.32866997;-53.47312119064554
27.24301733;50.78951244426753
43.85114963;57.32679150990043
32.65544747;54.793273474841044
44.60649098;46.80929332362871
47.15256456;58.64437502232522
37.05677397;53.065573334233704
38.6626636;-76.5228558341023
32.33940573;52.72296258999904
37.46404316;50.68932792924352
26.21964981;49.36956122817651
39.59858507;26.82432319839336
46.59892112;-64.74240971317977
49.86315883;-37.07787311206539
41.19299611;-72.97111988590132
39.18636364;-41.832271261859205
41.96407853;-55.340540224364304
25.57384153;-113.10411162822288
27.78891051;34.12792258911395
27.80615493;58.743614434574965
46.59232402;23.97232154932044
20.36883622;-33.644038657615056
35.25419172;-74.31308746163359
24.93323311;55.92674255493512
27.36144323;53.05051659855417
32.88951185;64.37551298575181
44.30136187;-43.73821455625239
43.39389813;26.137196710972603
38.29561372;-43.41773640924566
44.06084188;-90.82347101566643
49.80449239;-42.51271314902351
34.12292183;-92.60938859300018
31.28638132;54.61892411812187
23.86883622;-15.565569543469792
46.63374602;56.86617762046262
44.90755218;-30.675662844313592
30.85843651;-61.082068504776544
42.92309869;-55.61106499688867
38.22329324;61.62715365990448
32.88413513;47.08821279856875
27.61379554;56.23165969173169
52.28551468;33.82443578142738
49.77566325;44.45855147412567
38.4076583;-13.603089408852611
35.89561372;10.871440524299942
34.43558543;-31.774995427511385
38.99000707;-67.12766153561915
30.84909798;40.5127293174246
45.65229926;-42.50563931223678
37.12226742;59.77230719773979
31.84982313;55.41890873114903
24.27025115;-42.03136834885481
34.30665016;63.86630507915743
31.89085603;56.7958599154465
41.20822427;39.89542659340714
31.51740361;64.33761233617315
38.7480191;-105.66400286165117
32.2266537;-23.84939022805861
41.32058719;-74.92955715272637
33.54292536;-12.435639445346851
34.37778564;-29.3859661675433
27.98784931;-108.17707786285769
25.34462328;47.88168370370022
29.02983728;45.10981317213941
36.89610895;63.368827603856744
38.13436505;53.43220867421678
36.67706049;-17.09813027463406
35.64849664;4.420115678141201
30.44455253;-8.724474079725724
34.50304209;61.5810397709738
28.11192076;63.811450203130335
34.39223559;21.953540150463596
38.94078528;-4.560228262745113
23.81307039;-193.81178665473067
27.35022993;40.97521335067199
29.43369296;47.17335785011437
31.74952246;-86.84123629225451
18.67716661;-20.861094362845506
26.38597453;58.42846208152514
31.16351256;40.57693673414087
25.10944464;-16.657421715340206
25.04975239;-6.731410027611673
35.09955784;20.931105144796675
32.21370711;63.535202992296036
26.59347365;-37.835278741774346
28.42143615;-115.07168071523029
25.13540856;-20.922859455485877
6.943190661;13.611416267967797
13.26724443;-160.82238657381185
22.69204103;-74.50741167044998
1.308754864;-143.93377893250818
33.46301733;-45.239210737126086
19.02511496;46.60443168342499
23.19096215;36.22428925841564
25.40719844;62.57633062881564
23.99743544;32.7742552893269
23.19495932;42.036544415034996
13.90495225;-103.53064386021197
24.49642731;55.59709037079483
30.84189954;53.30774456472318
18.75189247;55.39870166222863
7.524053767;-114.867608873662
14.72274496;-47.03277913984584
11.32964273;-174.6077881647634
5.702971348;-88.54825622595763
19.93401132;16.709619973710915
17.83171206;27.257599036465763
6.738981252;23.835406911190148
13.76984436;2.7304135652977948
15.84955784;-49.12787138293879
9.62430138;56.14807224100696
15.97370004;56.91990423594143
28.29370357;52.54888095215324
20.05367881;47.45718205926278
11.13547931;9.589015436787122
6.773558543;-241.05825633068253
11.25969225;24.43250443546458
29.03698303;31.986795290818918
39.82379873;38.050019092605
32.77524762;41.86731164490084
45.33277986;56.55231927740442
45.14099471;47.8799183864121
7.887211612;23.518095695655575
19.36189143;32.092655343682054
45.03832962;43.04210313355543
36.02502703;20.87435913058107
26.45453611;27.614450783594293
19.01993333;25.279466148213032
25.55207913;38.50737197408853
18.92847399;22.348690558495946
20.37164477;34.74739823991263
54.43281549;29.525105581799835
8.553875538;21.72321315107729
18.84380171;24.74730157552699
22.47977671;24.8399035726452
35.30734502;33.81543270284055
30.54923757;29.389528240464642
29.59888701;20.756000649605085
23.25248755;24.033925675279534
40.92918536;35.501715638371024
28.61158641;52.5994933054817
37.43421942;32.797497460023806
42.66149954;28.646256909605654
39.55471285;35.41942919782923
30.23238835;25.367844056383547
57.74976785;54.956038525519034
30.75857219;26.2328669988583
48.27843915;37.27009713077314
32.16249201;49.37587267313393
28.401657;36.789371701665004
55.23631801;48.55386609411835
22.17660016;36.26713246579493
24.54509816;28.526002327605056
39.30904131;45.63366170743575
19.1526245;36.30822475294008
40.3505316;51.7688147520912
33.37833674;44.67397805040855
41.9896104;43.60191951411434
29.5480915;20.561479474557927
45.1043072;44.42041374994915
53.6192104;27.105103113760606
34.43727772;43.39056048960083
23.20135294;28.126538267055366
71.9195056;30.00889743180869
32.3075523;30.467468755568916
32.86878501;34.33775705163407
30.54844418;28.772249347009392
81.00488479;34.79236793481141
34.03658294;32.982162588983556
62.9284836;62.96592448961928
33.90117232;33.146068184005344
27.50209572;27.80361691770122
23.77558283;25.525599076509025
33.38186055;31.93333870700917
92.8709635;60.92517723169931
42.6122701;31.085417108823094
26.0780184;28.674726656967323
25.62849536;31.158539919373652
32.9148307;41.720519431364664
40.60464339;27.69878285289633
23.50888657;30.16749451366377
27.25359116;17.758187037167772
29.31494018;21.52912125599869
62.8782851;64.6315933281794
42.00639;46.77446861093085
20.19342967;39.234929575681235
21.28799924;21.744389405029324
36.9831634;35.709127794152664
26.01660544;29.94801869238472
78.5440569;47.85060761591194
70.36617126;37.39685867106709
54.17289455;22.929323219809703
47.03892428;26.239433017974306
47.384147208;23.797494122707803
43.871549896;32.26443207576267
53.6034678;33.145856143148194
50.158174094;26.949180457932925
41.731351737;30.474257548028618
38.940622789;34.318280242196124
35.767445155;31.939214597472528
38.274026896;37.91421459590674
35.652441615;25.445277795736956
32.080113233;21.611568562200773
29.456970979;15.776490942603232
32.089030431;14.987521911060867
35.36985138;17.128802422018452
34.535881103;42.082519777652124
33.211606515;24.112935062012184
42.160155695;23.25595003504168
41.233474872;25.87244835403726
27.388322714;15.988300126942704
37.922788394;30.267027443400366
45.907218686;43.24620411295655
38.513163484;19.76907288967959
61.67749469;29.85060308552238
59.71493277;27.385179717779465
61.88397028;27.31560992404593
50.140127388;19.083228547040562
45.866878985;18.88082775149269
74.68867657;47.513787480342216
60.70912951;49.20696679413413
58.36256193;46.33346395792523
63.58322717;54.61392339793292
75.12816702;69.59539685243999
69.77268224;54.71416376074103
49.398867656;39.349130599746786
46.122505306;37.48219467279159
60.59391366;46.95813456556971
69.25406936;51.21771524409451
50.625973109;33.87254451854278
40.691012027;21.9129030043714
59.48492569;63.769323978393004
55.25647559;57.29916422502174
40.81203114;31.97278738550267
32.842533617;20.82026240093728
68.6353857;32.58334119511164
60.68527955;30.136723848039765
57.764401981;31.432741315491512
57.26829441;36.076190994333956
43.941755127;32.47854714364257
50.590092008;35.76083659684264
45.251096954;36.92918451731566
54.22370842;33.06007908556239
58.788251947;36.68614592360427
37.42066525;25.611408427909737
43.376999297;32.10851569441547
32.050247703;20.308908494075695
28.590021236;23.149797489486446
38.145647559;26.860140157363276
46.745859872;28.167153876836892
56.17133758;44.75913904800291
38.446072189;20.518814602190332
54.99815994;44.70899504965382
36.026185422;33.5161073100744
48.621726822;45.18685488309529
48.29143666;38.8730407373896
50.277636233;24.225646146822328
51.85017693;38.62158305329831
38.47147912;31.46238634736983
50.530360938;32.30004740181357
45.680113232;42.841575152075166
49.344939849;30.113043800325613
54.39263977;36.72890674769042
59.048336867;48.33561497050505
56.003750881;46.71172919069977
53.18492569;44.41646362297797
55.41203114;54.42089243964074
66.53821656;43.83114504771402
55.66008492;46.22448178608647
57.10382166;36.42544403370448
66.77289455;38.42163339784929
59.08287332;47.87737827680576
53.54062279;35.72098702009862
61.06856123;46.582720881635396
59.59385907;35.752943662710095
62.68620572;37.59444666915988
61.30042594;29.67363511045005
47.701493722;21.338582930229677
41.885917244;27.79682925877023
47.91394141;15.678602769608915
26.426869204;14.656268021879441
37.629494997;17.998096051467655
38.087873179;14.868538266791802
68.7819093;22.017246297460588
49.770208974;23.927176950945068
44.057946317;44.09012436132616
74.28701717;30.06419836684836
40.348515268;37.09628729369615
33.096566368;23.785403118514296
33.204186288;25.438556595547198
19.473092263;16.648241079443324
26.007301703;20.018325896862734
34.773820029;17.623441245859794
66.81429898;20.1249156274298
34.30889239;31.856464912520096
40.757082049;34.96303803315277
40.551701197;34.3893576066348
39.771389079;35.00206582372084
35.104587284;28.105458877036654
25.483284223;20.96704579521065
46.625611287;54.99557858128719
37.636665056;43.02853576628149
29.722122612;21.42306958620793
30.117345643;23.44044180236415
45.414061732;37.51473497793086
32.68871185;42.3626055450095
46.921002162;37.49928130580429
53.968340579;50.93875330941523
50.18854295;39.1300081165482
48.135981663;46.783640538002146
26.769616941;20.7224267808042
29.995426744;26.560080652279794
19.973495892;23.08745486356497
31.205988892;27.939577542865663
30.839400696;23.970711294991133
32.455007976;32.74081453393774
26.580918084;22.35052765797468
40.810765865;38.627842427764335
34.389911812;38.123587978576325
48.910733126;48.6160731446671
42.827988342;44.38620737498604
29.540959242;41.728349128427
29.036081964;45.15931388904869
54.040837119;51.44840884702171
37.762845402;48.45138611684706
43.471310607;48.394169234534274
55.33158718;49.60366367299321
47.082365413;46.23255006324621
59.04689148;44.825970588581185
44.387781088;48.934782729173094
49.225768225;41.83143748594193
45.339434475;48.20184814130516
45.910104305;42.254811260421775
46.598275671;49.062626102424474
63.80910806;43.17831416385343
74.48075334;48.767702601830024
66.00536318;49.261571049961276
47.264360293;42.80131890357916
43.243998898;27.852372853240013
60.85774569;42.060624960487985
42.8063056;35.620545676591064
44.20474072;37.95934456504801
38.52298056;42.82922194962339
49.8299168;41.50070761566349
38.25622704;37.24541975595821
52.48487776;39.98351798148542
47.45787624;45.35227844867222
47.62134136;45.48088654389903
37.87361088;49.761922159059395
29.92309856;33.892118597193985
31.705048;38.96128906132367
48.36681416;43.37467103827112
47.59978552;41.98095353695862
52.29716232;34.20874017255301
45.94178216;41.063664751623946
38.90020776;34.10083693327215
48.95780344;40.17340076237633
52.85761416;48.49263567154594
46.81838632;35.04898953161501
50.53676872;40.15940233047331
52.43817344;47.09087105040271
52.23878192;45.48461126120128
39.52622528;36.86569952513855
38.25173624;34.82333303755331
44.46610528;35.26450358132752
46.15284976;42.4329250906103
47.08424168;39.890709906614575
44.83704536;37.16375439259173
51.67833008;34.51191086810468
41.44200056;45.805279863097894
39.13193304;39.25802854976246
43.9290056;51.21416431045691
33.26874456;34.31772594071845
53.87972024;48.944760748245244
40.96238312;40.05422739547976
52.92048536;44.531017926981804
49.0215728;48.22230753075746
36.83264344;31.060724044766175
27.44956592;29.75437164914365
31.57391664;40.93631770715183
41.09261632;38.27423201163947
33.95314248;38.28170206249524
55.62125248;46.29446969440505
46.32619464;48.802448990320045
58.70194128;45.81874771326147
46.01004232;47.2257893762162
46.79503416;48.5806839251909
50.81070752;40.211293364287485
54.74644464;48.33169092299249
42.61589568;35.223139690418975
49.54520008;36.122926531012126
48.22131224;42.066834954612204
52.11303952;32.69514673870617
53.63542072;50.23573992392812
30.4386424;32.42880537604833
37.63829296;41.83945742485412
48.70003152;35.63910149468029
44.36281688;34.92106491221966
46.39176032;39.63556655351749
53.15400696;41.418716661859435
49.67094248;46.19762126266323
41.40337968;46.323500599422914
40.147752;38.28216208939739
53.76924656;35.693988672568594
50.40743368;37.44638921784099
57.27925584;41.90491893491162
52.14178064;48.05782138000541
49.05211024;41.68448896103837
33.7977608;38.777651380924
53.68032872;40.78557502560034
41.79407928;47.44017416544557
49.98529848;35.91408729664727
47.14980736;50.25819549863991
27.30496216;39.41340002735092
49.1562968;41.70480658536144
54.79853792;40.15533220733232
47.23243808;45.23308735437058
52.71839936;40.601080051224926
52.61780544;44.1378552997794
47.44620016;41.07411877499726
46.64414328;45.49161721734163
53.93091536;48.842222675479206
55.36078608;50.875909692056666
49.82722232;45.08102413700726
54.65842496;46.3860008599313
36.19045904;32.287567587607555
51.64150552;49.14316398164556
43.37843352;40.28926573976241
42.38955936;42.38632756291372
50.23678328;43.32602148191836
47.91953048;40.003828513787084
41.52552944;42.51005233740034
47.33482832;47.49050311607607
48.06233792;37.23176860498825
23.26144584;35.042225428269376
27.60584576;30.073710291437237
56.26792768;51.07601698502731
55.057208;44.22201740691821
26.92953128;31.993016111338875
23.04049848;24.501901025267216
23.25246424;31.867789892648943
44.78315576;42.08284022801854
55.87094096;46.492395421520996
55.40479592;51.5000706560113
44.997816;40.55928364131432
40.52228472;43.99540734019979
35.19080696;35.3090595045669
48.13868152;43.03323897067639
49.18054712;44.31599705215376
48.94612736;45.79741690334231
50.39665576;42.02856978684031
36.33685912;35.451088989999334
45.74239064;46.46448391530612
49.29640976;47.445336114413294
37.92750048;37.74120574171138
48.3569344;43.87425776587952
55.30510016;40.70703614582635
45.36067264;35.582105702787885
38.94691208;40.35689414065746
35.25637264;29.408807941212217
33.4205336;40.31581880041813
40.84023336;35.43701681677521
52.46781272;40.375359132451194
46.7761728;42.75779244365003
28.81656544;27.55019620625717
42.08508312;34.86422871638388
52.05016832;46.457731749893355
53.47375192;51.30802280846001
47.28183688;38.881950438992135
41.33601768;38.96841611774471
45.75137224;41.006839926036264
43.49968512;47.12684579923666
36.04046632;46.386752426684325
43.34340528;30.981971846254964
46.03159816;39.506299559297986
34.37437952;28.591212997556795
55.46138;42.894396787540245
52.89354056;37.55042961723848
41.29021152;31.329400806376725
44.4050304;36.377134597541954
41.16536728;41.82435172170699
38.126892;37.7638399778607
9.6911464;8.212132671071231
47.82163104;41.09491752917711
19.61940704;21.915145456837536
21.30974416;26.972475628531583
17.91200488;21.506646662298635
19.69036168;21.506646662298635
19.69036168;29.631657568755372
17.91200488;29.631657568755372
18.97901896;23.544035251298965
28.02528648;31.45153477886379
43.32454392;31.186718059225313
29.84495864;28.95303209643498
31.53619392;28.04001435732971
18.10870192;23.148975719605005
39.95374944;38.368306224985645
27.17113632;22.139380568887645
21.36093928;19.581841241548318
21.14178824;20.169840961012596
29.16684784;30.800729059768855
28.21928904;30.234275651173448
28.36479096;26.467860737628143
22.76027256;31.50969831947623
20.3523056;27.563119744323558
28.06390736;29.472432553791805
24.17936536;23.652508449407833
20.04064408;17.403751223328072
17.83566128;26.642960763030032
26.06729768;27.735607682066984
24.98411672;36.91194696167372
17.80512384;27.955323715260647
20.23644296;26.87317987311144
20.71426408;28.45135899613706
14.38582872;18.311954141597425
27.81691336;24.700940101300148
18.89549008;21.290010996375713
17.44316536;29.57571991417535
20.82922856;33.09791428682547
21.93216904;21.726678422399345
23.67639576;28.291930634552045
15.84713504;16.332168528557304
31.56313872;25.452922499631313
25.3775108;31.45306136499312
18.2416296;23.66986069493032
17.83027232;23.281261275735233
37.81972128;35.41441201765883
19.19547552;20.67466313413206
21.80552848;27.886048234469854
20.71067144;24.4223733190247
30.92454696;26.267260524526137
31.10058632;36.716805230689715
26.86935456;29.10196183404514
18.38443704;22.237420576671184
25.78976624;30.538732423383408
26.05472344;31.895591136935764
26.26489288;31.038498150892337
18.63322736;16.517717087919664
32.68134792;37.667678757856265
29.16145888;25.854543082730743
24.62934352;25.24883158549528
24.35540472;26.740024579203236
46.07291352;33.61954053003319
26.29543032;34.46564437707457
41.38451832;33.200231850600176
22.29951648;19.965551618299287
37.44608672;27.107982396833904
25.82389632;32.406731425720864
28.79141696;20.797088076318687
31.29997784;31.79483374744632
22.61387248;19.066433003916245
34.7947184;26.425127436808907
33.66842576;35.72772073394481
25.77539568;31.18994847326576
24.19822672;26.193320344589665
28.08456504;28.590893091293765
27.28789712;18.42226315660264
17.62459368;25.054220112460825
24.67065888;37.459124565802995
18.4032984;25.91756121486287
23.39527168;29.198760358640357
27.90493304;33.936322849930775
23.76351728;31.692710891666138
22.26179376;26.7341870056498
19.80352984;28.42104149075203
22.64530808;29.037851269249586
30.00213664;30.134746204903422
19.09398344;24.779099558692906
23.6395712;31.457099941684646
13.96908248;20.64335087936888
23.6485528;31.037288072856654
19.71551016;32.836323714285754
21.98605864;32.58809768784886
23.57849632;27.552807152644164
29.20546872;35.1031043860512
21.6366744;30.05525275159198
32.1361648;32.8381235213983
19.714612;28.681300405392903
26.93042944;33.342547454909436
16.80996256;22.872058519025813
32.93283272;34.8053900078321
28.1483344;33.86614134953129
29.49377808;31.087213328044527
23.86231488;29.276101046338226
28.92254832;30.291954177295338
24.19373592;22.029162139422624
28.0764816;18.503516519545883
24.57186128;27.57745059814806
23.69705344;26.120585799939363
23.00457208;23.587182197044967
18.81465568;21.93515079955432
30.30751104;25.78926249899996
23.16085192;22.034186722035884
30.48893936;20.002494683883924
18.49580888;18.319548909808873
25.80234048;18.628062496181883
24.36169184;19.253990097649876
16.45249488;28.814146435799557
21.42021784;23.830103529408007
18.15001728;21.307889606085155
16.09143456;17.7015367115182
19.87897528;22.92576415567055
21.58009032;30.54852062485884
21.2594472;30.554000573256417
20.96844336;29.038738704732168
25.86161904;27.06654536989845
26.77953856;33.177483750612055
33.72321352;34.860073625890436
17.57968568;26.67266863175064
15.7447448;27.504633813960027
23.14019424;30.70319695058606
36.79671704;33.25974634767954
26.74900112;32.67776385326033
28.4177824;28.244285895294524
26.31249536;32.70175784377534
20.84359912;27.617421323922827
30.63354312;34.80876797616111
25.67659808;24.686745572960717
24.80179024;33.485355020669886
16.80547176;19.955506668755334
29.78927272;37.012444380112356
21.15436248;29.857874985531453
24.02308552;31.359064024882173
19.55024872;27.39244489349403
21.58098848;20.54677580531461
10.64139968;13.1033894420234
23.07732304;25.933690051386293
27.54297456;28.729627978510734
27.3669352;30.124989024256138
24.23864392;18.940812073927418
18.73831208;21.399321042330484
19.96070784;22.48851514233138
20.343324;25.62741308587465
18.89549008;23.46594580812416
22.22676552;18.44235673039111
22.50160248;23.885744371198598
33.68638896;28.131483007384304
24.54940728;23.436262715587873
13.83435848;17.233884651412154
28.26778968;22.240905952307003
31.40236808;33.68420006233828
21.48668168;19.894464702012556
23.17881512;28.088587483836818
20.23464664;30.305742551363437
26.30441192;28.77231477692294
27.66871696;20.3231849631793
21.40854176;21.346888832727927
24.62664904;30.408331064865706
24.92753264;28.114821817473057
20.49690936;24.915475114927176
24.88711544;31.860861846836997
26.71666736;21.81821030799074
20.90197952;28.565374491512557
16.73361896;23.458022507444184
16.24142728;25.588842850856963
16.08963824;20.80354301988268
20.40888968;26.694912694636514
19.09577976;21.391725018899933
17.75033608;22.331966416075375
18.6188568;17.39052601505864
23.1994728;28.01842652198502
19.02931592;20.68560946169896
30.27966808;30.72048726221874
32.68224608;33.799594793608776
17.29047816;21.525466918322536
22.68662344;22.903348912697766
17.11713328;21.42653211767356
27.91122016;26.24217626152131
23.72848904;29.558261954325644
20.78611688;29.491211569099733
18.12307248;22.47908759724851
23.49496744;27.5117802669065
19.94723544;22.55950350335661
19.92837408;20.962317232138957
25.31823224;31.04522713053484
29.51084312;32.646379839143265
21.70942536;29.332111493992898
23.26054768;26.76339593166813
18.97093552;22.96870825552037
21.73816648;16.419243411322896
17.79614224;21.42459061390582
20.17536808;16.500759618518714
18.44641008;18.09767664606079
19.18290128;22.410333355330295
29.20995952;29.735354029298833
16.24052912;20.199935083999662
21.35285584;22.602620665822542
17.33808064;23.645507093382548
22.20970048;22.226047744255993
25.9029344;26.45000022182103
17.35873832;23.416232635363485
20.40080624;18.019708143243406
24.30061696;29.362576031804565
20.14842328;17.709460311265502
21.54596024;21.37331046185318
26.24513336;24.66624133868936
22.25820112;30.73930146406383
18.90986064;27.133525879775334
19.39845968;22.865154258537586
15.06393952;21.411576954490783
20.89928504;29.345906313139494
16.71296128;22.14477624390861
19.56911008;23.864749344278607
24.94549584;20.3425310794064
24.879032;28.698245604386102
22.44771288;24.832689662676785
20.16997912;23.39499135394908
18.70687648;26.91129193080451
20.70079168;25.04276819187544
22.13245872;24.686572631713716
28.27946576;25.071803884793553
25.40265928;23.987115375328358
25.8400632;19.7499665232408
33.98457808;32.90823478182756
29.32851664;34.51623545730581
26.53074824;28.708175143963672
31.10687344;22.187826833318468
23.19677832;28.607099739116165
21.09957472;29.819059469135027
20.99538816;21.942189869916547
21.82888064;30.77376477560938
25.63079192;33.4859706821037
20.63253152;23.58632546742774
19.82418752;23.47358078535217
19.51881312;24.969679206284127
20.51487256;22.378365869447634
23.08181384;27.06814355529241
10.53002784;16.986373702102355
18.36647384;24.144811757653997
14.34271704;16.647480861591248
22.86445912;24.777436333455626
22.01749424;28.912827395624845
17.57878752;19.880104223225544
21.36632824;20.529328171260204
19.31582896;27.213887177780634
21.24058584;30.44525993795287
23.6126264;20.28831039778197
30.28056624;32.66859322165874
29.28540496;29.739809059357867
20.88132184;15.323234225086708
21.35285584;17.8604703338151
23.07732304;18.094602085666338
26.04843632;20.317069718281346
23.50215272;25.788505294573042
14.14422368;19.137296468814384
20.78701504;27.37699488830731
18.79669248;23.726365784745212
23.36293792;30.43996555018566
25.29488008;31.549810461461675
22.59950192;24.62971312364425
20.43403816;26.170799766505297
19.47121064;31.600407100591156
20.58762352;28.014959235888455
22.54561232;29.7029536779537
21.81900088;29.82553650681257
24.29343168;22.338931130108904
23.67280312;32.996441508195176
27.72709736;29.805186087856782
18.01529328;20.448962015239886
21.05466672;26.14359584472004
15.50044528;19.640779423835966
26.43195064;26.771178420496653
22.57165896;32.46179533276336
18.57484696;20.090121550910453
17.83386496;24.773200534010584
32.83942408;28.62970645954374
22.31209072;25.11428795755819
19.26373568;20.37170506168627
32.8636744;36.5526513615423
30.14584224;35.69272535819073
44.01073816;43.32314568880429
29.3069608;38.40059683583422
31.72031672;35.43398861433707
36.47068496;39.986062256075456
31.61792648;34.93160577634444
33.07114936;35.822337519692155
28.25790992;35.375930666970135
37.05179448;35.89539037031682
28.27048416;39.65095212570486
35.49707952;40.63075241930528
32.243944;29.087100557293525
33.31455072;40.33859469930212
41.57403008;44.6243679987474
22.7953008;26.615190079532113
32.60051352;40.34204746281034
34.20283096;44.757263401206046
35.85993616;41.67555704673032
29.85663472;41.725262108093375
40.67497192;42.61468314769627
48.81858864;44.113017155383204
19.24936512;28.766122369462437
31.36733984;38.819874559291975
31.53978656;39.4199297069747
31.31794104;36.3883266793473
33.03971376;36.65670579660514
51.34690904;41.42754120630161
30.17458336;40.570864503368284
36.33685912;43.0983334959692
33.43490416;40.0503406067528
29.32402584;37.50795930818458
45.70197344;39.53767719751522
31.1751336;40.40948981488509
33.40167224;42.6036543078244
38.49154496;36.98806158003026
43.47633296;32.134870674120975
40.75490816;50.92126494858712
37.40207688;44.679635755428535
37.07335032;41.96379544976844
40.16751152;44.80232863623132
40.13158512;36.95988710689858
37.92121336;35.9403803574769
32.44333552;42.52945412345616
35.76383304;45.53740322284466
41.80126456;43.70604814355647
36.30003456;41.13639931992111
29.86741264;39.6458944754213
35.23122416;38.01310269860119
39.43102032;42.618077185210495
26.42296904;28.591017745327918
25.53109616;29.814533692910118
35.7377864;28.591321803792425
36.32518304;44.5008617998119
27.54387272;34.06430353527867
34.16780272;39.58734126835225
28.85159368;36.12533901255233
29.81711568;39.81874041145238
39.30078712;38.547709071370264
39.11396984;42.80916732349033
27.23760016;35.545743967779345
37.06077608;42.503122813994196
50.25025568;45.2766195627064
32.35441768;31.433017445664518
35.12973208;44.751823573935326
40.79981616;39.18024724294992
41.26326672;41.668019137558076
42.29525256;43.75123815105508
35.68928576;40.758534910479284
27.66063352;30.756637055997317
26.14184496;28.401231867627985
30.83293464;37.30703630353969
35.18811248;39.453719920938966
31.21465264;31.30761292223474
30.45930008;40.41400423389314
39.64208792;34.41809424216808
33.01456528;42.4481799081932
47.06987112;44.15129236228131
34.73454168;32.00319885037061
36.07639272;38.111392849326876
31.94665304;39.77974026589254
33.65585152;43.12875440516109
32.06251568;41.39432014184604
44.57747712;36.530030972246095
34.7498104;26.815096968211947
32.09215496;40.71461113522241
39.56933696;35.84624644148607
31.67540872;30.455079680870767
35.17104744;40.666690538035255
34.40312064;41.78995680873959
32.32747288;40.875122069995314
35.16386216;42.29429958406581
36.94670976;38.376800192121664
38.55711064;43.273947252951984
39.47592832;40.1936470403507
35.86622328;38.59433499354964
35.16026952;37.53676387117048
40.38396808;43.31401994897351
39.55586456;41.26897841703794
33.62980488;34.40394160858159
32.94271248;24.704049653470065
31.974496;40.40101772099479
25.4897808;33.653165497986265
37.69308072;29.721105002574404
29.29079392;40.576898772519826
46.69803288;39.43079057184332
41.39260176;38.9967938689897
40.03368568;33.659373400640106
48.20963616;44.467318869721566
33.1331224;39.4080802332785
46.06752456;43.008179721453416
31.12663296;41.83709594921129
34.75340304;43.668690568973034
46.14835896;44.32420547577385
36.33236832;42.81612901177323
36.510204;42.92549821658213
50.1442728;34.81762582680858
28.29293816;31.86658435587924
34.08157936;42.035587889085946
40.78005664;38.86945397715499
29.9895624;39.11603737039991
33.79506632;36.77081439005815
49.99787272;40.16132367223872
35.85813984;42.70615106245714
43.13233768;43.28403629033892
46.16272952;38.58305394405215
39.02774648;37.97047930091071
33.45735816;39.66254810569262
40.13517776;43.322595049716256
36.42757328;39.60319668899501
32.74332096;42.218829155843196
31.57571296;41.89649345909311
35.31295672;42.46432549538622
29.85663472;40.15325044058591
37.9382784;39.94658454186174
30.58773696;36.257420543313856
27.67590224;33.20510971528165
37.49728184;40.77565188115295
36.91257968;40.519058158775806
37.47752232;39.74041499322925
38.63974136;44.073807423907056
36.69612312;18.739956758430708
38.6837512;44.6342677419907
35.18721432;33.57353890446575
30.29403864;35.38045620622324
42.81169456;37.90808246411507
36.46260152;38.97512843245386
40.38217176;38.12763353350056
35.11446336;41.63009409405822
32.77565472;40.0286939615562
46.67018992;39.66649253529795
40.67137928;32.7079038178872
43.42962864;39.65722233231827
30.62635784;36.00884205080547
48.89942304;44.53838927026118
34.57826184;36.35122784235318
37.72361816;38.86880262421073
40.41091288;41.940094299063276
37.30866824;42.98224494086935
52.90791112;51.52381315635466
41.97460944;46.83529071032103
34.8037;40.71745194830328
41.04950464;43.10725627487591
37.84936056;30.687678631426024
34.05014376;36.71661457928167
34.32587888;37.5141451145264
32.48554904;40.022495850638734
28.55160824;33.137153617217336
38.07210424;32.544617817658946
35.59138632;37.30389962442314
36.32069224;43.69776668911982
37.65445984;44.06848672987144
42.5997288;43.94697081478262
37.453272;43.12541554796371
33.46274712;36.95815658461947
48.87696904;46.894511424181474
35.81592632;30.83042200795353
35.73868456;42.33903617120268
33.28940224;40.425424649709385
29.7111328;39.12168429443591
34.93034056;39.75510735204739
38.96756976;42.759047999834365
37.88259248;38.92950441804169
29.93657096;36.010284246303854
24.44162808;32.432543755963025
43.69458584;39.11499657915738
41.81204248;41.3810704291991
35.95693744;37.6219642899614
38.53645296;41.18970492002154
26.76876064;25.068187661448974
24.5107864;30.223141086878968
17.82039256;14.058310983071351
28.14025096;37.34257221162079
37.59967208;33.29351476490592
29.34827616;35.290834046516466
37.61404264;37.653709571235595
19.07961288;19.82311368871342
37.07963744;43.93008933835699
32.65799576;43.15781918768516
31.32063552;36.48078837482353
41.19590472;42.0008709895792
37.36615048;31.18144514296182
39.06457104;42.58825606043138
40.20343792;45.22437551598159
44.37090032;40.34926919604368
39.48940072;37.947183924183264
51.6442;41.22854271217693
31.80923456;38.04995828309916
36.13028232;36.218433634488974
32.154128;41.06990595935895
42.70930432;37.04833221101762
34.41120408;42.010766960267574
38.4143032;44.60876703070426
36.3036272;39.821867940709126
37.23861176;32.91802634663509
33.14390032;30.049105341366158
45.24570816;43.972357266409745
29.03212384;35.65616975566377
33.01725976;38.32093903717214
37.05538712;42.39715978782192
33.33610656;37.157176310126715
48.20065456;33.61385549557781
43.79787424;45.18157411163156
31.86851312;36.952672563953456
42.35004032;27.90041437428772
33.86781728;38.68129187204795
38.20593008;40.453036262175374
41.23183112;42.92952307415726
31.16884648;42.89034377117241
41.82102408;43.69435837114179
43.42334152;37.441521786497105
32.2080176;35.40688485023861
31.56224056;36.913639024796794
48.01832808;40.18693608910144
32.89241552;32.0648918828756
36.82096736;39.64794862078452
25.33170464;35.15071564018763
29.15696808;32.9422354325452
34.24863712;35.549322866989314
29.9446544;37.46892621777374
21.21364104;30.09316341176782
37.01496992;33.77815129087867
36.3664984;31.729661291852608
26.88013248;35.55124029736726
29.31773872;36.497233312673416
29.59616832;39.81797891490896
27.50345552;31.37458354258888
31.29997784;30.068585861366955
29.10846744;37.95099694394776
45.89777232;39.77803659418896
49.12845384;37.77507925405553
49.58382096;37.62530084711943
37.68050648;42.13035788300658
35.61743296;43.35379171704153
34.84052456;31.425463841960664
40.7944272;39.13136531587406
33.93877192;42.97226527394673
38.10353984;41.694855991607255
32.42088152;34.62758338610911
37.60506104;40.622468937554004
22.32286864;30.731598637468778
35.17823272;37.53966307329574
26.77504776;37.026246540552165
48.67667936;45.3002195658064
46.43397384;40.74768084403513
41.45547296;45.14066453752025
33.91991056;30.57418203625457
34.13726528;43.464264250456836
33.80314976;38.594514029880884
42.42368944;42.79048101349508
40.02290776;39.17455827986305
46.64504144;40.67157516937186
35.11715784;37.21311282162969
43.07395728;36.82216487498408
40.24295696;41.528383717037286
25.90113808;26.61062083386969
35.01566576;37.53356748303668
29.41743448;38.25870268423205
35.9802896;33.3354724740002
33.72860248;38.951728781374186
29.280016;36.38457279796717
41.2794336;37.18757704400491
53.61476304;44.187262180204925
35.72790664;38.43380632911612
27.4298064;27.053418913283167
19.9122072;28.77912100022695
36.2317744;31.86925017604699
33.3846072;31.957847105071778
33.00738;32.07644037216414
38.9531992;37.8917491560951
44.2433616;34.070669841459676
40.0848808;32.200566190434984
33.9145216;32.97890307401576
26.765168;26.023408522845784
44.414012;40.85625044551307
35.0551848;25.824235302587113
36.1329768;32.15561342336332
29.9266912;32.225522160575565
43.4170544;35.69494760633279
40.5878504;41.90414357459849
31.8487536;28.88303235767853
37.8754072;29.27776158270899
28.7770464;32.2594052155564
38.2795792;35.02245519095777
38.1538368;40.6600961718741
24.1066144;27.136784878844992
42.9949192;32.82689565865621
35.7826944;27.04964160127747
41.4141576;31.657601963403067
30.1961392;32.305095329395044
36.7257624;45.25129659086997
38.1358736;34.39696232325696
39.8962672;38.96768616759982
38.2346712;36.07961217095908
31.749956;41.08773790228042
38.8723648;32.46234915827699
36.420388;36.07754822165043
38.5400456;39.643950062602016
39.5010768;34.5568419894571
43.1026984;25.521520079450056
42.1775936;24.20114610075143
33.4834048;22.166413749642743
41.2435072;36.927203775559974
35.3964856;38.46757534329845
27.61842;27.845844727637086
37.0580816;39.606799069393674
29.9805808;28.478173077741303
50.1712176;49.78545087893326
35.7198232;30.67363057793591
40.9291512;34.6405451957271
35.7557496;38.47811707497203
42.168612;31.11079142293056
28.606396;35.571938846502235
38.8723648;36.31182706196887
26.360996;29.04813298711997
36.2497376;34.02638165004646
34.8665712;37.08469836475888
47.3689584;33.683563950211465
39.0430152;35.51065545911297
32.648116;37.66065182277271
41.09082;34.7048756813474
35.6928784;32.75619348886721
40.057936;32.93023905451446
33.6540552;38.188353098646985
39.878304;34.571778818792154
37.3724376;31.97409430561129
44.2882696;33.04027912105266
29.8728016;35.5488453174421
29.1902;34.6262551491036
35.0102768;36.399310958027854
42.527876;33.65050511872141
40.821372;41.97404854055094
32.2169992;38.75241428006302
39.0160704;38.00787136644976
32.3157968;30.971540455118884
37.9292968;33.369286868759445
35.8904736;28.08222383334396
35.0012952;41.0819033159587
41.6476792;44.30128298988893
45.2582824;40.51757872541384
34.6599944;39.313153011791655
39.4651504;25.798674473497158
43.1835328;50.769743012906474
44.6026256;22.776395196169688
30.0075256;19.371302921603274
35.79437048;30.80570575060301
38.4951376;40.244628936927256
30.3308632;29.703352349441047
42.2045384;33.94862115666365
39.7974696;36.62932217194066
31.0853176;31.489775237003414
41.0728568;32.817921436095276
25.14848;25.954638930745205
40.2645128;32.11387924853807
40.551924;38.31091222766736
41.5758264;45.51276762393718
21.3133368;28.659267530101715
38.6747696;33.179205808237384
44.8720736;33.289342629463135
37.7137384;32.146804854653965
34.9204608;40.920709107138464
31.7230112;31.805398485268597
37.7496648;39.74452217147518
39.1687576;45.35350161043061
36.689836;35.65150426625223
33.3307176;32.35358782446747
40.1746968;36.066784768541766
43.1026984;34.17589645114822
38.531064;37.29236035716349
38.935236;40.30157387751569
40.86628;42.29007348633786
34.4085096;34.32233591672593
34.8306448;38.73304635211571
38.1179104;33.81635065287446
44.5756808;35.367493461528284
35.8994552;43.113277083795765
35.6749152;40.13428439998279
43.5697416;45.22818576725149
45.716344;38.857144642033745
42.2494464;38.28574955374097
39.7795064;33.78604630197697
49.4616712;43.35260671586184
41.5039736;42.35555797658344
45.7073624;29.076988446906398
35.836584;21.488877729907472
37.8933704;39.514250698421165
39.9501568;26.831632433351842
38.755604;39.96870859122464
50.1801992;41.69610676009506
25.4807992;28.88078913854588
29.7919672;35.17026919513046
26.5136832;37.71582237050757
34.1570248;36.238425583995195
32.5672816;30.090016401454704
31.8487536;28.88155518793974
23.9718904;32.76448610244006
37.992168;33.75315809987114
22.7863192;30.043732784464737
44.5577176;38.91903185242154
40.2645128;41.128045916479095
35.3156512;32.64631982663741
33.1241408;40.55752441223194
44.6654968;45.23157455414366
37.7855912;42.958062735686326
35.7288048;31.769336761130035
32.9983984;38.152756952973505
37.7496648;33.59062728707977
39.8603408;33.26869136703499
30.6362376;27.184063249698738
36.3664984;41.24765528747412
34.6510128;25.48520655899665
35.3785224;38.49184537624569
38.1718;34.07070846323222
30.7799432;36.84861087376521
38.0730024;31.90143922525931
42.707508;32.46630986363925
38.351432;30.459364963267944
35.0372216;32.24351298579313
37.4891984;32.96133204634134
50.4047392;43.32921913935752
36.5191856;39.56182350676136
38.3604136;28.09691486185511
41.9979616;34.065757112615756
36.3575168;40.22192393241312
48.8329592;43.99577265154403
44.773276;24.745409351382477
45.9588472;23.233264125768983
49.4706528;20.152218096905926
41.5758264;44.61535672060131
36.9323392;27.56057392740513
45.401988;42.15163022204251
14.8286216;23.498816197551832
35.118056;32.430491070810604
30.1242864;29.04916278147175
34.5701784;29.025806116909735
22.9659512;32.496508990350776
31.3817104;36.881599922426176
35.118056;30.61856507408993
20.7564776;22.73420997350513
39.698672;42.588026136918415
31.5074528;38.579614103882705
37.5969776;32.53762715728408
38.8094936;37.874534981043325
42.2853728;42.70467901317352
33.8785952;41.068900898442735
25.7233024;27.759593446675353
38.0460576;46.03943975997572
32.423576;33.79934236341251
36.195848;38.0233222487459
38.3334688;34.147424547731134
42.43806;41.711040922646134
37.5341064;33.313558434239894
28.3279664;33.88377290068638
38.2795792;39.10627089688387
37.6239224;38.881643508708294
43.8122448;40.559273236352965
30.9685568;37.52182546918084
44.6744784;41.57684548938596
25.2921856;28.53719027457737
44.2164168;39.467339113996786
48.9676832;42.71395709415265
46.2732032;40.945737306874435
20.8013856;25.37561873006962
35.0192584;39.10311267912948
43.3990912;36.62835427178834
33.815724;33.15028166533193
29.2620528;17.99041812987889
51.1322488;22.581072074814074
40.8842432;42.408883451893416
36.8964128;34.014584942082365
34.9653688;28.768291492286153
40.9830408;24.884949786401194
33.9684112;36.18049393682486
30.5643848;35.94642660868158
30.4566056;34.577323554049144
28.9297336;37.262732072640574
17.7117152;29.693224958997234
29.6482616;31.695405175831183
33.8965584;41.04751149923868
40.7135928;40.38427268077248
41.6117528;32.27573100072368
34.9743504;34.21183643016593
27.7441624;42.42779475781754
34.2019328;39.0348198392694
39.698672;34.25556109583886
33.1510856;35.58897596035422
33.7438712;31.22911469092105
44.8271656;42.02850688565559
30.941612;36.12977434395907
38.4592112;35.562012857206355
27.5645304;29.361634927432533
43.0308456;38.487227801817426
39.6268192;37.89626913365828
32.064312;36.90509999803362
42.9230664;43.26268121722569
35.6749152;29.460423097933017
36.3485352;31.74275462282276
30.941612;37.25450438032021
26.6214624;37.09218240442897
38.755604;28.238999272
34.0672088;31.801143972706996
36.4742776;37.895822397587835
31.390692;39.03350996276458
43.1386248;33.66487502030395
46.345056;34.30834963711277
33.7977608;38.14428786816461
40.4980344;38.25800539593365
46.0486632;23.11152427223169
49.2910208;30.83838773794014
42.4739864;22.96967263294391
42.752416;36.11404436655175
48.4467504;37.90739009846766
32.9804352;23.60411056918565
20.0379496;23.20252094252828
18.5290408;23.7538104692012
17.7027336;20.34908920714406
21.7713984;30.765614107274814
27.6274016;27.38965185962479
17.1728192;22.685231791622982
21.8522328;28.613626327694874
20.1008208;20.367897015205017
17.7925496;24.50898213072219
25.328112;25.184379837834058
23.4509576;30.810391375731342
25.3640384;25.14962851562632
31.4625448;32.18675287476253
26.6843336;31.242048582929783
39.5280216;36.82451457801835
21.4031528;26.998953909360353
20.7115696;24.20636456876855
21.061852;31.545425117024934
25.8041368;32.86452460259352
26.7831312;29.153817644948504
41.3423048;43.35315168992565
34.6510128;35.1475838464994
46.389964;39.206069280620795
21.376208;20.21368163414627
29.1722368;28.28155648298889
31.6421768;29.619427920881208
37.9831864;42.502586582189906
40.8303536;31.56890081896745
30.1242864;37.93547161603965
41.2165624;33.09799624191692
25.4269096;23.388006160423174
23.4599392;25.961651582978448
24.8431056;28.403384719751557
23.307252;29.184323521252736
25.193388;27.709706918694792
32.7020056;25.54710407777202
39.9591384;25.608554734806603
48.770088;37.416751361482966
43.9739136;24.154368040692134
37.7496648;41.74075565156272
43.2643672;30.06626726049035
27.9687024;20.287939729563732
16.3554936;23.786209594301226
20.1547104;23.490942855927642
16.7417024;21.781741160297315
17.7027336;20.340645897880677
22.5707608;23.935568030670765
24.429952;31.84728058886867
23.5767;25.816834830018706
22.5168712;27.80248145728001
15.6818736;20.898743392364167
21.9330672;31.131344624265694
25.1394984;24.494031622563853
21.2684288;19.320284980954966
24.1784672;28.104650523333476
19.894244;26.90942691874261
29.6572432;34.81046500108823
26.854984;33.61494110882086
27.2681376;28.13255410565216
20.65768;25.334677994042067
30.6452192;33.12115273106065
38.3783768;45.189782588831804
22.3282576;30.040147925343263
26.585536;28.85710407040642
30.0793784;28.615376924057273
33.5822024;38.2972358904899
32.827748;41.548426675823066
33.8696136;36.36285318117916
36.4383512;35.08221731233971
35.7557496;35.22306371060586
36.4024248;32.03219478530991
35.3066696;31.145474541948715
31.390692;31.93449160379714
29.324924;29.307306032993438
29.7021512;26.270503270921836
43.7314104;28.94237105270622
36.1150136;35.633629546946395
45.4648592;36.91840492507072
30.7350352;19.18140258376843
18.5829304;14.37312048608328
21.9869568;29.27208139688014
41.0728568;26.483617315427182
49.0036096;27.897554977667824
32.962472;27.25275070162934
15.672892;18.757428723434032
23.6485528;28.549914186596652
20.3972136;28.820056027523606
19.7774832;23.220107326307698
33.725908;38.95578010404461
26.2352536;27.6902129430473
14.0023144;17.852335580430008
27.932776;32.97587208215009
21.6995456;28.463012439178783
19.130808;28.343500345969005
24.1694856;31.217669498257237
30.3308632;35.93722653808982
22.5797424;29.23796419692553
24.6455104;29.848583033579416
34.7677736;37.11307981788741
25.8310816;30.86040703992512
19.3912744;20.233180563105634
20.3163792;27.16139907492652
22.3731656;29.987486888590865
30.2141024;35.60249020069932
30.9056856;28.780863713918734
23.2084544;23.536551064617015
39.8693224;33.590311788315375
30.3757712;32.52110039851141
29.6123352;29.980535705088187
23.3791048;25.891893557703952
24.8969952;24.809767153858047
22.1935336;23.45348517111597
35.2707432;34.09239021413123
41.1985992;40.0606142814886
29.9626176;29.177117700930467
25.8131184;32.04767252032798
41.3512864;43.188104506649324
37.2466952;36.45645241058992
30.5284584;19.116787349734295
31.2739312;17.686612349863935
30.4386424;17.745328411039736
26.0196952;30.075790982047693
34.9743504;20.49748883494067
43.4619624;28.572473160153095
33.1061776;32.467709624988856
20.3073976;21.313587070699214
18.2955192;22.682914067621823
21.5917664;30.084618151910036
29.63928;32.22448742637971
26.7831312;38.97794252831409
25.642468;34.43697141170014
18.3045008;24.10711754393742
30.4566056;30.44898871603982
19.0679368;24.182361451519
28.0675;35.93321127836862
29.3967768;28.737484353268883
28.74112;31.798269236702254
32.9445088;30.619544753435548
29.3608504;26.66619986463229
24.4658784;32.03020604028461
31.3996736;33.976445412083194
23.531792;27.721886544744848
37.7137384;42.929722211849366
23.3701232;23.32960120761163
17.0380952;22.216379343555673
27.2052664;28.024527824871257
15.583076;21.59805602426968
21.286392;18.960503308431726
23.9449456;28.891298582320815
22.7324296;30.42717107329554
30.7440168;35.364672234611135
37.1568792;32.447299316098
38.39634;33.055064952272005
37.4622536;30.544681923422104
22.6965032;29.38460091222987
30.6003112;28.42641675435334
31.5793056;33.53961984464877
32.962472;29.823150996855475
23.846148;29.81255149749086
28.3549112;30.38321592517059
27.7621256;17.931846053967092
30.0973416;16.744567768810157
33.3486808;31.007315206466956
28.3459296;19.433759253575772
29.4955744;21.70208744764568
36.510204;34.73307715480951
28.51658;22.023913154424008
21.2684288;29.391752407676904
27.932776;32.52296461340484
24.7532896;29.963072154272595
22.6875216;25.94196590528918
28.0405552;30.825503689391553
26.5136832;27.677765867361813
14.8016768;22.288388368632923
26.7561864;34.39278826824193
29.4865928;29.31953500779673
22.7773376;32.09602353925038
32.288852;30.384194676380503
24.385044;32.16327827557143
25.7053392;25.215723987015735
32.0373672;34.29236003524602
25.9658056;31.63648420608115
32.3247784;36.88625995352959
20.9810176;28.660055586538874
21.2145392;27.649888255598853
23.1096568;26.28951929152572
33.815724;37.23870934263141
33.591184;41.212876439307365
28.5794512;33.54660068825797
30.8338328;28.433276667996324
21.1157416;30.106742569560083
28.3100032;27.22657752678242
30.1063232;34.850507070290405
25.2652408;18.881269760096984
37.1299344;36.49299740508468
23.397068;28.592075197151644
25.2652408;26.89079353854504
25.3011672;27.93003111847247
20.5499008;18.22418478784857
25.6783944;24.945589195829598
28.7950096;29.577923311628183
28.651304;29.506988438204644
37.2646584;40.1073300497319
35.7198232;29.27995519022261
32.5223736;15.659514008368205
40.6686848;23.912982999538144
30.6991088;31.123252530824175
35.7737128;25.356567163298678
31.3368024;21.247584315120548
19.0859;23.36480132872566
32.8546928;31.165167267858124
23.7293872;29.992120875549517
28.2740768;28.970347928969204
37.6508672;40.832700927219776
24.3221728;32.90025355218131
19.9301704;30.215489700649414
35.073148;44.035426318741884
28.0854632;33.650410583673874
25.8041368;25.016390886516092
20.3792504;27.87283303847107
16.1399352;8.841810165076822
29.4865928;30.331403685073383
19.8672992;29.963460313878386
25.4807992;32.029142385983505
34.0312824;32.98516547583313
28.0315736;31.489277287788354
42.4021336;37.20236821348408
23.9898536;34.40785185610912
28.6782488;35.10223600732024
20.7295328;21.999810994466316
44.68346;35.189144849277
20.5588824;23.2939335835199
35.1539824;31.043456542343847
23.6036448;26.324316940628705
22.3372392;23.457523489816595
24.3491176;20.761928804351555
26.8370208;28.044880475741593
27.0885056;31.491283660763656
29.324924;32.84670256789286
33.860632;28.38171625536961
34.1121168;32.10441007985537
37.7586464;36.18858062514664
27.259156;18.906346621590274
30.08836;28.923944762218525
39.6627456;26.978378583227823
41.3782312;36.27041863508384
38.2077264;35.39684599684006
40.6327584;25.727146706967687
36.2677008;30.875058644998717
29.03698303;43.080682042209446
39.82379873;40.91370337251465
39.85104663;38.968199256394655
32.77524762;48.61006783751691
45.33277986;38.13943315578399
45.14099471;51.84818181654009
38.49017384;40.755806735238366
7.887211612;20.22452611818335
19.36189143;27.31408610141989
45.03832962;36.271616223422825
36.02502703;16.366327136487598
26.45453611;22.13827062316159
19.01993333;23.708251690864927
25.55207913;28.439595114157783
18.92847399;19.156702365888123
20.37164477;30.27905270319934
54.43281549;32.140379400641905
8.553875538;18.301073515578537
18.84380171;17.343292126601227
22.47977671;29.420307399030207
35.30734502;44.24020044143549
30.54923757;32.110931924582474
29.59888701;24.96694490457776
23.25248755;23.790076707098706
28.61158641;49.12628388033045
37.43421942;30.439978508702552
42.66149954;36.82732384839073
39.55471285;37.4310990855829
30.23238835;22.05949849168428
57.74976785;54.239182270584934
30.75857219;27.99500960723708
48.27843915;42.33387250134001
32.16249201;49.94392083715684
28.401657;41.05005716044434
55.23631801;49.64388653037349
46.51556379;50.00588016099391
48.40281993;47.29959765297281
24.76435079;22.882798914166415
47.24094552;28.031186631278615
21.49987395;28.861606791973827
46.06458045;43.27372119105166
49.10288477;47.827237880405846
44.20859178;41.364432024662165
8.8201491;34.77481319660001
30.0636545;26.03813869419082
26.6981223;45.73454415966262
19.007545;49.15229134581023
29.2398225;35.83100952710811
29.7678678;26.986026536682402
29.8042623;30.833121896268494
29.4200929;44.60056493018419
29.6248624;28.901561331826088
23.6001993;31.727398103760606
27.2118078;34.57865005628082
32.0045637;18.38011893248222
18.4333902;36.093718979094774
27.0877439;0.3567248370445668
26.5075625;25.276543180519184
29.4200929;24.750923990470255
28.9160377;36.79218312960438
30.6091605;35.639430196856665
24.0875017;-21.238290185581718
18.2845829;35.24886616286676
16.6526091;56.43091784344324
22.0629308;34.660569117862906
21.7803682;27.701393452010052
28.0560533;25.669551453090207
19.3598966;34.60460125150712
20.2066235;47.72406544823389
20.9780748;37.25927921597304
21.916726;25.89007439324905
23.0663997;27.83505844453157
21.185161;48.0984558076525
17.5969486;5.356865646353981
0.1203567;45.61908933657833
16.7258445;48.063655688575864
24.6723306;-49.71145095444081
23.503091;43.641122480974445
22.5682286;43.58566727357538
21.3595053;32.76950438647236
21.5183369;45.433811800066906
19.5402631;48.95129459519376
18.2998726;43.74401957226655
0.1784969;26.445186975046454
30.1905493;27.19326443621685
0.3146534;-3.9968468732913607
23.2531352;7.916836456301098
19.6191276;23.51983583692163
25.8774134;26.982689021507213
24.101768;-76.53884271561765
23.6841701;34.30502789502316
21.9450733;53.76792355997168
21.9377347;33.65703404381202
33.3139786;33.01711558508214
23.4790127;29.859430701740166
15.567914;15.803219333563902
27.605526;23.400740755510014
12.193348;47.4385863933494
16.1589831;-1.8347116542172444
20.4443323;38.49169466629428
16.6105049;-12.373948154410755
19.0562526;-24.40303998440504
18.8640566;-8.902855348600497
20.8830575;-22.791027324310562
12.8412825;54.32323563872251
11.2985089;54.1652132868976
18.382965;46.51824442832003
18.38124;-43.59978954956114
19.3355468;-9.014685938447656
20.4442918;-8.499520160730754
11.3583948;48.23312694142078
14.6950983;-1.6884128119345405
21.9782167;53.57333772781567
18.9699349;31.179260391285425
12.6598454;45.323391946316406
21.8401098;-10.980728300615738
27.5121973;3.229239194412912
24.5542822;16.304456936172755
11.8845059;40.631249721532186
11.0235986;53.66412643561762
21.1332992;49.6419457869124
30.4423417;21.679882451035155
32.0517547;13.839499649336176
30.9736701;47.04067911403399
13.8571284;50.77533395089995
12.9656916;-4.9948040687377215
28.7447608;49.36356358246849
16.9206126;20.593004453165122
18.4633128;41.22535535026145
16.4704836;23.89555996600575
14.3658934;27.233798375079687
8.4823533;16.663991793842797
23.7265656;43.20969909521955
26.3562276;38.42457692654261
25.8151823;-7.115250446986465
21.2267941;53.75497265218564
14.5366298;25.264576622273125
23.4817949;12.27890668200962
15.2596657;45.40905052920425
24.3649521;15.847074989856992
24.7827037;20.83685559667174
23.8949892;10.734747784490537
9.8886464;20.864488666435136
12.3328682;24.715373643763996
19.0854809;19.019281258706542
23.5639118;20.72620669564094
24.7833039;18.359793009544774
25.0134447;-1.3699912820820828
20.2778424;33.209289874345814
23.9484151;39.49197336904581
14.7011521;22.273002766823993
25.219413;39.21309928644769
20.4758822;20.80661446547947
24.2280451;41.90391880977404
27.6979267;45.19871227422027
24.7011503;36.29718854266139
20.1049285;46.33667368216538
20.8528217;43.50374583320081
22.7597893;20.212415844793213
24.8543198;-14.367104393379122
29.3295386;25.06019425458544
28.3729715;19.466736928868386
27.815069;-22.29625371482689
17.3473309;19.556384553248108
18.6707217;44.19750855096936
21.529338;42.233422701036034
18.9122514;36.352580993312586
17.4410839;51.17288210763945
25.4731171;32.297232248260116
17.5493482;41.371062310143316
19.8948245;43.62744337584445
25.3710765;44.03214182108786
17.9132952;45.08036298702791
25.2932327;35.128969713233346
24.8043189;46.66308967218356
26.0081546;40.17817508934968
22.4791546;34.39718477111364
16.3412595;-9.100640285942063
16.0005598;16.22253237924633
18.5244328;47.279305227380064
22.8467776;-15.697800270463631
22.8343214;-18.35871534160833
24.5277361;24.5162411733927
23.5635132;28.963827851031056
19.4144401;7.199466083104198
20.8079332;8.255077971516585
19.0272507;40.3011275922936
20.9923581;45.448034389199165
18.8024965;44.81685307292264
21.4042736;46.69526600737663
22.3354253;23.445023520305767
24.0385779;27.976006468600872
25.8363029;27.938043896438103
23.8566796;25.093275361790802
18.9668351;31.11994728124705
22.3526531;29.243639118512874
25.2125424;18.869874519377845
21.5146049;14.317714852592871
21.8687886;16.727117767229174
11.6411375;18.35729171602634
27.740063;16.28148168836833
23.8602115;29.038463544786282
18.6447066;35.47894904332679
23.7801556;19.78536022170647
15.8253574;36.86092740312051
25.1038353;27.320956365068923
26.4414765;40.65698995756429
26.4625457;42.06819800893754
16.4861796;20.00897191985314
25.5827864;15.697321045960962
20.9016697;25.253109562256213
17.4946463;23.702919283803567
26.9306654;36.67848965110352
14.2289089;34.18312985578996
15.9943823;17.83801086299991
21.1433176;30.18745431467255
16.5189008;27.661160033761917
21.6244347;21.680944940550035
18.7280518;27.548038201444797
13.0566697;27.03873401558849
13.4416949;15.215394083767023
34.4877908;27.75164128844517
17.1186269;9.153737024523252
17.4790548;14.105565705124718
18.7322678;18.677005967233526
27.1706949;15.851077073893066
23.7480373;17.534155707204263
15.6418138;15.480589814090308
19.2053792;16.38555541819187
25.4009884;23.188317129484858
12.0905165;22.35821720955755
14.5405954;29.15157438582719
17.7152963;28.04499017145463
19.8983684;30.403854075763775
25.7082187;34.52708402582539
33.8704846;36.61495789226501
23.0560059;26.56693384701248
29.477088;33.86941155221757
19.6422626;27.970370599725356
27.2485094;32.49785143882946
31.9139834;30.15012933169237
24.237156;36.79595655577032
25.7155669;25.8086549612226
18.7921303;-5.0904103338771165
10.002799;38.252399066029284
26.3661717;-14.438222108489754
32.849688;18.73543236257865
26.4104867;-11.130824018277053
24.8914973;29.63140539163487
24.7878688;14.158467744949121
28.3837416;44.543616913601
29.6271934;49.271042967353424
20.5002862;49.421521469972504
28.4337753;49.229426998665986
23.5948822;18.738844720921406
26.7378305;24.61498306296744
31.740384;26.08362403202341
27.0647465;23.878698668662764
24.7105497;32.14549595791959
28.4912797;23.315289503176245
36.0674;53.883405618631514
32.7696411;2.2428412698791362
30.2587179;28.970687799184816
27.1008098;50.28332302359195
22.9184361;53.34312541438521
25.4753491;40.63261008398604
25.2063093;35.476651245909125
27.1306422;35.476651245909125
25.1613254;35.421283116745144
23.4211164;35.477586867468744
24.7279221;57.41111008118969
22.7147864;22.402308217408063
18.3010473;30.014485240873228
22.7749796;34.09226421862695
15.5048455;24.50806068181464
16.1139605;46.69162056834375
17.8018778;34.30833192719001
14.7296259;20.05274742997426
10.5368678;46.879922266823996
17.0350989;15.862344013672555
9.2925911;42.6107149387899
22.749655;43.53236775133246
18.2224003;39.56339591399865
17.2297979;29.088470768549087
33.0668761;31.5995120734824
36.5737353;5.2248841401515165
17.4021026;16.39191507284886
17.2252522;27.337917191021916
31.5601393;26.97646878771957
27.9356043;25.47040472291883
30.4448321;24.637964406241736
18.6822674;24.102714858208856
32.819832;35.220534271723636
32.1839279;22.3091865397746
20.9359767;22.115745033699568
30.5849432;34.24152576058441
25.4822964;26.482296817595852
31.5217808;51.3751936418048
23.1923577;24.637964406241736
31.3122601;27.053518282724326
23.865143;36.07869928172477
24.8464343;19.173641932875398
29.4123555;37.563092599877564
30.0713357;14.523678720039243
20.7835822;18.830468526559343
22.6849377;-14.063293310558947
21.1824974;21.5138084296359
25.1081322;-71.68015687255047
33.6923403;11.754223703063872
27.6274092;36.06247181918593
25.5794979;26.765388282956337
21.9177055;42.359161002352266
22.0443508;26.49648400516344
27.117521;28.360372691424345
26.6517294;25.76997841445882
14.9192596;23.31980652157108
20.3286998;30.780434546270953
28.4076197;30.782380460428612
28.03085;45.068870005229655
25.3203144;25.153659789156336
33.5809872;22.986814726888042
14.6955712;24.39088444852132
29.2197383;18.970705235339665
28.4342529;5.312669239719071
21.7445789;29.48195739235416
14.3034502;27.317216974721305
26.3723247;7.107731136317852
22.2173235;20.09612522208954
22.3824361;32.850429898680886
28.2703497;15.14762504956343
20.3167525;16.55659720247968
25.1090274;27.757613654490342
26.5111677;21.66385010115664
24.7017206;35.832286533719525
23.3946189;30.6173764107607
19.5195251;27.746785971833788
22.2226751;19.75040608627296
16.0160135;15.814235519324939
24.8486436;23.104019697502736
15.4432538;13.639603735391574
27.8629911;27.683621708865758
18.3656463;25.317745849609537
18.8484682;39.38345144415803
27.2630507;24.0564858532191
15.1890275;22.86986364430345
26.2974583;19.693880982325936
30.6487033;15.456366011369937
21.8028278;18.51584339516012
20.6757064;25.687708999876122
18.4058734;30.55741386889531
26.0212295;25.985340368413063
23.5316509;23.853945940425547
19.9847988;27.677834549083855
27.4625057;27.317370716567893
28.7997783;13.66423789855071
24.3518135;24.060716906833477
13.6996428;24.828406666583078
12.3695706;13.484733723731551
24.9866824;17.668015194648433
22.3372963;38.33277531472413
24.1739317;27.598857385388328
22.1376206;15.104785814810384
27.0354829;24.453606578385006
18.1899042;44.679966716510535
22.8639542;20.876191068152593
22.1540536;27.638675951717232
19.7699049;26.022240223613153
25.8542101;19.512529717330835
10.2141542;20.320287102569637
26.0485003;18.05517427130144
15.2901871;18.33595445563151
24.0932208;16.82846062895169
22.5233692;29.483889398633664
15.7773045;23.89533017209328
17.2683218;22.534675668614
26.8053436;25.06241297620909
20.6646983;23.27037509949082
15.2405601;19.514552712093064
25.0638747;40.913940963604546
23.5984567;34.809984596663526
17.0749185;27.748193340243233
16.5891393;18.292981929876305
14.7376116;17.291022842549182
15.2621151;29.141568467198567
16.1507921;27.398170688294158
14.6235725;24.14163004963666
24.0106037;32.319593383671645
24.0454969;32.10523669370923
20.3714077;26.198943602389818
18.4066916;29.490043696028806
28.0182775;35.603684347994204
28.4535633;31.52918587193585
22.4892048;22.808970058154273
25.9947626;27.15380156933952
24.177666;41.4748286296508
24.5122224;34.009032736074005
24.5034588;31.48517090381233
17.8422291;42.749659331915836
23.4466925;30.05914400276197
16.7720298;38.36744983585231
22.7050704;28.51907363159262
20.2942254;34.77081516600265
23.8263051;23.29897715096763
25.7403274;36.06368813803692
18.918016;26.316469481222157
23.5568593;5.802455217512033
19.8130677;30.17541301447659
15.7037323;28.322371209741505
22.9680733;23.91405489167937
24.7359868;48.38059044205147
31.479342;50.65000751215848
21.1080541;46.500823024434794
27.9140628;28.241358755595684
26.7953726;38.681264147295224
19.5730771;31.651449854944303
26.9555598;26.008808404758383
29.6902989;38.519975953946414
32.2526884;32.156468279163164
16.2875428;39.05378281987487
27.5560675;15.83225603433948
20.5470267;30.385258347283752
25.3411383;46.58043040838493
28.293755;50.11847660195053
10.4854703;40.619720506862905
21.5288731;29.92328006137086
25.6044675;44.55743315084692
23.0124221;21.917081973547283
27.8104447;39.946709973096404
17.7264282;38.1798563149232
4.0405134;21.875861686612552
20.9605233;19.46476150278795
23.7332519;32.8988274579915
28.9468705;11.401967294083988
26.9507108;12.935651979371869
27.8759696;25.886756800335206
22.9000732;17.72740908340984
23.929701;13.91655300052571
22.4972219;23.22531183423598
25.0388908;16.405083256569014
22.2035619;15.56274046040835
19.7002912;24.855644118370037
30.3048396;9.868215283923746
26.5855006;12.736283879587972
29.2286548;15.744844477935658
23.6374648;15.861657477266817
23.1714746;14.867319303003569
20.4983992;18.387035638423185
14.6185935;20.893556140525106
23.2362908;12.387942317879606
26.0823754;34.61351224321879
23.5932657;22.11409090894631
24.671864;23.236265944799015
18.0349762;20.500882215265847
18.8416377;24.258505032152243
17.6188919;27.43541172427831
21.3654071;15.935855205565531
21.5099773;25.40043610484463
23.8874668;20.00992715601933
23.9641354;25.276482215102078
28.0256964;28.19890979073716
25.8593339;29.20174049279194
14.8207158;21.906349828017483
25.0435935;29.70383323218448
18.2305843;21.55470426169086
21.7874011;26.901727347825727
20.9461529;22.34840729831376
23.4122446;21.410299136086905
17.827178;32.00749491595525
24.6863976;24.074262577008994
28.1087702;27.07758582294082
15.5770872;23.193198260598365
25.1194832;23.076469746078146
30.2937381;22.161346375551148
14.0799878;22.72179844729726
32.6910057;15.35195881290474
20.3372876;16.57487430871879
29.8343186;22.508263395799986
28.1115846;31.55971678984679
21.9176711;15.322090123338057
30.3325656;8.15728736436904
28.7613723;45.21715088994097
30.1866451;-8.659827163989576
23.8350406;30.6712863668281
22.6519927;40.907073231028335
23.5639284;4.200358481454714
22.3476486;22.53232064664826
16.1418311;37.91716713078313
27.2504435;22.862171825045152
24.5737124;-10.003919124726963
26.5354766;12.073839598087943
13.7375801;27.385387936066763
13.006125;52.33455917921947
16.7999644;35.44926985526581
28.9457752;30.23111918534596
16.8257389;24.11389411979235
23.247423;22.180723967881022
22.288976;47.6883720145197
18.2355868;24.11389411979235
22.1931554;19.999791282121805
18.4018078;34.44801732011001
28.8690519;24.06925308440168
23.177654;17.13918423467294
30.1846022;47.62851850484003
19.7587888;19.896384728514022
31.7771501;18.33685086290825
27.8528893;43.808033960660396
33.9383602;32.33803385821284
35.7862253;23.89921175735708
29.1808882;16.93649297824868
21.9967899;21.388158338733774
26.2101834;22.180723967881022
20.1904228;44.470560367823055
16.075038;45.49121405710321
23.579372;47.02464601679094
13.1282234;28.50231528553104
22.2307674;31.22148649024348
26.1956704;36.76228270745469
15.3817848;46.61613370375562
15.4090276;36.47268537579566
32.0667472;35.976937887427994
27.0928657;38.79422319192781
17.6191921;-13.155312943163153
15.4392606;-7.401017214091553
17.7634438;-6.914220721730089
26.6941807;46.78025285651529
26.5877994;32.00836520595749
24.8470543;48.53500147161685
24.2479184;50.61284978471667
15.1845147;28.759193197419563
15.9702418;23.926376871191678
11.4439558;43.3378169889902
16.0124081;49.353616413754935
12.9559773;41.64381225678699
14.7248979;33.421279173842095
31.8834956;47.13617703793716
28.9161584;41.253635257271526
15.3227085;46.57875350271206
19.7161231;25.698423469826594
24.1862003;37.65846581743244
23.3040313;43.584775151313806
33.8362279;42.11247931347316
26.1912528;40.90572087113833
9.9003896;38.713908952449856
27.0762277;51.64664310519038
4.2036738;42.71957550999559
34.4684679;46.29497862885364
10.4058766;29.575850217610423
26.1532541;63.32492134994027
17.6001717;32.368774004862644
21.9249875;44.57840313178167
15.5645663;-3.528826585272327
23.502834;25.889803761367148
17.2075454;42.655395010740904
16.4871003;50.19558605238126
26.1236346;45.69186442168575
27.3389724;30.621690115018282
22.2534194;-20.23036654268799
18.7009977;31.40087272250821
24.8974678;31.977301299222745
23.4838589;48.24556235792261
21.293025;31.600569452159107
19.1345819;36.57792847936253
24.1780491;35.80748045227119
17.0775692;43.4362665160279
23.3180744;28.071593414273593
17.1924292;50.566229168915015
14.3492281;47.45349165301741
20.1112922;47.09179511534239
24.8208568;44.894066882900916
11.1488896;-24.732836006354773
28.2955158;46.00086634436593
25.2718221;-90.06385930683427
18.6577713;50.107541842480714
26.1427265;-21.09182089600654
21.4433524;31.99300884562399
24.9255079;46.12289667633013
19.5538006;33.040546797364186
23.7801802;33.40713933252846
20.4853205;49.16088311633939
19.3384882;49.13500661736816
15.0993461;45.71204129584953
23.2628733;52.53062153030078
17.615257;21.185675738567625
21.7585039;33.14638726593148
23.5232001;58.91137720313054
7.8126526;30.54038663409301
22.8364063;46.34567498364231
27.6355207;-21.31920296145836
8.3469151;29.897279401367996
24.3067843;43.1471100097242
18.953703;29.913130839908263
20.2369384;33.58031514981849
23.6683847;30.12498272175435
24.9402071;14.380719408247387
23.2023083;2.1894507758715918
27.8222269;14.708455225889338
29.6955691;-26.89773482369492
23.6499013;37.0330685435722
24.0982529;37.09072923333588
23.6714745;36.387215438599014
25.7377163;55.00618426978144
27.6566451;47.960710495455714
26.6767258;26.346714473222164
18.5352254;15.907254526449833
20.765763;48.85361110672966
24.5745673;19.38212309568189
22.0822842;33.99340914226923
21.8244309;34.11430753208697
27.8866281;-29.274762952234596
26.7540785;-29.5966844628565
12.3082358;56.4080388869952
21.2927147;29.384350167878438
13.1339986;43.90756072451222
25.496181;16.637641557434108
24.311759;-23.91846890375018
9.2475753;51.51981812731833
19.8690287;-39.84138611405069
26.215245;49.31638653596019
21.8527658;42.94143339147013
23.6914001;33.46827078706701
24.8949772;29.23731901712017
31.0939927;33.55465219251346
27.9287664;33.758556201959436
16.5365629;58.21907421902415
12.1043057;55.01844626618913
20.9330887;30.23375039565144
12.4184523;30.41748070064932
15.6692346;-16.94459697802995
16.706474;18.30808813398471
19.4241165;-21.19057632057229
12.0509997;57.317254590478115
14.8074822;-20.799676542441375
11.6378084;53.446481608290924
8.4062217;19.459836191550494
10.0785046;28.407218186954196
21.084115;56.73018834743107
19.4939448;49.038306084345095
17.4242569;52.06155490839774
22.4892267;53.98051394813956
19.4904591;50.918691841943655
24.3546248;53.69216426330422
10.3741997;51.711821851444256
19.9525522;43.88621391727611
17.5262358;46.60061229655548
18.2560042;32.99679986200499
21.1965243;-4.1612541387439705
24.6721629;51.27258357478422
22.2504907;33.05555103545885
20.7897795;0.44870282274678175
17.7201642;43.48638619862959
30.8341847;49.32416093198117
29.6270816;-0.7200868311629165
17.1053665;48.019187799072824
25.592805;31.808954860578524
23.6939192;46.079111664344964
15.9291354;46.837098448530014
15.1108667;-20.55527854542379
18.437238;46.24775624553445
24.4554686;-19.64480033779182
27.7436684;45.32145815432341
22.8762734;47.91450261753198
18.7563163;40.93097505203605
25.9310697;30.238439122098498
25.5869201;28.263999243616126
34.3884381;28.696930265345145
26.0862874;44.46300261776469
22.2433777;47.20075545702275
24.9927696;47.44921399267969
26.8249995;32.086178346013185
25.4493258;-10.048330939396692
20.2254146;18.329205690033632
21.3796353;46.29831058327545
25.0582123;-8.362597848310543
24.6083635;13.942840639489077
28.055596;-5.418761373519374
27.9057016;50.583664832149225
20.2640183;30.90430900199317
20.78384;47.35661107928172
25.9793321;-17.5409973060232
22.2206617;31.621310517550228
22.8870339;48.09914946371555
25.4369428;36.27498909102269
25.9332319;6.305379833582265
25.1137679;4.912065566080173
28.3204504;45.20917072067368
20.2568024;-14.004933239317324
21.7885494;-45.130147705001036
26.2007934;-4.9079542287872755
27.6385171;4.477985713157977
12.0377814;35.17514000258166
20.8861857;40.2506049906508
27.4787602;5.256222737189091
18.0589519;-26.880472295582877
8.5774432;48.111112362339554
20.3489057;54.56511610272719
15.567882;24.16312434416068
21.2199847;-8.000273360194115
12.2064547;30.27866126477602
19.7240918;-28.576251119360677
20.9358918;19.270494430313192
21.7186752;-33.84667843537409
23.5263586;-38.78940248940489
30.1211559;25.70641986418923
25.431462;40.50833792005869
17.117152;-25.815399128958234
29.0485489;-45.61064831686963
11.2941042;-59.01748976913041
27.3336976;-60.13023623368463
23.5892143;-57.133280676423965
19.705222;52.55176099026721
32.5549798;-41.54942640045192
31.5653339;25.19025427825727
21.8491031;55.10093906981638
28.8624667;-40.33721477232757
21.832101;21.807153859803293
32.6985217;41.81766878783674
28.51123;19.394731293092264
16.7376115;-27.193815292426734
32.3657499;34.03685733803286
24.6316391;-28.17373054550262
16.7780746;-44.177186017346685
21.511324;-40.22090882449993
21.68201;-24.568049266119488
11.1177925;48.67962974609691
33.0754826;48.129331658943556
38.5092639;30.28160706005292
32.9209687;43.82669241360418
30.8424624;33.1097294955689
16.1887146;48.914043567405315
24.1026291;1.8064468964221305
33.7119215;-16.092173946213734
29.986342;18.196942407799725
26.7730552;-12.086797194941028
29.4792528;18.542382210534925
27.2233737;6.174154655936945
35.3692881;13.312999341158502
41.5935764;24.998381487256665
15.3781589;40.47996346387936
23.2027954;32.540584334717096
37.558846;20.67341279869197
26.3289155;16.668675834825308
25.5997427;50.9119607225075
17.9205301;44.29626909436047
14.1747138;48.0705535511006
26.7283026;46.663566739868884
15.2462853;-21.187536368510337
24.752183;22.75428536009167
23.7461887;27.497652441948958
30.0230821;2.761319753008138
28.9832564;6.277547261781365
18.1240534;22.221359958182802
20.873332;-74.34135645689821
27.8321637;29.60434575743966
17.7525114;-10.933759402607393
11.5612211;33.20404776219948
23.4441069;-51.056876784641645
16.2446366;-48.32255161764624
22.8463787;-17.495936335188162
27.1676031;-73.65745578975475
23.0661857;45.91110434775328
22.468709;46.03196090409165
22.1223658;41.71974967451388
24.5237301;18.7786788671865
28.8764604;-54.778601507750864
24.2630638;17.81625472324413
17.1973042;1.9872611334940302
17.2243269;34.577046906713804
25.4914645;14.553620022326868
24.3791231;-31.166311124361528
26.6587865;36.43975107897859
25.5919824;-27.317426945039188
28.172144;44.219447930801834
22.4823066;32.95267713636713
20.7955628;32.99625219742302
18.8661964;34.19122572467313
22.9615158;35.509107089012105
22.6264816;-18.78509893537739
29.2089222;-93.27883325125072
21.5683246;35.87407702621749
25.2339142;15.19059387116613
26.2585934;13.914826660809013
13.0744696;21.924043707413148
15.5496556;19.31633836709989
19.8775228;16.773853911576225
10.0022603;24.91271710772162
24.4525143;15.493936696714627
23.4592779;13.721607969665456
10.2114941;31.198189316559365
24.7862895;30.98886335086172
24.6859707;28.850685143997907
15.6426725;17.826465305434795
20.0397746;31.999593997878037
13.5247095;17.973601441261962
18.292371;30.042589349535774
12.5965732;31.051885291914004
11.1638258;28.147589717942537
10.2548718;41.77712565728325
15.0201503;29.260136823149878
18.8101063;26.81083370170677
18.6700682;23.289136707762736
10.6295074;42.00314691355197
13.9037091;32.76183290591325
16.5275559;26.343940494678463
20.3076951;41.361256877144115
17.9864471;31.503231532997233
23.8139775;26.36383811280575
25.9163635;20.486103204990286
18.0669958;27.75566801671266
26.2140255;33.29299442604861
17.6020545;30.827672039400568
21.4301154;28.32081617919357
24.3902857;25.329081194455284
19.8652435;21.429931975109866
13.3731383;30.614157547688592
21.3715575;18.52889807869542
22.6267373;26.301704950057683
27.7450314;16.53308555800959
25.3481301;20.61508767397936
21.9962322;19.865343740248136
24.020664;19.996810388382073
24.0995312;28.385270092732753
24.1362261;30.76025977356585
24.0608721;22.829106139115538
23.9669455;25.81216080799095
18.2962347;38.35967636148598
22.5594184;20.289480390906647
22.7315469;21.023883618139735
20.7629457;25.34752339534498
24.0437899;35.569670477816544
23.7393552;35.24899551984254
22.2859834;34.67132296709315
14.3464407;-38.17888612103707
16.5850785;34.12473684507859
12.6620112;48.206988206227834
13.6010794;52.16092190625932
15.6208751;22.81200907200673
32.7273352;44.82839797189081
23.0683023;19.909777245042278
18.594911;19.32147436008563
39.9034809;26.40832890830825
25.3297027;16.142160812300062
27.142633;23.816065886006072
23.9292136;18.60035756650359
24.7808074;15.91877815038788
25.7996721;24.21780304026015
18.3174393;20.070947553102087
24.2840432;16.528114092364376
27.0882545;22.88309837975885
36.5658591;32.14451467604067
34.9243348;49.4712788151985
15.7992959;30.337012091114957
20.5669435;23.39246981742599
38.9010668;20.156100293540476
39.2748148;26.940186084028028
38.5719117;33.777167695984645
41.8420727;34.09828365789417
43.3743211;29.207547208812684
33.6450543;56.056658996145416
27.8807492;30.081327288220564
29.6424696;47.91752533116414
24.8607998;57.988208798774394
26.5478061;27.782155689280444
28.0023501;25.922230614279442
29.4456169;54.04705905519222
15.8950357;33.71773892814963
25.1010076;41.915722097370235
29.4739705;24.885068883249005
22.1194234;41.64177662799921
26.5193204;30.25698692083097
24.7683901;-46.401071705753566
24.0495823;20.87157588915761
17.754189;22.28109068833328
35.9519219;39.844021532988336
31.8519289;25.039116415684475
26.53455914;32.399953152615126
24.61056188;35.26114192560817
29.19256296;31.59167270700891
69.23122536;51.724180112812974
39.88255961;36.784586230403875
29.81230284;37.20883374427217
33.43353284;33.95582806317361
44.16570623;40.87367833907956
28.6514213;39.27977131978878
38.71993027;42.20240890183595
53.47092186;48.35068158236572
29.94009341;33.329345093248776
43.83584243;42.42771116851691
66.61921769;46.590776124076
27.4779743;29.093115898899896
37.4778883;30.89911311648939
35.37606477;46.06773649803472
33.31286304;41.86681865988976
48.13514679;35.48479034011143
41.99208337;50.123034317849715
26.76447412;32.64958110293992
24.74853403;33.17386770577559
28.7475392;37.027770487284215
68.18551947;59.44730164543034
37.09796539;38.03594594878382
29.29625649;36.703983099663674
32.97792168;36.497712974896785
42.52215804;44.53818035653421
27.5844285;33.64280385409984
37.67601888;33.685771636649406
49.51951783;46.18157142542077
29.37303977;44.8675929790943
39.93271752;50.39867719864742
65.58076382;56.36476069427772
28.84675716;36.81444529168766
36.9835463;37.901752729138025
34.66482346;50.75177322585478
36.83426917;36.89812904539758
46.77649605;51.673436258419315
40.41117533;50.88042640416279
11.39552854;15.178848053535148
26.9641431;17.990837272193858
24.80128858;25.105105558015566
28.34781914;30.80478850817417
67.26299066;53.25832719538744
34.53438166;36.24990597818669
28.81359031;39.0429704707376
32.59127447;39.767884123476506
40.78693099;28.053359934639957
26.6341299;33.518327275023694
36.7674536;37.05313432549701
46.01352367;40.24027628461954
28.85918498;42.246427377611326
36.40127244;51.28354123908798
64.51499952;51.2437098569153
26.15906687;22.203670326516658
36.47055088;36.89698491612489
33.92166481;48.591828943242945
40.00152803;42.172677507254775
45.55877197;47.501673083485
38.92696403;49.659574960749524
13.93011518;4.310702224956003
27.13356608;29.4593335701677
24.76882552;23.965577871614187
27.99340277;28.45093751252284
66.46363893;59.16992287730682
32.19180842;35.45864308857131
28.36430429;36.73804508485591
32.27359121;43.40801798935263
38.96002508;37.14374735739875
25.8005255;29.5241057344856
35.99423441;26.99997473197982
42.95293939;43.698137014829626
28.39852904;40.66332950054789
33.24150721;49.4721006827549
63.42192478;54.19109871404362
19.41490343;27.507715610854575
35.93890206;52.91063512757228
33.14658884;29.168864418386875
42.81463964;49.26985590796721
44.48197455;51.65363742950467
37.53944947;52.53493097660521
33.82634554;41.76523339315008
16.24303472;7.729065521251869
27.27274307;29.49994297829744
24.65114486;18.58966292540117
27.68429009;28.232740068651083
65.78746429;60.00334388815281
30.07024566;36.50581145248998
27.94839843;33.44197664670651
32.02487189;47.84863101654901
37.04144032;34.27995089390788
25.0836153;15.328622404539601
35.35636132;30.129980450945368
40.33776498;33.34056251477341
27.99107194;34.39827118609105
30.45342183;38.8117790458291
62.3015396;51.81685041143828
8.614266842;2.7249439559918756
35.38859982;53.41792314167378
45.27360399;46.274328439301826
43.54610378;49.58268734995545
36.24863164;51.552344178939165
32.27034476;40.55617944912524
27.38167406;16.67008191027253
24.44824659;28.519041535054612
27.42048111;26.42835580586143
65.23446673;56.959631049789095
28.16969338;36.38542291596059
27.56587274;33.86132505575188
31.84511651;39.33035347558598
35.03117669;30.93836666191237
24.48339931;31.851872054679916
34.85383433;29.5066601532435
38.16800044;43.6593985209347
27.6368137;36.14337598633142
28.03701629;34.02685399788902
61.15384399;55.89628852487954
34.81964417;47.204851551173306
47.37842108;40.85089378497105
42.75115967;35.663419756730946
35.05451056;40.484957405491514
30.8837053;37.37070597998718
27.46035905;23.68275987670063
24.16013071;34.292210078490825
27.20197583;37.29491977984708
64.80464625;60.084232088020144
26.49015158;38.11263425890047
27.2167272;37.776587642654704
31.73432508;34.48569381996913
32.92923421;32.92372107224401
23.99987752;36.38265917442732
34.48665345;28.763085980242977
36.44364578;35.30939532692173
27.3357543;36.67475904406274
25.99229059;31.02807762108864
59.97883795;52.625550866863705
34.23203511;44.59548776213887
42.09714222;31.97593111389324
33.95708621;42.19851960468259
29.66642715;34.4038107768738
44.015923;50.01858157484389
27.50879805;25.710732645227154
23.78679723;27.116253306990075
27.02877423;31.54438240975469
64.49800286;54.73547910691741
25.03162027;37.14358426306899
26.90096182;34.53355148474225
31.69249759;32.68806367700313
30.73561287;29.913894174520465
23.63304993;23.153332514400063
34.25481866;29.900164052555965
35.16470099;44.90728515099363
27.08789375;36.61687836070814
24.31924474;29.718197750642503
58.77652148;47.14857117390238
33.62577264;44.33535622006275
28.61851032;26.762355697066596
40.73031583;44.446872673679536
31.18019107;33.957811022739406
27.52699105;41.77862641252614
23.32824614;29.512185673858085
26.90087633;22.42064586064521
64.31453655;47.20796191638806
23.79409944;31.912513961951845
26.61857661;32.44956577634548
31.71963405;41.759406516021045
28.45031267;27.84585300773506
23.38291654;30.70768936807326
34.15832998;30.857673058041655
34.33116607;21.230076332946737
26.89323205;36.75921810391014
23.01787873;-12.520887477895258
57.54689456;54.13700422978877
33.00085676;26.43186931324749
27.73995481;32.694069209299414
38.02345736;28.57147529586109
24.48262588;34.23305410955254
30.6734715;40.80788592535646
41.41673432;36.3084297660771
27.51493805;34.80541488078893
22.78447745;32.97444075432145
26.81828212;33.47939461928331
64.25424732;58.954025317241076
22.77758909;22.66623695247381
26.36957155;33.99603145245328
31.81573445;44.366115914762304
26.07333361;20.63302844703867
23.24947736;21.353180752327717
34.1971874;29.6149186628154
33.94304103;40.252443244136884
26.7517692;24.487700319342366
22.08819256;33.3863615641003
56.28995722;52.29263116226798
32.35728747;41.410362326534596
27.82586906;45.78918671006795
27.03076062;28.054930677530137
35.89534758;47.41052130305434
25.46554281;40.808158456776255
30.23691626;41.16328484833684
38.39620628;39.55827736536162
27.47263906;38.62018142336274
22.15549115;34.44834460345555
26.78099161;34.38321200772225
64.31713517;55.399829254167344
21.98208923;20.289983462268538
26.15394666;35.55826363786582
31.9807988;37.12240611949801
23.60467569;20.049141340119604
23.23273238;36.5274999268031
34.37139092;33.07020728342286
34.00032586;29.97052841184086
26.6635052;34.42845304058392
21.53018624;22.54531314302858
55.00570944;56.64364509297775
31.69506476;40.94002118987373
26.82737177;36.419920306379026
26.49092775;30.584159956250005
34.34598648;30.176653484444614
26.22679263;36.36908679733733
29.87052536;36.83800287157101
35.5465995;31.918803590163407
27.40009407;34.60933765874688
21.44128725;16.74275859291356
26.78900479;32.60753661031231
64.50320011;57.64114803578741
21.40759985;21.059374036669396
25.97170193;29.72681260928516
32.2148271;33.684251916393805
21.04433891;28.278251938608264
23.3326816;17.421156524952494
34.68094053;34.95925493418872
34.50302056;33.28695223118302
26.62844005;33.622433441016256
21.34385976;36.10784816306659
53.69415123;30.486670390049767
31.01418865;33.44707625544402
25.79695715;29.459817142995234
26.12045619;19.74785861656619
33.37537407;27.56457079136635
26.76637536;34.56270982778551
29.5742988;31.184498682088815
32.86791398;24.63778408471535
27.29730308;35.46446153756733
20.64186574;31.868720939657578
26.84232167;30.748386381319506
64.81244213;50.76338709051379
21.05412095;17.506854641923383
25.82283736;35.694068739087015
32.51781933;45.27154147111105
23.54932502;30.10631885350722
35.12583625;37.06663999572925
35.45112513;34.076241401702646
26.64657375;32.54257264254011
52.35528258;42.27615788292496
30.31465912;36.83722898052929
25.91934595;23.45422197201151
29.34823657;40.8255626744824
30.36014974;32.858862438262804
27.16426609;43.05173085118986
19.75722662;15.221423322010196
26.94094223;39.35319792009068
65.24486124;56.219487300362744
20.92165253;28.23168086698024
25.70735295;39.06124535129061
32.88977552;40.10280198247642
23.88266265;45.134768934588465
35.70607807;38.49381261176586
36.84463958;38.37397228342343
26.71790629;39.971843393638665
50.9891035;39.70172660798744
29.59647618;38.58459010575007
41.46496643;53.88808656029323
25.88759703;30.276647893176232
29.19233868;51.051625482886266
28.02330676;24.818111659408714
27.00098311;36.57357368506018
18.7873699;19.12670812495162
27.0848665;37.790211823137724
65.80045743;62.3412542872702
21.0101946;25.35683655676553
25.6252487;34.99855428510455
33.33069564;43.96003650848979
24.33269448;37.27401378058403
36.421666;33.64633516391336
38.6835639;35.42121693182162
26.84243769;38.61282653555395
23.01495938;31.252385909390796
49.59561398;33.726271646288296
28.85963984;36.0369920255207
41.93836223;47.39437690601517
26.02520942;34.01629303323898
29.10660513;37.709207091766075
25.85738505;26.293966413798444
26.80745413;40.47858679435558
17.73229557;20.727187008774308
27.27409445;33.29446676527186
66.4792307;57.483993063704474
21.31974715;26.894566320750528
25.57652461;37.4635554114775
33.84057971;38.15073485562152
24.89942051;36.74542791872045
37.27260002;34.90167159010798
40.96789809;39.547038588856594
27.02016793;38.54323888903127
24.31535228;31.0669062678528
48.17481403;29.2818703012108
42.55268469;41.95428137426825
26.33218313;30.31951965086955
29.09103591;36.146006366633856
26.58367916;28.26117297901078
16.59200364;20.761447788568148
27.5086261;33.929417491122194
67.28118105;58.17184114947486
21.85031019;31.0112212030308
25.56118068;25.277857778359248
34.41942773;34.60535477974372
25.58284074;40.63419105727917
38.25888014;37.80374853291414
27.25109702;34.791012399483634
25.98742501;35.23454663573466
46.72670365;41.665145564746126
43.3079338;48.60121979764699
26.80851816;29.98044062822919
29.14563102;37.95633192528658
26.32965819;44.16269837161053
15.36649409;19.80522101873339
27.78846144;34.042882799561994
68.20630849;67.23387001994888
25.57921691;26.930174801133035
26.38295517;36.13542147771204
39.38050637;37.74915519345382
27.53522497;40.06701647107843
28.0311776;25.46698825749445
45.25128283;23.067654331629456
44.20410957;32.36017400281162
26.04539122;20.149288567673466
14.05576695;11.420347786736784
28.11360048;36.09827782928005
69.25461301;64.01739099728184
25.63063331;38.41565321244525
27.29976381;36.89865673915756
40.63747869;34.18482041851075
27.87255176;35.26793537244703
43.74855157;36.80922423071206
45.241212;41.32430050887524
25.73087825;18.819174965070488
12.6598222;16.35590849015989
28.48404321;31.51028259666964
70.42609461;58.253973263572334
25.71542986;38.465645706730356
28.33326665;38.214442458894155
42.02979712;39.723357015815964
28.2630774;38.99303348347348
42.21850989;35.09444580926538
39.66039807;35.95070181622759
46.41924108;45.04314363149774
31.37166862;32.25739515128407
34.39691851;28.519684299406435
20.22120276;29.917005336768852
30.53977646;35.39771529378231
36.98169092;35.1470400994458
34.37358761;40.93147262635284
33.90678721;31.475286551178215
29.98267299;24.11091498134374
39.29249717;39.077431943749616
41.27839136;51.91852843366905
29.7003582;30.796923225376304
41.32933726;41.84826634246019
45.9355347;45.34921318034503
40.935614;39.65058841045811
21.58232056;17.534919146901302
40.44971749;46.71368471446658
25.01110271;30.523427834670656
43.24311707;36.915873805921365
38.29471656;34.19567436240504
29.6928321;29.002412115552943
43.09221119;36.516416433662016
47.54571835;51.96607198341553
33.34525555;50.94123687429533
35.44542412;34.216788354004166
21.4632399;23.297420541342944
40.20927124;43.0474625825766
22.07435212;27.114108866272773
44.56177934;34.482169717304714
46.60646101;41.01485220736686
39.423016;29.392347358758343
36.13859682;31.00392440995529
29.96009469;31.3259048431446
44.58111895;37.463508221882876
49.01320784;38.92022120394722
18.50731598;12.85123254742507
35.75335923;39.3426742071988
21.35634197;25.784996417753064
39.34617645;49.808841479937655
20.14499596;25.7970908658408
44.35625155;32.7403439255304
38.02995618;31.22597407633225
39.81930418;29.93445974991664
35.93798772;36.49853453802098
41.33504252;51.96121594523174
30.50214597;32.88872966820236
45.79606055;38.10773843676179
50.33800315;53.72510435195909
35.73150427;52.04087128253923
36.45680908;35.54859303312264
21.26162676;32.618019372393974
22.77155578;26.69693850441945
33.02274426;39.79350163001254
37.86043312;45.55991480335979
19.22303423;28.451259161049165
53.91841801;42.07020913258293
42.62653371;38.522876741351865
43.29271572;41.885638073773634
35.93888751;34.306984764497656
39.48358112;34.494671351460056
46.13499888;34.992519462672135
35.64252055;35.251307962587816
62.25546617;58.4900936238937
39.31198885;44.35440779306555
45.45210168;40.87193230019511
42.40988404;47.323305739128045
50.73963187;45.73531866607209
31.31898593;42.28527833509179
46.73703599;42.05168971906278
51.52010429;41.33229038135505
35.37985923;42.941688995118966
29.72032079;26.910562468520993
21.17909429;27.918323426865754
23.88693845;29.47306880443466
32.37954938;43.27189616400392
35.75204126;44.56186045649338
19.30846694;31.574027156819284
52.86248554;43.79768270116165
39.3726258;32.796174759148926
40.32346686;46.67453099227896
40.33325502;34.86056499602455
38.41584681;36.013719899683565
45.57775171;31.55814348835156
35.2521953;34.0418398042184
54.61305894;44.83574774475892
37.28466876;41.72280080690143
42.505883;37.90037924497483
40.15449494;39.86187865994907
46.62660573;39.46085230511653
32.41061458;41.07519406558458
47.40404526;45.43945383691789
22.33975155;23.239033781528633
52.55951126;44.653584465488166
34.69842413;40.59755347115606
23.20656062;22.136251708146347
21.10874454;33.48564125269877
24.8364202;27.68581749238183
31.75744754;42.17183388209196
33.02100086;50.570483886159536
20.40129409;27.630104287719632
51.83674184;37.630501007678504
34.59452784;31.9996820943652
37.5456738;38.38130242504417
36.61610125;34.146225943566606
44.83679728;28.603555852825593
34.76701196;36.3050933763534
48.04858477;37.081186822864765
35.25308225;39.58319242613834
39.6891245;33.25522109634221
37.94932422;41.09564328033048
43.15285615;35.97258041358418
40.50121393;42.859560464896276
33.77703192;39.65703107468471
47.79708837;45.5876602504668
21.76737659;27.95224368576055
53.45622406;40.335841520152826
33.68719895;37.82818839398715
16.91552858;21.74267191039985
21.05057753;29.148727793642365
25.62000102;29.671032164205144
31.15643876;39.36120357998334
29.66731192;46.326328218320896
50.84118691;41.57034413099154
34.95933654;43.747188860218785
34.08434445;37.29116169001827
43.9121356;35.770709126709335
34.18697055;36.82689173353174
42.56204365;36.957869002699226
33.21722931;32.71639193644842
37.00182618;32.727074252276
35.7943719;49.05989309697361
40.31838314;38.13444204048119
39.17155396;45.487619497036576
35.41823794;35.978644962577164
47.91616532;41.038757654709116
21.23184947;24.12804832540678
54.21024269;40.121768873317706
32.3461837;38.40290396639648
10.84722467;9.876987732924135
21.00459324;27.79896931290864
26.23768093;26.800556194602905
30.57652304;33.95188425665583
25.69097445;30.16052572553167
49.87582076;47.64151286625838
32.56445507;42.96412215436612
37.33423266;32.814398995842566
47.7612761;41.39955607136835
20.7331702;29.80043581943937
54.82156714;29.303954443415932
30.67537837;32.85387635792176
20.97079168;28.240661082958468
26.68945991;32.888050615301836
30.01770036;32.31191648929416
21.09198844;20.40534050114661
48.94064337;42.908627221952884
30.36102941;39.66315615275562
26.8247971;15.335306132767073
41.51169047;31.490875698729724
32.74231349;34.68499103340764
34.82276059;30.101637870264312
29.13272417;33.39475614820003
32.01561005;33.98339009096708
31.63512242;33.97566911475769
36.56726681;36.161783292601285
36.701917;40.5594819659982
47.33242072;44.81347841861316
20.27133877;19.609414892538553
55.29019743;42.73615486492963
28.67478297;36.53246607203073
20.94917286;27.22492747653746
26.97533797;30.469069470893373
29.47997074;37.05963246447027
15.87035389;18.358782029357144
48.03565476;42.239183624801626
28.34905954;38.38738884718077
22.09700655;18.661484529367954
40.03590703;39.70761841618696
31.87769784;37.84940103110603
32.57001864;39.344473895014744
27.08407197;32.660582421014624
29.71669225;30.942753571676803
29.63082527;40.166458934801994
35.6506235;27.44878352024807
35.56194;41.79964547637246
46.62959918;40.341899539913356
19.84635519;23.40590921274452
55.61613354;35.32648985648302
26.3443975;30.52167176996045
20.93973676;26.95575731392023
27.09531511;33.9769700160341
28.96333417;32.36442754501513
10.0260708;15.736351608308723
47.16085491;41.29498138805775
26.52854547;30.147345646127405
16.63720475;22.037644755810106
38.37641633;30.145920724304233
30.91822411;34.01329742307462
31.39520974;38.096407509476194
25.03115334;30.468629335571677
27.54723463;27.19659952404072
27.6767465;39.35409642169361
35.37325675;29.127453351497934
34.48519067;37.61529688185874
45.65281147;37.37194886651014
19.45821945;17.308205280346783
55.79937548;34.49187347159932
23.68422196;38.919157976210045
20.94248339;27.22969244565502
27.04939133;29.99180563686059
28.46779065;32.79289094980345
46.31624384;38.270759240581356
24.8994872;31.562773521827694
36.53321838;33.12916939940078
29.8638923;34.98668878095668
31.2983339;39.06422082354584
22.97396829;27.305535752495416
25.50723718;26.326264800454737
25.77288613;34.961306024156556
35.73516656;29.833077345812853
33.47166898;32.724601827454535
36.66174821;27.994101535661684
44.4020576;37.87059757737916
19.10693156;16.153821373004803
55.83992325;35.97779827269005
20.69425635;19.501384248385193
20.95741275;29.628282488114564
26.83756662;29.917796969722303
27.99334019;31.78243254164704
45.50182154;31.450795392013788
23.46188473;27.222399078926173
34.50631318;29.1711261294422
28.71470241;34.52373636041921
32.27939112;31.977289445678252
20.91251682;30.671172486016076
23.59669991;25.040702784152018
23.91924414;34.329682178891744
36.73635294;18.62918120595259
32.52137496;36.2102445186847
35.59850433;25.022158762456456
42.87733757;40.08743224265527
18.79249151;11.532837114884387
55.73777684;56.351083081370234
20.98452483;30.976359470305397
26.45984099;29.278422542452972
27.53998278;35.20989419417492
44.71758801;40.30734287857467
22.21573805;32.30986449211491
32.29570072;31.666867695736073
27.47065444;34.104500885479865
34.33838139;37.31517269844517
18.84679892;17.18504392959767
21.81562281;31.34328235634348
22.11582055;27.845401468204727
38.37681589;33.64304912632997
31.63430859;29.905563882642355
34.30034869;28.347906363300353
41.07865137;41.33528638850294
18.51489931;26.71520477042759
55.49293627;48.0276902337373
21.02381965;32.038520507538124
27.10771842;38.590750475809955
43.96354324;45.586249909206344
21.16104718;32.25965611679135
29.90138101;30.018017073964074
26.13174839;31.32502575759463
16.77681461;20.154320269047503
20.16400589;17.875934020472414
20.36261534;33.02815516924056
40.6565554;27.213175221654637
30.81046988;33.388235461005024
25.47170231;29.101184825458404
32.76728129;35.89066858224578
39.00599901;41.24513040677448
18.27415496;19.675821451737647
55.10540152;53.875094981087386
21.0752972;30.8640596417481
25.20668698;36.29919225284357
26.69654711;38.717447058635344
43.23968725;39.025047294376236
20.2978121;29.06589778264174
27.32335404;32.66410544658174
24.69798426;27.85336664775423
14.70256386;15.191030905926937
18.64184914;11.70825705169591
18.65962852;31.94340135685161
43.57557148;38.16268573320394
27.25364535;30.974501599333962
30.99930214;30.67505336693921
36.65938049;33.779606683217935
18.07025845;19.2002116584099
54.5751726;53.620420975066736
21.13895747;30.873132011643975
24.33125859;35.69542218679089
26.30646886;39.85287417988911
42.54602003;43.13943828075571
19.62603282;31.93740331833942
23.16936205;31.084052913292908
17.24915257;18.51033267256753
17.0068601;8.492669188543914
28.55001205;31.369995380448017
28.99641123;26.447970483031895
17.90320978;29.774901319828132
53.90224951;54.31118590307051
21.21480048;17.268739632434517
23.28992927;32.79575859399665
25.93748366;38.000305225630655
41.88254158;38.01380553792387
19.14570934;22.99995956055045
21.54588176;18.801219849275412
15.98591618;15.700896197335169
15.40431006;10.80739997281762
29.36080242;31.65683241134866
26.75860857;23.958065175307638
17.77300896;20.42206419449508
53.08663225;54.054050657936386
21.30282621;29.411206557511832
22.08269904;36.18444267783889
25.58959151;21.06348574992012
41.2492519;29.830396208456477
18.85684166;8.55307367280625
19.8275434;28.01113484927373
14.85213996;12.788260308474491
13.85197841;13.0868146087696
29.68601646;28.746259468674907
24.28589415;25.932079414719738
17.67965599;21.529917069517296
52.12832082;44.568358774306034
21.40303467;28.134629674186044
20.70956788;31.6646575343284
25.26279242;30.88988623982914
40.646151;41.11922373795733
18.75942978;33.57331496379925
18.01434695;17.546295484849907
13.84782392;14.237904545697347
12.34986515;13.329259802000706
29.52565418;32.783444549431806
21.57826797;28.073090227242574
17.62315086;15.685530015641234
51.02731521;55.44732804053092
21.51542587;36.197759045311614
19.1705358;18.248551800289533
24.95708637;32.31418602571466
40.07323886;30.815690864939825
18.85347369;31.976806261745878
16.10629242;28.966540738643744
12.97296805;14.451167894304717
10.89797029;10.145679922289673
28.87971556;31.61059068900977
18.63573003;17.810031420736095
17.60349357;13.486676714582245
49.78361543;41.22442391806726
21.63999979;27.99798844252109
17.4656028;12.189602804758579
24.67247338;22.700464982090125
39.53051549;30.36436256482557
19.13897341;24.57972754916682
14.10337981;21.910073396173175
12.22757236;18.69064375954804
9.496293808;10.022807666605331
27.74820061;31.68460159858114
15.45828034;13.977986060296644
48.39722149;46.617233293489335
21.77675644;31.212407309265473
15.59476888;25.27965875702921
24.40895345;23.323449722973237
39.0179809;41.11004405521362
19.61592892;33.00480707076531
12.00560913;28.771882373252083
11.61163684;19.185532614677868
8.14483572;-36.73620094474336
26.13110933;20.48620124511399
12.0459189;13.45374890734638
46.86813336;43.24943774046369
21.92569582;22.15769147272931
38.53563507;35.786768022808246
9.812980362;2.9999018743865236
11.1251615;-15.217474848574966
8.398645694;11.078940157388388
