y_true;y_pred
4.33;-36.92877801807778
3.65;26.846596247195134
6.5;-57.411743517142725
6.9;-25.096830726610417
4.91;-17.014840673284038
3.85;-55.31281597083777
5.2;-13.876893972224684
5.41;-58.56542023575155
5.68;-21.772399533194648
5.55;-62.91959758368657
5.12;-44.66375779267307
4.95;-61.19779853270586
5.6;-44.03290092141252
5.56;-45.09050943255325
8.49;35.88412754355358
8.44;-76.89836035960403
4.51;-33.3826064845792
4.4;-52.21151400801092
9.32;-22.516054109788712
9.11;-37.93608669504956
3.59;8.634014325622895
3.75;-8.073670363986059
6.98;-50.73157531267838
7.93;-36.45771520025977
4.98;-31.26073753639213
5.29;-34.895032292333205
5.97;-37.55779784728035
5.89;-38.680710627064755
4.69;-42.71652971700051
4.32;-42.852345719662424
7.63;-30.04294429385457
8.7;-29.69402996826637
8.09;-16.046106413193783
3.78;-18.30259132435484
6.75;-21.31735523467086
7.28;-30.44962667069342
6.42;-69.826388342715
7.58;-48.618323200383045
6.08;-75.79098297779208
5.93;-79.56957978812451
10.22;-54.13540706849503
9.94;-27.448574980717986
8.42;-67.53190461443614
8.19;-50.05688980616159
7.34;-71.8053068229224
6.97;-52.78894433830419
10.14;-63.5439383770512
10.4;-38.81717813223274
8.82;-69.25917874362469
5.32;-51.73612675824805
5.33;-36.621231293969764
5.71;-32.10880964508587
7.86;28.822967927111943
8.01;-1.4252126756503087
12.02;-7.40407738230496
11.12;46.134381612586246
7.37;-5.230507794543767
7.47;-8.177368088943672
14.54;-2.0301247660964825
12.37;-30.692690875432152
7.71;-28.458323656852663
8.69;1.7145032666610747
10.62;-17.42449614721126
10.86;-18.72812431435243
6.45;-5.754757625793781
6.63;-19.869092314936633
10.68;-53.96880815894631
10.7;-46.899565530526615
6.35;-4.183616689622154
5.84;-16.214383478212905
12.14;-19.87201608939528
6.9;-29.9260053870919
6.98;-10.456596345151274
7.48;-35.59082181855622
11.78;-26.24374556641698
12.63;-9.993550707235451
7.28;-35.75184519401515
7.57;-55.07276861439671
11.44;-47.824695390041114
11.18;-54.76704976072676
6.22;-51.1062463569138
6.32;-62.741354163110515
8.89;-20.84689114348931
9.98;-52.041107749084986
8.13;-55.2345658113421
8.2;-28.36545083801601
11.41;-8.417943429954574
12.02;-37.5700167535863
8.15;-29.218080560603003
7.31;-25.946778823277896
11.59;-62.663017683814374
11.28;-23.57887016103052
6.76;-35.70491988275188
6.87;-34.273110783212125
10.57;-53.79463465326249
10.67;-44.56072210105976
9.26;-46.365984847259426
8.86;-71.90310624737967
13.69;-46.687983956141245
13.16;-63.75416796148933
5.84;-67.98009810951734
5.52;-38.40697358709778
6.21;-52.869960027237305
5.68;-95.18989725728015
3.65;-46.66356633630407
3.98;-31.42972606994174
5.68;-88.39346586572074
5.45;-50.884697159071145
4.1;-27.376121340783275
3.91;-46.983242260403614
5.41;-41.57151254982591
5.81;-29.381834719406843
3.6;-22.170313448264427
3.61;-51.4874109869576
5.47;-24.63713887340329
6.11;-40.693761136619536
2.9;-20.364700811657784
2.88;-7.695339525498261
3.06;-21.479639491048367
3.06;-26.83545526813094
4.64;-36.668306913956535
3.73;-25.349570084497902
2.47;-45.41805975008303
2.01;-56.253589162231236
4.12;-52.466084111735206
4.35;-29.775152148842256
2.87;-87.72665833676214
2.93;-62.91518591437648
4.02;-20.409761245956425
4.27;-32.77200339532589
2.75;21.669188367364335
1.85;17.814118473901505
4.64;-25.638799709386443
5.37;-33.53437190579439
5.59;-20.038404442755077
5.5;-18.498468422107297
3.41;11.200670630010423
3.71;-6.885898844600261
21.18;-30.491060498537447
22.48;-16.770270005163038
9.74;-12.875730707163177
9.14;8.343513749813683
23.0;-13.226932963603657
25.28;-34.90885337625201
19.88;-64.05389301100263
22.72;-6.186102006196242
7.94;-27.890236942308096
7.13;-42.53261596873494
6.7;-27.416217868233186
7.29;-21.83694459809482
6.53;-27.186971042931493
6.25;-12.507514833273872
8.31;1.129664204294253
8.62;-10.436121920349121
20.86;-6.917576237309396
19.51;-10.389769227015089
20.57;-2.7110056397015376
19.56;-25.981757016792592
23.95;-33.67531032514292
23.25;-13.61930452965912
24.22;-8.813269216854492
24.13;-8.47891826417895
22.22;-9.952454995394389
22.1;11.346997657158271
8.19;-2.0219659690195804
10.31;-29.831043955372426
16.43;-48.738987813516154
8.46;-83.37941305569706
6.78;-48.19867818046718
13.23;-57.744756364270245
16.76;-61.811281667421675
5.81;-34.058923907776446
5.35;-36.88698961537651
10.09;-43.876530857234144
20.06;-72.17033100498871
6.77;-38.90652693529633
6.77;-19.154625470427522
6.88;-45.38401325274158
7.24;-67.43922318119519
13.9;-20.81132207618263
16.16;-32.215611667935896
3.67;-35.83554589790177
3.54;-35.86292742589789
0.0;-48.74344558161988
0.0;-130.55546715624112
7.9;-18.12295547330974
9.07;-44.95154633256014
6.44;-23.990445119163244
6.82;-53.47125032326019
5.25;-13.919171838603985
6.44;-45.036166229097255
17.47;-34.55438716982514
18.41;-27.53431412610332
9.91;-11.10902922017563
9.54;-25.664476901629893
1.08;91.88095108409482
1.59;78.56123382324265
8.1;59.021677430920334
7.84;52.832887449775825
11.32;55.5340953296701
11.05;-33.53398782073251
5.3;-45.01146480326218
5.77;-17.647730882579683
5.47;-44.851318659873314
5.51;-47.64233405879658
4.98;-39.026604586335125
5.16;-50.30378399681861
14.27;-84.0018493849071
14.48;-84.76457917157038
12.18;22.77572466133959
11.81;-50.60722009401371
8.62;-8.849990880121645
6.67;-9.344168721187328
18.19;46.4642917318224
7.34;-23.37684221293559
20.6;-43.43258663298859
19.82;-13.83649833909823
6.89;-22.761702173015475
4.66;-19.428895714379056
18.87;-1.6191939955214258
15.21;30.491518955566182
10.29;-59.87662876452262
10.36;-92.99983160327477
5.73;-37.02187237854619
5.43;-46.69555459497268
4.47;-17.377781401212626
4.23;-38.15293157664464
14.02;-6.754153977201918
11.7;-50.29179350871705
12.27;-57.13834461505874
7.14;-39.69062367745184
10.67;-75.15574291870078
9.97;-83.15876348255745
13.62;-14.608193221325925
4.84;-35.626130832664835
8.5;-26.773449872587786
10.49;-0.8177028964660997
12.29;-37.86898046748271
11.74;-63.624262823350904
12.75;-25.096913807991722
0.68;35.43344317228903
10.85;-19.53569278515724
10.18;-5.608218080665447
10.72;-19.279930201401907
9.49;-16.448182044514947
14.44;-33.11866489620301
10.95;-20.565402240268792
9.7;2.0969414572716105
8.3;-1.4855565146477345
2.35;53.57271552752394
2.84;5.159017110688405
8.01;6.566260604744896
7.71;-15.913337769549164
0.67;42.80660572581303
10.8;5.543841023995922
7.78;3.1370733989418746
0.06;-47.90444871609277
0.04;17.57993238017369
8.04;-83.30418096122384
12.01;8.354085048202828
9.23;-42.73738636317111
6.91;-44.52382643531245
5.83;-3.9361954754783226
7.68;-23.835183415598653
15.39;-34.97873259878424
12.71;8.197976881873993
11.25;10.899083807558243
11.19;-24.1861998983027
0.76;51.95408539051163
20.77;-24.549886093218145
9.13;-4.342333327153815
7.86;1.6638563063973657
5.61;-6.189385902093184
9.1;39.2494726522566
9.14;16.196729579455596
6.97;-9.490949033700302
5.70052183;-31.070844266466125
6.012516199;-63.03481660809172
6.105460471;0.34811418806573835
4.736245033;-161.735651130409
5.049796136;-54.28414574080315
5.020289688;-15.358166384385692
4.077919736;-44.90606035541245
3.512129632;-44.70053711791251
3.787784004;-22.400267740441887
3.360147244;-37.94279522653338
3.633585615;-1.359917286471434
3.527743984;-28.916227870066603
3.951143365;0.8514789886058005
4.815682678;-48.6533526257409
2.987076678;-88.04969100953957
3.877387484;-51.55649854132024
3.823338637;-75.93202426630612
3.700308197;-2.9900133911079485
3.462855535;-49.012467334705065
4.036029763;10.338096247002541
3.164092216;27.247810525305777
3.077284024;7.805603491154772
3.169709872;-20.018119986997764
2.997719443;10.65374896124908
3.532242352;-18.09020565402621
3.568781553;-20.99654818789706
5.775759306;2.1338480597893246
8.504130965;15.99069686381654
7.312547327;16.504226118475845
7.418267693;-8.441764379398974
7.500794473;-1.820940246806479
7.206610242;47.46925727831758
4.895294129;-24.23833094483934
4.892687557;-27.005642884992735
3.381656838;-24.5900778968487
4.62388389;2.7018144461912024
4.275842995;33.518032974141505
4.178929715;21.683407783683705
5.372088808;-32.42446476008684
4.96313188;3.664911599802958
5.478331404;-54.68055255936508
5.850454955;20.003674382957147
5.542042724;3.464075281411191
4.773054556;-21.189293701685926
4.841870363;28.14117226314809
4.98235551;-43.78757108172197
4.164047532;-30.473821395987237
5.694510271;-29.464772943026418
4.676078217;14.270152273202553
9.237414949;19.06188773379066
9.149314639;27.514587984854888
8.135778896;-31.06424396337128
6.782939979;5.218613247637174
10.21256851;-8.070943816828406
8.671986107;-45.19856939736758
5.857758462;-36.53522388660342
6.307945518;-36.179664795579555
7.560193303;-37.75648136641978
5.835337913;21.21505856459413
9.483316459;14.692671693004014
7.153850509;-2.013632504226256
6.559968459;21.915308726901447
6.709347195;63.083496624867195
7.581500268;-13.002517906253782
6.17325639;-7.884747535690975
7.266727942;-9.289392421259103
5.498374355;-1.5812607438773507
6.088937431;5.749840146193259
4.809489063;-24.289876681398777
5.526740847;-4.4463726212595045
6.537857284;27.71089651288398
6.966618803;9.369582457146302
6.080925599;13.737746588283409
4.027591779;37.74305899389283
4.334753425;4.3734716534131675
5.147350983;21.002868474756493
11.18494452;-22.459520494846103
11.35636287;8.776312439486068
12.97108439;-13.284250466687611
10.15338854;46.77013120632914
9.349008535;-4.714430677360971
12.07304559;31.059654338121767
7.454943244;-15.56639767782063
7.33026442;-39.20200608832652
7.715741696;-39.00153080886491
11.64833364;6.303228742847169
11.43273262;-3.8129260277501955
11.66392171;4.59047726382949
12.22718901;33.7970036915387
12.67721463;29.480766228843404
14.55518927;8.86379543151198
5.239579093;29.257934068502056
7.451921647;-23.912117781639417
6.044720972;-53.00200707081341
10.01307302;44.71953756758059
8.265290776;18.373429706070077
10.42996983;-9.440430427388353
8.925716806;20.319076383579443
9.919340931;15.36380359587312
7.756425366;41.26622096585958
6.268318208;-33.9189198957103
6.968330171;31.071615300742778
5.435683983;-4.3368137158456594
10.78914724;4.81998771578254
8.875037005;27.033442083192174
9.409572928;15.434073590820907
12.15156074;-9.622766648815263
9.463081643;11.208615535382224
9.461697293;-31.026216830617127
6.93436522;-21.035143779342878
7.66461079;-44.89501307902194
5.451721515;-36.937342569446564
11.08613177;-16.565235503341228
12.17417444;-4.6295475569268785
10.39258379;-15.70452629469039
12.35692381;4.858286557008585
10.33473431;-7.791567017382748
11.45212933;65.26791174904692
7.921885755;-13.963070734748433
7.491915185;19.749074338852065
8.244470523;-51.38217125119185
7.953745596;-5.3671117533637425
8.466087975;-17.997420918205506
8.896533452;29.6510160431876
7.314217388;4.864667304752356
7.019204391;0.3842898936411161
7.73589077;-13.665309665580983
7.636285156;-47.90814999302703
6.851985839;-31.251049444760827
5.694920354;-48.2981674290033
9.915728101;15.42795951311575
6.752475752;19.042887276842574
11.14804821;-19.531956496540207
8.886750358;-0.6889982443874358
7.826603931;-0.23382651787174913
11.88290649;-15.965082536609952
7.585460046;-59.46812634758308
8.061738614;-24.859781960452217
8.608546636;-45.704444040854696
9.778860403;1.5058457933122527
13.44845882;-58.62254639685328
9.116925599;-2.496620685490645
6.994970683;10.328909582977277
9.416515831;21.28279436596583
8.80513543;6.804834095726532
9.795886303;-10.60231111173995
7.298517433;-16.388119916404282
7.06367992;-28.89360088822965
6.483047264;-31.122815480373493
7.288098179;-24.595329155365032
8.354729283;12.41426658257838
7.747620211;-31.339278282986687
8.059769085;-40.346562256981166
8.187986191;-30.511380799190842
7.042280321;30.52026861364205
6.965172007;17.236417319627712
6.544143061;-56.23714158201287
8.534609499;7.488391062769756
11.44963337;-7.874285498266415
9.37504781;20.610320137410366
9.751901831;6.072491235396603
9.996270378;11.652465222182018
10.2075631;3.78614385042814
6.650813051;11.100662352122617
6.982536233;-32.36340552039311
5.533406461;-16.738914117848232
7.400124314;-27.933490514418875
8.126792937;18.947734384099324
8.349942892;48.718098150430066
11.13900367;4.394443666449069
9.800942367;52.407705912638406
8.448733067;37.514671181772215
6.048798071;10.448532310441768
6.673817135;-46.661731822126555
7.410242954;-17.3991849900742
7.144768668;51.12144228024086
5.511224341;84.33090901888994
7.414651502;80.87570073344664
8.568691373;34.54111558496569
9.312660147;-37.69389138081959
7.843380917;15.784825981182161
7.451516186;-3.1413050146043253
7.758704427;24.126156295889093
6.607373074;-13.645673360041807
8.248942225;52.89720078404945
6.177083515;-194.33846972123348
9.902263429;52.7416616709349
6.277724458;12.289109356617073
7.355035013;50.489747135698806
5.754446751;-439.69840695863263
6.094010782;-8.685174439722724
5.550947736;9.829908686012423
5.840731116;51.2206928249917
7.076496833;88.81305845658662
8.9312677;81.89184782217617
5.502970858;-20.750450592990408
7.984212115;15.10553549211402
7.034034289;13.550036985128083
5.742649184;-7.932261896416227
5.310308006;-44.39877003671958
8.169229612;5.3762997178831675
8.297323567;64.07417660512682
12.47713667;60.80866361732097
9.321784987;23.046490220762728
11.43002549;-22.635724611311044
9.029821351;27.7938988267654
7.369735044;6.901697419847913
6.638401363;62.74251535570268
12.36244011;47.037921693698166
10.42420651;-41.643518352683515
8.95299619;102.22565803054512
8.006705307;-28.056886981112356
10.41601461;104.63137722557872
8.61818099;10.703607882678158
7.637901033;26.686639917813256
6.300945114;-30.439109578928846
5.827683067;65.72521137074881
6.633325802;25.789065600794007
14.59396873;23.36354901727137
11.44766958;48.002577054107135
9.319191246;66.07741387362597
9.199116518;14.490699730594683
10.01282387;87.25785651289291
8.073613765;36.209409399037355
5.979219355;9.370199409347395
6.627594992;64.78623570470073
6.58867997;81.16942096052291
9.748662437;-14.19889532771156
9.193671044;71.20940337481476
8.668310546;6.1351559607631625
8.388561914;31.785818497677017
7.551951444;26.405814657882903
6.399031354;47.934882310910176
4.31923123;44.27942609290245
7.748720094;39.977564071275154
7.507638892;3.0141762970359367
5.659958854;-24.19391299907431
7.88037212;-13.91611145475818
7.960748509;23.329425301463434
6.45013247;-13.897467320321907
10.05143925;26.399283865242165
7.520863073;43.463039762636114
5.550807081;6.5502850682246585
5.481501719;-51.377973137130596
3.748954546;12.571588759093673
8.31516601;13.80479847265327
8.011220027;-11.595254845652251
5.27058766;24.326636881682088
8.77168971;18.0283404972723
9.100552673;-13.315785443132459
8.652111066;-11.207025093885616
7.96152118;17.121600598788863
8.151198868;12.19359650463422
8.197264666;0.6704401276066556
7.030825385;-2.9226628788777904
6.973653681;68.52696793697767
7.486372836;59.29357125268983
7.797789479;10.829350017072416
7.139855078;51.85665979169803
4.798489078;-47.93067626268031
5.479896299;39.941429639337585
5.527842993;-27.744640742458643
4.539340344;-42.107755833498885
8.097926182;43.254345793658196
7.822851763;77.18965730261502
6.148023941;40.891909901928116
8.996393321;26.705838463745152
7.119777034;67.31068185021435
8.460478971;37.69167941551743
6.129674957;17.877876424501853
6.14127543;-2.643677523809925
4.947877486;-26.287153189626693
5.979962545;40.908711027657134
5.227591135;64.40838574416202
8.747002524;-1.2663213905799782
7.742971669;-16.469251444694276
9.471264288;43.902025753269946
7.302992591;-35.516495253568046
5.879275576;13.75972019424455
7.024509785;89.85349915453386
5.459827685;32.87582511273599
3.409551339;39.86395552425803
5.079682293;45.45166910592852
5.323479292;-49.09448433522333
2.512393305;49.275113734605355
4.39220557;-6.7448856310091205
3.954077416;-2.0098709507988963
5.432754568;9.636665352894925
4.720262111;61.365125683973666
8.490524528;51.12501283396507
6.639498739;91.67834724838782
6.865669052;30.831007874296542
6.039771828;80.38225454922548
7.719640715;165.40453142542705
6.169069558;66.25117761185513
5.969271673;83.47467765798152
5.133162267;26.289349145072993
5.957438242;55.55296133106049
6.179389259;15.472466260372189
7.319610764;108.6021716817129
7.149071265;16.27079253570911
7.03284556;12.229765923718595
8.038643471;64.74665648531354
6.205484553;91.15134565642566
5.582602582;30.281013113039762
5.631520195;41.52715958103312
4.680425012;46.28524803994457
7.027393386;119.22282877477215
5.137083471;69.84614881576172
5.602436996;81.44221373002668
4.947263105;100.5338011900196
3.015825576;68.22151292046112
6.184881512;50.577324437680275
4.973718145;66.79668701669758
4.854832551;36.73144221149384
4.96521166;55.83743348686214
5.1813101;13.411809647505608
6.541604182;92.69461125004798
4.911749463;25.083013791809886
3.9132277;83.97965901695068
4.863563097;19.52557209913083
6.512944797;37.0447414860642
4.462270242;60.3397457521343
3.862718504;41.39166119043271
4.14173669;61.140227997142986
8.414487898;18.6856398977011
8.427963545;31.66712155270601
5.711906869;-21.37681973283515
4.221430502;90.75805273758476
5.006913607;7.542986031833481
5.324029837;-42.10380093091179
4.725998104;41.0477409190749
5.936331581;9.286021151726969
5.372935279;23.92944102365451
3.838116774;-19.25153754092772
4.837208954;21.047442508587398
4.377355437;13.991406786127166
4.628580047;92.89345610548466
3.83167427;25.484288683718276
2.773040817;22.13745571827511
3.925849194;-2.7226621769698673
4.311482101;58.684064282895264
3.302348317;81.68233342925171
6.327347988;-0.5882131989118693
6.30498385;-53.97093456831479
5.861014338;-88.73477964195028
4.916688584;155.61438728961576
6.063612067;48.172908591347365
5.511297565;44.115015886202755
2.97975477;-5.087331980112262
2.982118404;28.832915405724222
4.610296068;-20.08432445593724
5.536741367;43.74290473529553
5.330042305;104.08724949800234
5.679007736;19.907484800674567
5.213169639;61.63997140435327
4.724201381;52.23880160898007
5.121989998;85.69937886499565
4.002607353;46.84031011561425
5.749136575;19.374088763014125
3.463697917;7.065175782126408
2.562267945;12.855263967788984
3.619041775;-37.36509570827816
3.71269305;-8.147586108295256
4.368321407;60.61122186324211
3.217502546;23.102491238584502
2.915527854;66.9812594260702
3.986690706;78.55831849172343
3.272259264;-56.95240023473053
2.867451944;-25.945567813811135
5.857798908;-123.40746843736996
2.546215984;-32.255723683282916
4.468686123;-17.999895319544216
1.173416891;-390.20396764953074
4.870915962;56.80593427034026
4.176687598;112.4476002250865
4.391223208;-38.56689143179608
5.291855567;9.6369522045944
3.171772158;-58.719936817348994
6.699426704;-84.65658450580788
8.253002187;-71.2831185394318
9.045812991;-76.5107170242548
4.850798951;-30.104666431493985
6.260758604;28.326012735719516
7.314756834;-10.25660831246505
5.924209229;-3.397842175759148
5.734400924;25.3334372024437
6.218451361;-11.627306438279977
5.443732823;10.690434716086111
6.587767071;-5.114595150981202
3.876993026;-924.6914174386391
4.977917071;19.54730364661118
6.235935197;-33.84183064555499
6.003478649;29.308023041839988
4.597615619;19.332627288663478
3.37921426;-2.447064808796568
4.183275119;-26.801304093317427
1.363740227;-672.1956767503088
4.804344574;-352.2420542024724
0.86755954;-746.2731990975568
2.593412335;-552.582341660011
1.37350849;-489.0627804150742
2.30024508;-407.28700409651634
1.874270125;-428.8598949290616
1.970966784;-580.8660521641369
2.680457542;-612.2481547138653
1.913535363;-658.7183293230054
5.684469933;-734.0678509722035
2.291399934;-733.6640126467911
1.867126455;-736.5247841608622
3.950911371;-318.6698396314338
2.185043808;-701.5854764508641
3.675034931;-327.96567970188124
2.833621317;-953.1434810030703
2.706181375;-464.67023948190064
2.961479642;-567.1147408228181
1.001588261;-520.0417135920658
1.687482626;-687.1460523801808
1.804694517;-421.4523502956629
1.881506545;-659.086225836311
2.780934347;-471.1882712196
1.094556696;-623.0530003335413
3.574551121;-348.62071336765035
10.5532196271186;22.360855786746978
10.4911357349498;5.082844687272752
9.70318822882155;7.669850623130062
8.06227139445604;16.30636688847971
5.26784814618829;-1.8213855461233375
9.81987703850362;20.478140765371
7.42637099735098;24.64763042065297
8.20244908380305;34.38331458089107
9.89796164273522;7.364510034124121
10.6919066945256;30.72935732739417
7.96417070908199;-8.631192164147096
5.09006852325673;30.88230482166934
8.98156836015427;3.8440397595367917
8.4407680920357;20.83803760813524
11.6713045381101;-6.839742416136479
5.59262466060538;-6.766882241219529
2.92261920217028;5.610514594296674
6.38451994488691;10.766614632631338
4.36841110829618;-4.469337156982517
6.06978637438211;-4.6121880547520515
7.62847375012694;-20.10589411590842
7.2711024862835;10.77246501371195
9.12801769293447;3.6025496452471573
6.81948617452334;-4.344311400772087
8.49986006210942;20.613443419702275
9.91533574988672;4.333191967057445
9.162868828513;18.258870548033517
9.53543026152986;52.796335474502364
9.13774007482201;30.86387435195143
11.0021449222079;18.550764646911386
12.2321104695828;6.66671799373559
10.1752783036278;11.912180751362689
11.3167183128091;30.263204412899942
10.7105542584587;18.214350466793118
6.65893272412487;2.5013626265375923
9.44184919267685;20.284157988567568
9.76383494015183;7.624766844502242
9.94612547680765;26.969377892682054
8.26530454360613;12.762895616379945
9.35991327792756;5.014565079137512
9.25366006740254;22.13959691632509
8.62986894350929;12.372163959507139
9.0437887608304;-8.788957160988508
8.67832424956178;-29.05847744406692
8.9884427117933;10.4273260542555
10.5290309823389;-14.316431172934498
8.49362109567063;-23.01550778994299
9.85635958897401;-16.046303427223314
7.58223910211318;-16.713333353235218
7.64856261142687;-2.1342995928539223
8.96366543696812;8.181544442047672
9.63263967974601;24.551566932391456
7.40074181318845;8.328546081866987
5.97955472303987;4.759830272603951
6.56374989452367;4.590401116557773
5.89199077388054;7.461088522291364
9.84209999187938;17.170448716944357
8.20653697027413;16.066843632328126
8.00654612039368;-7.697070809979865
7.36477675913799;2.7292688142280963
7.09377033937704;9.25938244363448
13.1952801044619;6.043329119451029
12.8148148631711;12.30426666348261
11.4145792899645;25.937989468800218
14.0419578000692;20.158802153510017
13.2741299966914;27.194045250366703
13.5941782059531;10.877159380101771
9.39356272707844;22.737572483227055
10.8185478976656;9.839176533214177
11.3110226966038;12.05558272745409
11.0009677155214;36.00360674187781
6.96173777327985;-0.7421534385183519
8.85795283492223;10.19297442184928
12.0347556049283;7.341283657829296
9.52157539643824;6.338531150108924
9.03702894473788;14.156801585256561
7.9824270941473;-0.7869469091106889
10.1243881398581;14.22145427243972
10.0021913130998;19.17509880936857
9.45753684771156;5.956543938098497
9.62317846193278;9.822058126160135
7.55280823790286;9.307179797779783
10.4394064033158;3.9504258978445432
9.98715308703552;12.990997955649663
6.63540886342665;20.11704244503349
10.0696326101512;6.028397441820141
11.6851725476299;16.040265695831955
7.02470795421192;18.046059675527065
11.3197490661814;-0.31600433940437744
10.5949434217562;14.442380927428678
9.83408620243334;5.610961980501029
8.98483677146418;6.945734119158036
11.1048018256446;21.92526536693344
11.4748389337619;12.206905415731269
10.2816890584083;27.84606093727506
11.8954023185475;23.547430907292206
10.9929713882807;16.666103611270874
12.9366211905;17.39182120767386
11.7343577351632;1.1116871579992442
12.3733747802326;25.48775057970383
10.6914807711719;16.563713922970127
10.2276309481002;4.439178383432806
8.56325554063129;-8.929433756791685
9.70494108918476;22.830990578309365
8.21149967383724;-14.232288642830168
7.45428423599371;-11.290057070126258
10.2306769885705;-0.3993279601107935
7.79904963779087;-8.292619057208166
8.96813049338574;-2.054806991110174
9.5965612051272;-22.447741899357077
9.00423868506569;-3.5136717118472816
5.1666658369385;-7.114895297596055
7.8098362513885;-17.28349362379284
7.1144271035918;-4.847878996782297
9.69790661640572;-8.93428563380717
10.1855829493591;-34.067144706196956
12.8986705597658;-10.047536746115613
9.54797694817351;-5.037974519064685
9.74923102923778;-3.5872049433437865
13.0015327725399;-6.818578726378588
9.45255476835679;3.0987468352956307
8.23350596865395;5.859547062492762
10.0127259022945;18.591038734338493
9.84322732712043;6.707685425404181
7.90492622352082;-10.586981214759097
7.7545704728239;-5.651253252099748
13.0814274221885;44.453412181976276
13.9307089916752;13.038900447441888
12.4369867784425;32.30072407040899
14.3978865573227;36.23025427131748
13.6311680112241;28.560392056505425
9.69418624865993;32.80358821251814
6.37048988608308;20.801251724771582
9.56964471282124;2.4902984058281477
8.22605941636943;-2.1623402321010867
11.5811227288211;5.196364372592329
8.10593615239041;23.277150273109132
7.08327385396885;21.05902206364032
9.16163843547891;14.61158057788457
7.86638138637451;5.6794577152109955
7.20785584751321;20.643417924653928
4.64045121026188;0.8549447761706142
4.50395652796764;10.568116499700436
4.86747353763362;26.855144889532124
9.31877692253372;10.51154237965533
9.22984517391375;6.745437031353957
6.4846377027666;11.078947048713378
4.48899247126573;-14.532932338618673
3.49435741386704;-6.829362312788094
7.50478827245945;25.56570316407181
6.88892552904196;22.194839239938133
6.68657092093574;17.370696357616406
7.62876459598998;13.915688114878593
6.44134063641106;28.9636242421877
8.11449269599687;36.090010382517136
8.32154024476627;-2.9621997391625228
5.44489308674183;20.749945866083944
6.6430472545633;24.57181648080846
4.82620823216556;4.50300378607214
5.92760428478049;6.246354099800781
9.57379268611634;17.21428045575752
9.33545251015419;21.12572784857166
8.57928397517232;22.41176969182058
8.51398007291176;44.60472756328137
10.6160499566789;25.41929415673715
10.5388121771818;30.33377382163423
11.6928873920437;35.79676028870207
12.1449457113627;21.574788278147782
9.30540109463932;35.56282162719619
9.44559861628152;46.14294151499388
10.8789137988005;22.45097207745749
8.92927731022357;17.68563782291654
9.10920108657797;31.190527333228747
10.4771540629979;13.026919171838324
7.34640653592104;5.8652158009159905
8.49098835855647;32.22259224798683
8.21205288344553;23.840477474932403
8.11872233895123;23.321069359062154
6.9817953234133;32.963765805115976
8.78011166287911;26.18621234006346
7.25459287258802;13.673219030863093
7.74637597143457;20.257932698886272
8.90095259379278;26.60327778516822
6.89045145870917;30.95602921439159
8.30201182030764;38.7079159244393
7.15890302255632;23.2258159336637
6.65195093473804;28.105511172319982
6.5949521317252;17.923466995780373
7.88007205359877;29.852013286759114
8.27570264456446;30.120959057686036
5.19115154072401;-13.809192027269562
11.3541236343425;13.837002750303311
5.5081567969262;-3.5666925834237353
6.58867304312096;1.207139842322667
6.43166048393253;3.761947330749282
6.66850530795831;2.485212469903575
8.44342268900062;2.6921377305540006
9.06577567184825;37.7242477801358
9.46173254835997;29.799652645967903
8.44210726081194;23.64457855236675
11.8392027562978;34.15226051271532
8.86204886550538;34.48189069323993
9.33292910658363;18.932404874216797
8.29823673184358;17.00690987799889
8.68839230744896;9.399621246162019
10.4471572394539;22.60782644264337
9.78945716017552;7.981299185161868
11.7412470083428;2.7749073394627346
10.8589065078279;15.263760297679719
9.1525963071271;20.891538085498954
9.39505220635731;6.021478097208567
9.02501938036701;4.816395437134409
7.39576140285183;5.164816875015875
7.9496255110868;-1.468504470738798
8.94279661306838;1.3028260145081778
9.58938805650176;16.60278262308679
8.63122549253179;24.503857419175727
11.3383497726383;10.747081592690927
8.05836840420731;0.9355021216366706
7.67721370443124;21.33056201195639
6.35530726256983;17.547026179847276
9.49787960481709;20.54604547139339
5.89555675759215;6.69425911847812
9.44793115295887;7.147534129031879
7.50625807743415;14.876360087512431
9.03295629753436;1.3163749616932905
8.18910015881603;-10.847663924581616
8.73056165018541;14.397553551924402
9.32780028090591;31.32863926230677
8.6968828747972;23.831087976363715
8.99224851212077;9.806881102830596
8.92132455350799;19.52139641562573
10.3652182695707;26.017109386501485
7.25417434008594;11.488264485410204
6.82826559046796;6.936441768293497
9.57471805484951;5.191414533867013
7.29671494494449;-10.224244646587413
7.32295185714379;7.941556693790753
6.91639027739042;-8.982920277491852
7.08883964225841;1.357783938210885
7.61424345143117;-4.620851998948774
5.86423005030375;-9.312170040792404
7.61332470260004;-1.3951357690370592
9.69671518149916;15.186182655271315
11.9495145928399;23.329249615914893
7.45813653482033;24.651753799584245
10.5137846311662;21.314066011896152
9.96505867014341;26.715231150024653
8.2224446663183;26.44825171822319
8.16118367454206;16.895884268334715
11.0259438252618;34.99230716028333
9.73242556917688;4.2443227958019545
11.5728105576109;5.6923455157726845
9.30010709051967;8.486468516957059
7.98509833316755;0.8405771095495962
8.80049170251997;6.215077882040205
8.89800143842581;10.586010274045782
10.9097086528279;-28.900514789165182
9.77866813534671;-17.305785213827694
7.56497850538838;-0.1511555959197053
11.0640014588319;19.200025975371428
9.36038504803879;-42.3787172085726
6.48615435776638;11.814124299862666
8.05182209320408;35.334118744680964
5.1985398894667;6.5035105574606344
5.09184384622918;5.502054313860935
5.64989336058012;22.483760015006553
7.48605321186564;15.300328579364452
6.77004627287884;11.010048274508126
7.42259481037924;21.794361309549604
6.50004154549231;13.49877891061663
8.15069274574829;-1.1735577091051481
9.35040858304371;12.00833722199304
10.7593645887093;-15.257685292060016
6.12339080807121;3.9484446658953467
10.4347832160777;10.707843744245368
6.63281910822895;-18.595164880917327
7.95977348215192;18.009693258574586
8.7805659598313;21.1437401874045
7.52720735228787;15.624939167393253
6.68794854267384;16.960895691838484
10.5563260195564;10.468503702113347
7.72216521136989;5.201751527198281
8.88089748636338;12.450955116644673
10.0089628953125;3.2862357870367895
10.0709169879034;-10.695475574946306
7.73604980017255;8.295152043574037
9.54353276510958;46.87161966097486
8.34509939481872;0.40906042210485305
10.7576360333028;-0.47970620333898273
9.43456486733321;10.76550251034156
7.48667095699576;-6.188539221295608
7.47181961220876;7.949577199500407
6.43821856433585;5.533073980927556
5.94375165342408;0.17933754882068564
10.1273016547234;13.43091566010577
9.10657187173715;24.532193341963787
15.6452127629773;24.038105313232098
10.8283907214587;4.499513113129188
12.997541716329;10.012296273559587
18.429292373875;3.86780075024924
13.9344656534728;10.234211956328673
15.9287099528196;20.12271705582286
12.0104299891531;11.654702090187998
11.4720399859346;23.73985866209856
10.7239164847616;26.926658179840533
12.3665548252919;34.78863275228632
12.5002554950216;29.444017657769702
13.0422501184273;8.998724494118166
9.5593994527032;2.9935136886138154
8.03461445433436;-0.7093678775410193
10.043428902709;-4.713027839246758
10.5047706495269;7.191348261006548
8.01314273147131;2.211846298025885
9.30664565274495;-5.593016785070253
7.46129937701103;-6.209860806057952
7.96743761700514;-10.031414663177449
9.83686087990488;18.26379731657224
12.1329587337107;14.889582705065463
11.0903843102409;34.979613294806825
11.3817622615581;27.11152726079158
11.4290785179037;33.57682376118716
10.0278434567214;19.16336138482309
10.8274697445446;22.854961337564035
9.85398327659608;42.96750708648272
10.7180927273769;32.67441050190341
10.4202322884647;16.589332946068865
9.82611394191785;17.785957116002788
9.24363992172212;44.128125950246314
8.87689411474246;37.72395294872531
8.7358200351629;36.89210087928457
7.4602279937177;32.09548356791717
9.48541807627371;11.885782297322729
9.90441884816754;28.450917148021247
8.46444446680283;33.90382229557703
10.546619757455;21.730000401562073
8.67747799123213;20.5097570271682
7.92154786099689;1.0599468884135619
7.49724825942595;-4.979183290686086
7.50258416048207;19.754103639085006
8.43007580745918;9.526280025600778
7.31408369009805;2.193549141788209
4.74356470076801;-3.5641519364303753
6.19768794446133;-13.324310085961985
6.87232296987062;4.063528358784277
3.61856272473032;-15.278590440377497
6.96284880905989;-6.03653228761951
6.65480022369975;6.024470112008963
10.0178383967544;40.044814670474565
8.1990706291705;27.29342438999975
7.30581226954798;14.497548144632633
6.70967404710167;21.953711806207497
9.83982986510877;30.26026502431714
13.6163734937208;41.044575190991075
9.28028113244902;31.75432970422096
11.1987528140477;43.63579318466557
12.0623585238211;24.19090666093171
7.99639666192915;19.510797197825312
4.80890193566409;36.85261944715843
5.89215154039272;24.84975918891089
4.597684382502;2.494020525837835
3.93525499240237;2.2333258959545277
10.0894204403008;23.20789214403784
7.52417807534726;23.452027050728617
7.72886179977853;26.98477464716961
5.96446492033233;-5.1192118679542755
7.46418729585804;21.190832119812207
6.09804940523906;29.18834436602373
7.22733435566601;42.235286667600334
8.83242478403337;27.77629244624493
7.18470651663026;18.211261232445842
7.32370459631606;33.00102317551011
9.34504648200831;45.32385034575365
9.97650071611962;48.164821022440286
9.91972583455455;40.35688557757227
8.27387936625591;19.768836354066615
12.6431253493217;40.27148711498988
5.8886896699223;13.987971759022296
7.38449930351339;32.38063920697428
6.87157263729745;36.62363201342837
5.83999152422659;36.94674163333508
7.00949826605395;26.85777889018863
8.21505702785951;48.10983134443036
9.55809975318297;44.55486366202155
7.46523712622546;41.32268621404782
10.9465886895427;33.75762552903642
9.96167806595788;51.229708831512696
8.46505247345031;34.43963493202407
13.6381643771607;43.75469285040896
4.34726030812185;5.192548678474383
9.09912922198875;6.096748906552463
7.01969604780103;33.172193985192095
8.20391903088063;19.51029692358934
8.50429706905117;20.497947932490508
8.97150236622952;-4.715655308561358
7.71141923700255;22.15919679737328
8.58126195028681;17.562365706788878
10.5891230510558;17.93005374693179
9.30639843516821;19.949789760789074
7.42125191403007;9.525888613987492
6.57512855687718;31.442829931453065
11.7042682396171;14.93290470972652
7.37340084053079;15.684413864578028
14.8786531855162;36.003890855050365
7.88176271023315;41.88976816110845
10.6447697040507;28.94390596239271
10.0209355577363;29.150345919315694
6.14595025159147;7.512826648809176
12.3099424161114;47.05444167333968
8.83565097825775;49.998036517093475
7.4385705034175;20.60693083130757
10.9667019472638;29.39798780511692
9.02678863884014;33.692220321344294
9.5870165065287;21.836328320777323
10.6154645801313;20.795343360549797
11.103483554146;33.23907840251737
11.7938592833514;14.87953213746742
11.9405286343612;23.023285489492995
8.59725526075023;19.766308808597632
10.4436887921654;11.18133255573435
10.4952787769784;50.65298358045982
5.20207326810388;-1.1570466844661005
9.41971342613839;11.89217703551431
6.36071052418375;9.24003022963655
9.35861051197639;46.04760601770248
6.57682226164314;28.765084266022942
6.76574174895806;17.81319445430295
12.5540818280462;23.6811902444021
6.51374147081122;25.099957799649445
6.97638898081836;25.47987647732604
7.82254979506723;18.938362423251323
9.44786501473608;34.18669887936458
11.7362857875657;15.835729595022338
6.29783162145554;11.108672240920502
6.35434292147531;1.8303782766695744
14.1475307815972;13.855325038889271
5.15638610188083;15.537862588278637
7.18402720185769;-10.02271184442131
9.92541201307546;9.417130443583412
11.5545576727419;32.526426050040826
6.96706799425623;58.2222076602459
15.9460563602499;43.41535996109175
7.77595268108213;9.004166913621313
8.72742375081116;20.972155457238383
7.72145952187682;-24.588655384921584
4.77903199016709;22.59255139192469
5.85497263547368;13.12649651864063
7.17744795298336;14.491551658369195
8.2518755192025;32.52506508139706
6.37650883603012;25.475510644228184
6.94597366318319;41.17454226609463
6.68299882923566;29.7061987750075
6.37895354293759;41.61846628409285
9.16211705589192;48.19947816173627
8.34206398716692;43.86640825077511
7.7724113928661;28.638510842636062
7.4880031669888;29.457253295579374
6.99672232442528;28.35527434847982
8.38879662041887;49.460310386745995
9.11333044000169;3.1935241831483787
8.60895082194908;5.8402762969834665
6.77793191950532;-7.801111614144334
9.60995780893934;26.49956719154348
5.09804636424215;15.993279655918082
6.66917730586713;9.096714187908825
10.3039905852202;-1.710128865570565
6.53372105546334;-5.848800816422168
5.66121326525553;-17.36934464716234
5.71141811199507;-13.04444873677201
4.49567401581827;11.533937345491827
9.10737993969981;18.691342043847676
4.8381304683559;22.87527852341347
9.22910595284047;17.64915593294098
7.19819889716973;-4.4441396012727825
5.92218667450252;-13.114010826296633
13.5876986824263;19.016620538033443
7.67888699306595;19.70649824120174
8.98436263286221;15.264096770212296
11.8160581898339;29.238548676726687
11.5206993536111;16.240153684978136
14.2437246291161;20.186389913931112
12.2653452813628;25.036056082527274
18.0146183467553;24.33145703121644
24.5029880775158;13.29829564296462
8.61725190186606;32.34589475033559
11.9524234182886;35.39910096449127
13.9023009921215;32.30595704199767
12.2085527648173;20.473511424278723
14.0074698280738;17.490754372834964
11.5412652263078;32.597439348303524
10.5417210594522;4.134217111338721
8.62682911667753;-1.440865493181684
8.157324304;6.17720852943401
10.23663978;4.895438849781566
10.80840434;15.67689323959401
8.153213898;-3.133871061756802
10.30035106;11.501926011838991
5.440740841;26.98313310784408
6.588374773;3.428511442726427
8.437098609;3.900970413814026
10.02662992;10.396445779250003
10.19634864;22.37331588946098
2.040284454;-14.890525570452139
5.346077822;1.1941040751878504
10.3653387;-9.647418089944034
8.905992246;11.767748058787856
5.236203899;-0.025176696114056707
5.011918396;-1.651984796539748
5.693211515;11.645958283596793
7.57039846;-6.891254995249907
4.368203256;8.034991170629455
11.61788174;-8.778248176188884
2.661712348;8.560065261962793
3.603310251;-2.5929636032084793
5.782073246;5.192277072777538
9.280278642;2.962993222236966
8.086501097;-6.222479165361696
6.703022711;2.434573452984536
4.468657552;-11.343046089828361
8.256856846;16.983242453797533
6.918621307;-13.716567162635702
8.175948044;23.128084434792722
6.854381683;16.0489433820777
8.511245014;17.316532477412487
6.116667575;6.947641072114823
13.92082225;25.926938145471848
5.576601945;21.49646111191506
7.47549399;18.11896899392062
8.646876663;11.142738444847941
10.76299785;1.8572524674338173
6.663977183;42.89915301738823
6.328662516;29.66327804357735
10.35745477;26.99454070445422
5.777353391;32.93297494934002
10.84181213;2.2620934871876295
3.99028825;7.613655603462716
12.67413362;12.4619701072461
8.809853638;43.149824732392396
9.145823925;-32.926339365577405
2.457622496;27.34569497508963
4.545180592;23.287912762492542
4.146349379;-6.193322915516907
4.367090644;7.210098959492003
6.834032211;-1.2116531380727262
4.103924681;32.876858890066586
9.765956343;-8.940833914251519
9.713637405;8.707463826500982
11.47142098;103.26544353263726
9.794576523;-89.64013765834167
7.627817138;-83.90286600513802
11.07354095;-118.79998136794609
11.40995331;-117.18773837837834
7.046137596;33.251992567375126
2.65128502;-46.70839405341208
9.687013986;-61.25023187025445
10.15103164;-9.497999038487736
10.26176829;-32.171081073337874
19.24711054;-37.3658066501616
12.50032461;7.530627058767406
5.796535768;9.531078173077487
6.101797729;-9.881198883315724
15.61850852;-55.489973133939486
5.53369753;-59.89877391216645
7.708486375;-107.06499060211958
5.779931385;-79.58257721358581
9.588762046;-92.61772075414315
5.151761445;-88.77515299073887
10.668318;-79.61536463411574
8.363473826;-97.14882097118273
16.8322685;-8.162211428805525
15.98698404;-7.689471352602951
17.09197518;9.394462272666939
10.15621425;19.8880720306537
13.35185558;-15.927560627242633
14.44695437;-33.02488269049561
11.38227847;19.207649142776898
7.90333205;13.29952633630479
6.255979875;-0.29144846473694264
8.539338945;-35.973227982955976
7.385803145;12.718575242260153
5.064045897;-0.93977823488953
8.157324304;13.709452852943842
10.23663978;17.523577342156738
10.80840434;6.708303237778553
8.153213898;2.5237776351664043
10.30035106;13.69271170582253
5.440740841;21.84379393063761
6.588374773;1.1936528197476783
6.675237442;-18.28390102799323
8.437098608;9.698258181651811
10.02662992;-6.368729199967033
10.19634864;17.94964085441053
8.417124347;4.6644860496751726
2.040284454;-25.931519227703962
5.346077822;-26.66717561194397
10.3653387;-18.29442609026596
8.905992246;-4.472568665985083
5.236203898;-17.710151595349824
5.011918396;-10.946384638167062
5.693211515;-2.6934631585759177
7.57039846;-20.641216633667394
4.368203256;-4.301055847944911
11.61788174;-22.164708009049935
2.661712348;7.138775452006486
3.603310251;-8.519753630060633
5.782073246;-0.09765376791429636
9.280278642;18.44820170553653
8.086501097;0.878688196133409
6.703022711;-3.903350803938227
4.468657552;-2.4338201527157017
6.918621308;1.9795958132311058
8.175948044;20.643577695897896
6.854381683;-6.0216041737432295
8.511245014;7.989293160704252
6.116667575;-26.056142307301872
13.92082225;24.81718744617444
5.576601945;10.085587678633678
7.475493989;0.9793802100376028
8.646876663;0.3998675927945947
10.76299785;-11.366735153431241
6.663977184;19.66000406113838
6.328662516;7.98565605958723
10.35745477;11.940254473960502
9.202870369;72.98935037928932
9.755644892;41.466150878531245
5.461237483;-15.29697116324966
9.766050672;-10.985535485252724
5.613608302;-2.599749075904407
10.44167206;-1.1957108467023416
10.42349938;85.2806034934035
9.673026488;39.036067351045844
5.777353391;3.933310661223523
10.84181213;-22.381383394930833
3.99028825;-24.10107103296058
12.67413362;-13.682569627284506
8.809853638;19.746925796051805
9.145823925;-43.37720867667469
2.457622496;13.72629765983867
4.545180592;3.59019263117488
4.146349379;-22.515054913996078
4.367090644;-17.004444169117185
6.834032211;-24.980365076301222
9.713637405;1.6250274814135452
11.47142098;55.058332747426945
5.096433378;19.675735382119758
9.794576523;-1.3827262127654065
7.627817138;-7.290298832051912
11.07354095;-41.57981201199593
11.40995331;-35.02995347897238
7.046137596;3.272805644300155
2.65128502;25.2158622909228
9.687013986;11.567384179058463
10.15103164;-28.576627886278064
10.26176829;-59.129260598807164
12.50032461;-14.194415739623711
19.24711055;-41.28343483919072
5.796535769;-9.738026384672326
6.101797728;-18.96999010165019
15.61850852;15.748483163869286
5.53369753;1.1630112064601552
7.708486376;-31.454958775342657
9.588762046;-11.022393031624697
5.151761444;-14.45470229238113
10.668318;-13.974529623046687
8.363473825;-17.955806052895092
9.682488895;19.022167241829724
5.772734606;-20.625388678610673
10.26246447;20.499275717734808
7.376926787;-2.1371881272138586
9.763222091;22.70554516025915
4.930808472;-22.23480825719177
10.16764962;20.508386144784186
7.056909236;-24.700877693846994
10.13672426;14.773296178114707
6.748717789;-12.989241936870952
9.11586265;-5.699022370289066
6.083858742;-5.269652638042656
10.36698048;6.04145803753096
6.941629965;-19.150526763421478
5.428817111;-14.474181528945037
10.12401059;18.48450588914483
6.347275475;-11.387064536380413
9.783046663;24.77228927280453
5.930709581;-15.09527023638425
10.23867994;22.341007719951723
5.813425555;-19.815169628399357
9.820456818;10.537486044753054
5.481870968;-23.11255556572662
9.604309425;20.758643550787365
4.808165328;-30.168039595622776
9.22301493;18.860885796996126
6.429160063;-5.505970745622539
8.590198669;7.339200685183899
5.225494814;-22.3212108942032
9.289069227;17.882173175114314
1.528410572;-10.850378791796173
9.588302129;26.117988860997148
6.012799912;-24.492829416419905
8.827359592;24.8778736344852
5.990427053;-11.639796638801
10.32668538;32.326445106978994
6.892339201;-5.567995190244728
9.388577926;27.3932012503001
6.052489872;-16.02477246391933
9.736870528;14.085911439239618
6.452009133;-20.97653432724996
9.340791155;18.33451754058309
5.103393282;-23.695320091540776
9.556436811;33.72198535167495
6.372805905;-12.087335557437397
4.416729265;-36.42302220106518
9.729485153;29.943598712877286
6.338457843;0.0810216178347809
7.832876284;3.9044575418957757
5.391405126;-7.641765214988146
9.708401833;24.308318752440346
5.654131471;-12.198552678025996
9.614777077;17.361497451132994
4.894685937;-27.23676016150623
10.49083124;31.31423715388026
7.468576116;-2.1903773945133316
9.650476518;31.0571946311408
6.836358992;-8.075402769001832
9.549215927;21.582503947376917
5.027308817;-23.99144781818374
9.530715699;8.598219762132965
5.354507022;-25.964184302425455
9.731790619;10.499457013050973
5.688421995;-36.54905681087057
9.431827543;15.060043553633635
6.523647971;-22.342447499695542
10.19465037;18.94901328881453
4.855395399;-25.059508234508353
9.500032857;15.202830371772913
5.015553566;-18.473592398237482
9.855046513;23.117064246017758
7.540548968;-5.440296901168656
9.458891573;20.16874594382806
5.719281174;-19.907497284439206
8.67297018;16.768483485630778
6.118739894;-17.92942595687251
9.53950208;19.657008236714333
5.344110064;-18.03215922072604
9.908212282;11.058773392418447
6.959189496;-1.9413467892645904
8.274339711;-0.5612660130700973
6.767646655;-31.254873261052662
9.24424921;21.139110459433123
7.104267008;-28.346881353427694
7.893908652;-0.5445311472651482
5.624758011;-0.2791030326272028
9.5969478;34.38674471487573
5.763523953;-33.40715944568184
8.501832306;13.036692233972824
5.45925756;-22.076541224000092
8.432831228;23.348609110512275
5.343330564;-27.855286736641172
9.065084799;23.749836856217296
6.60894112;-18.825590021028933
7.930621792;22.475137602547992
5.904626467;-10.327744196013887
8.436649168;23.097488821979038
6.308837044;-3.4003181580595885
8.490513739;-1.1839180715072302
5.582509242;-25.498598414778787
7.569841016;-1.8635092070741783
4.98377692;-4.168467059430709
8.360193522;9.032083443523797
4.853368356;-33.90553766152948
8.378193714;17.497588139470334
5.499528799;-19.31650314875669
8.311734728;12.670506316785508
5.466560553;-26.804154935187125
8.449315869;14.880869699787192
5.268187211;-11.75141064929913
7.767055838;2.005444505614849
5.551102998;-16.656198410291704
8.619931646;28.391882929058763
5.792922606;-26.959524806071155
8.285092975;20.303557097255737
6.62003536;-10.61672634737222
8.439075295;0.729097892535338
6.180992333;-21.564879773839888
8.775555622;35.30431783364681
5.312983844;-13.927739186873906
8.893785429;32.70739309942937
5.288641688;-42.44306455455005
8.04876784;11.462798609817133
6.934677023;-13.01581294536904
8.488689025;21.48978023816139
4.731568352;-8.945560359390816
8.435874521;27.734498114869698
5.249816499;-4.653972641470643
8.531101126;31.83416360893767
5.74833815;-7.6510115289776035
8.465950589;26.072417783412927
5.480893567;-8.286498093895231
8.382987801;25.478733069326385
5.340531033;-21.219771804872305
8.648375763;22.46433902847392
5.697248713;-5.275947030684007
8.539299381;18.3175881435535
7.03963139;5.3371137880102655
8.490821296;13.15226057215783
5.902631954;-3.2484495057368696
8.547738945;23.905467454768765
6.270513548;-10.43817677761425
8.145399002;23.246857733131062
4.662539298;-24.491506415297533
8.588898522;25.755984660092327
5.950826567;-34.14350028214075
8.559621195;13.659827351350481
5.492355939;-11.698787972000515
8.666554268;2.0994453197175518
5.259184333;-14.664202224586942
8.580109245;28.51328190401055
5.707854346;6.432913703560574
8.708314611;-38.07681960646872
6.300199404;-14.407205558243275
7.98101177;28.835921668969295
5.743622489;-24.714836900409605
7.99219355;23.037126882717384
6.847882482;-19.698479430128213
8.716588472;33.01696872879057
6.711869506;-36.372240782526085
8.424553329;25.41769583466186
6.284537451;-11.002799502548227
9.485699531;6.8300648163846365
6.184979065;-18.27590917773669
8.831488059;22.01016180922883
5.715201996;-24.70114782666759
8.418168819;13.461287482837308
6.364705782;-13.611382258066412
8.949938594;25.82529989356152
4.870207083;-21.22079338201355
8.264383095;-3.66852265597493
6.657561283;-13.80158932054995
9.042755941;16.411889438258246
4.420111582;-12.226684757600152
11.06094388;25.54951558954215
5.657454115;-4.9152488864776185
8.829517973;18.763690566964538
4.516622993;-25.172547166490897
8.585296696;1.1754400541219021
5.020014951;-9.844768542639413
10.00033531;28.102703357152368
5.493635235;-26.05876776071315
8.303869213;13.746695214407618
4.67319292;-10.942696842978348
9.677901226;13.475149117592403
5.647102507;-19.944277548490458
8.938228692;7.133342970408124
4.975313086;-15.655660170758393
9.11279744;-0.8872545963840515
5.124972367;-9.973250726003682
8.707848266;2.99551348716223
5.68494383;-5.134847684461532
9.805893611;21.737872451012326
4.567937182;-6.6623486292836684
9.644548366;19.177987256462696
4.977390525;-13.946526072070524
6.780781613;8.05219160829087
6.936020377;22.48637909000767
8.630330286;13.827387209814185
4.286816516;-7.1941232266540975
9.182855225;22.717763051742626
5.159609136;-7.423858179521693
9.002445597;-7.018233879771204
4.887111153;-24.50944125639263
9.143265119;15.341545232322135
6.568300502;-7.218300688670764
8.224712185;-3.2397276781431024
6.092490848;-16.301737057606967
8.783842336;18.736187433771846
5.405331441;-21.33795260112497
9.437368353;3.1662747186218945
4.853467401;-15.68522903351696
9.555235639;18.2175242776246
4.469296925;-12.201307648794105
8.87078441;24.296617429300728
4.261261559;-13.3250180561498
8.532109792;19.595394977838417
5.307753682;-5.019381709590091
9.393230751;-7.961583149746305
5.283644783;-10.790298575226826
8.961843915;20.666288436516407
5.496831447;-4.693025188725853
9.110713745;16.514836714918392
4.605020777;-14.242041090392211
8.264487121;19.809256974102436
5.327186497;-2.086453879684432
9.591561834;10.703520124482532
5.792337529;-12.236894409875545
9.592858493;12.376118955781168
5.777102606;-16.924896818730677
8.881542321;16.770952931440185
6.031274338;-0.1643741640810723
9.508391628;13.945920955911001
6.064068317;-13.002857718821629
9.46097782;29.403391285959618
5.784019122;-2.6267227136828146
9.510459172;17.52744918968126
6.358256377;-7.103493419328165
9.079453097;13.802010683226962
5.874882325;-29.741992107306086
9.294732339;35.1873235799074
3.905606593;-14.061632055509618
9.239905183;21.370092309526587
5.539258957;-16.644554912670554
8.3925428;1.514923953482994
5.839843011;-17.30788237291649
9.590842443;-18.23908877318065
7.08337088;-7.374837384730574
9.080936697;-1.1875997360246315
6.463338066;-9.083855660439744
9.346598872;23.701022625604974
5.400525355;-18.542913718287718
8.410455083;0.576861901165048
6.82435304;-30.026946201746316
9.379498386;14.866901370751885
5.002435525;-5.475466923517109
7.604301004;7.178443506606387
6.06890711;-8.504056501340683
9.317110073;22.024991433157044
5.930098532;-21.963781367645293
9.071585132;20.991874225923485
4.602465335;-7.18151798136037
8.92335191;21.437371624121074
6.082459669;-1.2134003357360093
8.63177123;8.980911637936208
6.271192448;-7.021906537354516
7.833825594;11.66073835524229
5.913426759;-8.18874676581265
6.315646688;0.9063753973732696
8.605741828;14.571663925704625
6.741069868;0.7857298060200812
8.622821739;12.712835180607899
4.575317132;-3.251866424439283
8.833761556;11.94346336101019
4.567524652;-6.196279543189766
8.856266674;14.298061031928897
5.740510468;-9.85253853946409
9.283093193;10.309081062646518
5.504722902;-13.174378522988446
8.889118295;16.465496361271516
4.716910231;-12.288328439733169
8.592196557;17.41162343615831
5.253313431;-11.037500688022638
8.992387968;12.134860235245734
5.214708034;-21.37050436353226
8.810468799;6.6649159459174445
8.16328898;13.74467744715208
8.779823802;15.875015785467669
7.093930433;-0.41887545657719505
8.742393947;16.474609104885314
6.699938312;-7.180850263973332
8.380011239;18.514551795862264
5.19635949;-7.081637848271923
8.49708324;18.883623454000308
5.055617982;-0.07869291942979606
8.900478765;-1.7688808931892317
4.399329503;-17.892777549911468
8.453944193;12.320589323830104
5.243432089;-6.023271611864628
8.795061162;16.39906614659311
5.699455199;-8.399116803299647
8.619509449;16.22081342872082
5.916853329;-2.156759723418444
9.515024054;22.570164373977004
6.208554747;-0.9764822507890449
8.675512231;17.154814359243016
5.879483886;-8.791413093586483
9.384359741;16.669671192250252
6.395030078;-8.13805504556984
8.880693059;16.49948114470012
6.858857288;-0.33889508222540377
8.822292917;18.732103523640898
7.63932384;9.740933827759486
8.501462023;8.246313895883654
5.562425662;-7.4050495881944425
8.926603834;16.426766991335032
5.396581872;-4.982201160685163
9.12400433;21.09633463068376
6.844987211;5.945768706424973
8.456959438;13.257325598032034
5.133040533;-12.726395297401437
8.967498659;21.773788246086863
6.005823934;0.619608595136159
8.382534412;15.108392409869582
5.538529487;-8.03598009831107
8.278433247;-10.480992821800536
6.205219268;-8.847965412381887
8.135306697;16.66766050274106
6.725593224;-3.000339158739107
8.600646855;16.183014598097195
7.880329542;-5.238951260370873
9.168589025;18.157363410384047
6.796741229;1.3941207504999888
6.516848737;-3.1277593904713448
6.112722186;-19.120781101220583
7.14709933;-9.402181805024496
4.890942273;-20.662279265808873
7.326082602;-10.605641060840354
5.203169823;-6.360451025792882
6.243280167;2.2142624325673332
6.959394188;3.284451257732402
6.375963202;6.361140163181782
7.762898922;18.89157228410144
5.772778668;2.454074626761186
7.199453402;-8.855329376882557
4.961437582;1.4555503017121816
7.507292063;10.937574961303005
5.573436499;-3.1955097073093106
7.964428246;2.81857500949395
5.79153175;-5.073450132140577
8.17708768;16.259305797007514
6.371614438;-6.97796740875396
7.841021065;15.68874039002048
7.687550175;0.3515035976114924
6.857484806;-5.010741197011322
7.01338244;11.644450678165713
7.732203525;-9.09524229148944
3.903388016;-5.022003124171475
7.653172688;10.792248140685354
4.168255942;-11.440615494938767
7.487765861;16.114884095610037
4.232833838;-15.207747367795461
7.485396254;10.961252969262956
6.866972989;0.5206281497886729
6.815350433;-10.8629184605073
4.602195352;-11.699547377913417
7.25207071;-18.028978950458413
6.429342231;0.3662414024689391
7.84270232;16.31439018271679
6.391658778;1.8246323836738605
7.439491225;10.378295694966832
5.907020912;0.22239712003257006
7.405549345;15.16354569091723
5.897987684;-0.500492489721251
8.21712608;-11.389339999036094
6.026708842;-0.7208459813259487
7.820838838;-12.242703206412697
6.264472769;0.2437876034023554
8.144606685;-9.115993095232207
8.644484888;14.493121815838913
6.430011575;-15.453790618522438
6.002497452;-1.758583413325082
8.276782518;21.008331103391097
5.147679296;-3.9566879569000384
6.6481256;-9.389903325309673
6.260674407;-11.746461903263237
8.864708928;16.379171545646763
6.706704576;5.891621349828428
7.541306944;-1.2855005820992722
7.274066357;-21.032646476415184
8.411331429;7.300390721461456
7.291762509;9.267893938033554
8.916900567;18.018705134936628
7.724568862;13.50345852144382
8.326500067;15.286585041266266
6.773659675;5.565345860920447
8.199374898;8.905769041110743
6.024195597;-0.8970160408135448
8.854650672;15.703200510933028
6.689378911;-6.04756714554623
8.729509273;11.104272636486831
5.277739346;-16.601601554477394
8.583536328;-7.738984296161005
5.301077043;-15.051102548048972
8.923925489;15.7996471339239
8.240457142;18.94397468273763
8.469282886;17.54893063870065
6.986968717;9.8588197407435
8.197351862;11.874160563901823
5.232394385;-4.7211971662626535
8.165343196;12.040481247554967
7.092641597;11.263608343837246
7.919822243;9.12401623544895
6.247233114;-9.73418606599641
7.941682358;19.299634723036338
5.300214431;2.0152626193106777
8.988601652;14.158703006015918
6.181115312;0.3670218342225362
8.822898573;9.756135470095076
8.570039914;16.01547368353988
7.812294288;10.912305004720752
5.577436784;-15.743389323476334
9.012469359;20.04799614003669
7.655007713;-1.0568914556268232
8.332183266;17.89106178102085
6.388814191;9.484960373509908
8.81685512;17.32272806282288
6.308568554;2.1340660441812838
7.883650506;6.762955613829414
5.94464537;-11.609427715224973
8.238681135;-6.556752765211739
8.327868471;14.03573777883353
7.381393113;18.898921208286584
5.552865745;9.40976238038846
8.069157318;34.350199085444125
7.434602456;26.97061604997891
7.432035752;4.157991389319912
6.665541499;11.75147831903695
5.514637546;-11.101104086033585
5.582650513;2.841880564171236
7.685248276;11.129851911177536
5.660201705;0.6769365709822943
6.980669679;15.136726770949162
7.017615232;17.85067741360403
7.426057859;26.506797657904094
5.632974909;8.290908297919524
6.238324792;-20.375176733166636
7.714683968;35.388995164353084
6.267958777;12.607121351385603
5.595744058;8.63854248999868
8.095218676;18.446364574682388
5.660342597;3.5812510382464233
8.243623731;21.246144971740218
6.02603678;1.5408044939866152
7.151792828;-3.6544430831994013
5.317122512;-3.047244510429477
7.691996771;16.822768778124914
7.84738876;29.155176286631427
8.004667292;29.39861086116785
5.780340029;6.6202299454914755
7.502796276;24.38062728530885
5.454455026;-11.776946663198286
8.090034324;31.640190964109404
5.635379372;2.3045682336614726
7.179291077;19.080926014912
5.938383587;7.276526954703117
6.616387383;-2.6067191612245018
7.024057691;10.521410676516583
6.468959467;7.038302656366101
5.928427602;11.546267808594594
7.91284277;29.080287352705977
6.135459521;3.76026703751346
7.578842666;30.521036479113654
6.301928896;16.56107617174136
7.018390154;20.443628583759423
6.316623143;12.730116544017173
7.564700778;16.911164352706688
7.538769531;19.281958537116548
5.299012812;-0.8155874208712866
5.387289733;-3.124804709733892
7.744606779;24.218851794514865
5.569910441;3.337304561449978
8.288057868;12.872936438208194
5.757702588;0.2919337975027809
7.827776418;19.50977366034373
7.561798694;21.215527797285414
7.462474814;15.064438587876525
5.99835233;-8.792675403148634
7.947512064;19.20958334678803
6.753309258;-4.068685988117592
7.363072328;-0.049319684536013764
6.505062653;-1.1568920325383139
7.319719578;4.734267212134535
6.316301746;-1.141640925195849
7.956225968;9.850993355320657
8.940660205;15.227198547797764
8.181385059;17.074692737161882
7.864274757;23.052748923423486
7.551406862;15.502512926265661
8.319526967;21.86022826427187
7.117447975;8.528986782757373
7.623739805;4.542145458333602
6.049924125;-0.9505882175360418
8.732918599;15.379287795808482
5.530402745;-2.5288462610046145
8.628071658;10.946806306101992
7.65197031;9.742690022344613
8.979717921;10.303837910837304
8.143549201;16.03491300407976
8.077719705;13.150145482724911
7.404758948;18.631576977720403
8.093461178;16.566197442849194
5.722063405;-4.867105909948014
6.806901457;-10.133335714019294
6.872946888;9.783593474343279
8.634950568;21.345578751805693
7.675537537;23.909598096925865
8.578056112;20.025818500252594
7.363057691;9.030296671535462
8.382189943;20.67642015044785
8.222479378;16.480244810656632
8.514900601;21.105611707254926
8.881157229;14.271981564207275
7.636529559;13.281006227134045
7.753754334;19.36804417560617
7.986168623;21.78314765799374
7.113417881;13.10355801920983
8.762100955;18.07124998712049
7.945525204;11.939876875571466
8.207826106;16.189507520127787
7.110754378;8.640939514197678
8.680371602;13.701458598937863
8.191811075;22.989524945145728
8.552779258;17.916404623842578
8.251232674;23.574704586036493
8.229066957;-6.5865641372182875
6.903696028;7.4327247131903125
8.88788145;19.328031624374834
6.727147349;8.037940526357632
8.713976777;20.983619568551866
6.374271266;-2.8640065169235647
7.79043562;-0.8305498940578011
7.258494712;0.46862828834239645
7.855589779;20.114020837247423
6.718010181;5.837391321828507
9.296048984;6.049303022728219
7.281018088;8.471933790354166
7.125565484;-2.4900861275003314
8.064095262;12.614003781626517
8.49372843;18.48202561554116
6.335085369;-3.3036615302162864
7.492658127;11.041756776225116
6.735680931;-0.5984983907560468
7.105972495;10.052872764883476
7.182524995;16.545352959013183
7.622472146;-7.622097085441352
7.341995756;11.24044808271836
9.184900363;18.17432947902071
8.545209129;20.796127535554056
8.332151697;15.238555044535667
6.375958194;8.08947381149031
8.069080485;12.084170855706388
6.393667546;4.897060646674392
7.585246933;12.74500005926256
5.698291399;0.7682048714309766
8.351989416;19.102918257986605
6.894841133;4.947971698373076
7.495571598;-2.078528823714334
6.991760172;10.449597615050836
8.414210658;0.13974297918326295
8.765279931;25.28016672248395
8.874214705;-17.929403868483657
8.572521153;20.66083968278516
8.842941573;17.40821189647851
7.89820054;20.822438382593226
7.960526616;21.231108121361256
6.901812975;11.735868320219412
8.15310319;15.809439698786422
7.556158719;17.182920101115347
8.56719268;19.59112916488144
6.754823058;10.654583465857444
8.534951639;21.27243152171277
6.966620723;3.8717895348835136
8.252843081;6.632597003452938
9.026222342;12.812498099353148
8.223195882;14.136559479519724
6.587091522;11.723155674286
8.786604091;14.47658532036843
6.766350945;10.011764251720814
5.129361015;15.118969731357323
7.296171777;36.24508036111298
7.488136296;11.78702247047625
7.778163409;22.71672922556945
7.757045551;31.308520805015835
6.217343872;14.127234018504952
6.349159548;1.11643428930333
5.953909648;5.148836692941105
7.875568888;29.4623880176507
7.613585157;27.056613798148152
8.424234249;30.567829456783652
6.798888327;7.430426215170579
7.204864519;29.567185422410592
7.198897023;31.811686161444545
7.010053888;29.968770460064736
8.064796105;28.24078269476959
7.700749058;14.491921295010338
7.969031931;32.56585922661819
7.221552295;3.4358239902731094
7.074558139;8.050119975547895
6.573773211;-5.433832496994198
6.931211927;14.014963787751528
8.339102409;19.103402866359954
7.767055379;24.69546913264256
5.714267303;7.781879624207571
7.373768214;12.446320424351748
7.881785156;30.325060142930763
7.055434605;30.15074411508712
7.065638014;19.180052642400515
7.413572611;36.704126888557006
6.023339645;15.311205717905027
7.122167501;20.28084141553963
6.480510692;17.446442552143484
7.783183736;32.34492905832269
7.83250796;26.449603586117934
8.000656567;29.650674017367326
7.885425857;38.55861403806986
6.698038584;17.34298620540771
7.467228801;20.969165283996418
7.161096404;21.248174748496094
6.50402488;0.12694178436172843
7.055926512;-16.57057600794743
7.190423382;14.948641979524185
6.850725362;13.110474680530176
7.269068297;15.342625263369245
8.445193839;11.123472903689832
8.386115735;18.396332350970557
8.059096747;27.886216939554135
7.806881649;25.03189070397188
6.794874059;0.5741075825736481
7.410504829;24.845222888580075
6.675763387;-12.200372090064382
6.576446095;11.341976574223752
7.623884094;22.84582896161565
6.978158155;30.13155500254531
7.438122501;7.353998991765637
7.360651417;17.666080330467608
7.636799497;22.43695718482505
7.369405901;16.481260747638174
7.674779525;30.67566381512096
7.312768718;27.749992968551634
6.333301669;6.950016320007132
6.998414601;18.677318948585498
7.867569627;29.924156507337095
7.739015092;29.52027722112228
8.068823087;24.47161547368625
6.972143545;20.017229801413624
7.311380918;8.78655513155247
7.079065604;23.04946651434668
7.207408361;17.68849906153139
8.465750461;27.112059794274135
7.788282895;28.631500598955515
8.192426414;16.83576029442222
8.262409377;22.127575056065076
8.067075952;33.95026520206481
7.467554949;18.695009459742664
7.538986898;20.988206574552002
8.473564791;16.12533233848293
8.523204455;12.535427663411015
7.314085633;28.91005453530391
7.908818258;32.81155254465206
7.662504185;26.680694846710306
7.417572728;27.468550458652565
7.389857922;24.20698356181016
7.797559432;33.3417806636764
7.731818715;23.78642879266654
6.665535739;13.781670932097976
6.715520861;24.200491006652175
6.929307516;19.62382520314425
8.648408671;5.69677479520116
8.264342116;29.987579629438557
8.451325404;17.26633851701637
7.800366547;20.629186551113282
7.931644452;24.517577353362586
8.598057997;34.90501764836558
7.132840092;19.977974111040464
7.85795783;27.51585752654572
6.98921583;15.011348996809355
8.003097383;28.423310379073246
7.476020585;17.32040100276541
7.910508705;20.664402787753925
8.294226669;25.573690908673836
7.580749645;27.307098956347506
7.686123096;19.836440575707723
7.742471252;22.425238432762892
7.814104853;2.3817282327840794
8.307256278;18.67753553627324
7.616505923;-7.447602894268146
7.40907182;30.901298145863446
6.257345118;3.521672475618973
6.99247918;24.309814955396963
7.862380097;23.182047783967672
7.895044661;20.095649427231915
8.38090683;20.306146645155952
7.254353347;16.998811664792473
7.548298789;19.83590040940759
7.471244907;30.8269202733163
7.553773394;15.349196881916791
7.936145005;23.379200495611403
7.677132023;22.40180245978809
8.174782138;30.144856203843066
7.874283217;36.0183809491652
7.547360179;31.691095047288055
7.606115171;1.473082908973256
7.290445394;27.505335903085406
7.665539507;17.240854765436687
7.990215634;27.46764340827625
7.085582895;-4.621341402694918
7.807244246;31.57933292836984
6.710049818;-1.0846572221365363
7.82264879;24.890244692158202
6.964417904;24.84810372442003
7.17484884;16.481156955070496
7.428568131;29.227354366268955
7.313404666;27.433078693060462
7.035419053;26.74812672099813
7.601637195;32.010401530594244
8.490839078;-3.3196422160209216
7.520364112;21.979808489843908
8.038821643;15.325942178532435
7.943745614;19.16792760872014
8.56077428;8.311718707993323
8.039320235;18.729922957308364
7.280359295;17.554308991416672
8.06335741;25.94771718090752
7.639522749;8.780073899642838
7.517614927;23.610066227945442
7.8111347;13.469200805676936
7.58769316;26.53917155070233
8.024968773;24.854242170585
7.232950309;25.39294274007342
6.731761791;-28.231372607791293
7.191998658;13.789139192397586
7.267781466;27.075945073007293
7.417632044;23.48239123176148
7.079191765;17.957051628395536
7.344400933;39.74889883777694
6.308506989;14.64510775346792
7.291717978;36.139631868471184
7.305782793;32.6356894203113
7.668166559;30.696102865915773
8.084179292;19.826055977091624
6.807239718;20.96358754254987
7.788436024;26.38141820357399
7.900222126;36.24882650574826
7.592952562;36.021295940332024
7.747355627;38.00214415725338
6.66908545;37.5199230623371
7.758230278;41.927085795871584
7.854044838;42.740464332724
8.092092723;39.422682712637446
8.151235417;35.41192243974952
7.873341793;38.72757237128708
7.163695863;32.05495105207226
7.77180368;38.02564674210812
7.4528727;31.9715480448785
7.880914559;29.273262207530028
7.086184741;40.65526469042249
7.490101208;40.98900260730271
7.17423876;23.767401814776807
7.898136065;37.58513280916491
7.617443017;28.95801271753182
7.777125223;36.25165850966088
7.220609359;38.60211231226319
7.639592004;40.65436720250482
7.329334954;21.91648163757004
7.241363646;30.312929310252702
7.811446424;37.8443652476191
7.534643175;39.46048700803298
7.511036307;11.16106499195334
7.493442576;39.82663361449575
7.58551346;31.280400130420883
8.155230448;34.187667817216315
7.206928254;33.53707773850951
7.026168102;29.16285143117035
7.196839009;37.724773870356714
7.627131837;35.067772884517105
7.552882382;17.142691879964463
7.68592559;33.04959841664661
7.516096928;39.04975065070113
7.364812342;38.865543747613465
8.228904391;41.29739493608136
7.923340795;39.36925671467138
7.942309975;24.277141093394103
7.531888634;42.171973912836705
8.835527366;18.870425182703418
8.212077534;30.05288123600558
8.073218385;27.049063232467123
8.841336137;28.86931950210126
6.281279754;2.37802328677792
7.982611833;23.111167724837745
8.488640921;20.684276237421802
7.127056891;27.350164169419575
8.97161101;25.340896811352142
8.693536955;28.705407500645133
8.053929031;20.438421374468685
8.096995268;23.468224186990934
8.005177368;22.059438085588017
7.695869476;21.20923401122422
8.88735229;17.731155591107044
8.036068799;27.320657657168308
8.187003151;18.134135105317252
8.548924866;24.764195209718405
8.034249059;1.1541208605241793
8.059162005;27.59289574235334
9.320231699;15.822862662579498
8.467706962;26.013613261957357
8.341052817;21.323143264683747
8.417118124;26.087826761642614
8.497445651;27.07471993041779
8.082290271;25.80895193938728
7.805936378;26.21928415006956
8.311163354;17.54376670458223
7.941962238;24.643444454452816
8.270721672;25.113037064853987
8.205183194;19.250839891355003
8.38497065;24.16364928914994
9.204203194;20.96393818188493
7.929395466;25.310202608916953
8.664766094;18.158868686141258
8.507117856;18.821656097107198
9.234953665;21.63933871779089
8.840945989;23.457267197970967
8.258758302;19.500565996218835
8.496665193;32.465475887731884
8.72555641;16.899909214289142
8.164721164;16.465722162411023
8.036093615;21.22917967143896
8.707838413;18.346194513380745
8.922904126;15.265341882820964
8.053586625;30.11547775559234
8.217941749;28.449559495151806
7.625593588;29.880363272396313
9.356479812;21.68076784718178
8.846296903;23.116472910792414
9.256977781;26.107484202912158
8.857985614;26.364302798356572
7.304110571;8.87388396322905
9.033162103;25.813177323217044
8.921853285;3.057373595782311
8.98164077;6.859512270122716
9.620382136;21.81734839207918
9.441434605;10.689289528443249
8.863538269;25.195562204551532
8.357580555;12.694309466452092
7.620658128;18.583749026963407
9.077466085;16.465882628289943
9.748523435;19.875400982774213
9.561498245;13.852998158042931
8.976235044;14.377811235371263
8.94253663;21.456871997985505
8.696538442;10.925330450319178
9.332012412;13.429402291256894
10.141571;23.22633379926886
9.314139766;12.6599937101229
8.827171609;13.411917844194852
8.799506241;17.244053203291937
9.94144731;15.998250395241572
9.004883355;18.3645328518346
8.180264715;26.155396760101883
8.196392454;11.424501210828334
8.306305979;15.507446549455212
8.368314332;17.907215089364417
8.398314855;24.581210133729588
8.876006168;15.801030989234443
9.204557539;17.79469398146882
9.562903627;11.289788814877943
9.172732312;18.578844817024564
9.665540861;17.019617654638903
10.44501585;21.96274006895074
9.815142296;17.9236171204786
8.71354049;24.59191391567423
8.918509329;21.477576113920417
9.711036893;29.007508500036376
8.965293632;15.647635631296284
8.851148878;12.999977527950167
9.20695808;12.457657539856934
9.801422445;15.488653863876097
9.103052898;20.872015226106246
9.466329215;14.443458811035883
9.075891463;10.318207161709319
8.016489011;13.271701466738437
7.653876846;24.28970643745053
6.884565374;17.88073939327722
8.09599161;22.85179642137467
6.563332446;0.1182382731421705
7.699081698;25.158633262508484
7.787021971;19.09556037761298
7.587669267;18.125723072624172
8.163989031;18.54079228519203
7.753533107;20.11793189458624
6.926834232;7.525082993253109
7.757989782;27.052199799988248
7.305367212;14.310729690534382
8.06457759;21.94996173065321
8.121795682;14.067722179792684
8.343779592;24.879558607951683
8.239876508;18.09490687403235
7.693702837;21.44582842598805
7.031574297;-1.0249183664035946
7.425662621;12.407861584865985
8.168770631;5.353046758765393
8.170884074;19.048487730771708
7.414830065;19.460492931180344
7.333097184;16.949521501311548
7.959937002;13.187304884759572
6.920688037;22.781052674681593
7.141822756;18.30542937258257
7.393591942;9.378185320216291
7.343304606;13.89810195281146
7.280376327;9.439047907644118
7.586203822;21.182480950811698
7.746614574;9.967563444691097
7.933382044;21.87550334322078
7.548762554;13.625244109786019
8.241136124;26.175518384222553
8.573613687;13.9106805140693
8.479132019;17.914999556181687
7.437773551;9.031183376044327
7.776022754;18.214834954895206
7.417557673;12.832536465352446
8.059620818;18.594012603217276
7.406824007;16.225766464040976
7.952112646;11.208165216954379
7.843539529;16.679133224936702
7.725831744;20.49224026060624
8.399625367;10.18750468754943
7.826412493;22.254666266363028
8.077935175;13.117200095980143
8.208732741;24.17914347949905
6.920755013;30.352020482674693
7.827277906;25.58760388455099
7.441104619;26.473919895113845
7.736194901;26.754877055329562
8.13732774;24.779705401928407
8.492551618;18.853653071703423
8.145214442;24.41895979063126
7.573467659;29.934696394805567
7.278651499;20.11317301148146
7.453734342;26.3346332819934
8.500265776;17.404339538893762
8.116063174;26.75611438814278
8.375229495;25.32550907295204
8.170363698;33.54104897174958
8.259122292;22.706543972532234
7.424477388;22.836872018338592
7.513164959;13.630770099042257
8.476636221;25.549869136555355
7.774296534;16.48574260539439
8.095065823;26.93993110771576
7.197025862;26.796625486796554
7.572934369;31.784684319958583
8.200293004;9.100227396079697
8.063547394;26.1812285837805
7.52772956;28.52248499526856
8.227459566;34.91850797035926
7.088981699;24.050422586342055
7.567281632;27.95287434072777
7.432064689;19.135633074234367
7.735133138;32.482033629358114
7.963295114;29.745749058954505
8.031062014;30.61538264145823
7.970840465;25.78413460447111
8.538756682;23.19339234716725
8.270022822;22.804996292844454
8.447324756;26.19906997146531
7.284397658;19.57009702968332
7.928315187;21.05482407671055
8.072303273;24.5521783521727
8.120326374;24.183500784092434
7.811105154;30.35840391382857
7.80855778;23.7837935295347
8.512485219;5.273433741961222
8.189868609;30.52454939772254
7.780866567;28.30052643190403
7.843151217;22.06392936104329
8.058653457;20.491274908928002
7.731437291;33.465939596413484
7.209796328;-9.46019346715613
7.6656869;30.327922625431132
6.27360714;13.955201743615783
7.526659031;27.967584648969034
7.678744551;24.71399582009148
7.819884772;34.35402976475332
8.121976093;34.39730639196262
7.71298982;25.067716530783887
7.661753153;21.91740686236805
7.245132824;27.7860552317125
6.825614096;29.263698495218822
8.047875481;30.05648293331011
8.066929481;23.573472670491054
7.405425077;34.05713093683539
7.638295826;32.65117917157495
7.286688088;27.640024204457173
7.403796401;17.412188664260224
7.866064097;29.66577268121122
8.253420111;26.093893992165466
7.896299608;29.840557930229718
5.361378254;-5.405474335977656
7.781477021;22.89171396290642
7.271852143;30.763915817330695
4.779192059;43.84177217883821
6.927556575;8.672275200224176
7.627014688;29.838141792316808
7.589864272;24.567512201382403
7.566020707;31.60846160254923
7.234013088;28.892201311569597
7.992084857;28.851153748800282
7.978408992;29.604355508625556
8.049992151;31.84499604778991
7.906503644;27.35721956596556
8.807790621;27.63465992134984
8.123239827;28.37194288112187
8.427335163;29.48481999286364
7.350891821;27.38491377965718
7.666042335;33.63191667308011
7.962548034;30.962173851089705
8.389563164;29.59655557895378
7.44731267;38.09940347182824
7.438068095;29.4444001794356
7.861614773;32.674519398973096
8.077888781;28.396551868853695
7.237986361;30.32237937284255
7.80104912;35.523730953814045
8.554909228;6.038147694738109
8.878818365;20.05778774650614
7.527872757;-8.85100988404968
8.390947946;26.036326034055218
7.092436928;3.339537870600774
8.196921444;14.883478733196187
8.641462418;1.3992477963389711
8.737736328;11.200842861098794
7.324524223;-1.8272795693837103
8.676255222;17.723873140908236
7.947310717;18.689913977418872
8.069919803;19.755472161736787
7.606292645;13.480232510027145
8.708383854;15.57336001671302
8.20097763;4.537249079187854
8.293202715;17.571287951957306
8.356758893;10.360868070191879
8.598962876;24.060916078357156
7.954352475;10.152030564366394
8.271963909;15.944947100275195
8.950375372;8.524377576555716
8.426351691;16.758145225280483
7.601649042;17.26763514947309
8.094470095;20.53828333610343
8.079154302;1.5564870714793053
8.624963527;15.079405240146679
7.74522378;12.805980775296819
8.613976919;18.670418586683002
7.649342752;0.07918830149442835
7.64591854;20.386236851922174
8.030736553;11.028336356389
8.364068487;11.58674224281046
8.616474869;10.253353261392748
8.564480219;15.433907548220263
8.501911214;9.537057003194436
8.861682044;15.610246896042947
8.501879925;3.395199353351361
9.108327472;13.553087603640366
8.125623442;13.06232933556293
7.650880346;16.259318235662658
8.569313922;17.762238585825262
8.388365738;14.317354637310567
8.910080418;-8.821636370194929
8.825532825;19.25121354789596
8.869600985;-8.603395195843744
8.38209151;16.996423713723015
9.663939249;-32.31846507014268
8.751054557;14.440217253235597
8.696971673;3.2484699005855853
8.440037786;12.962916118253412
7.465096757;28.540790042815384
8.216783448;33.46216152805873
7.497421982;25.246434420788113
8.037577031;28.245718851393622
6.587782615;17.703546271860557
7.857595012;32.04746112953305
7.966244499;15.77051931557167
7.84613829;25.63162135519904
5.996354804;10.826983456537016
7.833695981;35.309772242476704
7.776214696;30.478434723434926
7.858263117;36.39778757298326
8.064415415;12.50510349951354
7.933957196;28.555924126489902
8.13973365;8.603468440636698
7.776273964;33.46004241578319
8.459295947;35.301054825804584
7.807192597;33.50585366333959
7.92204821;30.864190928633985
8.397139411;29.046398355616507
8.005087905;35.208641487908736
8.314721545;32.07235628657144
7.441455182;25.875185389311692
7.93696377;33.76291494439952
7.983948795;22.378175626681458
7.873118667;37.44214732231073
7.625555381;22.845515332205476
7.694936767;35.785656923524506
7.586645749;34.685135752974325
7.323987432;31.297346136803885
7.325486228;8.321017911242643
7.661638728;31.16722546280371
7.949120161;27.477176989605727
8.043195077;29.205792915366633
7.906025126;30.777959822418435
8.611122413;32.46741417685802
8.201065294;25.146432544081353
8.441129092;37.097606881572474
7.188795143;26.37508026643688
7.496222952;29.663454304378103
7.842030291;16.76188243342092
7.658047847;29.63457633375293
8.042096659;28.684888932605272
7.809174664;34.86292925676925
8.298586926;26.360185641881085
7.863301575;33.761610190914936
7.746540754;26.001448838548416
7.603752516;40.11488660089806
7.491957938;-32.64744238358621
7.527211759;-14.072067020192423
8.546976036;-18.690365941854704
11.54841829;10.021700142005527
9.080114754;-24.65267392953767
8.662821832;-9.528562716007356
7.722353167;-35.11668875585805
12.24302439;6.237395165836711
8.795348938;-15.410091872724571
11.09546711;-29.06057010491205
11.67528747;3.7656075239137388
8.864187598;-16.25477605272395
11.42210182;-17.61885658008486
12.26542435;1.2288023330103273
8.726270895;-25.317598217766093
8.890089957;-16.913808333482102
9.11066017;7.9076181679972475
9.620273889;-0.6560507917715461
10.99052372;16.572578443713248
10.59255865;-23.843426919799445
7.547696358;-37.143177047209626
7.6387921;-30.06430547783769
8.451562485;-28.323108466723415
11.62001715;1.0856797505539384
9.023417861;-41.1704771594206
8.748426166;1.379785737779669
7.920989256;-41.44813013598494
12.04510322;6.944357325994632
8.623809006;-24.534191195711433
10.91858869;-27.839812709456613
11.36733485;7.66761388393949
8.897926897;2.9588516873069026
10.95000196;5.07357650788032
12.11460323;2.8452687819257556
8.740200717;-14.627032305228338
9.102526397;-29.438125458426295
9.119797188;13.12055618532978
9.789430026;1.4191456436952756
10.84199867;11.587040954466163
10.79531257;-19.259275022942628
5.237370171;-74.01432263039389
7.59035155;-60.04172914081209
7.723132358;-53.92395056190943
8.362843953;-32.55850657374158
11.68842464;20.929168191416064
8.957947219;-26.87294785988587
8.818611137;-2.77259362582094
8.093649623;-33.9637697785474
11.80765352;-6.995887694274996
8.46512874;-24.867581473096468
10.76277878;-14.029988544223533
11.0960983;-2.290852280644605
8.927648595;-7.648515466757436
10.5178251;-7.053097708378003
11.97217215;8.724505335496788
8.174988201;-16.47448680483758
9.270984968;-12.064336476374015
9.099317901;-2.4048080536321534
9.947849003;15.731173153576288
10.71617282;13.016310381753057
10.91132889;6.425406568118641
5.575082154;-43.18510451457154
7.619923515;-52.71779155595678
7.780232533;-37.23710163155736
8.280820441;-55.90933709161825
11.75364076;-55.63681052824747
8.883702827;-41.12191906585519
8.873376745;-12.30133166128663
8.240334269;-38.05738358084948
11.53067527;-10.988849983928864
8.319308142;-10.13048128649716
10.62803735;-34.385780016264874
10.86157784;3.306758768902205
8.953352694;-5.837362661052923
10.12557124;-6.634756769902742
11.83813111;-40.46874376299138
7.030633345;-31.625543714502417
9.395465671;-2.2662646009077014
9.049222308;-55.98039383603936
10.09553082;2.640451154859607
10.61304618;-5.873743946351622
10.94060763;-12.160948554154826
9.952183496;-7.671034381994792
5.912575856;-62.31483020021378
7.636412252;-71.24315613988877
7.810092626;-58.08556002136494
8.20549195;-84.57393963648911
11.81566551;-6.532789647494253
8.800684686;-84.57608126092683
8.91272299;-26.03989922946072
8.361043194;-50.808804840182574
11.21416848;-10.181612023118644
8.186347211;-30.013239016527148
10.51436442;-20.629460089415833
10.66377346;-6.196731736291655
8.975039193;-32.258763071134396
9.773240382;-21.530082332664175
11.71248013;-40.47664164929367
5.30713615;-6.246681612655944
9.475968505;6.9782854813847965
10.23247548;-6.611155238243972
10.53261873;-2.458746940371783
10.88314878;-4.768027749472081
9.680923126;-18.93178080684742
7.639817762;-46.23424219907989
7.812712635;-49.422988641604036
8.136858478;-47.43043886626073
11.8744989;4.225462880444541
8.708892795;-62.61551937555072
8.936649872;-35.88721378824534
8.455776398;-30.90875405472881
10.85813315;-11.848843247603687
8.066245947;-35.19638557594993
10.42175999;-24.72199612583292
10.50268515;-12.620389015930028
8.992708093;-20.460199899903444
9.460832526;-29.52768709578923
11.59521919;-39.23154167950543
9.51249347;-21.924379656455837
10.35868298;1.3168865124598832
10.47489049;-19.143846361866274
10.73895234;-5.553054435374355
9.43724631;-24.1363168181646
7.630140045;-58.10562319079688
7.788092561;-38.96715589142633
8.074920026;-53.409431676188426
11.93014091;6.497616495373821
8.608327154;-74.87452110844923
8.945157392;-25.3776769204684
8.524533881;-60.04951732634025
10.46256929;-16.16508922352644
7.95900435;-37.129025115701296
10.35022405;-28.37023387667755
10.37831293;-17.73378691456934
9.006359392;-23.22938349939186
9.188347672;-20.53009371135811
11.4863483;-16.202791247437904
9.505040566;-54.04245486006906
10.43986145;-29.63256998818564
10.50801832;-6.951413992166325
9.221153048;-41.951638919305296
10.56141058;-18.846504860451514
7.6073791;-47.70933177312553
7.736232404;-19.436443938121077
8.019676594;-27.12237360025365
11.98259155;0.8119051613348618
8.498987764;-54.44066245188594
8.938245548;-22.03074073811985
8.567315642;-20.523514892225794
10.02747688;-13.49788305251534
7.86462242;-51.296224033260614
10.29975661;-20.65209232777301
10.29065679;-12.492298789732642
9.015993091;-15.05546726553244
8.95578582;-45.68332693151098
11.38586745;-3.3229045428550363
9.453609794;-33.99869529235729
9.03264334;-28.154565129542988
10.43740353;6.7655332037895395
9.178110102;-12.810309792309697
7.571534927;-18.603247219627395
7.657132165;-25.738725294604524
7.971128182;-69.0172113735287
12.03185083;14.228226350249324
8.380874624;-51.01899000273039
8.915914342;-35.781658023899034
8.584121683;-24.328427687837063
9.552855932;-16.311928238895494
7.783100157;-47.19667989784807
10.27035766;-7.724628189173599
10.23971672;-71.59993336850182
9.02160919;-40.2294724857565
8.763146969;-78.9313192200652
11.29377666;24.985967551904235
9.358201154;-102.07808115591257
8.871717187;-8.56167377998524
10.30480142;-7.5461519036862175
7.596770144;-31.07337683619924
9.307175197;3.9719039358375903
9.390030539;-17.69615874739767
7.522607527;-20.443467461687394
7.550791842;-11.079262787148997
7.92927479;-44.43997320433681
12.07791873;6.341513233160649
8.253987734;-31.058725158126627
8.878163772;-28.58081015620628
8.574952002;-23.995730359516852
9.038706446;15.094073612267858
7.714437561;-40.54157934811383
10.26202721;-27.533660795348514
10.22549274;-16.176707382925255
9.02320769;-33.08744163089131
8.61043112;-26.697070144462234
11.21007591;22.844476494754954
9.218814645;-73.9509188454461
8.126706321;9.839694529487973
8.738374587;-31.779733044983608
10.16360424;9.488284186608903
7.932954158;-35.530538917892194
9.403072299;-5.096926337843902
9.320611597;18.79379687018847
7.4605969;-21.8493744900964
7.417211437;-17.91718261707166
7.894116418;-25.690615582479225
12.12079527;-11.425962477486129
8.118327095;-33.726361921780516
8.82499384;-18.82157030835798
8.5398066;-15.207416890400888
8.48502842;-6.569645866612378
7.658634632;-26.137012565705337
10.27476525;-27.22567529216123
10.24798483;-10.462267729258516
9.02078859;-10.405719916694105
8.497638273;-27.69353897918872
11.13476521;7.195696731436039
9.035450267;-26.74316005598857
7.869296585;11.066821474562994
8.632615542;-1.3539059461473175
10.01381198;-11.57465406737976
8.268919891;-38.11731362164387
9.465801408;-17.134522340851298
9.172339029;-0.6151092284532154
7.385503045;-26.780039652022342
7.256390948;-23.493089504164573
7.865653066;-25.319686100413993
12.16048043;-3.575422588375998
7.973892706;-55.06794926327541
8.756404545;-31.821031450025316
8.478685476;-45.300471919304236
7.891821855;-26.12844430619069
7.61569137;-36.26575505361491
10.30857179;-20.508385754195285
10.30719301;-17.91750812674954
9.014351889;-15.229310921614855
8.424768428;-29.384831914027053
11.06784455;-21.95124871007286
8.80810802;-42.383802869708454
7.582270544;-21.974567864267694
8.55444005;-15.740117561924574
9.855424652;-19.885526807408244
8.604667342;-65.07141200333555
9.495362523;-24.5101120323427
8.945212834;-2.0491751247731194
7.297325962;-31.481968922923762
7.068330377;-25.114293887331954
7.843884733;-19.544431534557862
12.19697423;-2.1704173276688414
7.820684567;-53.22382137832274
8.672395886;-11.098825050144397
8.391588632;-32.64105564665425
7.585607775;-41.570313604680415
10.36344682;-9.669367566449464
10.40311726;6.323027415296837
9.003897589;-3.3262977425882574
11.00931395;-20.639132358871525
8.536787905;-54.83943614382743
8.503848113;-2.7468971493407977
9.491755644;-19.14383760510137
8.639233013;-5.527078009898821
7.196065652;-37.434501009586604
6.853029722;-42.487801055563835
7.828811421;-19.964722205602047
12.23027665;0.20046886365916672
7.658702678;-55.48153589192634
8.572967865;-5.700720748625356
8.278516067;-12.294138405431555
7.568383847;21.270074392747276
10.43939034;-9.584772917352174
10.5357576;5.1458788935424185
8.989425689;19.74432598414701
10.95917339;-11.39402965843921
8.221489921;18.94494960535346
10.83023588;4.516376004725801
8.48083973;-7.100479404163293
9.454980773;5.817263812052994
8.254399566;-6.037060765489853
7.081722115;-5.5998476411254625
6.610488985;-25.05410050601449
7.820433128;-10.873488873311784
12.26038771;0.41692205522650605
7.48794704;-34.014013091961544
8.458120481;-19.805691276087895
8.13946778;-5.4771013104950885
7.564019586;-16.824847737848327
10.53640237;-24.405466929342023
10.70511401;-3.8982807488551265
8.970936189;0.5880501006296144
8.445696902;-22.145611753778805
10.91742288;-11.332535282854108
7.862214069;-5.525871285115089
10.97680047;-2.66743883629916
8.485414901;-13.453057514842314
9.385037907;-25.89146280716218
7.790712493;-15.738178227225026
6.95429535;1.9976835081571118
6.340708164;-13.78438498300663
7.818749856;-23.86530656925918
12.28730739;0.8687407375738041
7.308417653;-52.570022150157456
8.327853734;-1.667421930551496
7.974443772;-8.464795252519627
7.572514992;7.070133066216796
10.65448288;-8.245189096242745
10.9111865;-4.86197748317211
8.948429089;10.253937660914813
8.532519063;-2.9032233439502924
10.88406241;-14.93608148222105
11.14606426;-16.212991887965227
8.517573626;-21.47350320395994
9.281927048;-19.39881307591791
6.813785357;-5.821313292744241
6.043687261;-29.46259325805082
7.823761603;-15.818138120078734
12.31103571;-14.517069990605693
7.120114515;-69.88056196593617
8.182167624;-13.847394670578764
7.783444043;-16.477960813424534
7.593870065;-8.029158788996336
10.79363189;-31.70275256601799
8.921904389;-4.760445280071393
8.659264227;-10.429411541317213
10.85909199;-23.258208089483233
11.33802726;-8.739429642874205
8.577315905;-23.52516022143145
9.145648196;-18.894611661704364
6.660192137;-13.519534319680796
5.719426275;-30.07183058916971
7.83546837;-12.750021830493905
12.33157266;-18.039843393295012
8.021062151;-19.579409080261467
7.628084805;-38.926482742479315
10.9538494;-24.084009854816816
8.89136209;-4.846762396653856
8.825932392;-23.255033404121992
10.84251162;-50.73684950827027
11.55268946;-19.86052809372887
6.49351569;-8.934984372180706
5.367925206;-37.95159137226519
7.853870158;-10.601592548307528
12.34891823;-13.904104717580081
7.844537316;-10.085329322375356
7.675159212;-37.4734297990957
11.1351354;-19.52046809336426
8.85680219;-10.155178266633781
10.8343213;-19.54658754866502
11.79005086;-21.103754474374394
6.313756015;-11.446840072346633
4.989184053;-24.143030749156832
7.878966965;-16.473577287811818
12.36307244;-18.979932749043037
7.652593117;-13.756780193218466
7.735093286;-45.7871157232224
11.3374899;-43.69191608527909
8.81822469;-2.1062796278374036
10.83452103;-27.593459156049374
10.99818626;-26.528253908180975
12.05011146;-32.25955849908127
10.80058443;-21.487639645832655
10.2503072;-34.867017587554756
6.906980116;-35.417052451663906
10.57438855;-25.68189382459004
10.43416766;-14.226060837119165
8.873186314;-7.144731095506481
8.565929486;-30.357067196197786
10.39703695;-25.378745617884096
10.59723186;-10.957032652471119
9.826635279;-0.645539512082292
10.26852962;-33.3654539462016
10.7394998;-13.140347502395722
11.55720661;-16.354776541836518
9.767327011;12.416518219170301
7.144537029;-33.96974795568166
10.39139824;-6.174539180359771
7.336694143;-50.801955065079525
10.76100041;-11.901192132965607
10.67345863;-26.777271928258084
10.18886658;-29.1838308874285
10.86097148;-20.93070731404521
11.70438743;-24.008371492650884
8.695261511;1.2326664678531807
10.39274447;-29.72210682305703
7.056019932;-37.02090661753158
10.49027292;-11.49625269469007
6.92990327;-50.33293361378966
10.68982372;-10.961390791479433
13.0156758;-22.6406478830207
10.51059961;-16.148569720541808
9.851566246;-23.53379087049085
10.15804781;-29.145734194852167
10.96164689;-2.839733685479144
11.83776319;-22.564083338826812
6.610438778;-20.55703059625309
9.895271605;-28.100420619712732
6.975242335;-43.49308223500759
10.45105329;4.381302901672806
6.661663595;-69.85519182763417
10.40129214;-20.41895467893504
10.77098051;-29.07759979643254
10.34471298;-25.702559694380923
9.761988807;-22.42476183561751
10.38704082;8.979770609744621
10.17607332;-21.86644956595986
11.04152605;-6.039575856798576
11.95733388;-13.895856108204383
9.462685194;-10.127735999128378
10.27054462;-11.771702592506896
6.902204239;-26.75449259629845
7.059862129;-15.619900750763476
9.613964414;-30.817599025873715
10.27373933;-1.7877570730873997
6.531975119;-73.78044462142417
11.85028092;-0.6178341338667059
9.895405668;-24.503851712837207
9.760407139;-51.45767870774873
9.857727265;-18.150692567848157
10.17579875;-28.471954624171662
11.48195643;-5.18518613825808
9.663819448;-20.28941581247342
12.5419195;-1.4069779190588725
10.4030922;5.3922530533001645
12.17180888;4.041988137898324
10.67846756;5.239142282069633
11.7257984;-33.634157973842996
10.24294311;-23.805379450612133
11.10060894;-5.1048908500198795
12.0630995;-15.669903263401304
9.094985235;-17.269464642661795
9.146713734;-21.892775467816744
6.836905643;-29.200292819139623
7.382381936;-16.121160864013593
9.357005409;-37.63280207533887
9.958331047;-0.8616217833078799
6.540837842;-79.60880950301026
11.72846162;8.992825928700713
9.17216431;-13.343560290721916
9.465118198;-42.925076043017846
10.27591606;-1.6560955521701408
10.0038569;-22.26609054927026
11.4249055;6.369303804849261
9.55705817;-17.22694435014979
11.84918796;7.329060269528425
10.35586438;17.989328959929008
11.64682373;20.67140079015277
10.32276622;-1.8355621314851986
11.3524337;9.319723009150978
10.35865718;-18.087466093523506
11.13889557;3.233627300490595
6.942028405;-15.46355588407983
12.15506006;-10.032014649139844
8.792171728;-20.19708026211424
7.871979287;-27.467173915382165
6.779346547;-27.003798749041497
7.664687253;-7.805924664599038
9.125666177;-37.084954295397736
9.504828443;2.7091880075271733
6.688251764;-61.875072872216776
11.61088627;-16.741249678274873
8.231568063;-20.877187852330668
9.187572396;-48.992552943180726
9.828887434;-30.750259821372968
11.34364129;-0.011729849272783976
9.441704972;-18.295231676748298
11.27048932;-7.996029895040953
10.24535738;-6.424471778641971
11.15643338;-3.4178498468552525
9.977752089;-9.868491518013242
11.02792486;-29.153936252065495
11.15042866;-10.953717334872861
10.52321553;-27.561802040493955
11.15638593;-8.57243365854116
6.869085409;-19.66081428938433
12.23321556;-16.11654651817146
8.554244672;-32.576907619641645
6.446341279;-36.519944483773884
6.729526951;-30.202906351237583
7.90677808;-16.818129694883876
8.919946719;-39.56522889496506
8.913231517;-8.229869676547905
11.49755489;-9.469711584868966
8.927769732;-67.84576153813995
9.650890362;-37.45206320315678
11.23816381;-0.09169168515603365
9.317759855;-29.65386790303459
10.80582356;-3.2492417556540665
10.07157117;-11.218374278260745
10.70063783;-3.9602566344446557
9.643425167;-20.839565710768202
10.75227188;-19.219888066947195
11.24463403;5.319767040404615
10.73661816;-25.07217539852071
11.15308004;-8.41416021231739
6.806740247;-13.03572158774635
12.29756598;-9.32793701085622
8.381204069;-24.18845172014098
4.869799712;-26.334992290663937
6.687446855;-26.398146504727872
8.108654418;-11.2787752791966
8.739847035;-28.174307228880846
8.183540267;-7.128228870064321
11.38846747;-17.229347699273692
8.685710205;-35.15617932243216
10.99886507;-31.725639522478257
11.12897788;-13.569463853316126
6.754992917;-19.65948558165923
12.34811135;-17.825769068964977
8.273049918;-35.8823292024123
6.65310626;-29.901293260090288
8.270316266;-6.088452228848057
8.585367125;-47.99024870911662
7.315754695;-20.378276165646415
11.28362402;-5.862874649537522
8.461393818;-78.50777277989572
9.285813382;-66.28689289000852
10.95456901;5.808844264603172
9.044093862;-30.19107602208165
10.21859071;-7.591785253915708
9.534161183;-16.404903955988598
9.892831091;-16.36080172645611
9.006832944;-14.604536722937757
10.34753348;-30.63167784078014
11.32583485;-7.360306370718044
11.08407946;-2.8660646329691644
6.713843421;-20.513293792926643
12.38485164;-13.291876307153847
8.229782218;-25.55073024395124
6.626505164;-29.96109691946253
8.391763624;-12.601657668624453
8.456506989;-32.63116664359671
6.3098748;-23.615529339780025
11.18302452;-30.800049976727426
8.254820568;-56.13973845166787
9.098733474;-44.059597221634746
10.7764517;5.95600268549528
8.894372986;-20.74287941610077
10.09602362;-10.8429587460359
9.170537397;-14.842257072519727
9.540819913;-11.856803692656525
8.704567644;-5.6266064302943235
10.21844807;-40.70259861689345
11.31283031;-4.267032609924412
11.01838478;-9.767442511752451
6.683291758;-20.530277205186774
12.40778687;-12.74118895110423
8.25140097;-28.62879327442244
6.607643569;-33.07751213766041
8.472996493;-14.467595597887323
8.353266626;-44.33793945059912
5.165900582;-29.32782719694714
11.08666899;-27.377717356728414
8.065990456;-86.61943852684169
8.908625956;-58.09980619032996
10.57412112;-1.772382876724334
8.736060192;-35.34912901787551
10.08748942;-10.135254178088422
8.743634417;-17.349204105514957
9.223403527;-11.272280732337842
8.412989551;-27.430490949177525
10.13821851;-19.87930223881992
11.26408913;-3.25271295800532
10.93189383;-8.294250124323023
6.663337928;-29.518751523174014
12.41691704;-9.18776586835388
8.337906175;-39.8653799556696
6.596521474;-28.59036449122326
8.514014872;-16.064085512502228
8.275646038;-39.91359322926326
10.99455742;-27.593037060117457
7.894903483;-68.22106051986697
10.34757726;-4.5517239191561725
8.569155477;-31.23420444359472
10.1929881;-11.307510701406976
8.253452243;-8.284852570641528
8.940581934;-12.7637635825669
8.132098666;-24.98894498352402
10.1068448;-21.1935621801176
11.17961133;-16.588615666570302
10.92305885;-15.663129708046837
10.82460662;-2.8766413231062073
6.653981932;-18.36553444912924
12.41224214;-5.990977823535095
8.489297831;-74.38701981879288
6.59313888;-18.86313675395112
8.514818761;-19.049306900115152
8.223645223;-38.63851719508428
10.90668982;-29.954830009078233
7.741559648;-110.84662171027213
10.09682012;-7.904015429658687
8.393658843;-41.859802806510494
10.41251968;-27.6135593346765
7.699990875;-21.923595738362053
8.692355134;-18.268867807291734
7.861894987;-25.39001365067474
10.12432696;-42.80640609140439
11.05939688;-6.437531456768815
10.7956384;-8.574414964741985
10.69652316;-7.250947393936647
6.655223768;-28.686562069865797
12.39376217;-9.770087590154793
6.597495785;-21.732156132038785
8.47540816;-19.48396913135348
8.197264182;-35.25205664770836
10.82306617;-9.689678713689174
7.605958952;-69.87503196575446
9.821849708;-15.11633834811584
8.20957029;-41.204938667524836
10.74608414;-17.839506752770074
7.083250312;-7.853066818228033
8.478723127;-18.759776342162773
7.602378517;-32.428076230258824
10.19066497;-29.328466869660065
10.9034458;-18.662950030190952
10.61077565;-21.100428632231672
10.54764343;-0.7537878981459811
6.667063438;-16.852532005664006
12.36147714;-12.64137810832232
6.609592191;-19.361007216798864
8.196502914;-33.68741210221718
10.74368649;-25.586144945869744
7.488101393;-86.99873372664953
9.52266602;-18.107380824931074
8.016889818;-48.388368712466885
6.403230556;-1.7627228726169561
8.299685912;-26.903281868033265
7.353549254;-34.14236333967271
10.30585884;-27.4413888202771
10.71175809;-20.75577629431795
8.536159122;-35.6659894629994
10.36847059;-16.027571250541005
10.37796743;-8.80489349479206
6.689500941;-22.862307312218885
12.31538704;-7.239758745486943
6.629428096;-29.659912775883445
8.275943489;-11.49670299800268
8.221361421;-30.30067403631759
10.66855077;-37.62882440261386
7.387986973;-63.2403509687243
9.199269057;-16.504709016119268
7.815617426;-36.75998926967904
5.659931605;23.132295905158553
8.15524349;-13.902799267540232
7.115407198;-33.548893568756995
10.46990856;-25.274656176271268
8.624004309;-14.457757585223005
10.06872322;-24.905682643581788
10.18749518;-12.67633065348648
6.722536277;-33.03442564543039
12.25549188;-11.64362359321409
6.657003502;-24.38885407600181
8.11588942;-21.7859752173966
8.271839701;-26.4177678006231
10.59765902;-24.755571562453277
7.305615691;-76.55438401001845
7.605753114;-48.89570740163949
8.045395861;-23.03312453582526
6.887952349;-28.229108444890095
8.7541276;-30.055995303845197
9.711533544;-32.27998323162545
6.766169447;-26.982476866798475
12.18179165;-14.320527951116558
6.692318409;-26.269180013263874
7.91562086;-28.193964061983134
8.347937755;-34.9732951323391
10.53101122;-33.92073489993389
7.240987547;-75.57382780007549
7.387296883;-43.857355105883286
7.970143024;-25.944533259246636
6.671184709;-17.272095842569616
8.926528996;-41.03227857488805
9.296901561;-46.10649939272578
6.82040045;-29.064980692761377
12.09428636;-17.436029642848077
6.735372815;-24.05400456663394
7.675137811;-26.71132241650449
8.449655583;-48.6576927492195
10.46860739;-29.710182524641223
7.194102542;-52.410487525545165
7.160248733;-48.80802501820219
7.929484981;-19.339353220597705
6.465104275;-36.76783037786838
9.141208497;-26.507794189039615
8.824827271;-41.10596608313796
6.885229286;-27.803274127394562
11.992976;-10.665628641872567
6.786166722;-25.241855023212185
7.394440272;-19.372308862773725
8.576993185;-46.94197405000637
10.41044752;-22.188718680090513
7.164960674;-76.02541747516867
6.924608663;-44.87786530892589
7.92342173;-26.721324777071064
6.269711049;-29.730309045913938
9.398166102;-19.450177880640062
8.295310675;-27.513141750373475
6.960655955;-24.576939725646927
11.87786057;-15.20066929235435
6.844700128;-13.002047091018587
7.073528243;-28.429060932270804
8.729950561;-45.06009714015819
10.35653162;-27.70699227505403
7.153561945;-57.30545540617282
6.680376674;-58.66094865207361
7.951953272;-36.96126406023872
6.08500503;-19.11141234451874
9.697401813;-29.78985066744969
7.708351771;-44.05307466255272
7.046680457;-37.30016503953295
11.74894008;-23.069291957388373
6.910973035;-27.880561781333174
6.712401725;-36.13781373942679
8.90852771;-54.965498107567356
10.30685967;-25.116775089623818
7.159906354;-66.57804074340709
6.427552765;-57.35769488227332
8.015079606;-45.44241805341879
5.910986219;-19.13624583165073
10.03891563;-42.89960733081888
7.06395056;-46.30720790530648
11.60621452;-11.739456930723927
6.984985442;-27.485345219479687
6.311060717;-25.378900823287243
9.112724633;-64.8172943274839
10.26143169;-38.24764834650559
7.183993902;-75.26862901526434
6.166136937;-60.355863294926344
8.112800734;-53.5377398304346
5.747654615;-43.90233973146947
10.42270755;-49.47979783927832
6.362107043;-41.72026467475949
11.4496839;-19.052233333371973
7.06673735;-25.851869596920512
10.22024767;-30.76923764909733
5.89612919;-64.23661298000629
8.245116654;-51.38037469253428
5.602821218;-49.7231991082674
