y_true;y_pred
12.54;29.793580203408986
12.41;-4.189909481782742
25.81;36.597248080173436
24.13;32.162658965500405
17.12;38.99568089622877
13.54;-38.201759978538156
21.8;74.23037818957056
20.9;-19.72595008001057
21.87;32.1709894918097
20.16;-71.14185260696559
22.64;8.517682079471477
20.22;52.412498970609214
21.28;-29.260590695477795
19.61;38.47631238868532
30.23;-5.142470352506685
31.44;57.56984876916561
16.43;44.90793712072658
13.23;-14.580635300188455
35.78;69.6266462891235
32.51;17.806999167228405
12.95;127.64313717036478
14.11;47.2155324776323
27.88;-34.925376721536885
29.07;65.1913626090298
14.55;38.35224284556349
16.5;2.0205231010387124
26.0;4.633016744230268
23.26;-15.955026278363228
15.92;-20.004863460870503
14.7;51.65598018399648
27.9;56.956597714690524
30.75;18.06806571321939
34.5;17.407693522588055
10.54;25.830374545270182
23.49;34.66023492453328
32.3;2.7960074760732354
28.42;68.13213920987235
33.21;61.25872771635574
24.13;1.5632415378514892
24.06;-10.297071466311628
44.58;2.5328859414221156
44.46;4.126654171111838
30.51;40.033176444392375
31.63;100.46020520330057
30.67;-24.03652686090937
30.68;51.64735277921141
42.98;119.1816273179673
41.9;88.80337544075658
35.71;6.7037712615359695
22.96;55.24671943418158
20.83;45.52858480346625
23.05;29.273779401209104
26.94;56.76729973692965
30.23;50.81253413957534
45.59;37.50591345260134
42.53;-23.658960217963276
23.97;60.355995627516414
23.89;65.40239085304785
55.09;100.70059660683813
51.42;11.085470128507197
27.35;9.960763898728025
31.42;-2.9663915765793973
38.41;-18.840927955351845
41.39;-3.895738367091944
24.91;75.23480796935837
23.65;55.841470466233794
42.11;45.84480472187461
43.11;79.97104714834026
23.1;52.1007781937134
21.61;57.637048703355525
50.76;78.72737311892962
25.5;84.14973501930675
26.41;76.47698325300695
27.97;135.32341555433854
49.75;21.59964612828565
52.85;93.3059982516008
32.39;34.34396304358273
33.8;44.85165561080234
50.37;99.40842800580009
47.74;91.08698200721801
28.41;82.9831579272296
27.7;71.53224181759344
40.54;88.60017174469556
45.72;53.66653909167021
35.95;42.22539600713485
36.32;119.58029675668612
52.56;49.00216918155172
54.11;96.13703620570081
36.81;10.87323151756702
32.77;52.01605403795165
51.58;58.93760583581247
51.5;80.90354230624658
29.23;64.08722766894793
30.02;118.46638854212225
50.45;46.33738160225887
50.42;117.1549301908482
40.54;141.59320910582818
40.24;119.91116602836163
61.88;27.40198448165068
56.94;66.90409570936905
23.85;1.1691343688707079
21.56;24.497726453440883
26.63;43.45724576970243
25.59;22.485806591583376
11.72;77.9354234804562
13.91;61.93995676984749
20.26;-14.90667197665173
21.63;15.463689177869547
14.86;52.40012265766406
13.98;89.84410348011605
21.15;-2.7071134942570225
20.16;38.92770888176195
11.19;8.009091989124578
12.46;43.88335504166249
21.18;60.1600692989522
21.55;42.0053733812538
8.33;-43.07438112313137
7.72;31.80957181421146
8.41;60.03619138332626
9.99;4.736075524354611
11.1;-52.05314091354169
10.17;-14.66627951952168
7.08;76.79601949829598
7.01;23.056295161604872
14.77;21.717600422172346
17.43;16.63799142298742
9.3;-0.8074977587391245
9.66;62.638162276444824
12.16;33.248311567133236
13.02;97.30504201297285
5.45;164.1733504543529
4.37;157.39000132811194
11.69;21.169491973614832
13.19;-33.18039161623026
16.81;-2.472510481376652
14.48;-10.180776957071636
7.78;79.09688511701373
9.54;87.03275966417752
73.28;83.05099407404117
76.15;128.2314827492028
35.57;-0.8290819267588816
35.36;126.29466081579031
87.52;82.22003881728088
91.42;75.6467495680333
74.21;2.961325128611996
82.58;44.4460115032094
30.2;15.736721642710926
26.97;13.605246807293604
26.15;73.46272245814123
24.25;50.1105559511653
21.03;45.27260138675884
20.94;40.77269384441896
30.01;9.798702705741526
31.62;54.93766898073269
84.34;117.56574649273526
79.85;91.9287017222141
83.32;44.43735548144948
81.15;41.61004052508374
103.54;106.67970163780964
101.65;66.9187350272853
106.72;145.3333541832894
105.09;83.18356529005425
92.36;81.93424346695369
92.75;91.040430291614
25.19;71.6638037412846
38.55;37.79115370730514
53.3;31.112764971400985
27.56;83.94608580554339
24.37;-43.93944956605598
48.08;64.03915321040851
63.54;0.6606271167504119
16.97;-15.925233003280518
20.15;34.239165615785986
34.02;73.14158937516595
78.8;69.02566235459815
7.9;53.46249000128699
7.95;-16.81081841659188
1.14;176.54774149816345
0.87;155.20080205541277
61.48;43.92936773832367
70.48;58.615348280994915
11.62;17.002383570955395
11.44;-13.93290747701301
1.17;303.7247327597543
0.78;97.43755378035914
41.17;56.095348234762916
45.13;19.1800231306457
31.94;46.60044805611519
32.44;-24.213748410923962
16.29;43.62002436943404
16.97;-21.642665453809776
65.01;49.1148088072428
74.15;102.76895302726226
37.01;72.00850587514307
38.32;57.02716644708578
5.44;298.61534912452123
4.34;243.29794661411583
34.92;92.72057257804303
33.74;91.9454793484366
47.18;92.75594128606696
39.63;-2.2248033920703634
20.47;61.00421017400861
21.35;39.947691170381084
21.01;93.95459169028297
20.66;123.4557400274542
18.62;32.37770438169846
19.05;112.13785225480072
41.69;6.083505374860678
36.01;-8.933188361402593
61.99;27.51458168684845
52.94;87.70194637906563
36.64;32.352761610414184
30.62;71.27533680244794
72.81;197.87896827014592
24.37;23.400082543961297
51.86;-33.10353009552387
42.86;-1.3676667902236872
35.6;98.10424886486652
22.89;50.13299384341703
70.07;144.6858268041416
62.75;82.11006932198629
38.66;70.43963229473184
33.2;7.572742069772538
17.16;10.15739065646735
19.02;30.966969393189935
13.02;34.5717317740468
14.76;17.0961605058853
73.6;55.079887230815864
58.72;91.70668569831787
60.19;23.137635669726613
31.39;34.66015137060207
54.32;-32.44928550044444
47.5;11.91634635157979
52.69;20.480998589113263
19.87;50.19181053982751
50.33;125.65421223988938
56.05;36.355936194346576
57.14;33.81556332493238
61.15;33.62877516885771
51.58;75.47900209473644
1.75;274.1347058054893
55.23;68.04329262831382
54.6;127.30045145415457
54.55;83.99367306830572
46.59;103.61672750083275
66.23;93.13661304188926
52.37;61.03744708226471
36.89;61.35894371681133
27.97;-3.6012796608693307
1.33;180.40747369909198
10.23;1.8937178187806225
37.62;136.73983623346007
26.98;33.580372742784895
0.92;301.9701829906442
45.59;130.5501615156911
29.43;-6.919606719414084
1.29;139.5494952323286
1.56;345.4946466193713
26.96;-3.4317839862728263
38.58;32.744134490556455
31.48;-27.900950760738432
23.05;17.073408632870745
15.16;0.8722748695903064
21.31;-5.182067914630899
62.93;87.53886312889742
55.67;116.23053659948616
43.9;72.32028621426227
43.8;49.87233990955901
2.36;188.0558132427486
87.6;55.18887256970705
37.11;136.71379373480025
36.46;87.60708049887012
27.28;0.874451171649774
46.29;-12.780012860129922
32.08;74.79732186113407
29.22;114.61793121272234
24.39361514;-38.89434577147342
25.78314468;-21.86496350525821
25.32767952;-104.65221503412639
21.63125221;-171.0052265440184
21.43567386;45.818709497673574
20.48553237;59.12737064127895
20.68714185;50.294186240541045
19.5273081;0.4911172918043789
19.80060134;16.998931163305166
13.61299965;-82.96335035784469
13.45318359;4.468485803539998
14.17707817;-13.524846245940616
13.4381323;-63.18768431922545
16.32886452;-20.403977046952754
16.65014149;42.05660030135126
16.07767952;-38.82888032341081
17.53967103;-13.239903711323713
17.32856385;-14.862377131447126
16.98719491;-55.44307198027449
16.48703573;63.21979003587855
14.79557835;61.71924095657513
16.19106827;99.83122522145388
14.76915458;22.231459926634578
13.80113194;38.704330391028655
16.71844712;-77.1481927923551
16.5554121;-1.5222617827245486
34.07281571;7.866930437816585
47.11264591;55.64817876747171
43.98842412;84.28264840582632
31.77660064;53.053780282681025
32.2643792;54.941208954802214
39.38862752;106.69820568959872
27.34465865;137.4177233809738
24.69936328;61.00948008152994
14.34529537;-20.66386596161491
18.25518217;64.72315672268726
18.05030952;24.342856946465382
21.81193845;181.34793025700242
24.98655819;-22.307548004687256
24.18172975;35.935848167087805
27.10845419;-39.41308249297041
31.37852848;3.4388761102450474
24.85132649;70.75710006322498
25.56671383;28.453851541464168
24.19074991;67.86059042669115
24.65907322;-29.621012695094414
19.4408914;0.4014777437904158
26.82957198;0.3463196917518232
24.61703219;107.65308373197234
38.97458437;157.19719005105128
43.89640962;131.52191512405477
41.941422;144.02459699678033
31.38089848;80.63016760000855
44.85431553;138.54144192488258
40.05364344;65.83672501766529
36.84082066;73.91187998178671
37.04957552;163.70777108919708
46.2747966;107.75716722995588
28.43330386;194.38452385536104
42.66717368;34.75389982565212
34.25434206;143.2066789137951
25.63471878;87.84576655860324
30.28096923;95.46023786344628
38.71508666;130.02639467022678
38.83199505;49.90051157331453
42.58371065;138.51848776437194
31.87523877;114.43765339870373
27.01804033;106.26999545145404
24.3494694;76.70486264408174
24.738318;5.961048452260563
34.91685532;85.52876640993668
35.75909091;56.98900551569468
32.51867704;105.93945134039626
22.8521047;79.75506927396145
25.16825256;73.64605320074693
30.437867;25.77640462340056
49.50245844;40.22504117291411
48.44119208;99.70740300862039
56.80779094;133.88756926013906
42.52398302;53.116054191675275
41.1315352;39.213018255243064
55.30233463;128.14626102096096
42.86427308;35.496762808986404
41.93570923;41.37009056328552
47.53751326;167.2485057497971
47.37138309;59.982937836602126
47.99474708;108.6804132561202
48.00437743;119.84682737818233
54.23921118;150.49590420495548
51.2451185;227.25360679838687
59.31018748;230.1569779415983
26.30155642;113.27689792094478
43.22196675;118.19765926204195
35.23178281;103.60438306984713
47.89004245;94.65259156369572
40.2844358;104.33417539599634
49.07705164;120.96816656756411
42.62628228;121.10116842831508
53.46078882;48.353997119026275
42.89189954;178.75358736295036
35.59416342;167.46987228438206
36.46391935;108.43658953418628
30.49299611;57.37979383547282
50.68793774;-2.566650089272052
45.32373541;65.69778478886917
49.1790856;101.51906504046389
56.5312699;84.01284534626396
46.1201804;50.81207864196018
45.35298903;76.7159934244844
43.14322603;-39.16475088464245
40.32996109;-4.050673422205826
36.00610187;51.593328545379585
48.49428723;79.80776963299095
53.31298196;23.52878277790031
49.81738592;30.898477143483056
52.95866643;40.002767696199975
52.20481075;74.63275347671289
51.3651751;66.18358721097562
48.87529183;136.8326074375358
47.07780333;125.0594111692509
53.29310223;119.99817182479842
43.1184648;88.35698216361871
45.76146091;12.449568330167502
39.95282985;163.9796293139516
38.5765122;62.6320085756423
40.01936682;41.97673459823882
40.69434029;22.126127145237184
40.49685179;-9.59073820186515
40.76850018;109.4687062798603
31.35397948;38.51846429722965
46.23687655;-11.196261318036719
31.57232048;-27.694058431522144
49.43447117;0.1532549307524178
39.30183941;-47.89848198775409
33.79389813;-33.24977905556927
48.36386629;-51.9566167643871
40.61590025;-67.06058652441499
48.40320127;162.80670010427136
48.10535904;-56.83533999913386
44.96473293;-34.663102073409725
42.83445348;-31.144624363084013
43.31884507;34.02158958440515
33.1002653;-95.38263014802092
39.889052;51.75882727664281
38.14365051;41.96380045701206
57.82370004;-47.514485913720456
42.41156703;-50.34861775268674
41.9405023;-9.522685126217603
33.29945172;-26.504624447580674
36.40035373;-24.076486462980803
37.03623099;65.35276490239755
37.75953307;92.15320746163516
39.26779271;-39.492005606023035
42.32658295;22.16929285134703
40.56328263;23.191564331690294
40.24513619;132.77094427646088
35.81885391;-166.11942731447033
50.85159179;46.49057364114622
53.65387336;100.77071650657487
47.04046693;44.990895790757065
34.57792713;96.01148802814521
48.39027237;1.4596374013943105
45.79281924;-61.443738408108636
36.91995048;-10.548280509335257
43.4594977;-42.29442043948902
33.44027237;97.53911090316004
47.32115317;92.51672692398711
59.46144323;95.21889174548625
52.1139901;45.90364525065039
45.88252565;140.89861346402748
42.14285462;35.852074361500776
48.21412274;82.67843270062065
35.44304917;-38.77401071274242
40.14029006;-37.9567577234916
49.46894234;7.768076927575201
50.5393173;10.892740863762747
51.76177927;215.8258009177922
42.07210824;81.69566725391425
41.97767952;86.38020955382657
27.19784224;-53.23911748249447
42.24463212;-11.574978530358145
51.36211532;59.344472618418145
48.24244782;-3.0334603529633526
40.63394057;-27.71728317768565
34.07392996;2.3032503548654333
31.17943049;-222.5300578593341
47.09541917;74.10840965319582
31.78098691;-43.43261459821621
38.99504775;-24.366159207527524
31.59653343;524.113893720341
34.8361514;-89.4148702270812
33.37110011;147.4373494268872
27.38309162;-85.96618424046011
37.36977361;-91.81852503094566
45.84044924;-31.507476345120345
28.06338875;35.3196344740044
34.91659002;-67.62027460032712
43.34241245;-113.16927200141379
36.24787761;81.65066006171622
30.34791298;13.072653919668191
44.68498408;109.20351840481206
46.38263177;16.633658147528955
52.89573753;56.87091756418481
48.31726212;108.77162686516019
58.02868765;-18.210373939039407
52.99052883;-116.5635069277586
43.8908914;-9.425117000984066
39.54883268;-128.07078498452756
47.7470994;154.87263644589316
51.28949416;-152.70576484417757
35.88489565;4.896825562877417
30.32943049;18.50417554785546
44.79964627;55.61686101489527
39.91680226;49.53033972907383
38.69869119;-143.27224197927444
32.91234524;-138.51547062857574
31.69754156;-121.05686684073979
34.51565264;-20.57722505920332
56.8229572;-154.0880503749864
59.9379908;-28.124363568494168
47.96469756;-54.916181216511994
44.16107181;-3.231616377616511
48.72058719;-219.20945467647087
40.76349487;15.161013415371151
34.47408914;-80.81058810265839
38.73027945;66.96831984650368
41.12382384;-38.3336134094425
51.58441811;-69.39208598043803
45.08006721;-128.36462023589965
57.3862752;43.36938483958702
44.61119561;-136.19995574112576
39.63243721;-80.40539659711035
39.38254333;-90.37218964853236
29.88194199;53.56686700802087
26.5747966;-118.31829478699262
32.29140432;-125.06353582158275
18.2005306;-2.7500241198519504
34.40008843;17.282098344635386
35.21738592;6.633098988814723
24.01720906;-93.6868925022626
52.40682703;-65.8962041502451
30.87072869;-52.41939874399814
30.15767598;-39.664136035508
29.63751326;-58.712494885009
17.10360807;3.311669223721431
41.76250442;85.18414754767949
38.72629996;-75.02029369618185
25.6583127;-36.805731199972534
43.94306686;39.47953499007379
48.02987266;-66.21097829265514
45.60338698;-40.12301235765167
47.24517156;58.00360329468693
47.49188185;-24.39354161160751
45.96699682;45.46234260989585
37.87888221;105.46793461952063
37.57327556;123.26629003781923
41.97729041;-29.1797035044927
45.19354439;-99.67548895055998
35.82881146;14.535905623501897
29.05595154;-56.00539981538325
29.53431199;-186.2248087658064
30.21100106;-73.87350280901737
24.23473647;-1.5333037907740064
34.88542625;-21.14060581266977
39.26340644;-28.451657769336926
23.34099752;-13.025716836730119
44.37021578;93.34226736388423
33.06975593;77.0830982716121
40.48292359;-90.81374142037919
31.32354086;-74.94265945538541
31.96204457;-14.969835063387961
25.91393704;-47.18312009372057
26.12773258;12.74706282285483
23.25887867;-137.69831003411917
39.75447471;-185.09712978172212
36.02886452;-77.50670198073067
46.69040502;-9.17381704309036
40.94338521;22.58436898431429
32.79283693;-104.64238501962305
39.45191015;79.30748339908712
29.25042448;-57.132582184355975
15.96452069;-61.19468116678875
25.22785638;11.026654940032337
21.68231341;-80.87700443140398
8.040997524;-70.39478704974803
24.38871595;-119.58022911091831
16.33160594;-96.59403981648975
28.83471878;10.128844502671946
25.98178281;113.75110920108338
46.29833746;262.3097630533158
29.2692607;264.68249374730294
31.6752034;109.74575453537875
30.78010258;173.71680979522202
35.23666431;218.70276815359622
33.75270605;80.92538141749768
30.06639547;267.7247548015894
25.28979484;167.230805345259
26.55001769;107.44154827719282
26.65965688;94.76166392019752
36.44785992;207.6948440639886
34.38109303;163.25787836572215
31.71989742;41.82822120806268
36.29368589;342.9107262161122
33.53900778;306.50749090495384
32.44856739;222.36069966104148
35.07297489;178.09088821748568
28.12069331;108.61514967647884
34.48961797;189.3733446364205
23.17292183;246.0083619297088
30.010948;181.4213134398332
20.33606296;181.56984621911255
11.28814998;77.8322166199816
30.9381942;142.68339870184093
23.82270959;197.1038169915084
25.15185709;202.1852671646941
25.88148214;166.3599030261952
19.4300849;231.14370364886256
28.98004952;168.77182621641265
19.79787761;207.8566067210843
14.37274496;306.03129067099815
19.17725504;292.5470050350134
27.26302618;120.7747521840351
20.8282278;352.99915638997373
19.97980191;196.78805451405057
19.34561372;277.2370058248906
42.34994694;201.50238694807177
44.11597099;270.7029061565287
32.4824549;131.66533223296537
20.93065087;225.01539824036223
20.39441104;259.9205101254027
25.15500973;75.76454584100516
17.60060134;217.24168102042475
31.58609834;251.56580792151615
29.27536258;183.9153940541633
17.00539441;233.71187436395567
21.84299611;157.64132311682476
19.01954369;180.30731605428142
20.75208702;306.1023010875724
19.06581181;133.83065594480934
12.90863106;147.69472522979086
17.41246905;129.0751220579099
20.50921472;278.37463800938076
5.733003184;272.09871021050463
28.68526707;49.280115073425286
24.28705341;-5.3798117796695095
13.58705341;-139.46373634696295
20.07964273;-17.734504944570865
31.45256456;97.49364209741702
25.46469756;-33.245355088922004
7.335054828;8.72652493079891
10.81605943;-16.933686631677155
17.75258224;118.7939228635503
15.7236116;-8.336045411428707
21.29099752;67.26005253260166
23.02332862;60.203885796529214
23.71363636;36.32374949294223
19.23222497;-20.951901986861266
17.54371242;12.05734580287595
19.50049522;82.74695401281718
30.62780333;66.29101584154127
14.639052;36.33509641019441
7.824319066;90.4325732677882
10.70045985;-88.03490800555522
14.70986912;-43.351980211216635
8.087106473;38.68835542028733
3.912079943;-67.99840409034775
6.035470463;32.8453534941299
21.67932437;20.960363143910737
11.08190661;111.08167925580787
4.877591086;-20.384430673398136
19.2419526;53.91787793891225
2.627944818;-26.516126468984403
4.890767598;-11.22322028387837
1.429837283;-369.9833208767175
12.75116732;-80.31697512254365
12.05761408;154.6360169496765
13.29179342;92.78945604955129
16.42759109;-47.31889249921108
3.974266006;-43.936707892231375
23.40999293;-15.565179865372876
27.61881854;122.50381984328055
32.84264238;-188.89368790275304
12.16795189;-75.3331769829268
18.61536965;161.3795217780507
20.37979307;72.18110101909244
22.57629996;32.12565337195169
22.20286523;85.85355786300408
23.15661479;117.64122334127575
9.251574107;153.84227606367128
18.80044216;-10.80977516398071
3.983675274;-1018.1708416225703
8.997488504;9.062816408197612
15.69342059;20.384859410374595
19.63440042;86.76572442412905
15.34915104;31.323812609464333
9.961036434;-14.689949935883796
14.82483198;-99.44617518278446
6.436593562;327.9404443273442
8.542889989;-12.714999492557503
13.68123452;221.18086338201815
8.548001415;211.20226762628553
10.19246551;-53.15102818313536
10.32946586;187.2283976775599
15.79207641;143.32383398623006
15.75357269;64.04543905870565
6.629501238;253.95600122981628
5.920268836;238.36819876193212
10.14359745;170.12130034379007
11.67460205;277.42068245573927
16.30219314;234.17935973249752
14.48770782;131.4100497779952
12.03659356;180.86708665212163
15.65459851;164.90499610933102
14.02690131;118.96827385598624
13.8783693;127.2783335103959
15.20022993;211.44915433068624
16.09846127;-4.326105193150262
16.43809692;32.19145056713627
14.01452069;83.04766739617772
15.01759816;35.55613146270801
17.47113548;15.07134875685162
19.52958967;-4.591799452341739
26.610948;-23.11696858002174
22.65511143;-44.92853132685509
23.48206579;66.1248711344231
19.89480014;-5.8272024345668925
18.37226742;-13.415616124393402
19.47587549;245.71772807617936
20.4312699;202.1850090442081
18.1229572;229.72619595328925
21.59909798;235.91650568852907
13.74851433;193.654603450516
14.40426247;134.18667494550985
14.49060842;198.05575669555057
17.08004952;215.2500468525307
26.47897064;129.64907678087053
27.57058719;180.0784892918627
20.16957906;163.3629164934179
25.19830209;187.19397855970018
21.79430492;267.7070251053142
20.77311638;186.9670736215277
22.84678104;146.44701784119928
34.63109303;-85.89679664239856
37.48095154;28.292473267620117
36.47419526;-5.447985223509242
35.19320835;20.36039103910209
29.78853909;-106.54742085233207
25.83763707;-68.97035008315359
16.18990096;13.04290524306888
29.69929254;-50.139049714325814
36.5427485;-36.22173413690866
42.47688362;-80.07232674657496
31.35152105;-103.02298316364971
42.6506544;-16.2603462436498
32.10328971;7.388235510205014
33.51376017;-15.422560221431873
22.79156349;-24.560852610350857
17.14311992;27.805787861306804
18.1490803;7.46799561801236
35.11360099;5.511712137561268
25.83661125;-44.198485286794586
19.39020163;24.677843442866525
28.23111072;-16.68380088426924
16.10254687;-32.57417717247332
12.96006367;5.9440018582752785
35.26135479;2.761550643182993
35.30512911;21.285819277853328
29.68533781;47.929753253865094
25.86388398;-16.497864992410463
35.64524231;31.888788709122927
25.83938804;56.067430113261416
10.2560665;19.80247515111173
40.11512204;71.86992926747246
43.75532366;139.08923858216573
30.34108596;95.44510226509212
35.36391935;49.32773078303699
38.90758755;134.1599553940519
35.41160241;43.370002592603925
26.26818182;107.21777773824525
29.62301026;31.88182321474745
36.16593562;100.95637554923971
42.75160948;16.127889742492208
31.11149629;57.66667144539449
38.94725858;-15.094809779309635
30.29202335;159.03263033179547
29.54741776;88.3765385558618
31.91335338;133.63461268908222
45.66257517;101.48364533365054
42.36837637;79.96953777451276
47.48882207;126.59859227869535
43.46223912;20.10937761372309
46.32866997;109.97277806658812
27.24301733;76.98079972919444
43.85114963;29.628968079073665
32.65544747;12.781211131522817
44.60649098;37.661799199539836
47.15256456;27.890292978358296
37.05677397;38.46248261463503
38.6626636;57.020296325026756
32.33940573;130.07634600901048
37.46404316;71.42558490486297
26.21964981;26.398918724768997
39.59858507;-47.926384545911
46.59892112;12.406617640665466
49.86315883;0.7956289331106561
41.19299611;96.98466373652201
39.18636364;-32.75989941226201
41.96407853;0.8492859687510972
25.57384153;17.650394098960042
27.78891051;-55.75912740789138
27.80615493;0.5700158867362788
46.59232402;-26.844384397867948
20.36883622;-55.79046214291255
35.25419172;6.3093011610299286
24.93323311;12.810997305424841
27.36144323;70.73486265241485
32.88951185;83.79897889959062
44.30136187;78.37432019449454
43.39389813;84.21275400957234
38.29561372;-15.56575996695468
44.06084188;-16.84869440634784
49.80449239;-29.102971852751573
34.12292183;81.95672919236779
31.28638132;-46.73623078528397
23.86883622;-11.662774600275021
46.63374602;-15.912880634126203
44.90755218;12.545203390078107
30.85843651;64.64299237103603
42.92309869;46.59622100411169
38.22329324;72.92754766491962
32.88413513;39.1026687033277
27.61379554;57.20678701096298
52.28551468;60.22939536765559
49.77566325;-20.618631891328313
38.4076583;-104.89468922943351
35.89561372;-41.898393105171614
34.43558543;5.475702153946621
38.99000707;-2.5424061429500924
30.84909798;-25.623209445650012
45.65229926;-7.449794467778069
37.12226742;-134.60626233866108
31.84982313;-65.7711589731343
24.27025115;-178.88747704206193
34.30665016;-45.52698325756197
31.89085603;25.507178259976364
41.20822427;28.086791927393243
31.51740361;-4.848903462999495
38.7480191;-42.74594321155893
32.2266537;32.87761075283216
41.32058719;-94.36782703761466
33.54292536;14.719195085628364
34.37778564;-47.29369356125196
27.98784931;-62.475282041892974
25.34462328;-54.72066192609129
29.02983728;-61.02813069904047
36.89610895;94.43868490772203
38.13436505;22.22212235336246
36.67706049;42.723852691208144
35.64849664;9.775508119999081
30.44455253;112.5067149050075
34.50304209;-7.846914921015291
28.11192076;15.12016762229856
34.39223559;59.16407353782966
38.94078528;71.10395017976933
23.81307039;58.028674314452985
27.35022993;-67.42255103178206
29.43369296;11.14461299003414
31.74952246;-10.412009827735837
18.67716661;-6.638812250121269
26.38597453;-42.61564658537568
31.16351256;49.95707008610818
25.10944464;-13.353944347785436
25.04975239;63.278640179583796
35.09955784;-29.001440372779932
32.21370711;39.58380362078827
26.59347365;-160.09927690215218
28.42143615;-142.5505028482839
25.13540856;101.96888946057254
6.943190661;232.26708031193144
13.26724443;40.2554549552955
22.69204103;-101.01223840845526
1.308754864;-635.7844071216654
33.46301733;-157.00944045595728
19.02511496;-32.48008511253743
23.19096215;-21.25934380965918
25.40719844;-93.14782954087471
23.99743544;-98.70345428388052
23.19495932;-37.3658202128887
13.90495225;-156.81676432480563
24.49642731;-61.92929724648928
30.84189954;-28.78079560996597
18.75189247;-1.7249411207319767
7.524053767;-249.36788495407066
14.72274496;90.02233108306987
11.32964273;-246.2449322308229
5.702971348;66.4809295544827
19.93401132;78.99588361116633
17.83171206;110.885893180301
6.738981252;-22.519511816467116
13.76984436;5.298060763790126
15.84955784;30.37705226612743
9.62430138;43.200736488011835
15.97370004;73.98969101024622
28.29370357;73.20077243344156
20.05367881;-16.58275984093207
11.13547931;391.5139113124088
6.773558543;-62.78599384346095
11.25969225;204.99173396494973
29.03698303;39.51074989625921
39.82379873;14.011410133703656
32.77524762;43.21166159687666
45.33277986;55.16272232619945
45.14099471;46.0364962257741
7.887211612;25.381618210273125
19.36189143;32.99843724767697
45.03832962;60.968407850695534
36.02502703;23.25149567069186
26.45453611;11.204929269724296
19.01993333;22.85621429238983
25.55207913;44.99119234631015
18.92847399;25.560665138460386
20.37164477;40.585366709215926
54.43281549;63.31529639076239
8.553875538;52.23145043126694
18.84380171;9.52267840941817
22.47977671;39.7329945887414
35.30734502;30.96972144913393
30.54923757;14.203143998960023
29.59888701;14.562709119294915
23.25248755;24.526983508726595
40.92918536;54.74707068188554
28.61158641;-9.055128737651039
37.43421942;16.457756449420593
42.66149954;58.33355721793749
39.55471285;36.46053852420875
30.23238835;33.177616605089604
57.74976785;49.170903106023395
30.75857219;47.80261027172548
48.27843915;32.940157704920885
32.16249201;59.6767976103612
28.401657;67.54231856544244
55.23631801;72.83710602594695
22.17660016;1.8515888305547321
24.54509816;16.49536956783181
39.30904131;12.909062260600244
19.1526245;14.260737352584464
40.3505316;5.140058967541094
33.37833674;11.629241657069095
41.9896104;13.093958629311864
29.5480915;8.429972664088233
45.1043072;36.18983195793039
53.6192104;8.172876538034693
34.43727772;28.035055743126954
23.20135294;1.5174506255061644
71.9195056;93.86801436965922
32.3075523;45.23428686349903
32.86878501;28.63877482423444
30.54844418;19.847566616558304
81.00488479;62.3894505650489
34.03658294;22.311220627948465
62.9284836;87.94163915758608
33.90117232;36.590380969817055
27.50209572;46.6845087035069
23.77558283;31.159182775798392
33.38186055;41.8504267805149
92.8709635;32.99154749433503
42.6122701;24.32021973973106
26.0780184;2.270804551791791
25.62849536;26.71180774023002
32.9148307;4.480982957605981
40.60464339;27.981662450280844
23.50888657;31.745265518696606
27.25359116;64.51287830018633
29.31494018;-19.16212534966079
62.8782851;67.14190974892475
42.00639;32.247354209008655
20.19342967;43.718998153848446
21.28799924;12.869498688818702
36.9831634;54.57460457158227
26.01660544;55.598677567119026
78.5440569;51.609606656020354
70.36617126;51.086549979506465
54.17289455;7.775983012144039
47.03892428;-10.957794542784562
47.384147208;-7.797284744881345
43.871549896;-20.331529606307377
53.6034678;-10.355506403246743
50.158174094;-23.87998661762103
41.731351737;-48.777990423797156
38.940622789;-1.4803481646572862
35.767445155;-24.172403216606668
38.274026896;-10.984112740429993
35.652441615;-64.51860222202518
32.080113233;4.606656088616852
29.456970979;-12.091319818540292
32.089030431;-24.25087926357248
35.36985138;-18.02207066617519
34.535881103;3.360697336787716
33.211606515;-23.67002058207874
42.160155695;-33.302372405047784
41.233474872;-59.65530680312387
27.388322714;1.087508206883534
37.922788394;26.71636510280843
45.907218686;10.255544370911291
38.513163484;3.9840865725870387
61.67749469;-45.297814035692745
59.71493277;-100.03711775624598
61.88397028;-102.02186849747122
50.140127388;-111.3508017937292
45.866878985;-139.58279542914934
74.68867657;-50.26092838595549
60.70912951;-87.95761826780114
58.36256193;-89.26171697268177
63.58322717;-93.74199866697174
75.12816702;-99.51881184588413
69.77268224;-116.11290019235938
49.398867656;-110.70395725364116
46.122505306;-105.53647717858658
60.59391366;-119.45505826774811
69.25406936;-116.02234291573825
50.625973109;-138.10380919936026
40.691012027;-133.65330803061542
59.48492569;-104.0387928400136
55.25647559;-123.71947929662076
40.81203114;-130.25036982462368
32.842533617;-121.21753062314187
68.6353857;-102.87324517370823
60.68527955;-143.8367541161297
57.764401981;-19.45127519242633
57.26829441;-31.503501168889223
43.941755127;-34.23161043678524
50.590092008;-25.028599652837386
45.251096954;5.3311980520784275
54.22370842;-15.199649104332956
58.788251947;-40.69902199625947
37.42066525;-84.57463749292995
43.376999297;-98.84084016713015
32.050247703;-96.76121733146547
28.590021236;-93.59428770679364
38.145647559;-108.71890494888876
46.745859872;-111.00725446228762
56.17133758;-30.795409629844876
38.446072189;-75.7860140513761
54.99815994;-56.54372378401883
36.026185422;-56.35823909724386
48.621726822;-54.2955846109729
48.29143666;-61.87671485739447
50.277636233;6.702845070880642
51.85017693;-0.09103352296740042
38.47147912;-8.120154871410584
50.530360938;2.37089541641528
45.680113232;6.647025712577914
49.344939849;12.603673580747433
54.39263977;-75.67330536490476
59.048336867;-41.549777778589466
56.003750881;-67.79507803022037
53.18492569;-97.34093435936583
55.41203114;-124.2957908245713
66.53821656;-102.78280504287326
55.66008492;4.440955544765231
57.10382166;-8.98330041709989
66.77289455;-29.335365506371808
59.08287332;7.928153045269987
53.54062279;-31.413937222047117
61.06856123;49.08444634756793
59.59385907;8.738436239109635
62.68620572;-8.25673589060903
61.30042594;3.2501483316006556
47.701493722;-3.4617455664504817
41.885917244;-21.898540057006507
47.91394141;-19.60400373551486
26.426869204;-28.516470754088267
37.629494997;-19.487192521289053
38.087873179;-11.31871908409196
68.7819093;15.21912146640188
49.770208974;-21.463016190877404
44.057946317;-17.422779522132267
74.28701717;-0.22834631273655503
40.348515268;-9.28080833821182
33.096566368;19.716668265680028
33.204186288;-10.542180741891123
19.473092263;-13.183389918154866
26.007301703;-19.449557303425628
34.773820029;-33.75770656587708
66.81429898;-24.087311236686936
34.30889239;30.246724046109843
40.757082049;19.98182572935407
40.551701197;11.758805826313939
39.771389079;-8.661820519181845
35.104587284;-17.6452768099945
25.483284223;-21.305711986198027
46.625611287;24.362899718631745
37.636665056;16.223261260453626
29.722122612;1.4981970691485103
30.117345643;-10.971012815184743
45.414061732;-18.503000729874138
32.68871185;14.811662674466163
46.921002162;-1.249356018062116
53.968340579;35.56063351086812
50.18854295;33.14119096399815
48.135981663;22.876056770523654
26.769616941;30.384720793057248
29.995426744;9.727504359987016
19.973495892;11.310436607295479
31.205988892;20.8383981964476
30.839400696;-3.8477704674070665
32.455007976;5.492352640114024
26.580918084;1.5026437294108845
40.810765865;27.626912517655402
34.389911812;20.188256857109717
48.910733126;11.739717171989192
42.827988342;8.251434428060854
29.540959242;-0.2840079862487741
29.036081964;45.48920846926439
54.040837119;45.48481178113476
37.762845402;24.901986512567454
43.471310607;18.252327990511176
55.33158718;28.384691254206068
47.082365413;11.498010553175472
59.04689148;46.89501348584635
44.387781088;20.64094956419241
49.225768225;19.789667800330925
45.339434475;16.659550316743175
45.910104305;22.063844761833018
46.598275671;43.30122309251397
63.80910806;71.39147169004181
74.48075334;40.771239526436915
66.00536318;48.997545481894
47.264360293;14.985806800670723
43.243998898;17.277923437337673
60.85774569;38.31831849894446
42.8063056;53.425014053546725
44.20474072;50.90035197593698
38.52298056;46.58077284010408
49.8299168;55.50692095938199
38.25622704;52.860892800532234
52.48487776;56.80444526895686
47.45787624;44.09986567779546
47.62134136;61.28865972352485
37.87361088;52.90800641489414
29.92309856;43.55798762903682
31.705048;47.93505385456336
48.36681416;49.54447044884471
47.59978552;48.15554196174343
52.29716232;54.41884189603572
45.94178216;48.63621223468237
38.90020776;51.55487019896554
48.95780344;44.838887656354636
52.85761416;52.37875235200189
46.81838632;39.733802092909734
50.53676872;45.57901678291562
52.43817344;53.24262784886658
52.23878192;51.038791575347766
39.52622528;45.05460406255363
38.25173624;51.897944478676315
44.46610528;49.72538639778906
46.15284976;34.789871206483404
47.08424168;54.63474225729859
44.83704536;40.50176313049797
51.67833008;51.7380465158927
41.44200056;46.36751807152489
39.13193304;51.244332701834274
43.9290056;50.855359422598404
33.26874456;42.75991376008847
53.87972024;58.83317128229606
40.96238312;38.75687482207399
52.92048536;51.951144442430994
49.0215728;48.56027064773266
36.83264344;40.228665941054324
27.44956592;21.959835783680035
31.57391664;43.34385417958682
41.09261632;47.76401591690966
33.95314248;48.56549570043335
55.62125248;65.68581409004724
46.32619464;62.33854890823695
58.70194128;59.319207798625335
46.01004232;47.729962141878325
46.79503416;55.40166607788597
50.81070752;47.77035878150681
54.74644464;61.87137780176342
42.61589568;48.144318138919765
49.54520008;61.29657386511948
48.22131224;62.75808294501365
52.11303952;49.12916814908268
53.63542072;60.14010082117061
30.4386424;35.401821807232345
37.63829296;54.10828927048214
48.70003152;41.26104393276727
44.36281688;53.03562099180311
46.39176032;66.08940266669751
53.15400696;50.68836217921446
49.67094248;48.09898546311893
41.40337968;50.10590542465413
40.147752;49.3314258119783
53.76924656;49.766424905809565
50.40743368;62.59330263286966
57.27925584;56.21351682385687
52.14178064;57.947964445984546
49.05211024;55.20501006440278
33.7977608;36.430315959570684
53.68032872;61.65119427220122
41.79407928;52.59923721200476
49.98529848;54.285291833667394
47.14980736;49.1007035977291
27.30496216;34.22258266401504
49.1562968;56.28027729166816
54.79853792;67.57105988149516
47.23243808;36.29343334595929
52.71839936;58.956962034884434
52.61780544;58.22819823733081
47.44620016;56.190167976950015
46.64414328;54.88088084442341
53.93091536;68.21692996153664
55.36078608;49.83890367620079
49.82722232;25.1422518738756
54.65842496;51.94062035455496
36.19045904;51.36842538861969
51.64150552;59.813792168368046
43.37843352;50.63050168552484
42.38955936;40.64113556864847
50.23678328;61.650610709136
47.91953048;57.326781672415784
41.52552944;47.12923787952166
47.33482832;49.34144542081216
48.06233792;68.02485238935355
23.26144584;34.112959163565165
27.60584576;43.35636590002465
56.26792768;60.759192886602186
55.057208;61.50373771632152
26.92953128;30.454256078608555
23.04049848;31.55139165371903
23.25246424;30.148200637863262
44.78315576;50.41491538281965
55.87094096;56.83916271191719
55.40479592;47.55008403185246
44.997816;52.200631106857536
40.52228472;32.060372638262486
35.19080696;47.67530821925222
48.13868152;61.81184634271275
49.18054712;63.65680027358987
48.94612736;61.41632404754528
50.39665576;50.57869034881701
36.33685912;49.56892466346854
45.74239064;45.13327371831269
49.29640976;53.63250301789858
37.92750048;43.29824248315361
48.3569344;57.12921873434612
55.30510016;61.28347592827779
45.36067264;60.87953290827735
38.94691208;44.189838150738005
35.25637264;40.008660381130134
33.4205336;36.32492928254838
40.84023336;43.275876387770744
52.46781272;55.882097747980104
46.7761728;47.80984128018783
28.81656544;38.0303268605879
42.08508312;50.32989184235992
52.05016832;52.75896078733444
53.47375192;50.86437946409398
47.28183688;58.073701393070785
41.33601768;49.293661762583945
45.75137224;57.00331609351684
43.49968512;48.13086908821622
36.04046632;48.370727392581834
43.34340528;74.33684302110109
46.03159816;51.842661863003734
34.37437952;47.334662716812964
55.46138;52.30546925901708
52.89354056;61.91316629301178
41.29021152;55.80162612007879
44.4050304;46.55020169795562
41.16536728;49.37273654061726
38.126892;41.172451921397446
9.6911464;13.521314945060745
47.82163104;59.704918573752046
19.61940704;19.534748920522382
21.30974416;21.594064724982267
17.91200488;27.396619747885644
19.69036168;27.396619747885644
19.69036168;29.024021019529567
17.91200488;29.024021019529567
18.97901896;25.929453703057327
28.02528648;43.062063869728966
43.32454392;61.367570729387175
29.84495864;35.578301027327186
31.53619392;55.02265896285513
18.10870192;32.12857587575166
39.95374944;60.07380962430019
27.17113632;36.412655984985406
21.36093928;16.039474229132544
21.14178824;18.935308270300474
29.16684784;40.31839285109323
28.21928904;37.99710716553239
28.36479096;51.73912344337934
22.76027256;40.484802986366255
20.3523056;28.79422327513445
28.06390736;33.93761493990014
24.17936536;29.864623086741425
20.04064408;43.29803544354578
17.83566128;20.191319061499875
26.06729768;20.85511697105114
24.98411672;31.45252164033335
17.80512384;21.182400332835392
20.23644296;28.10749066645655
20.71426408;32.03066321625054
14.38582872;40.37822372441075
27.81691336;59.222089121918394
18.89549008;31.150761123151703
17.44316536;21.830772399070078
20.82922856;35.26010134395869
21.93216904;35.269715251861435
23.67639576;42.10140482061624
15.84713504;32.00823442634424
31.56313872;46.067590846600936
25.3775108;38.159407251465595
18.2416296;32.88353484092598
17.83027232;30.50279398294088
37.81972128;56.38243743624964
19.19547552;37.445352821074216
21.80552848;37.721820351473184
20.71067144;35.224712411301944
30.92454696;54.57720044530098
31.10058632;46.24980721152982
26.86935456;26.664917414826483
18.38443704;18.608975088894447
25.78976624;27.825586390129367
26.05472344;24.56688611990569
26.26489288;31.78924610049211
18.63322736;21.256603790031015
32.68134792;46.14803097446627
29.16145888;35.11236767722319
24.62934352;30.172554573678568
24.35540472;31.89715784392029
46.07291352;58.70379224373138
26.29543032;51.31338774625756
41.38451832;53.98152490188746
22.29951648;41.48070375847491
37.44608672;45.04371198770704
25.82389632;37.995042352551906
28.79141696;42.657005507916644
31.29997784;46.89904395946786
22.61387248;47.1923230797547
34.7947184;48.36635732443182
33.66842576;44.9757948799899
25.77539568;35.66827557719738
24.19822672;31.179128009835342
28.08456504;43.25196940440582
27.28789712;36.093345679506584
17.62459368;16.174614389804965
24.67065888;32.270939096669444
18.4032984;30.08905731815924
23.39527168;31.692653323761704
27.90493304;41.77132953167295
23.76351728;31.91734395729412
22.26179376;25.088242837191565
19.80352984;34.83842486525666
22.64530808;31.987994742301048
30.00213664;47.129509172452366
19.09398344;29.807822015399175
23.6395712;31.196402358233478
13.96908248;13.148092177051119
23.6485528;31.61169481198494
19.71551016;31.615695760652727
21.98605864;33.67582930046727
23.57849632;33.68363879332797
29.20546872;47.61222330388203
21.6366744;28.161836544055284
32.1361648;43.6591379816483
19.714612;27.63310128507876
26.93042944;44.8121642511077
16.80996256;31.714587419109
32.93283272;45.63513627981957
28.1483344;34.046624846912
29.49377808;31.462123258902885
23.86231488;32.69333034552601
28.92254832;36.30747609989245
24.19373592;36.73513121220195
28.0764816;35.01753464064607
24.57186128;36.86266301248326
23.69705344;39.39796221459045
23.00457208;44.138110769956704
18.81465568;38.86728760307644
30.30751104;42.68848113690865
23.16085192;25.259977822752738
30.48893936;47.83503009796918
18.49580888;32.70105897442878
25.80234048;48.16070236600655
24.36169184;42.59190333940678
16.45249488;44.63866226559514
21.42021784;33.7096201346072
18.15001728;28.75716534478388
16.09143456;34.44575065340643
19.87897528;34.28012042874003
21.58009032;29.66695260864908
21.2594472;23.99805139904005
20.96844336;32.996321374823076
25.86161904;44.151122681906685
26.77953856;32.24810953887349
33.72321352;40.00181451185684
17.57968568;29.194778026532937
15.7447448;22.768588882683183
23.14019424;30.209248316756852
36.79671704;56.66821377445478
26.74900112;36.60546874092611
28.4177824;40.028748845120475
26.31249536;37.922100944971135
20.84359912;34.3740535293609
30.63354312;52.1950673472444
25.67659808;29.117605206070067
24.80179024;39.81312093895102
16.80547176;31.900771799295107
29.78927272;40.421972045768264
21.15436248;38.35010406563789
24.02308552;38.206124186068365
19.55024872;29.137643732957137
21.58098848;35.38917957810276
10.64139968;37.70654740565791
23.07732304;14.024255134298649
27.54297456;32.01730065167919
27.3669352;36.270135567703505
24.23864392;18.84695274402541
18.73831208;24.74412516449464
19.96070784;32.57232874527619
20.343324;26.62642895297237
18.89549008;30.486308031595534
22.22676552;28.90416539070649
22.50160248;44.62176341434822
33.68638896;37.97680807880496
24.54940728;41.93916959823571
13.83435848;11.675565967668739
28.26778968;33.561402654375634
31.40236808;45.95558766790942
21.48668168;37.319124678156925
23.17881512;31.441614488476375
20.23464664;22.54277015417389
26.30441192;46.83552243697073
27.66871696;36.56063304165585
21.40854176;28.295379558533135
24.62664904;26.217982251372185
24.92753264;27.9979995643224
20.49690936;33.63754036782667
24.88711544;37.79649345020743
26.71666736;40.845574507360084
20.90197952;23.467031385325832
16.73361896;17.159700523651132
16.24142728;32.14301957493851
16.08963824;16.61869658326875
20.40888968;26.139553754696117
19.09577976;17.277526949880887
17.75033608;19.722157747244687
18.6188568;28.787511319931404
23.1994728;19.118782614834423
19.02931592;43.85786629887183
30.27966808;48.55367353022825
32.68224608;39.56071942319959
17.29047816;26.644723858429053
22.68662344;31.796167558055295
17.11713328;45.972630024816645
27.91122016;40.66422783619449
23.72848904;31.659728336813146
20.78611688;17.937355062380483
18.12307248;27.206069805655794
23.49496744;30.830716727295815
19.94723544;29.224934940133544
19.92837408;36.95217261819368
25.31823224;39.14367247668257
29.51084312;41.41144769860222
21.70942536;15.13007554971501
23.26054768;33.47961479834202
18.97093552;15.415483975285248
21.73816648;44.53021600807326
17.79614224;33.43390474296893
20.17536808;24.75710782016342
18.44641008;38.448891323424895
19.18290128;36.512277955543816
29.20995952;37.77817980841907
16.24052912;30.17125654556215
21.35285584;37.423229954714316
17.33808064;31.398948786617304
22.20970048;40.43258704417649
25.9029344;37.00759125658802
17.35873832;38.066528830304655
20.40080624;26.898878381118273
24.30061696;35.18360933054136
20.14842328;32.22179655553422
21.54596024;26.996069035839888
26.24513336;29.564775280883282
22.25820112;19.743348014612497
18.90986064;19.685393212564612
19.39845968;27.219014205177523
15.06393952;22.513269765082462
20.89928504;25.48887414571636
16.71296128;33.20446752153804
19.56911008;23.15990361495485
24.94549584;43.21848792543203
24.879032;35.07035853034406
22.44771288;36.903679298137824
20.16997912;22.902199676560215
18.70687648;13.834304880863343
20.70079168;40.24064817663219
22.13245872;34.871403910607945
28.27946576;42.57334648606063
25.40265928;46.56107958784496
25.8400632;42.20442527270845
33.98457808;56.87157306370923
29.32851664;43.60466966695456
26.53074824;39.29807090388381
31.10687344;55.79263457240147
23.19677832;32.131847621282425
21.09957472;16.322732584274057
20.99538816;37.86321412826175
21.82888064;39.47258310459095
25.63079192;30.064907412812836
20.63253152;39.54943910446179
19.82418752;29.21744636733016
19.51881312;32.51045730075267
20.51487256;21.80750031983235
23.08181384;23.317587588469827
10.53002784;11.175557614134384
18.36647384;10.511426630025447
14.34271704;31.38657472084659
22.86445912;33.59174400905199
22.01749424;33.85710871855952
17.57878752;31.177579106166853
21.36632824;18.284786254778503
19.31582896;28.64845824730245
21.24058584;27.671153062500856
23.6126264;30.586812886014727
30.28056624;41.70698390759395
29.28540496;47.43486192925146
20.88132184;32.605994336923736
21.35285584;36.870512976625726
23.07732304;42.70227842581636
26.04843632;28.800443260468164
23.50215272;42.49894400125889
14.14422368;34.303505441422
20.78701504;34.98332934983404
18.79669248;28.686799209575973
23.36293792;32.95789579893335
25.29488008;39.891748507421845
22.59950192;24.988973248153123
20.43403816;10.47883267976848
19.47121064;28.028430190098184
20.58762352;28.64421847966259
22.54561232;31.544315049652973
21.81900088;33.92833949225126
24.29343168;34.589376344989425
23.67280312;28.05123656738453
27.72709736;37.89492978687737
18.01529328;35.39901118259393
21.05466672;30.5100504933556
15.50044528;22.9731246604673
26.43195064;47.63941515089508
22.57165896;32.576244115566226
18.57484696;18.45087898805553
17.83386496;28.1232937989762
32.83942408;60.00318984457822
22.31209072;33.7375203905453
19.26373568;30.2722869537238
32.8636744;49.590211767875296
30.14584224;30.897028510146562
44.01073816;45.261732506295964
29.3069608;37.88730897982352
31.72031672;42.99624963938774
36.47068496;42.2353262212988
31.61792648;47.96664771931484
33.07114936;38.555006386172444
28.25790992;37.43874871032644
37.05179448;52.62750379004682
28.27048416;52.71711857266573
35.49707952;54.433827311793884
32.243944;49.691671146894315
33.31455072;33.634756139778595
41.57403008;64.59758611268578
22.7953008;43.68252159733921
32.60051352;63.80201054988033
34.20283096;54.39754700869434
35.85993616;55.362232688918475
29.85663472;54.97445805461208
40.67497192;58.30836247630241
48.81858864;60.40868069755464
19.24936512;27.314961528579847
31.36733984;39.87514857370993
31.53978656;38.624758819922626
31.31794104;29.820406530915044
33.03971376;40.67337225449153
51.34690904;45.172900200654816
30.17458336;39.73872782924331
36.33685912;59.44632521068461
33.43490416;49.25425079091084
29.32402584;34.599528356968115
45.70197344;50.472392901045076
31.1751336;40.79710027644183
33.40167224;53.75181066248958
38.49154496;59.425674186973446
43.47633296;60.81402997046751
40.75490816;66.44368817961274
37.40207688;57.84234154918888
37.07335032;46.41061434893066
40.16751152;55.42755424018883
40.13158512;28.225127741627738
37.92121336;37.4542416675523
32.44333552;52.94967242216746
35.76383304;56.1051237015192
41.80126456;51.66078092424481
36.30003456;44.64902023262041
29.86741264;37.952512376376866
35.23122416;43.57827123941427
39.43102032;50.4224767336864
26.42296904;46.14176482764414
25.53109616;36.108282721250056
35.7377864;40.766291718755205
36.32518304;49.726047158766924
27.54387272;31.554151995096433
34.16780272;50.80321808838344
28.85159368;38.54859594327167
29.81711568;50.66683456434685
39.30078712;48.479376349919555
39.11396984;40.58070173996449
27.23760016;42.865364192330034
37.06077608;60.117732548302335
50.25025568;62.95578260211347
32.35441768;55.178796402060314
35.12973208;46.67945925273809
40.79981616;65.40708129365413
41.26326672;48.93924950487226
42.29525256;60.96972494729996
35.68928576;48.2347678927237
27.66063352;27.776497644782395
26.14184496;30.96325286952394
30.83293464;43.87488008031573
35.18811248;47.96700801748256
31.21465264;46.65650648920086
30.45930008;48.90455747861315
39.64208792;46.134526085189655
33.01456528;39.269000238435176
47.06987112;54.32305959226641
34.73454168;48.97959748722251
36.07639272;40.751515404477395
31.94665304;41.97566880168696
33.65585152;54.05983470961586
32.06251568;37.89416189255717
44.57747712;61.83406285753846
34.7498104;58.02965519608339
32.09215496;35.386995050992844
39.56933696;62.28154676896755
31.67540872;43.515870233530855
35.17104744;41.88726442567954
34.40312064;48.76322468137817
32.32747288;48.42388070526095
35.16386216;53.062449195754986
36.94670976;40.917062005542014
38.55711064;43.419581126501264
39.47592832;15.757683514892499
35.86622328;45.172372959972485
35.16026952;39.86957362939227
40.38396808;49.17703990489468
39.55586456;34.831434357885705
33.62980488;42.16374861894922
32.94271248;49.76921169210721
31.974496;42.20264743003505
25.4897808;35.84565271363023
37.69308072;59.923386923511025
29.29079392;38.480942743137085
46.69803288;46.55178098405138
41.39260176;49.70032178767712
40.03368568;60.07539994628333
48.20963616;58.223767975424146
33.1331224;48.24913045668847
46.06752456;66.95038935385642
31.12663296;56.13880115385597
34.75340304;51.71789405979947
46.14835896;72.59639820803389
36.33236832;51.571361829129124
36.510204;53.72171759549911
50.1442728;68.01912269597156
28.29293816;31.275253362070664
34.08157936;48.61182858422679
40.78005664;52.38407829730192
29.9895624;34.6768738537446
33.79506632;45.36991230916461
49.99787272;50.095770937817115
35.85813984;53.95812856414809
43.13233768;56.52120321576725
46.16272952;57.474130753543754
39.02774648;45.42995040884349
33.45735816;36.31615336365896
40.13517776;49.45888367770785
36.42757328;53.82108814592325
32.74332096;38.43086651006265
31.57571296;37.86445889899215
35.31295672;37.33560263456962
29.85663472;42.423937798448
37.9382784;48.19262578417308
30.58773696;44.25224096544179
27.67590224;41.03029439105487
37.49728184;40.280107658140615
36.91257968;39.60211973170893
37.47752232;42.61487402540313
38.63974136;48.821224820925174
36.69612312;60.404301828431926
38.6837512;52.01947391549253
35.18721432;50.5859668916328
30.29403864;42.22659264616352
42.81169456;60.88682401144333
36.46260152;38.303153096015144
40.38217176;40.478142301187454
35.11446336;41.716169073557545
32.77565472;50.12123848366405
46.67018992;59.189065058286694
40.67137928;55.74656890768215
43.42962864;61.57037502624461
30.62635784;48.55604230859219
48.89942304;71.77559980553184
34.57826184;50.20771320069776
37.72361816;68.53664805263057
40.41091288;60.80472369196888
37.30866824;56.08659426831755
52.90791112;69.20589966626252
41.97460944;56.85628242688619
34.8037;44.244828855706906
41.04950464;50.394288142664514
37.84936056;38.14168013092398
34.05014376;49.73360089360036
34.32587888;50.01193048841795
32.48554904;46.67334082090991
28.55160824;36.517615288724315
38.07210424;49.076167759325806
35.59138632;51.006939627705655
36.32069224;53.454189101757144
37.65445984;53.95686987359098
42.5997288;56.51034207054584
37.453272;57.84043619775601
33.46274712;44.74581413934053
48.87696904;52.684448515172384
35.81592632;54.370160222190314
35.73868456;57.274730035929274
33.28940224;31.19946124080993
29.7111328;57.24450313456912
34.93034056;39.85112399418096
38.96756976;42.885546696484475
37.88259248;37.7476780916651
29.93657096;38.52733227880736
24.44162808;23.455906507350463
43.69458584;45.99537741751048
41.81204248;42.50161124713642
35.95693744;39.506025687370446
38.53645296;41.783974576417585
26.76876064;34.9541412365009
24.5107864;33.125954234038545
17.82039256;40.05032865973359
28.14025096;39.04987517081573
37.59967208;54.00195546983095
29.34827616;34.92850678839329
37.61404264;40.15656333887703
19.07961288;36.77419264166493
37.07963744;58.735658652197166
32.65799576;47.00991070302566
31.32063552;35.840274955722755
41.19590472;43.367639630395495
37.36615048;46.88381459607756
39.06457104;64.55786554904083
40.20343792;67.90073309880088
44.37090032;65.21140860824667
39.48940072;58.64447410182168
51.6442;76.38467245203526
31.80923456;39.5792230041366
36.13028232;51.57731133712917
32.154128;44.40695216072964
42.70930432;51.54002452883369
34.41120408;43.31658660393571
38.4143032;57.7445227289844
36.3036272;43.723372902177935
37.23861176;53.03046267557112
33.14390032;33.451893522211
45.24570816;57.9112241561975
29.03212384;38.638314647062806
33.01725976;56.371247172411806
37.05538712;45.15344722632758
33.33610656;45.84593967209491
48.20065456;56.23575970624221
43.79787424;54.77764177357587
31.86851312;37.765502081330276
42.35004032;63.975733506283284
33.86781728;34.662897684288716
38.20593008;59.20353720358397
41.23183112;41.69870117028824
31.16884648;43.77839112219802
41.82102408;57.01225277680947
43.42334152;50.32480278542791
32.2080176;26.64675430522214
31.56224056;43.657206744956675
48.01832808;62.66230613979405
32.89241552;26.531100001991653
36.82096736;39.98205074080308
25.33170464;34.29567909858958
29.15696808;36.736958594894254
34.24863712;39.49468994553309
29.9446544;34.01965873044616
21.21364104;42.70704352475944
37.01496992;53.780070589701616
36.3664984;40.593255827057085
26.88013248;30.00661458557254
29.31773872;27.162812242102554
29.59616832;42.01262856019725
27.50345552;44.81993228293143
31.29997784;46.48965084457042
29.10846744;43.65077501062565
45.89777232;45.96262256440351
49.12845384;70.5950874669281
49.58382096;77.06044303611492
37.68050648;68.7149153111765
35.61743296;60.69268167212862
34.84052456;51.8446996653873
40.7944272;60.19944284451079
33.93877192;47.06599348205267
38.10353984;46.315711055088364
32.42088152;46.29331662713583
37.60506104;52.85685492853187
22.32286864;41.28056759803031
35.17823272;56.20126769245257
26.77504776;34.040912989224445
48.67667936;59.92770093074497
46.43397384;51.70940065606131
41.45547296;54.105149812553144
33.91991056;48.162693646977175
34.13726528;41.82307264887287
33.80314976;45.022466191263
42.42368944;52.024164253655066
40.02290776;44.70024893990489
46.64504144;56.05459534195253
35.11715784;51.85671541409973
43.07395728;63.9109831532003
40.24295696;49.74835176873909
25.90113808;32.354793018254384
35.01566576;37.226958020285984
29.41743448;29.943175667268243
35.9802896;62.613921697809225
33.72860248;57.87330720070414
29.280016;30.510390411581497
41.2794336;37.00163516692458
53.61476304;46.18914660026362
35.72790664;42.81243738997677
27.4298064;40.398806355179545
19.9122072;33.14783054274746
36.2317744;44.8725206595875
33.3846072;44.00183935311349
33.00738;38.39241250088535
38.9531992;46.960476256689496
44.2433616;57.036873230657385
40.0848808;43.53615017045308
33.9145216;47.01616094966298
26.765168;30.981053260900204
44.414012;51.79446242925865
35.0551848;50.92254444434489
36.1329768;49.535187360650504
29.9266912;38.95886706825119
43.4170544;56.555597219928636
40.5878504;39.919222950384885
31.8487536;39.75205255516222
37.8754072;48.1422626834263
28.7770464;55.35533253480419
38.2795792;43.51706276442888
38.1538368;38.35374288150194
24.1066144;26.68157758176771
42.9949192;50.0472084262966
35.7826944;49.58968158221118
41.4141576;49.685114012218406
30.1961392;33.01280120987598
36.7257624;39.092853924243165
38.1358736;28.933804868120994
39.8962672;49.85883123175409
38.2346712;42.93892495404753
31.749956;41.86519239850741
38.8723648;41.97058986757013
36.420388;42.12018623376054
38.5400456;48.46186932241553
39.5010768;37.844429174461276
43.1026984;48.554236445298095
42.1775936;42.63917614890297
33.4834048;26.55660092501838
41.2435072;33.44565983509312
35.3964856;36.4551018733573
27.61842;31.186445621197635
37.0580816;45.809447805538944
29.9805808;22.405534539002858
50.1712176;60.662510790506666
35.7198232;36.510669095838374
40.9291512;38.19872566781458
35.7557496;43.71110538804847
42.168612;50.850567615162355
28.606396;48.23020146620474
38.8723648;51.88261966544177
26.360996;49.13374813418357
36.2497376;54.252848902188184
34.8665712;46.932276801420976
47.3689584;62.73734923228027
39.0430152;49.21935172827087
32.648116;35.04690576816771
41.09082;41.39096745047697
35.6928784;45.182822588943274
40.057936;53.60521521572149
33.6540552;43.285410963883145
39.878304;43.208884385699456
37.3724376;40.94127792971373
44.2882696;47.167942675474414
29.8728016;40.29614603156772
29.1902;46.78464948990166
35.0102768;36.34696422230835
42.527876;59.45647656023879
40.821372;46.51972774006472
32.2169992;43.92461845229359
39.0160704;37.93427060281166
32.3157968;27.201367539937642
37.9292968;48.661268936268065
35.8904736;50.00227626828161
35.0012952;47.53689122833162
41.6476792;39.908548019925625
45.2582824;50.531380114351855
34.6599944;41.34064845944595
39.4651504;45.65720620619333
43.1835328;47.401645831237
44.6026256;56.55537735384515
30.0075256;52.29793857741327
35.79437048;27.158616200939655
38.4951376;37.046157552401745
30.3308632;39.381495914295115
42.2045384;59.69633518652349
39.7974696;45.66103579141966
31.0853176;33.62432832900771
41.0728568;42.72231728084818
25.14848;27.10194029628948
40.2645128;55.009999550032624
40.551924;50.03604624087813
41.5758264;41.36209599545628
21.3133368;30.388847694994062
38.6747696;50.11117369434981
44.8720736;54.62367527510613
37.7137384;44.71832308695627
34.9204608;48.437250151921965
31.7230112;31.3839011061551
37.7496648;51.99978388372943
39.1687576;50.69933984462772
36.689836;50.449246812067706
33.3307176;49.978226679163846
40.1746968;44.86033234159978
43.1026984;53.40401042480399
38.531064;52.17507645728531
38.935236;47.63170593626193
40.86628;44.94663532157727
34.4085096;37.32991048430062
34.8306448;48.36395166716462
38.1179104;37.84106491963694
44.5756808;46.75422395496326
35.8994552;43.706731282232816
35.6749152;42.94645860653335
43.5697416;51.679847193762974
45.716344;47.98296224422912
42.2494464;47.84954651808197
39.7795064;37.31527289610121
49.4616712;50.86485106695033
41.5039736;49.053290061186964
45.7073624;51.93067601233036
35.836584;59.45619561310124
37.8933704;33.94056351063414
39.9501568;53.77132681972153
38.755604;42.40943173542396
50.1801992;47.69874273256274
25.4807992;30.23735502732764
29.7919672;21.90607133590249
26.5136832;29.791799597818674
34.1570248;37.493752136008816
32.5672816;34.66026427237549
31.8487536;28.970975769881726
23.9718904;21.97660065252174
37.992168;44.032690741410214
22.7863192;36.88347185071067
44.5577176;49.35107081239715
40.2645128;48.16538945217939
35.3156512;33.597587698748235
33.1241408;43.363171229498185
44.6654968;53.506241095726175
37.7855912;53.16923958392393
35.7288048;44.527168867360565
32.9983984;49.31746175918962
37.7496648;39.41332098826677
39.8603408;46.740272800662716
30.6362376;46.30200098287499
36.3664984;50.00914891532155
34.6510128;47.72300143329868
35.3785224;44.914778118963376
38.1718;40.2961227565091
30.7799432;35.40130671565189
38.0730024;59.09354780596612
42.707508;48.71610300012724
38.351432;57.001854083486755
35.0372216;46.34272329422503
37.4891984;21.32321435846891
50.4047392;49.7827819509718
36.5191856;40.9441438112241
38.3604136;52.394667728146295
41.9979616;45.80419102693363
36.3575168;33.54014302323956
48.8329592;50.75059950516822
44.773276;45.220175395790626
45.9588472;53.369524723773885
49.4706528;53.8478560387831
41.5758264;51.979933845883885
36.9323392;47.447545841142436
45.401988;45.75094574968207
14.8286216;24.803625785123437
35.118056;35.425154764310314
30.1242864;38.69544011775716
34.5701784;33.04603064167927
22.9659512;26.661086809794345
31.3817104;37.070353594825
35.118056;48.19919815142857
20.7564776;24.98734129811215
39.698672;51.52679952187099
31.5074528;48.58705420995752
37.5969776;46.709570246972554
38.8094936;47.10995392252081
42.2853728;50.19710871982044
33.8785952;44.97715009422344
25.7233024;36.4955756943611
38.0460576;58.44008854002751
32.423576;41.449359435927484
36.195848;49.47702592681602
38.3334688;47.51493063759087
42.43806;47.87771970363979
37.5341064;47.63322291016811
28.3279664;31.435177136491216
38.2795792;43.05936050504493
37.6239224;34.92855737881376
43.8122448;55.34264543699896
30.9685568;45.804390361710226
44.6744784;44.654227237411014
25.2921856;36.64144254756829
44.2164168;43.7557531929149
48.9676832;48.879430168648376
46.2732032;47.87667886260112
20.8013856;30.684283250699387
35.0192584;41.69671256877415
43.3990912;48.797604000897586
33.815724;38.84698618302031
29.2620528;13.608014079997211
51.1322488;64.14946080996395
40.8842432;40.621118527491056
36.8964128;41.49676980367334
34.9653688;51.02208739532754
40.9830408;43.586782101588476
33.9684112;34.752520451585035
30.5643848;34.18221468129663
30.4566056;42.60958088762664
28.9297336;23.686662419052332
17.7117152;26.304578168027817
29.6482616;31.474921613549014
33.8965584;38.451036693860054
40.7135928;52.10015114750285
41.6117528;42.35284051049151
34.9743504;35.259737560834374
27.7441624;32.818379202495514
34.2019328;32.030333367644054
39.698672;50.5796088467768
33.1510856;46.99015714472048
33.7438712;52.09139401296067
44.8271656;52.49393104198625
30.941612;43.394862861851855
38.4592112;59.89474633167898
27.5645304;40.292478331508704
43.0308456;55.03074196194668
39.6268192;51.013011663921496
32.064312;36.976057435773846
42.9230664;52.28659248538667
35.6749152;51.14923938334902
36.3485352;39.23763881038774
30.941612;42.28712253040701
26.6214624;30.467447723469263
38.755604;46.26222399246658
34.0672088;43.34201967018043
36.4742776;48.042534411743155
31.390692;42.912737971601864
43.1386248;47.952190426515095
46.345056;49.98263723957614
33.7977608;36.952270752305374
40.4980344;49.975921261273974
46.0486632;43.49679765403855
49.2910208;56.05544614231376
42.4739864;46.61603289448434
42.752416;50.68543916403916
48.4467504;38.92550411774902
32.9804352;45.7457580592351
20.0379496;30.187829963495496
18.5290408;27.840533895124018
17.7027336;38.631052538444855
21.7713984;27.910512771952437
27.6274016;28.22788321644463
17.1728192;20.670194095979788
21.8522328;23.46935189224341
20.1008208;16.21102630719411
17.7925496;24.337537798380033
25.328112;29.440239966717044
23.4509576;26.481085502434272
25.3640384;34.79272779947148
31.4625448;44.87875668085907
26.6843336;39.19806496400818
39.5280216;47.029955432424224
21.4031528;28.278665055811935
20.7115696;30.351989381448156
21.061852;33.558881312633545
25.8041368;27.848747264484963
26.7831312;32.66953550973405
41.3423048;53.18907159384787
34.6510128;37.90472547366079
46.389964;46.93174312241978
21.376208;28.34217548377891
29.1722368;27.592554980997743
31.6421768;45.569398919431386
37.9831864;39.63398583988256
40.8303536;48.86383145203617
30.1242864;26.339412537203806
41.2165624;40.00393471052387
25.4269096;31.809120329205225
23.4599392;20.696166959522802
24.8431056;27.36587934187834
23.307252;26.740505006589625
25.193388;22.401370880367686
32.7020056;40.70677016806887
39.9591384;55.41340486727447
48.770088;40.49846052473301
43.9739136;57.59916274403118
37.7496648;42.74400199404416
43.2643672;54.72137487568434
27.9687024;30.827338231112364
16.3554936;23.36916933718627
20.1547104;23.82344366384222
16.7417024;22.791356138097818
17.7027336;26.308368236130796
22.5707608;28.36586655887284
24.429952;33.2963914414414
23.5767;28.13789327250283
22.5168712;28.883821850425562
15.6818736;28.575639309884245
21.9330672;27.41127175735451
25.1394984;41.01579321200275
21.2684288;23.66036661984635
24.1784672;34.091470221572095
19.894244;19.659881485813564
29.6572432;39.365856251942894
26.854984;33.687355525553095
27.2681376;14.969321988028454
20.65768;26.406953682436317
30.6452192;36.106980160667725
38.3783768;48.579719345727874
22.3282576;26.028187765854163
26.585536;36.356282620294834
30.0793784;39.01707180261833
33.5822024;39.73971404707493
32.827748;37.57148598041976
33.8696136;35.61381757292029
36.4383512;38.06073931982491
35.7557496;36.71014541107609
36.4024248;33.427385692392996
35.3066696;41.19843638696889
31.390692;33.635212651478916
29.324924;33.43778133640249
29.7021512;41.5153411943502
43.7314104;52.398259129269654
36.1150136;46.469338486304316
45.4648592;52.93946498160371
30.7350352;35.09661126053543
18.5829304;48.89756495635148
21.9869568;12.884982821009157
41.0728568;54.1014679589183
49.0036096;53.82519373572227
32.962472;41.600515818214454
15.672892;28.71015487793499
23.6485528;26.240895232548418
20.3972136;24.718169067605153
19.7774832;27.975059665751523
33.725908;33.5436749258567
26.2352536;29.971599744503678
14.0023144;32.84774444407585
27.932776;41.81127945462659
21.6995456;26.787995372307925
19.130808;27.6613071338517
24.1694856;27.86104018732434
30.3308632;41.213623681364076
22.5797424;34.93263749180591
24.6455104;26.044662481038255
34.7677736;46.897065690415296
25.8310816;27.356210165089628
19.3912744;17.554257241468058
20.3163792;24.942299946195128
22.3731656;30.799667632788353
30.2141024;41.068210875444606
30.9056856;36.06917595155371
23.2084544;31.9597948664199
39.8693224;50.359843317358575
30.3757712;37.46757582560366
29.6123352;36.579476549025294
23.3791048;23.63235833164979
24.8969952;30.939061430679498
22.1935336;22.03479000826878
35.2707432;39.11901872375707
41.1985992;44.21913019842727
29.9626176;38.80997221964361
25.8131184;26.083330644478767
41.3512864;49.45279060611684
37.2466952;41.50918349005192
30.5284584;35.315098808515714
31.2739312;32.42477981688616
30.4386424;31.93648369511657
26.0196952;32.2957412907482
34.9743504;56.61711771184638
43.4619624;48.74508110721931
33.1061776;26.86191035244459
20.3073976;32.25058983911837
18.2955192;22.37285301896889
21.5917664;29.91009490213454
29.63928;38.74960107825778
26.7831312;32.021250523901855
25.642468;30.533906194691795
18.3045008;22.072560611597275
30.4566056;35.57203979515903
19.0679368;26.56019331546897
28.0675;27.309885608722894
29.3967768;37.82618672623105
28.74112;36.70640214343884
32.9445088;45.75319317905795
29.3608504;38.777895011381375
24.4658784;26.72502317889615
31.3996736;41.72535527409904
23.531792;28.58227069814975
37.7137384;44.340291908026295
23.3701232;28.053387199608007
17.0380952;23.03688040979948
27.2052664;26.67825771848219
15.583076;30.396431674235053
21.286392;34.38628183228766
23.9449456;27.121155953987166
22.7324296;20.304176346602716
30.7440168;37.951654503367045
37.1568792;42.59456985595596
38.39634;35.591153893002506
37.4622536;38.80005900419594
22.6965032;20.167247012463854
30.6003112;36.09137153683813
31.5793056;31.86921967727019
32.962472;34.743516834156274
23.846148;30.382989077739655
28.3549112;38.965647854772314
27.7621256;35.27664126488359
30.0973416;40.35619663856033
33.3486808;42.551950816377506
28.3459296;35.70949625086775
29.4955744;39.63845457144977
36.510204;45.05020035846035
28.51658;40.93721994333836
21.2684288;32.30071108054764
27.932776;43.177715389001364
24.7532896;35.361642618544494
22.6875216;34.897998985492606
28.0405552;27.863477671409306
26.5136832;23.925140856599732
14.8016768;22.898570806924873
26.7561864;33.21399367873425
29.4865928;36.47739208053497
22.7773376;29.798708275535585
32.288852;38.7066177555079
24.385044;30.77154999549936
25.7053392;43.34282057396176
32.0373672;35.24497653928059
25.9658056;25.687032144797012
32.3247784;34.11450950340315
20.9810176;23.041031479761152
21.2145392;32.49011606041008
23.1096568;27.089904502146286
33.815724;37.26261448896749
33.591184;36.858276353147936
28.5794512;30.245923679610094
30.8338328;31.714749118892
21.1157416;29.845670544140372
28.3100032;35.00173165931816
30.1063232;38.13400773044773
25.2652408;41.904592690147595
37.1299344;36.72207375851982
23.397068;6.869287911636725
25.2652408;35.910993134843196
25.3011672;23.211206265167863
20.5499008;30.325870782919928
25.6783944;32.97729125808437
28.7950096;34.985616616974006
28.651304;31.429233531711695
37.2646584;31.854226626670076
35.7198232;48.13325525402204
32.5223736;48.802671579024164
40.6686848;54.831929862058324
30.6991088;37.50160905057215
35.7737128;39.31074474178903
31.3368024;28.360526343617554
19.0859;29.312225797830614
32.8546928;36.05642341662287
23.7293872;24.33739316693204
28.2740768;40.963244058462735
37.6508672;41.18528595779397
24.3221728;24.59569285065743
19.9301704;27.597319032959938
35.073148;44.44715673776076
28.0854632;40.29636806939882
25.8041368;32.67652850748137
20.3792504;24.20958506735966
16.1399352;21.84865646672528
29.4865928;33.72397644406633
19.8672992;20.356515732443086
25.4807992;38.91873992200692
34.0312824;33.177486279259746
28.0315736;29.444211176109526
42.4021336;56.2730011113451
23.9898536;30.4505176330109
28.6782488;37.07471168538967
20.7295328;32.15293303793005
44.68346;56.24488699850678
20.5588824;32.666864157379486
35.1539824;40.80267152588703
23.6036448;18.078199630118306
22.3372392;23.63911223040801
24.3491176;28.552541120868163
26.8370208;30.343590135682113
27.0885056;25.978818217217746
29.324924;33.83394066703761
33.860632;41.526448316973905
34.1121168;36.23116658081205
37.7586464;39.8164040154387
27.259156;26.969702654337702
30.08836;37.79355317373577
39.6627456;49.04715355416581
41.3782312;52.55169834857593
38.2077264;49.09436874942161
40.6327584;45.926895857684805
36.2677008;39.716143564190894
29.03698303;39.887323550274054
39.82379873;21.168625166071614
39.85104663;35.32931297731951
32.77524762;51.926776334033306
45.33277986;43.654220842090915
45.14099471;47.84894052676123
38.49017384;26.06593894951404
7.887211612;20.502875763877306
19.36189143;17.344484109736634
45.03832962;60.82793608850716
36.02502703;5.959097947434508
26.45453611;16.619591042381174
19.01993333;22.411450533615515
25.55207913;27.170576118650978
18.92847399;16.527353559348306
20.37164477;31.653436458562986
54.43281549;62.08163791760726
8.553875538;31.971588713197075
18.84380171;15.003305945515876
22.47977671;32.39629196580013
35.30734502;22.881756994876614
30.54923757;13.940469919850607
29.59888701;0.25915833913487774
23.25248755;13.715843663305428
28.61158641;46.23476267591356
37.43421942;41.06862893936673
42.66149954;48.993704015246074
39.55471285;19.27157087991486
30.23238835;-2.473114207650191
57.74976785;43.40367836523114
30.75857219;11.73315593745383
48.27843915;18.395133364454114
32.16249201;45.55102873406688
28.401657;43.66471893944516
55.23631801;43.02232699555969
46.51556379;56.20716260138672
48.40281993;56.760877713432954
24.76435079;21.603978283953378
47.24094552;29.75602876392153
21.49987395;37.86218915062257
46.06458045;29.375405449712737
49.10288477;75.16131304750519
44.20859178;43.21974657378571
8.8201491;18.681520195019893
30.0636545;17.711570850079532
26.6981223;27.906322536610936
19.007545;35.11112655921303
29.2398225;-9.595666243222418
29.7678678;20.212314506757025
29.8042623;26.288143546277432
29.4200929;30.263522901325935
29.6248624;5.472830826200571
23.6001993;-11.795830920375245
27.2118078;17.735692759164372
32.0045637;-26.191441351458288
18.4333902;-18.747580903791942
27.0877439;-5.296567988980179
26.5075625;-8.19395420900046
29.4200929;-19.817154089948083
28.9160377;3.907044636113561
30.6091605;51.212078279054786
24.0875017;29.994756644037288
18.2845829;10.948321691768705
16.6526091;64.58505855574128
22.0629308;42.48991422379415
21.7803682;5.0116959466092155
28.0560533;7.077337722383639
19.3598966;20.13278431997491
20.2066235;31.94752652856667
20.9780748;20.664932831350505
21.916726;21.904455606557086
23.0663997;25.250277599417693
21.185161;40.35818998033995
17.5969486;46.96862971156795
0.1203567;20.823358671877862
16.7258445;73.68019136178916
24.6723306;8.003517297073834
23.503091;30.948216677284222
22.5682286;26.88080349535442
21.3595053;20.091306220678852
21.5183369;21.417258410520333
19.5402631;21.312073208403554
18.2998726;29.243327801031022
0.1784969;10.615315598513838
30.1905493;19.617841710955922
0.3146534;10.395777187047734
23.2531352;32.046410271512165
19.6191276;25.82081715239098
25.8774134;27.682825292549545
24.101768;-125.86813008355864
23.6841701;-9.005195656655836
21.9450733;-16.149940557141413
21.9377347;-30.60785761409577
33.3139786;12.568501545679595
23.4790127;-18.377587038652514
15.567914;-66.52299398088775
27.605526;-3.980101794812164
12.193348;30.49466955064286
16.1589831;-86.75737412159111
20.4443323;16.07574172826728
16.6105049;3.268733164482448
19.0562526;0.2117674611080318
18.8640566;11.126948257879832
20.8830575;22.735361523481934
12.8412825;12.983892180614127
11.2985089;18.663809878544328
18.382965;-4.071032546288741
18.38124;-30.499928117242938
19.3355468;42.28364390283516
20.4442918;4.046513096154889
11.3583948;8.973565486969598
14.6950983;-27.455506314822024
21.9782167;25.21220334134235
18.9699349;22.229969123790845
12.6598454;4.344131912012763
21.8401098;-28.427865858607596
27.5121973;-77.85995961513183
24.5542822;-1.8328413188606945
11.8845059;-1.897229649270031
11.0235986;-12.585476032352524
21.1332992;19.555371172315965
30.4423417;12.103118287617612
32.0517547;-20.503916302876668
30.9736701;15.084297076563935
13.8571284;-7.093681889356084
12.9656916;-3.620584910958833
28.7447608;33.85326973159143
16.9206126;8.159633687445954
18.4633128;0.5696036575841319
16.4704836;5.624403429012993
14.3658934;27.130479190655098
8.4823533;2.9856865271031623
23.7265656;4.264131768306946
26.3562276;29.53584611542329
25.8151823;0.6775695981046042
21.2267941;-1.4008464643603205
14.5366298;5.670805183137894
23.4817949;-10.836597043440612
15.2596657;3.315632033834497
24.3649521;9.646732850429025
24.7827037;22.352164468397746
23.8949892;-13.619822251797821
9.8886464;15.984109090825353
12.3328682;-13.522118300720201
19.0854809;52.757044801513686
23.5639118;15.638071917177847
24.7833039;12.042185007574027
25.0134447;-65.49349134443912
20.2778424;52.808923278576984
23.9484151;23.71955078379144
14.7011521;22.20717082114614
25.219413;3.3920892485522174
20.4758822;13.638052937647437
24.2280451;11.376143646014604
27.6979267;49.343324438767674
24.7011503;48.13362541643752
20.1049285;17.95167820559336
20.8528217;7.138045420344511
22.7597893;24.891624346488378
24.8543198;-24.30811439194958
29.3295386;5.4776583105670795
28.3729715;27.933731471620426
27.815069;-19.22412145999651
17.3473309;3.9404981882554964
18.6707217;0.6458651427851905
21.529338;8.982335587102149
18.9122514;16.202862583377048
17.4410839;36.97315626680689
25.4731171;-34.28204603324833
17.5493482;11.407511867771554
19.8948245;-14.127992436107668
25.3710765;-6.033867416197019
17.9132952;6.869492859531007
25.2932327;20.02034542737495
24.8043189;11.939673788913744
26.0081546;11.47836474902686
22.4791546;2.594736825248013
16.3412595;42.51833417682237
16.0005598;-66.16047609185736
18.5244328;78.35383404731164
22.8467776;-0.9305215770492694
22.8343214;-1.5997649902402387
24.5277361;-7.004818858377526
23.5635132;17.90862700144364
19.4144401;-12.266870699313507
20.8079332;29.02852514438171
19.0272507;52.35899884228468
20.9923581;43.79877059713727
18.8024965;45.2330313671883
21.4042736;39.991777728490675
22.3354253;-2.0675566218125496
24.0385779;-10.00990252594108
25.8363029;-6.374853664480277
23.8566796;-0.7277855619178197
18.9668351;-7.461335542147985
22.3526531;-2.50517812813127
25.2125424;-21.80697103367013
21.5146049;-14.55228468796171
21.8687886;-22.151720754864392
11.6411375;-8.251526814938366
27.740063;-29.753835795696126
23.8602115;10.063445152794493
18.6447066;19.67826440209504
23.7801556;-41.75196998927519
15.8253574;18.693106556546855
25.1038353;6.600777648993166
26.4414765;27.789912513289238
26.4625457;27.184667709896367
16.4861796;18.162593945817257
25.5827864;-41.17026018772757
20.9016697;2.079213226230891
17.4946463;9.241973913983934
26.9306654;-15.877467343229306
14.2289089;27.85625824965873
15.9943823;16.906357401380568
21.1433176;29.71079960090872
16.5189008;15.12045434075079
21.6244347;1.9387558151056439
18.7280518;12.221649182235062
13.0566697;12.365160296074531
13.4416949;-42.67956634181318
34.4877908;-3.979616041992749
17.1186269;-1.0120086072429402
17.4790548;-9.312448512292157
18.7322678;-11.000736173554323
27.1706949;-8.108212004134693
23.7480373;-4.799134230803908
15.6418138;-28.32860757242802
19.2053792;-11.161772433626119
25.4009884;-5.082833018699354
12.0905165;13.060693545614235
14.5405954;34.36209265719034
17.7152963;29.94185712539936
19.8983684;13.599018787837473
25.7082187;23.53054795146774
33.8704846;81.96016335770193
23.0560059;-6.841015907945639
29.477088;19.677278286742215
19.6422626;8.503641868410703
27.2485094;20.656011996365862
31.9139834;9.047981208560834
24.237156;18.988661053298053
25.7155669;8.076791885564624
18.7921303;-21.293462557462398
10.002799;2.7222615021524845
26.3661717;-22.27790740423459
32.849688;-15.027318726204875
26.4104867;-36.94706625516165
24.8914973;23.19568573931209
24.7878688;21.38476460101966
28.3837416;1.65159318956308
29.6271934;8.672117628244216
20.5002862;20.996857077072285
28.4337753;18.834953942268506
23.5948822;-7.344463062377578
26.7378305;39.87917109998367
31.740384;21.64640102325533
27.0647465;37.54994950889219
24.7105497;-5.577966908542116
28.4912797;17.08477249806797
36.0674;27.052779401039302
32.7696411;-117.16029777241656
30.2587179;-25.952260769128536
27.1008098;17.729909463757906
22.9184361;156.21602190159697
25.4753491;-0.8394167091770584
25.2063093;-7.521617101009397
27.1306422;-2.737478504001068
25.1613254;-4.3661388310666
23.4211164;-7.958045250856642
24.7279221;17.379218373064894
22.7147864;34.94844132982259
18.3010473;-8.70764127840463
22.7749796;21.851640346266258
15.5048455;17.48401131101121
16.1139605;-38.41326841995785
17.8018778;5.790589428992995
14.7296259;-31.02264454348181
10.5368678;3.7447705269222595
17.0350989;-31.37326836469129
9.2925911;-18.70820520408646
22.749655;27.738702269957777
18.2224003;7.039383708128938
17.2297979;19.942814435278926
33.0668761;45.68662780543971
36.5737353;-77.41372904942378
17.4021026;9.692373825875102
17.2252522;29.331286708804228
31.5601393;29.0726712566063
27.9356043;26.001927181256967
30.4448321;25.451812905703555
18.6822674;26.295966305785562
32.819832;-46.670837746774346
32.1839279;38.182972298283985
20.9359767;39.139170667036076
30.5849432;-34.53313309637375
25.4822964;32.71830213028513
31.5217808;9.467636040585425
23.1923577;25.451812905703555
31.3122601;25.588762254091485
23.865143;39.75887737445538
24.8464343;5.202758267863025
29.4123555;6.904494045250509
30.0713357;24.73933990475674
20.7835822;16.750323899235035
22.6849377;4.047846555639602
21.1824974;30.2101037693456
25.1081322;-26.931859972916094
33.6923403;2.3693891459020833
27.6274092;41.08233650024169
25.5794979;25.676538195903294
21.9177055;-12.892683886834298
22.0443508;43.29812854976833
27.117521;30.541776212826306
26.6517294;-50.070922456866505
14.9192596;34.23422253908738
20.3286998;40.03935388071351
28.4076197;41.872118213386045
28.03085;18.451838929127995
25.3203144;19.428819725659103
33.5809872;33.89098989392688
14.6955712;35.83002273002753
29.2197383;18.4499410198137
28.4342529;-76.99738505357342
21.7445789;44.656695323288254
14.3034502;42.72906434008569
26.3723247;-76.82950085013223
22.2173235;25.29522756358171
22.3824361;68.98329907844186
28.2703497;20.450653027624547
20.3167525;5.743427717509228
25.1090274;20.251438661488127
26.5111677;8.671929280833801
24.7017206;35.57598844760883
23.3946189;29.21559614651089
19.5195251;36.1100078021714
22.2226751;5.468044184344272
16.0160135;-0.5479684530193722
24.8486436;42.03739915239631
15.4432538;-2102.750580657956
27.8629911;28.58817434666144
18.3656463;6.2142398940998405
18.8484682;28.75381336531597
27.2630507;-6.379010123612694
15.1890275;-13.205238072319197
26.2974583;-2066.5867998839185
30.6487033;-2233.6135840869356
21.8028278;4.355787944017173
20.6757064;3.14106220495659
18.4058734;3.1221833919765274
26.0212295;13.783965854642226
23.5316509;-8.863984202013349
19.9847988;26.56494222642987
27.4625057;5.810240879422373
28.7997783;-3.498213779878121
24.3518135;18.549375889220777
13.6996428;-4.806063377100806
12.3695706;-4.672852874009813
24.9866824;37.42738751723473
22.3372963;24.977089364569913
24.1739317;15.506274510478995
22.1376206;-0.2569758991491895
27.0354829;10.996292533399636
18.1899042;-0.982237710424755
22.8639542;-5.710936313673251
22.1540536;5.3390510473905195
19.7699049;49.88696677426098
25.8542101;23.632924996432898
10.2141542;-6.174324432442013
26.0485003;13.746059446780968
15.2901871;10.679964990911337
24.0932208;-9.352542574267297
22.5233692;50.759058822247134
15.7773045;20.886921078594305
17.2683218;-23.18716218787626
26.8053436;-4.253634479434886
20.6646983;-9.720968387861383
15.2405601;17.301775691365314
25.0638747;1.5788861061136927
23.5984567;14.390018822026079
17.0749185;21.07362569750827
16.5891393;10.377870974694325
14.7376116;5.988539213262918
15.2621151;10.218877420746857
16.1507921;18.150663753655017
14.6235725;26.062747437132472
24.0106037;28.20930806250967
24.0454969;24.858402230755885
20.3714077;8.36638881863319
18.4066916;-0.9010901106988811
28.0182775;23.689938936348284
28.4535633;-8.430770299411698
22.4892048;-23.854666860019172
25.9947626;-2.7912373128622576
24.177666;1.5790646527763172
24.5122224;7.007173929480011
24.5034588;13.190761465883888
17.8422291;-2.3772259604579844
23.4466925;-30.608835382628094
16.7720298;15.191821411426936
22.7050704;-9.109070394380218
20.2942254;16.613958628410273
23.8263051;0.01819213184730728
25.7403274;9.212992870395354
18.918016;-35.85076790136177
23.5568593;-37.62386650416793
19.8130677;-6.817599312423617
15.7037323;4.726153712398805
22.9680733;-6.692164943455829
24.7359868;22.569444760176435
31.479342;32.597115308763165
21.1080541;40.12655071987057
27.9140628;14.46431554570136
26.7953726;-2.1895725477250565
19.5730771;23.182071091234707
26.9555598;-0.10829898883005029
29.6902989;-4.842242889402975
32.2526884;-0.9199366655337329
16.2875428;13.1722327178183
27.5560675;-42.24121269133875
20.5470267;-9.16251204253286
25.3411383;-19.90395952631099
28.293755;-34.940860745340224
10.4854703;10.84955748199382
21.5288731;4.9845710693743115
25.6044675;1.2115640319707595
23.0124221;-28.78028112276565
27.8104447;24.244684321298784
17.7264282;18.947052485125624
4.0405134;4.237027772119141
20.9605233;11.93325117279604
23.7332519;21.630536106404165
28.9468705;-47.550232132865666
26.9507108;-2.3769212831918836
27.8759696;-1.9671543906794895
22.9000732;-14.200191420738157
23.929701;-13.233737811049004
22.4972219;-43.86149258084959
25.0388908;-8.27213480885056
22.2035619;-15.74410102016683
19.7002912;-16.945025923884806
30.3048396;-47.64459753972259
26.5855006;-57.959108605835276
29.2286548;-5.15936680754195
23.6374648;-13.833456884935096
23.1714746;-14.151129012051719
20.4983992;-13.68959568142774
14.6185935;1.6412696148394943
23.2362908;-46.887840202077236
26.0823754;19.36945522177978
23.5932657;0.7633530914174216
24.671864;12.395658500027444
18.0349762;6.550494001817945
18.8416377;17.43016235927815
17.6188919;5.198314287543589
21.3654071;-8.346434405870106
21.5099773;9.721716670449688
23.8874668;12.042036619325465
23.9641354;13.990844453072633
28.0256964;23.43870911313223
25.8593339;20.727891980331826
14.8207158;10.900664993522092
25.0435935;23.09262753731403
18.2305843;1.4646573631264275
21.7874011;10.962157508634714
20.9461529;22.552880169819552
23.4122446;4.915767922998434
17.827178;19.916475031918836
24.6863976;25.7990896154925
28.1087702;25.399283255072866
15.5770872;12.037086978282865
25.1194832;10.662589101750847
30.2937381;5.4309650701592815
14.0799878;15.977592501930879
32.6910057;-12.251292314908575
20.3372876;1.9506135584494686
29.8343186;-11.586203296699502
28.1115846;17.644754427190723
21.9176711;-67.97193271699854
30.3325656;-54.06028595092017
28.7613723;-0.8146991569380546
30.1866451;-23.38967091955923
23.8350406;-26.370615063836944
22.6519927;4.774951239121812
23.5639284;-18.622924437569402
22.3476486;-48.69051296960331
16.1418311;-4.249084259078657
27.2504435;27.0467707596853
24.5737124;-21.02423460884672
26.5354766;-24.347025822081186
13.7375801;3.963996274514578
13.006125;70.51996511424187
16.7999644;45.04295255761795
28.9457752;2.4619523149048987
16.8257389;-7.687840100312492
23.247423;-6.135147666832786
22.288976;-0.6815477652503645
18.2355868;-3.1895897841020897
22.1931554;3.0686636825508558
18.4018078;43.966634081395036
28.8690519;-2.494776956807222
23.177654;-10.400832077385225
30.1846022;0.8692389271911338
19.7587888;22.117780916337765
31.7771501;7.9541118492210146
27.8528893;7.223540155762429
33.9383602;15.927812019760346
35.7862253;13.554308887833507
29.1808882;5.048474517313402
21.9967899;-6.6249050882030005
26.2101834;-7.627962152362024
20.1904228;25.922408619574583
16.075038;13.690402576905953
23.579372;22.125972171045866
13.1282234;22.67877315937948
22.2307674;43.36195696045926
26.1956704;36.72198701802396
15.3817848;0.18084384802287445
15.4090276;-0.23667572541852877
32.0667472;27.969213137995276
27.0928657;15.192936138791246
17.6191921;-16.186366309105757
15.4392606;13.147032982289538
17.7634438;31.777099185875002
26.6941807;11.241637273393032
26.5877994;52.81818206924756
24.8470543;6.781871493512611
24.2479184;45.610657289295204
15.1845147;54.41417734828816
15.9702418;32.34823002235424
11.4439558;43.244782867145354
16.0124081;46.00157900578604
12.9559773;49.06602528235962
14.7248979;57.60754246051694
31.8834956;35.61210366903379
28.9161584;35.09156238542544
15.3227085;34.878307882135516
19.7161231;34.52969569880563
24.1862003;59.13839314591366
23.3040313;36.59401747184605
33.8362279;46.96937279273299
26.1912528;64.00501314443062
9.9003896;39.0413003237092
27.0762277;64.46810494094257
4.2036738;46.071556997805935
34.4684679;39.87578919065281
10.4058766;25.762342689746355
26.1532541;-0.48078457355749293
17.6001717;-14.14175848979415
21.9249875;34.94965764668717
15.5645663;22.105012249122773
23.502834;29.659934792313656
17.2075454;44.41690226617979
16.4871003;88.8901603492258
26.1236346;73.30860900054873
27.3389724;62.49710772473204
22.2534194;-218.3687517702784
18.7009977;14.26344506604331
24.8974678;27.286688696313107
23.4838589;52.85678281061947
21.293025;74.0822395866854
19.1345819;49.79842031608166
24.1780491;36.49132110790277
17.0775692;48.2798408534416
23.3180744;10.72446396634924
17.1924292;69.88156348757627
14.3492281;58.37647796416053
20.1112922;55.88682782120233
24.8208568;48.50870489028457
11.1488896;76.4588119665051
28.2955158;54.611662845324524
25.2718221;183.4775894953728
18.6577713;75.91867682933389
26.1427265;89.13733405430196
21.4433524;73.42154147694592
24.9255079;27.036210769874412
19.5538006;29.86115320907667
23.7801802;3.732122682777664
20.4853205;25.9605781968803
19.3384882;35.52566550006864
15.0993461;67.01309494803027
23.2628733;59.310544932062776
17.615257;-24.696634070897098
21.7585039;6.946901190732724
23.5232001;58.92615605842101
7.8126526;40.89452906247298
22.8364063;4.695016973658873
27.6355207;54.09072182958243
8.3469151;27.11649361640388
24.3067843;-6.847127302131746
18.953703;5.210538272434029
20.2369384;8.452065668776207
23.6683847;38.30037018180206
24.9402071;27.38029816710874
23.2023083;77.60510234088494
27.8222269;117.2441779093783
29.6955691;90.30257472857912
23.6499013;93.68742928084882
24.0982529;28.057101895684035
23.6714745;25.35862504907829
25.7377163;125.67210894229447
27.6566451;43.17843274951638
26.6767258;2.744153596203141
18.5352254;22.41640643391829
20.765763;38.489284139806685
24.5745673;20.937178973826796
22.0822842;16.71797184417896
21.8244309;37.6762305706496
27.8866281;49.454967488814496
26.7540785;58.73694433713262
12.3082358;62.95725429622308
21.2927147;28.23287081460966
13.1339986;-5.13883494713231
25.496181;49.95758284807018
24.311759;18.776722365686446
9.2475753;-4.290898005230638
19.8690287;39.677971081023564
26.215245;52.108652060849046
21.8527658;12.950513688284751
23.6914001;18.592041654998706
24.8949772;-13.783352223743783
31.0939927;25.142810099961345
27.9287664;43.057471563277964
16.5365629;79.61903557847779
12.1043057;57.661066671267854
20.9330887;35.188039163010465
12.4184523;21.50133222200737
15.6692346;91.50438528015232
16.706474;41.95711714499756
19.4241165;49.86310310575103
12.0509997;48.01739036768569
14.8074822;101.53981640173791
11.6378084;80.76237038529206
8.4062217;-0.5719099237584899
10.0785046;-25.10376473274662
21.084115;47.99718674042858
19.4939448;41.82358678305692
17.4242569;-15.868972899274347
22.4892267;14.777444044182552
19.4904591;54.1637900374049
24.3546248;22.80427297590964
10.3741997;42.24005668805315
19.9525522;25.478282345210538
17.5262358;36.57026546881897
18.2560042;59.19186405308658
21.1965243;16.23056852101916
24.6721629;24.898050192074315
22.2504907;46.09422222792784
20.7897795;43.04038320578342
17.7201642;47.19789334387342
30.8341847;39.32488806523019
29.6270816;36.40867812635749
17.1053665;28.28185045960614
25.592805;-2.414120775267456
23.6939192;33.51200995351258
15.9291354;23.634733554213874
15.1108667;93.00366030466066
18.437238;-13.752905495586973
24.4554686;52.23385362137048
27.7436684;8.245983349247169
22.8762734;34.51207789230431
18.7563163;34.59705090440013
25.9310697;16.874068951493747
25.5869201;59.035324484211486
34.3884381;-23.645180401968155
26.0862874;49.159334257948224
22.2433777;43.69752898998933
24.9927696;33.96893791542376
26.8249995;-5.1639093779706045
25.4493258;15.743531281551647
20.2254146;-42.479110741622755
21.3796353;95.8492529678553
25.0582123;41.632364766074566
24.6083635;-157.4224564202408
28.055596;7.9114115621886825
27.9057016;25.98981422268874
20.2640183;-9.808797939190185
20.78384;15.467493984517663
25.9793321;25.912264057650766
22.2206617;17.56005672915625
22.8870339;36.68857144606452
25.4369428;59.555672415759
25.9332319;9.80118349017004
25.1137679;-5.667336690170977
28.3204504;15.270513678166274
20.2568024;3.7950104695466607
21.7885494;25.1290392589818
26.2007934;18.15716830039249
27.6385171;11.777572042556208
12.0377814;47.48355353489599
20.8861857;48.88486356701515
27.4787602;16.7350245040653
18.0589519;2.6066650849131676
8.5774432;48.24489997079318
20.3489057;44.20559466688906
15.567882;9.729841524309258
21.2199847;-22.53430185440218
12.2064547;16.84190513081534
19.7240918;-15.966942855395509
20.9358918;32.11880562889066
21.7186752;24.684794080148542
23.5263586;-5.8610448363685705
30.1211559;27.921411484260766
25.431462;11.521421678914628
17.117152;22.56334684891649
29.0485489;12.274593003916287
11.2941042;55.243148571480425
27.3336976;27.08338727380419
23.5892143;17.5402146469091
19.705222;26.03905708458305
32.5549798;-8.354634259644207
31.5653339;18.85948022516066
21.8491031;49.19945818031345
28.8624667;-1.1659728691828732
21.832101;18.66915298121703
32.6985217;-14.366946767787432
28.51123;6.874020848107129
16.7376115;-13.42805774072773
32.3657499;1.6334304687160497
24.6316391;-36.214899017426525
16.7780746;16.78873623236867
21.511324;-3.226124343956805
21.68201;-20.26935652607387
11.1177925;16.687131204555982
33.0754826;35.00100443316419
38.5092639;78.41771225108582
32.9209687;52.77094980118638
30.8424624;64.26420879874158
16.1887146;68.26837453775569
24.1026291;17.202875252050795
33.7119215;16.367956098783644
29.986342;-8.066442056748947
26.7730552;11.37591781123097
29.4792528;11.384745122958513
27.2233737;-11.065980196487068
35.3692881;-4.430797722753489
41.5935764;34.65393952560973
15.3781589;72.86038122101506
23.2027954;8.894186845744464
37.558846;20.88850573770025
26.3289155;11.52272936949003
25.5997427;34.79718840303195
17.9205301;-6.964891445726174
14.1747138;-10.112094066163685
26.7283026;60.67466372266608
15.2462853;-29.010731199190737
24.752183;-14.21756902364455
23.7461887;33.79173393257327
30.0230821;-16.83908677441699
28.9832564;-60.56165638235772
18.1240534;19.062921685184556
20.873332;-32.174533849349395
27.8321637;16.48777916171987
17.7525114;-6.9794938448341455
11.5612211;-5.375200745949975
23.4441069;-41.981388946510585
16.2446366;-25.099200048299885
22.8463787;-13.295221187314901
27.1676031;-39.031348116632735
23.0661857;29.511164292118654
22.468709;45.82038261882893
22.1223658;35.980087814880925
24.5237301;-1.767196143645556
28.8764604;5.69224324511233
24.2630638;10.602205954379976
17.1973042;11.527448825809067
17.2243269;0.2722256476306981
25.4914645;-0.6482673538266042
24.3791231;9.328686611404741
26.6587865;8.814140938121675
25.5919824;1.2403316334531311
28.172144;-33.29572256402705
22.4823066;-12.04900031157522
20.7955628;22.260982439259486
18.8661964;23.944895203212717
22.9615158;31.621588998732868
22.6264816;-32.193538269783296
29.2089222;-93.69492786016062
21.5683246;20.94261410588937
25.2339142;-35.33726256079891
26.2585934;-28.93869971081157
13.0744696;16.75970579343049
15.5496556;3.945379891003789
19.8775228;-3.118502702072597
10.0022603;16.116953150136887
24.4525143;-11.241662703466297
23.4592779;-32.46207946864215
10.2114941;7.715705878176003
24.7862895;13.662024680370784
24.6859707;-5.198882515141499
15.6426725;-3.325347281992812
20.0397746;8.422431914756793
13.5247095;-6.8832618938254555
18.292371;-13.18924316912706
12.5965732;7.147742815537519
11.1638258;3.381239256210499
10.2548718;33.65564284413694
15.0201503;-15.775740908662307
18.8101063;8.031549071213867
18.6700682;-0.6330422270172633
10.6295074;16.507029203137634
13.9037091;20.945628778217802
16.5275559;-4.6873126534328335
20.3076951;37.418139814095234
17.9864471;7.397384137185963
23.8139775;6.268939357946913
25.9163635;-7.893574511111275
18.0669958;3.251543156820553
26.2140255;10.612462656165455
17.6020545;13.400201409440605
21.4301154;6.476511590170865
24.3902857;38.28719346134502
19.8652435;3.5629035889497445
13.3731383;17.041337391614086
21.3715575;28.313386249472096
22.6267373;30.64156250828149
27.7450314;-33.52674878334708
25.3481301;-2.6493558685249425
21.9962322;9.307133905434817
24.020664;8.70053280970452
24.0995312;8.687751881300436
24.1362261;-7.5334049189261165
24.0608721;18.123570558001425
23.9669455;4.732271568329644
18.2962347;49.45432152717305
22.5594184;-6.976325615088776
22.7315469;21.441860797553694
20.7629457;27.540105853538655
24.0437899;15.918202611223983
23.7393552;12.51844954691709
22.2859834;29.244114557512283
14.3464407;1.7076239747883548
16.5850785;24.602863358817437
12.6620112;24.585421224929313
13.6010794;48.40817362988796
15.6208751;8.072964510033493
32.7273352;-38.489829377837275
23.0683023;-10.146701624230936
18.594911;6.625575915412604
39.9034809;32.657036016041346
25.3297027;10.38161007702687
27.142633;27.102640747278663
23.9292136;5.2643082069846585
24.7808074;-10.858686587412947
25.7996721;16.054082394106707
18.3174393;-36.981219204033216
24.2840432;6.099972374095437
27.0882545;21.380224231088
36.5658591;-4.149751083800389
34.9243348;22.154972633084178
15.7992959;35.63439849931535
20.5669435;-103.96913213799556
38.9010668;11.794186029393437
39.2748148;5.876616795510181
38.5719117;27.15061775778845
41.8420727;23.338756267196374
43.3743211;24.846807325212097
33.6450543;19.081003590224277
27.8807492;32.598162787327894
29.6424696;35.29885501371701
24.8607998;111.80348812013432
26.5478061;-17.184860658085377
28.0023501;6.853466123448534
29.4456169;-17.401682148447733
15.8950357;2.388736177783578
25.1010076;-20.186587189882673
29.4739705;2.2083991523308484
22.1194234;9.967053164295166
26.5193204;-2.7374920108951315
24.7683901;-30.765079860595854
24.0495823;31.332720930027328
17.754189;36.41291366693562
35.9519219;59.416671779040584
31.8519289;36.09420123636034
26.53455914;86.651372297151
24.61056188;91.31208492634198
29.19256296;92.11476164460822
69.23122536;120.444751767739
39.88255961;71.92633577927234
29.81230284;87.85125951481612
33.43353284;74.13325560847781
44.16570623;106.37731972059694
28.6514213;75.9801600901566
38.71993027;98.76724473326351
53.47092186;75.43077864850383
29.94009341;65.94462118323577
43.83584243;65.6531304728972
66.61921769;139.08886194073807
27.4779743;96.92102460590581
37.4778883;83.71873551768095
35.37606477;85.01159579281043
33.31286304;105.32969897250211
48.13514679;112.83407055469084
41.99208337;88.29021700554604
26.76447412;70.47877473309708
24.74853403;77.40747811756444
28.7475392;84.81341469788185
68.18551947;129.78200609954786
37.09796539;74.74892942499311
29.29625649;96.34657460328069
32.97792168;65.21767693297389
42.52215804;102.55087407830044
27.5844285;75.28765542360892
37.67601888;101.32119785894218
49.51951783;84.64275987851579
29.37303977;75.34502000780338
39.93271752;83.78716037457475
65.58076382;141.15692857937717
28.84675716;84.80757664671498
36.9835463;76.9198138875651
34.66482346;92.7827754176572
36.83426917;103.63401746488793
46.77649605;110.33673204361673
40.41117533;93.98838212996327
11.39552854;46.18741652706287
26.9641431;52.92931906859442
24.80128858;64.65713702015202
28.34781914;88.80610414001308
67.26299066;153.1430133519061
34.53438166;82.48425354472744
28.81359031;84.27088165828184
32.59127447;74.34267550753924
40.78693099;99.74556846571704
26.6341299;69.07803753023518
36.7674536;101.2448501756534
46.01352367;76.81694476743417
28.85918498;73.05744262192152
36.40127244;76.2632792176681
64.51499952;133.4110481178282
26.15906687;95.7836604975843
36.47055088;83.93874880457548
33.92166481;77.78197364201637
40.00152803;97.40554978930913
45.55877197;94.90730503762384
38.92696403;89.74459625867169
13.93011518;79.7740397204976
27.13356608;70.31706173652177
24.76882552;64.76063331963707
27.99340277;68.58813621187514
66.46363893;98.56903578935848
32.19180842;74.38510109534408
28.36430429;82.95922435086615
32.27359121;62.04926792351063
38.96002508;87.92210419014313
25.8005255;77.48754642347922
35.99423441;101.03150380808563
42.95293939;80.03982853287096
28.39852904;72.29263114492596
33.24150721;63.89513436575427
63.42192478;123.81158358067199
19.41490343;86.39873635370097
35.93890206;77.34805581904402
33.14658884;59.13729364639047
42.81463964;73.11646189272912
44.48197455;77.62364581291504
37.53944947;59.98096066011567
33.82634554;53.843945257081536
16.24303472;60.90050665314558
27.27274307;58.23503474342066
24.65114486;42.09163619260553
27.68429009;49.65747825390974
65.78746429;105.70990915968744
30.07024566;48.50960893862909
27.94839843;70.62708385256477
32.02487189;57.74988509918961
37.04144032;85.09633597623963
25.0836153;70.90980919928907
35.35636132;97.3153716259009
40.33776498;79.64608761037877
27.99107194;58.93722969472807
30.45342183;53.59260939097717
62.3015396;73.47725469481324
8.614266842;63.59794432223784
35.38859982;73.81668256380223
45.27360399;77.49352310753437
43.54610378;68.86869621517809
36.24863164;74.2418089650375
32.27034476;64.98989955725645
27.38167406;75.73488076956048
24.44824659;62.51525178236778
27.42048111;78.69804634964274
65.23446673;123.57889068033606
28.16969338;58.347043231931586
27.56587274;69.54907308543179
31.84511651;75.50732380422988
35.03117669;89.43581738236921
24.48339931;72.3682072507581
34.85383433;91.303008193339
38.16800044;71.76236757852662
27.6368137;63.05170799977082
28.03701629;67.38150007742291
61.15384399;103.58958130325979
34.81964417;71.05599865274988
47.37842108;90.79049038670979
42.75115967;74.68208106797294
35.05451056;91.85725124138685
30.8837053;68.47002561238818
27.46035905;63.96992443232735
24.16013071;67.93176616110296
27.20197583;59.93839017852232
64.80464625;124.25542408244513
26.49015158;39.69008600322464
27.2167272;71.93092754383255
31.73432508;59.26836207263033
32.92923421;82.4528065861636
23.99987752;66.20372042609182
34.48665345;89.07294690486003
36.44364578;64.68273748899307
27.3357543;60.615632667504705
25.99229059;56.81081605466675
59.97883795;82.34469520452748
34.23203511;61.43034746058324
42.09714222;63.80639351487577
33.95708621;89.31771872018703
29.66642715;61.83332960304404
44.015923;59.226717796022065
27.50879805;73.06162483141938
23.78679723;79.39402063931806
27.02877423;93.98094112683484
64.49800286;137.9213550451152
25.03162027;62.75839861384626
26.90096182;80.00920632008001
31.69249759;72.44464708681994
30.73561287;87.38392134648598
23.63304993;68.98132128733684
34.25481866;94.02146346011199
35.16470099;60.63109804252635
27.08789375;66.922425024354
24.31924474;-34.64231673840161
58.77652148;113.41308713896382
33.62577264;67.16021432733976
28.61851032;66.98011726057382
40.73031583;91.04833899541379
31.18019107;87.06354103882393
27.52699105;89.34332411173068
23.32824614;79.30638408505297
26.90087633;31.015571014198137
64.31453655;133.56907687384444
23.79409944;63.1148997834806
26.61857661;62.95415925730739
31.71963405;66.89587943839473
28.45031267;78.20389333483635
23.38291654;63.214972743411174
34.15832998;106.66229065248854
34.33116607;24.550535783015924
26.89323205;52.08416537931918
23.01787873;-64.32120623407496
57.54689456;135.0975599727325
33.00085676;14.093481880725854
27.73995481;73.63092638592005
38.02345736;92.14459391492801
24.48262588;81.92759087385812
30.6734715;102.55404837323445
41.41673432;90.9156962112751
27.51493805;97.32087442404676
22.78447745;94.79571439400331
26.81828212;71.40817801499958
64.25424732;120.48503494691838
22.77758909;74.95046962417669
26.36957155;72.09200800569664
31.81573445;74.76573168611878
26.07333361;136.78968401180987
23.24947736;43.37859110322537
34.1971874;95.8469945952362
33.94304103;57.93040939127231
26.7517692;55.96394755775636
22.08819256;73.65003641349875
56.28995722;123.11285676751842
32.35728747;39.723122606689195
27.82586906;91.38181771809721
27.03076062;75.017929558833
35.89534758;90.23280309471977
25.46554281;81.0330899370534
30.23691626;84.59179284268173
38.39620628;104.39036897276256
27.47263906;90.01185733446886
22.15549115;86.15773877483633
26.78099161;94.64625622573948
64.31713517;104.29148237534272
21.98208923;79.611517247591
26.15394666;73.03223103604918
31.9807988;82.44362386826776
23.60467569;102.57625179133032
23.23273238;61.51634939378953
34.37139092;98.61301977629799
34.00032586;79.35895455313604
26.6635052;73.29050835321621
21.53018624;57.0737244348281
55.00570944;126.30009714740021
31.69506476;75.39439506413115
26.82737177;95.61590474398079
26.49092775;55.05090349474744
34.34598648;69.43651054920886
26.22679263;77.16395062084663
29.87052536;70.62105597149448
35.5465995;94.82663048831184
27.40009407;90.01160095364529
21.44128725;73.16372353453684
26.78900479;86.76411241015458
64.50320011;107.64864562300352
21.40759985;66.33581623707448
25.97170193;67.66771744270036
32.2148271;58.21373021455252
21.04433891;86.15268282144885
23.3326816;59.679924844285004
34.68094053;103.3453962840471
34.50302056;72.65266623992056
26.62844005;71.0753212919906
21.34385976;61.49070982884461
53.69415123;98.65932089344365
31.01418865;68.44523782670294
25.79695715;83.51522995222709
26.12045619;71.86586403803298
33.37537407;79.51888878778036
26.76637536;60.451994455703435
29.5742988;66.28680508238259
32.86791398;98.30585643538194
27.29730308;88.69385038750465
20.64186574;81.00542731468454
26.84232167;91.76505195694011
64.81244213;106.42822002151618
21.05412095;71.03518120324466
25.82283736;78.43562339428965
32.51781933;73.25272075450516
23.54932502;72.33395596394291
35.12583625;110.23485944500175
35.45112513;82.86829843024543
26.64657375;82.77539643220834
52.35528258;106.25507688773595
30.31465912;61.58861370576809
25.91934595;78.89987668184813
29.34823657;57.044877017415
30.36014974;89.9326899566186
27.16426609;81.93922942822053
19.75722662;63.63220458947435
26.94094223;85.17133061670165
65.24486124;125.4479158357804
20.92165253;68.01999402871499
25.70735295;65.93284488052797
32.88977552;88.79984914480666
23.88266265;77.10961985597979
35.70607807;114.82160507666396
36.84463958;77.72064052775409
26.71790629;79.31256830848653
50.9891035;111.86134189556742
29.59647618;88.0721640565996
41.46496643;88.11329410188858
25.88759703;79.84173149850307
29.19233868;47.11558214146244
28.02330676;92.23748710915481
27.00098311;106.33404299371611
18.7873699;81.5732124375019
27.0848665;102.12869677971898
65.80045743;127.4426834157023
21.0101946;85.0800667990427
25.6252487;75.39693877493269
33.33069564;80.49569350460725
24.33269448;70.17226896088326
36.421666;109.87205225142463
38.6835639;79.32193672052438
26.84243769;78.0671912774825
23.01495938;70.24789047191703
49.59561398;105.08238950787387
28.85963984;86.43597033980075
41.93836223;87.80357945676133
26.02520942;79.01883574706369
29.10660513;55.57638267687918
25.85738505;88.13401883640381
26.80745413;72.40889100470925
17.73229557;80.56280253118265
27.27409445;95.17490064130115
66.4792307;116.63155255682199
21.31974715;66.83316194475523
25.57652461;84.1183163966472
33.84057971;67.77197251064925
24.89942051;81.1880799672648
37.27260002;114.38097090275218
40.96789809;72.45702356762695
27.02016793;79.85702648194814
24.31535228;74.71326966370347
48.17481403;100.52159207203485
42.55268469;82.53141289270229
26.33218313;77.28785390265935
29.09103591;57.91750298025958
26.58367916;108.28777559236207
16.59200364;68.79573536271053
27.5086261;91.23434746834849
67.28118105;103.72672588810937
21.85031019;67.6161390769046
25.56118068;84.44442226056617
34.41942773;77.26298808666553
25.58284074;74.47976523327097
38.25888014;109.4610236500015
27.25109702;86.00009294553968
25.98742501;93.18471564509849
46.72670365;111.1498548277184
43.3079338;82.68430649729325
26.80851816;76.4718386929247
29.14563102;59.42249020691164
26.32965819;84.6598167825384
15.36649409;74.5304100466893
27.78846144;90.64485137611013
68.20630849;97.2387835430944
25.57921691;76.56239024119208
26.38295517;62.98198127779869
39.38050637;95.35985518370754
27.53522497;74.73767288852676
28.0311776;79.53966801102959
45.25128283;80.73502374919931
44.20410957;81.19435178267759
26.04539122;97.58857434500933
14.05576695;66.38585581146552
28.11360048;87.83915048246268
69.25461301;99.20109799130921
25.63063331;89.43880343293759
27.29976381;59.99311142855202
40.63747869;105.9014362151319
27.87255176;79.03028001745557
43.74855157;98.62986071132713
45.241212;77.22966474707263
25.73087825;98.0347412994993
12.6598222;81.73822938584678
28.48404321;92.67280978657342
70.42609461;97.96131002859846
25.71542986;80.52426232534455
28.33326665;54.475546086688176
42.02979712;105.01040146101064
28.2630774;77.27869790086021
42.21850989;102.1837364734474
39.66039807;80.35288825194274
46.41924108;40.428700698358135
31.37166862;61.133398649609866
34.39691851;80.02425116461879
20.22120276;73.5240678917485
30.53977646;4.284063753887786
36.98169092;88.82386525029449
34.37358761;81.71923438741905
33.90678721;84.23860471080849
29.98267299;-88.2478335959884
39.29249717;83.1595088514845
41.27839136;77.81929811293398
29.7003582;53.00702860782336
41.32933726;76.52864133418686
45.9355347;103.02756942110005
40.935614;75.3910431696572
21.58232056;75.00756413491123
40.44971749;91.92863859711133
25.01110271;69.46662805115892
43.24311707;82.65918053762195
38.29471656;88.51323367466784
29.6928321;55.74840275977285
43.09221119;79.20674071891835
47.54571835;88.30295882514625
33.34525555;75.09199223365053
35.44542412;88.09152550497612
21.4632399;92.01630161644752
40.20927124;89.99055797389201
22.07435212;76.46065869827567
44.56177934;92.81592783528868
46.60646101;98.22417778071323
39.423016;98.42350152252583
36.13859682;96.2439370967052
29.96009469;61.68059186363339
44.58111895;92.19291192216056
49.01320784;97.46656975431064
18.50731598;73.49916698063882
35.75335923;90.60977559410757
21.35634197;84.76090472279012
39.34617645;92.28830306423993
20.14499596;67.59797390046381
44.35625155;92.79981412784358
38.02995618;99.94933739937031
39.81930418;90.21466010494609
35.93798772;83.05250945152957
41.33504252;90.03523052365139
30.50214597;58.13723878623919
45.79606055;87.0178664739496
50.33800315;96.85690471763527
35.73150427;95.51389629151555
36.45680908;113.23463039314862
21.26162676;87.84764951269318
22.77155578;91.86794360620763
33.02274426;84.65860903405868
37.86043312;81.55575671989696
19.22303423;63.94491816194178
53.91841801;135.45141940446345
42.62653371;86.63835961852149
43.29271572;64.63137844010302
35.93888751;105.84344143980314
39.48358112;87.33899522106063
46.13499888;96.25418804158275
35.64252055;93.52775246356205
62.25546617;100.36787027629455
39.31198885;93.17361181380062
45.45210168;111.1932167053979
42.40988404;76.04649657808562
50.73963187;123.83745848682835
31.31898593;55.17719254219349
46.73703599;92.20867297335428
51.52010429;106.15949295126393
35.37985923;102.46648465842415
29.72032079;103.45560511211394
21.17909429;94.52293194471221
23.88693845;106.15988326796463
32.37954938;84.77456976551184
35.75204126;83.18530243658026
19.30846694;61.6004329793794
52.86248554;148.680942731072
39.3726258;96.39367549406097
40.32346686;66.72949741816883
40.33325502;120.22165961256863
38.41584681;90.16115261112179
45.57775171;93.89627049762854
35.2521953;88.18905120735462
54.61305894;88.46604507702065
37.28466876;91.07708780540068
42.505883;108.26802506604193
40.15449494;63.91523021689008
46.62660573;123.62187322328361
32.41061458;79.20605177704448
47.40404526;91.28570400514295
22.33975155;108.21932959424046
52.55951126;107.24234991183417
34.69842413;97.63598063529642
23.20656062;104.61788985952975
21.10874454;94.67861952653166
24.8364202;111.83979072722232
31.75744754;85.13221891614737
33.02100086;92.24786844007633
20.40129409;71.59954413939451
51.83674184;141.39145188351256
34.59452784;97.6378013486096
37.5456738;70.87318570518198
36.61610125;84.25765506401342
44.83679728;93.05769233138139
34.76701196;93.0038462313754
48.04858477;87.42841405339732
35.25308225;90.32018473094678
39.6891245;105.87415169394893
37.94932422;71.8162983574143
43.15285615;125.46453785695115
40.50121393;104.3481679266389
33.77703192;77.1379127529444
47.79708837;81.6314134509073
21.76737659;110.41973520128064
53.45622406;104.3040661256934
33.68719895;88.97301366102863
16.91552858;98.42075628771263
21.05057753;94.03707321250451
25.62000102;113.68284816722334
31.15643876;79.70281820967958
29.66731192;84.91980522264778
50.84118691;137.25746124406993
34.95933654;56.35745030947881
34.08434445;75.43606366461768
43.9121356;86.63122172883297
34.18697055;77.16145378810289
42.56204365;85.64595893332975
33.21722931;80.30965444521917
37.00182618;100.5003016567594
35.7943719;56.18484056767806
40.31838314;121.92315222915343
39.17155396;91.1744889817181
35.41823794;75.16842053276056
47.91616532;81.94656851475048
21.23184947;112.64341549658263
54.21024269;113.65832767725075
32.3461837;99.19527450855432
10.84722467;119.51352078845017
21.00459324;100.15280576273705
26.23768093;110.94693580687237
30.57652304;97.0324793307436
25.69097445;88.64560588053075
49.87582076;134.24535635842963
32.56445507;71.42881740258821
37.33423266;62.85406484428051
47.7612761;76.64345233949453
20.7331702;101.21942380843225
54.82156714;105.3519530106569
30.67537837;86.22659068998075
20.97079168;93.89456305310466
26.68945991;106.57863566278698
30.01770036;82.10826306440975
21.09198844;66.32519668046703
48.94064337;135.92262479903835
30.36102941;51.011537607845575
26.8247971;27.411215028026582
41.51169047;98.67495467518509
32.74231349;84.49527040850845
34.82276059;93.3576898219307
29.13272417;87.92622145822943
32.01561005;98.87014136021804
31.63512242;84.25043044883785
36.56726681;125.7472668048363
36.701917;95.9205538750166
47.33242072;79.87507522910036
20.27133877;109.54187662329079
55.29019743;114.3014230026701
28.67478297;97.75270467253665
20.94917286;97.89413224546357
26.97533797;110.47811024964804
29.47997074;92.32388283953455
15.87035389;91.23608964813198
48.03565476;122.46774427432652
28.34905954;59.50239502570002
22.09700655;54.045960141538664
40.03590703;98.82635963972254
31.87769784;89.32810271721232
32.57001864;92.9476143666055
27.08407197;82.10496633707544
29.71669225;104.14180886531707
29.63082527;72.96084882374166
35.6506235;113.93127719916066
35.56194;98.34595379800797
46.62959918;80.53650299404194
19.84635519;110.97490345298061
55.61613354;109.57670527226384
26.3443975;81.94117475543905
20.93973676;92.65440640546518
27.09531511;104.3110683936925
28.96333417;83.47949011446624
10.0260708;57.00282642743664
47.16085491;127.54045747495363
26.52854547;54.19214457611505
16.63720475;54.22422998017128
38.37641633;102.67372207420829
30.91822411;81.86852105688808
31.39520974;90.88784577658362
25.03115334;56.10963858601277
27.54723463;107.36412784818003
27.6767465;69.11151693535967
35.37325675;119.32005573078888
34.48519067;97.0728428369199
45.65281147;81.50271685121065
19.45821945;104.25119193596177
55.79937548;111.65442494485652
23.68422196;73.5531594436084
20.94248339;85.96632868532481
27.04939133;101.53717139666833
28.46779065;88.83936758092725
46.31624384;139.31826590774278
24.8994872;67.0467819460408
36.53321838;98.39912527717541
29.8638923;84.88699760183397
31.2983339;77.60067942829946
22.97396829;84.36300751725574
25.50723718;106.07728380579817
25.77288613;76.72826830285996
35.73516656;118.00018145540437
33.47166898;99.80313042798815
36.66174821;102.88717619445478
44.4020576;82.56034147484792
19.10693156;114.57066395114134
55.83992325;118.9709946114557
20.69425635;39.650950442037065
20.95741275;100.26405468541759
26.83756662;103.98412245157633
27.99334019;93.86974298135127
45.50182154;139.13448722305904
23.46188473;25.884729074894913
34.50631318;98.08684374328894
28.71470241;79.94219150116115
32.27939112;80.44847360516249
20.91251682;81.8778299245823
23.59669991;104.21887329758832
23.91924414;71.02524048922604
36.73635294;119.71998923834352
32.52137496;88.73583717269722
35.59850433;108.36999209071573
42.87733757;80.34837296066786
18.79249151;106.1004559210767
55.73777684;117.69564397477657
20.98452483;95.62442332800782
26.45984099;101.68076091025463
27.53998278;88.92613496399875
44.71758801;125.5568546903171
22.21573805;59.85782700220019
32.29570072;90.62024242544695
27.47065444;74.80449653325871
34.33838139;70.80552212276854
18.84679892;34.34476119411007
21.81562281;96.82767442431827
22.11582055;67.97517388245868
38.37681589;106.10878501134852
31.63430859;92.67241276489271
34.30034869;94.26931964220475
41.07865137;85.72476618196745
18.51489931;102.94530668450454
55.49293627;113.72863731241785
21.02381965;94.09099055978567
27.10771842;95.82496607320311
43.96354324;121.76628959175017
21.16104718;50.881297581765146
29.90138101;92.43306290648556
26.13174839;68.61350039158359
16.77681461;49.31080377278331
20.16400589;88.24965921514354
20.36261534;65.77925438703281
40.6565554;115.34477688180371
30.81046988;98.46847416509644
25.47170231;83.45136765236947
32.76728129;107.65981232180042
39.00599901;78.492059684298
18.27415496;102.30447665065918
55.10540152;118.67392430094705
21.0752972;87.11043265607557
25.20668698;99.4131254573235
26.69654711;95.967571046642
43.23968725;119.65538295900177
20.2978121;62.534800182711955
27.32335404;96.79992088637312
24.69798426;83.99448176818964
14.70256386;17.348222492235458
18.64184914;45.484611991069436
18.65962852;76.14969935526935
43.57557148;119.29616203072518
27.25364535;101.44825697757207
30.99930214;113.26911534525266
36.65938049;82.61908225674884
18.07025845;106.05190808981874
54.5751726;113.30035801916151
21.13895747;95.73082301562093
24.33125859;94.19885796911265
26.30646886;97.24071742404573
42.54602003;129.21237174569686
19.62603282;60.17445017798499
23.16936205;71.83382697679565
17.24915257;103.59442544242023
17.0068601;70.63565665387691
28.55001205;90.28634321608939
28.99641123;96.90287054311136
17.90320978;100.855084065824
53.90224951;117.1724751324376
21.21480048;85.02729946172016
23.28992927;93.85863221592672
25.93748366;95.52903586191266
41.88254158;125.38402635148734
19.14570934;61.1127259044351
21.54588176;45.064185598385755
15.98591618;79.13207537909116
15.40431006;67.48647528524967
29.36080242;93.38244303554069
26.75860857;86.70662071514843
17.77300896;107.6188919062684
53.08663225;104.79532047584729
21.30282621;100.14118982193742
22.08269904;95.34540362429888
25.58959151;82.3638772111498
41.2492519;126.22363148799894
18.85684166;-99.24748514985589
19.8275434;66.98247604309793
14.85213996;41.895098803095856
13.85197841;72.9113174180491
29.68601646;99.6124981672944
24.28589415;92.17344639734893
17.67965599;105.12109311309555
52.12832082;112.23435231905748
21.40303467;101.39390145342102
20.70956788;88.07377770002225
25.26279242;78.98524183391118
40.646151;120.50553055736077
18.75942978;52.428288792042046
18.01434695;81.12197476636581
13.84782392;61.58162952976132
12.34986515;81.46784993390483
29.52565418;95.95108957002984
21.57826797;106.31039205559907
17.62315086;97.25702535530965
51.02731521;111.91385288247722
21.51542587;94.65728900767996
19.1705358;86.84888997515756
24.95708637;84.2254109485176
40.07323886;118.18120224454299
18.85347369;72.31152197712419
16.10629242;70.52975350450001
12.97296805;94.04123041343067
10.89797029;86.12281620305257
28.87971556;92.16374323016578
18.63573003;96.68709522876676
17.60349357;108.38731423796943
49.78361543;109.07611536825823
21.63999979;93.17049662245617
17.4656028;83.61160597240703
24.67247338;72.95213497051532
39.53051549;122.97781793650427
19.13897341;61.4885650969862
14.10337981;71.03957053591378
12.22757236;55.39374322991895
9.496293808;72.52225999479796
27.74820061;85.34507789992765
15.45828034;103.93573744582378
48.39722149;104.70574680130005
21.77675644;87.62297022120825
15.59476888;88.36936899806469
24.40895345;68.85270257437173
39.0179809;125.3172263700043
19.61592892;46.58913184460123
12.00560913;68.96714192759308
11.61163684;50.58393740140624
8.14483572;73.8150863447544
26.13110933;82.72302840233306
12.0459189;98.47190698248542
46.86813336;111.23796717309514
21.92569582;93.43080902598413
38.53563507;124.6574403782252
9.812980362;52.484817036751984
11.1251615;-2.387299215190545
8.398645694;77.52857081180396
